{"type":"FeatureCollection","features":[{"type":"Feature","properties":{"cadnum":"1421557100:08:000:0070"},"geometry":{"type":"Polygon","coordinates":[[[37.726722,47.821183],[37.726965,47.821192],[37.726965,47.821193],[37.728361,47.821247],[37.728405,47.820635],[37.728405,47.820634],[37.728653,47.817277],[37.727015,47.817202],[37.726771,47.820519],[37.72677,47.820519],[37.726722,47.821183]]]}},{"type":"Feature","properties":{"cadnum":"1421557100:08:000:0057"},"geometry":{"type":"Polygon","coordinates":[[[37.726187,47.82466],[37.727137,47.824673],[37.727137,47.824672],[37.72811,47.824685],[37.728136,47.824323],[37.728357,47.821292],[37.727137,47.821246],[37.726439,47.821219],[37.72622,47.824207],[37.726219,47.824207],[37.726187,47.82466]]]}},{"type":"Feature","properties":{"cadnum":"1421557100:02:000:0077"},"geometry":{"type":"Polygon","coordinates":[[[37.684959,47.838129],[37.685354,47.838171],[37.685355,47.838171],[37.685458,47.837728],[37.685062,47.837686],[37.684959,47.838129]]]}},{"type":"Feature","properties":{"cadnum":"1421557100:02:000:0034"},"geometry":{"type":"Polygon","coordinates":[[[37.685355,47.838171],[37.685786,47.838217],[37.685898,47.837708],[37.685477,47.837656],[37.685355,47.838171]]]}},{"type":"Feature","properties":{"cadnum":"1421557100:02:000:0087"},"geometry":{"type":"Polygon","coordinates":[[[37.684695,47.838102],[37.684959,47.838129],[37.685062,47.837686],[37.685112,47.837463],[37.684848,47.837436],[37.684695,47.838102]]]}},{"type":"Feature","properties":{"cadnum":"1421557100:02:000:0086"},"geometry":{"type":"Polygon","coordinates":[[[37.684586,47.837409],[37.684848,47.837436],[37.684951,47.836993],[37.684685,47.836966],[37.684586,47.837409]]]}},{"type":"Feature","properties":{"cadnum":"1421557100:01:004:0115"},"geometry":{"type":"Polygon","coordinates":[[[37.687408,47.839583],[37.687995,47.83961],[37.688022,47.838958],[37.688027,47.838828],[37.687439,47.83879],[37.687427,47.839073],[37.687408,47.839583]]]}},{"type":"Feature","properties":{"cadnum":"1421557100:02:000:0074"},"geometry":{"type":"Polygon","coordinates":[[[37.686685,47.839522],[37.687282,47.839583],[37.687381,47.838958],[37.687408,47.83879],[37.686819,47.838714],[37.686778,47.838958],[37.686777,47.838958],[37.686685,47.839522]]]}},{"type":"Feature","properties":{"cadnum":"1421557100:02:000:0084"},"geometry":{"type":"Polygon","coordinates":[[[37.687255,47.838054],[37.687811,47.838114],[37.687892,47.837203],[37.687331,47.83714],[37.687255,47.838054]]]}},{"type":"Feature","properties":{"cadnum":"1421557100:02:000:0088"},"geometry":{"type":"Polygon","coordinates":[[[37.684848,47.837436],[37.685112,47.837463],[37.685215,47.83702],[37.684951,47.836993],[37.684848,47.837436]]]}},{"type":"Feature","properties":{"cadnum":"1421557100:07:000:0035"},"geometry":{"type":"Polygon","coordinates":[[[37.681416,47.8362],[37.68302,47.836357],[37.68302,47.836358],[37.683136,47.836369],[37.683191,47.836382],[37.685821,47.837017],[37.688364,47.837207],[37.688457,47.835386],[37.688458,47.835386],[37.688467,47.835214],[37.688064,47.835205],[37.683374,47.835136],[37.68316,47.835132],[37.682485,47.83512],[37.682335,47.835271],[37.682334,47.835271],[37.682228,47.835378],[37.68222,47.835386],[37.681416,47.8362]]]}},{"type":"Feature","properties":{"cadnum":"1421557100:02:000:0098"},"geometry":{"type":"Polygon","coordinates":[[[37.682785,47.838425],[37.68302,47.838433],[37.68315,47.838437],[37.683171,47.83799],[37.682813,47.837882],[37.682804,47.838117],[37.682785,47.838425]]]}},{"type":"Feature","properties":{"cadnum":"1421557100:02:000:0091"},"geometry":{"type":"Polygon","coordinates":[[[37.685062,47.837686],[37.685458,47.837728],[37.685477,47.837656],[37.685898,47.837708],[37.686051,47.837053],[37.685224,47.836984],[37.685062,47.837686]]]}},{"type":"Feature","properties":{"cadnum":"1421557100:02:000:0090"},"geometry":{"type":"Polygon","coordinates":[[[37.684322,47.837382],[37.684586,47.837409],[37.684685,47.836966],[37.684421,47.836935],[37.684322,47.837382]]]}},{"type":"Feature","properties":{"cadnum":"1421557100:02:000:0085"},"geometry":{"type":"Polygon","coordinates":[[[37.684435,47.838075],[37.684695,47.838102],[37.684848,47.837436],[37.684586,47.837409],[37.684435,47.838075]]]}},{"type":"Feature","properties":{"cadnum":"1421557100:02:000:0102"},"geometry":{"type":"Polygon","coordinates":[[[37.683616,47.838452],[37.684469,47.838479],[37.684496,47.838389],[37.683634,47.838129],[37.683616,47.838452]]]}},{"type":"Feature","properties":{"cadnum":"1421557100:02:000:0114"},"geometry":{"type":"Polygon","coordinates":[[[37.687439,47.83879],[37.688027,47.838828],[37.688041,47.838524],[37.687452,47.838485],[37.687439,47.83879]]]}},{"type":"Feature","properties":{"cadnum":"1421557100:02:000:0030"},"geometry":{"type":"Polygon","coordinates":[[[37.685786,47.838217],[37.686186,47.838262],[37.686303,47.837759],[37.685898,47.837708],[37.685786,47.838217]]]}},{"type":"Feature","properties":{"cadnum":"1421557100:02:000:0103"},"geometry":{"type":"Polygon","coordinates":[[[37.68315,47.838437],[37.683616,47.838452],[37.683634,47.838129],[37.683171,47.83799],[37.68315,47.838437]]]}},{"type":"Feature","properties":{"cadnum":"1421557100:02:000:0089"},"geometry":{"type":"Polygon","coordinates":[[[37.684169,47.838048],[37.684435,47.838075],[37.684586,47.837409],[37.684322,47.837382],[37.684169,47.838048]]]}},{"type":"Feature","properties":{"cadnum":"1421557100:02:000:0073"},"geometry":{"type":"Polygon","coordinates":[[[37.686819,47.838714],[37.687408,47.83879],[37.687457,47.838488],[37.686869,47.838416],[37.686819,47.838714]]]}},{"type":"Feature","properties":{"cadnum":"1421557100:02:000:0083"},"geometry":{"type":"Polygon","coordinates":[[[37.687228,47.838374],[37.687785,47.838437],[37.687811,47.838114],[37.687255,47.838054],[37.687228,47.838374]]]}},{"type":"Feature","properties":{"cadnum":"1421557100:02:000:0119"},"geometry":{"type":"Polygon","coordinates":[[[37.686186,47.838262],[37.686752,47.838319],[37.686823,47.838006],[37.686262,47.837949],[37.686186,47.838262]]]}},{"type":"Feature","properties":{"cadnum":"1421557100:07:000:0034"},"geometry":{"type":"Polygon","coordinates":[[[37.688364,47.837207],[37.688513,47.837218],[37.688513,47.837219],[37.688682,47.837231],[37.688684,47.837231],[37.692586,47.837518],[37.692702,47.835274],[37.688595,47.835213],[37.688467,47.835211],[37.688464,47.835271],[37.688463,47.835271],[37.688364,47.837207]]]}},{"type":"Feature","properties":{"cadnum":"1421557100:06:000:0031"},"geometry":{"type":"Polygon","coordinates":[[[37.627629,47.841098],[37.628088,47.841133],[37.628088,47.841134],[37.628999,47.841201],[37.629075,47.840792],[37.628995,47.840816],[37.62868,47.840617],[37.628679,47.840617],[37.628887,47.840327],[37.629161,47.84036],[37.629433,47.838958],[37.630126,47.835386],[37.630198,47.835021],[37.629524,47.834975],[37.628828,47.83493],[37.628738,47.835386],[37.628739,47.835386],[37.628207,47.838124],[37.628022,47.839073],[37.628023,47.839073],[37.627629,47.841098]]]}},{"type":"Feature","properties":{"cadnum":"1421557100:06:000:0028"},"geometry":{"type":"Polygon","coordinates":[[[37.623582,47.840794],[37.62493,47.840897],[37.625284,47.839073],[37.625285,47.839073],[37.626003,47.835386],[37.626004,47.835386],[37.626129,47.834747],[37.625024,47.834671],[37.624777,47.834653],[37.624633,47.835386],[37.624634,47.835386],[37.623916,47.839073],[37.623582,47.840794]]]}},{"type":"Feature","properties":{"cadnum":"1421557100:06:000:0027"},"geometry":{"type":"Polygon","coordinates":[[[37.62223,47.840695],[37.622595,47.840722],[37.622677,47.840728],[37.622766,47.840735],[37.622767,47.840735],[37.623582,47.840794],[37.623939,47.838958],[37.623938,47.838958],[37.624656,47.835271],[37.624777,47.834653],[37.623425,47.834562],[37.623264,47.835386],[37.622763,47.837961],[37.622545,47.839073],[37.622546,47.839073],[37.62223,47.840695]]]}},{"type":"Feature","properties":{"cadnum":"1421557100:06:000:0026"},"geometry":{"type":"Polygon","coordinates":[[[37.620869,47.840593],[37.62223,47.840695],[37.622568,47.838958],[37.622595,47.838821],[37.622595,47.838824],[37.622763,47.837961],[37.622766,47.837943],[37.622766,47.837942],[37.623287,47.835271],[37.623425,47.834562],[37.623421,47.834562],[37.622701,47.834514],[37.622064,47.834469],[37.621884,47.835386],[37.621188,47.838958],[37.621187,47.838958],[37.620869,47.840593]]]}},{"type":"Feature","properties":{"cadnum":"1421557100:06:000:0029"},"geometry":{"type":"Polygon","coordinates":[[[37.62493,47.840897],[37.626282,47.840999],[37.626678,47.838958],[37.627396,47.835271],[37.62748,47.834837],[37.626565,47.834776],[37.626129,47.834747],[37.626026,47.835271],[37.626025,47.835271],[37.625308,47.838958],[37.625307,47.838958],[37.62493,47.840897]]]}},{"type":"Feature","properties":{"cadnum":"1421557100:06:000:0305"},"geometry":{"type":"Polygon","coordinates":[[[37.626282,47.840999],[37.627629,47.841098],[37.628045,47.838958],[37.628088,47.838737],[37.628088,47.838739],[37.628207,47.838124],[37.62826,47.837856],[37.62826,47.837855],[37.628761,47.835271],[37.628828,47.83493],[37.628256,47.834891],[37.628046,47.834876],[37.62748,47.834837],[37.627373,47.835386],[37.627374,47.835386],[37.626656,47.839073],[37.626282,47.840999]]]}},{"type":"Feature","properties":{"cadnum":"1421557100:06:000:0123"},"geometry":{"type":"Polygon","coordinates":[[[37.638237,47.815929],[37.638445,47.816493],[37.638516,47.81668],[37.638579,47.81683],[37.638579,47.816831],[37.638578,47.816831],[37.638736,47.817211],[37.639074,47.817199],[37.644739,47.816995],[37.645268,47.816976],[37.645249,47.816946],[37.644739,47.816137],[37.644739,47.816136],[37.644468,47.815706],[37.639271,47.815893],[37.639246,47.815894],[37.639002,47.815902],[37.638237,47.815929]],[[37.63866,47.816327],[37.63866,47.816325],[37.63866,47.816324],[37.638673,47.816327],[37.63875,47.816327],[37.63875,47.816408],[37.638629,47.816406],[37.638629,47.816405],[37.638629,47.816327],[37.63866,47.816327]]]}},{"type":"Feature","properties":{"cadnum":"1421557100:06:000:0122"},"geometry":{"type":"Polygon","coordinates":[[[37.638736,47.817211],[37.639074,47.818029],[37.639195,47.818321],[37.639246,47.818444],[37.639249,47.818451],[37.644567,47.81826],[37.64587,47.818212],[37.645375,47.817148],[37.645268,47.816976],[37.644567,47.817001],[37.644567,47.817002],[37.639246,47.817193],[37.638736,47.817211]]]}},{"type":"Feature","properties":{"cadnum":"1421557100:06:000:0120"},"geometry":{"type":"Polygon","coordinates":[[[37.639765,47.819696],[37.640105,47.820519],[37.640104,47.820519],[37.6403,47.82099],[37.644567,47.820836],[37.64648,47.820767],[37.646429,47.820519],[37.646428,47.820519],[37.646216,47.819464],[37.644567,47.819523],[37.644567,47.819524],[37.639765,47.819696]]]}},{"type":"Feature","properties":{"cadnum":"1421557100:06:000:0121"},"geometry":{"type":"Polygon","coordinates":[[[37.639249,47.818451],[37.639765,47.819696],[37.644567,47.819524],[37.645986,47.819473],[37.646216,47.819464],[37.646031,47.818562],[37.64587,47.818212],[37.64569,47.818218],[37.644567,47.818259],[37.644567,47.81826],[37.639249,47.818451]],[[37.645793,47.818294],[37.645864,47.818272],[37.6459,47.818321],[37.645824,47.818345],[37.645793,47.818294]]]}},{"type":"Feature","properties":{"cadnum":"1421557100:07:000:0044"},"geometry":{"type":"Polygon","coordinates":[[[37.697796,47.829144],[37.699671,47.8293],[37.700119,47.829337],[37.700383,47.829359],[37.700383,47.829358],[37.700462,47.828011],[37.700599,47.825691],[37.700612,47.82551],[37.699671,47.825519],[37.698008,47.825535],[37.697998,47.825713],[37.697869,47.827895],[37.697868,47.827895],[37.697862,47.827996],[37.697862,47.828011],[37.697796,47.829144]],[[37.700522,47.825607],[37.700501,47.825607],[37.700501,47.825592],[37.700522,47.825592],[37.700522,47.825607]],[[37.700339,47.826976],[37.700303,47.826976],[37.700302,47.826976],[37.700302,47.826949],[37.700303,47.826949],[37.700339,47.826949],[37.700339,47.826976]],[[37.700308,47.827642],[37.700285,47.827642],[37.700285,47.827627],[37.700308,47.827627],[37.700308,47.827642]],[[37.700289,47.828146],[37.700266,47.828146],[37.700266,47.828131],[37.700289,47.828131],[37.700289,47.828146]],[[37.700272,47.82865],[37.700249,47.82865],[37.700249,47.828635],[37.700272,47.828635],[37.700272,47.82865]],[[37.699845,47.82561],[37.699822,47.82561],[37.699822,47.825595],[37.699845,47.825595],[37.699845,47.82561]],[[37.699163,47.825613],[37.699162,47.825613],[37.69914,47.825613],[37.69914,47.825598],[37.699162,47.825598],[37.699163,47.825598],[37.699163,47.825613]],[[37.698457,47.825601],[37.698478,47.825604],[37.698479,47.825604],[37.698479,47.825619],[37.698478,47.825619],[37.698457,47.825616],[37.698457,47.825601]]]}},{"type":"Feature","properties":{"cadnum":"1421557100:03:000:0079"},"geometry":{"type":"Polygon","coordinates":[[[37.701758,47.828623],[37.701803,47.829072],[37.702203,47.829054],[37.702157,47.828604],[37.701758,47.828623]]]}},{"type":"Feature","properties":{"cadnum":"1421557100:03:000:0075"},"geometry":{"type":"Polygon","coordinates":[[[37.702383,47.828197],[37.702629,47.828206],[37.702649,47.827906],[37.702679,47.827477],[37.702432,47.827468],[37.702395,47.828011],[37.702383,47.828197]]]}},{"type":"Feature","properties":{"cadnum":"1421557100:03:000:0089"},"geometry":{"type":"Polygon","coordinates":[[[37.702333,47.828912],[37.703375,47.828921],[37.703421,47.82823],[37.702952,47.828215],[37.70293,47.828529],[37.70236,47.828511],[37.702333,47.828912]]]}},{"type":"Feature","properties":{"cadnum":"1421557100:03:000:0057"},"geometry":{"type":"Polygon","coordinates":[[[37.702027,47.830432],[37.702826,47.830438],[37.702832,47.830212],[37.702032,47.830206],[37.702027,47.830432]]]}},{"type":"Feature","properties":{"cadnum":"1421557100:03:000:0074"},"geometry":{"type":"Polygon","coordinates":[[[37.702916,47.829636],[37.703585,47.829645],[37.703595,47.829377],[37.70293,47.829368],[37.702916,47.829636]]]}},{"type":"Feature","properties":{"cadnum":"1421557100:03:000:0076"},"geometry":{"type":"Polygon","coordinates":[[[37.702629,47.828206],[37.702876,47.828212],[37.702897,47.827895],[37.702926,47.827483],[37.702679,47.827477],[37.702649,47.827895],[37.702649,47.827906],[37.702641,47.828011],[37.702642,47.828011],[37.702629,47.828206]]]}},{"type":"Feature","properties":{"cadnum":"1421557100:08:000:0008"},"geometry":{"type":"Polygon","coordinates":[[[37.701039,47.833793],[37.703811,47.833818],[37.704373,47.831583],[37.704372,47.831583],[37.704786,47.829946],[37.703411,47.829931],[37.703379,47.831698],[37.70338,47.831698],[37.70338,47.831699],[37.703375,47.832003],[37.702073,47.831994],[37.701039,47.833793]]]}},{"type":"Feature","properties":{"cadnum":"1421557100:03:000:0091"},"geometry":{"type":"Polygon","coordinates":[[[37.702073,47.831994],[37.703375,47.832003],[37.703379,47.831699],[37.703379,47.831698],[37.703384,47.831343],[37.702786,47.831337],[37.702776,47.831583],[37.702775,47.831583],[37.702773,47.831662],[37.70222,47.831656],[37.702219,47.831698],[37.702219,47.831699],[37.702216,47.831824],[37.702216,47.831825],[37.702073,47.831994]]]}},{"type":"Feature","properties":{"cadnum":"1421557100:03:000:0056"},"geometry":{"type":"Polygon","coordinates":[[[37.702826,47.830661],[37.703357,47.830667],[37.703362,47.830441],[37.702826,47.830438],[37.702826,47.830661]]]}},{"type":"Feature","properties":{"cadnum":"1421557100:08:000:0001"},"geometry":{"type":"Polygon","coordinates":[[[37.704857,47.829687],[37.705164,47.829685],[37.706362,47.829675],[37.706488,47.828113],[37.705164,47.82814],[37.704893,47.828146],[37.704857,47.829687]]]}},{"type":"Feature","properties":{"cadnum":"1421557100:08:000:0007"},"geometry":{"type":"Polygon","coordinates":[[[37.703811,47.833818],[37.705164,47.833828],[37.705482,47.83383],[37.705558,47.833848],[37.706105,47.831671],[37.706595,47.829967],[37.705164,47.829951],[37.704786,47.829946],[37.704343,47.831698],[37.704344,47.831698],[37.704344,47.831699],[37.703811,47.833818]]]}},{"type":"Feature","properties":{"cadnum":"1421557100:03:000:0058"},"geometry":{"type":"Polygon","coordinates":[[[37.702826,47.830438],[37.703362,47.830441],[37.703366,47.830217],[37.702832,47.830212],[37.702826,47.830438]]]}},{"type":"Feature","properties":{"cadnum":"1421557100:03:000:0073"},"geometry":{"type":"Polygon","coordinates":[[[37.702252,47.82963],[37.702916,47.829636],[37.70293,47.829368],[37.70226,47.829359],[37.702252,47.829629],[37.702252,47.82963]]]}},{"type":"Feature","properties":{"cadnum":"1421557100:07:000:0042"},"geometry":{"type":"Polygon","coordinates":[[[37.692482,47.832606],[37.694178,47.832619],[37.699499,47.832659],[37.701398,47.832673],[37.701813,47.831994],[37.701916,47.831755],[37.701922,47.831699],[37.701922,47.831698],[37.701923,47.831698],[37.701956,47.83143],[37.699499,47.831412],[37.699499,47.831413],[37.694178,47.831373],[37.692645,47.831361],[37.692616,47.831583],[37.692615,47.831583],[37.692482,47.832606]]]}},{"type":"Feature","properties":{"cadnum":"1421557100:03:000:0117"},"geometry":{"type":"Polygon","coordinates":[[[37.702243,47.829768],[37.703398,47.829783],[37.703528,47.829768],[37.703532,47.829645],[37.702916,47.829636],[37.702252,47.82963],[37.702243,47.829768]]]}},{"type":"Feature","properties":{"cadnum":"1421557100:07:000:0043"},"geometry":{"type":"Polygon","coordinates":[[[37.692645,47.831361],[37.694006,47.831371],[37.694006,47.831372],[37.699671,47.831414],[37.699671,47.831413],[37.701956,47.83143],[37.702023,47.830923],[37.700069,47.830814],[37.700163,47.829729],[37.699671,47.829726],[37.69697,47.829705],[37.695631,47.830063],[37.694738,47.830233],[37.6941,47.8303],[37.693354,47.830378],[37.692779,47.83032],[37.692645,47.831361]]]}},{"type":"Feature","properties":{"cadnum":"1421557100:03:000:0090"},"geometry":{"type":"Polygon","coordinates":[[[37.70222,47.831656],[37.702773,47.831662],[37.702786,47.831337],[37.702226,47.831333],[37.702221,47.831583],[37.70222,47.831583],[37.70222,47.831656]]]}},{"type":"Feature","properties":{"cadnum":"1421557100:03:000:0055"},"geometry":{"type":"Polygon","coordinates":[[[37.702023,47.830655],[37.702826,47.830661],[37.702826,47.830438],[37.702027,47.830432],[37.702023,47.830655]]]}},{"type":"Feature","properties":{"cadnum":"1421557100:03:000:0080"},"geometry":{"type":"Polygon","coordinates":[[[37.700828,47.828664],[37.700874,47.829114],[37.701803,47.829072],[37.701758,47.828623],[37.700828,47.828664]]]}},{"type":"Feature","properties":{"cadnum":"1421557100:03:000:0088"},"geometry":{"type":"Polygon","coordinates":[[[37.70236,47.828511],[37.70293,47.828529],[37.702952,47.828215],[37.702876,47.828212],[37.702629,47.828206],[37.702383,47.828197],[37.70236,47.828511]]]}},{"type":"Feature","properties":{"cadnum":"1421557100:07:000:0087"},"geometry":{"type":"Polygon","coordinates":[[[37.715946,47.815779],[37.715979,47.815779],[37.715979,47.81578],[37.716665,47.815784],[37.71684,47.813142],[37.716839,47.813142],[37.717029,47.81028],[37.716239,47.810273],[37.716079,47.813257],[37.71608,47.813257],[37.715946,47.815779]]]}},{"type":"Feature","properties":{"cadnum":"1421557100:07:000:0107"},"geometry":{"type":"Polygon","coordinates":[[[37.716665,47.815784],[37.717461,47.815793],[37.717599,47.813142],[37.717598,47.813142],[37.717748,47.810286],[37.717029,47.81028],[37.716832,47.813257],[37.716665,47.815784]]]}},{"type":"Feature","properties":{"cadnum":"1421557100:07:000:0086"},"geometry":{"type":"Polygon","coordinates":[[[37.714352,47.815766],[37.715946,47.815779],[37.715978,47.815174],[37.715978,47.815173],[37.715979,47.815173],[37.715979,47.815174],[37.716086,47.813142],[37.716085,47.813142],[37.71615,47.81194],[37.71615,47.811928],[37.716239,47.810273],[37.715979,47.810271],[37.715979,47.810272],[37.71464,47.810259],[37.714482,47.813257],[37.714483,47.813257],[37.714352,47.815766]]]}},{"type":"Feature","properties":{"cadnum":"1421557100:07:000:0091"},"geometry":{"type":"Polygon","coordinates":[[[37.718952,47.815806],[37.719441,47.815808],[37.719697,47.815404],[37.719698,47.815404],[37.720672,47.814449],[37.720734,47.813257],[37.720887,47.810309],[37.719239,47.810298],[37.719091,47.813142],[37.71909,47.813142],[37.718952,47.815806]]]}},{"type":"Feature","properties":{"cadnum":"1421557100:07:000:0090"},"geometry":{"type":"Polygon","coordinates":[[[37.717461,47.815793],[37.718952,47.815806],[37.719084,47.813257],[37.719085,47.813257],[37.719239,47.810298],[37.717748,47.810286],[37.717592,47.813257],[37.717593,47.813257],[37.717461,47.815793]]]}},{"type":"Feature","properties":{"cadnum":"1421557100:07:000:0088"},"geometry":{"type":"Polygon","coordinates":[[[37.720672,47.814449],[37.721643,47.813496],[37.721643,47.813495],[37.722003,47.813142],[37.723883,47.811296],[37.724059,47.811124],[37.724867,47.810334],[37.724661,47.810343],[37.723483,47.810334],[37.723187,47.810331],[37.721644,47.810317],[37.721643,47.810317],[37.721643,47.810316],[37.720887,47.810309],[37.72074,47.813142],[37.720672,47.814449]],[[37.723673,47.810774],[37.723672,47.810774],[37.723619,47.810774],[37.723619,47.810741],[37.723672,47.810741],[37.723673,47.810741],[37.723673,47.810774]]]}},{"type":"Feature","properties":{"cadnum":"1421557100:01:001:0182"},"geometry":{"type":"Polygon","coordinates":[[[37.657472,47.84701],[37.657848,47.847037],[37.657925,47.846564],[37.657543,47.84654],[37.657472,47.84701]]]}},{"type":"Feature","properties":{"cadnum":"1421557100:01:001:0194"},"geometry":{"type":"Polygon","coordinates":[[[37.655957,47.846902],[37.656334,47.846929],[37.656411,47.846459],[37.656029,47.846432],[37.655957,47.846902]]]}},{"type":"Feature","properties":{"cadnum":"1421557100:01:001:0191"},"geometry":{"type":"Polygon","coordinates":[[[37.656713,47.846956],[37.657093,47.846983],[37.657166,47.846513],[37.656789,47.846486],[37.656713,47.846956]]]}},{"type":"Feature","properties":{"cadnum":"1421557100:01:001:0196"},"geometry":{"type":"Polygon","coordinates":[[[37.656334,47.846929],[37.656713,47.846956],[37.656789,47.846486],[37.656411,47.846459],[37.656334,47.846929]]]}},{"type":"Feature","properties":{"cadnum":"1421557100:01:001:0169"},"geometry":{"type":"Polygon","coordinates":[[[37.656361,47.846447],[37.656362,47.846447],[37.656361,47.846453],[37.656726,47.846477],[37.65675,47.846332],[37.65681,47.845985],[37.656447,47.845962],[37.656382,47.846332],[37.656381,47.846332],[37.656377,47.846355],[37.656361,47.846447]]]}},{"type":"Feature","properties":{"cadnum":"1421557100:01:001:0183"},"geometry":{"type":"Polygon","coordinates":[[[37.657093,47.846983],[37.657472,47.84701],[37.657543,47.84654],[37.657166,47.846513],[37.657093,47.846983]]]}},{"type":"Feature","properties":{"cadnum":"1421557100:01:001:0146"},"geometry":{"type":"Polygon","coordinates":[[[37.656726,47.846477],[37.657085,47.846504],[37.657115,47.846332],[37.65717,47.846013],[37.65681,47.845985],[37.65673,47.846447],[37.656731,47.846447],[37.656726,47.846477]]]}},{"type":"Feature","properties":{"cadnum":"1421557100:01:001:0147"},"geometry":{"type":"Polygon","coordinates":[[[37.657085,47.846504],[37.657449,47.846528],[37.657482,47.846332],[37.657533,47.846036],[37.65717,47.846013],[37.657095,47.846447],[37.657085,47.846504]]]}},{"type":"Feature","properties":{"cadnum":"1421557100:01:001:0243"},"geometry":{"type":"Polygon","coordinates":[[[37.658176,47.846583],[37.658464,47.846603],[37.658486,47.846447],[37.658487,47.846447],[37.658535,47.846121],[37.658275,47.846103],[37.658227,47.846332],[37.658223,47.846348],[37.658202,47.846447],[37.658203,47.846447],[37.658176,47.846583]]]}},{"type":"Feature","properties":{"cadnum":"1421557100:08:000:0046"},"geometry":{"type":"Polygon","coordinates":[[[37.721948,47.842432],[37.723542,47.842465],[37.723683,47.838958],[37.723695,47.83866],[37.722101,47.838629],[37.722082,47.839073],[37.722083,47.839073],[37.721948,47.842432]]]}},{"type":"Feature","properties":{"cadnum":"1421557100:08:000:0047"},"geometry":{"type":"Polygon","coordinates":[[[37.723542,47.842465],[37.725145,47.842495],[37.725281,47.839073],[37.725282,47.839073],[37.725298,47.838687],[37.723695,47.83866],[37.723678,47.839073],[37.723679,47.839073],[37.723542,47.842465]]]}},{"type":"Feature","properties":{"cadnum":"1421557100:08:000:0040"},"geometry":{"type":"Polygon","coordinates":[[[37.720681,47.84254],[37.720682,47.842645],[37.720699,47.843562],[37.720713,47.844566],[37.721472,47.844575],[37.726893,47.844632],[37.726893,47.843628],[37.726889,47.843285],[37.726925,47.842767],[37.726925,47.842766],[37.726965,47.842765],[37.726965,47.842766],[37.727101,47.84276],[37.727137,47.842758],[37.727592,47.842739],[37.727594,47.842739],[37.727596,47.842703],[37.727598,47.842667],[37.72616,47.842667],[37.725166,47.842645],[37.725156,47.842645],[37.721472,47.842566],[37.721391,47.842564],[37.721153,47.842561],[37.721032,47.842567],[37.720681,47.84254]]]}},{"type":"Feature","properties":{"cadnum":"1421557100:08:000:0459"},"geometry":{"type":"Polygon","coordinates":[[[37.725145,47.842495],[37.725837,47.84251],[37.725929,47.839073],[37.72593,47.839073],[37.72594,47.838699],[37.725298,47.838687],[37.725287,47.838958],[37.725286,47.838958],[37.725145,47.842495]]]}},{"type":"Feature","properties":{"cadnum":"1421557100:08:000:0079"},"geometry":{"type":"Polygon","coordinates":[[[37.721116,47.842416],[37.721175,47.842416],[37.721472,47.842423],[37.721486,47.842423],[37.721643,47.842426],[37.721644,47.842426],[37.721948,47.842432],[37.722087,47.838958],[37.722101,47.838629],[37.721643,47.838622],[37.721409,47.838618],[37.721323,47.838618],[37.72135,47.838756],[37.721328,47.839073],[37.721329,47.839073],[37.721116,47.842416]],[[37.721436,47.838783],[37.721435,47.838783],[37.721373,47.838783],[37.721373,47.838741],[37.721435,47.838741],[37.721436,47.838741],[37.721436,47.838783]],[[37.721405,47.839061],[37.721405,47.839076],[37.721382,47.839076],[37.721382,47.839061],[37.721405,47.839061]],[[37.721382,47.839486],[37.721359,47.839486],[37.721359,47.839471],[37.721382,47.839471],[37.721382,47.839486]],[[37.721336,47.839878],[37.721359,47.839881],[37.721359,47.839896],[37.721336,47.839893],[37.721336,47.839878]],[[37.721332,47.840303],[37.72131,47.840303],[37.72131,47.840288],[37.72131,47.840287],[37.721332,47.840287],[37.721332,47.840288],[37.721332,47.840303]],[[37.72131,47.840713],[37.721309,47.840713],[37.721287,47.840713],[37.721287,47.840698],[37.721309,47.840698],[37.72131,47.840698],[37.72131,47.840713]],[[37.721287,47.84112],[37.721265,47.84112],[37.721265,47.841105],[37.721287,47.841105],[37.721287,47.84112]],[[37.721265,47.84153],[37.721243,47.84153],[37.721242,47.84153],[37.721242,47.841515],[37.721243,47.841515],[37.721265,47.841515],[37.721265,47.84153]],[[37.721242,47.84194],[37.72122,47.84194],[37.72122,47.841925],[37.721242,47.841925],[37.721242,47.84194]],[[37.721242,47.842362],[37.72118,47.842362],[37.721179,47.842362],[37.721179,47.842316],[37.72118,47.842316],[37.721242,47.842316],[37.721242,47.842362]]]}},{"type":"Feature","properties":{"cadnum":"1421557100:06:000:0280"},"geometry":{"type":"Polygon","coordinates":[[[37.68084,47.856686],[37.681725,47.856848],[37.682578,47.857005],[37.68302,47.857087],[37.683572,47.857189],[37.684366,47.854952],[37.684079,47.854835],[37.684473,47.853704],[37.685058,47.852029],[37.684492,47.851728],[37.684366,47.851659],[37.683596,47.853819],[37.683597,47.853819],[37.683597,47.85382],[37.683343,47.854534],[37.683066,47.854421],[37.682664,47.854257],[37.682633,47.854242],[37.682633,47.854241],[37.682825,47.853704],[37.683019,47.853162],[37.68302,47.853162],[37.68302,47.853163],[37.683188,47.852694],[37.683191,47.852684],[37.683689,47.851293],[37.683191,47.85103],[37.683014,47.850935],[37.682412,47.850609],[37.681227,47.853666],[37.68132,47.853704],[37.68142,47.853745],[37.681601,47.853819],[37.681945,47.853961],[37.68084,47.856686]]]}},{"type":"Feature","properties":{"cadnum":"1421557100:06:000:0174"},"geometry":{"type":"Polygon","coordinates":[[[37.67798,47.856158],[37.679605,47.856456],[37.680561,47.85382],[37.680561,47.853819],[37.681712,47.850649],[37.679645,47.851565],[37.67887,47.853704],[37.678858,47.85374],[37.678829,47.853819],[37.678829,47.85382],[37.678748,47.854045],[37.678033,47.856013],[37.67798,47.856158]]]}},{"type":"Feature","properties":{"cadnum":"1421557100:06:000:0177"},"geometry":{"type":"Polygon","coordinates":[[[37.682578,47.857005],[37.68302,47.857087],[37.684276,47.857318],[37.685546,47.85382],[37.685546,47.853819],[37.68601,47.852542],[37.684492,47.851728],[37.683775,47.853704],[37.683065,47.855665],[37.682578,47.857005]]]}},{"type":"Feature","properties":{"cadnum":"1421557100:06:000:0176"},"geometry":{"type":"Polygon","coordinates":[[[37.681052,47.856724],[37.682578,47.857005],[37.68302,47.855789],[37.683065,47.855665],[37.683191,47.855316],[37.683191,47.855315],[37.683733,47.85382],[37.683733,47.853819],[37.684492,47.851728],[37.683131,47.850995],[37.682105,47.853819],[37.682106,47.853819],[37.682106,47.85382],[37.681052,47.856724]]]}},{"type":"Feature","properties":{"cadnum":"1421557100:06:000:0288"},"geometry":{"type":"Polygon","coordinates":[[[37.67863,47.856279],[37.679291,47.856399],[37.68038,47.853802],[37.680553,47.853388],[37.681227,47.853666],[37.682412,47.850609],[37.682139,47.850462],[37.681793,47.850278],[37.681522,47.850133],[37.68115,47.849934],[37.681118,47.850018],[37.681112,47.850035],[37.681074,47.850133],[37.679924,47.853132],[37.679848,47.853099],[37.679572,47.853819],[37.679572,47.85382],[37.67863,47.856279]]]}},{"type":"Feature","properties":{"cadnum":"1421557100:06:000:0175"},"geometry":{"type":"Polygon","coordinates":[[[37.679605,47.856456],[37.681052,47.856724],[37.682148,47.853704],[37.682147,47.853704],[37.683019,47.851302],[37.68302,47.851302],[37.683131,47.850995],[37.682139,47.850462],[37.681712,47.850649],[37.680603,47.853704],[37.679605,47.856456]]]}},{"type":"Feature","properties":{"cadnum":"1421557100:06:000:0205"},"geometry":{"type":"Polygon","coordinates":[[[37.679291,47.856399],[37.679605,47.856456],[37.68005,47.856541],[37.681163,47.85382],[37.681163,47.853819],[37.681164,47.853819],[37.681227,47.853666],[37.680553,47.853388],[37.680421,47.853704],[37.68038,47.853802],[37.680372,47.853819],[37.680372,47.85382],[37.679291,47.856399]]]}},{"type":"Feature","properties":{"cadnum":"1421557100:06:000:0281"},"geometry":{"type":"Polygon","coordinates":[[[37.676623,47.851302],[37.677324,47.851351],[37.677526,47.851366],[37.678051,47.851405],[37.678928,47.851469],[37.679727,47.851529],[37.679645,47.851565],[37.679188,47.852828],[37.678827,47.853819],[37.678828,47.853819],[37.678828,47.85382],[37.678033,47.856013],[37.67798,47.856158],[37.67863,47.856279],[37.679616,47.853704],[37.679848,47.853099],[37.679924,47.853132],[37.681112,47.850035],[37.68115,47.849934],[37.68076,47.849723],[37.679578,47.849087],[37.678748,47.848644],[37.67798,47.848228],[37.677568,47.848008],[37.677315,47.847872],[37.676857,47.850133],[37.676858,47.850133],[37.676623,47.851302]]]}},{"type":"Feature","properties":{"cadnum":"1421557100:06:000:0285"},"geometry":{"type":"Polygon","coordinates":[[[37.673559,47.850543],[37.676651,47.853704],[37.676665,47.853719],[37.676763,47.853819],[37.676764,47.853819],[37.676764,47.85382],[37.677144,47.854208],[37.677526,47.854039],[37.677594,47.854009],[37.677698,47.853963],[37.678047,47.853807],[37.677946,47.853704],[37.677698,47.853452],[37.677698,47.853451],[37.674458,47.850145],[37.674014,47.850344],[37.673559,47.850543]]]}},{"type":"Feature","properties":{"cadnum":"1421557100:06:000:0163"},"geometry":{"type":"Polygon","coordinates":[[[37.673919,47.85035],[37.677347,47.853819],[37.677348,47.853819],[37.677348,47.85382],[37.677526,47.854],[37.677607,47.854081],[37.677698,47.854041],[37.678314,47.853766],[37.678703,47.853594],[37.679458,47.851514],[37.677526,47.851374],[37.676623,47.851309],[37.676416,47.851257],[37.676674,47.850018],[37.676879,47.849039],[37.674407,47.850133],[37.674382,47.850145],[37.673919,47.85035]],[[37.677526,47.852419],[37.677653,47.852397],[37.677698,47.852389],[37.677899,47.852354],[37.678303,47.85262],[37.678347,47.852984],[37.677903,47.853219],[37.677767,47.853205],[37.677698,47.853198],[37.677305,47.853156],[37.677045,47.852906],[37.677108,47.85249],[37.677526,47.852419]]]}},{"type":"Feature","properties":{"cadnum":"1421557100:06:000:0159"},"geometry":{"type":"Polygon","coordinates":[[[37.674427,47.855492],[37.676305,47.85739],[37.676337,47.857422],[37.676419,47.857505],[37.677054,47.858147],[37.677286,47.857505],[37.677526,47.856843],[37.677661,47.856471],[37.677698,47.856369],[37.678621,47.85382],[37.678621,47.853819],[37.678703,47.853594],[37.678454,47.853704],[37.678453,47.853704],[37.678314,47.853766],[37.678194,47.853819],[37.678194,47.85382],[37.677607,47.854081],[37.675739,47.85491],[37.674427,47.855492]]]}},{"type":"Feature","properties":{"cadnum":"1421557100:01:004:0215"},"geometry":{"type":"Polygon","coordinates":[[[37.678886,47.820984],[37.678932,47.821267],[37.679525,47.821216],[37.679471,47.820869],[37.678886,47.820984]]]}},{"type":"Feature","properties":{"cadnum":"1421557100:01:004:0127"},"geometry":{"type":"Polygon","coordinates":[[[37.678986,47.821677],[37.679039,47.821994],[37.679251,47.82197],[37.679196,47.821645],[37.678999,47.821665],[37.678986,47.821677]]]}},{"type":"Feature","properties":{"cadnum":"1421557100:07:000:0050"},"geometry":{"type":"Polygon","coordinates":[[[37.683068,47.822486],[37.68305,47.823541],[37.683068,47.823858],[37.683191,47.823858],[37.683191,47.823857],[37.688513,47.823819],[37.691054,47.8238],[37.691131,47.822432],[37.688513,47.82245],[37.683068,47.822486]]]}},{"type":"Feature","properties":{"cadnum":"1421557100:01:004:0182"},"geometry":{"type":"Polygon","coordinates":[[[37.679462,47.820833],[37.679489,47.820996],[37.679808,47.820966],[37.679771,47.820755],[37.679462,47.820833]]]}},{"type":"Feature","properties":{"cadnum":"1421557100:01:004:0214"},"geometry":{"type":"Polygon","coordinates":[[[37.678932,47.821267],[37.678982,47.821581],[37.679494,47.821536],[37.679479,47.821433],[37.679556,47.821427],[37.679525,47.821216],[37.678932,47.821267]]]}},{"type":"Feature","properties":{"cadnum":"1421557100:01:004:0128"},"geometry":{"type":"Polygon","coordinates":[[[37.679251,47.82197],[37.679295,47.822211],[37.679458,47.822193],[37.679641,47.822172],[37.679592,47.821936],[37.679251,47.82197]]]}},{"type":"Feature","properties":{"cadnum":"1421557100:01:004:0129"},"geometry":{"type":"Polygon","coordinates":[[[37.679039,47.821994],[37.679085,47.822233],[37.679295,47.822211],[37.679251,47.82197],[37.679039,47.821994]]]}},{"type":"Feature","properties":{"cadnum":"1421557100:07:000:0052"},"geometry":{"type":"Polygon","coordinates":[[[37.682624,47.819464],[37.682913,47.820519],[37.682912,47.820519],[37.682944,47.820634],[37.682945,47.820634],[37.682965,47.820706],[37.68302,47.820706],[37.683092,47.820706],[37.683191,47.820706],[37.683191,47.820705],[37.688513,47.820668],[37.688513,47.820669],[37.69123,47.820649],[37.691238,47.820519],[37.691247,47.820378],[37.691356,47.81846],[37.689918,47.818592],[37.688685,47.818758],[37.688684,47.818758],[37.68796,47.818855],[37.685786,47.819253],[37.683191,47.819345],[37.682731,47.819361],[37.682624,47.819464]]]}},{"type":"Feature","properties":{"cadnum":"1421557100:01:004:0084"},"geometry":{"type":"Polygon","coordinates":[[[37.679569,47.82228],[37.679852,47.822902],[37.679857,47.822926],[37.680005,47.822896],[37.679704,47.822247],[37.679569,47.82228]]]}},{"type":"Feature","properties":{"cadnum":"1421557100:01:004:0191"},"geometry":{"type":"Polygon","coordinates":[[[37.677611,47.821822],[37.677693,47.822142],[37.677698,47.822142],[37.677698,47.822141],[37.67824,47.822081],[37.678159,47.821759],[37.677611,47.821822]]]}},{"type":"Feature","properties":{"cadnum":"1421557100:01:004:0228"},"geometry":{"type":"Polygon","coordinates":[[[37.679525,47.821614],[37.679592,47.821936],[37.679641,47.822163],[37.679857,47.822148],[37.679955,47.822139],[37.679875,47.821757],[37.679875,47.821756],[37.679888,47.821756],[37.679871,47.821665],[37.679857,47.821668],[37.679839,47.821584],[37.679525,47.821614]]]}},{"type":"Feature","properties":{"cadnum":"1421557100:01:003:0080"},"geometry":{"type":"Polygon","coordinates":[[[37.679385,47.823867],[37.679466,47.824323],[37.679529,47.824669],[37.679902,47.824639],[37.679841,47.824313],[37.679754,47.823836],[37.679385,47.823867]]]}},{"type":"Feature","properties":{"cadnum":"1421557100:07:000:0051"},"geometry":{"type":"Polygon","coordinates":[[[37.682965,47.820706],[37.68302,47.820905],[37.683096,47.82118],[37.683068,47.822486],[37.683191,47.822486],[37.683191,47.822485],[37.688684,47.822449],[37.688685,47.822449],[37.691131,47.822432],[37.691136,47.822419],[37.69123,47.820649],[37.688685,47.820667],[37.688684,47.820667],[37.683092,47.820706],[37.682965,47.820706]]]}},{"type":"Feature","properties":{"cadnum":"1421557100:01:003:0169"},"geometry":{"type":"Polygon","coordinates":[[[37.678213,47.821973],[37.678312,47.822356],[37.67881,47.822293],[37.678729,47.821922],[37.678213,47.821973]]]}},{"type":"Feature","properties":{"cadnum":"1421557100:01:003:0179"},"geometry":{"type":"Polygon","coordinates":[[[37.676816,47.823402],[37.676857,47.823608],[37.677526,47.823548],[37.677539,47.823547],[37.677698,47.823533],[37.677698,47.823532],[37.677701,47.823532],[37.677638,47.823309],[37.677328,47.823348],[37.676816,47.823402]]]}},{"type":"Feature","properties":{"cadnum":"1421557100:01:004:0087"},"geometry":{"type":"Polygon","coordinates":[[[37.67829,47.822577],[37.678406,47.823035],[37.67877,47.822986],[37.678685,47.822525],[37.67829,47.822577]]]}},{"type":"Feature","properties":{"cadnum":"1421557100:07:000:0049"},"geometry":{"type":"Polygon","coordinates":[[[37.683068,47.823858],[37.683096,47.824323],[37.683097,47.824323],[37.68315,47.825152],[37.683186,47.825519],[37.683191,47.825554],[37.683203,47.825628],[37.683886,47.825468],[37.68397,47.824227],[37.683976,47.824151],[37.685171,47.824138],[37.685171,47.824207],[37.685172,47.824277],[37.685172,47.824323],[37.685188,47.825411],[37.688684,47.825388],[37.688685,47.825388],[37.69097,47.825372],[37.690991,47.824935],[37.690997,47.824893],[37.691018,47.824437],[37.691025,47.824323],[37.691046,47.82397],[37.691054,47.8238],[37.688685,47.823818],[37.688684,47.823818],[37.683068,47.823858]]]}},{"type":"Feature","properties":{"cadnum":"1421557100:01:003:0166"},"geometry":{"type":"Polygon","coordinates":[[[37.678729,47.821922],[37.67881,47.822293],[37.679085,47.822257],[37.679026,47.821895],[37.678729,47.821922]]]}},{"type":"Feature","properties":{"cadnum":"1421557100:01:003:0180"},"geometry":{"type":"Polygon","coordinates":[[[37.676857,47.823608],[37.676906,47.823849],[37.677698,47.823791],[37.677698,47.82379],[37.67775,47.823786],[37.677737,47.823665],[37.677701,47.823532],[37.677539,47.823547],[37.676857,47.823608]]]}},{"type":"Feature","properties":{"cadnum":"1421557100:01:004:0192"},"geometry":{"type":"Polygon","coordinates":[[[37.677693,47.822142],[37.677773,47.822474],[37.678312,47.822359],[37.67824,47.822081],[37.677693,47.822142]]]}},{"type":"Feature","properties":{"cadnum":"1421557100:01:004:0088"},"geometry":{"type":"Polygon","coordinates":[[[37.67824,47.822396],[37.67829,47.822577],[37.678685,47.822525],[37.678653,47.822359],[37.67824,47.822396]]]}},{"type":"Feature","properties":{"cadnum":"1421557100:01:003:0197"},"geometry":{"type":"Polygon","coordinates":[[[37.677777,47.823713],[37.677809,47.823825],[37.678231,47.823782],[37.6782,47.823671],[37.677777,47.823713]]]}},{"type":"Feature","properties":{"cadnum":"1421557100:01:003:0167"},"geometry":{"type":"Polygon","coordinates":[[[37.678159,47.821759],[37.678213,47.821973],[37.678729,47.821922],[37.67868,47.821708],[37.678159,47.821759]]]}},{"type":"Feature","properties":{"cadnum":"1421557100:01:003:0168"},"geometry":{"type":"Polygon","coordinates":[[[37.67868,47.821708],[37.678729,47.821922],[37.679026,47.821895],[37.678986,47.821677],[37.67868,47.821708]]]}},{"type":"Feature","properties":{"cadnum":"1421557100:01:004:0181"},"geometry":{"type":"Polygon","coordinates":[[[37.679479,47.821433],[37.679494,47.821536],[37.679888,47.8215],[37.679808,47.820966],[37.679489,47.820996],[37.679556,47.821427],[37.679555,47.821427],[37.679479,47.821433]]]}},{"type":"Feature","properties":{"cadnum":"1421557100:01:004:0085"},"geometry":{"type":"Polygon","coordinates":[[[37.679704,47.822247],[37.680005,47.822896],[37.680014,47.822886],[37.680135,47.822863],[37.680135,47.822854],[37.679852,47.822215],[37.679704,47.822247]]]}},{"type":"Feature","properties":{"cadnum":"1421557100:01:004:0183"},"geometry":{"type":"Polygon","coordinates":[[[37.677724,47.821714],[37.678272,47.821656],[37.678173,47.821288],[37.67776,47.821334],[37.677724,47.821714]]]}},{"type":"Feature","properties":{"cadnum":"1421557100:01:003:0196"},"geometry":{"type":"Polygon","coordinates":[[[37.677665,47.823306],[37.677777,47.823713],[37.6782,47.823671],[37.678083,47.823246],[37.677665,47.823306]]]}},{"type":"Feature","properties":{"cadnum":"1421557100:01:004:0126"},"geometry":{"type":"Polygon","coordinates":[[[37.679196,47.821645],[37.679251,47.82197],[37.679592,47.821936],[37.679525,47.821614],[37.679196,47.821645]]]}},{"type":"Feature","properties":{"cadnum":"1421557100:01:004:0184"},"geometry":{"type":"Polygon","coordinates":[[[37.67776,47.821334],[37.678173,47.821288],[37.67811,47.821066],[37.677781,47.821104],[37.67776,47.821334]]]}},{"type":"Feature","properties":{"cadnum":"1421557100:06:000:0130"},"geometry":{"type":"Polygon","coordinates":[[[37.6566,47.813335],[37.656868,47.816946],[37.656869,47.816946],[37.656963,47.818207],[37.658921,47.818128],[37.658852,47.816831],[37.658851,47.816831],[37.658845,47.816698],[37.658845,47.813248],[37.6566,47.813335]]]}},{"type":"Feature","properties":{"cadnum":"1421557100:06:000:0131"},"geometry":{"type":"Polygon","coordinates":[[[37.65483,47.813407],[37.655094,47.816946],[37.655194,47.818276],[37.655554,47.818262],[37.656963,47.818207],[37.65686,47.816831],[37.6566,47.813335],[37.655726,47.813372],[37.655725,47.813372],[37.655725,47.813371],[37.65483,47.813407]]]}},{"type":"Feature","properties":{"cadnum":"1421557100:07:000:0095"},"geometry":{"type":"Polygon","coordinates":[[[37.659021,47.815426],[37.65908,47.816831],[37.65911,47.817539],[37.661219,47.81739],[37.661219,47.817389],[37.664015,47.81719],[37.663925,47.816837],[37.663669,47.815661],[37.661047,47.815528],[37.661047,47.815529],[37.659021,47.815426]]]}},{"type":"Feature","properties":{"cadnum":"1421557100:06:000:0127"},"geometry":{"type":"Polygon","coordinates":[[[37.651187,47.81214],[37.65121,47.812321],[37.651304,47.813045],[37.651329,47.813257],[37.65133,47.813257],[37.651367,47.813546],[37.653164,47.813474],[37.65483,47.813407],[37.655554,47.813378],[37.655554,47.813379],[37.6566,47.813335],[37.658807,47.81325],[37.658845,47.813248],[37.658845,47.812195],[37.655554,47.812172],[37.651187,47.81214]]]}},{"type":"Feature","properties":{"cadnum":"1421557100:07:000:0096"},"geometry":{"type":"Polygon","coordinates":[[[37.659084,47.811058],[37.659089,47.813257],[37.659093,47.814406],[37.661028,47.814659],[37.661047,47.814657],[37.662156,47.814499],[37.662176,47.813257],[37.66221,47.811227],[37.661219,47.811174],[37.659084,47.811058]]]}},{"type":"Feature","properties":{"cadnum":"1421557100:06:000:0013"},"geometry":{"type":"Polygon","coordinates":[[[37.610251,47.829165],[37.611608,47.829272],[37.611609,47.829272],[37.611712,47.82928],[37.61178,47.829286],[37.617273,47.829717],[37.618466,47.82981],[37.618659,47.829754],[37.620226,47.829105],[37.620412,47.82903],[37.620029,47.828999],[37.620007,47.828999],[37.620007,47.828997],[37.620006,47.828997],[37.619167,47.82893],[37.619167,47.828933],[37.619167,47.828934],[37.619144,47.828934],[37.619144,47.828933],[37.619144,47.82893],[37.618295,47.828861],[37.618295,47.828867],[37.618273,47.828867],[37.618272,47.828867],[37.618272,47.828861],[37.617429,47.828794],[37.617429,47.828804],[37.617406,47.828804],[37.617406,47.828791],[37.617141,47.828771],[37.616557,47.828725],[37.616557,47.828737],[37.616534,47.828737],[37.616534,47.828725],[37.615685,47.828655],[37.615685,47.828671],[37.615664,47.828671],[37.615664,47.828655],[37.615681,47.828655],[37.611658,47.82834],[37.610385,47.828239],[37.610368,47.828355],[37.610251,47.829165]],[[37.614796,47.82859],[37.614819,47.828592],[37.614819,47.828608],[37.614796,47.828604],[37.614796,47.82859]],[[37.613947,47.828541],[37.613925,47.828541],[37.613925,47.828526],[37.613947,47.828526],[37.613947,47.828541]],[[37.613081,47.828474],[37.613058,47.828474],[37.613058,47.82846],[37.613081,47.82846],[37.613081,47.828474]],[[37.612209,47.828409],[37.612187,47.828409],[37.612187,47.828393],[37.612209,47.828393],[37.612209,47.828409]],[[37.611343,47.82833],[37.611343,47.828345],[37.61132,47.828345],[37.61132,47.82833],[37.611343,47.82833]],[[37.610471,47.828264],[37.610471,47.828279],[37.610449,47.828279],[37.610448,47.828279],[37.610448,47.828264],[37.610449,47.828264],[37.610471,47.828264]]]}},{"type":"Feature","properties":{"cadnum":"1421557100:06:000:0063"},"geometry":{"type":"Polygon","coordinates":[[[37.611599,47.828004],[37.611608,47.828005],[37.611609,47.828005],[37.612596,47.828074],[37.617273,47.82841],[37.617273,47.828409],[37.619494,47.828568],[37.619473,47.828719],[37.620412,47.828771],[37.620425,47.828635],[37.620516,47.827895],[37.620536,47.827733],[37.617273,47.8275],[37.617273,47.827499],[37.611706,47.8271],[37.611612,47.827895],[37.611611,47.827895],[37.611599,47.828004]]]}},{"type":"Feature","properties":{"cadnum":"1421557100:06:000:0011"},"geometry":{"type":"Polygon","coordinates":[[[37.609515,47.834207],[37.610638,47.833679],[37.611608,47.832988],[37.611609,47.832988],[37.611717,47.83291],[37.61178,47.832865],[37.612582,47.832293],[37.61369,47.831678],[37.615026,47.830939],[37.61178,47.830683],[37.610049,47.830546],[37.609982,47.830999],[37.609878,47.831698],[37.609879,47.831698],[37.609879,47.831699],[37.609775,47.83241],[37.609563,47.833869],[37.609515,47.834207]]]}},{"type":"Feature","properties":{"cadnum":"1421557100:06:000:0004"},"geometry":{"type":"Polygon","coordinates":[[[37.61137,47.83493],[37.611608,47.834828],[37.611609,47.834828],[37.611609,47.834829],[37.617102,47.832474],[37.61918,47.831583],[37.620433,47.831047],[37.620586,47.829723],[37.617693,47.8308],[37.617155,47.831029],[37.616142,47.831583],[37.616141,47.831583],[37.615771,47.831786],[37.613781,47.833191],[37.611609,47.83446],[37.611609,47.834461],[37.611608,47.834461],[37.611423,47.834569],[37.61137,47.83493]]]}},{"type":"Feature","properties":{"cadnum":"1421557100:06:000:0012"},"geometry":{"type":"Polygon","coordinates":[[[37.610049,47.830546],[37.611608,47.830669],[37.611609,47.830669],[37.615026,47.830939],[37.615506,47.83067],[37.617102,47.830207],[37.617102,47.830208],[37.618466,47.82981],[37.617102,47.829703],[37.611712,47.82928],[37.610251,47.829165],[37.610184,47.829614],[37.610049,47.830546]]]}},{"type":"Feature","properties":{"cadnum":"1421557100:06:000:0310"},"geometry":{"type":"Polygon","coordinates":[[[37.603311,47.837635],[37.604808,47.837143],[37.606287,47.836712],[37.606287,47.836711],[37.607709,47.836296],[37.60955,47.83554],[37.610069,47.835271],[37.611423,47.834569],[37.61178,47.834361],[37.61178,47.83436],[37.613781,47.833191],[37.615771,47.831786],[37.615931,47.831698],[37.617102,47.831058],[37.617155,47.831029],[37.617273,47.830979],[37.617273,47.830978],[37.617693,47.8308],[37.620586,47.829723],[37.620509,47.829035],[37.620412,47.82903],[37.620226,47.829105],[37.618659,47.829754],[37.618466,47.82981],[37.617273,47.830158],[37.617273,47.830157],[37.615506,47.83067],[37.615026,47.830939],[37.613862,47.831583],[37.61369,47.831678],[37.613654,47.831698],[37.613654,47.831699],[37.612582,47.832293],[37.611717,47.83291],[37.610638,47.833679],[37.609515,47.834207],[37.608077,47.834879],[37.606913,47.835238],[37.606707,47.835271],[37.606705,47.835271],[37.606605,47.835287],[37.606115,47.835363],[37.606115,47.835364],[37.6058,47.835413],[37.604672,47.835391],[37.603783,47.835576],[37.60337,47.835661],[37.603235,47.836893],[37.603311,47.837635]]]}},{"type":"Feature","properties":{"cadnum":"1421557100:06:000:0117"},"geometry":{"type":"Polygon","coordinates":[[[37.609492,47.798634],[37.611608,47.798773],[37.611609,47.798773],[37.611747,47.798782],[37.61178,47.798575],[37.61178,47.79857],[37.611791,47.798499],[37.611792,47.798499],[37.612326,47.795195],[37.611808,47.794775],[37.61178,47.794752],[37.61178,47.794751],[37.610314,47.793562],[37.610112,47.794809],[37.609514,47.798499],[37.609492,47.798634]]]}},{"type":"Feature","properties":{"cadnum":"1421557100:06:000:0118"},"geometry":{"type":"Polygon","coordinates":[[[37.611747,47.798782],[37.617102,47.799127],[37.61719,47.799133],[37.616265,47.798384],[37.612326,47.795195],[37.611811,47.798384],[37.61181,47.798384],[37.611747,47.798782]]]}},{"type":"Feature","properties":{"cadnum":"1421557100:01:002:0460"},"geometry":{"type":"Polygon","coordinates":[[[37.665395,47.84455],[37.665951,47.84512],[37.666108,47.845048],[37.666059,47.84491],[37.665709,47.844557],[37.665695,47.844523],[37.665596,47.844457],[37.665395,47.84455]]]}},{"type":"Feature","properties":{"cadnum":"1421557100:01:002:0452"},"geometry":{"type":"Polygon","coordinates":[[[37.663701,47.842733],[37.663733,47.84276],[37.663734,47.84276],[37.663871,47.842872],[37.664074,47.842757],[37.664073,47.842756],[37.663904,47.842618],[37.663856,47.842645],[37.663855,47.842645],[37.663701,47.842733]]]}},{"type":"Feature","properties":{"cadnum":"1421557100:06:000:0010"},"geometry":{"type":"Polygon","coordinates":[[[37.665821,47.846197],[37.665953,47.846331],[37.665953,47.846332],[37.666712,47.84711],[37.668659,47.849105],[37.668664,47.848574],[37.668689,47.846332],[37.668722,47.843261],[37.668718,47.843257],[37.666603,47.845013],[37.666458,47.845133],[37.666485,47.845156],[37.66654,47.845243],[37.666584,47.845314],[37.666712,47.845448],[37.666844,47.845587],[37.666712,47.845667],[37.666712,47.845666],[37.665821,47.846197]]]}},{"type":"Feature","properties":{"cadnum":"1421557100:06:000:0172"},"geometry":{"type":"Polygon","coordinates":[[[37.659816,47.840665],[37.661219,47.841281],[37.663063,47.84209],[37.663608,47.842645],[37.663607,47.842645],[37.663665,47.842703],[37.663903,47.8426],[37.663904,47.8426],[37.66397,47.842645],[37.663969,47.842645],[37.664091,47.842727],[37.665552,47.841512],[37.66163,47.839431],[37.661294,47.839471],[37.661738,47.839712],[37.661267,47.840061],[37.661219,47.840032],[37.660853,47.839806],[37.659816,47.840665]]]}},{"type":"Feature","properties":{"cadnum":"1421557100:06:000:0171"},"geometry":{"type":"Polygon","coordinates":[[[37.664091,47.842727],[37.664141,47.84276],[37.664142,47.84276],[37.664173,47.842781],[37.66485,47.843507],[37.664833,47.843538],[37.665502,47.844132],[37.666458,47.845133],[37.66654,47.845065],[37.666603,47.845013],[37.666712,47.844923],[37.668718,47.843257],[37.667829,47.84276],[37.666712,47.842136],[37.666712,47.842135],[37.666454,47.841991],[37.665552,47.841512],[37.66419,47.842645],[37.664189,47.842645],[37.664091,47.842727]]]}},{"type":"Feature","properties":{"cadnum":"1421557100:07:000:0103"},"geometry":{"type":"Polygon","coordinates":[[[37.664478,47.807519],[37.664482,47.809568],[37.664487,47.811348],[37.66654,47.811459],[37.667047,47.811486],[37.667042,47.809453],[37.667041,47.809453],[37.667038,47.807531],[37.66654,47.807484],[37.666382,47.807468],[37.664478,47.807519]]]}},{"type":"Feature","properties":{"cadnum":"1421557100:07:000:0101"},"geometry":{"type":"Polygon","coordinates":[[[37.65908,47.809091],[37.65908,47.809568],[37.659084,47.811058],[37.661047,47.811165],[37.66221,47.811227],[37.664487,47.811348],[37.664483,47.809453],[37.664483,47.809381],[37.661219,47.809206],[37.65908,47.809091]]]}},{"type":"Feature","properties":{"cadnum":"1421557100:07:000:0098"},"geometry":{"type":"Polygon","coordinates":[[[37.665959,47.813679],[37.666712,47.813743],[37.666997,47.813767],[37.669873,47.814092],[37.669886,47.813257],[37.669913,47.81164],[37.669261,47.811607],[37.667047,47.811486],[37.666712,47.811469],[37.666712,47.811468],[37.665996,47.811429],[37.665968,47.813142],[37.665967,47.813142],[37.665959,47.813679]]]}},{"type":"Feature","properties":{"cadnum":"1421557100:07:000:0097"},"geometry":{"type":"Polygon","coordinates":[[[37.662156,47.814499],[37.66463,47.814147],[37.664864,47.813586],[37.665959,47.813679],[37.665966,47.813257],[37.665996,47.811429],[37.664487,47.811348],[37.66221,47.811227],[37.662178,47.813142],[37.662156,47.814499]]]}},{"type":"Feature","properties":{"cadnum":"1421557100:06:000:0061"},"geometry":{"type":"Polygon","coordinates":[[[37.611819,47.826183],[37.617273,47.826573],[37.617273,47.826572],[37.620645,47.826813],[37.620758,47.825897],[37.617102,47.825635],[37.611926,47.825264],[37.611819,47.826183]]]}},{"type":"Feature","properties":{"cadnum":"1421557100:06:000:0060"},"geometry":{"type":"Polygon","coordinates":[[[37.611926,47.825264],[37.617273,47.825647],[37.620758,47.825897],[37.620869,47.824976],[37.617273,47.82472],[37.612039,47.824346],[37.611926,47.825264]]]}},{"type":"Feature","properties":{"cadnum":"1421557100:06:000:0064"},"geometry":{"type":"Polygon","coordinates":[[[37.620479,47.828773],[37.622595,47.828917],[37.622616,47.828918],[37.622766,47.828929],[37.622766,47.828928],[37.622767,47.828928],[37.627117,47.829223],[37.628088,47.8293],[37.628248,47.829313],[37.62826,47.829313],[37.62921,47.829388],[37.629211,47.829388],[37.629322,47.828445],[37.628088,47.828362],[37.622767,47.828001],[37.622766,47.828001],[37.622766,47.828],[37.620784,47.827866],[37.620781,47.827895],[37.62078,47.827895],[37.620685,47.828698],[37.620488,47.828683],[37.620479,47.828773]]]}},{"type":"Feature","properties":{"cadnum":"1421557100:06:000:0067"},"geometry":{"type":"Polygon","coordinates":[[[37.621112,47.825092],[37.622766,47.825204],[37.622767,47.825204],[37.62826,47.825577],[37.629646,47.825671],[37.629767,47.82466],[37.628088,47.824547],[37.624785,47.824323],[37.623178,47.824214],[37.623165,47.824323],[37.623133,47.824587],[37.622625,47.824553],[37.621188,47.824455],[37.621112,47.825092]]]}},{"type":"Feature","properties":{"cadnum":"1421557100:06:000:0062"},"geometry":{"type":"Polygon","coordinates":[[[37.611706,47.8271],[37.617102,47.827487],[37.617102,47.827488],[37.620536,47.827733],[37.620645,47.826813],[37.617102,47.82656],[37.617102,47.826561],[37.611819,47.826183],[37.611706,47.8271]]]}},{"type":"Feature","properties":{"cadnum":"1421557100:06:000:0065"},"geometry":{"type":"Polygon","coordinates":[[[37.620784,47.827866],[37.621221,47.827895],[37.621222,47.827895],[37.622766,47.828001],[37.622767,47.828001],[37.62826,47.828374],[37.62826,47.828373],[37.629322,47.828445],[37.629386,47.827895],[37.629385,47.827895],[37.62943,47.827519],[37.629538,47.826596],[37.628088,47.826498],[37.622595,47.826125],[37.621004,47.826017],[37.620896,47.826943],[37.620784,47.827866]]]}},{"type":"Feature","properties":{"cadnum":"1421557100:06:000:0069"},"geometry":{"type":"Polygon","coordinates":[[[37.621188,47.824455],[37.622595,47.824551],[37.622625,47.824553],[37.622766,47.824563],[37.622767,47.824563],[37.623133,47.824587],[37.623178,47.824214],[37.623218,47.823867],[37.622595,47.823916],[37.622213,47.823945],[37.62193,47.823517],[37.622595,47.822897],[37.623043,47.822479],[37.625603,47.821844],[37.622831,47.820635],[37.622831,47.820634],[37.622767,47.820606],[37.622766,47.820606],[37.621696,47.820139],[37.621651,47.820519],[37.621216,47.824207],[37.621212,47.824248],[37.621203,47.824323],[37.621188,47.824455]]]}},{"type":"Feature","properties":{"cadnum":"1421557100:06:000:0059"},"geometry":{"type":"Polygon","coordinates":[[[37.612039,47.824346],[37.617102,47.824708],[37.620869,47.824976],[37.620945,47.824323],[37.620977,47.82406],[37.617102,47.823783],[37.617102,47.823784],[37.612152,47.823429],[37.612056,47.824207],[37.612055,47.824207],[37.612042,47.824318],[37.612042,47.824323],[37.612039,47.824346]]]}},{"type":"Feature","properties":{"cadnum":"1421557100:06:000:0066"},"geometry":{"type":"Polygon","coordinates":[[[37.621004,47.826017],[37.622766,47.826137],[37.622767,47.826137],[37.62826,47.82651],[37.629538,47.826596],[37.629646,47.825671],[37.628088,47.825565],[37.622595,47.825192],[37.621112,47.825092],[37.621004,47.826017]]]}},{"type":"Feature","properties":{"cadnum":"1421557100:06:000:0179"},"geometry":{"type":"Polygon","coordinates":[[[37.686519,47.857376],[37.688513,47.856867],[37.692295,47.855902],[37.688513,47.853831],[37.688491,47.85382],[37.688491,47.853819],[37.68792,47.853506],[37.687848,47.853704],[37.686519,47.857376]]]}},{"type":"Feature","properties":{"cadnum":"1421557100:06:000:0282"},"geometry":{"type":"Polygon","coordinates":[[[37.684609,47.857379],[37.684672,47.85739],[37.685014,47.857453],[37.685298,47.857505],[37.685299,47.857505],[37.68571,47.857581],[37.686007,47.857505],[37.686008,47.857505],[37.686519,47.857376],[37.686788,47.857307],[37.687408,47.856065],[37.687807,47.856188],[37.688684,47.855446],[37.688684,47.855445],[37.689775,47.854521],[37.688926,47.854057],[37.688685,47.853925],[37.688684,47.853925],[37.688282,47.853704],[37.687591,47.853325],[37.687434,47.853704],[37.687433,47.853704],[37.686563,47.855805],[37.686563,47.855806],[37.686477,47.85579],[37.686347,47.855766],[37.687157,47.853704],[37.687335,47.853253],[37.686519,47.852812],[37.68601,47.852542],[37.685773,47.852415],[37.685289,47.853819],[37.685289,47.85382],[37.684834,47.855146],[37.685341,47.855354],[37.684609,47.857379]]]}},{"type":"Feature","properties":{"cadnum":"1421557100:06:000:0039"},"geometry":{"type":"Polygon","coordinates":[[[37.636769,47.837912],[37.637035,47.837936],[37.639246,47.838132],[37.64079,47.838268],[37.641117,47.836401],[37.639074,47.836221],[37.637398,47.836073],[37.637134,47.836049],[37.636769,47.837912]],[[37.637169,47.83623],[37.637169,47.836245],[37.637147,47.836245],[37.637147,47.836227],[37.637169,47.83623]],[[37.637057,47.836818],[37.637057,47.836832],[37.637057,47.836833],[37.637035,47.836833],[37.637035,47.836832],[37.637035,47.836818],[37.637057,47.836818]],[[37.636945,47.837406],[37.636945,47.83742],[37.636922,47.83742],[37.636922,47.837406],[37.636945,47.837406]]]}},{"type":"Feature","properties":{"cadnum":"1421557100:06:000:0037"},"geometry":{"type":"Polygon","coordinates":[[[37.636352,47.840035],[37.636562,47.840053],[37.639246,47.84029],[37.640417,47.840394],[37.640647,47.839073],[37.64079,47.838268],[37.639074,47.838117],[37.636967,47.83793],[37.636769,47.837912],[37.63654,47.839073],[37.636352,47.840035]],[[37.636832,47.838009],[37.636809,47.838009],[37.636809,47.837994],[37.636832,47.837994],[37.636832,47.838009]],[[37.636719,47.8386],[37.636698,47.8386],[37.636698,47.838584],[37.636719,47.838584],[37.636719,47.8386]],[[37.636603,47.839187],[37.636585,47.839187],[37.636585,47.839172],[37.636608,47.839172],[37.636603,47.839187]],[[37.636491,47.839775],[37.636469,47.839775],[37.636473,47.83976],[37.636495,47.83976],[37.636491,47.839775]]]}},{"type":"Feature","properties":{"cadnum":"1421557100:06:000:0309"},"geometry":{"type":"Polygon","coordinates":[[[37.640417,47.840394],[37.643943,47.840725],[37.644455,47.84077],[37.644739,47.839196],[37.644739,47.83919],[37.64476,47.839073],[37.644761,47.839073],[37.645375,47.835675],[37.645002,47.83563],[37.644739,47.835601],[37.644739,47.8356],[37.64423,47.835543],[37.644149,47.835271],[37.64391,47.834457],[37.643673,47.834083],[37.642793,47.833344],[37.643076,47.832431],[37.643174,47.832208],[37.642981,47.832054],[37.642387,47.831583],[37.642011,47.831285],[37.641979,47.831469],[37.641971,47.831517],[37.64196,47.831583],[37.641959,47.831593],[37.641942,47.831698],[37.641942,47.831699],[37.641935,47.831741],[37.641765,47.832615],[37.641778,47.832615],[37.641445,47.834517],[37.641294,47.835386],[37.641117,47.836401],[37.64079,47.838268],[37.640668,47.838958],[37.640417,47.840394]],[[37.645263,47.835911],[37.645264,47.835911],[37.64529,47.835913],[37.64529,47.835914],[37.645285,47.835931],[37.645258,47.835929],[37.645263,47.835911]],[[37.645178,47.836278],[37.645204,47.836281],[37.645201,47.8363],[37.6452,47.8363],[37.645174,47.836296],[37.645178,47.836278]],[[37.645119,47.835878],[37.645119,47.835877],[37.645145,47.835877],[37.645145,47.835878],[37.645142,47.835895],[37.645141,47.835895],[37.645115,47.835892],[37.645119,47.835878]],[[37.645101,47.836643],[37.645128,47.836646],[37.645124,47.836664],[37.645097,47.836661],[37.645101,47.836643]],[[37.645034,47.836266],[37.645061,47.836269],[37.645056,47.836287],[37.645029,47.836284],[37.645034,47.836266]],[[37.645021,47.836996],[37.645047,47.836999],[37.645048,47.836999],[37.645042,47.837017],[37.645016,47.837014],[37.645015,47.837014],[37.645015,47.837013],[37.645021,47.836996]],[[37.644952,47.837357],[37.64498,47.83736],[37.644981,47.83736],[37.644975,47.837379],[37.644948,47.837375],[37.644952,47.837357]],[[37.644971,47.836649],[37.644948,47.836649],[37.644948,47.836631],[37.644975,47.836634],[37.644971,47.836649]],[[37.644872,47.836975],[37.644899,47.836978],[37.644899,47.836995],[37.644899,47.836996],[37.644872,47.836993],[37.644872,47.836975]],[[37.644868,47.837719],[37.644895,47.837722],[37.644895,47.83774],[37.644868,47.837737],[37.644868,47.837719]],[[37.644795,47.837337],[37.644796,47.837337],[37.644822,47.837337],[37.644818,47.837355],[37.644792,47.837351],[37.644791,47.837351],[37.644795,47.837337]],[[37.644791,47.83809],[37.644792,47.83809],[37.644818,47.838093],[37.644814,47.838111],[37.644788,47.838108],[37.644787,47.838108],[37.644791,47.83809]],[[37.644711,47.837713],[37.644715,47.837695],[37.644739,47.837699],[37.644739,47.837698],[37.644742,47.837699],[37.644738,47.837716],[37.644738,47.837717],[37.644711,47.837713]],[[37.644711,47.838449],[37.644711,47.838431],[37.644711,47.83843],[37.644738,47.838434],[37.644738,47.838449],[37.644711,47.838449]],[[37.644661,47.838078],[37.644661,47.838079],[37.644656,47.838096],[37.644635,47.838093],[37.644635,47.838075],[37.644661,47.838078]],[[37.644661,47.838796],[37.644656,47.838814],[37.644635,47.83881],[37.644635,47.838796],[37.644661,47.838796]],[[37.644567,47.83841],[37.644567,47.838411],[37.644589,47.838412],[37.644589,47.838413],[37.644585,47.83843],[37.644558,47.838428],[37.644562,47.83841],[37.644567,47.83841]],[[37.644567,47.839152],[37.644589,47.839154],[37.644585,47.839172],[37.644558,47.83917],[37.644558,47.839169],[37.644562,47.839152],[37.644567,47.839152]],[[37.644512,47.839498],[37.644509,47.839516],[37.644508,47.839516],[37.644486,47.839513],[37.644486,47.839495],[37.644512,47.839498]],[[37.644508,47.838778],[37.644504,47.838796],[37.644476,47.838792],[37.644482,47.838774],[37.644508,47.838778]],[[37.644445,47.839854],[37.644441,47.839872],[37.644415,47.839869],[37.644419,47.839851],[37.644445,47.839854]],[[37.644432,47.839136],[37.644428,47.839154],[37.644405,47.839152],[37.644405,47.839151],[37.644405,47.839134],[37.644432,47.839136]],[[37.644369,47.840209],[37.644365,47.840228],[37.644338,47.840224],[37.644342,47.840207],[37.644342,47.840206],[37.644369,47.840209]],[[37.644351,47.839486],[37.644352,47.839486],[37.644346,47.839504],[37.644325,47.839501],[37.644325,47.839483],[37.644351,47.839486]],[[37.644296,47.840559],[37.644297,47.840559],[37.644293,47.840577],[37.644292,47.840577],[37.644266,47.840575],[37.64427,47.840557],[37.644296,47.840559]],[[37.644279,47.839838],[37.644275,47.839854],[37.644248,47.839851],[37.644252,47.839836],[37.644279,47.839838]],[[37.644208,47.840197],[37.644208,47.840198],[37.644203,47.840215],[37.64418,47.840213],[37.64418,47.840195],[37.644208,47.840197]],[[37.644132,47.840538],[37.644126,47.840557],[37.6441,47.840553],[37.644099,47.840553],[37.644103,47.840535],[37.644104,47.840535],[37.644132,47.840538]],[[37.642927,47.832084],[37.642905,47.832096],[37.642904,47.832096],[37.642887,47.832081],[37.64291,47.832069],[37.642927,47.832084]],[[37.642577,47.831797],[37.642577,47.831798],[37.642555,47.83181],[37.642554,47.83181],[37.642537,47.831795],[37.642558,47.831783],[37.642559,47.831783],[37.642577,47.831797]],[[37.642204,47.831496],[37.642205,47.831496],[37.642222,47.831511],[37.642199,47.83152],[37.642186,47.831509],[37.642186,47.831508],[37.642204,47.831496]]]}},{"type":"Feature","properties":{"cadnum":"1421557100:08:000:0009"},"geometry":{"type":"Polygon","coordinates":[[[37.704304,47.847926],[37.704992,47.847949],[37.705088,47.847952],[37.705164,47.847954],[37.705755,47.847972],[37.705813,47.846447],[37.705953,47.84276],[37.705954,47.84276],[37.705971,47.84232],[37.705109,47.842305],[37.70506,47.842645],[37.705059,47.842645],[37.704515,47.846447],[37.704516,47.846447],[37.704304,47.847926]]]}},{"type":"Feature","properties":{"cadnum":"1421557100:07:000:0281"},"geometry":{"type":"Polygon","coordinates":[[[37.698668,47.851887],[37.699499,47.851909],[37.699499,47.85191],[37.699706,47.851914],[37.700868,47.851945],[37.702032,47.851978],[37.703105,47.852005],[37.70426,47.852038],[37.704992,47.852059],[37.705572,47.852074],[37.705948,47.852083],[37.705949,47.852083],[37.706101,47.85195],[37.705742,47.85139],[37.706712,47.851221],[37.707107,47.851152],[37.707772,47.851043],[37.707876,47.851029],[37.708738,47.851052],[37.709631,47.851076],[37.709631,47.851077],[37.70954,47.853704],[37.709537,47.853783],[37.70954,47.853784],[37.710485,47.853824],[37.710571,47.853827],[37.710657,47.853831],[37.711249,47.853855],[37.711577,47.853819],[37.713172,47.853645],[37.713342,47.853548],[37.713406,47.850133],[37.71344,47.848361],[37.711581,47.848313],[37.710485,47.8483],[37.709807,47.848292],[37.705164,47.848168],[37.699671,47.848021],[37.698991,47.848002],[37.698924,47.84881],[37.698812,47.850133],[37.698814,47.850133],[37.698668,47.851887]]]}},{"type":"Feature","properties":{"cadnum":"1421557100:08:000:0454"},"geometry":{"type":"Polygon","coordinates":[[[37.69926,47.847842],[37.699499,47.847862],[37.699499,47.847863],[37.700329,47.847933],[37.701704,47.847951],[37.704004,47.847939],[37.70418,47.846646],[37.699671,47.846418],[37.699671,47.846417],[37.699423,47.846405],[37.69926,47.847842]]]}},{"type":"Feature","properties":{"cadnum":"1421557100:06:000:0075"},"geometry":{"type":"Polygon","coordinates":[[[37.627409,47.819982],[37.628088,47.820284],[37.628878,47.820634],[37.628879,47.820634],[37.633581,47.82272],[37.633581,47.822721],[37.634712,47.823221],[37.633581,47.822163],[37.633581,47.822164],[37.631824,47.820519],[37.631823,47.820519],[37.630126,47.81893],[37.62826,47.819654],[37.627409,47.819982]]]}},{"type":"Feature","properties":{"cadnum":"1421557100:06:000:0078"},"geometry":{"type":"Polygon","coordinates":[[[37.632467,47.818022],[37.633581,47.819065],[37.633581,47.819066],[37.635134,47.820519],[37.637021,47.822284],[37.636419,47.820519],[37.635207,47.816964],[37.633753,47.817526],[37.632467,47.818022]]]}},{"type":"Feature","properties":{"cadnum":"1421557100:06:000:0076"},"geometry":{"type":"Polygon","coordinates":[[[37.630126,47.81893],[37.631946,47.820634],[37.631947,47.820634],[37.633753,47.822325],[37.633753,47.822324],[37.634712,47.823221],[37.636347,47.823945],[37.636904,47.823728],[37.633599,47.820635],[37.633599,47.820634],[37.631295,47.818478],[37.630126,47.81893]]]}},{"type":"Feature","properties":{"cadnum":"1421557100:06:000:0077"},"geometry":{"type":"Polygon","coordinates":[[[37.631295,47.818478],[37.633475,47.820519],[37.633753,47.820779],[37.636904,47.823728],[37.637438,47.82352],[37.637021,47.822284],[37.635258,47.820635],[37.635258,47.820634],[37.633753,47.819226],[37.632467,47.818022],[37.631295,47.818478]]]}},{"type":"Feature","properties":{"cadnum":"1421557100:07:000:0080"},"geometry":{"type":"Polygon","coordinates":[[[37.704623,47.815685],[37.705164,47.81569],[37.70629,47.815699],[37.706417,47.813257],[37.706418,47.813257],[37.706582,47.810144],[37.705164,47.810128],[37.70492,47.810126],[37.704752,47.813257],[37.704753,47.813257],[37.704623,47.815685]]]}},{"type":"Feature","properties":{"cadnum":"1421557100:03:000:0010"},"geometry":{"type":"Polygon","coordinates":[[[37.703088,47.814029],[37.703658,47.814041],[37.703671,47.813724],[37.703105,47.813712],[37.703088,47.814029]]]}},{"type":"Feature","properties":{"cadnum":"1421557100:03:000:0051"},"geometry":{"type":"Polygon","coordinates":[[[37.703025,47.815914],[37.703855,47.815923],[37.703874,47.815564],[37.703042,47.815555],[37.703025,47.815914]]]}},{"type":"Feature","properties":{"cadnum":"1421557100:03:000:0011"},"geometry":{"type":"Polygon","coordinates":[[[37.703658,47.814041],[37.70456,47.814062],[37.704587,47.813522],[37.703703,47.813504],[37.703694,47.813724],[37.703671,47.813724],[37.703658,47.814041]]]}},{"type":"Feature","properties":{"cadnum":"1421557100:03:000:0070"},"geometry":{"type":"Polygon","coordinates":[[[37.703551,47.815507],[37.704547,47.815516],[37.704556,47.815175],[37.703564,47.815163],[37.703551,47.815507]]]}},{"type":"Feature","properties":{"cadnum":"1421557100:03:000:0101"},"geometry":{"type":"Polygon","coordinates":[[[37.702337,47.81377],[37.702517,47.813772],[37.70293,47.813781],[37.702943,47.813559],[37.702943,47.81348],[37.70235,47.813468],[37.702337,47.81377]]]}},{"type":"Feature","properties":{"cadnum":"1421557100:03:000:0098"},"geometry":{"type":"Polygon","coordinates":[[[37.703029,47.816005],[37.703029,47.816231],[37.703402,47.816255],[37.703402,47.816028],[37.703029,47.816005]]]}},{"type":"Feature","properties":{"cadnum":"1421557100:03:000:0052"},"geometry":{"type":"Polygon","coordinates":[[[37.703855,47.815923],[37.70461,47.815932],[37.704623,47.81573],[37.704623,47.815685],[37.704633,47.815573],[37.703874,47.815564],[37.703855,47.815923]]]}},{"type":"Feature","properties":{"cadnum":"1421557100:03:000:0081"},"geometry":{"type":"Polygon","coordinates":[[[37.702467,47.814958],[37.702881,47.814961],[37.702885,47.814523],[37.702476,47.814521],[37.702467,47.814958]]]}},{"type":"Feature","properties":{"cadnum":"1421557100:03:000:0108"},"geometry":{"type":"Polygon","coordinates":[[[37.702283,47.816128],[37.70284,47.81614],[37.702859,47.815815],[37.702302,47.815802],[37.702283,47.816128]]]}},{"type":"Feature","properties":{"cadnum":"1421557100:03:000:0096"},"geometry":{"type":"Polygon","coordinates":[[[37.702966,47.817009],[37.703379,47.816994],[37.703387,47.816831],[37.703387,47.81683],[37.703402,47.816566],[37.702985,47.816566],[37.702967,47.816946],[37.702968,47.816946],[37.702966,47.817009]]]}},{"type":"Feature","properties":{"cadnum":"1421557100:03:000:0113"},"geometry":{"type":"Polygon","coordinates":[[[37.703703,47.815097],[37.70457,47.815106],[37.704579,47.814825],[37.703712,47.814816],[37.703703,47.815097]]]}},{"type":"Feature","properties":{"cadnum":"1421557100:03:000:0082"},"geometry":{"type":"Polygon","coordinates":[[[37.701507,47.814952],[37.702467,47.814958],[37.702476,47.814521],[37.701515,47.814514],[37.701507,47.814952]]]}},{"type":"Feature","properties":{"cadnum":"1421557100:03:000:0109"},"geometry":{"type":"Polygon","coordinates":[[[37.701453,47.81611],[37.702283,47.816128],[37.702302,47.815802],[37.701471,47.815784],[37.701453,47.81611]]]}},{"type":"Feature","properties":{"cadnum":"1421557100:07:000:0079"},"geometry":{"type":"Polygon","coordinates":[[[37.704587,47.816946],[37.704593,47.820266],[37.704992,47.820272],[37.705005,47.820273],[37.705164,47.820275],[37.706568,47.820297],[37.706561,47.816831],[37.70656,47.815745],[37.705164,47.815735],[37.704623,47.81573],[37.704587,47.816412],[37.704587,47.816946]]]}},{"type":"Feature","properties":{"cadnum":"1421557100:03:000:0112"},"geometry":{"type":"Polygon","coordinates":[[[37.703065,47.815091],[37.703703,47.815097],[37.703712,47.814816],[37.703069,47.81481],[37.703065,47.815091]]]}},{"type":"Feature","properties":{"cadnum":"1421557100:03:000:0069"},"geometry":{"type":"Polygon","coordinates":[[[37.70302,47.8155],[37.703551,47.815507],[37.703564,47.815163],[37.703038,47.81516],[37.70302,47.8155]]]}},{"type":"Feature","properties":{"cadnum":"1421557100:03:000:0097"},"geometry":{"type":"Polygon","coordinates":[[[37.702985,47.816566],[37.703402,47.816566],[37.70338,47.816946],[37.703381,47.816946],[37.703379,47.816994],[37.704547,47.816951],[37.704547,47.816457],[37.702993,47.81646],[37.702985,47.816566]]]}},{"type":"Feature","properties":{"cadnum":"1421557100:07:000:0329"},"geometry":{"type":"Polygon","coordinates":[[[37.699926,47.814499],[37.69997,47.815021],[37.700249,47.815009],[37.701088,47.814973],[37.701335,47.814964],[37.701358,47.814596],[37.701425,47.814596],[37.70144,47.814403],[37.701377,47.814397],[37.701457,47.813926],[37.701475,47.81383],[37.701264,47.813833],[37.701264,47.813832],[37.70126,47.813718],[37.701497,47.813715],[37.701597,47.813224],[37.70157,47.813199],[37.70156,47.81319],[37.701524,47.81319],[37.701277,47.813181],[37.70128,47.813257],[37.701287,47.813423],[37.701192,47.813425],[37.701111,47.813425],[37.701062,47.813429],[37.701071,47.813546],[37.701125,47.814047],[37.701124,47.814047],[37.700604,47.81405],[37.700626,47.814475],[37.700626,47.814476],[37.699926,47.814499]]]}},{"type":"Feature","properties":{"cadnum":"1421557100:07:000:0059"},"geometry":{"type":"Polygon","coordinates":[[[37.698461,47.819018],[37.699671,47.819008],[37.699671,47.819007],[37.701205,47.818994],[37.701315,47.816831],[37.701314,47.816831],[37.701377,47.81563],[37.699499,47.815516],[37.698664,47.815464],[37.698586,47.816831],[37.698584,47.816831],[37.698461,47.819018]]]}},{"type":"Feature","properties":{"cadnum":"1421557100:08:000:0078"},"geometry":{"type":"Polygon","coordinates":[[[37.719495,47.831632],[37.720349,47.831641],[37.721458,47.831653],[37.721508,47.830555],[37.719589,47.830516],[37.719499,47.831583],[37.719495,47.831632]]]}},{"type":"Feature","properties":{"cadnum":"1421557100:08:000:0052"},"geometry":{"type":"Polygon","coordinates":[[[37.721458,47.831653],[37.721459,47.831653],[37.721472,47.831653],[37.726965,47.831715],[37.727737,47.831723],[37.727743,47.831583],[37.727742,47.831583],[37.727782,47.830682],[37.726965,47.830666],[37.721508,47.830555],[37.721462,47.831583],[37.721461,47.831583],[37.721458,47.831653]]]}},{"type":"Feature","properties":{"cadnum":"1421557100:08:000:0033"},"geometry":{"type":"Polygon","coordinates":[[[37.715246,47.831599],[37.715912,47.831605],[37.715979,47.831606],[37.715979,47.831607],[37.718328,47.831641],[37.719132,47.831653],[37.719141,47.83156],[37.719275,47.830085],[37.719038,47.830085],[37.715979,47.830058],[37.715283,47.830052],[37.715246,47.831599]]]}},{"type":"Feature","properties":{"cadnum":"1421557100:08:000:0055"},"geometry":{"type":"Polygon","coordinates":[[[37.719728,47.828873],[37.721643,47.828912],[37.721644,47.828912],[37.727137,47.829022],[37.727137,47.829021],[37.727854,47.829035],[37.72789,47.82821],[37.726965,47.828192],[37.721472,47.828081],[37.719797,47.828047],[37.719728,47.828873]]]}},{"type":"Feature","properties":{"cadnum":"1421557100:08:000:0056"},"geometry":{"type":"Polygon","coordinates":[[[37.719797,47.828047],[37.721643,47.828085],[37.721643,47.828084],[37.721644,47.828084],[37.727137,47.828195],[37.72789,47.82821],[37.7279,47.828011],[37.727912,47.827778],[37.727917,47.827642],[37.727137,47.827576],[37.721644,47.827103],[37.721643,47.827103],[37.719891,47.826952],[37.719877,47.827091],[37.719809,47.827895],[37.719803,47.82797],[37.719799,47.828011],[37.7198,47.828011],[37.719797,47.828047]],[[37.727221,47.827636],[37.727221,47.827622],[37.727242,47.827622],[37.727243,47.827622],[37.727243,47.827636],[37.727242,47.827636],[37.727221,47.827636]],[[37.726547,47.827579],[37.726547,47.827564],[37.726569,47.827564],[37.726569,47.827579],[37.726547,47.827579]],[[37.725869,47.827519],[37.725869,47.827504],[37.725891,47.827504],[37.725891,47.827519],[37.725869,47.827519]],[[37.725195,47.827461],[37.725195,47.827446],[37.725217,47.827446],[37.725217,47.827461],[37.725195,47.827461]],[[37.724522,47.827405],[37.724521,47.827405],[37.724521,47.82739],[37.724521,47.827389],[37.724522,47.827389],[37.724544,47.827389],[37.724544,47.82739],[37.724544,47.827405],[37.724522,47.827405]],[[37.723843,47.827344],[37.723843,47.827329],[37.723866,47.827329],[37.723866,47.827344],[37.723843,47.827344]],[[37.72317,47.827287],[37.72317,47.827272],[37.72317,47.827271],[37.723192,47.827271],[37.723192,47.827272],[37.723192,47.827287],[37.72317,47.827287]],[[37.722491,47.827229],[37.722491,47.827215],[37.722514,47.827215],[37.722514,47.827229],[37.722491,47.827229]],[[37.721818,47.827172],[37.721818,47.827157],[37.721839,47.827157],[37.721839,47.827172],[37.721818,47.827172]],[[37.721162,47.827112],[37.721139,47.827112],[37.721143,47.827097],[37.721166,47.827097],[37.721162,47.827112]],[[37.720487,47.827054],[37.720466,47.827054],[37.720466,47.827039],[37.720487,47.827039],[37.720487,47.827054]],[[37.720003,47.827018],[37.719967,47.827018],[37.719967,47.826994],[37.720003,47.826994],[37.720003,47.827018]]]}},{"type":"Feature","properties":{"cadnum":"1421557100:08:000:0053"},"geometry":{"type":"Polygon","coordinates":[[[37.719589,47.830516],[37.721472,47.830554],[37.721472,47.830555],[37.721508,47.830555],[37.721643,47.830559],[37.721643,47.830558],[37.721644,47.830558],[37.727137,47.830669],[37.727782,47.830682],[37.727818,47.829859],[37.727137,47.829846],[37.721472,47.829733],[37.719657,47.829696],[37.719589,47.830516]]]}},{"type":"Feature","properties":{"cadnum":"1421557100:08:000:0054"},"geometry":{"type":"Polygon","coordinates":[[[37.719657,47.829696],[37.721643,47.829737],[37.721643,47.829736],[37.721644,47.829736],[37.726965,47.829842],[37.726965,47.829843],[37.727818,47.829859],[37.727854,47.829035],[37.726965,47.829018],[37.721472,47.828908],[37.719728,47.828873],[37.719657,47.829696]]]}},{"type":"Feature","properties":{"cadnum":"1421557100:01:003:0138"},"geometry":{"type":"Polygon","coordinates":[[[37.659596,47.831424],[37.659625,47.831583],[37.659627,47.831592],[37.659647,47.831698],[37.659648,47.831698],[37.659648,47.831699],[37.659667,47.831797],[37.660143,47.831752],[37.660132,47.831695],[37.660072,47.831382],[37.659596,47.831424]]]}},{"type":"Feature","properties":{"cadnum":"1421557100:01:003:0116"},"geometry":{"type":"Polygon","coordinates":[[[37.660072,47.831382],[37.660111,47.831583],[37.660148,47.831773],[37.660602,47.831734],[37.660585,47.831657],[37.660521,47.831343],[37.660072,47.831382]]]}},{"type":"Feature","properties":{"cadnum":"1421557100:01:002:0234"},"geometry":{"type":"Polygon","coordinates":[[[37.658944,47.832431],[37.659003,47.832826],[37.659456,47.832796],[37.659397,47.832401],[37.658944,47.832431]]]}},{"type":"Feature","properties":{"cadnum":"1421557100:01:002:0220"},"geometry":{"type":"Polygon","coordinates":[[[37.659007,47.832841],[37.659066,47.833236],[37.659514,47.833206],[37.659456,47.832811],[37.659007,47.832841]]]}},{"type":"Feature","properties":{"cadnum":"1421557100:01:003:0095"},"geometry":{"type":"Polygon","coordinates":[[[37.660714,47.832241],[37.660777,47.832633],[37.661219,47.832601],[37.661219,47.8326],[37.661225,47.8326],[37.661164,47.832208],[37.660714,47.832241]]]}},{"type":"Feature","properties":{"cadnum":"1421557100:01:002:0235"},"geometry":{"type":"Polygon","coordinates":[[[37.659003,47.832835],[37.659456,47.832805],[37.659456,47.832796],[37.659003,47.832826],[37.659003,47.832835]]]}},{"type":"Feature","properties":{"cadnum":"1421557100:07:000:0029"},"geometry":{"type":"Polygon","coordinates":[[[37.658711,47.833115],[37.658734,47.833447],[37.658742,47.83361],[37.658774,47.834029],[37.659397,47.833999],[37.65965,47.833987],[37.661047,47.833919],[37.666712,47.833643],[37.668359,47.833562],[37.668328,47.832645],[37.666712,47.832724],[37.661047,47.833001],[37.658711,47.833115]]]}},{"type":"Feature","properties":{"cadnum":"1421557100:07:000:0026"},"geometry":{"type":"Polygon","coordinates":[[[37.658841,47.834979],[37.658861,47.835271],[37.658864,47.835308],[37.658869,47.835386],[37.659011,47.837382],[37.661219,47.838571],[37.661688,47.838823],[37.66144,47.835386],[37.661441,47.835386],[37.661428,47.835199],[37.661414,47.835021],[37.661405,47.834855],[37.661154,47.834867],[37.660889,47.834879],[37.658841,47.834979]]]}},{"type":"Feature","properties":{"cadnum":"1421557100:01:003:0173"},"geometry":{"type":"Polygon","coordinates":[[[37.66026,47.832274],[37.660292,47.832473],[37.660323,47.832666],[37.660777,47.832633],[37.660714,47.832241],[37.66026,47.832274]]]}},{"type":"Feature","properties":{"cadnum":"1421557100:01:002:0221"},"geometry":{"type":"Polygon","coordinates":[[[37.659003,47.832835],[37.659007,47.832841],[37.659456,47.832811],[37.659456,47.832805],[37.659003,47.832835]]]}},{"type":"Feature","properties":{"cadnum":"1421557100:01:002:0188"},"geometry":{"type":"Polygon","coordinates":[[[37.656236,47.834858],[37.656577,47.835033],[37.656946,47.834716],[37.656609,47.834539],[37.656236,47.834858]]]}},{"type":"Feature","properties":{"cadnum":"1421557100:01:002:0097"},"geometry":{"type":"Polygon","coordinates":[[[37.653806,47.831828],[37.655265,47.832349],[37.655554,47.832346],[37.655554,47.832347],[37.657282,47.832325],[37.657283,47.832325],[37.657156,47.831699],[37.657156,47.831698],[37.656954,47.830691],[37.655726,47.830785],[37.655725,47.830785],[37.654497,47.830878],[37.653984,47.831583],[37.653983,47.831583],[37.653806,47.831828]],[[37.656906,47.831228],[37.65695,47.831433],[37.656873,47.831421],[37.656524,47.831454],[37.656523,47.831454],[37.656523,47.831453],[37.656483,47.83127],[37.656906,47.831228]]]}},{"type":"Feature","properties":{"cadnum":"1421557100:01:002:0238"},"geometry":{"type":"Polygon","coordinates":[[[37.656464,47.832962],[37.656851,47.833106],[37.657134,47.832863],[37.65708,47.83282],[37.656784,47.832575],[37.656464,47.832962]]]}},{"type":"Feature","properties":{"cadnum":"1421557100:01:002:0190"},"geometry":{"type":"Polygon","coordinates":[[[37.657745,47.835648],[37.658355,47.835612],[37.658304,47.835271],[37.658302,47.835253],[37.657916,47.835274],[37.657902,47.835301],[37.657863,47.835386],[37.657864,47.835386],[37.657745,47.835648]]]}},{"type":"Feature","properties":{"cadnum":"1421557100:01:002:0223"},"geometry":{"type":"Polygon","coordinates":[[[37.658099,47.832904],[37.658554,47.832872],[37.658554,47.832865],[37.658099,47.832895],[37.658099,47.832904]]]}},{"type":"Feature","properties":{"cadnum":"1421557100:01:002:0226"},"geometry":{"type":"Polygon","coordinates":[[[37.657588,47.832521],[37.657629,47.832792],[37.657646,47.832917],[37.658099,47.832886],[37.658042,47.832492],[37.657588,47.832521]]]}},{"type":"Feature","properties":{"cadnum":"1421557100:01:002:0164"},"geometry":{"type":"Polygon","coordinates":[[[37.654063,47.83478],[37.655024,47.835271],[37.655023,47.835271],[37.655241,47.835382],[37.655243,47.835382],[37.655554,47.835116],[37.655629,47.835051],[37.655725,47.834968],[37.655726,47.834968],[37.655751,47.834946],[37.655648,47.834893],[37.654547,47.834331],[37.654063,47.83478]]]}},{"type":"Feature","properties":{"cadnum":"1421557100:01:002:0277"},"geometry":{"type":"Polygon","coordinates":[[[37.655436,47.835217],[37.655554,47.835268],[37.655724,47.835341],[37.655868,47.835335],[37.65594,47.835244],[37.655858,47.835174],[37.655747,47.835129],[37.655692,47.83512],[37.655548,47.835123],[37.655436,47.835217]]]}},{"type":"Feature","properties":{"cadnum":"1421557100:01:002:0206"},"geometry":{"type":"Polygon","coordinates":[[[37.658378,47.833779],[37.658424,47.834083],[37.659007,47.834044],[37.658963,47.833739],[37.658917,47.833742],[37.658378,47.833779]]]}},{"type":"Feature","properties":{"cadnum":"1421557100:01:002:0180"},"geometry":{"type":"Polygon","coordinates":[[[37.657283,47.834891],[37.657619,47.835069],[37.657673,47.835021],[37.657988,47.834749],[37.657651,47.834571],[37.657283,47.834891]]]}},{"type":"Feature","properties":{"cadnum":"1421557100:01:002:0224"},"geometry":{"type":"Polygon","coordinates":[[[37.658491,47.832461],[37.658549,47.832856],[37.659003,47.832826],[37.658944,47.832431],[37.658491,47.832461]]]}},{"type":"Feature","properties":{"cadnum":"1421557100:01:002:0186"},"geometry":{"type":"Polygon","coordinates":[[[37.657673,47.835021],[37.658068,47.835226],[37.658298,47.835214],[37.658248,47.834885],[37.657988,47.834749],[37.657673,47.835021]]]}},{"type":"Feature","properties":{"cadnum":"1421557100:01:002:0183"},"geometry":{"type":"Polygon","coordinates":[[[37.655594,47.834008],[37.655725,47.834078],[37.655725,47.834077],[37.655726,47.834077],[37.655931,47.834186],[37.656303,47.833866],[37.655967,47.833688],[37.655594,47.834008]]]}},{"type":"Feature","properties":{"cadnum":"1421557100:01:002:0229"},"geometry":{"type":"Polygon","coordinates":[[[37.656757,47.833422],[37.656766,47.833426],[37.65699,47.83316],[37.656977,47.833154],[37.656757,47.833422]]]}},{"type":"Feature","properties":{"cadnum":"1421557100:01:002:0231"},"geometry":{"type":"Polygon","coordinates":[[[37.658554,47.832872],[37.659007,47.832841],[37.659003,47.832835],[37.658554,47.832865],[37.658554,47.832872]]]}},{"type":"Feature","properties":{"cadnum":"1421557100:01:002:0249"},"geometry":{"type":"Polygon","coordinates":[[[37.65708,47.83282],[37.657134,47.832863],[37.657237,47.832946],[37.657363,47.832941],[37.657651,47.832926],[37.657646,47.832917],[37.657629,47.832792],[37.65708,47.83282]]]}},{"type":"Feature","properties":{"cadnum":"1421557100:01:002:0174"},"geometry":{"type":"Polygon","coordinates":[[[37.655225,47.834327],[37.655554,47.834501],[37.655554,47.834502],[37.655562,47.834505],[37.655725,47.834364],[37.655726,47.834364],[37.655931,47.834186],[37.655594,47.834008],[37.655225,47.834327]]]}},{"type":"Feature","properties":{"cadnum":"1421557100:01:002:0184"},"geometry":{"type":"Polygon","coordinates":[[[37.656271,47.834361],[37.656609,47.834539],[37.656977,47.834219],[37.65664,47.834041],[37.656271,47.834361]]]}},{"type":"Feature","properties":{"cadnum":"1421557100:01:002:0230"},"geometry":{"type":"Polygon","coordinates":[[[37.658554,47.832872],[37.658612,47.833266],[37.659066,47.833236],[37.659007,47.832841],[37.658554,47.832872]]]}},{"type":"Feature","properties":{"cadnum":"1421557100:01:002:0240"},"geometry":{"type":"Polygon","coordinates":[[[37.656015,47.833498],[37.656456,47.833715],[37.656717,47.833408],[37.65624,47.833227],[37.656015,47.833498]]]}},{"type":"Feature","properties":{"cadnum":"1421557100:01:002:0178"},"geometry":{"type":"Polygon","coordinates":[[[37.657556,47.83512],[37.657902,47.835301],[37.657916,47.835274],[37.657934,47.835235],[37.657619,47.835069],[37.657556,47.83512]]]}},{"type":"Feature","properties":{"cadnum":"1421557100:01:002:0179"},"geometry":{"type":"Polygon","coordinates":[[[37.655931,47.834186],[37.656271,47.834361],[37.65664,47.834041],[37.656303,47.833866],[37.655931,47.834186]]]}},{"type":"Feature","properties":{"cadnum":"1421557100:01:002:0196"},"geometry":{"type":"Polygon","coordinates":[[[37.658424,47.834083],[37.658468,47.834388],[37.659051,47.834349],[37.659007,47.834044],[37.658424,47.834083]]]}},{"type":"Feature","properties":{"cadnum":"1421557100:01:002:0245"},"geometry":{"type":"Polygon","coordinates":[[[37.656766,47.833426],[37.656774,47.833429],[37.657,47.833163],[37.65699,47.83316],[37.656766,47.833426]]]}},{"type":"Feature","properties":{"cadnum":"1421557100:01:002:0239"},"geometry":{"type":"Polygon","coordinates":[[[37.656851,47.833106],[37.656977,47.833154],[37.65699,47.83316],[37.657237,47.832946],[37.657134,47.832863],[37.656851,47.833106]]]}},{"type":"Feature","properties":{"cadnum":"1421557100:01:002:0176"},"geometry":{"type":"Polygon","coordinates":[[[37.656577,47.835033],[37.656914,47.835211],[37.657282,47.834891],[37.656946,47.834716],[37.656577,47.835033]]]}},{"type":"Feature","properties":{"cadnum":"1421557100:01:002:0185"},"geometry":{"type":"Polygon","coordinates":[[[37.656946,47.834716],[37.657282,47.834891],[37.657283,47.834891],[37.657651,47.834571],[37.657313,47.834397],[37.656946,47.834716]]]}},{"type":"Feature","properties":{"cadnum":"1421557100:01:002:0242"},"geometry":{"type":"Polygon","coordinates":[[[37.656627,47.833806],[37.656982,47.833996],[37.657292,47.833625],[37.6569,47.833477],[37.656627,47.833806]]]}},{"type":"Feature","properties":{"cadnum":"1421557100:01:002:0227"},"geometry":{"type":"Polygon","coordinates":[[[37.657646,47.832917],[37.657651,47.832926],[37.658099,47.832895],[37.658099,47.832886],[37.657646,47.832917]]]}},{"type":"Feature","properties":{"cadnum":"1421557100:01:002:0228"},"geometry":{"type":"Polygon","coordinates":[[[37.65624,47.833227],[37.656717,47.833408],[37.656757,47.833422],[37.656977,47.833154],[37.656851,47.833106],[37.656464,47.832962],[37.65624,47.833227]]]}},{"type":"Feature","properties":{"cadnum":"1421557100:01:002:0247"},"geometry":{"type":"Polygon","coordinates":[[[37.65699,47.83316],[37.657,47.833163],[37.657072,47.833191],[37.657363,47.832941],[37.657237,47.832946],[37.65699,47.83316]]]}},{"type":"Feature","properties":{"cadnum":"1421557100:01:002:0233"},"geometry":{"type":"Polygon","coordinates":[[[37.657651,47.832935],[37.658099,47.832904],[37.658099,47.832895],[37.657651,47.832926],[37.657651,47.832935]]]}},{"type":"Feature","properties":{"cadnum":"1421557100:01:002:0182"},"geometry":{"type":"Polygon","coordinates":[[[37.656914,47.835211],[37.657026,47.835271],[37.657063,47.83529],[37.657245,47.835386],[37.65725,47.835389],[37.657363,47.83529],[37.657556,47.83512],[37.657619,47.835069],[37.657283,47.834891],[37.657282,47.834891],[37.656914,47.835211]]]}},{"type":"Feature","properties":{"cadnum":"1421557100:01:002:0243"},"geometry":{"type":"Polygon","coordinates":[[[37.656506,47.833739],[37.656627,47.833806],[37.6569,47.833477],[37.656774,47.833429],[37.656766,47.833426],[37.656506,47.833739]]]}},{"type":"Feature","properties":{"cadnum":"1421557100:01:002:0189"},"geometry":{"type":"Polygon","coordinates":[[[37.656609,47.834539],[37.656946,47.834716],[37.657313,47.834397],[37.656977,47.834219],[37.656609,47.834539]]]}},{"type":"Feature","properties":{"cadnum":"1421557100:01:002:0216"},"geometry":{"type":"Polygon","coordinates":[[[37.658468,47.834388],[37.658514,47.834692],[37.659097,47.834653],[37.659051,47.834349],[37.658468,47.834388]]]}},{"type":"Feature","properties":{"cadnum":"1421557100:01:002:0192"},"geometry":{"type":"Polygon","coordinates":[[[37.658603,47.835301],[37.658616,47.835386],[37.658652,47.83563],[37.659191,47.835594],[37.659155,47.835357],[37.659141,47.835265],[37.659061,47.835271],[37.659059,47.835271],[37.658615,47.835301],[37.658603,47.835301]]]}},{"type":"Feature","properties":{"cadnum":"1421557100:01:002:0246"},"geometry":{"type":"Polygon","coordinates":[[[37.657072,47.833191],[37.657512,47.833357],[37.657709,47.83333],[37.657651,47.832935],[37.657651,47.832926],[37.657363,47.832941],[37.657072,47.833191]]]}},{"type":"Feature","properties":{"cadnum":"1421557100:01:002:0181"},"geometry":{"type":"Polygon","coordinates":[[[37.655562,47.834505],[37.655725,47.834591],[37.655725,47.83459],[37.655726,47.83459],[37.655898,47.83468],[37.656271,47.834361],[37.655931,47.834186],[37.655562,47.834505]]]}},{"type":"Feature","properties":{"cadnum":"1421557100:01:002:0175"},"geometry":{"type":"Polygon","coordinates":[[[37.655898,47.83468],[37.656236,47.834858],[37.656609,47.834539],[37.656271,47.834361],[37.655898,47.83468]]]}},{"type":"Feature","properties":{"cadnum":"1421557100:01:002:0204"},"geometry":{"type":"Polygon","coordinates":[[[37.658558,47.834997],[37.658603,47.835301],[37.659141,47.835265],[37.659187,47.835262],[37.659141,47.834957],[37.658558,47.834997]]]}},{"type":"Feature","properties":{"cadnum":"1421557100:01:002:0222"},"geometry":{"type":"Polygon","coordinates":[[[37.658099,47.832904],[37.658158,47.833299],[37.658612,47.833266],[37.658554,47.832872],[37.658099,47.832904]]]}},{"type":"Feature","properties":{"cadnum":"1421557100:01:002:0232"},"geometry":{"type":"Polygon","coordinates":[[[37.657651,47.832935],[37.657709,47.83333],[37.658158,47.833299],[37.658099,47.832904],[37.657651,47.832935]]]}},{"type":"Feature","properties":{"cadnum":"1421557100:01:003:0137"},"geometry":{"type":"Polygon","coordinates":[[[37.659667,47.831797],[37.659672,47.831815],[37.660148,47.831773],[37.660143,47.831752],[37.659667,47.831797]]]}},{"type":"Feature","properties":{"cadnum":"1421557100:01:002:0248"},"geometry":{"type":"Polygon","coordinates":[[[37.656784,47.832575],[37.65708,47.83282],[37.657629,47.832792],[37.657588,47.832521],[37.656784,47.832575]]]}},{"type":"Feature","properties":{"cadnum":"1421557100:01:002:0187"},"geometry":{"type":"Polygon","coordinates":[[[37.657619,47.835069],[37.657934,47.835235],[37.658068,47.835226],[37.657673,47.835021],[37.657619,47.835069]]]}},{"type":"Feature","properties":{"cadnum":"1421557100:01:002:0241"},"geometry":{"type":"Polygon","coordinates":[[[37.656456,47.833715],[37.656506,47.833739],[37.656766,47.833426],[37.656757,47.833422],[37.656717,47.833408],[37.656456,47.833715]]]}},{"type":"Feature","properties":{"cadnum":"1421557100:01:002:0177"},"geometry":{"type":"Polygon","coordinates":[[[37.65725,47.835389],[37.657745,47.835648],[37.657902,47.835301],[37.657556,47.83512],[37.657385,47.835271],[37.657384,47.835271],[37.657363,47.83529],[37.657253,47.835386],[37.65725,47.835389]]]}},{"type":"Feature","properties":{"cadnum":"1421557100:01:002:0244"},"geometry":{"type":"Polygon","coordinates":[[[37.656774,47.833429],[37.6569,47.833477],[37.657292,47.833625],[37.657512,47.833357],[37.657072,47.833191],[37.657,47.833163],[37.656774,47.833429]]]}},{"type":"Feature","properties":{"cadnum":"1421557100:01:002:0236"},"geometry":{"type":"Polygon","coordinates":[[[37.658042,47.832492],[37.658099,47.832886],[37.658549,47.832856],[37.658491,47.832461],[37.658042,47.832492]]]}},{"type":"Feature","properties":{"cadnum":"1421557100:01:002:0191"},"geometry":{"type":"Polygon","coordinates":[[[37.657916,47.835274],[37.658302,47.835253],[37.658298,47.835214],[37.658068,47.835226],[37.657934,47.835235],[37.657916,47.835274]]]}},{"type":"Feature","properties":{"cadnum":"1421557100:01:002:0416"},"geometry":{"type":"Polygon","coordinates":[[[37.654206,47.834508],[37.654439,47.834632],[37.65447,47.834647],[37.654628,47.834731],[37.654628,47.834732],[37.654421,47.834919],[37.654399,47.834939],[37.654453,47.83497],[37.654484,47.834946],[37.654732,47.834725],[37.655522,47.835141],[37.655548,47.835123],[37.655554,47.835123],[37.655692,47.83512],[37.655725,47.835127],[37.655725,47.835126],[37.655726,47.835126],[37.655747,47.835129],[37.655858,47.835174],[37.65594,47.835244],[37.655917,47.835271],[37.655916,47.835271],[37.65589,47.835301],[37.655872,47.835328],[37.655868,47.835335],[37.65581,47.835386],[37.655638,47.83554],[37.655725,47.835581],[37.655726,47.835581],[37.655988,47.835706],[37.65607,47.835748],[37.656231,47.835606],[37.656546,47.835329],[37.656654,47.835235],[37.655726,47.834771],[37.655725,47.834771],[37.654596,47.834207],[37.654206,47.834508]]]}},{"type":"Feature","properties":{"cadnum":"1421557100:01:003:0272"},"geometry":{"type":"Polygon","coordinates":[[[37.660975,47.831301],[37.661029,47.831583],[37.661028,47.831583],[37.661051,47.831695],[37.661067,47.831694],[37.661219,47.83168],[37.6615,47.831656],[37.661424,47.831261],[37.661047,47.831294],[37.660975,47.831301]]]}},{"type":"Feature","properties":{"cadnum":"1421557100:01:003:0218"},"geometry":{"type":"Polygon","coordinates":[[[37.660602,47.831734],[37.660678,47.83213],[37.661127,47.832087],[37.661051,47.831695],[37.660602,47.831734]]]}},{"type":"Feature","properties":{"cadnum":"1421557100:01:002:0194"},"geometry":{"type":"Polygon","coordinates":[[[37.658514,47.834692],[37.658558,47.834997],[37.659141,47.834957],[37.659097,47.834653],[37.658514,47.834692]]]}},{"type":"Feature","properties":{"cadnum":"1421557100:07:000:0337"},"geometry":{"type":"Polygon","coordinates":[[[37.659497,47.832799],[37.659537,47.833073],[37.661047,47.833],[37.66393,47.832859],[37.663898,47.832575],[37.663508,47.832593],[37.661833,47.8327],[37.661156,47.832721],[37.660005,47.832756],[37.659497,47.832799]]]}},{"type":"Feature","properties":{"cadnum":"1421557100:07:000:0028"},"geometry":{"type":"Polygon","coordinates":[[[37.658774,47.834029],[37.658841,47.834979],[37.660889,47.834879],[37.661047,47.834872],[37.661047,47.834873],[37.661154,47.834867],[37.661219,47.834865],[37.661219,47.834864],[37.661405,47.834855],[37.663229,47.834765],[37.663229,47.834701],[37.66654,47.834541],[37.66654,47.834542],[37.668386,47.834451],[37.668359,47.833562],[37.66654,47.833651],[37.661219,47.833911],[37.661219,47.83391],[37.65965,47.833987],[37.659397,47.833999],[37.658774,47.834029]]]}},{"type":"Feature","properties":{"cadnum":"1421557100:01:002:0225"},"geometry":{"type":"Polygon","coordinates":[[[37.658549,47.832856],[37.658554,47.832865],[37.659003,47.832835],[37.659003,47.832826],[37.658549,47.832856]]]}},{"type":"Feature","properties":{"cadnum":"1421557100:01:002:0198"},"geometry":{"type":"Polygon","coordinates":[[[37.658329,47.833447],[37.658378,47.833779],[37.658917,47.833742],[37.658868,47.833411],[37.658329,47.833447]]]}},{"type":"Feature","properties":{"cadnum":"1421557100:01:003:0228"},"geometry":{"type":"Polygon","coordinates":[[[37.661051,47.831695],[37.661127,47.832087],[37.661219,47.83208],[37.661219,47.832079],[37.661577,47.832048],[37.6615,47.831656],[37.661051,47.831695]]]}},{"type":"Feature","properties":{"cadnum":"1421557100:01:003:0205"},"geometry":{"type":"Polygon","coordinates":[[[37.660521,47.831343],[37.66057,47.831583],[37.660585,47.831657],[37.660594,47.831698],[37.660594,47.831699],[37.660602,47.831734],[37.661049,47.831695],[37.661051,47.831695],[37.660975,47.831301],[37.660521,47.831343]]]}},{"type":"Feature","properties":{"cadnum":"1421557100:04:000:0077"},"geometry":{"type":"Polygon","coordinates":[[[37.72086,47.825718],[37.720866,47.826138],[37.721472,47.826156],[37.72157,47.826159],[37.721584,47.825736],[37.72086,47.825718]]]}},{"type":"Feature","properties":{"cadnum":"1421557100:04:000:0127"},"geometry":{"type":"Polygon","coordinates":[[[37.722042,47.826189],[37.722451,47.826196],[37.722441,47.825745],[37.722046,47.82574],[37.722042,47.826189]]]}},{"type":"Feature","properties":{"cadnum":"1421557100:04:000:0070"},"geometry":{"type":"Polygon","coordinates":[[[37.721633,47.825088],[37.721633,47.825157],[37.722141,47.825146],[37.722164,47.825626],[37.722221,47.825626],[37.722248,47.825092],[37.721633,47.825088]]]}},{"type":"Feature","properties":{"cadnum":"1421557100:04:000:0087"},"geometry":{"type":"Polygon","coordinates":[[[37.722644,47.825067],[37.722981,47.825061],[37.723003,47.824612],[37.722667,47.824609],[37.722644,47.825067]]]}},{"type":"Feature","properties":{"cadnum":"1421557100:04:000:0133"},"geometry":{"type":"Polygon","coordinates":[[[37.72108,47.826315],[37.72109,47.826551],[37.72109,47.826623],[37.721472,47.826634],[37.721472,47.826635],[37.722042,47.82665],[37.722042,47.826328],[37.721472,47.826321],[37.72108,47.826315]]]}},{"type":"Feature","properties":{"cadnum":"1421557100:04:000:0103"},"geometry":{"type":"Polygon","coordinates":[[[37.721629,47.825287],[37.722145,47.825287],[37.722141,47.825146],[37.721633,47.825157],[37.721629,47.825287]]]}},{"type":"Feature","properties":{"cadnum":"1421557100:04:000:0102"},"geometry":{"type":"Polygon","coordinates":[[[37.721619,47.825626],[37.722164,47.825626],[37.722145,47.825287],[37.721629,47.825287],[37.721619,47.825626]]]}},{"type":"Feature","properties":{"cadnum":"1421557100:04:000:0132"},"geometry":{"type":"Polygon","coordinates":[[[37.72108,47.826315],[37.721643,47.826323],[37.721644,47.826323],[37.722042,47.826328],[37.722042,47.826189],[37.722046,47.82574],[37.721584,47.825736],[37.72157,47.826159],[37.721566,47.826276],[37.721566,47.826277],[37.72108,47.826265],[37.72108,47.826315]]]}},{"type":"Feature","properties":{"cadnum":"1421557100:04:000:0069"},"geometry":{"type":"Polygon","coordinates":[[[37.72087,47.825191],[37.721269,47.825212],[37.721256,47.825631],[37.721472,47.825633],[37.721472,47.825634],[37.721615,47.825635],[37.721619,47.825626],[37.721633,47.825157],[37.721633,47.825088],[37.721638,47.825043],[37.720955,47.825031],[37.720874,47.825031],[37.72087,47.825191]]]}},{"type":"Feature","properties":{"cadnum":"1421557100:08:000:0059"},"geometry":{"type":"Polygon","coordinates":[[[37.722411,47.824555],[37.724292,47.824624],[37.724313,47.824323],[37.724314,47.824323],[37.724548,47.821147],[37.722667,47.821077],[37.722427,47.824323],[37.722428,47.824323],[37.722411,47.824555]]]}},{"type":"Feature","properties":{"cadnum":"1421557100:04:000:0068"},"geometry":{"type":"Polygon","coordinates":[[[37.720955,47.825031],[37.721472,47.82504],[37.721638,47.825043],[37.721643,47.824867],[37.721643,47.824866],[37.721651,47.8246],[37.721619,47.8246],[37.720969,47.824591],[37.720955,47.825031]]]}},{"type":"Feature","properties":{"cadnum":"1421557100:04:000:0129"},"geometry":{"type":"Polygon","coordinates":[[[37.7232,47.826141],[37.72321,47.826816],[37.72382,47.826867],[37.723875,47.825764],[37.723669,47.825761],[37.723659,47.826147],[37.7232,47.826141]]]}},{"type":"Feature","properties":{"cadnum":"1421557100:04:000:0130"},"geometry":{"type":"Polygon","coordinates":[[[37.722042,47.826189],[37.722042,47.82665],[37.72246,47.826677],[37.722451,47.826196],[37.722042,47.826189]]]}},{"type":"Feature","properties":{"cadnum":"1421557100:04:000:0128"},"geometry":{"type":"Polygon","coordinates":[[[37.723196,47.825755],[37.7232,47.826141],[37.723659,47.826147],[37.723669,47.825761],[37.723196,47.825755]]]}},{"type":"Feature","properties":{"cadnum":"1421557100:08:000:0060"},"geometry":{"type":"Polygon","coordinates":[[[37.720524,47.824482],[37.721643,47.824526],[37.721644,47.824526],[37.722411,47.824555],[37.722436,47.824207],[37.722435,47.824207],[37.722667,47.821077],[37.721644,47.821039],[37.721643,47.821039],[37.72078,47.821005],[37.720534,47.824323],[37.720535,47.824323],[37.720524,47.824482]]]}},{"type":"Feature","properties":{"cadnum":"1421557100:04:000:0078"},"geometry":{"type":"Polygon","coordinates":[[[37.720866,47.826138],[37.72087,47.826551],[37.72109,47.826551],[37.72108,47.826265],[37.721472,47.826274],[37.721472,47.826275],[37.721566,47.826277],[37.72157,47.826159],[37.720866,47.826138]]]}},{"type":"Feature","properties":{"cadnum":"1421557100:04:000:0122"},"geometry":{"type":"Polygon","coordinates":[[[37.7225,47.826177],[37.722909,47.826177],[37.722891,47.825727],[37.7225,47.825725],[37.7225,47.826177]]]}},{"type":"Feature","properties":{"cadnum":"1421557100:04:000:0067"},"geometry":{"type":"Polygon","coordinates":[[[37.721633,47.825088],[37.722248,47.825092],[37.722271,47.824606],[37.721651,47.8246],[37.721638,47.825043],[37.721633,47.825088]]]}},{"type":"Feature","properties":{"cadnum":"1421557100:04:000:0109"},"geometry":{"type":"Polygon","coordinates":[[[37.725747,47.825218],[37.725766,47.825649],[37.726156,47.825644],[37.726143,47.825212],[37.725747,47.825218]]]}},{"type":"Feature","properties":{"cadnum":"1421557100:04:000:0121"},"geometry":{"type":"Polygon","coordinates":[[[37.726906,47.825161],[37.726925,47.825628],[37.726965,47.825628],[37.727059,47.825627],[37.727137,47.825626],[37.727137,47.825625],[37.727311,47.825622],[37.727292,47.825155],[37.726988,47.82516],[37.726906,47.825161]]]}},{"type":"Feature","properties":{"cadnum":"1421557100:04:000:0098"},"geometry":{"type":"Polygon","coordinates":[[[37.725608,47.825713],[37.72564,47.826518],[37.726017,47.826509],[37.726003,47.826283],[37.726525,47.826268],[37.726538,47.826496],[37.726911,47.826487],[37.726875,47.825682],[37.725608,47.825713]]]}},{"type":"Feature","properties":{"cadnum":"1421557100:04:000:0119"},"geometry":{"type":"Polygon","coordinates":[[[37.725734,47.824763],[37.725734,47.824814],[37.725738,47.824907],[37.725747,47.825218],[37.726143,47.825212],[37.726143,47.825173],[37.726133,47.824983],[37.726129,47.824889],[37.726125,47.824757],[37.725734,47.824763]]]}},{"type":"Feature","properties":{"cadnum":"1421557100:04:000:0079"},"geometry":{"type":"Polygon","coordinates":[[[37.724724,47.825734],[37.724768,47.82631],[37.725267,47.826292],[37.725267,47.825713],[37.724724,47.825734]]]}},{"type":"Feature","properties":{"cadnum":"1421557100:04:000:0086"},"geometry":{"type":"Polygon","coordinates":[[[37.726003,47.826283],[37.726017,47.826509],[37.726538,47.826496],[37.726525,47.826268],[37.726003,47.826283]]]}},{"type":"Feature","properties":{"cadnum":"1421557100:04:000:0106"},"geometry":{"type":"Polygon","coordinates":[[[37.726143,47.825173],[37.726156,47.825644],[37.726538,47.825637],[37.726525,47.825166],[37.726143,47.825173]]]}},{"type":"Feature","properties":{"cadnum":"1421557100:08:000:0058"},"geometry":{"type":"Polygon","coordinates":[[[37.724292,47.824624],[37.724764,47.824642],[37.726187,47.82466],[37.726211,47.824323],[37.726439,47.821219],[37.724548,47.821147],[37.724322,47.824207],[37.724292,47.824624]]]}},{"type":"Feature","properties":{"cadnum":"1421557100:07:000:0351"},"geometry":{"type":"Polygon","coordinates":[[[37.67745,47.83954],[37.677526,47.839543],[37.677526,47.839544],[37.677659,47.839549],[37.677698,47.83955],[37.677854,47.839556],[37.677871,47.839377],[37.677526,47.839362],[37.677467,47.839359],[37.67745,47.83954]]]}},{"type":"Feature","properties":{"cadnum":"1421557100:07:000:0320"},"geometry":{"type":"Polygon","coordinates":[[[37.678056,47.840394],[37.67846,47.840412],[37.678479,47.840231],[37.678083,47.840222],[37.678056,47.840394]]]}},{"type":"Feature","properties":{"cadnum":"1421557100:07:000:0278"},"geometry":{"type":"Polygon","coordinates":[[[37.677746,47.841587],[37.678169,47.841605],[37.678182,47.841431],[37.677768,47.841406],[37.677746,47.841587]]]}},{"type":"Feature","properties":{"cadnum":"1421557100:07:000:0130"},"geometry":{"type":"Polygon","coordinates":[[[37.67815,47.839504],[37.678546,47.839519],[37.678563,47.839326],[37.678169,47.839308],[37.67815,47.839504]]]}},{"type":"Feature","properties":{"cadnum":"1421557100:00:007:0252"},"geometry":{"type":"Polygon","coordinates":[[[37.677041,47.839703],[37.677431,47.839719],[37.677526,47.839723],[37.677528,47.839723],[37.677698,47.839731],[37.677836,47.839737],[37.677854,47.839556],[37.677659,47.839549],[37.67745,47.83954],[37.677058,47.839522],[37.677041,47.839703]]]}},{"type":"Feature","properties":{"cadnum":"1421557100:07:000:0240"},"geometry":{"type":"Polygon","coordinates":[[[37.678114,47.839863],[37.67851,47.839875],[37.678527,47.839697],[37.678133,47.839685],[37.678114,47.839863]]]}},{"type":"Feature","properties":{"cadnum":"1421557100:07:000:0357"},"geometry":{"type":"Polygon","coordinates":[[[37.67772,47.841768],[37.677706,47.841916],[37.677733,47.842094],[37.677899,47.842097],[37.678312,47.841793],[37.67815,47.841786],[37.67772,47.841768]]]}},{"type":"Feature","properties":{"cadnum":"1421557100:07:000:0131"},"geometry":{"type":"Polygon","coordinates":[[[37.678096,47.840041],[37.678492,47.840053],[37.67851,47.839875],[37.678114,47.839863],[37.678096,47.840041]]]}},{"type":"Feature","properties":{"cadnum":"1421557100:07:000:0137"},"geometry":{"type":"Polygon","coordinates":[[[37.677678,47.840028],[37.678096,47.840041],[37.678114,47.839863],[37.677697,47.839848],[37.677678,47.840028]]]}},{"type":"Feature","properties":{"cadnum":"1421557100:01:007:0257"},"geometry":{"type":"Polygon","coordinates":[[[37.677194,47.840186],[37.677526,47.840197],[37.677526,47.840198],[37.677603,47.8402],[37.677616,47.840019],[37.677211,47.840005],[37.677194,47.840186]]]}},{"type":"Feature","properties":{"cadnum":"1421557100:07:000:0289"},"geometry":{"type":"Polygon","coordinates":[[[37.677292,47.841581],[37.677526,47.841588],[37.677526,47.841589],[37.677693,47.841594],[37.677698,47.84154],[37.677698,47.841539],[37.67771,47.841415],[37.677609,47.841412],[37.677305,47.8414],[37.677292,47.841581]]]}},{"type":"Feature","properties":{"cadnum":"1421557100:07:000:0122"},"geometry":{"type":"Polygon","coordinates":[[[37.67815,47.841786],[37.678312,47.841793],[37.678527,47.841639],[37.678582,47.841563],[37.678603,47.841446],[37.678182,47.841431],[37.678169,47.841605],[37.67815,47.841786]]]}},{"type":"Feature","properties":{"cadnum":"1421557100:07:000:0132"},"geometry":{"type":"Polygon","coordinates":[[[37.678609,47.839525],[37.679008,47.839547],[37.679026,47.839348],[37.678626,47.839326],[37.678609,47.839525]]]}},{"type":"Feature","properties":{"cadnum":"1421557100:07:000:0015"},"geometry":{"type":"Polygon","coordinates":[[[37.677634,47.844086],[37.68302,47.844569],[37.683126,47.844579],[37.683191,47.844585],[37.683527,47.844614],[37.683549,47.844291],[37.683677,47.84276],[37.683689,47.842615],[37.68376,47.841738],[37.683115,47.84168],[37.679354,47.841343],[37.679808,47.842305],[37.680382,47.842645],[37.680439,47.842679],[37.680576,47.84276],[37.680984,47.843001],[37.68128,47.843281],[37.681452,47.843576],[37.681452,47.843577],[37.681102,47.843788],[37.677863,47.843725],[37.677638,47.844047],[37.677634,47.844086]]]}},{"type":"Feature","properties":{"cadnum":"1421557100:07:000:0277"},"geometry":{"type":"Polygon","coordinates":[[[37.678043,47.840577],[37.678452,47.840595],[37.67846,47.840412],[37.678051,47.840394],[37.678043,47.840577]]]}},{"type":"Feature","properties":{"cadnum":"1421557100:07:000:0016"},"geometry":{"type":"Polygon","coordinates":[[[37.679354,47.841343],[37.68302,47.841672],[37.683115,47.84168],[37.683191,47.841687],[37.68376,47.841738],[37.683819,47.840999],[37.683903,47.839941],[37.683949,47.83942],[37.683958,47.839299],[37.683191,47.839231],[37.681445,47.839073],[37.680064,47.838949],[37.680059,47.838958],[37.680058,47.838958],[37.679924,47.839203],[37.679645,47.839712],[37.679372,47.840218],[37.679354,47.841343]],[[37.683873,47.839685],[37.683872,47.839685],[37.68385,47.839685],[37.68385,47.83967],[37.683872,47.83967],[37.683873,47.83967],[37.683873,47.839685]],[[37.683181,47.839634],[37.683203,47.839634],[37.683203,47.839648],[37.683181,47.839648],[37.683181,47.839634]],[[37.682534,47.839612],[37.682517,47.839612],[37.682517,47.839598],[37.682538,47.839598],[37.682534,47.839612]],[[37.681869,47.839576],[37.681846,47.839576],[37.681846,47.839561],[37.681869,47.839561],[37.681869,47.839576]],[[37.6812,47.83954],[37.681177,47.83954],[37.681177,47.839525],[37.6812,47.839525],[37.6812,47.83954]],[[37.680531,47.839504],[37.68053,47.839504],[37.680508,47.839504],[37.680508,47.839489],[37.68053,47.839489],[37.680531,47.839489],[37.680531,47.839504]]]}},{"type":"Feature","properties":{"cadnum":"1421557100:06:000:0311"},"geometry":{"type":"Polygon","coordinates":[[[37.651124,47.80405],[37.655725,47.804481],[37.655726,47.804481],[37.655726,47.80448],[37.659906,47.804871],[37.661047,47.803],[37.661047,47.803001],[37.661577,47.802131],[37.661047,47.802105],[37.661047,47.802106],[37.660422,47.802074],[37.660368,47.802071],[37.655611,47.801767],[37.653631,47.801709],[37.652997,47.802074],[37.652996,47.802074],[37.651923,47.802693],[37.651124,47.80405]]]}},{"type":"Feature","properties":{"cadnum":"1421557100:06:000:0052"},"geometry":{"type":"Polygon","coordinates":[[[37.606307,47.816291],[37.61178,47.816684],[37.61178,47.816683],[37.612955,47.816768],[37.612955,47.816765],[37.613014,47.816282],[37.61178,47.815743],[37.608773,47.814427],[37.608697,47.814472],[37.607112,47.815437],[37.606307,47.816291]]]}},{"type":"Feature","properties":{"cadnum":"1421557100:06:000:0091"},"geometry":{"type":"Polygon","coordinates":[[[37.616737,47.815256],[37.617102,47.815418],[37.618399,47.815992],[37.622595,47.814101],[37.622731,47.81404],[37.622766,47.814023],[37.622767,47.814023],[37.623838,47.81354],[37.623169,47.813142],[37.623168,47.813142],[37.622662,47.81284],[37.622419,47.812696],[37.621173,47.813257],[37.617273,47.815015],[37.616737,47.815256]]]}},{"type":"Feature","properties":{"cadnum":"1421557100:06:000:0051"},"geometry":{"type":"Polygon","coordinates":[[[37.60558,47.817401],[37.606287,47.817452],[37.61178,47.817845],[37.612815,47.817919],[37.612947,47.816831],[37.612955,47.816768],[37.611609,47.816671],[37.611608,47.816671],[37.606307,47.816291],[37.606225,47.816379],[37.6058,47.816831],[37.605799,47.816831],[37.60563,47.817012],[37.60558,47.817401]]]}},{"type":"Feature","properties":{"cadnum":"1421557100:06:000:0053"},"geometry":{"type":"Polygon","coordinates":[[[37.612722,47.818695],[37.617273,47.819021],[37.617273,47.81902],[37.619433,47.819175],[37.617273,47.8182],[37.617273,47.818199],[37.614385,47.816894],[37.6138,47.816629],[37.613014,47.816282],[37.612948,47.816831],[37.612947,47.816831],[37.612722,47.818695]]]}},{"type":"Feature","properties":{"cadnum":"1421557100:06:000:0092"},"geometry":{"type":"Polygon","coordinates":[[[37.6142,47.814134],[37.616737,47.815256],[37.617102,47.815092],[37.621429,47.813142],[37.622419,47.812696],[37.621327,47.812048],[37.618902,47.813142],[37.618901,47.813142],[37.618754,47.813208],[37.618752,47.813209],[37.618562,47.813257],[37.617102,47.813628],[37.61627,47.813839],[37.614221,47.814041],[37.6142,47.814134]]]}},{"type":"Feature","properties":{"cadnum":"1421557100:07:000:0195"},"geometry":{"type":"Polygon","coordinates":[[[37.682785,47.810615],[37.68302,47.810656],[37.685283,47.811049],[37.685291,47.809453],[37.685305,47.80694],[37.68302,47.806898],[37.68284,47.806895],[37.682801,47.809453],[37.682785,47.810615]]]}},{"type":"Feature","properties":{"cadnum":"1421557100:01:003:0207"},"geometry":{"type":"Polygon","coordinates":[[[37.664504,47.829078],[37.664554,47.82922],[37.664842,47.829174],[37.66482,47.829117],[37.664797,47.829066],[37.664504,47.829078]]]}},{"type":"Feature","properties":{"cadnum":"1421557100:01:003:0323"},"geometry":{"type":"Polygon","coordinates":[[[37.665493,47.827459],[37.665506,47.827537],[37.66558,47.828011],[37.665581,47.828011],[37.665588,47.828056],[37.665906,47.828013],[37.665888,47.827937],[37.665772,47.827432],[37.665493,47.827459]]]}},{"type":"Feature","properties":{"cadnum":"1421557100:01:003:0321"},"geometry":{"type":"Polygon","coordinates":[[[37.665852,47.828888],[37.665974,47.829573],[37.666242,47.829542],[37.666099,47.828858],[37.665852,47.828888]]]}},{"type":"Feature","properties":{"cadnum":"1421557100:01:003:0075"},"geometry":{"type":"Polygon","coordinates":[[[37.663458,47.828646],[37.663458,47.828773],[37.663588,47.828773],[37.663588,47.828695],[37.663592,47.82865],[37.663539,47.82865],[37.663539,47.828583],[37.663508,47.828583],[37.663508,47.82865],[37.663458,47.828646]]]}},{"type":"Feature","properties":{"cadnum":"1421557100:01:003:0292"},"geometry":{"type":"Polygon","coordinates":[[[37.662879,47.82937],[37.663032,47.830045],[37.663288,47.830036],[37.663122,47.829364],[37.662992,47.829368],[37.662879,47.82937]]]}},{"type":"Feature","properties":{"cadnum":"1421557100:01:002:0431"},"geometry":{"type":"Polygon","coordinates":[[[37.662174,47.82795],[37.662174,47.827953],[37.662183,47.828004],[37.662183,47.828011],[37.66221,47.82836],[37.662219,47.828505],[37.662537,47.828493],[37.662515,47.827938],[37.662174,47.82795]]]}},{"type":"Feature","properties":{"cadnum":"1421557100:01:003:0300"},"geometry":{"type":"Polygon","coordinates":[[[37.665453,47.828773],[37.665493,47.828943],[37.665816,47.828879],[37.665785,47.828737],[37.665453,47.828773]]]}},{"type":"Feature","properties":{"cadnum":"1421557100:01:003:0221"},"geometry":{"type":"Polygon","coordinates":[[[37.661195,47.827875],[37.661197,47.827895],[37.661199,47.827904],[37.661199,47.827905],[37.661211,47.828011],[37.661217,47.828065],[37.661567,47.828047],[37.661543,47.827961],[37.661518,47.827868],[37.661195,47.827875]]]}},{"type":"Feature","properties":{"cadnum":"1421557100:01:003:0177"},"geometry":{"type":"Polygon","coordinates":[[[37.662524,47.828686],[37.66255,47.82909],[37.662978,47.82909],[37.662965,47.828671],[37.662524,47.828686]]]}},{"type":"Feature","properties":{"cadnum":"1421557100:01:003:0087"},"geometry":{"type":"Polygon","coordinates":[[[37.662277,47.829337],[37.662426,47.829334],[37.662565,47.829331],[37.662565,47.82931],[37.662277,47.829316],[37.662277,47.829337]]]}},{"type":"Feature","properties":{"cadnum":"1421557100:01:003:0219"},"geometry":{"type":"Polygon","coordinates":[[[37.663131,47.829392],[37.663288,47.830036],[37.663611,47.83],[37.663435,47.829569],[37.663368,47.829397],[37.663131,47.829392]]]}},{"type":"Feature","properties":{"cadnum":"1421557100:01:003:0093"},"geometry":{"type":"Polygon","coordinates":[[[37.663045,47.831536],[37.663054,47.831583],[37.663053,47.831583],[37.663074,47.831686],[37.663076,47.831698],[37.663076,47.831699],[37.663122,47.831927],[37.663571,47.831888],[37.663533,47.831699],[37.663533,47.831698],[37.663494,47.831496],[37.663045,47.831536]]]}},{"type":"Feature","properties":{"cadnum":"1421557100:01:003:0066"},"geometry":{"type":"Polygon","coordinates":[[[37.666437,47.829759],[37.666495,47.830036],[37.66654,47.830032],[37.66654,47.830033],[37.667137,47.829973],[37.667074,47.829696],[37.666712,47.829732],[37.666437,47.829759]]]}},{"type":"Feature","properties":{"cadnum":"1421557100:01:003:0250"},"geometry":{"type":"Polygon","coordinates":[[[37.66247,47.831162],[37.662529,47.831523],[37.663032,47.831478],[37.662965,47.831129],[37.66247,47.831162]]]}},{"type":"Feature","properties":{"cadnum":"1421557100:01:003:0155"},"geometry":{"type":"Polygon","coordinates":[[[37.664676,47.830462],[37.665125,47.83042],[37.665125,47.830414],[37.664676,47.830453],[37.664676,47.830462]]]}},{"type":"Feature","properties":{"cadnum":"1421557100:01:003:0142"},"geometry":{"type":"Polygon","coordinates":[[[37.662875,47.830622],[37.663328,47.830583],[37.663324,47.830573],[37.662875,47.830615],[37.662875,47.830622]]]}},{"type":"Feature","properties":{"cadnum":"1421557100:01:003:0082"},"geometry":{"type":"Polygon","coordinates":[[[37.660885,47.830791],[37.660957,47.831183],[37.661219,47.831162],[37.661405,47.831147],[37.661334,47.830751],[37.661152,47.830768],[37.660885,47.830791]]]}},{"type":"Feature","properties":{"cadnum":"1421557100:01:003:0299"},"geometry":{"type":"Polygon","coordinates":[[[37.665326,47.828255],[37.665453,47.828773],[37.665785,47.828737],[37.665672,47.828219],[37.665326,47.828255]]]}},{"type":"Feature","properties":{"cadnum":"1421557100:01:003:0141"},"geometry":{"type":"Polygon","coordinates":[[[37.662875,47.830622],[37.662955,47.831017],[37.663405,47.830975],[37.663328,47.830583],[37.662875,47.830622]]]}},{"type":"Feature","properties":{"cadnum":"1421557100:01:003:0086"},"geometry":{"type":"Polygon","coordinates":[[[37.662237,47.828692],[37.662277,47.829316],[37.662565,47.82931],[37.662524,47.828686],[37.662237,47.828692]]]}},{"type":"Feature","properties":{"cadnum":"1421557100:01:003:0069"},"geometry":{"type":"Polygon","coordinates":[[[37.665363,47.830405],[37.665435,47.830796],[37.665884,47.83076],[37.665812,47.830365],[37.665363,47.830405]]]}},{"type":"Feature","properties":{"cadnum":"1421557100:01:003:0275"},"geometry":{"type":"Polygon","coordinates":[[[37.661424,47.831255],[37.661488,47.831583],[37.661487,47.831583],[37.6615,47.831647],[37.661572,47.831641],[37.66195,47.831608],[37.661873,47.831213],[37.661424,47.831255]]]}},{"type":"Feature","properties":{"cadnum":"1421557100:01:003:0266"},"geometry":{"type":"Polygon","coordinates":[[[37.663957,47.831451],[37.664004,47.831698],[37.664005,47.831698],[37.664005,47.831699],[37.664034,47.831846],[37.664483,47.831806],[37.664459,47.831688],[37.664406,47.831415],[37.663957,47.831451]]]}},{"type":"Feature","properties":{"cadnum":"1421557100:01:003:0264"},"geometry":{"type":"Polygon","coordinates":[[[37.663925,47.829452],[37.664078,47.829928],[37.664317,47.829886],[37.664311,47.829868],[37.664317,47.829868],[37.664317,47.829859],[37.664311,47.829859],[37.664284,47.829756],[37.664258,47.82969],[37.664164,47.829386],[37.664055,47.829415],[37.663925,47.829452]]]}},{"type":"Feature","properties":{"cadnum":"1421557100:01:003:0203"},"geometry":{"type":"Polygon","coordinates":[[[37.662426,47.830664],[37.662502,47.831056],[37.662955,47.831017],[37.662875,47.830624],[37.662875,47.830622],[37.662426,47.830664]]]}},{"type":"Feature","properties":{"cadnum":"1421557100:01:003:0139"},"geometry":{"type":"Polygon","coordinates":[[[37.661873,47.831213],[37.66195,47.831608],[37.662399,47.831569],[37.662322,47.831174],[37.661873,47.831213]]]}},{"type":"Feature","properties":{"cadnum":"1421557100:01:003:0131"},"geometry":{"type":"Polygon","coordinates":[[[37.66195,47.831614],[37.661954,47.831623],[37.662403,47.831583],[37.662403,47.831574],[37.66195,47.831614]]]}},{"type":"Feature","properties":{"cadnum":"1421557100:01:003:0063"},"geometry":{"type":"Polygon","coordinates":[[[37.662965,47.831134],[37.663041,47.831526],[37.663041,47.831527],[37.663494,47.831487],[37.663414,47.831095],[37.662965,47.831134]]]}},{"type":"Feature","properties":{"cadnum":"1421557100:01:003:0301"},"geometry":{"type":"Polygon","coordinates":[[[37.661787,47.830715],[37.66186,47.831111],[37.662309,47.831071],[37.662237,47.830679],[37.661787,47.830715]]]}},{"type":"Feature","properties":{"cadnum":"1421557100:01:003:0108"},"geometry":{"type":"Polygon","coordinates":[[[37.662592,47.831574],[37.663045,47.831536],[37.663041,47.831527],[37.662592,47.831569],[37.662592,47.831574]]]}},{"type":"Feature","properties":{"cadnum":"1421557100:01:003:0099"},"geometry":{"type":"Polygon","coordinates":[[[37.661275,47.830311],[37.661343,47.830724],[37.661774,47.830688],[37.661697,47.830269],[37.661275,47.830311]]]}},{"type":"Feature","properties":{"cadnum":"1421557100:01:003:0154"},"geometry":{"type":"Polygon","coordinates":[[[37.664676,47.830462],[37.664756,47.830854],[37.665206,47.830814],[37.665125,47.83042],[37.664676,47.830462]]]}},{"type":"Feature","properties":{"cadnum":"1421557100:01:003:0195"},"geometry":{"type":"Polygon","coordinates":[[[37.663697,47.830139],[37.663772,47.830534],[37.664227,47.830492],[37.664145,47.8301],[37.663697,47.830139]]]}},{"type":"Feature","properties":{"cadnum":"1421557100:01:003:0277"},"geometry":{"type":"Polygon","coordinates":[[[37.6615,47.831659],[37.661507,47.831698],[37.661508,47.831698],[37.661508,47.831699],[37.661577,47.832051],[37.66203,47.832014],[37.661954,47.831625],[37.661954,47.831623],[37.661727,47.831641],[37.6615,47.831659]]]}},{"type":"Feature","properties":{"cadnum":"1421557100:01:003:0251"},"geometry":{"type":"Polygon","coordinates":[[[37.662529,47.831523],[37.662537,47.831572],[37.662592,47.831569],[37.663041,47.831527],[37.663041,47.831526],[37.663032,47.831478],[37.662529,47.831523]]]}},{"type":"Feature","properties":{"cadnum":"1421557100:01:003:0094"},"geometry":{"type":"Polygon","coordinates":[[[37.663041,47.831527],[37.663045,47.831536],[37.663494,47.831496],[37.663494,47.831487],[37.663041,47.831527]]]}},{"type":"Feature","properties":{"cadnum":"1421557100:01:003:0140"},"geometry":{"type":"Polygon","coordinates":[[[37.66195,47.831614],[37.662403,47.831574],[37.662399,47.831569],[37.66195,47.831608],[37.66195,47.831614]]]}},{"type":"Feature","properties":{"cadnum":"1421557100:01:003:0130"},"geometry":{"type":"Polygon","coordinates":[[[37.661954,47.831623],[37.661954,47.831625],[37.661968,47.831698],[37.661968,47.831699],[37.66203,47.832014],[37.662479,47.831976],[37.662403,47.831583],[37.661954,47.831623]]]}},{"type":"Feature","properties":{"cadnum":"1421557100:01:003:0083"},"geometry":{"type":"Polygon","coordinates":[[[37.660885,47.830791],[37.661047,47.830777],[37.661152,47.830768],[37.661219,47.830762],[37.661334,47.830751],[37.661334,47.830745],[37.661183,47.830758],[37.660885,47.830782],[37.660885,47.830791]]]}},{"type":"Feature","properties":{"cadnum":"1421557100:01:003:0178"},"geometry":{"type":"Polygon","coordinates":[[[37.66255,47.82909],[37.662565,47.82934],[37.662986,47.829343],[37.662978,47.82909],[37.66255,47.82909]]]}},{"type":"Feature","properties":{"cadnum":"1421557100:01:003:0107"},"geometry":{"type":"Polygon","coordinates":[[[37.662592,47.831574],[37.662594,47.831583],[37.662593,47.831583],[37.662601,47.831622],[37.662616,47.831698],[37.662617,47.831698],[37.662617,47.831699],[37.662672,47.831969],[37.663122,47.831927],[37.663074,47.831686],[37.663045,47.831536],[37.662592,47.831574]]]}},{"type":"Feature","properties":{"cadnum":"1421557100:01:003:0322"},"geometry":{"type":"Polygon","coordinates":[[[37.665852,47.828888],[37.666099,47.828858],[37.666095,47.828845],[37.665852,47.828873],[37.665852,47.828888]]]}},{"type":"Feature","properties":{"cadnum":"1421557100:01:003:0100"},"geometry":{"type":"Polygon","coordinates":[[[37.661343,47.830724],[37.661347,47.830745],[37.661778,47.830709],[37.661774,47.830688],[37.661343,47.830724]]]}},{"type":"Feature","properties":{"cadnum":"1421557100:01:003:0269"},"geometry":{"type":"Polygon","coordinates":[[[37.663328,47.830583],[37.663405,47.830975],[37.663854,47.830935],[37.663777,47.830541],[37.663328,47.830583]]]}},{"type":"Feature","properties":{"cadnum":"1421557100:01:003:0281"},"geometry":{"type":"Polygon","coordinates":[[[37.664227,47.830501],[37.664303,47.830896],[37.664756,47.830854],[37.664676,47.830462],[37.664227,47.830501]]]}},{"type":"Feature","properties":{"cadnum":"1421557100:01:003:0297"},"geometry":{"type":"Polygon","coordinates":[[[37.661181,47.828713],[37.661254,47.829349],[37.661468,47.829343],[37.661468,47.828909],[37.661418,47.828698],[37.661181,47.828713]]]}},{"type":"Feature","properties":{"cadnum":"1421557100:01:003:0060"},"geometry":{"type":"Polygon","coordinates":[[[37.66482,47.829117],[37.66508,47.829723],[37.665282,47.82969],[37.665174,47.829063],[37.66482,47.829117]]]}},{"type":"Feature","properties":{"cadnum":"1421557100:01:002:0360"},"geometry":{"type":"Polygon","coordinates":[[[37.66282,47.828499],[37.663256,47.828451],[37.663166,47.828013],[37.662825,47.828011],[37.66282,47.828499]]]}},{"type":"Feature","properties":{"cadnum":"1421557100:01:003:0206"},"geometry":{"type":"Polygon","coordinates":[[[37.664554,47.82922],[37.664573,47.829268],[37.664752,47.829777],[37.66508,47.829723],[37.664842,47.829174],[37.664554,47.82922]]]}},{"type":"Feature","properties":{"cadnum":"1421557100:01:003:0220"},"geometry":{"type":"Polygon","coordinates":[[[37.661217,47.828065],[37.661262,47.828529],[37.661684,47.828505],[37.661567,47.828047],[37.661217,47.828065]]]}},{"type":"Feature","properties":{"cadnum":"1421557100:01:003:0290"},"geometry":{"type":"Polygon","coordinates":[[[37.666611,47.828119],[37.666638,47.82823],[37.666688,47.828224],[37.66676,47.828481],[37.66676,47.82849],[37.666988,47.828456],[37.666913,47.828089],[37.666611,47.828119]]]}},{"type":"Feature","properties":{"cadnum":"1421557100:01:003:0103"},"geometry":{"type":"Polygon","coordinates":[[[37.661518,47.827868],[37.661525,47.827895],[37.661524,47.827895],[37.661531,47.827919],[37.661554,47.828011],[37.661555,47.828011],[37.661684,47.828505],[37.661688,47.828514],[37.661846,47.828508],[37.661818,47.828011],[37.66181,47.82785],[37.661518,47.827868]]]}},{"type":"Feature","properties":{"cadnum":"1421557100:01:003:0061"},"geometry":{"type":"Polygon","coordinates":[[[37.664797,47.829066],[37.66482,47.829117],[37.665174,47.829063],[37.665166,47.829008],[37.664797,47.829066]]]}},{"type":"Feature","properties":{"cadnum":"1421557100:01:003:0198"},"geometry":{"type":"Polygon","coordinates":[[[37.665762,47.827398],[37.665878,47.827895],[37.66588,47.827905],[37.665904,47.828011],[37.665905,47.828011],[37.665906,47.828013],[37.666169,47.82798],[37.666194,47.827977],[37.666095,47.827555],[37.666041,47.827368],[37.665762,47.827398]]]}},{"type":"Feature","properties":{"cadnum":"1421557100:01:003:0125"},"geometry":{"type":"Polygon","coordinates":[[[37.660908,47.827923],[37.66091,47.827953],[37.660912,47.827968],[37.660916,47.828011],[37.660917,47.828011],[37.660979,47.828538],[37.660984,47.828547],[37.661047,47.828543],[37.661047,47.828544],[37.661093,47.828541],[37.661219,47.828533],[37.661219,47.828532],[37.661262,47.828529],[37.661199,47.827904],[37.660908,47.827923]]]}},{"type":"Feature","properties":{"cadnum":"1421557100:01:003:0271"},"geometry":{"type":"Polygon","coordinates":[[[37.665718,47.829868],[37.665843,47.830362],[37.666185,47.830335],[37.666072,47.829819],[37.665718,47.829868]]]}},{"type":"Feature","properties":{"cadnum":"1421557100:01:003:0306"},"geometry":{"type":"Polygon","coordinates":[[[37.665646,47.829021],[37.665758,47.829596],[37.666055,47.829551],[37.665946,47.828957],[37.665646,47.829021]]]}},{"type":"Feature","properties":{"cadnum":"1421557100:01:003:0070"},"geometry":{"type":"Polygon","coordinates":[[[37.666401,47.829763],[37.666464,47.83004],[37.666495,47.830036],[37.666437,47.829759],[37.666401,47.829763]]]}},{"type":"Feature","properties":{"cadnum":"1421557100:01:003:0319"},"geometry":{"type":"Polygon","coordinates":[[[37.666118,47.828939],[37.666238,47.829515],[37.666558,47.829503],[37.666418,47.828927],[37.666118,47.828939]]]}},{"type":"Feature","properties":{"cadnum":"1421557100:01:002:0361"},"geometry":{"type":"Polygon","coordinates":[[[37.662825,47.828011],[37.662826,47.828011],[37.663166,47.828013],[37.663153,47.827953],[37.663122,47.827799],[37.662825,47.827794],[37.662825,47.828011]]]}},{"type":"Feature","properties":{"cadnum":"1421557100:06:000:0086"},"geometry":{"type":"Polygon","coordinates":[[[37.621327,47.812047],[37.621327,47.812048],[37.622419,47.812696],[37.622595,47.8128],[37.622662,47.81284],[37.622766,47.812799],[37.622767,47.812799],[37.628088,47.810688],[37.629322,47.810198],[37.62826,47.810108],[37.62826,47.810107],[37.627423,47.810035],[37.62436,47.810575],[37.622767,47.81135],[37.622766,47.81135],[37.622766,47.811349],[37.621399,47.812014],[37.621327,47.812047]]]}},{"type":"Feature","properties":{"cadnum":"1421557100:06:000:0103"},"geometry":{"type":"Polygon","coordinates":[[[37.62175,47.811413],[37.622595,47.810975],[37.622633,47.810955],[37.622766,47.810886],[37.622767,47.810886],[37.622767,47.810885],[37.624077,47.810204],[37.62687,47.809643],[37.62701,47.80953],[37.627714,47.808967],[37.627989,47.808813],[37.622595,47.808581],[37.622117,47.80856],[37.622083,47.808831],[37.622002,47.809453],[37.621996,47.809502],[37.621987,47.809568],[37.621938,47.809962],[37.62179,47.811091],[37.62175,47.811413]]]}},{"type":"Feature","properties":{"cadnum":"1421557100:06:000:0094"},"geometry":{"type":"Polygon","coordinates":[[[37.613804,47.810599],[37.617273,47.810814],[37.617273,47.810813],[37.62179,47.811091],[37.621938,47.809962],[37.617102,47.809665],[37.615526,47.809568],[37.615527,47.809568],[37.613947,47.809471],[37.613934,47.809568],[37.613935,47.809568],[37.613804,47.810599]]]}},{"type":"Feature","properties":{"cadnum":"1421557100:06:000:0095"},"geometry":{"type":"Polygon","coordinates":[[[37.613947,47.809471],[37.617273,47.809676],[37.621938,47.809962],[37.621996,47.809502],[37.622083,47.808831],[37.617102,47.808525],[37.614091,47.808339],[37.61395,47.809453],[37.613949,47.809453],[37.613947,47.809471]]]}},{"type":"Feature","properties":{"cadnum":"1421557100:06:000:0093"},"geometry":{"type":"Polygon","coordinates":[[[37.613683,47.811534],[37.617102,47.812387],[37.618704,47.812786],[37.621031,47.811788],[37.62175,47.811413],[37.62179,47.811091],[37.617102,47.810803],[37.613804,47.810599],[37.613683,47.811534]]]}},{"type":"Feature","properties":{"cadnum":"1421557100:06:000:0085"},"geometry":{"type":"Polygon","coordinates":[[[37.622662,47.81284],[37.622766,47.812903],[37.622767,47.812903],[37.622767,47.812902],[37.623168,47.813142],[37.623167,47.813142],[37.623847,47.813546],[37.624867,47.813142],[37.628088,47.811864],[37.628088,47.811865],[37.631101,47.810669],[37.629771,47.810237],[37.629322,47.810198],[37.62826,47.81062],[37.622662,47.81284]]]}},{"type":"Feature","properties":{"cadnum":"1421557100:07:000:0201"},"geometry":{"type":"Polygon","coordinates":[[[37.697302,47.807106],[37.699671,47.807127],[37.700761,47.807136],[37.70081,47.805879],[37.700811,47.805879],[37.700864,47.804554],[37.700868,47.804439],[37.699671,47.804423],[37.699671,47.804422],[37.697931,47.804397],[37.697491,47.804376],[37.697396,47.805734],[37.697394,47.805763],[37.697388,47.805843],[37.697386,47.805879],[37.697302,47.807106]]]}},{"type":"Feature","properties":{"cadnum":"1421557100:07:000:0200"},"geometry":{"type":"Polygon","coordinates":[[[37.693394,47.807055],[37.694006,47.807066],[37.695138,47.807085],[37.697302,47.807106],[37.697388,47.805843],[37.697396,47.805734],[37.697491,47.804376],[37.694178,47.804213],[37.694178,47.804212],[37.69384,47.804195],[37.693731,47.804192],[37.693546,47.805763],[37.693394,47.807055]]]}},{"type":"Feature","properties":{"cadnum":"1421557100:07:000:0040"},"geometry":{"type":"Polygon","coordinates":[[[37.692165,47.835063],[37.694006,47.835089],[37.694006,47.83509],[37.699671,47.83517],[37.700019,47.835174],[37.7001,47.834867],[37.700465,47.834191],[37.700555,47.83405],[37.699671,47.834044],[37.694178,47.834002],[37.694178,47.834001],[37.692303,47.833987],[37.692165,47.835063]]]}},{"type":"Feature","properties":{"cadnum":"1421557100:08:000:0005"},"geometry":{"type":"Polygon","coordinates":[[[37.700172,47.836721],[37.702755,47.83674],[37.702781,47.835271],[37.70278,47.835271],[37.702805,47.833882],[37.700994,47.833869],[37.700302,47.835015],[37.700253,47.835271],[37.700249,47.835292],[37.700243,47.835386],[37.700244,47.835386],[37.700172,47.836721]]]}},{"type":"Feature","properties":{"cadnum":"1421557100:08:000:0006"},"geometry":{"type":"Polygon","coordinates":[[[37.702755,47.83674],[37.704992,47.836758],[37.705006,47.836758],[37.705059,47.835476],[37.705068,47.835386],[37.705069,47.835386],[37.705069,47.835382],[37.705164,47.835038],[37.705164,47.835037],[37.705476,47.833902],[37.705463,47.833902],[37.704992,47.833899],[37.702805,47.833882],[37.702778,47.835386],[37.702779,47.835386],[37.702755,47.83674]]]}},{"type":"Feature","properties":{"cadnum":"1421557100:07:000:0041"},"geometry":{"type":"Polygon","coordinates":[[[37.692303,47.833987],[37.694006,47.834],[37.699499,47.834042],[37.699499,47.834043],[37.700555,47.83405],[37.70077,47.833715],[37.701398,47.832673],[37.699671,47.83266],[37.694006,47.832618],[37.692482,47.832606],[37.692303,47.833987]]]}},{"type":"Feature","properties":{"cadnum":"1421557100:06:000:0036"},"geometry":{"type":"Polygon","coordinates":[[[37.634335,47.841585],[37.635705,47.841705],[37.636239,47.838958],[37.636918,47.835476],[37.635543,47.835382],[37.634823,47.839073],[37.634335,47.841585]]]}},{"type":"Feature","properties":{"cadnum":"1421557100:06:000:0035"},"geometry":{"type":"Polygon","coordinates":[[[37.633014,47.841503],[37.633753,47.841559],[37.634331,47.841603],[37.634335,47.841585],[37.634846,47.838958],[37.635543,47.835382],[37.635436,47.835377],[37.634716,47.835328],[37.634222,47.835295],[37.634203,47.835386],[37.634204,47.835386],[37.633753,47.837707],[37.633486,47.839073],[37.633014,47.841503]]]}},{"type":"Feature","properties":{"cadnum":"1421557100:02:000:0441"},"geometry":{"type":"Polygon","coordinates":[[[37.717141,47.849834],[37.720461,47.849841],[37.720487,47.849117],[37.717168,47.849111],[37.717155,47.849476],[37.717141,47.849834]]]}},{"type":"Feature","properties":{"cadnum":"1421557100:02:000:0450"},"geometry":{"type":"Polygon","coordinates":[[[37.713809,47.848011],[37.71615,47.848053],[37.717208,47.848071],[37.717237,47.847363],[37.71615,47.847344],[37.713862,47.847303],[37.713818,47.847836],[37.713809,47.848011]]]}},{"type":"Feature","properties":{"cadnum":"1421557100:02:000:0456"},"geometry":{"type":"Polygon","coordinates":[[[37.719738,47.847848],[37.720646,47.848478],[37.72064,47.847842],[37.719738,47.847848]]]}},{"type":"Feature","properties":{"cadnum":"1421557100:02:000:0442"},"geometry":{"type":"Polygon","coordinates":[[[37.717111,47.850558],[37.720434,47.850564],[37.720454,47.850018],[37.720453,47.850018],[37.720461,47.849841],[37.717141,47.849834],[37.717141,47.849835],[37.717134,47.850018],[37.717133,47.850018],[37.71713,47.850118],[37.717129,47.850133],[37.717128,47.850176],[37.717111,47.850558]]]}},{"type":"Feature","properties":{"cadnum":"1421557100:02:000:0448"},"geometry":{"type":"Polygon","coordinates":[[[37.713862,47.847303],[37.715979,47.847341],[37.717237,47.847363],[37.717267,47.846624],[37.715979,47.846622],[37.715979,47.846623],[37.713881,47.846619],[37.713876,47.847125],[37.713862,47.847303]]]}},{"type":"Feature","properties":{"cadnum":"1421557100:02:000:0453"},"geometry":{"type":"Polygon","coordinates":[[[37.7172,47.848313],[37.719661,47.848315],[37.718862,47.84774],[37.718094,47.847206],[37.717375,47.846624],[37.717267,47.846624],[37.717237,47.847363],[37.717208,47.848071],[37.7172,47.848313]]]}},{"type":"Feature","properties":{"cadnum":"1421557100:02:000:0449"},"geometry":{"type":"Polygon","coordinates":[[[37.713764,47.848717],[37.715979,47.848756],[37.717182,47.848777],[37.7172,47.848313],[37.717208,47.848071],[37.715979,47.84805],[37.713809,47.848011],[37.713764,47.848717]]]}},{"type":"Feature","properties":{"cadnum":"1421557100:02:000:0435"},"geometry":{"type":"Polygon","coordinates":[[[37.717168,47.849111],[37.720487,47.849117],[37.720497,47.848912],[37.719661,47.848315],[37.7172,47.848313],[37.717182,47.848777],[37.717168,47.849111]]]}},{"type":"Feature","properties":{"cadnum":"1421557100:08:000:0035"},"geometry":{"type":"Polygon","coordinates":[[[37.713813,47.846619],[37.715979,47.846622],[37.717375,47.846624],[37.717604,47.84661],[37.720627,47.846576],[37.720631,47.846343],[37.720636,47.846112],[37.71615,47.846107],[37.713818,47.846103],[37.713815,47.846332],[37.713815,47.846335],[37.713814,47.846447],[37.713813,47.846619]]]}},{"type":"Feature","properties":{"cadnum":"1421557100:02:000:0439"},"geometry":{"type":"Polygon","coordinates":[[[37.720713,47.848523],[37.720811,47.848592],[37.7209,47.84869],[37.721472,47.848696],[37.72154,47.848697],[37.721643,47.848698],[37.721644,47.848698],[37.724485,47.848726],[37.724508,47.848087],[37.721644,47.848055],[37.721643,47.848055],[37.72073,47.848044],[37.720713,47.848523]]]}},{"type":"Feature","properties":{"cadnum":"1421557100:02:000:0433"},"geometry":{"type":"Polygon","coordinates":[[[37.713683,47.850115],[37.71471,47.850133],[37.714711,47.850133],[37.715979,47.850155],[37.715979,47.850156],[37.717128,47.850176],[37.71713,47.850118],[37.717141,47.849834],[37.717155,47.849476],[37.71615,47.849459],[37.713719,47.849416],[37.713701,47.849687],[37.713687,47.850018],[37.713683,47.850115]]]}},{"type":"Feature","properties":{"cadnum":"1421557100:08:000:0077"},"geometry":{"type":"Polygon","coordinates":[[[37.720699,47.847999],[37.721472,47.848008],[37.727137,47.848068],[37.727485,47.848071],[37.727499,47.84758],[37.726965,47.847575],[37.721643,47.847519],[37.720699,47.847508],[37.720699,47.847999]]]}},{"type":"Feature","properties":{"cadnum":"1421557100:02:000:0429"},"geometry":{"type":"Polygon","coordinates":[[[37.7209,47.84869],[37.721373,47.849186],[37.721472,47.849303],[37.721588,47.84944],[37.721643,47.849441],[37.721644,47.849441],[37.724462,47.849473],[37.724485,47.848726],[37.72154,47.848697],[37.7209,47.84869]]]}},{"type":"Feature","properties":{"cadnum":"1421557100:02:000:0434"},"geometry":{"type":"Polygon","coordinates":[[[37.713719,47.849416],[37.715979,47.849456],[37.717155,47.849476],[37.717168,47.849111],[37.717182,47.848777],[37.71615,47.848759],[37.713764,47.848717],[37.713719,47.849416]]]}},{"type":"Feature","properties":{"cadnum":"1421557100:02:000:0451"},"geometry":{"type":"Polygon","coordinates":[[[37.717604,47.84661],[37.718377,47.847026],[37.719086,47.847396],[37.719239,47.847502],[37.719738,47.847848],[37.72064,47.847842],[37.720627,47.846576],[37.717604,47.84661]]]}},{"type":"Feature","properties":{"cadnum":"1421557100:08:000:0037"},"geometry":{"type":"Polygon","coordinates":[[[37.720694,47.846531],[37.721643,47.846541],[37.721644,47.846541],[37.727137,47.846597],[37.727535,47.846601],[37.727543,47.846332],[37.727567,47.845627],[37.727115,47.845622],[37.721644,47.845564],[37.721643,47.845564],[37.720717,47.845554],[37.720698,47.846332],[37.720698,47.846354],[37.720695,47.846447],[37.720696,47.846447],[37.720694,47.846531]]]}},{"type":"Feature","properties":{"cadnum":"1421557100:02:000:0428"},"geometry":{"type":"Polygon","coordinates":[[[37.720506,47.850399],[37.721472,47.850415],[37.721557,47.850416],[37.721643,47.850418],[37.721644,47.850418],[37.721957,47.850422],[37.721556,47.850018],[37.721094,47.849555],[37.720866,47.849171],[37.720564,47.848958],[37.720516,47.850133],[37.720506,47.850399]]]}},{"type":"Feature","properties":{"cadnum":"1421557100:08:000:0036"},"geometry":{"type":"Polygon","coordinates":[[[37.720694,47.846531],[37.720694,47.846576],[37.720699,47.847508],[37.721472,47.847517],[37.726965,47.847575],[37.727137,47.847576],[37.727499,47.84758],[37.727535,47.846601],[37.726965,47.846595],[37.721472,47.84654],[37.720694,47.846531]]]}},{"type":"Feature","properties":{"cadnum":"1421557100:06:000:0147"},"geometry":{"type":"Polygon","coordinates":[[[37.634995,47.807673],[37.635702,47.809453],[37.635701,47.809453],[37.635862,47.809854],[37.639074,47.810452],[37.639411,47.810515],[37.639868,47.810883],[37.642029,47.810421],[37.639845,47.809568],[37.639246,47.809334],[37.634995,47.807673]],[[37.639612,47.809881],[37.639617,47.809881],[37.639617,47.809882],[37.639612,47.809902],[37.639608,47.80996],[37.639469,47.80996],[37.639473,47.809866],[37.639612,47.809866],[37.639612,47.809881]]]}},{"type":"Feature","properties":{"cadnum":"1421557100:06:000:0149"},"geometry":{"type":"Polygon","coordinates":[[[37.634281,47.80586],[37.634288,47.805879],[37.634289,47.805879],[37.634532,47.806503],[37.639074,47.808279],[37.642373,47.809568],[37.643669,47.810074],[37.644739,47.809846],[37.645065,47.809776],[37.644567,47.809582],[37.644533,47.809568],[37.639246,47.807501],[37.635098,47.805879],[37.63478,47.805754],[37.634737,47.805763],[37.634281,47.80586]]]}},{"type":"Feature","properties":{"cadnum":"1421557100:06:000:0151"},"geometry":{"type":"Polygon","coordinates":[[[37.636491,47.80539],[37.637445,47.805763],[37.639074,47.806401],[37.639074,47.806402],[37.639711,47.806651],[37.639945,47.806741],[37.644739,47.808616],[37.646772,47.80941],[37.648636,47.809012],[37.644567,47.807423],[37.644567,47.807424],[37.640553,47.805856],[37.640094,47.805676],[37.639864,47.805586],[37.639246,47.805345],[37.63835,47.804994],[37.637411,47.805193],[37.636491,47.80539]],[[37.639909,47.805971],[37.639908,47.805971],[37.639908,47.805954],[37.639909,47.805954],[37.639909,47.805953],[37.639935,47.805953],[37.639935,47.805954],[37.639935,47.805971],[37.639909,47.805971]]]}},{"type":"Feature","properties":{"cadnum":"1421557100:06:000:0148"},"geometry":{"type":"Polygon","coordinates":[[[37.634532,47.806503],[37.634995,47.807673],[37.639074,47.809267],[37.639549,47.809453],[37.642029,47.810421],[37.643669,47.810074],[37.642078,47.809453],[37.639246,47.808346],[37.634532,47.806503]],[[37.639685,47.808629],[37.639684,47.808629],[37.639658,47.808629],[37.639658,47.808612],[37.639658,47.808611],[37.639684,47.808611],[37.639685,47.808611],[37.639685,47.808612],[37.639685,47.808629]]]}},{"type":"Feature","properties":{"cadnum":"1421557100:06:000:0157"},"geometry":{"type":"Polygon","coordinates":[[[37.632058,47.800246],[37.632826,47.802189],[37.633753,47.804527],[37.633753,47.804526],[37.634243,47.805763],[37.634242,47.805763],[37.634281,47.80586],[37.635597,47.80558],[37.634279,47.802074],[37.634278,47.802074],[37.633635,47.80036],[37.632058,47.800246]]]}},{"type":"Feature","properties":{"cadnum":"1421557100:06:000:0150"},"geometry":{"type":"Polygon","coordinates":[[[37.63478,47.805754],[37.634803,47.805763],[37.639074,47.807434],[37.644238,47.809453],[37.644739,47.809649],[37.645065,47.809776],[37.646036,47.809568],[37.646772,47.80941],[37.644567,47.808548],[37.644567,47.808549],[37.639074,47.8064],[37.639074,47.806401],[37.637741,47.805879],[37.636491,47.80539],[37.635597,47.80558],[37.63478,47.805754]],[[37.639784,47.807302],[37.639784,47.807284],[37.63981,47.807284],[37.639811,47.807284],[37.639811,47.807302],[37.63981,47.807302],[37.639784,47.807302]]]}},{"type":"Feature","properties":{"cadnum":"1421557100:08:000:0071"},"geometry":{"type":"Polygon","coordinates":[[[37.718952,47.816707],[37.721472,47.816804],[37.722024,47.816825],[37.722187,47.813195],[37.722195,47.813034],[37.722084,47.813142],[37.722083,47.813142],[37.721517,47.813699],[37.719755,47.815426],[37.719504,47.815826],[37.719478,47.815871],[37.718975,47.816674],[37.718952,47.816707]]]}},{"type":"Feature","properties":{"cadnum":"1421557100:08:000:0064"},"geometry":{"type":"Polygon","coordinates":[[[37.716388,47.820794],[37.718942,47.82089],[37.718961,47.820635],[37.718961,47.820634],[37.719234,47.816946],[37.719235,47.816946],[37.719252,47.816719],[37.718952,47.816707],[37.718874,47.816831],[37.718829,47.816902],[37.718802,47.816946],[37.716487,47.820634],[37.716487,47.820635],[37.716388,47.820794]]]}},{"type":"Feature","properties":{"cadnum":"1421557100:08:000:0065"},"geometry":{"type":"Polygon","coordinates":[[[37.718942,47.82089],[37.720384,47.820945],[37.720407,47.820635],[37.720407,47.820634],[37.72068,47.816946],[37.720681,47.816946],[37.720694,47.816774],[37.719252,47.816719],[37.719244,47.816831],[37.719243,47.816831],[37.71897,47.820519],[37.718969,47.820519],[37.718942,47.82089]]]}},{"type":"Feature","properties":{"cadnum":"1421557100:07:000:0073"},"geometry":{"type":"Polygon","coordinates":[[[37.716203,47.816946],[37.716208,47.820447],[37.716531,47.820453],[37.718802,47.816831],[37.718802,47.81683],[37.719415,47.815853],[37.716203,47.815826],[37.716203,47.816946]]]}},{"type":"Feature","properties":{"cadnum":"1421557100:07:000:0074"},"geometry":{"type":"Polygon","coordinates":[[[37.714375,47.816946],[37.714379,47.82042],[37.71615,47.820447],[37.71615,47.820446],[37.716208,47.820447],[37.716203,47.816831],[37.716203,47.815826],[37.715979,47.815825],[37.714375,47.815811],[37.714375,47.816946]]]}},{"type":"Feature","properties":{"cadnum":"1421557100:08:000:0066"},"geometry":{"type":"Polygon","coordinates":[[[37.720384,47.820945],[37.721472,47.820986],[37.721518,47.820987],[37.721643,47.820992],[37.721644,47.820992],[37.721929,47.821002],[37.721956,47.820635],[37.721956,47.820634],[37.722235,47.816831],[37.722024,47.816825],[37.721644,47.816811],[37.721643,47.816811],[37.720694,47.816774],[37.72069,47.816831],[37.720689,47.816831],[37.720415,47.820519],[37.720384,47.820945]]]}},{"type":"Feature","properties":{"cadnum":"1421557100:08:000:0038"},"geometry":{"type":"Polygon","coordinates":[[[37.720713,47.844566],[37.720721,47.845126],[37.720717,47.845554],[37.721472,47.845562],[37.726965,47.845621],[37.727115,47.845622],[37.727137,47.845622],[37.727567,47.845627],[37.727589,47.844943],[37.726978,47.844922],[37.726893,47.844919],[37.726893,47.844918],[37.726893,47.844632],[37.721644,47.844577],[37.721643,47.844577],[37.720713,47.844566]]]}},{"type":"Feature","properties":{"cadnum":"1421557100:06:000:0135"},"geometry":{"type":"Polygon","coordinates":[[[37.652189,47.819638],[37.652216,47.820176],[37.65224,47.820634],[37.652241,47.820634],[37.652241,47.820635],[37.652252,47.820833],[37.655554,47.820702],[37.659047,47.820561],[37.658984,47.819367],[37.655554,47.819504],[37.655554,47.819505],[37.652189,47.819638]]]}},{"type":"Feature","properties":{"cadnum":"1421557100:06:000:0134"},"geometry":{"type":"Polygon","coordinates":[[[37.652252,47.820833],[37.652315,47.822057],[37.652463,47.822052],[37.655725,47.821922],[37.655726,47.821922],[37.65911,47.821786],[37.659047,47.820561],[37.657223,47.820634],[37.657228,47.820634],[37.657228,47.820635],[37.655726,47.820695],[37.655725,47.820695],[37.652252,47.820833]]]}},{"type":"Feature","properties":{"cadnum":"1421557100:06:000:0136"},"geometry":{"type":"Polygon","coordinates":[[[37.65213,47.818444],[37.652135,47.818589],[37.652189,47.819638],[37.655725,47.819498],[37.655725,47.819497],[37.655726,47.819497],[37.658984,47.819367],[37.658921,47.818173],[37.655726,47.818301],[37.655725,47.818301],[37.65213,47.818444]]]}},{"type":"Feature","properties":{"cadnum":"1421557100:07:000:0094"},"geometry":{"type":"Polygon","coordinates":[[[37.65911,47.817539],[37.659191,47.819403],[37.661047,47.819272],[37.665152,47.818978],[37.664123,47.817637],[37.664015,47.81719],[37.661047,47.817402],[37.65911,47.817539]]]}},{"type":"Feature","properties":{"cadnum":"1421557100:07:000:0093"},"geometry":{"type":"Polygon","coordinates":[[[37.659191,47.819403],[37.659243,47.820634],[37.659244,47.820634],[37.659244,47.820635],[37.65925,47.820767],[37.661047,47.820639],[37.662323,47.820548],[37.666139,47.820275],[37.665152,47.818978],[37.661219,47.81926],[37.661219,47.819259],[37.659191,47.819403]]]}},{"type":"Feature","properties":{"cadnum":"1421557100:01:003:0175"},"geometry":{"type":"Polygon","coordinates":[[[37.677598,47.824356],[37.677603,47.824676],[37.677698,47.824666],[37.677698,47.824665],[37.678079,47.824624],[37.678196,47.824612],[37.67819,47.824325],[37.677598,47.824356]]]}},{"type":"Feature","properties":{"cadnum":"1421557100:01:003:0284"},"geometry":{"type":"Polygon","coordinates":[[[37.677993,47.827636],[37.678064,47.827895],[37.678087,47.827977],[37.678159,47.827953],[37.678303,47.827904],[37.678227,47.827609],[37.677993,47.827636]]]}},{"type":"Feature","properties":{"cadnum":"1421557100:01:003:0160"},"geometry":{"type":"Polygon","coordinates":[[[37.678043,47.826885],[37.678196,47.827492],[37.678487,47.827459],[37.67833,47.826853],[37.678043,47.826885]]]}},{"type":"Feature","properties":{"cadnum":"1421557100:01:003:0059"},"geometry":{"type":"Polygon","coordinates":[[[37.677603,47.824676],[37.677647,47.824935],[37.677698,47.824931],[37.678127,47.824898],[37.678079,47.824624],[37.677603,47.824676]]]}},{"type":"Feature","properties":{"cadnum":"1421557100:01:003:0259"},"geometry":{"type":"Polygon","coordinates":[[[37.679125,47.826762],[37.679301,47.827242],[37.679645,47.827181],[37.679502,47.826714],[37.679125,47.826762]]]}},{"type":"Feature","properties":{"cadnum":"1421557100:01:003:0058"},"geometry":{"type":"Polygon","coordinates":[[[37.677647,47.824935],[37.677661,47.825004],[37.67766,47.825004],[37.677651,47.825004],[37.677674,47.825148],[37.677724,47.825143],[37.677764,47.825315],[37.678196,47.825278],[37.678127,47.824898],[37.677647,47.824935]]]}},{"type":"Feature","properties":{"cadnum":"1421557100:01:003:0235"},"geometry":{"type":"Polygon","coordinates":[[[37.677961,47.826129],[37.67798,47.82621],[37.678303,47.826168],[37.678286,47.826071],[37.677961,47.826129]]]}},{"type":"Feature","properties":{"cadnum":"1421557100:01:003:0236"},"geometry":{"type":"Polygon","coordinates":[[[37.67798,47.82621],[37.678092,47.826738],[37.678424,47.826705],[37.678303,47.826168],[37.67798,47.82621]]]}},{"type":"Feature","properties":{"cadnum":"1421557100:07:000:0354"},"geometry":{"type":"Polygon","coordinates":[[[37.680297,47.835702],[37.681416,47.8362],[37.682228,47.835378],[37.682485,47.83512],[37.68266,47.834919],[37.683047,47.831699],[37.683047,47.831698],[37.683048,47.831698],[37.683297,47.829621],[37.683297,47.82962],[37.683454,47.828762],[37.683033,47.828602],[37.682898,47.82855],[37.68293,47.828427],[37.682961,47.828387],[37.68302,47.828406],[37.683084,47.828426],[37.683191,47.82846],[37.683423,47.828532],[37.683358,47.827921],[37.683289,47.827262],[37.683343,47.826153],[37.683427,47.826011],[37.683496,47.825897],[37.68306,47.82602],[37.681322,47.826515],[37.681496,47.826677],[37.681658,47.826825],[37.682045,47.82757],[37.682192,47.827872],[37.682212,47.827895],[37.682211,47.827895],[37.682597,47.828357],[37.682624,47.828845],[37.681703,47.831032],[37.68151,47.831698],[37.68151,47.831699],[37.68128,47.832492],[37.681182,47.833094],[37.680913,47.833869],[37.680634,47.834596],[37.680467,47.835271],[37.680466,47.835271],[37.680446,47.835355],[37.680433,47.835386],[37.680297,47.835702]],[[37.682875,47.826277],[37.68288,47.826285],[37.68288,47.826286],[37.68279,47.826322],[37.682777,47.826306],[37.682867,47.826268],[37.682875,47.826277]],[[37.682219,47.826542],[37.682228,47.826547],[37.682228,47.826548],[37.682206,47.826557],[37.682192,47.826542],[37.682215,47.826533],[37.682219,47.826542]]]}},{"type":"Feature","properties":{"cadnum":"1421557100:01:003:0260"},"geometry":{"type":"Polygon","coordinates":[[[37.679301,47.827242],[37.679376,47.827446],[37.679695,47.827329],[37.679645,47.827181],[37.679301,47.827242]]]}},{"type":"Feature","properties":{"cadnum":"1421557100:01:003:0079"},"geometry":{"type":"Polygon","coordinates":[[[37.679529,47.824669],[37.679615,47.825152],[37.679888,47.82513],[37.679983,47.825092],[37.679902,47.824639],[37.679529,47.824669]]]}},{"type":"Feature","properties":{"cadnum":"1421557100:01:003:0283"},"geometry":{"type":"Polygon","coordinates":[[[37.677791,47.826916],[37.677993,47.827636],[37.678227,47.827609],[37.678043,47.826885],[37.677791,47.826916]]]}},{"type":"Feature","properties":{"cadnum":"1421557100:01:003:0176"},"geometry":{"type":"Polygon","coordinates":[[[37.67819,47.824325],[37.678196,47.824612],[37.678316,47.8246],[37.678316,47.824316],[37.67819,47.824325]]]}},{"type":"Feature","properties":{"cadnum":"1421557100:01:003:0161"},"geometry":{"type":"Polygon","coordinates":[[[37.678196,47.827492],[37.678303,47.827904],[37.678595,47.827872],[37.678487,47.827459],[37.678196,47.827492]]]}},{"type":"Feature","properties":{"cadnum":"1421557100:06:000:0180"},"geometry":{"type":"Polygon","coordinates":[[[37.610781,47.838953],[37.611608,47.838598],[37.611608,47.838599],[37.611609,47.838599],[37.617273,47.836172],[37.617273,47.836171],[37.619105,47.835386],[37.61998,47.835011],[37.62002,47.834644],[37.620092,47.833992],[37.617273,47.835202],[37.617273,47.835201],[37.617111,47.835271],[37.61711,47.835271],[37.616967,47.835332],[37.61684,47.835386],[37.611609,47.837629],[37.611609,47.83763],[37.611608,47.83763],[37.610934,47.837918],[37.610867,47.83837],[37.610781,47.838953]]]}},{"type":"Feature","properties":{"cadnum":"1421557100:06:000:0001"},"geometry":{"type":"Polygon","coordinates":[[[37.610934,47.837918],[37.61178,47.837556],[37.616967,47.835332],[37.617102,47.835275],[37.620092,47.833992],[37.620205,47.833019],[37.617102,47.834349],[37.61468,47.835386],[37.61178,47.836629],[37.611077,47.83693],[37.611028,47.837288],[37.610934,47.837918]]]}},{"type":"Feature","properties":{"cadnum":"1421557100:06:000:0003"},"geometry":{"type":"Polygon","coordinates":[[[37.611226,47.835938],[37.61178,47.835701],[37.61178,47.8357],[37.612782,47.835271],[37.617102,47.83342],[37.620322,47.832039],[37.620373,47.831583],[37.620372,47.831583],[37.620433,47.831047],[37.618911,47.831698],[37.618911,47.831699],[37.617273,47.832401],[37.61178,47.834755],[37.61137,47.83493],[37.611321,47.835271],[37.61132,47.835271],[37.611226,47.835938]]]}},{"type":"Feature","properties":{"cadnum":"1421557100:06:000:0002"},"geometry":{"type":"Polygon","coordinates":[[[37.611077,47.83693],[37.611608,47.836703],[37.611609,47.836703],[37.614949,47.835271],[37.617273,47.834276],[37.617273,47.834275],[37.620205,47.833019],[37.620322,47.832039],[37.617273,47.833346],[37.612512,47.835386],[37.612513,47.835386],[37.611609,47.835774],[37.611608,47.835774],[37.611226,47.835938],[37.611185,47.836206],[37.611077,47.83693]]]}},{"type":"Feature","properties":{"cadnum":"1421557100:06:000:0102"},"geometry":{"type":"Polygon","coordinates":[[[37.614981,47.801419],[37.617273,47.801562],[37.620371,47.801754],[37.617429,47.799383],[37.617285,47.799274],[37.617102,47.799263],[37.615268,47.799151],[37.614981,47.801419]]]}},{"type":"Feature","properties":{"cadnum":"1421557100:06:000:0113"},"geometry":{"type":"Polygon","coordinates":[[[37.607313,47.801999],[37.608523,47.802074],[37.61178,47.802276],[37.61178,47.802275],[37.614779,47.80246],[37.614814,47.802189],[37.614922,47.801356],[37.611609,47.801151],[37.611608,47.801151],[37.611608,47.801152],[37.607452,47.800895],[37.607313,47.801999]]]}},{"type":"Feature","properties":{"cadnum":"1421557100:06:000:0101"},"geometry":{"type":"Polygon","coordinates":[[[37.614802,47.802795],[37.617273,47.802948],[37.62223,47.803254],[37.62091,47.802189],[37.620371,47.801754],[37.617102,47.801551],[37.614981,47.801419],[37.614896,47.802074],[37.614802,47.802795]]]}},{"type":"Feature","properties":{"cadnum":"1421557100:06:000:0115"},"geometry":{"type":"Polygon","coordinates":[[[37.607596,47.79979],[37.611608,47.800038],[37.611609,47.800038],[37.611609,47.800039],[37.615062,47.800251],[37.615205,47.799144],[37.611609,47.798924],[37.611608,47.798924],[37.607745,47.798686],[37.607615,47.799639],[37.607596,47.79979]]]}},{"type":"Feature","properties":{"cadnum":"1421557100:06:000:0306"},"geometry":{"type":"Polygon","coordinates":[[[37.607452,47.800895],[37.61178,47.801162],[37.614922,47.801356],[37.615062,47.800251],[37.61178,47.800049],[37.607596,47.79979],[37.607452,47.800895]]]}},{"type":"Feature","properties":{"cadnum":"1421557100:07:000:0188"},"geometry":{"type":"Polygon","coordinates":[[[37.695505,47.857008],[37.695991,47.857267],[37.699671,47.8562],[37.699671,47.856199],[37.699687,47.856194],[37.699615,47.856101],[37.699306,47.855703],[37.698039,47.856067],[37.695721,47.856655],[37.695505,47.857008]]]}},{"type":"Feature","properties":{"cadnum":"1421557100:07:000:0156"},"geometry":{"type":"Polygon","coordinates":[[[37.693498,47.854323],[37.694178,47.854368],[37.697864,47.854615],[37.697998,47.854479],[37.698057,47.854094],[37.694006,47.853821],[37.69353,47.853789],[37.693498,47.854323]]]}},{"type":"Feature","properties":{"cadnum":"1421557100:07:000:0145"},"geometry":{"type":"Polygon","coordinates":[[[37.69353,47.853789],[37.693533,47.853789],[37.694178,47.853833],[37.698057,47.854094],[37.69812,47.853704],[37.698142,47.853572],[37.694006,47.853292],[37.693557,47.853262],[37.693534,47.853704],[37.69353,47.853789]]]}},{"type":"Feature","properties":{"cadnum":"1421557100:07:000:0158"},"geometry":{"type":"Polygon","coordinates":[[[37.693417,47.8557],[37.693547,47.855673],[37.694006,47.855708],[37.694469,47.855743],[37.695874,47.855716],[37.696683,47.855591],[37.697253,47.855242],[37.697329,47.855164],[37.694006,47.854942],[37.693461,47.854905],[37.693417,47.8557]]]}},{"type":"Feature","properties":{"cadnum":"1421557100:07:000:0186"},"geometry":{"type":"Polygon","coordinates":[[[37.696826,47.857711],[37.697783,47.858216],[37.699499,47.85772],[37.700626,47.857394],[37.700128,47.856755],[37.699499,47.856938],[37.697933,47.85739],[37.69778,47.857435],[37.697534,47.857505],[37.697534,47.857506],[37.696826,47.857711]]]}},{"type":"Feature","properties":{"cadnum":"1421557100:07:000:0193"},"geometry":{"type":"Polygon","coordinates":[[[37.699364,47.855685],[37.699499,47.855858],[37.699499,47.855859],[37.699836,47.856288],[37.70395,47.855109],[37.703972,47.854943],[37.703847,47.854883],[37.702364,47.855025],[37.701201,47.855263],[37.699822,47.855553],[37.699582,47.855622],[37.699364,47.855685]]]}},{"type":"Feature","properties":{"cadnum":"1421557100:07:000:0157"},"geometry":{"type":"Polygon","coordinates":[[[37.693461,47.854905],[37.694178,47.854953],[37.697329,47.855164],[37.697864,47.854615],[37.694006,47.854357],[37.693498,47.854323],[37.693461,47.854905]]]}},{"type":"Feature","properties":{"cadnum":"1421557100:07:000:0173"},"geometry":{"type":"Polygon","coordinates":[[[37.698161,47.853943],[37.698241,47.853895],[37.698402,47.853858],[37.698803,47.853828],[37.699176,47.853855],[37.699499,47.853916],[37.699499,47.853917],[37.699639,47.853943],[37.699642,47.85382],[37.699642,47.853819],[37.699643,47.853819],[37.699671,47.85297],[37.699671,47.852968],[37.699706,47.851914],[37.699671,47.851914],[37.699671,47.851913],[37.698668,47.851887],[37.69856,47.852689],[37.698205,47.853614],[37.698193,47.853704],[37.698192,47.853704],[37.698161,47.853943]]]}},{"type":"Feature","properties":{"cadnum":"1421557100:07:000:0187"},"geometry":{"type":"Polygon","coordinates":[[[37.695991,47.857267],[37.696439,47.857505],[37.69644,47.857505],[37.696826,47.857711],[37.69778,47.857435],[37.699671,47.856888],[37.700128,47.856755],[37.699687,47.856194],[37.699499,47.856249],[37.695991,47.857267]]]}},{"type":"Feature","properties":{"cadnum":"1421557100:07:000:0057"},"geometry":{"type":"Polygon","coordinates":[[[37.698102,47.825411],[37.699671,47.8254],[37.699671,47.825399],[37.700878,47.82539],[37.700931,47.824323],[37.701039,47.822233],[37.699671,47.822246],[37.699671,47.822245],[37.698281,47.822257],[37.698163,47.824323],[37.698164,47.824323],[37.698102,47.825411]]]}},{"type":"Feature","properties":{"cadnum":"1421557100:07:000:0058"},"geometry":{"type":"Polygon","coordinates":[[[37.698281,47.822257],[37.699499,47.822247],[37.701039,47.822233],[37.70112,47.820635],[37.70112,47.820634],[37.701121,47.820634],[37.701205,47.818994],[37.699499,47.819009],[37.698461,47.819018],[37.698378,47.820519],[37.698377,47.820519],[37.698281,47.822257]]]}},{"type":"Feature","properties":{"cadnum":"1421557100:07:000:0054"},"geometry":{"type":"Polygon","coordinates":[[[37.691018,47.824437],[37.694006,47.824432],[37.694006,47.824433],[37.697809,47.824425],[37.697814,47.824323],[37.697815,47.824323],[37.697836,47.823925],[37.697922,47.822374],[37.694006,47.8224],[37.691136,47.822419],[37.691131,47.822432],[37.691054,47.8238],[37.691046,47.82397],[37.691032,47.824207],[37.691031,47.824207],[37.691018,47.824437]]]}},{"type":"Feature","properties":{"cadnum":"1421557100:07:000:0055"},"geometry":{"type":"Polygon","coordinates":[[[37.691136,47.822419],[37.694178,47.822399],[37.697922,47.822374],[37.698027,47.820532],[37.698039,47.820335],[37.694006,47.820361],[37.691247,47.820378],[37.69123,47.820634],[37.691231,47.820634],[37.691231,47.820635],[37.69123,47.820649],[37.691136,47.822419]]]}},{"type":"Feature","properties":{"cadnum":"1421557100:04:000:0420"},"geometry":{"type":"Polygon","coordinates":[[[37.459456,47.717034],[37.461261,47.717141],[37.463465,47.717272],[37.463465,47.717271],[37.465912,47.717415],[37.465928,47.717141],[37.465927,47.717141],[37.465943,47.71689],[37.46588,47.716495],[37.46595,47.716086],[37.463293,47.71592],[37.459565,47.715685],[37.459487,47.716841],[37.459456,47.717034]]]}},{"type":"Feature","properties":{"cadnum":"1421557100:04:000:0419"},"geometry":{"type":"Polygon","coordinates":[[[37.459251,47.718324],[37.463293,47.718578],[37.463293,47.718579],[37.465766,47.718733],[37.465889,47.717777],[37.465912,47.717415],[37.463293,47.717261],[37.46321,47.717256],[37.463219,47.717256],[37.459456,47.717034],[37.459439,47.717141],[37.459437,47.717154],[37.45942,47.717256],[37.459305,47.717988],[37.459251,47.718324]]]}},{"type":"Feature","properties":{"cadnum":"1421557100:01:002:0435"},"geometry":{"type":"Polygon","coordinates":[[[37.652229,47.835612],[37.65231,47.835684],[37.652323,47.835679],[37.652449,47.835612],[37.652369,47.83554],[37.652229,47.835612]]]}},{"type":"Feature","properties":{"cadnum":"1421557100:01:001:0148"},"geometry":{"type":"Polygon","coordinates":[[[37.650091,47.839353],[37.650092,47.839353],[37.650232,47.839366],[37.650232,47.839365],[37.650342,47.839375],[37.650408,47.839062],[37.650464,47.838796],[37.650352,47.83879],[37.650212,47.838778],[37.650174,47.838958],[37.650173,47.838958],[37.650159,47.839029],[37.650149,47.839073],[37.650091,47.839353]]]}},{"type":"Feature","properties":{"cadnum":"1421557100:01:001:0227"},"geometry":{"type":"Polygon","coordinates":[[[37.650342,47.839375],[37.650509,47.839386],[37.650587,47.838984],[37.650621,47.83881],[37.650464,47.838796],[37.65043,47.838958],[37.650429,47.838958],[37.650408,47.839062],[37.650405,47.839073],[37.650342,47.839375]]]}},{"type":"Feature","properties":{"cadnum":"1421557100:01:002:0602"},"geometry":{"type":"Polygon","coordinates":[[[37.654983,47.837189],[37.655076,47.837252],[37.655153,47.837203],[37.65527,47.837129],[37.655153,47.83705],[37.655086,47.837104],[37.654983,47.837189]]]}},{"type":"Feature","properties":{"cadnum":"1421557100:01:001:0189"},"geometry":{"type":"Polygon","coordinates":[[[37.652158,47.838998],[37.652268,47.839016],[37.652323,47.839025],[37.652432,47.838922],[37.652544,47.838847],[37.652283,47.838629],[37.652212,47.838838],[37.652171,47.838958],[37.65217,47.838958],[37.652158,47.838998]]]}},{"type":"Feature","properties":{"cadnum":"1421557100:01:002:0448"},"geometry":{"type":"Polygon","coordinates":[[[37.653177,47.837348],[37.653338,47.837496],[37.653896,47.837219],[37.653761,47.837068],[37.653177,47.837348]]]}},{"type":"Feature","properties":{"cadnum":"1421557100:02:000:0306"},"geometry":{"type":"Polygon","coordinates":[[[37.651358,47.836202],[37.65152,47.836336],[37.651965,47.8367],[37.652346,47.837116],[37.652508,47.837264],[37.652732,47.837207],[37.652782,47.837264],[37.652858,47.837297],[37.652881,47.837288],[37.652889,47.837237],[37.652818,47.837161],[37.652858,47.83714],[37.652921,47.837192],[37.653011,47.837158],[37.652962,47.837098],[37.653573,47.836875],[37.653487,47.836779],[37.653568,47.836749],[37.653271,47.836435],[37.653936,47.836151],[37.65378,47.836007],[37.653654,47.836046],[37.653653,47.836046],[37.653573,47.835925],[37.65369,47.835886],[37.653541,47.835603],[37.65351,47.835615],[37.653393,47.835449],[37.652688,47.835696],[37.652661,47.835663],[37.652642,47.83567],[37.652481,47.835657],[37.652418,47.835661],[37.652436,47.83573],[37.652202,47.835817],[37.651992,47.835925],[37.651982,47.835916],[37.651627,47.836094],[37.651623,47.836091],[37.651556,47.836121],[37.651524,47.836097],[37.651358,47.836202]]]}},{"type":"Feature","properties":{"cadnum":"1421557100:01:002:0554"},"geometry":{"type":"Polygon","coordinates":[[[37.652059,47.835702],[37.65222,47.835853],[37.652418,47.835757],[37.652378,47.835717],[37.652413,47.835699],[37.652396,47.835684],[37.652409,47.835675],[37.652378,47.835648],[37.65231,47.835684],[37.652233,47.835615],[37.652059,47.835702]]]}},{"type":"Feature","properties":{"cadnum":"1421557100:01:001:0199"},"geometry":{"type":"Polygon","coordinates":[[[37.650271,47.83778],[37.650329,47.837927],[37.650321,47.838075],[37.650837,47.838099],[37.650837,47.838081],[37.650707,47.837891],[37.650594,47.837726],[37.650594,47.837722],[37.650271,47.83778]]]}},{"type":"Feature","properties":{"cadnum":"1421557100:01:002:0555"},"geometry":{"type":"Polygon","coordinates":[[[37.651879,47.83573],[37.651889,47.835742],[37.651923,47.83582],[37.651933,47.83584],[37.651933,47.835841],[37.651915,47.835847],[37.651942,47.83588],[37.651942,47.835898],[37.651937,47.835913],[37.65191,47.835929],[37.651969,47.835974],[37.65222,47.835853],[37.652059,47.835702],[37.652027,47.83567],[37.651879,47.83573]]]}},{"type":"Feature","properties":{"cadnum":"1421557100:01:002:0425"},"geometry":{"type":"Polygon","coordinates":[[[37.653869,47.83658],[37.653936,47.836643],[37.654013,47.836604],[37.654008,47.8366],[37.654,47.836604],[37.653999,47.836604],[37.653936,47.83655],[37.653869,47.83658]]]}},{"type":"Feature","properties":{"cadnum":"1421557100:01:002:0498"},"geometry":{"type":"Polygon","coordinates":[[[37.651686,47.835114],[37.651749,47.835156],[37.651699,47.835192],[37.651726,47.835211],[37.651934,47.835386],[37.651935,47.835386],[37.652,47.83544],[37.652202,47.835331],[37.651826,47.835024],[37.651807,47.835036],[37.651686,47.835114]]]}},{"type":"Feature","properties":{"cadnum":"1421557100:01:001:0179"},"geometry":{"type":"Polygon","coordinates":[[[37.651268,47.839435],[37.651426,47.839447],[37.651526,47.838983],[37.651547,47.838892],[37.651394,47.83888],[37.651376,47.838958],[37.651375,47.838958],[37.651268,47.839435]]]}},{"type":"Feature","properties":{"cadnum":"1421557100:01:002:0121"},"geometry":{"type":"Polygon","coordinates":[[[37.653271,47.836435],[37.65351,47.836689],[37.653797,47.836562],[37.654139,47.836414],[37.654143,47.83641],[37.654013,47.836275],[37.654044,47.836263],[37.653936,47.836151],[37.653923,47.836157],[37.653883,47.836175],[37.653271,47.836435]]]}},{"type":"Feature","properties":{"cadnum":"1421557100:01:002:0166"},"geometry":{"type":"Polygon","coordinates":[[[37.65369,47.836673],[37.65382,47.836851],[37.65434,47.836673],[37.654166,47.836441],[37.654071,47.836483],[37.654129,47.836546],[37.653937,47.836643],[37.653936,47.836643],[37.653869,47.83658],[37.65369,47.836673]]]}},{"type":"Feature","properties":{"cadnum":"1421557100:01:002:0591"},"geometry":{"type":"Polygon","coordinates":[[[37.653617,47.835467],[37.653707,47.83557],[37.65395,47.835473],[37.65382,47.835386],[37.653617,47.835467]]]}},{"type":"Feature","properties":{"cadnum":"1421557100:01:002:0365"},"geometry":{"type":"Polygon","coordinates":[[[37.653747,47.837873],[37.654139,47.838199],[37.654399,47.838054],[37.654435,47.838036],[37.654124,47.837671],[37.654084,47.837695],[37.653747,47.837873]]]}},{"type":"Feature","properties":{"cadnum":"1421557100:01:002:0596"},"geometry":{"type":"Polygon","coordinates":[[[37.653568,47.835355],[37.653594,47.835386],[37.653595,47.835386],[37.653653,47.835452],[37.653757,47.83541],[37.653684,47.835328],[37.653671,47.835313],[37.653634,47.835328],[37.653568,47.835355]]]}},{"type":"Feature","properties":{"cadnum":"1421557100:01:002:0103"},"geometry":{"type":"Polygon","coordinates":[[[37.650765,47.835391],[37.65099,47.835576],[37.651488,47.83531],[37.651384,47.835229],[37.651308,47.835271],[37.651214,47.835322],[37.651183,47.835295],[37.651124,47.835328],[37.651067,47.835328],[37.651066,47.835328],[37.65099,47.835265],[37.65098,47.835271],[37.650979,47.835271],[37.650809,47.835367],[37.650774,47.835386],[37.650765,47.835391]]]}},{"type":"Feature","properties":{"cadnum":"1421557100:01:002:0378"},"geometry":{"type":"Polygon","coordinates":[[[37.651384,47.835229],[37.651437,47.835271],[37.651488,47.83531],[37.651488,47.835311],[37.65158,47.835386],[37.651581,47.835386],[37.651614,47.835413],[37.65164,47.835398],[37.651641,47.835398],[37.65183,47.835545],[37.652,47.83544],[37.651797,47.835271],[37.651726,47.835211],[37.6517,47.835192],[37.651749,47.835156],[37.651686,47.835114],[37.651807,47.835036],[37.651771,47.835009],[37.651384,47.835229]]]}},{"type":"Feature","properties":{"cadnum":"1421557100:01:002:0544"},"geometry":{"type":"Polygon","coordinates":[[[37.65395,47.83699],[37.654063,47.83711],[37.654552,47.836908],[37.654439,47.836785],[37.65395,47.83699]]]}},{"type":"Feature","properties":{"cadnum":"1421557100:01:001:0246"},"geometry":{"type":"Polygon","coordinates":[[[37.651426,47.839447],[37.651636,47.839462],[37.651718,47.838983],[37.65173,47.838913],[37.651543,47.838899],[37.65153,47.838958],[37.651529,47.838958],[37.651426,47.839447]]]}},{"type":"Feature","properties":{"cadnum":"1421557100:01:001:0081"},"geometry":{"type":"Polygon","coordinates":[[[37.655185,47.838189],[37.655329,47.838358],[37.655554,47.838273],[37.655724,47.838208],[37.655571,47.838039],[37.655185,47.838189]]]}},{"type":"Feature","properties":{"cadnum":"1421557100:01:002:0393"},"geometry":{"type":"Polygon","coordinates":[[[37.65448,47.837409],[37.65465,47.837608],[37.655023,47.837445],[37.654839,47.837234],[37.65448,47.837409]]]}},{"type":"Feature","properties":{"cadnum":"1421557100:01:001:0072"},"geometry":{"type":"Polygon","coordinates":[[[37.64114,47.830257],[37.642654,47.830429],[37.642887,47.83032],[37.642937,47.830362],[37.642698,47.830507],[37.641392,47.830456],[37.642736,47.831583],[37.643179,47.831954],[37.644567,47.83307],[37.644665,47.833149],[37.644739,47.833215],[37.646139,47.834475],[37.64701,47.835271],[37.647016,47.835277],[37.647136,47.835386],[37.647199,47.835443],[37.64772,47.835271],[37.648084,47.835151],[37.648317,47.835244],[37.648348,47.835271],[37.648347,47.835271],[37.648577,47.835473],[37.649004,47.835853],[37.650061,47.836747],[37.651893,47.838295],[37.652319,47.838642],[37.652695,47.838958],[37.653411,47.839558],[37.653317,47.839724],[37.654286,47.84087],[37.655162,47.842027],[37.655725,47.842632],[37.655726,47.842632],[37.655845,47.84276],[37.656483,47.843444],[37.658549,47.845651],[37.660036,47.845018],[37.657946,47.84276],[37.657781,47.842582],[37.657642,47.842642],[37.657327,47.842305],[37.656896,47.841847],[37.655864,47.840731],[37.655554,47.84046],[37.654421,47.839468],[37.654579,47.839384],[37.655554,47.840271],[37.655994,47.840671],[37.656397,47.84093],[37.657355,47.841657],[37.657692,47.841672],[37.658531,47.841738],[37.657359,47.840508],[37.655752,47.838974],[37.655726,47.838949],[37.655725,47.838949],[37.654646,47.837918],[37.654399,47.838054],[37.654139,47.838199],[37.652858,47.83714],[37.652818,47.837161],[37.652889,47.837237],[37.652881,47.837285],[37.652858,47.837297],[37.652782,47.837264],[37.652732,47.837207],[37.652508,47.837264],[37.652346,47.837116],[37.651965,47.8367],[37.651358,47.836203],[37.651358,47.836202],[37.651543,47.836085],[37.650518,47.835271],[37.650061,47.834907],[37.649548,47.834499],[37.649399,47.834584],[37.649202,47.834689],[37.649202,47.834692],[37.646237,47.832271],[37.646134,47.832329],[37.645312,47.831701],[37.645167,47.831583],[37.644696,47.831199],[37.644504,47.831041],[37.64347,47.830136],[37.643323,47.830007],[37.643021,47.829726],[37.642968,47.829756],[37.64114,47.830257]],[[37.649135,47.835672],[37.64904,47.835726],[37.648914,47.835627],[37.649009,47.835572],[37.649135,47.835672]]]}},{"type":"Feature","properties":{"cadnum":"1421557100:01:001:0214"},"geometry":{"type":"Polygon","coordinates":[[[37.655329,47.838358],[37.655504,47.838555],[37.655554,47.838537],[37.655593,47.838522],[37.655725,47.838474],[37.655725,47.838473],[37.655726,47.838473],[37.655904,47.838407],[37.655724,47.838208],[37.655329,47.838358]]]}},{"type":"Feature","properties":{"cadnum":"1421557100:01:002:0501"},"geometry":{"type":"Polygon","coordinates":[[[37.651753,47.835581],[37.65182,47.835636],[37.651883,47.83569],[37.652082,47.835603],[37.652378,47.835473],[37.652202,47.835331],[37.652,47.83544],[37.65183,47.835545],[37.651753,47.835581]]]}},{"type":"Feature","properties":{"cadnum":"1421557100:06:000:0308"},"geometry":{"type":"Polygon","coordinates":[[[37.650338,47.805851],[37.65094,47.805879],[37.650941,47.805879],[37.655554,47.806092],[37.655554,47.806093],[37.659017,47.806252],[37.659256,47.805879],[37.659257,47.805879],[37.659906,47.804871],[37.655554,47.804464],[37.655554,47.804465],[37.651124,47.80405],[37.650376,47.805763],[37.650338,47.805851]]]}},{"type":"Feature","properties":{"cadnum":"1421557100:07:000:0176"},"geometry":{"type":"Polygon","coordinates":[[[37.701956,47.854136],[37.702014,47.854151],[37.702184,47.854199],[37.702283,47.854217],[37.702396,47.854233],[37.702472,47.854238],[37.702836,47.854251],[37.703029,47.854242],[37.703046,47.853704],[37.703105,47.852005],[37.702032,47.851978],[37.701971,47.853704],[37.701969,47.853761],[37.701967,47.853819],[37.701967,47.85382],[37.701956,47.854136]]]}},{"type":"Feature","properties":{"cadnum":"1421557100:07:000:0175"},"geometry":{"type":"Polygon","coordinates":[[[37.700797,47.853997],[37.700935,47.853988],[37.701094,47.853976],[37.701224,47.853979],[37.701363,47.853994],[37.701534,47.854027],[37.701744,47.854079],[37.701884,47.854115],[37.701956,47.854136],[37.701969,47.853761],[37.702032,47.851978],[37.700868,47.851945],[37.700807,47.853704],[37.700807,47.853709],[37.700803,47.853819],[37.700803,47.85382],[37.700797,47.853997]]]}},{"type":"Feature","properties":{"cadnum":"1421557100:07:000:0177"},"geometry":{"type":"Polygon","coordinates":[[[37.703029,47.854251],[37.703101,47.854247],[37.703388,47.854187],[37.703654,47.854108],[37.703851,47.854048],[37.704013,47.853997],[37.704147,47.853955],[37.704193,47.85394],[37.704199,47.853756],[37.70426,47.852047],[37.703105,47.852017],[37.703048,47.853704],[37.703046,47.853704],[37.703029,47.854251]]]}},{"type":"Feature","properties":{"cadnum":"1421557100:07:000:0178"},"geometry":{"type":"Polygon","coordinates":[[[37.704193,47.853931],[37.704268,47.853913],[37.7044,47.853898],[37.704507,47.853889],[37.70474,47.85388],[37.704992,47.853883],[37.705127,47.853885],[37.705164,47.853885],[37.705266,47.853886],[37.705513,47.853835],[37.705517,47.853704],[37.705572,47.852074],[37.705164,47.852064],[37.70426,47.852038],[37.7042,47.853704],[37.704199,47.853726],[37.704196,47.853819],[37.704196,47.85382],[37.704193,47.853931]]]}},{"type":"Feature","properties":{"cadnum":"1421557100:07:000:0174"},"geometry":{"type":"Polygon","coordinates":[[[37.699639,47.853943],[37.69975,47.853964],[37.699912,47.853994],[37.699956,47.854],[37.700056,47.854009],[37.700163,47.854016],[37.700285,47.854018],[37.700379,47.854018],[37.700501,47.854012],[37.700581,47.854009],[37.700784,47.854],[37.700797,47.853997],[37.700807,47.853709],[37.700868,47.851945],[37.699706,47.851914],[37.699646,47.853704],[37.699645,47.853704],[37.699639,47.853943]]]}},{"type":"Feature","properties":{"cadnum":"1421557100:06:000:0072"},"geometry":{"type":"Polygon","coordinates":[[[37.632251,47.829633],[37.633753,47.829751],[37.634056,47.829774],[37.634262,47.828011],[37.634532,47.825709],[37.63447,47.825676],[37.633753,47.825367],[37.632803,47.824958],[37.632441,47.828011],[37.632442,47.828011],[37.632251,47.829633]]]}},{"type":"Feature","properties":{"cadnum":"1421557100:06:000:0074"},"geometry":{"type":"MultiPolygon","coordinates":[[[[37.636262,47.829949],[37.638014,47.830091],[37.639074,47.83017],[37.639212,47.83018],[37.639246,47.830182],[37.640511,47.830275],[37.641243,47.830378],[37.639074,47.828655],[37.639074,47.828656],[37.638262,47.828011],[37.638263,47.828011],[37.637348,47.827284],[37.636625,47.826874],[37.63658,47.82726],[37.636599,47.82726],[37.636599,47.827275],[37.636579,47.827275],[37.636505,47.827895],[37.636262,47.829949]],[[37.640826,47.830112],[37.640826,47.830097],[37.640847,47.830097],[37.640847,47.830112],[37.640826,47.830112]],[[37.640385,47.829989],[37.640385,47.829974],[37.640385,47.829973],[37.640407,47.829973],[37.640407,47.829974],[37.640403,47.829989],[37.640385,47.829989]],[[37.6403,47.830009],[37.6403,47.829994],[37.640321,47.829994],[37.640322,47.829994],[37.640322,47.830009],[37.640321,47.830009],[37.6403,47.830009]],[[37.640147,47.829578],[37.640147,47.829564],[37.64017,47.829564],[37.64017,47.829578],[37.640147,47.829578]],[[37.640031,47.829699],[37.640031,47.829684],[37.640053,47.829684],[37.640048,47.829699],[37.640031,47.829699]],[[37.639977,47.829747],[37.639977,47.829732],[37.639998,47.829732],[37.639998,47.829747],[37.639977,47.829747]],[[37.639671,47.829406],[37.639671,47.829392],[37.639694,47.829392],[37.639694,47.829406],[37.639671,47.829406]],[[37.639652,47.829485],[37.639652,47.829484],[37.639652,47.82947],[37.639675,47.82947],[37.639675,47.829484],[37.639675,47.829485],[37.639652,47.829485]],[[37.639572,47.829126],[37.639577,47.829111],[37.639599,47.829111],[37.639595,47.829126],[37.639572,47.829126]],[[37.639312,47.829223],[37.639312,47.829222],[37.639312,47.829196],[37.639348,47.829196],[37.639348,47.829222],[37.639348,47.829223],[37.639312,47.829223]],[[37.639308,47.82912],[37.639308,47.829096],[37.639348,47.829096],[37.639348,47.82912],[37.639308,47.82912]],[[37.639226,47.829072],[37.639226,47.829026],[37.639246,47.829028],[37.639246,47.829027],[37.639294,47.82903],[37.639289,47.829072],[37.639226,47.829072]],[[37.639074,47.829253],[37.639231,47.829129],[37.639294,47.829129],[37.639294,47.829174],[37.639231,47.829171],[37.639231,47.829155],[37.638025,47.830082],[37.639074,47.829253]],[[37.639002,47.828674],[37.639002,47.828659],[37.639025,47.828659],[37.639025,47.828674],[37.639002,47.828674]],[[37.638606,47.828583],[37.638606,47.828541],[37.638669,47.828541],[37.638669,47.828583],[37.638606,47.828583]],[[37.638427,47.828221],[37.638427,47.828206],[37.638449,47.828206],[37.638449,47.828221],[37.638427,47.828221]],[[37.638386,47.829729],[37.638386,47.829714],[37.638409,47.829714],[37.638409,47.829729],[37.638386,47.829729]],[[37.638031,47.829992],[37.638031,47.829989],[37.638032,47.829989],[37.638031,47.829992]],[[37.638032,47.829989],[37.6383,47.828511],[37.638301,47.828511],[37.63836,47.828514],[37.638369,47.828514],[37.638364,47.828556],[37.638363,47.828556],[37.63835,47.828556],[37.638136,47.829533],[37.638148,47.829533],[37.638148,47.829548],[37.638133,47.829548],[37.638133,47.829549],[37.638036,47.829989],[37.638032,47.829989]],[[37.638036,47.829989],[37.638054,47.829989],[37.638054,47.830004],[37.638047,47.830004],[37.638014,47.83009],[37.638032,47.830004],[37.638036,47.829989]],[[37.638113,47.829295],[37.638113,47.829294],[37.638113,47.82928],[37.638134,47.82928],[37.638134,47.829294],[37.638134,47.829295],[37.638113,47.829295]],[[37.638031,47.829998],[37.638031,47.830001],[37.638018,47.830069],[37.638031,47.829998]],[[37.637973,47.828094],[37.637973,47.82808],[37.637996,47.82808],[37.637996,47.828094],[37.637973,47.828094]],[[37.637857,47.827769],[37.637857,47.827754],[37.637879,47.827754],[37.637879,47.827769],[37.637857,47.827769]],[[37.63774,47.828119],[37.63774,47.828104],[37.637761,47.828104],[37.637761,47.828119],[37.63774,47.828119]],[[37.637371,47.82766],[37.637371,47.827645],[37.637394,47.827645],[37.637394,47.82766],[37.637371,47.82766]],[[37.637255,47.827338],[37.637254,47.827338],[37.637258,47.827287],[37.637259,47.827287],[37.637335,47.827287],[37.637331,47.827338],[37.637255,47.827338]],[[37.637161,47.827696],[37.637161,47.827682],[37.637182,47.827682],[37.637182,47.827696],[37.637161,47.827696]],[[37.636769,47.827226],[37.636769,47.827211],[37.636792,47.827211],[37.636792,47.827226],[37.636769,47.827226]]],[[[37.636579,47.827275],[37.63658,47.827265],[37.63658,47.82726],[37.636576,47.82726],[37.636576,47.827275],[37.636578,47.827275],[37.636579,47.827275]]],[[[37.638136,47.829533],[37.638135,47.829533],[37.638126,47.829533],[37.638126,47.829548],[37.638133,47.829548],[37.638136,47.829533]]],[[[37.638207,47.829096],[37.638229,47.829096],[37.638229,47.829081],[37.638207,47.829081],[37.638207,47.829096]]]]}},{"type":"Feature","properties":{"cadnum":"1421557100:06:000:0073"},"geometry":{"type":"Polygon","coordinates":[[[37.634056,47.829774],[37.636262,47.829949],[37.63649,47.828011],[37.636572,47.827323],[37.636625,47.826874],[37.635566,47.826274],[37.635566,47.826276],[37.635566,47.826277],[37.635526,47.826277],[37.635526,47.826276],[37.635526,47.826252],[37.634532,47.825709],[37.634478,47.826159],[37.634275,47.827895],[37.634262,47.828007],[37.634261,47.828011],[37.634056,47.829774]],[[37.63619,47.826777],[37.63619,47.826792],[37.636168,47.826792],[37.636168,47.826777],[37.63619,47.826777]],[[37.636019,47.826837],[37.636019,47.826838],[37.636019,47.826853],[37.635997,47.826853],[37.635996,47.826853],[37.635996,47.826838],[37.635997,47.826838],[37.635997,47.826837],[37.636019,47.826837]],[[37.635547,47.826373],[37.635547,47.826331],[37.63561,47.826331],[37.63561,47.826375],[37.63561,47.826376],[37.635547,47.826373]],[[37.635463,47.826404],[37.635457,47.826445],[37.635394,47.826445],[37.635394,47.826404],[37.635463,47.826404]]]}},{"type":"Feature","properties":{"cadnum":"1421557100:03:000:0084"},"geometry":{"type":"Polygon","coordinates":[[[37.70134,47.818695],[37.702027,47.818701],[37.702032,47.818435],[37.701344,47.818429],[37.70134,47.818695]]]}},{"type":"Feature","properties":{"cadnum":"1421557100:03:000:0099"},"geometry":{"type":"Polygon","coordinates":[[[37.703056,47.820516],[37.70422,47.820528],[37.704224,47.820248],[37.703551,47.820245],[37.703555,47.820293],[37.703061,47.820284],[37.703056,47.820516]]]}},{"type":"Feature","properties":{"cadnum":"1421557100:03:000:0104"},"geometry":{"type":"Polygon","coordinates":[[[37.702908,47.818466],[37.703581,47.818478],[37.703591,47.818028],[37.702916,47.818022],[37.702908,47.818466]]]}},{"type":"Feature","properties":{"cadnum":"1421557100:07:000:0067"},"geometry":{"type":"Polygon","coordinates":[[[37.704476,47.825381],[37.704992,47.825389],[37.704992,47.82539],[37.705105,47.825391],[37.705164,47.825392],[37.706187,47.825408],[37.706225,47.824207],[37.706224,47.824207],[37.70634,47.820532],[37.706348,47.820293],[37.705001,47.820273],[37.704593,47.820266],[37.704593,47.820691],[37.70448,47.824323],[37.704481,47.824323],[37.704476,47.824473],[37.704476,47.825381]]]}},{"type":"Feature","properties":{"cadnum":"1421557100:03:000:0038"},"geometry":{"type":"Polygon","coordinates":[[[37.70275,47.820999],[37.703375,47.820996],[37.703388,47.820519],[37.702765,47.820514],[37.702765,47.820519],[37.702764,47.820519],[37.702763,47.820519],[37.70275,47.820999]]]}},{"type":"Feature","properties":{"cadnum":"1421557100:03:000:0034"},"geometry":{"type":"Polygon","coordinates":[[[37.702809,47.82017],[37.703496,47.820176],[37.703509,47.819741],[37.702818,47.819732],[37.702809,47.82017]]]}},{"type":"Feature","properties":{"cadnum":"1421557100:03:000:0035"},"geometry":{"type":"Polygon","coordinates":[[[37.703496,47.820176],[37.704188,47.820185],[37.704201,47.81975],[37.703509,47.819741],[37.703496,47.820176]]]}},{"type":"Feature","properties":{"cadnum":"1421557100:03:000:0048"},"geometry":{"type":"Polygon","coordinates":[[[37.701578,47.820462],[37.70262,47.820483],[37.702633,47.820199],[37.701591,47.82017],[37.701578,47.820462]]]}},{"type":"Feature","properties":{"cadnum":"1421557100:03:000:0083"},"geometry":{"type":"Polygon","coordinates":[[[37.702027,47.818701],[37.702706,47.818704],[37.70271,47.818442],[37.702032,47.818435],[37.702027,47.818701]]]}},{"type":"Feature","properties":{"cadnum":"1421557100:03:000:0095"},"geometry":{"type":"Polygon","coordinates":[[[37.703392,47.819741],[37.704408,47.81975],[37.704417,47.819437],[37.703398,47.819425],[37.703392,47.819741]]]}},{"type":"Feature","properties":{"cadnum":"1421557100:03:000:0105"},"geometry":{"type":"Polygon","coordinates":[[[37.703581,47.818478],[37.704143,47.818484],[37.704151,47.818035],[37.703591,47.818028],[37.703581,47.818478]]]}},{"type":"Feature","properties":{"cadnum":"1421557100:03:000:0094"},"geometry":{"type":"Polygon","coordinates":[[[37.702818,47.819732],[37.703392,47.819741],[37.703398,47.819425],[37.702826,47.819419],[37.702818,47.819732]]]}},{"type":"Feature","properties":{"cadnum":"1421557100:03:000:0100"},"geometry":{"type":"Polygon","coordinates":[[[37.70422,47.820528],[37.70448,47.820532],[37.70448,47.820251],[37.704224,47.820248],[37.70422,47.820528]]]}},{"type":"Feature","properties":{"cadnum":"1421557100:03:000:0039"},"geometry":{"type":"Polygon","coordinates":[[[37.703375,47.820996],[37.704497,47.82099],[37.704471,47.820532],[37.703388,47.820519],[37.703384,47.820634],[37.703385,47.820634],[37.703385,47.820635],[37.703375,47.820996]]]}},{"type":"Feature","properties":{"cadnum":"1421557100:03:000:0049"},"geometry":{"type":"Polygon","coordinates":[[[37.701165,47.820453],[37.701578,47.820462],[37.701591,47.82017],[37.701178,47.820157],[37.701165,47.820453]]]}},{"type":"Feature","properties":{"cadnum":"1421557100:05:000:0026"},"geometry":{"type":"Polygon","coordinates":[[[37.717654,47.835494],[37.717986,47.835498],[37.717993,47.835271],[37.718004,47.834957],[37.717667,47.834955],[37.717659,47.835271],[37.717654,47.835494]]]}},{"type":"Feature","properties":{"cadnum":"1421557100:05:000:0025"},"geometry":{"type":"Polygon","coordinates":[[[37.717321,47.835489],[37.717654,47.835494],[37.717656,47.835386],[37.717667,47.834955],[37.717334,47.834948],[37.717322,47.835386],[37.717323,47.835386],[37.717324,47.835386],[37.717321,47.835489]]]}},{"type":"Feature","properties":{"cadnum":"1421557100:05:000:0024"},"geometry":{"type":"Polygon","coordinates":[[[37.716984,47.835485],[37.717321,47.835489],[37.717326,47.835271],[37.717334,47.834948],[37.717002,47.834946],[37.716987,47.835386],[37.716988,47.835386],[37.716984,47.835485]]]}},{"type":"Feature","properties":{"cadnum":"1421557100:08:000:0030"},"geometry":{"type":"Polygon","coordinates":[[[37.716001,47.834888],[37.71615,47.834889],[37.717654,47.834894],[37.718493,47.834919],[37.718533,47.834412],[37.718534,47.834412],[37.718942,47.834415],[37.719065,47.832575],[37.716042,47.832533],[37.716001,47.834888]]]}},{"type":"Feature","properties":{"cadnum":"1421557100:05:000:0021"},"geometry":{"type":"Polygon","coordinates":[[[37.715983,47.835473],[37.71615,47.835475],[37.716319,47.835476],[37.716322,47.835328],[37.716333,47.834937],[37.716001,47.834933],[37.715989,47.835271],[37.715988,47.8353],[37.715985,47.835386],[37.715986,47.835386],[37.715983,47.835473]]]}},{"type":"Feature","properties":{"cadnum":"1421557100:05:000:0022"},"geometry":{"type":"Polygon","coordinates":[[[37.716319,47.835476],[37.716652,47.835482],[37.716655,47.835326],[37.716665,47.834942],[37.716333,47.834937],[37.716324,47.835271],[37.716323,47.835271],[37.716322,47.835328],[37.716321,47.835386],[37.716319,47.835476]]]}},{"type":"Feature","properties":{"cadnum":"1421557100:08:000:0051"},"geometry":{"type":"Polygon","coordinates":[[[37.719321,47.833833],[37.721643,47.833923],[37.721643,47.833922],[37.721644,47.833922],[37.721665,47.833923],[37.721638,47.831837],[37.719472,47.83184],[37.719321,47.833833]]]}},{"type":"Feature","properties":{"cadnum":"1421557100:05:000:0032"},"geometry":{"type":"Polygon","coordinates":[[[37.719508,47.834957],[37.719707,47.835268],[37.719711,47.835271],[37.719716,47.835274],[37.719884,47.835386],[37.719885,47.835386],[37.72025,47.835627],[37.720394,47.835549],[37.720424,47.835437],[37.720852,47.83541],[37.721027,47.835531],[37.721472,47.835519],[37.721701,47.835512],[37.721889,47.835597],[37.72246,47.835301],[37.723304,47.835271],[37.723453,47.835265],[37.723456,47.835271],[37.723455,47.835271],[37.723513,47.835359],[37.72353,47.835386],[37.723531,47.835386],[37.72361,47.835507],[37.724055,47.835642],[37.725015,47.835699],[37.725002,47.835295],[37.725002,47.835259],[37.725361,47.835039],[37.726103,47.834928],[37.726982,47.834951],[37.727005,47.834442],[37.721858,47.834249],[37.721839,47.834876],[37.721759,47.834964],[37.721629,47.835048],[37.721363,47.835042],[37.720749,47.834988],[37.719818,47.834951],[37.719589,47.834951],[37.719508,47.834957]]]}},{"type":"Feature","properties":{"cadnum":"1421557100:05:000:0023"},"geometry":{"type":"Polygon","coordinates":[[[37.716652,47.835482],[37.716984,47.835485],[37.716991,47.835271],[37.717002,47.834946],[37.716665,47.834942],[37.716656,47.835271],[37.716655,47.835326],[37.716653,47.835386],[37.716654,47.835386],[37.716652,47.835482]]]}},{"type":"Feature","properties":{"cadnum":"1421557100:08:000:0075"},"geometry":{"type":"Polygon","coordinates":[[[37.716042,47.832533],[37.71615,47.832535],[37.719065,47.832575],[37.719118,47.83181],[37.716055,47.831768],[37.716042,47.832533]]]}},{"type":"Feature","properties":{"cadnum":"1421557100:01:002:0513"},"geometry":{"type":"Polygon","coordinates":[[[37.657107,47.837981],[37.657476,47.838189],[37.657651,47.838054],[37.657283,47.83784],[37.657282,47.83784],[37.657107,47.837981]]]}},{"type":"Feature","properties":{"cadnum":"1421557100:01:002:0590"},"geometry":{"type":"Polygon","coordinates":[[[37.655724,47.838781],[37.655912,47.838968],[37.655935,47.838959],[37.656254,47.838877],[37.656002,47.838618],[37.655724,47.838781]]]}},{"type":"Feature","properties":{"cadnum":"1421557100:01:002:0167"},"geometry":{"type":"Polygon","coordinates":[[[37.656298,47.838651],[37.656554,47.83894],[37.656627,47.838889],[37.656793,47.838763],[37.65643,47.838551],[37.656298,47.838651]]]}},{"type":"Feature","properties":{"cadnum":"1421557100:01:002:0586"},"geometry":{"type":"Polygon","coordinates":[[[37.656892,47.838093],[37.65726,47.838304],[37.65743,47.838166],[37.657067,47.837954],[37.656892,47.838093]]]}},{"type":"Feature","properties":{"cadnum":"1421557100:01:002:0256"},"geometry":{"type":"Polygon","coordinates":[[[37.656896,47.83737],[37.657336,47.837614],[37.657606,47.837391],[37.657183,47.837122],[37.656896,47.83737]]]}},{"type":"Feature","properties":{"cadnum":"1421557100:01:002:0429"},"geometry":{"type":"Polygon","coordinates":[[[37.657489,47.837677],[37.657858,47.837885],[37.658099,47.837695],[37.657755,47.837466],[37.657489,47.837677]]]}},{"type":"Feature","properties":{"cadnum":"1421557100:01:002:0373"},"geometry":{"type":"Polygon","coordinates":[[[37.655935,47.838959],[37.656046,47.839073],[37.656047,47.839073],[37.656236,47.839266],[37.656537,47.839163],[37.656399,47.839024],[37.656254,47.838877],[37.655938,47.838958],[37.655937,47.838958],[37.655935,47.838959]]]}},{"type":"Feature","properties":{"cadnum":"1421557100:01:002:0536"},"geometry":{"type":"Polygon","coordinates":[[[37.65656,47.837641],[37.657013,47.837889],[37.657179,47.837746],[37.65673,47.8375],[37.65656,47.837641]]]}},{"type":"Feature","properties":{"cadnum":"1421557100:01:002:0505"},"geometry":{"type":"Polygon","coordinates":[[[37.657858,47.837885],[37.658217,47.838093],[37.658441,47.837912],[37.658099,47.837695],[37.657858,47.837885]]]}},{"type":"Feature","properties":{"cadnum":"1421557100:01:001:0209"},"geometry":{"type":"Polygon","coordinates":[[[37.660139,47.839088],[37.660508,47.839296],[37.660701,47.839151],[37.660355,47.838958],[37.660323,47.83894],[37.660301,47.838958],[37.6603,47.838958],[37.660179,47.839056],[37.660158,47.839073],[37.660139,47.839088]]]}},{"type":"Feature","properties":{"cadnum":"1421557100:01:002:0104"},"geometry":{"type":"Polygon","coordinates":[[[37.658298,47.838144],[37.658665,47.838334],[37.658895,47.838135],[37.658522,47.837943],[37.658298,47.838144]]]}},{"type":"Feature","properties":{"cadnum":"1421557100:01:002:0127"},"geometry":{"type":"Polygon","coordinates":[[[37.659591,47.83885],[37.659798,47.838958],[37.659797,47.838958],[37.659955,47.83904],[37.660166,47.838877],[37.659793,47.838684],[37.659591,47.83885]]]}},{"type":"Feature","properties":{"cadnum":"1421557100:07:000:0256"},"geometry":{"type":"Polygon","coordinates":[[[37.518474,47.598075],[37.518533,47.598221],[37.518919,47.598147],[37.51886,47.598003],[37.518474,47.598075]]]}},{"type":"Feature","properties":{"cadnum":"1421557100:07:000:0013"},"geometry":{"type":"Polygon","coordinates":[[[37.677238,47.847055],[37.677526,47.847081],[37.68302,47.847574],[37.68302,47.847575],[37.683111,47.847583],[37.683191,47.84759],[37.683284,47.847598],[37.683378,47.846426],[37.683401,47.846166],[37.68302,47.846132],[37.68302,47.846133],[37.677526,47.845639],[37.677427,47.84563],[37.677334,47.846332],[37.677333,47.846332],[37.677238,47.847055]]]}},{"type":"Feature","properties":{"cadnum":"1421557100:07:000:0014"},"geometry":{"type":"Polygon","coordinates":[[[37.677427,47.84563],[37.677698,47.845655],[37.677698,47.845654],[37.683191,47.846148],[37.683191,47.846147],[37.683401,47.846166],[37.683414,47.84598],[37.683527,47.844614],[37.683126,47.844579],[37.677634,47.844086],[37.677427,47.84563]]]}},{"type":"Feature","properties":{"cadnum":"1421557100:06:000:0048"},"geometry":{"type":"Polygon","coordinates":[[[37.605175,47.820764],[37.606115,47.820831],[37.606115,47.820832],[37.61178,47.821235],[37.612406,47.821279],[37.6125,47.820519],[37.612546,47.820161],[37.611609,47.820094],[37.611608,47.820094],[37.606287,47.819713],[37.606287,47.819712],[37.605311,47.819642],[37.60519,47.820634],[37.605191,47.820634],[37.605191,47.820635],[37.605175,47.820764]]]}},{"type":"Feature","properties":{"cadnum":"1421557100:06:000:0055"},"geometry":{"type":"Polygon","coordinates":[[[37.612483,47.820673],[37.617273,47.821018],[37.621309,47.821307],[37.621389,47.820635],[37.621389,47.820634],[37.621421,47.820369],[37.617102,47.820061],[37.612596,47.819738],[37.612501,47.820519],[37.6125,47.820519],[37.612492,47.820589],[37.612487,47.820634],[37.612487,47.820635],[37.612483,47.820673]]]}},{"type":"Feature","properties":{"cadnum":"1421557100:06:000:0049"},"geometry":{"type":"Polygon","coordinates":[[[37.605311,47.819642],[37.606115,47.8197],[37.606115,47.819701],[37.61178,47.820107],[37.61178,47.820106],[37.612546,47.820161],[37.612596,47.819738],[37.612681,47.819039],[37.61178,47.818975],[37.606287,47.818584],[37.606287,47.818583],[37.605445,47.818523],[37.605311,47.819642]]]}},{"type":"Feature","properties":{"cadnum":"1421557100:06:000:0050"},"geometry":{"type":"Polygon","coordinates":[[[37.605445,47.818523],[37.606115,47.818571],[37.611608,47.818963],[37.611609,47.818963],[37.612681,47.819039],[37.612815,47.817919],[37.611609,47.817833],[37.611608,47.817833],[37.606115,47.817439],[37.60558,47.817401],[37.605445,47.818523]]]}},{"type":"Feature","properties":{"cadnum":"1421557100:06:000:0054"},"geometry":{"type":"Polygon","coordinates":[[[37.612596,47.819738],[37.617273,47.820073],[37.621421,47.820369],[37.621458,47.820091],[37.619433,47.819175],[37.617102,47.819008],[37.612722,47.818695],[37.612596,47.819738]]]}},{"type":"Feature","properties":{"cadnum":"1421557100:01:003:0212"},"geometry":{"type":"Polygon","coordinates":[[[37.671768,47.830724],[37.671821,47.830963],[37.672205,47.830922],[37.672567,47.830884],[37.672513,47.830649],[37.672205,47.83068],[37.671768,47.830724]]]}},{"type":"Feature","properties":{"cadnum":"1421557100:01:003:0121"},"geometry":{"type":"Polygon","coordinates":[[[37.673466,47.828074],[37.673559,47.828469],[37.673834,47.828391],[37.673762,47.82804],[37.673708,47.828047],[37.673466,47.828074]]]}},{"type":"Feature","properties":{"cadnum":"1421557100:01:003:0170"},"geometry":{"type":"Polygon","coordinates":[[[37.674386,47.828298],[37.674422,47.828566],[37.675086,47.828527],[37.675051,47.828259],[37.674386,47.828298]]]}},{"type":"Feature","properties":{"cadnum":"1421557100:01:003:0268"},"geometry":{"type":"Polygon","coordinates":[[[37.674131,47.829026],[37.674215,47.829545],[37.674548,47.829524],[37.674512,47.829256],[37.674471,47.828988],[37.674131,47.829026]]]}},{"type":"Feature","properties":{"cadnum":"1421557100:01:003:0110"},"geometry":{"type":"Polygon","coordinates":[[[37.672177,47.827881],[37.672181,47.827895],[37.672185,47.827909],[37.672214,47.828011],[37.672215,47.828011],[37.672271,47.828194],[37.672567,47.828165],[37.672854,47.828137],[37.672808,47.82794],[37.672779,47.827814],[37.672177,47.827881]]]}},{"type":"Feature","properties":{"cadnum":"1421557100:01:003:0120"},"geometry":{"type":"Polygon","coordinates":[[[37.673559,47.828469],[37.673628,47.828764],[37.674144,47.828689],[37.674125,47.828355],[37.673834,47.828391],[37.673559,47.828469]]]}},{"type":"Feature","properties":{"cadnum":"1421557100:01:003:0244"},"geometry":{"type":"Polygon","coordinates":[[[37.671638,47.827941],[37.67165,47.828011],[37.671695,47.828264],[37.671795,47.828252],[37.672028,47.828224],[37.672033,47.828223],[37.672033,47.828224],[37.672125,47.828213],[37.672205,47.828204],[37.672284,47.828194],[37.672271,47.828152],[37.672211,47.827916],[37.672205,47.827889],[37.672204,47.827884],[37.672089,47.827895],[37.672088,47.827895],[37.671648,47.82794],[37.671638,47.827941]]]}},{"type":"Feature","properties":{"cadnum":"1421557100:01:003:0224"},"geometry":{"type":"Polygon","coordinates":[[[37.674997,47.828243],[37.67502,47.828393],[37.675033,47.828511],[37.675056,47.828664],[37.675483,47.828637],[37.675424,47.828219],[37.674997,47.828243]]]}},{"type":"Feature","properties":{"cadnum":"1421557100:01:003:0183"},"geometry":{"type":"Polygon","coordinates":[[[37.672594,47.828161],[37.672644,47.828342],[37.672737,47.828689],[37.672792,47.828683],[37.672854,47.828882],[37.673047,47.828864],[37.672854,47.828137],[37.672594,47.828161]]]}},{"type":"Feature","properties":{"cadnum":"1421557100:01:003:0298"},"geometry":{"type":"Polygon","coordinates":[[[37.673317,47.827459],[37.673389,47.827754],[37.67345,47.828011],[37.673466,47.828074],[37.673708,47.828047],[37.673696,47.827993],[37.673628,47.827678],[37.673592,47.827576],[37.673586,47.827576],[37.673573,47.827525],[37.673573,47.827524],[37.673582,47.827524],[37.673555,47.827425],[37.673317,47.827459]]]}},{"type":"Feature","properties":{"cadnum":"1421557100:01:003:0213"},"geometry":{"type":"Polygon","coordinates":[[[37.671714,47.830489],[37.671768,47.830724],[37.672033,47.830698],[37.672513,47.830649],[37.67246,47.830414],[37.672205,47.83044],[37.671714,47.830489]]]}},{"type":"Feature","properties":{"cadnum":"1421557100:01:003:0214"},"geometry":{"type":"Polygon","coordinates":[[[37.672406,47.830175],[37.672454,47.830393],[37.673268,47.830311],[37.673219,47.830094],[37.672406,47.830175]]]}},{"type":"Feature","properties":{"cadnum":"1421557100:06:000:0084"},"geometry":{"type":"Polygon","coordinates":[[[37.623847,47.813546],[37.624974,47.814216],[37.627515,47.813208],[37.628088,47.812982],[37.632597,47.811194],[37.632457,47.811109],[37.631101,47.810669],[37.62826,47.811796],[37.624576,47.813257],[37.623847,47.813546]]]}},{"type":"Feature","properties":{"cadnum":"1421557100:06:000:0083"},"geometry":{"type":"Polygon","coordinates":[[[37.624974,47.814216],[37.626161,47.814921],[37.628088,47.814158],[37.628088,47.814159],[37.630563,47.813177],[37.633517,47.812008],[37.6334,47.81167],[37.632597,47.811194],[37.62826,47.812914],[37.627683,47.813142],[37.627515,47.813208],[37.627392,47.813257],[37.624974,47.814216]]]}},{"type":"Feature","properties":{"cadnum":"1421557100:06:000:0082"},"geometry":{"type":"Polygon","coordinates":[[[37.626161,47.814921],[37.626987,47.815413],[37.627476,47.815703],[37.62826,47.815393],[37.633753,47.813217],[37.633753,47.813216],[37.6339,47.813158],[37.633908,47.813154],[37.633684,47.812499],[37.633517,47.812008],[37.630654,47.813142],[37.630563,47.813177],[37.630363,47.813257],[37.630362,47.813257],[37.62826,47.81409],[37.626161,47.814921]]]}},{"type":"Feature","properties":{"cadnum":"1421557100:02:000:0055"},"geometry":{"type":"Polygon","coordinates":[[[37.695694,47.839793],[37.696337,47.839793],[37.696346,47.839673],[37.696346,47.839341],[37.695721,47.839302],[37.695694,47.839793]]]}},{"type":"Feature","properties":{"cadnum":"1421557100:02:000:0043"},"geometry":{"type":"Polygon","coordinates":[[[37.698951,47.841822],[37.699274,47.841847],[37.699333,47.840972],[37.698973,47.840945],[37.698951,47.841822]]]}},{"type":"Feature","properties":{"cadnum":"1421557100:02:000:0023"},"geometry":{"type":"Polygon","coordinates":[[[37.698218,47.842392],[37.698803,47.842437],[37.698874,47.841934],[37.698281,47.841886],[37.698218,47.842392]]]}},{"type":"Feature","properties":{"cadnum":"1421557100:02:000:0126"},"geometry":{"type":"Polygon","coordinates":[[[37.69684,47.84052],[37.697406,47.840608],[37.697455,47.839992],[37.696907,47.839932],[37.69684,47.84052]]]}},{"type":"Feature","properties":{"cadnum":"1421557100:02:000:0027"},"geometry":{"type":"Polygon","coordinates":[[[37.697864,47.841741],[37.698061,47.841753],[37.698155,47.84106],[37.697909,47.84106],[37.697864,47.841741]]]}},{"type":"Feature","properties":{"cadnum":"1421557100:02:000:0057"},"geometry":{"type":"Polygon","coordinates":[[[37.696952,47.839266],[37.697518,47.839308],[37.697553,47.839034],[37.697585,47.838787],[37.697019,47.838738],[37.697015,47.838763],[37.69699,47.838958],[37.696987,47.838981],[37.696975,47.839073],[37.696976,47.839073],[37.696952,47.839266]]]}},{"type":"Feature","properties":{"cadnum":"1421557100:02:000:0124"},"geometry":{"type":"Polygon","coordinates":[[[37.698119,47.839052],[37.698575,47.839073],[37.698576,47.839073],[37.69869,47.839079],[37.698696,47.839025],[37.698704,47.838953],[37.698731,47.83894],[37.698757,47.838705],[37.698775,47.838412],[37.69865,47.838389],[37.69861,47.838763],[37.698147,47.838747],[37.698138,47.838828],[37.698127,47.838958],[37.698126,47.838958],[37.698119,47.839052]]]}},{"type":"Feature","properties":{"cadnum":"1421557100:02:000:0050"},"geometry":{"type":"Polygon","coordinates":[[[37.695761,47.839169],[37.696354,47.839215],[37.69638,47.839011],[37.696417,47.838723],[37.695834,47.838651],[37.695791,47.838958],[37.695786,47.838996],[37.695775,47.839073],[37.695761,47.839169]]]}},{"type":"Feature","properties":{"cadnum":"1421557100:02:000:0075"},"geometry":{"type":"Polygon","coordinates":[[[37.696732,47.841786],[37.69674,47.842108],[37.697312,47.842145],[37.697285,47.841822],[37.696732,47.841786]]]}},{"type":"Feature","properties":{"cadnum":"1421557100:02:000:0068"},"geometry":{"type":"Polygon","coordinates":[[[37.698232,47.839842],[37.698753,47.839878],[37.698803,47.839549],[37.698255,47.839504],[37.698232,47.839842]]]}},{"type":"Feature","properties":{"cadnum":"1421557100:02:000:0025"},"geometry":{"type":"Polygon","coordinates":[[[37.697913,47.84301],[37.698138,47.843022],[37.698178,47.842698],[37.698218,47.842392],[37.698281,47.841886],[37.697985,47.841867],[37.697927,47.84276],[37.697928,47.84276],[37.697913,47.84301]]]}},{"type":"Feature","properties":{"cadnum":"1421557100:02:000:0024"},"geometry":{"type":"Polygon","coordinates":[[[37.698134,47.843076],[37.698704,47.843122],[37.698756,47.84276],[37.698803,47.842437],[37.698218,47.842392],[37.698187,47.842645],[37.698186,47.842645],[37.698134,47.843076]]]}},{"type":"Feature","properties":{"cadnum":"1421557100:02:000:0111"},"geometry":{"type":"Polygon","coordinates":[[[37.697383,47.840514],[37.697639,47.840568],[37.697662,47.839715],[37.697815,47.83973],[37.697855,47.839471],[37.697465,47.839438],[37.697383,47.840514]]]}},{"type":"Feature","properties":{"cadnum":"1421557100:02:000:0125"},"geometry":{"type":"Polygon","coordinates":[[[37.696907,47.839932],[37.697455,47.839992],[37.6975,47.839444],[37.696966,47.839386],[37.696907,47.839932]]]}},{"type":"Feature","properties":{"cadnum":"1421557100:02:000:0031"},"geometry":{"type":"Polygon","coordinates":[[[37.698061,47.841753],[37.698444,47.841784],[37.698444,47.841783],[37.698475,47.840879],[37.698182,47.840876],[37.698155,47.84106],[37.698061,47.841753]]]}},{"type":"Feature","properties":{"cadnum":"1421557100:02:000:0071"},"geometry":{"type":"Polygon","coordinates":[[[37.695555,47.842009],[37.696148,47.842048],[37.696175,47.841747],[37.695578,47.841705],[37.695555,47.842009]]]}},{"type":"Feature","properties":{"cadnum":"1421557100:02:000:0044"},"geometry":{"type":"Polygon","coordinates":[[[37.69384,47.839667],[37.694178,47.839695],[37.694396,47.839712],[37.694517,47.839203],[37.694006,47.839159],[37.693924,47.839151],[37.69384,47.839667]]]}},{"type":"Feature","properties":{"cadnum":"1421557100:02:000:0082"},"geometry":{"type":"Polygon","coordinates":[[[37.694545,47.840358],[37.695165,47.840396],[37.695201,47.839556],[37.69458,47.839531],[37.694545,47.840358]]]}},{"type":"Feature","properties":{"cadnum":"1421557100:02:000:0118"},"geometry":{"type":"Polygon","coordinates":[[[37.695169,47.840315],[37.695668,47.840345],[37.69569,47.839899],[37.695186,47.839866],[37.695169,47.840315]]]}},{"type":"Feature","properties":{"cadnum":"1421557100:02:000:0033"},"geometry":{"type":"Polygon","coordinates":[[[37.697909,47.84106],[37.698155,47.84106],[37.698182,47.840876],[37.698209,47.840692],[37.697945,47.84068],[37.697909,47.84106]]]}},{"type":"Feature","properties":{"cadnum":"1421557100:02:000:0109"},"geometry":{"type":"Polygon","coordinates":[[[37.695236,47.839127],[37.695761,47.839169],[37.695776,47.839057],[37.695807,47.838826],[37.695295,47.838787],[37.695264,47.838958],[37.695258,47.838992],[37.695244,47.839073],[37.695245,47.839073],[37.695236,47.839127]]]}},{"type":"Feature","properties":{"cadnum":"1421557100:02:000:0045"},"geometry":{"type":"Polygon","coordinates":[[[37.69375,47.840209],[37.694178,47.840271],[37.694257,47.840282],[37.694396,47.839712],[37.694006,47.839681],[37.69384,47.839667],[37.69375,47.840209]]]}},{"type":"Feature","properties":{"cadnum":"1421557100:02:000:0052"},"geometry":{"type":"Polygon","coordinates":[[[37.696346,47.839341],[37.696346,47.839639],[37.696934,47.839691],[37.696966,47.839395],[37.696346,47.839341]]]}},{"type":"Feature","properties":{"cadnum":"1421557100:02:000:0060"},"geometry":{"type":"Polygon","coordinates":[[[37.694064,47.839043],[37.694178,47.839052],[37.694178,47.839051],[37.694482,47.839073],[37.694483,47.839073],[37.694643,47.839085],[37.694648,47.839046],[37.694715,47.838591],[37.694715,47.838575],[37.694109,47.838546],[37.694071,47.838958],[37.69407,47.838958],[37.694064,47.839043]]]}},{"type":"Feature","properties":{"cadnum":"1421557100:02:000:0053"},"geometry":{"type":"Polygon","coordinates":[[[37.696287,47.840466],[37.69684,47.840517],[37.696934,47.839691],[37.696346,47.839639],[37.696346,47.839673],[37.696337,47.839793],[37.696287,47.840466]]]}},{"type":"Feature","properties":{"cadnum":"1421557100:02:000:0081"},"geometry":{"type":"Polygon","coordinates":[[[37.69458,47.839531],[37.695201,47.839556],[37.695214,47.839272],[37.694593,47.839233],[37.69458,47.839531]]]}},{"type":"Feature","properties":{"cadnum":"1421557100:02:000:0120"},"geometry":{"type":"Polygon","coordinates":[[[37.698088,47.839368],[37.698654,47.839395],[37.69869,47.839079],[37.698119,47.839052],[37.698088,47.839368]]]}},{"type":"Feature","properties":{"cadnum":"1421557100:02:000:0113"},"geometry":{"type":"Polygon","coordinates":[[[37.698731,47.840077],[37.699373,47.840186],[37.699386,47.840095],[37.69874,47.839987],[37.698731,47.840077]]]}},{"type":"Feature","properties":{"cadnum":"1421557100:02:000:0076"},"geometry":{"type":"Polygon","coordinates":[[[37.69674,47.842108],[37.696748,47.842645],[37.696747,47.842645],[37.696754,47.843022],[37.697383,47.843073],[37.697358,47.84276],[37.697359,47.84276],[37.697312,47.842145],[37.69674,47.842108]]]}},{"type":"Feature","properties":{"cadnum":"1421557100:02:000:0112"},"geometry":{"type":"Polygon","coordinates":[[[37.69874,47.839987],[37.699386,47.840095],[37.69944,47.839784],[37.699417,47.839782],[37.699417,47.839781],[37.69945,47.839625],[37.698803,47.839549],[37.698753,47.839878],[37.69874,47.839987]]]}},{"type":"Feature","properties":{"cadnum":"1421557100:02:000:0059"},"geometry":{"type":"Polygon","coordinates":[[[37.696354,47.839215],[37.696952,47.839266],[37.696987,47.838981],[37.697015,47.838763],[37.696417,47.838723],[37.696387,47.838958],[37.696386,47.838958],[37.69638,47.839011],[37.696372,47.839073],[37.696354,47.839215]]]}},{"type":"Feature","properties":{"cadnum":"1421557100:02:000:0046"},"geometry":{"type":"Polygon","coordinates":[[[37.694643,47.839085],[37.695236,47.839127],[37.695258,47.839],[37.695322,47.838636],[37.694715,47.838591],[37.694661,47.838958],[37.69466,47.838958],[37.694648,47.839046],[37.694644,47.839073],[37.694645,47.839073],[37.694643,47.839085]]]}},{"type":"Feature","properties":{"cadnum":"1421557100:02:000:0067"},"geometry":{"type":"Polygon","coordinates":[[[37.698209,47.840131],[37.698721,47.840146],[37.698753,47.839878],[37.698232,47.839842],[37.698209,47.840131]]]}},{"type":"Feature","properties":{"cadnum":"1421557100:02:000:0032"},"geometry":{"type":"Polygon","coordinates":[[[37.698182,47.840876],[37.698475,47.840879],[37.698484,47.840701],[37.698209,47.840683],[37.698209,47.840692],[37.698182,47.840876]]]}},{"type":"Feature","properties":{"cadnum":"1421557100:02:000:0072"},"geometry":{"type":"Polygon","coordinates":[[[37.695478,47.842919],[37.695479,47.842919],[37.696063,47.842965],[37.696093,47.842645],[37.696148,47.842048],[37.695555,47.842009],[37.695491,47.84276],[37.695492,47.84276],[37.695478,47.842919]]]}},{"type":"Feature","properties":{"cadnum":"1421557100:02:000:0117"},"geometry":{"type":"Polygon","coordinates":[[[37.695186,47.839866],[37.69569,47.839899],[37.695721,47.839302],[37.695214,47.839272],[37.695186,47.839866]]]}},{"type":"Feature","properties":{"cadnum":"1421557100:02:000:0028"},"geometry":{"type":"Polygon","coordinates":[[[37.697518,47.839308],[37.698088,47.839368],[37.698126,47.838958],[37.698138,47.838828],[37.697585,47.838787],[37.697563,47.838958],[37.697553,47.839034],[37.697548,47.839073],[37.697518,47.839308]]]}},{"type":"Feature","properties":{"cadnum":"1421557100:07:000:0141"},"geometry":{"type":"Polygon","coordinates":[[[37.695308,47.809978],[37.696606,47.809568],[37.699671,47.808602],[37.699671,47.808601],[37.699714,47.808587],[37.701916,47.80827],[37.701943,47.807483],[37.6996,47.807422],[37.695394,47.807311],[37.69532,47.809568],[37.695321,47.809568],[37.695308,47.809978]]]}},{"type":"Feature","properties":{"cadnum":"1421557100:07:000:0142"},"geometry":{"type":"Polygon","coordinates":[[[37.695331,47.810886],[37.695492,47.811769],[37.695627,47.812261],[37.697123,47.812238],[37.699427,47.812256],[37.699499,47.812257],[37.701744,47.812298],[37.701817,47.810488],[37.701873,47.809453],[37.701906,47.808859],[37.701543,47.808844],[37.699507,47.809254],[37.698348,47.809568],[37.697828,47.809709],[37.696027,47.810204],[37.695398,47.810461],[37.695331,47.810886]]]}},{"type":"Feature","properties":{"cadnum":"1421557100:07:000:0140"},"geometry":{"type":"Polygon","coordinates":[[[37.689433,47.811552],[37.691068,47.811679],[37.692182,47.811205],[37.69392,47.810479],[37.694006,47.810448],[37.695241,47.810002],[37.695254,47.809568],[37.695255,47.809568],[37.695326,47.807311],[37.694006,47.807257],[37.689568,47.807073],[37.689492,47.809568],[37.689433,47.811552]]]}},{"type":"Feature","properties":{"cadnum":"1421557100:01:002:0407"},"geometry":{"type":"Polygon","coordinates":[[[37.652027,47.823972],[37.652064,47.824207],[37.652072,47.824256],[37.652082,47.824323],[37.652099,47.824437],[37.65213,47.824639],[37.652369,47.824639],[37.652359,47.824587],[37.652328,47.824319],[37.652288,47.823966],[37.652027,47.823972]]]}},{"type":"Feature","properties":{"cadnum":"1421557100:01:002:0492"},"geometry":{"type":"Polygon","coordinates":[[[37.649952,47.823071],[37.650061,47.823712],[37.650061,47.823713],[37.650096,47.823918],[37.650232,47.823914],[37.650232,47.823913],[37.650267,47.823912],[37.650122,47.823071],[37.650059,47.823067],[37.649952,47.823071]]]}},{"type":"Feature","properties":{"cadnum":"1421557100:01:002:0517"},"geometry":{"type":"Polygon","coordinates":[[[37.650464,47.823264],[37.650487,47.823415],[37.650828,47.823393],[37.65112,47.823375],[37.651097,47.823225],[37.650464,47.823264]]]}},{"type":"Feature","properties":{"cadnum":"1421557100:01:002:0150"},"geometry":{"type":"Polygon","coordinates":[[[37.65394,47.822995],[37.654026,47.82371],[37.654277,47.823698],[37.654187,47.822984],[37.654174,47.822984],[37.65394,47.822995]]]}},{"type":"Feature","properties":{"cadnum":"1421557100:01:002:0572"},"geometry":{"type":"Polygon","coordinates":[[[37.651214,47.823116],[37.651264,47.823346],[37.651587,47.823324],[37.651883,47.823306],[37.651826,47.823071],[37.651529,47.823092],[37.651214,47.823116]]]}},{"type":"Feature","properties":{"cadnum":"1421557100:01:002:0377"},"geometry":{"type":"Polygon","coordinates":[[[37.651399,47.824277],[37.651406,47.824323],[37.651426,47.824458],[37.652099,47.824437],[37.652072,47.824256],[37.65178,47.824265],[37.651399,47.824277]]]}},{"type":"Feature","properties":{"cadnum":"1421557100:01:002:0557"},"geometry":{"type":"Polygon","coordinates":[[[37.654187,47.822984],[37.654277,47.823698],[37.654426,47.823689],[37.654345,47.822968],[37.654214,47.82298],[37.654187,47.822984]]]}},{"type":"Feature","properties":{"cadnum":"1421557100:01:002:0525"},"geometry":{"type":"Polygon","coordinates":[[[37.649969,47.822443],[37.650019,47.822772],[37.650059,47.823067],[37.650061,47.823068],[37.650122,47.823071],[37.650262,47.823071],[37.650204,47.822678],[37.650168,47.822437],[37.649969,47.822443]]]}},{"type":"Feature","properties":{"cadnum":"1421557100:01:002:0571"},"geometry":{"type":"Polygon","coordinates":[[[37.653177,47.822863],[37.653214,47.823083],[37.653604,47.823053],[37.653568,47.822836],[37.653185,47.822863],[37.653177,47.822863]]]}},{"type":"Feature","properties":{"cadnum":"1421557100:01:002:0389"},"geometry":{"type":"Polygon","coordinates":[[[37.655365,47.823771],[37.655456,47.824323],[37.655499,47.824576],[37.655554,47.824574],[37.655554,47.824575],[37.655611,47.824573],[37.655725,47.82457],[37.655726,47.82457],[37.655726,47.824569],[37.655728,47.824569],[37.655683,47.824323],[37.655684,47.824323],[37.655585,47.823767],[37.655365,47.823771]]]}},{"type":"Feature","properties":{"cadnum":"1421557100:01:004:0145"},"geometry":{"type":"Polygon","coordinates":[[[37.654992,47.824464],[37.655001,47.824551],[37.655491,47.824518],[37.655457,47.824323],[37.655365,47.823771],[37.655172,47.82378],[37.655239,47.824323],[37.65524,47.824323],[37.655256,47.824452],[37.654992,47.824464]]]}},{"type":"Feature","properties":{"cadnum":"1421557100:01:002:0496"},"geometry":{"type":"Polygon","coordinates":[[[37.654673,47.822235],[37.654745,47.822854],[37.655042,47.822845],[37.654956,47.822224],[37.654673,47.822235]]]}},{"type":"Feature","properties":{"cadnum":"1421557100:01:002:0411"},"geometry":{"type":"Polygon","coordinates":[[[37.654642,47.823804],[37.654709,47.824323],[37.65471,47.824323],[37.654732,47.824488],[37.654992,47.824479],[37.654956,47.824207],[37.654902,47.823791],[37.654642,47.823804]]]}},{"type":"Feature","properties":{"cadnum":"1421557100:01:002:0548"},"geometry":{"type":"Polygon","coordinates":[[[37.655531,47.822197],[37.655554,47.82233],[37.655554,47.822331],[37.655616,47.822691],[37.655725,47.82269],[37.655726,47.82269],[37.655962,47.822687],[37.655908,47.82219],[37.655635,47.822195],[37.655531,47.822197]]]}},{"type":"Feature","properties":{"cadnum":"1421557100:01:002:0006"},"geometry":{"type":"Polygon","coordinates":[[[37.651367,47.822947],[37.651371,47.82302],[37.651677,47.823007],[37.65169,47.823007],[37.651677,47.822935],[37.651367,47.822947]]]}},{"type":"Feature","properties":{"cadnum":"1421557100:01:002:0497"},"geometry":{"type":"Polygon","coordinates":[[[37.654745,47.822854],[37.654763,47.823002],[37.655059,47.822968],[37.655042,47.822845],[37.654745,47.822854]]]}},{"type":"Feature","properties":{"cadnum":"1421557100:01:002:0549"},"geometry":{"type":"Polygon","coordinates":[[[37.655616,47.822691],[37.655648,47.822893],[37.655725,47.822892],[37.655725,47.822891],[37.655726,47.822891],[37.655984,47.822886],[37.655962,47.822687],[37.655616,47.822691]]]}},{"type":"Feature","properties":{"cadnum":"1421557100:01:002:0529"},"geometry":{"type":"Polygon","coordinates":[[[37.651264,47.823346],[37.65134,47.823873],[37.651673,47.823855],[37.651587,47.823324],[37.651264,47.823346]]]}},{"type":"Feature","properties":{"cadnum":"1421557100:01:002:0434"},"geometry":{"type":"Polygon","coordinates":[[[37.65173,47.822405],[37.651834,47.823004],[37.651843,47.823076],[37.65205,47.823076],[37.65195,47.822389],[37.65173,47.822405]]]}},{"type":"Feature","properties":{"cadnum":"1421557100:01:002:0447"},"geometry":{"type":"Polygon","coordinates":[[[37.650168,47.822437],[37.650262,47.823056],[37.650451,47.823056],[37.650342,47.822434],[37.650168,47.822437]]]}},{"type":"Feature","properties":{"cadnum":"1421557100:01:002:0573"},"geometry":{"type":"Polygon","coordinates":[[[37.650464,47.823071],[37.650501,47.823243],[37.651138,47.823216],[37.651111,47.823056],[37.650729,47.823065],[37.650464,47.823071]]]}},{"type":"Feature","properties":{"cadnum":"1421557100:06:000:0137"},"geometry":{"type":"Polygon","coordinates":[[[37.647226,47.820845],[37.647319,47.821406],[37.647437,47.821777],[37.647468,47.821871],[37.647482,47.822251],[37.647554,47.822247],[37.647824,47.822238],[37.650232,47.822142],[37.650232,47.822141],[37.652315,47.822057],[37.652252,47.820833],[37.652235,47.820519],[37.652234,47.820519],[37.652216,47.820176],[37.650232,47.820443],[37.64966,47.820519],[37.649658,47.820519],[37.649051,47.820601],[37.648799,47.820634],[37.648799,47.820635],[37.647545,47.820803],[37.647285,47.820836],[37.647226,47.820845]],[[37.647468,47.821035],[37.647428,47.821035],[37.647428,47.82096],[37.647428,47.820959],[37.647468,47.820959],[37.647468,47.82096],[37.647468,47.821035]]]}},{"type":"Feature","properties":{"cadnum":"1421557100:01:004:0109"},"geometry":{"type":"Polygon","coordinates":[[[37.655585,47.823767],[37.655661,47.824207],[37.655664,47.824226],[37.655681,47.824323],[37.655682,47.824323],[37.655719,47.824531],[37.655719,47.82454],[37.655948,47.824524],[37.655944,47.824488],[37.655895,47.824208],[37.655814,47.823746],[37.655585,47.823767]]]}},{"type":"Feature","properties":{"cadnum":"1421557100:01:004:0144"},"geometry":{"type":"Polygon","coordinates":[[[37.654902,47.823791],[37.654972,47.824323],[37.654973,47.824323],[37.654992,47.824464],[37.655256,47.824452],[37.655225,47.824207],[37.655224,47.824207],[37.655172,47.82378],[37.654902,47.823791]]]}},{"type":"Feature","properties":{"cadnum":"1421557100:01:002:0005"},"geometry":{"type":"Polygon","coordinates":[[[37.651273,47.822359],[37.651349,47.822694],[37.651367,47.822947],[37.651677,47.822935],[37.651583,47.822338],[37.651273,47.822359]]]}},{"type":"Feature","properties":{"cadnum":"1421557100:01:002:0415"},"geometry":{"type":"Polygon","coordinates":[[[37.650342,47.822434],[37.650451,47.823071],[37.650729,47.823065],[37.650694,47.822845],[37.650644,47.822432],[37.650342,47.822434]]]}},{"type":"Feature","properties":{"cadnum":"1421557100:01:002:0556"},"geometry":{"type":"Polygon","coordinates":[[[37.65205,47.823076],[37.652099,47.823834],[37.652239,47.823827],[37.652143,47.823071],[37.65205,47.823076]]]}},{"type":"Feature","properties":{"cadnum":"1421557100:01:002:0323"},"geometry":{"type":"Polygon","coordinates":[[[37.653298,47.823934],[37.65333,47.824207],[37.653329,47.824207],[37.653344,47.824323],[37.65368,47.824298],[37.653613,47.82393],[37.653298,47.823934]]]}},{"type":"Feature","properties":{"cadnum":"1421557100:08:000:0003"},"geometry":{"type":"Polygon","coordinates":[[[37.700002,47.839565],[37.702467,47.839583],[37.702499,47.838958],[37.702498,47.838958],[37.702612,47.836785],[37.700172,47.836767],[37.700105,47.83806],[37.7001,47.838129],[37.700034,47.839073],[37.700035,47.839073],[37.700002,47.839565]]]}},{"type":"Feature","properties":{"cadnum":"1421557100:07:000:0032"},"geometry":{"type":"Polygon","coordinates":[[[37.696381,47.837798],[37.699499,47.838028],[37.699538,47.838031],[37.699671,47.838041],[37.699671,47.83804],[37.699863,47.838054],[37.700002,47.835382],[37.699499,47.835375],[37.696511,47.835331],[37.696381,47.837798]]]}},{"type":"Feature","properties":{"cadnum":"1421557100:08:000:0004"},"geometry":{"type":"Polygon","coordinates":[[[37.702467,47.839583],[37.704916,47.839601],[37.704932,47.838958],[37.704931,47.838958],[37.704952,47.838166],[37.70496,47.837798],[37.705006,47.836803],[37.702612,47.836785],[37.702492,47.839073],[37.702493,47.839073],[37.702467,47.839583]]]}},{"type":"Feature","properties":{"cadnum":"1421557100:02:000:0446"},"geometry":{"type":"Polygon","coordinates":[[[37.717025,47.852695],[37.71809,47.85246],[37.719019,47.852352],[37.719059,47.851284],[37.717084,47.851282],[37.71707,47.851571],[37.717043,47.85227],[37.717025,47.852695]]]}},{"type":"Feature","properties":{"cadnum":"1421557100:02:000:0431"},"geometry":{"type":"Polygon","coordinates":[[[37.713566,47.852975],[37.715979,47.852978],[37.716042,47.852978],[37.71615,47.852947],[37.71615,47.852946],[37.716881,47.852728],[37.717025,47.852695],[37.717043,47.85227],[37.71615,47.852254],[37.713606,47.852207],[37.713602,47.85233],[37.713566,47.852975]]]}},{"type":"Feature","properties":{"cadnum":"1421557100:02:000:0447"},"geometry":{"type":"Polygon","coordinates":[[[37.719019,47.852352],[37.719065,47.852345],[37.720101,47.852135],[37.720371,47.852119],[37.720403,47.851288],[37.719059,47.851284],[37.719019,47.852352]]]}},{"type":"Feature","properties":{"cadnum":"1421557100:02:000:0452"},"geometry":{"type":"Polygon","coordinates":[[[37.717084,47.851282],[37.719059,47.851284],[37.720403,47.851288],[37.720434,47.850564],[37.717111,47.850558],[37.717097,47.850875],[37.717084,47.851282]]]}},{"type":"Feature","properties":{"cadnum":"1421557100:02:000:0436"},"geometry":{"type":"Polygon","coordinates":[[[37.713656,47.850811],[37.71615,47.850858],[37.71615,47.850857],[37.717097,47.850875],[37.717111,47.850558],[37.717128,47.850176],[37.71615,47.850159],[37.71615,47.850158],[37.713683,47.850115],[37.713656,47.850811]]]}},{"type":"Feature","properties":{"cadnum":"1421557100:02:000:0437"},"geometry":{"type":"Polygon","coordinates":[[[37.713629,47.85151],[37.71615,47.851555],[37.71707,47.851571],[37.717084,47.851282],[37.717097,47.850875],[37.715979,47.850854],[37.715979,47.850855],[37.713656,47.850811],[37.713629,47.85151]]]}},{"type":"Feature","properties":{"cadnum":"1421557100:02:000:0443"},"geometry":{"type":"Polygon","coordinates":[[[37.720461,47.851565],[37.721643,47.851587],[37.721643,47.851586],[37.721644,47.851586],[37.722994,47.85161],[37.723057,47.851532],[37.721957,47.850422],[37.721557,47.850416],[37.720506,47.850399],[37.720461,47.851565]]]}},{"type":"Feature","properties":{"cadnum":"1421557100:02:000:0432"},"geometry":{"type":"Polygon","coordinates":[[[37.713606,47.852207],[37.715979,47.85225],[37.715979,47.852251],[37.717043,47.85227],[37.71707,47.851571],[37.715979,47.851552],[37.713629,47.85151],[37.713616,47.851899],[37.713606,47.852207]]]}},{"type":"Feature","properties":{"cadnum":"1421557100:02:000:0455"},"geometry":{"type":"Polygon","coordinates":[[[37.720438,47.852117],[37.720617,47.852104],[37.720618,47.852104],[37.721472,47.852117],[37.721472,47.852118],[37.721615,47.852119],[37.721643,47.852117],[37.721643,47.852116],[37.721644,47.852116],[37.722158,47.852059],[37.72281,47.85183],[37.722994,47.85161],[37.721472,47.851583],[37.721472,47.851584],[37.720461,47.851565],[37.720438,47.852117]]]}},{"type":"Feature","properties":{"cadnum":"1421557100:06:000:0081"},"geometry":{"type":"Polygon","coordinates":[[[37.627476,47.815703],[37.628088,47.816067],[37.628259,47.816168],[37.62826,47.816169],[37.628797,47.816487],[37.628981,47.816596],[37.633581,47.814772],[37.633581,47.814773],[37.634352,47.814467],[37.633908,47.813154],[37.6339,47.813158],[37.633581,47.813284],[37.633581,47.813285],[37.628088,47.815461],[37.627476,47.815703]]]}},{"type":"Feature","properties":{"cadnum":"1421557100:06:000:0125"},"geometry":{"type":"Polygon","coordinates":[[[37.636981,47.812539],[37.637204,47.813142],[37.637203,47.813142],[37.637721,47.814539],[37.639074,47.81449],[37.640377,47.814442],[37.640668,47.814433],[37.643107,47.814346],[37.642406,47.813749],[37.641702,47.813359],[37.641612,47.813308],[37.641499,47.813251],[37.641496,47.813249],[37.640367,47.812678],[37.639246,47.812647],[37.637941,47.812611],[37.637142,47.812536],[37.636981,47.812539]],[[37.641369,47.813447],[37.641373,47.813443],[37.641373,47.813396],[37.641413,47.813396],[37.641419,47.813392],[37.641423,47.813396],[37.641495,47.813396],[37.641495,47.813423],[37.641499,47.813425],[37.641499,47.813426],[37.641495,47.813429],[37.641495,47.813479],[37.641495,47.81348],[37.641449,47.81348],[37.641373,47.813477],[37.641373,47.81345],[37.641369,47.813447]],[[37.640798,47.814143],[37.640771,47.814143],[37.640771,47.814125],[37.640798,47.814125],[37.640798,47.814143]]]}},{"type":"Feature","properties":{"cadnum":"1421557100:07:000:0072"},"geometry":{"type":"Polygon","coordinates":[[[37.713144,47.825517],[37.713468,47.825523],[37.714155,47.824241],[37.71615,47.821061],[37.71615,47.82106],[37.716451,47.820581],[37.716531,47.820453],[37.716208,47.820447],[37.715979,47.820444],[37.714379,47.82042],[37.713306,47.820402],[37.713298,47.820634],[37.713298,47.820635],[37.713185,47.824207],[37.713184,47.824207],[37.713144,47.825517]]]}},{"type":"Feature","properties":{"cadnum":"1421557100:03:000:0350"},"geometry":{"type":"Polygon","coordinates":[[[37.703029,47.807024],[37.704965,47.807259],[37.704965,47.80726],[37.70493,47.809453],[37.704929,47.809453],[37.70492,47.810083],[37.70492,47.810126],[37.704992,47.810126],[37.706582,47.810144],[37.708189,47.810162],[37.708989,47.810168],[37.709797,47.810177],[37.710485,47.810185],[37.711405,47.810195],[37.71252,47.810207],[37.712889,47.81024],[37.712893,47.81018],[37.712941,47.809453],[37.713189,47.805812],[37.71322,47.805218],[37.710606,47.805081],[37.705769,47.804826],[37.705545,47.80481],[37.705164,47.804788],[37.703241,47.804672],[37.703131,47.805879],[37.703029,47.807024]]]}},{"type":"Feature","properties":{"cadnum":"1421557100:06:000:0297"},"geometry":{"type":"Polygon","coordinates":[[[37.61066,47.839782],[37.611226,47.839628],[37.611608,47.83942],[37.611609,47.83942],[37.611734,47.839351],[37.61178,47.839326],[37.612455,47.838958],[37.614136,47.838042],[37.614137,47.838042],[37.617102,47.83829],[37.617127,47.838292],[37.617273,47.838199],[37.617273,47.838198],[37.619791,47.836591],[37.619934,47.835386],[37.61998,47.835011],[37.619374,47.835271],[37.619373,47.835271],[37.617102,47.836245],[37.61178,47.838525],[37.610781,47.838953],[37.61078,47.838958],[37.610773,47.839005],[37.610762,47.839073],[37.610763,47.839073],[37.61066,47.839782]]]}},{"type":"Feature","properties":{"cadnum":"1421557100:07:000:0012"},"geometry":{"type":"Polygon","coordinates":[[[37.677215,47.847233],[37.677526,47.8474],[37.677526,47.847401],[37.682627,47.850133],[37.683055,47.850362],[37.683073,47.850133],[37.683075,47.850133],[37.683284,47.847598],[37.683111,47.847583],[37.677698,47.847097],[37.677238,47.847055],[37.677215,47.847233]]]}},{"type":"Feature","properties":{"cadnum":"1421557100:06:000:0166"},"geometry":{"type":"Polygon","coordinates":[[[37.668659,47.849105],[37.66955,47.850018],[37.671062,47.851565],[37.672205,47.851058],[37.67316,47.850634],[37.672613,47.850074],[37.672205,47.849657],[37.669068,47.846447],[37.668879,47.846253],[37.668878,47.846332],[37.668866,47.848578],[37.668664,47.848574],[37.668659,47.849105]]]}},{"type":"Feature","properties":{"cadnum":"1421557100:06:000:0168"},"geometry":{"type":"Polygon","coordinates":[[[37.670335,47.844126],[37.672205,47.846042],[37.672488,47.846331],[37.672488,47.846332],[37.675622,47.849542],[37.676816,47.849012],[37.677081,47.847749],[37.674657,47.846447],[37.672205,47.84513],[37.670335,47.844126]]]}},{"type":"Feature","properties":{"cadnum":"1421557100:06:000:0167"},"geometry":{"type":"Polygon","coordinates":[[[37.668879,47.846253],[37.668955,47.846332],[37.672033,47.849481],[37.672033,47.849482],[37.672558,47.850018],[37.672613,47.850074],[37.67267,47.850133],[37.67316,47.850634],[37.674498,47.85004],[37.672205,47.847691],[37.67099,47.846447],[37.668892,47.844297],[37.668879,47.846253]]]}},{"type":"Feature","properties":{"cadnum":"1421557100:06:000:0295"},"geometry":{"type":"Polygon","coordinates":[[[37.668892,47.844297],[37.669693,47.845117],[37.670743,47.84619],[37.67088,47.846331],[37.67088,47.846332],[37.671557,47.847026],[37.672205,47.846641],[37.672725,47.846332],[37.672725,47.846331],[37.673542,47.845847],[37.672391,47.845232],[37.672205,47.845132],[37.670932,47.844448],[37.670335,47.844126],[37.668898,47.843354],[37.668892,47.844297]]]}},{"type":"Feature","properties":{"cadnum":"1421557100:06:000:0169"},"geometry":{"type":"Polygon","coordinates":[[[37.668892,47.844297],[37.670877,47.846331],[37.670877,47.846332],[37.672033,47.847515],[37.674498,47.85004],[37.675622,47.849542],[37.672601,47.846447],[37.672033,47.845865],[37.672033,47.845866],[37.670335,47.844126],[37.668898,47.843354],[37.668892,47.844297]]]}},{"type":"Feature","properties":{"cadnum":"1421557100:06:000:0234"},"geometry":{"type":"Polygon","coordinates":[[[37.671557,47.847026],[37.672205,47.847691],[37.672221,47.847707],[37.674548,47.846389],[37.673542,47.845847],[37.672531,47.846447],[37.672033,47.846743],[37.671557,47.847026]]]}},{"type":"Feature","properties":{"cadnum":"1421557100:06:000:0233"},"geometry":{"type":"Polygon","coordinates":[[[37.672221,47.847707],[37.67281,47.84831],[37.675442,47.846869],[37.674548,47.846389],[37.672221,47.847707]]]}},{"type":"Feature","properties":{"cadnum":"1421557100:06:000:0287"},"geometry":{"type":"Polygon","coordinates":[[[37.673838,47.849361],[37.674368,47.849904],[37.674498,47.85004],[37.675622,47.849542],[37.676816,47.849012],[37.676911,47.848563],[37.677081,47.847749],[37.676995,47.847703],[37.673838,47.849361]]]}},{"type":"Feature","properties":{"cadnum":"1421557100:07:000:0138"},"geometry":{"type":"Polygon","coordinates":[[[37.673466,47.845207],[37.675544,47.846332],[37.675715,47.846424],[37.675758,47.846447],[37.676974,47.847104],[37.677077,47.846332],[37.677387,47.844026],[37.677561,47.842646],[37.677367,47.84276],[37.677368,47.84276],[37.675208,47.844038],[37.673466,47.845207]]]}},{"type":"Feature","properties":{"cadnum":"1421557100:06:000:0232"},"geometry":{"type":"Polygon","coordinates":[[[37.67281,47.84831],[37.673349,47.848862],[37.67625,47.8473],[37.675442,47.846869],[37.67281,47.84831]]]}},{"type":"Feature","properties":{"cadnum":"1421557100:06:000:0231"},"geometry":{"type":"Polygon","coordinates":[[[37.673349,47.848862],[37.673838,47.849361],[37.676995,47.847703],[37.67625,47.8473],[37.673349,47.848862]]]}},{"type":"Feature","properties":{"cadnum":"1421557100:07:000:0099"},"geometry":{"type":"Polygon","coordinates":[[[37.669873,47.814092],[37.670412,47.814156],[37.672033,47.814313],[37.673236,47.81443],[37.673256,47.813257],[37.673282,47.811821],[37.672205,47.811763],[37.671718,47.811737],[37.669913,47.81164],[37.669888,47.813142],[37.669873,47.814092]]]}},{"type":"Feature","properties":{"cadnum":"1421557100:07:000:0100"},"geometry":{"type":"Polygon","coordinates":[[[37.673236,47.81443],[37.675747,47.814675],[37.676462,47.814729],[37.676521,47.813257],[37.676522,47.813257],[37.676569,47.812117],[37.674934,47.812029],[37.674898,47.811909],[37.67488,47.811909],[37.673282,47.811821],[37.673258,47.813142],[37.673236,47.81443]]]}},{"type":"Feature","properties":{"cadnum":"1421557100:07:000:0359"},"geometry":{"type":"Polygon","coordinates":[[[37.674925,47.815428],[37.675169,47.816831],[37.675173,47.816857],[37.675189,47.816946],[37.675347,47.817845],[37.677698,47.817721],[37.677754,47.817718],[37.678127,47.817114],[37.678049,47.816946],[37.67805,47.816946],[37.677526,47.815808],[37.677526,47.815807],[37.677431,47.8156],[37.677068,47.815417],[37.676965,47.815082],[37.677018,47.814934],[37.674925,47.815428]]]}},{"type":"Feature","properties":{"cadnum":"1421557100:06:000:0019"},"geometry":{"type":"Polygon","coordinates":[[[37.628046,47.834876],[37.628088,47.834879],[37.628088,47.83488],[37.628256,47.834891],[37.62826,47.834892],[37.628828,47.83493],[37.629524,47.834975],[37.63016,47.831699],[37.63016,47.831698],[37.630161,47.831698],[37.630544,47.829732],[37.629066,47.829633],[37.628663,47.831698],[37.628664,47.831698],[37.628664,47.831699],[37.628151,47.834338],[37.628046,47.834876]]]}},{"type":"Feature","properties":{"cadnum":"1421557100:06:000:0018"},"geometry":{"type":"Polygon","coordinates":[[[37.626565,47.834776],[37.62748,47.834837],[37.628046,47.834876],[37.628088,47.834663],[37.628151,47.834338],[37.62826,47.83378],[37.62826,47.833779],[37.628686,47.831583],[37.629066,47.829633],[37.628088,47.829567],[37.627584,47.829533],[37.627185,47.831583],[37.627184,47.831583],[37.626565,47.834776]]]}},{"type":"Feature","properties":{"cadnum":"1421557100:06:000:0021"},"geometry":{"type":"Polygon","coordinates":[[[37.631002,47.835075],[37.631555,47.835114],[37.63248,47.835178],[37.633155,47.831699],[37.633155,47.831698],[37.633156,47.831698],[37.633499,47.829934],[37.632021,47.829832],[37.631658,47.831698],[37.631658,47.831699],[37.631002,47.835075]]]}},{"type":"Feature","properties":{"cadnum":"1421557100:06:000:0022"},"geometry":{"type":"Polygon","coordinates":[[[37.63248,47.835178],[37.632893,47.835205],[37.633753,47.835264],[37.633753,47.835263],[37.633958,47.835277],[37.634676,47.831583],[37.634675,47.831583],[37.634977,47.830034],[37.633705,47.829948],[37.633499,47.829934],[37.633178,47.831583],[37.633177,47.831583],[37.63248,47.835178]]]}},{"type":"Feature","properties":{"cadnum":"1421557100:06:000:0070"},"geometry":{"type":"Polygon","coordinates":[[[37.629211,47.829388],[37.630656,47.829506],[37.630845,47.827895],[37.630844,47.827895],[37.631268,47.824298],[37.631265,47.824297],[37.62988,47.823698],[37.62982,47.824207],[37.629819,47.824207],[37.629811,47.824283],[37.629806,47.824323],[37.629767,47.82466],[37.629646,47.825671],[37.629538,47.826596],[37.62943,47.827519],[37.629371,47.828011],[37.629373,47.828011],[37.629322,47.828445],[37.629211,47.829388]]]}},{"type":"Feature","properties":{"cadnum":"1421557100:06:000:0020"},"geometry":{"type":"Polygon","coordinates":[[[37.629524,47.834975],[37.630198,47.835021],[37.631002,47.835075],[37.631681,47.831583],[37.63168,47.831583],[37.632021,47.829832],[37.630544,47.829732],[37.630184,47.831583],[37.630183,47.831583],[37.629524,47.834975]]]}},{"type":"Feature","properties":{"cadnum":"1421557100:06:000:0071"},"geometry":{"type":"Polygon","coordinates":[[[37.630656,47.829506],[37.632251,47.829633],[37.632456,47.827895],[37.632455,47.827895],[37.632803,47.824958],[37.631268,47.824298],[37.630831,47.828011],[37.630832,47.828011],[37.630656,47.829506]]]}},{"type":"Feature","properties":{"cadnum":"1421557100:07:000:0184"},"geometry":{"type":"Polygon","coordinates":[[[37.698924,47.858822],[37.699671,47.859217],[37.700438,47.859621],[37.702014,47.859169],[37.701224,47.858156],[37.699499,47.858655],[37.699499,47.858656],[37.698924,47.858822]]]}},{"type":"Feature","properties":{"cadnum":"1421557100:07:000:0185"},"geometry":{"type":"Polygon","coordinates":[[[37.697783,47.858216],[37.698924,47.858822],[37.699671,47.858606],[37.701224,47.858156],[37.700626,47.857395],[37.700626,47.857394],[37.700239,47.857505],[37.70024,47.857505],[37.70024,47.857506],[37.699671,47.857671],[37.699671,47.85767],[37.697783,47.858216]]]}},{"type":"Feature","properties":{"cadnum":"1421557100:07:000:0092"},"geometry":{"type":"Polygon","coordinates":[[[37.690997,47.824893],[37.694178,47.824913],[37.697783,47.824935],[37.697809,47.824425],[37.694178,47.824432],[37.691018,47.824437],[37.690997,47.824893]]]}},{"type":"Feature","properties":{"cadnum":"1421557100:07:000:0053"},"geometry":{"type":"Polygon","coordinates":[[[37.69097,47.825372],[37.692268,47.825363],[37.693484,47.825411],[37.694006,47.825415],[37.694077,47.825415],[37.694178,47.825416],[37.694178,47.825415],[37.694522,47.825417],[37.697756,47.825396],[37.697783,47.824935],[37.694006,47.824912],[37.690997,47.824893],[37.690991,47.824935],[37.69097,47.825372]]]}},{"type":"Feature","properties":{"cadnum":"1421557100:07:000:0045"},"geometry":{"type":"Polygon","coordinates":[[[37.694868,47.828909],[37.694899,47.828909],[37.697796,47.829144],[37.697863,47.827994],[37.697998,47.825704],[37.698008,47.825535],[37.695065,47.825559],[37.695061,47.825619],[37.695069,47.825619],[37.695069,47.825634],[37.695069,47.825635],[37.695061,47.825635],[37.695056,47.825716],[37.694927,47.827895],[37.694868,47.828909]],[[37.697775,47.825622],[37.697778,47.825607],[37.697779,47.825607],[37.697801,47.825607],[37.697796,47.825622],[37.697775,47.825622]],[[37.697119,47.82561],[37.697119,47.825625],[37.697119,47.825626],[37.697096,47.825626],[37.697096,47.825625],[37.697096,47.82561],[37.697119,47.82561]],[[37.696436,47.825613],[37.696436,47.825628],[37.696413,47.825628],[37.696413,47.825613],[37.696436,47.825613]],[[37.695752,47.825616],[37.695752,47.825631],[37.695731,47.825631],[37.695731,47.825616],[37.695752,47.825616]]]}},{"type":"Feature","properties":{"cadnum":"1421557100:07:000:0046"},"geometry":{"type":"Polygon","coordinates":[[[37.691513,47.828921],[37.694006,47.828913],[37.694868,47.828909],[37.694925,47.827911],[37.695048,47.825806],[37.695061,47.825635],[37.695048,47.825635],[37.695048,47.825634],[37.695048,47.825619],[37.695061,47.825619],[37.695065,47.825559],[37.694536,47.825562],[37.694178,47.825565],[37.693484,47.825571],[37.692259,47.825505],[37.691715,47.825508],[37.691697,47.825821],[37.691573,47.827895],[37.691513,47.828921]],[[37.694387,47.825637],[37.694365,47.825637],[37.694365,47.825622],[37.694387,47.825622],[37.694387,47.825637]],[[37.693736,47.82564],[37.693714,47.82564],[37.693714,47.825626],[37.693736,47.825626],[37.693736,47.82564]],[[37.693152,47.825649],[37.693117,47.825649],[37.693117,47.825622],[37.693157,47.825622],[37.693152,47.825649]],[[37.692465,47.825646],[37.692442,47.825646],[37.692442,47.825631],[37.692465,47.825631],[37.692465,47.825646]],[[37.691782,47.825649],[37.69176,47.825649],[37.69176,47.825635],[37.691782,47.825635],[37.691782,47.825649]]]}},{"type":"Feature","properties":{"cadnum":"1421557100:01:001:0212"},"geometry":{"type":"Polygon","coordinates":[[[37.652724,47.83942],[37.652782,47.839567],[37.653281,47.839588],[37.653311,47.839579],[37.653311,47.839549],[37.653065,47.839287],[37.652724,47.83942]]]}},{"type":"Feature","properties":{"cadnum":"1421557100:01:001:0211"},"geometry":{"type":"Polygon","coordinates":[[[37.652652,47.839329],[37.652724,47.83942],[37.653061,47.83929],[37.652952,47.839199],[37.652652,47.839329]]]}},{"type":"Feature","properties":{"cadnum":"1421557100:01:001:0106"},"geometry":{"type":"Polygon","coordinates":[[[37.653096,47.842145],[37.653438,47.842163],[37.653497,47.841636],[37.653155,47.841617],[37.653096,47.842145]]]}},{"type":"Feature","properties":{"cadnum":"1421557100:01:001:0249"},"geometry":{"type":"Polygon","coordinates":[[[37.65302,47.842706],[37.653357,47.84273],[37.653397,47.842211],[37.653038,47.84219],[37.653023,47.842645],[37.653022,47.842645],[37.65302,47.842706]]]}},{"type":"Feature","properties":{"cadnum":"1421557100:01:001:0070"},"geometry":{"type":"Polygon","coordinates":[[[37.650617,47.840577],[37.650927,47.840608],[37.651034,47.840068],[37.651044,47.840026],[37.650738,47.839999],[37.650617,47.840577]]]}},{"type":"Feature","properties":{"cadnum":"1421557100:01:001:0113"},"geometry":{"type":"Polygon","coordinates":[[[37.64988,47.840155],[37.650061,47.840175],[37.650232,47.840193],[37.650275,47.840197],[37.650307,47.840074],[37.650122,47.840055],[37.649902,47.840032],[37.64988,47.840155]]]}},{"type":"Feature","properties":{"cadnum":"1421557100:01:001:0071"},"geometry":{"type":"Polygon","coordinates":[[[37.650738,47.839999],[37.651044,47.840026],[37.651044,47.840023],[37.650738,47.839999]]]}},{"type":"Feature","properties":{"cadnum":"1421557100:01:001:0088"},"geometry":{"type":"Polygon","coordinates":[[[37.652772,47.842103],[37.652921,47.842112],[37.653029,47.841563],[37.652795,47.841554],[37.652772,47.842103]]]}},{"type":"Feature","properties":{"cadnum":"1421557100:01:001:0086"},"geometry":{"type":"Polygon","coordinates":[[[37.652135,47.840182],[37.652441,47.840191],[37.652548,47.839616],[37.652239,47.839601],[37.652135,47.840182]]]}},{"type":"Feature","properties":{"cadnum":"1421557100:01:001:0080"},"geometry":{"type":"Polygon","coordinates":[[[37.652319,47.841491],[37.652432,47.841503],[37.652539,47.841506],[37.652571,47.8409],[37.652378,47.840885],[37.652319,47.841491]]]}},{"type":"Feature","properties":{"cadnum":"1421557100:01:001:0130"},"geometry":{"type":"Polygon","coordinates":[[[37.652795,47.841554],[37.653029,47.841563],[37.653034,47.841563],[37.653114,47.840981],[37.652841,47.840969],[37.652795,47.841554]]]}},{"type":"Feature","properties":{"cadnum":"1421557100:01:001:0087"},"geometry":{"type":"Polygon","coordinates":[[[37.65213,47.840191],[37.652441,47.840191],[37.652135,47.840182],[37.65213,47.840191]]]}},{"type":"Feature","properties":{"cadnum":"1421557100:01:001:0247"},"geometry":{"type":"Polygon","coordinates":[[[37.651484,47.841458],[37.651763,47.841478],[37.651812,47.841482],[37.651889,47.840879],[37.651583,47.840855],[37.651484,47.841458]]]}},{"type":"Feature","properties":{"cadnum":"1421557100:01:001:0260"},"geometry":{"type":"Polygon","coordinates":[[[37.650307,47.840074],[37.650541,47.840086],[37.650661,47.839504],[37.650428,47.83948],[37.650307,47.840074]]]}},{"type":"Feature","properties":{"cadnum":"1421557100:01:001:0132"},"geometry":{"type":"Polygon","coordinates":[[[37.651443,47.840743],[37.651771,47.84077],[37.651852,47.840228],[37.651744,47.840222],[37.651543,47.840206],[37.651443,47.840743]]]}},{"type":"Feature","properties":{"cadnum":"1421557100:01:002:0293"},"geometry":{"type":"Polygon","coordinates":[[[37.650051,47.843035],[37.650061,47.843035],[37.650061,47.843036],[37.650177,47.843037],[37.65021,47.842756],[37.650232,47.842573],[37.650232,47.842571],[37.650244,47.84247],[37.650195,47.842468],[37.650118,47.842461],[37.650096,47.842645],[37.650087,47.842717],[37.650082,47.84276],[37.650051,47.843035]]]}},{"type":"Feature","properties":{"cadnum":"1421557100:01:001:0112"},"geometry":{"type":"Polygon","coordinates":[[[37.649795,47.840562],[37.649866,47.840626],[37.650061,47.840639],[37.650172,47.840647],[37.650232,47.840385],[37.650232,47.840384],[37.650275,47.840197],[37.650232,47.840193],[37.64988,47.840155],[37.649795,47.840562]]]}},{"type":"Feature","properties":{"cadnum":"1421557100:01:001:0254"},"geometry":{"type":"Polygon","coordinates":[[[37.650868,47.842537],[37.651214,47.842561],[37.65126,47.84207],[37.650891,47.842045],[37.650868,47.842537]]]}},{"type":"Feature","properties":{"cadnum":"1421557100:01:001:0091"},"geometry":{"type":"Polygon","coordinates":[[[37.651214,47.842561],[37.651569,47.842588],[37.6516,47.842094],[37.65126,47.84207],[37.651214,47.842561]]]}},{"type":"Feature","properties":{"cadnum":"1421557100:01:001:0205"},"geometry":{"type":"Polygon","coordinates":[[[37.651214,47.840086],[37.651353,47.840098],[37.65151,47.840104],[37.651619,47.839529],[37.651331,47.839504],[37.651214,47.840086]]]}},{"type":"Feature","properties":{"cadnum":"1421557100:01:001:0107"},"geometry":{"type":"Polygon","coordinates":[[[37.653155,47.841617],[37.653497,47.841636],[37.653501,47.841594],[37.653185,47.841576],[37.653164,47.841576],[37.653155,47.841617]]]}},{"type":"Feature","properties":{"cadnum":"1421557100:06:000:0126"},"geometry":{"type":"Polygon","coordinates":[[[37.650734,47.808596],[37.650738,47.808641],[37.650824,47.809296],[37.655554,47.809332],[37.658845,47.809356],[37.658845,47.806717],[37.656851,47.806494],[37.655554,47.806416],[37.655554,47.806417],[37.651502,47.806174],[37.650954,47.807903],[37.650734,47.808596]]]}},{"type":"Feature","properties":{"cadnum":"1421557100:06:000:0128"},"geometry":{"type":"Polygon","coordinates":[[[37.650824,47.809296],[37.650843,47.809453],[37.651003,47.81072],[37.655554,47.810754],[37.658845,47.810778],[37.658845,47.809356],[37.655726,47.809333],[37.655725,47.809333],[37.650824,47.809296]],[[37.654883,47.810087],[37.655464,47.810032],[37.655554,47.810226],[37.655594,47.810313],[37.655284,47.810499],[37.654902,47.810373],[37.654883,47.810087]]]}},{"type":"Feature","properties":{"cadnum":"1421557100:06:000:0146"},"geometry":{"type":"Polygon","coordinates":[[[37.639891,47.810925],[37.640201,47.811486],[37.640771,47.811411],[37.641162,47.811359],[37.644567,47.810902],[37.644567,47.810903],[37.650232,47.810143],[37.650232,47.810142],[37.650918,47.81005],[37.650857,47.809568],[37.650824,47.809296],[37.650738,47.808641],[37.650061,47.808784],[37.650061,47.808785],[37.646887,47.809453],[37.646886,47.809453],[37.646648,47.809503],[37.646339,47.809568],[37.644567,47.809942],[37.640757,47.810744],[37.640304,47.810838],[37.639891,47.810925]]]}},{"type":"Feature","properties":{"cadnum":"1421557100:06:000:0023"},"geometry":{"type":"Polygon","coordinates":[[[37.633958,47.835271],[37.633958,47.835277],[37.634222,47.835295],[37.634716,47.835328],[37.635436,47.835377],[37.636176,47.831583],[37.636459,47.830134],[37.634977,47.830034],[37.634653,47.831698],[37.634653,47.831699],[37.633959,47.835271],[37.633958,47.835271]]]}},{"type":"Feature","properties":{"cadnum":"1421557100:06:000:0024"},"geometry":{"type":"Polygon","coordinates":[[[37.635436,47.835377],[37.635543,47.835382],[37.635595,47.835386],[37.635596,47.835386],[37.636918,47.835476],[37.636935,47.835386],[37.637674,47.831583],[37.637937,47.830233],[37.636459,47.830134],[37.636153,47.831698],[37.636154,47.831698],[37.636154,47.831699],[37.635457,47.835271],[37.635456,47.835271],[37.635436,47.835377]]]}},{"type":"Feature","properties":{"cadnum":"1421557100:06:000:0041"},"geometry":{"type":"Polygon","coordinates":[[[37.637879,47.832271],[37.638014,47.832283],[37.639246,47.832393],[37.639246,47.832392],[37.641765,47.832615],[37.641935,47.831741],[37.641959,47.831593],[37.641971,47.831517],[37.642011,47.831285],[37.640956,47.830462],[37.64061,47.830438],[37.639074,47.830323],[37.638404,47.830272],[37.638274,47.830263],[37.637991,47.831698],[37.637991,47.831699],[37.637879,47.832271]],[[37.641858,47.831198],[37.641836,47.831198],[37.641836,47.831183],[37.641858,47.831183],[37.641858,47.831198]],[[37.641732,47.831185],[37.64171,47.831185],[37.64171,47.831171],[37.641732,47.831171],[37.641732,47.831185]],[[37.641486,47.830893],[37.641486,47.830894],[37.641463,47.830894],[37.641463,47.830893],[37.641463,47.830878],[37.641486,47.830878],[37.641486,47.830893]],[[37.64136,47.830878],[37.641359,47.830878],[37.641337,47.830878],[37.641337,47.830863],[37.641359,47.830863],[37.64136,47.830863],[37.64136,47.830878]],[[37.638292,47.830356],[37.63827,47.830356],[37.63827,47.830342],[37.638292,47.830342],[37.638292,47.830356]],[[37.63818,47.830944],[37.638157,47.830944],[37.638157,47.83093],[37.63818,47.83093],[37.63818,47.830944]],[[37.638044,47.831518],[37.638044,47.831517],[37.638067,47.831517],[37.638067,47.831518],[37.638067,47.831535],[37.638044,47.831533],[37.638044,47.831518]],[[37.637955,47.832123],[37.637954,47.832123],[37.637933,47.832123],[37.637933,47.832108],[37.637954,47.832108],[37.637955,47.832108],[37.637955,47.832123]]]}},{"type":"Feature","properties":{"cadnum":"1421557100:08:000:0063"},"geometry":{"type":"Polygon","coordinates":[[[37.714227,47.824238],[37.714227,47.824244],[37.71477,47.824265],[37.715574,47.824296],[37.715575,47.824296],[37.715979,47.824311],[37.715979,47.824312],[37.716904,47.824346],[37.716908,47.824283],[37.71716,47.820869],[37.716359,47.820839],[37.716049,47.821334],[37.714246,47.824207],[37.714227,47.824238]]]}},{"type":"Feature","properties":{"cadnum":"1421557100:07:000:0071"},"geometry":{"type":"Polygon","coordinates":[[[37.711405,47.82549],[37.713144,47.825517],[37.71318,47.824323],[37.713181,47.824323],[37.713302,47.820519],[37.713306,47.820402],[37.712447,47.820389],[37.711564,47.820375],[37.711559,47.820519],[37.711558,47.820519],[37.71144,47.824323],[37.711441,47.824323],[37.711405,47.82549]]]}},{"type":"Feature","properties":{"cadnum":"1421557100:07:000:0070"},"geometry":{"type":"Polygon","coordinates":[[[37.709667,47.825463],[37.710485,47.825476],[37.71055,47.825477],[37.710657,47.825479],[37.711405,47.82549],[37.711444,47.824207],[37.711555,47.820635],[37.711555,47.820634],[37.711556,47.820634],[37.711564,47.820375],[37.710507,47.82036],[37.709824,47.820347],[37.709815,47.820634],[37.709815,47.820635],[37.709706,47.824207],[37.709705,47.824207],[37.709667,47.825463]]]}},{"type":"Feature","properties":{"cadnum":"1421557100:06:000:0110"},"geometry":{"type":"Polygon","coordinates":[[[37.606869,47.805453],[37.61178,47.805757],[37.613756,47.805879],[37.614339,47.805915],[37.614358,47.805763],[37.614491,47.804717],[37.611609,47.804539],[37.611608,47.804539],[37.607022,47.804255],[37.606869,47.805453]]]}},{"type":"Feature","properties":{"cadnum":"1421557100:06:000:0109"},"geometry":{"type":"Polygon","coordinates":[[[37.606676,47.806946],[37.61178,47.807262],[37.614146,47.807408],[37.614339,47.805915],[37.611891,47.805763],[37.611886,47.805763],[37.611609,47.805746],[37.611608,47.805746],[37.606869,47.805453],[37.606813,47.805879],[37.606814,47.805879],[37.606676,47.806946]]]}},{"type":"Feature","properties":{"cadnum":"1421557100:06:000:0307"},"geometry":{"type":"Polygon","coordinates":[[[37.607169,47.803111],[37.611608,47.803386],[37.611609,47.803386],[37.611609,47.803387],[37.614635,47.803574],[37.614779,47.80246],[37.611609,47.802265],[37.611608,47.802265],[37.610387,47.802189],[37.610389,47.802189],[37.607313,47.801999],[37.607303,47.802074],[37.607302,47.802074],[37.607169,47.803111]]]}},{"type":"Feature","properties":{"cadnum":"1421557100:06:000:0111"},"geometry":{"type":"Polygon","coordinates":[[[37.607022,47.804255],[37.61178,47.80455],[37.614491,47.804717],[37.614635,47.803574],[37.61178,47.803398],[37.61178,47.803397],[37.607169,47.803111],[37.607022,47.804255]]]}},{"type":"Feature","properties":{"cadnum":"1421557100:07:000:0355"},"geometry":{"type":"Polygon","coordinates":[[[37.659106,47.806693],[37.659923,47.806774],[37.660646,47.806859],[37.661047,47.806888],[37.661397,47.806913],[37.662426,47.807024],[37.663301,47.807163],[37.664038,47.80723],[37.66498,47.807218],[37.666077,47.807163],[37.66654,47.807199],[37.667154,47.807245],[37.667657,47.80732],[37.668416,47.807413],[37.668821,47.807471],[37.66901,47.807399],[37.669491,47.805839],[37.669203,47.805821],[37.668714,47.80579],[37.668305,47.805763],[37.667959,47.805707],[37.667213,47.805582],[37.666712,47.8055],[37.666712,47.805499],[37.66645,47.805456],[37.665672,47.805327],[37.664877,47.805193],[37.664213,47.805085],[37.664034,47.805103],[37.663095,47.805202],[37.66221,47.805293],[37.661365,47.805383],[37.661219,47.805399],[37.660556,47.805468],[37.65978,47.805549],[37.659653,47.805763],[37.659652,47.805763],[37.659106,47.806693]]]}},{"type":"Feature","properties":{"cadnum":"1421557100:07:000:0343"},"geometry":{"type":"Polygon","coordinates":[[[37.667959,47.805707],[37.668305,47.805763],[37.668714,47.80579],[37.670555,47.80281],[37.669783,47.802756],[37.667959,47.805707]]]}},{"type":"Feature","properties":{"cadnum":"1421557100:07:000:0346"},"geometry":{"type":"Polygon","coordinates":[[[37.670263,47.805888],[37.671032,47.805935],[37.67109,47.80584],[37.672205,47.804036],[37.672205,47.804035],[37.67289,47.802925],[37.672118,47.802885],[37.67034,47.805763],[37.670339,47.805763],[37.670306,47.805818],[37.670268,47.805879],[37.670263,47.805888]]]}},{"type":"Feature","properties":{"cadnum":"1421557100:07:000:0341"},"geometry":{"type":"Polygon","coordinates":[[[37.66645,47.805456],[37.66654,47.805471],[37.66654,47.805472],[37.667213,47.805582],[37.669001,47.802693],[37.668202,47.80263],[37.666712,47.805035],[37.66645,47.805456]]]}},{"type":"Feature","properties":{"cadnum":"1421557100:07:000:0345"},"geometry":{"type":"Polygon","coordinates":[[[37.669491,47.805839],[37.67012,47.805879],[37.670263,47.805888],[37.670306,47.805818],[37.672118,47.802885],[37.671336,47.802849],[37.669537,47.805763],[37.669536,47.805763],[37.669491,47.805839]]]}},{"type":"Feature","properties":{"cadnum":"1421557100:07:000:0342"},"geometry":{"type":"Polygon","coordinates":[[[37.667213,47.805582],[37.667959,47.805707],[37.669783,47.802756],[37.669001,47.802693],[37.667213,47.805582]]]}},{"type":"Feature","properties":{"cadnum":"1421557100:07:000:0344"},"geometry":{"type":"Polygon","coordinates":[[[37.668714,47.80579],[37.669203,47.805821],[37.669491,47.805839],[37.671336,47.802849],[37.670555,47.80281],[37.668731,47.805763],[37.66873,47.805763],[37.668714,47.80579]]]}},{"type":"Feature","properties":{"cadnum":"1421557100:07:000:0347"},"geometry":{"type":"Polygon","coordinates":[[[37.671032,47.805935],[37.671795,47.805984],[37.671892,47.805825],[37.672033,47.805598],[37.672033,47.805599],[37.673663,47.802961],[37.67289,47.802925],[37.672033,47.804313],[37.672033,47.804314],[37.671138,47.805763],[37.671137,47.805763],[37.67109,47.80584],[37.671066,47.805879],[37.671032,47.805935]]]}},{"type":"Feature","properties":{"cadnum":"1421557100:07:000:0340"},"geometry":{"type":"Polygon","coordinates":[[[37.665672,47.805327],[37.66645,47.805456],[37.66654,47.805312],[37.668202,47.80263],[37.667384,47.802563],[37.666712,47.803648],[37.665672,47.805327]]]}},{"type":"Feature","properties":{"cadnum":"1421557100:07:000:0339"},"geometry":{"type":"Polygon","coordinates":[[[37.664877,47.805193],[37.665672,47.805327],[37.66654,47.803926],[37.667384,47.802563],[37.666544,47.802494],[37.664877,47.805193]]]}},{"type":"Feature","properties":{"cadnum":"1421557100:07:000:0348"},"geometry":{"type":"Polygon","coordinates":[[[37.671795,47.805984],[37.672033,47.805999],[37.672098,47.806003],[37.672205,47.80601],[37.672558,47.806032],[37.672679,47.805834],[37.674435,47.803],[37.673663,47.802961],[37.672205,47.80532],[37.67193,47.805763],[37.671892,47.805825],[37.671859,47.805879],[37.671795,47.805984]]]}},{"type":"Feature","properties":{"cadnum":"1421557100:06:000:0087"},"geometry":{"type":"Polygon","coordinates":[[[37.624197,47.818562],[37.624547,47.818716],[37.626205,47.819448],[37.628088,47.81872],[37.630792,47.817673],[37.62957,47.816946],[37.628981,47.816596],[37.628797,47.816487],[37.628206,47.816755],[37.628037,47.816831],[37.628036,47.816831],[37.624197,47.818562]]]}},{"type":"Feature","properties":{"cadnum":"1421557100:06:000:0088"},"geometry":{"type":"Polygon","coordinates":[[[37.622083,47.817624],[37.622595,47.817851],[37.622595,47.817852],[37.624197,47.818562],[37.62778,47.816946],[37.627781,47.816946],[37.628088,47.816808],[37.628206,47.816755],[37.62826,47.816731],[37.62826,47.81673],[37.628797,47.816487],[37.628259,47.816168],[37.627476,47.815703],[37.626987,47.815413],[37.623586,47.816946],[37.622747,47.817325],[37.622083,47.817624]]]}},{"type":"Feature","properties":{"cadnum":"1421557100:06:000:0080"},"geometry":{"type":"Polygon","coordinates":[[[37.628981,47.816596],[37.629376,47.81683],[37.629376,47.816831],[37.629375,47.816831],[37.630792,47.817673],[37.632751,47.816914],[37.633581,47.816593],[37.634905,47.81608],[37.634352,47.814467],[37.633753,47.814705],[37.633753,47.814704],[37.628981,47.816596]],[[37.633697,47.815585],[37.633729,47.815314],[37.633753,47.815312],[37.634245,47.815263],[37.634407,47.815618],[37.634056,47.815733],[37.633697,47.815585]]]}},{"type":"Feature","properties":{"cadnum":"1421557100:06:000:0079"},"geometry":{"type":"Polygon","coordinates":[[[37.626205,47.819448],[37.627409,47.819982],[37.628088,47.81972],[37.633581,47.817593],[37.635207,47.816964],[37.635161,47.816831],[37.634905,47.81608],[37.633753,47.816526],[37.632965,47.816831],[37.632964,47.816831],[37.63274,47.816917],[37.632667,47.816946],[37.632666,47.816946],[37.62826,47.818653],[37.626205,47.819448]]]}},{"type":"Feature","properties":{"cadnum":"1421557100:07:000:0004"},"geometry":{"type":"Polygon","coordinates":[[[37.68897,47.844448],[37.693987,47.844765],[37.693987,47.844758],[37.694178,47.843152],[37.694178,47.843151],[37.694217,47.842823],[37.694006,47.842807],[37.693408,47.84276],[37.691123,47.842582],[37.690933,47.842645],[37.690932,47.842645],[37.690641,47.842742],[37.690586,47.84276],[37.690197,47.84289],[37.689106,47.842751],[37.689104,47.84276],[37.689105,47.84276],[37.68897,47.844448]]]}},{"type":"Feature","properties":{"cadnum":"1421557100:07:000:0001"},"geometry":{"type":"Polygon","coordinates":[[[37.69375,47.84673],[37.694006,47.846748],[37.698627,47.847064],[37.698574,47.846775],[37.698708,47.846429],[37.698861,47.845142],[37.694174,47.844773],[37.693987,47.844758],[37.693987,47.844767],[37.693797,47.846332],[37.69375,47.84673]]]}},{"type":"Feature","properties":{"cadnum":"1421557100:02:000:0026"},"geometry":{"type":"Polygon","coordinates":[[[37.697909,47.843064],[37.698134,47.843076],[37.698138,47.843022],[37.697913,47.84301],[37.697909,47.843064]]]}},{"type":"Feature","properties":{"cadnum":"1421557100:07:000:0002"},"geometry":{"type":"Polygon","coordinates":[[[37.693987,47.844758],[37.694006,47.84476],[37.694174,47.844773],[37.694178,47.844774],[37.698861,47.845142],[37.699058,47.843502],[37.699184,47.843216],[37.694217,47.842823],[37.694006,47.8446],[37.693987,47.844758]]]}},{"type":"Feature","properties":{"cadnum":"1421557100:01:003:0081"},"geometry":{"type":"Polygon","coordinates":[[[37.653851,47.827884],[37.653853,47.827895],[37.653855,47.827902],[37.65388,47.828011],[37.653881,47.828011],[37.653973,47.828396],[37.654256,47.828355],[37.65418,47.827911],[37.65417,47.827845],[37.653851,47.827884]]]}},{"type":"Feature","properties":{"cadnum":"1421557100:01:002:0173"},"geometry":{"type":"Polygon","coordinates":[[[37.654317,47.82783],[37.654326,47.827895],[37.654325,47.827895],[37.65433,47.827928],[37.65434,47.828011],[37.654341,47.828011],[37.654386,47.828348],[37.654682,47.828345],[37.654673,47.828294],[37.654613,47.82796],[37.654587,47.827805],[37.654317,47.82783]]]}},{"type":"Feature","properties":{"cadnum":"1421557100:01:002:0268"},"geometry":{"type":"Polygon","coordinates":[[[37.653303,47.82795],[37.653311,47.828011],[37.653312,47.828011],[37.653393,47.82859],[37.653671,47.828559],[37.653657,47.828445],[37.653586,47.827935],[37.653303,47.82795]]]}},{"type":"Feature","properties":{"cadnum":"1421557100:01:002:0481"},"geometry":{"type":"Polygon","coordinates":[[[37.652957,47.824763],[37.653078,47.825282],[37.6532,47.825282],[37.653407,47.825257],[37.653325,47.824757],[37.652957,47.824763]]]}},{"type":"Feature","properties":{"cadnum":"1421557100:01:002:0477"},"geometry":{"type":"Polygon","coordinates":[[[37.653118,47.82627],[37.653128,47.826467],[37.653468,47.82646],[37.653464,47.826442],[37.653711,47.826427],[37.65368,47.826243],[37.653118,47.82627]]]}},{"type":"Feature","properties":{"cadnum":"1421557100:01:002:0494"},"geometry":{"type":"Polygon","coordinates":[[[37.650122,47.82473],[37.650232,47.82528],[37.650248,47.82536],[37.650522,47.825345],[37.650374,47.824699],[37.650159,47.824726],[37.650122,47.82473]]]}},{"type":"Feature","properties":{"cadnum":"1421557100:01:004:0146"},"geometry":{"type":"Polygon","coordinates":[[[37.655001,47.824551],[37.655019,47.824678],[37.655105,47.824672],[37.655512,47.824645],[37.655508,47.824636],[37.655491,47.824518],[37.655001,47.824551]]]}},{"type":"Feature","properties":{"cadnum":"1421557100:01:002:0507"},"geometry":{"type":"Polygon","coordinates":[[[37.652889,47.827009],[37.653082,47.82785],[37.653218,47.827835],[37.652961,47.826958],[37.652889,47.827009]]]}},{"type":"Feature","properties":{"cadnum":"1421557100:01:002:0390"},"geometry":{"type":"Polygon","coordinates":[[[37.655499,47.824576],[37.655508,47.824624],[37.655725,47.824616],[37.655726,47.824616],[37.655732,47.824615],[37.655728,47.824569],[37.655611,47.824573],[37.655499,47.824576]]]}},{"type":"Feature","properties":{"cadnum":"1421557100:01:002:0527"},"geometry":{"type":"Polygon","coordinates":[[[37.652683,47.824777],[37.652809,47.825296],[37.653078,47.825282],[37.652957,47.824757],[37.652683,47.824777]]]}},{"type":"Feature","properties":{"cadnum":"1421557100:01:002:0412"},"geometry":{"type":"Polygon","coordinates":[[[37.654732,47.824488],[37.654759,47.824705],[37.65483,47.824696],[37.655019,47.824678],[37.654992,47.824479],[37.654732,47.824488]]]}},{"type":"Feature","properties":{"cadnum":"1421557100:01:002:0585"},"geometry":{"type":"Polygon","coordinates":[[[37.654443,47.827072],[37.654443,47.827073],[37.654543,47.827588],[37.654726,47.827573],[37.654646,47.827061],[37.654443,47.827072]]]}},{"type":"Feature","properties":{"cadnum":"1421557100:01:002:0382"},"geometry":{"type":"Polygon","coordinates":[[[37.653707,47.825676],[37.653721,47.825806],[37.654084,47.8258],[37.654084,47.825957],[37.65452,47.825951],[37.654435,47.825619],[37.654071,47.825646],[37.653707,47.825676]]]}},{"type":"Feature","properties":{"cadnum":"1421557100:01:002:0466"},"geometry":{"type":"Polygon","coordinates":[[[37.651807,47.826319],[37.651812,47.826494],[37.651929,47.826487],[37.652068,47.826478],[37.652944,47.826424],[37.652935,47.826297],[37.6524,47.826346],[37.652143,47.82634],[37.652143,47.826339],[37.652139,47.826319],[37.651807,47.826319]]]}},{"type":"Feature","properties":{"cadnum":"1421557100:01:002:0383"},"geometry":{"type":"Polygon","coordinates":[[[37.653721,47.825806],[37.653757,47.826093],[37.654556,47.826078],[37.65452,47.825951],[37.654084,47.825957],[37.654084,47.8258],[37.653721,47.825806]]]}},{"type":"Feature","properties":{"cadnum":"1421557100:01:002:0570"},"geometry":{"type":"Polygon","coordinates":[[[37.655607,47.828101],[37.655725,47.828097],[37.655726,47.828097],[37.655948,47.828089],[37.655996,47.827958],[37.656038,47.827848],[37.656011,47.827633],[37.655621,47.827676],[37.655614,47.827895],[37.655613,47.827895],[37.655607,47.828101]]]}},{"type":"Feature","properties":{"cadnum":"1421557100:01:002:0562"},"geometry":{"type":"Polygon","coordinates":[[[37.65174,47.82691],[37.651789,47.827184],[37.652261,47.827097],[37.652288,47.827025],[37.652288,47.827015],[37.652212,47.826686],[37.652027,47.826705],[37.652063,47.826882],[37.652063,47.826883],[37.65174,47.82691]]]}},{"type":"Feature","properties":{"cadnum":"1421557100:01:002:0574"},"geometry":{"type":"Polygon","coordinates":[[[37.655306,47.828336],[37.655594,47.828312],[37.655607,47.828101],[37.65561,47.828011],[37.655621,47.827676],[37.655333,47.827705],[37.655338,47.827796],[37.655332,47.827895],[37.655331,47.827895],[37.655325,47.828003],[37.655324,47.828011],[37.655325,47.828011],[37.655306,47.828336]]]}},{"type":"Feature","properties":{"cadnum":"1421557100:01:002:0610"},"geometry":{"type":"Polygon","coordinates":[[[37.65126,47.826774],[37.651363,47.82722],[37.651789,47.827184],[37.651726,47.826822],[37.65126,47.826774]]]}},{"type":"Feature","properties":{"cadnum":"1421557100:01:002:0418"},"geometry":{"type":"Polygon","coordinates":[[[37.650271,47.827787],[37.650293,47.827895],[37.650342,47.828134],[37.650688,47.828098],[37.650643,47.827895],[37.650612,47.827757],[37.650271,47.827787]]]}},{"type":"Feature","properties":{"cadnum":"1421557100:01:002:0455"},"geometry":{"type":"Polygon","coordinates":[[[37.651843,47.824736],[37.651893,47.824962],[37.652,47.825347],[37.652009,47.825396],[37.652005,47.825414],[37.652252,47.825408],[37.652126,47.824723],[37.651843,47.824736]]]}},{"type":"Feature","properties":{"cadnum":"1421557100:01:002:0484"},"geometry":{"type":"Polygon","coordinates":[[[37.651084,47.827311],[37.651233,47.827895],[37.651238,47.827915],[37.651262,47.828011],[37.651263,47.828011],[37.651273,47.828049],[37.651474,47.828025],[37.65147,47.82801],[37.651277,47.827308],[37.651107,47.827308],[37.651084,47.827311]]]}},{"type":"Feature","properties":{"cadnum":"1421557100:01:002:0427"},"geometry":{"type":"Polygon","coordinates":[[[37.651007,47.824938],[37.651071,47.825188],[37.651101,47.825378],[37.651506,47.825351],[37.651407,47.824902],[37.651007,47.824938]]]}},{"type":"Feature","properties":{"cadnum":"1421557100:01:002:0519"},"geometry":{"type":"Polygon","coordinates":[[[37.650275,47.825492],[37.650329,47.825827],[37.650361,47.826026],[37.650505,47.826015],[37.650621,47.826002],[37.650604,47.825848],[37.650568,47.825486],[37.650275,47.825492]]]}},{"type":"Feature","properties":{"cadnum":"1421557100:01:002:0523"},"geometry":{"type":"Polygon","coordinates":[[[37.652432,47.826159],[37.652445,47.826246],[37.652705,47.826228],[37.652692,47.826141],[37.652432,47.826159]]]}},{"type":"Feature","properties":{"cadnum":"1421557100:01:002:0370"},"geometry":{"type":"Polygon","coordinates":[[[37.650185,47.827398],[37.650195,47.827455],[37.650226,47.827604],[37.650585,47.827579],[37.650617,47.827576],[37.6509,47.827546],[37.650873,47.827347],[37.650501,47.827374],[37.650329,47.827386],[37.650185,47.827398]]]}},{"type":"Feature","properties":{"cadnum":"1421557100:01:002:0522"},"geometry":{"type":"Polygon","coordinates":[[[37.652328,47.825454],[37.652405,47.825957],[37.652432,47.826159],[37.652692,47.826141],[37.652575,47.825436],[37.652328,47.825454]]]}},{"type":"Feature","properties":{"cadnum":"1421557100:01:002:0409"},"geometry":{"type":"Polygon","coordinates":[[[37.65333,47.825861],[37.653352,47.826168],[37.653604,47.826189],[37.653648,47.826196],[37.653621,47.825885],[37.65333,47.825861]]]}},{"type":"Feature","properties":{"cadnum":"1421557100:01:003:0288"},"geometry":{"type":"Polygon","coordinates":[[[37.653024,47.827984],[37.653029,47.828011],[37.653096,47.828424],[37.653124,47.828608],[37.653393,47.82859],[37.653303,47.82795],[37.653281,47.827953],[37.653024,47.827984]]]}},{"type":"Feature","properties":{"cadnum":"1421557100:01:002:0430"},"geometry":{"type":"Polygon","coordinates":[[[37.649705,47.827687],[37.649732,47.827875],[37.650061,47.827856],[37.650061,47.827857],[37.650218,47.827848],[37.650177,47.827645],[37.649705,47.827687]]]}},{"type":"Feature","properties":{"cadnum":"1421557100:01:002:0402"},"geometry":{"type":"Polygon","coordinates":[[[37.654606,47.826961],[37.654677,47.826958],[37.654875,47.826931],[37.654893,47.827018],[37.655302,47.826979],[37.655302,47.826925],[37.655235,47.826626],[37.655009,47.826663],[37.65469,47.826783],[37.654606,47.826961]]]}},{"type":"Feature","properties":{"cadnum":"1421557100:01:002:0599"},"geometry":{"type":"Polygon","coordinates":[[[37.653137,47.826913],[37.653227,47.827166],[37.653434,47.827736],[37.65359,47.827718],[37.653375,47.827124],[37.653294,47.826895],[37.653137,47.826913]]]}},{"type":"Feature","properties":{"cadnum":"1421557100:01:002:0271"},"geometry":{"type":"Polygon","coordinates":[[[37.653793,47.824587],[37.653856,47.824931],[37.65391,47.825224],[37.654152,47.825209],[37.654166,47.825166],[37.654053,47.82456],[37.653806,47.824582],[37.653793,47.824587]]]}},{"type":"Feature","properties":{"cadnum":"1421557100:01:002:0291"},"geometry":{"type":"Polygon","coordinates":[[[37.650163,47.82722],[37.650185,47.827398],[37.650873,47.827347],[37.651107,47.827308],[37.651107,47.827307],[37.651088,47.827139],[37.650163,47.82722]]]}},{"type":"Feature","properties":{"cadnum":"1421557100:08:000:0013"},"geometry":{"type":"Polygon","coordinates":[[[37.709214,47.84808],[37.710359,47.848116],[37.710428,47.846332],[37.710427,47.846332],[37.710565,47.84276],[37.710566,47.84276],[37.710579,47.842405],[37.709434,47.842383],[37.709424,47.842645],[37.709423,47.842645],[37.709282,47.846332],[37.709281,47.846332],[37.709214,47.84808]]]}},{"type":"Feature","properties":{"cadnum":"1421557100:08:000:0044"},"geometry":{"type":"Polygon","coordinates":[[[37.713728,47.839848],[37.71615,47.839896],[37.720896,47.839987],[37.720955,47.839082],[37.720489,47.839073],[37.71615,47.83899],[37.71615,47.838989],[37.713773,47.838944],[37.713772,47.838958],[37.713771,47.838958],[37.713728,47.839848]]]}},{"type":"Feature","properties":{"cadnum":"1421557100:08:000:0016"},"geometry":{"type":"Polygon","coordinates":[[[37.711631,47.844849],[37.713566,47.844883],[37.713578,47.842645],[37.713579,47.84251],[37.713589,47.84247],[37.713566,47.842468],[37.711725,47.842428],[37.711716,47.842645],[37.711715,47.842645],[37.711631,47.844849]]]}},{"type":"Feature","properties":{"cadnum":"1421557100:08:000:0017"},"geometry":{"type":"Polygon","coordinates":[[[37.709721,47.841784],[37.710657,47.841802],[37.713508,47.841858],[37.713535,47.841216],[37.710485,47.841205],[37.709748,47.841201],[37.709721,47.841783],[37.709721,47.841784]]]}},{"type":"Feature","properties":{"cadnum":"1421557100:08:000:0023"},"geometry":{"type":"Polygon","coordinates":[[[37.712295,47.840399],[37.713571,47.84043],[37.713649,47.838958],[37.713675,47.838488],[37.713616,47.837846],[37.713709,47.837315],[37.713715,47.837282],[37.713692,47.835489],[37.712413,47.835473],[37.712328,47.838958],[37.712325,47.839072],[37.712325,47.839073],[37.712295,47.840399]]]}},{"type":"Feature","properties":{"cadnum":"1421557100:08:000:0014"},"geometry":{"type":"Polygon","coordinates":[[[37.710359,47.848116],[37.710485,47.848121],[37.710617,47.848125],[37.710657,47.848126],[37.711505,47.848152],[37.711574,47.846332],[37.711711,47.84276],[37.711725,47.842428],[37.711002,47.84241],[37.710579,47.842405],[37.710565,47.84276],[37.710422,47.846447],[37.710423,47.846447],[37.710359,47.848116]]]}},{"type":"Feature","properties":{"cadnum":"1421557100:08:000:0021"},"geometry":{"type":"Polygon","coordinates":[[[37.709708,47.840342],[37.710485,47.840359],[37.710543,47.840361],[37.710657,47.840363],[37.710998,47.840369],[37.711031,47.838958],[37.71103,47.838958],[37.711114,47.835461],[37.710614,47.835456],[37.709824,47.835446],[37.70974,47.838958],[37.709737,47.839069],[37.709737,47.839073],[37.709708,47.840342]]]}},{"type":"Feature","properties":{"cadnum":"1421557100:08:000:0022"},"geometry":{"type":"Polygon","coordinates":[[[37.710998,47.840369],[37.712295,47.840399],[37.712325,47.839072],[37.712413,47.835473],[37.711149,47.835461],[37.711114,47.835461],[37.711027,47.839073],[37.711028,47.839073],[37.711029,47.839073],[37.710998,47.840369]]]}},{"type":"Feature","properties":{"cadnum":"1421557100:08:000:0073"},"geometry":{"type":"Polygon","coordinates":[[[37.7097,47.842278],[37.710485,47.842295],[37.710485,47.842296],[37.713562,47.842362],[37.713598,47.842362],[37.71349,47.842233],[37.713508,47.841858],[37.710485,47.841799],[37.709721,47.841784],[37.7097,47.842278]]]}},{"type":"Feature","properties":{"cadnum":"1421557100:08:000:0455"},"geometry":{"type":"Polygon","coordinates":[[[37.713822,47.845087],[37.71615,47.845102],[37.71615,47.845101],[37.716288,47.845102],[37.716326,47.842645],[37.716329,47.842497],[37.715979,47.842493],[37.714774,47.842474],[37.714765,47.842645],[37.714764,47.842645],[37.714725,47.843357],[37.713832,47.843369],[37.713822,47.845087]]]}},{"type":"Feature","properties":{"cadnum":"1421557100:08:000:0041"},"geometry":{"type":"Polygon","coordinates":[[[37.713558,47.84222],[37.713669,47.842359],[37.715979,47.842403],[37.715979,47.842404],[37.72074,47.842495],[37.720744,47.842416],[37.720789,47.841663],[37.71615,47.841573],[37.713648,47.841524],[37.713612,47.842224],[37.713611,47.842224],[37.713558,47.84222]]]}},{"type":"Feature","properties":{"cadnum":"1421557100:08:000:0043"},"geometry":{"type":"Polygon","coordinates":[[[37.713688,47.840698],[37.715979,47.840741],[37.715979,47.840742],[37.720843,47.840834],[37.720896,47.839987],[37.715979,47.839892],[37.715979,47.839893],[37.713728,47.839848],[37.713688,47.840698]]]}},{"type":"Feature","properties":{"cadnum":"1421557100:08:000:0042"},"geometry":{"type":"Polygon","coordinates":[[[37.713648,47.841524],[37.715979,47.84157],[37.720789,47.841663],[37.720843,47.840834],[37.71615,47.840745],[37.713688,47.840698],[37.713648,47.841524]]]}},{"type":"Feature","properties":{"cadnum":"1421557100:08:000:0467"},"geometry":{"type":"Polygon","coordinates":[[[37.705126,47.842178],[37.7097,47.842278],[37.709721,47.841784],[37.709748,47.841201],[37.710657,47.841206],[37.710657,47.841205],[37.713535,47.841216],[37.713571,47.84043],[37.712295,47.840399],[37.710998,47.840369],[37.710543,47.840361],[37.709708,47.840342],[37.709044,47.840327],[37.708486,47.840315],[37.708244,47.840309],[37.707256,47.840285],[37.705962,47.840255],[37.705199,47.84024],[37.705126,47.842178]]]}},{"type":"Feature","properties":{"cadnum":"1421557100:06:000:0293"},"geometry":{"type":"Polygon","coordinates":[[[37.668969,47.85258],[37.669548,47.853174],[37.670112,47.853704],[37.670559,47.854124],[37.672205,47.855788],[37.672205,47.855787],[37.672626,47.856212],[37.673075,47.856013],[37.673519,47.855817],[37.673973,47.855616],[37.674435,47.855408],[37.672832,47.85382],[37.672832,47.853819],[37.672833,47.853819],[37.672205,47.853197],[37.670775,47.851779],[37.670339,47.851972],[37.66989,47.852171],[37.669437,47.852372],[37.668969,47.85258]]]}},{"type":"Feature","properties":{"cadnum":"1421557100:01:004:0158"},"geometry":{"type":"Polygon","coordinates":[[[37.666615,47.820857],[37.666684,47.821303],[37.666712,47.821301],[37.667074,47.821265],[37.667016,47.820815],[37.666615,47.820857]]]}},{"type":"Feature","properties":{"cadnum":"1421557100:01:004:0212"},"geometry":{"type":"Polygon","coordinates":[[[37.667024,47.820869],[37.667074,47.821265],[37.667527,47.821237],[37.66747,47.820839],[37.667024,47.820869]]]}},{"type":"Feature","properties":{"cadnum":"1421557100:01:004:0159"},"geometry":{"type":"Polygon","coordinates":[[[37.666525,47.820297],[37.666561,47.820519],[37.66656,47.820519],[37.666615,47.820857],[37.666712,47.820847],[37.667016,47.820815],[37.666977,47.820519],[37.666944,47.82026],[37.666708,47.820281],[37.666525,47.820297]]]}},{"type":"Feature","properties":{"cadnum":"1421557100:01:004:0186"},"geometry":{"type":"Polygon","coordinates":[[[37.666364,47.8234],[37.666374,47.823442],[37.666414,47.823674],[37.666508,47.823665],[37.66654,47.823662],[37.66654,47.823663],[37.666628,47.823653],[37.666712,47.823645],[37.666712,47.823644],[37.666773,47.823637],[37.666921,47.823623],[37.666854,47.823351],[37.666644,47.823372],[37.666364,47.8234]]]}},{"type":"Feature","properties":{"cadnum":"1421557100:01:004:0096"},"geometry":{"type":"Polygon","coordinates":[[[37.667003,47.822027],[37.66711,47.82235],[37.667537,47.822293],[37.667474,47.822088],[37.667703,47.822057],[37.667663,47.821927],[37.667366,47.821973],[37.667003,47.822027]]]}},{"type":"Feature","properties":{"cadnum":"1421557100:01:004:0086"},"geometry":{"type":"Polygon","coordinates":[[[37.668045,47.821328],[37.668229,47.82203],[37.668502,47.822009],[37.668278,47.821297],[37.668045,47.821328]]]}},{"type":"Feature","properties":{"cadnum":"1421557100:01:004:0227"},"geometry":{"type":"Polygon","coordinates":[[[37.668929,47.823433],[37.668942,47.823514],[37.669275,47.823487],[37.669265,47.823406],[37.668929,47.823433]]]}},{"type":"Feature","properties":{"cadnum":"1421557100:01:004:0218"},"geometry":{"type":"Polygon","coordinates":[[[37.666342,47.82156],[37.666485,47.82209],[37.66654,47.822083],[37.666542,47.822083],[37.666712,47.822061],[37.666712,47.82206],[37.666823,47.822045],[37.666661,47.821518],[37.666342,47.82156]]]}},{"type":"Feature","properties":{"cadnum":"1421557100:01:004:0230"},"geometry":{"type":"Polygon","coordinates":[[[37.668493,47.822821],[37.668565,47.823429],[37.668884,47.823387],[37.668758,47.822787],[37.668493,47.822821]]]}},{"type":"Feature","properties":{"cadnum":"1421557100:01:004:0196"},"geometry":{"type":"Polygon","coordinates":[[[37.668862,47.823282],[37.668888,47.823415],[37.668938,47.823411],[37.669257,47.823387],[37.669225,47.823246],[37.668862,47.823282]]]}},{"type":"Feature","properties":{"cadnum":"1421557100:01:004:0171"},"geometry":{"type":"Polygon","coordinates":[[[37.668955,47.82162],[37.669014,47.82188],[37.669473,47.821826],[37.669397,47.821569],[37.668955,47.82162]]]}},{"type":"Feature","properties":{"cadnum":"1421557100:01:004:0160"},"geometry":{"type":"Polygon","coordinates":[[[37.670191,47.822664],[37.670344,47.823285],[37.670596,47.823264],[37.67046,47.82264],[37.670191,47.822664]]]}},{"type":"Feature","properties":{"cadnum":"1421557100:01:004:0195"},"geometry":{"type":"Polygon","coordinates":[[[37.668758,47.822787],[37.668862,47.823282],[37.669225,47.823246],[37.669114,47.822751],[37.668758,47.822787]]]}},{"type":"Feature","properties":{"cadnum":"1421557100:01:004:0174"},"geometry":{"type":"Polygon","coordinates":[[[37.670137,47.821144],[37.670317,47.821837],[37.670425,47.821826],[37.670542,47.821813],[37.670362,47.821117],[37.670137,47.821144]]]}},{"type":"Feature","properties":{"cadnum":"1421557100:01:004:0170"},"geometry":{"type":"Polygon","coordinates":[[[37.668862,47.821216],[37.668955,47.82162],[37.669397,47.821569],[37.66928,47.821165],[37.668862,47.821216]]]}},{"type":"Feature","properties":{"cadnum":"1421557100:01:004:0180"},"geometry":{"type":"Polygon","coordinates":[[[37.668435,47.821798],[37.668489,47.821976],[37.668839,47.821934],[37.668781,47.821756],[37.668435,47.821798]]]}},{"type":"Feature","properties":{"cadnum":"1421557100:01:004:0226"},"geometry":{"type":"Polygon","coordinates":[[[37.668942,47.823514],[37.669014,47.824048],[37.669351,47.824021],[37.669275,47.823487],[37.668942,47.823514]]]}},{"type":"Feature","properties":{"cadnum":"1421557100:01:002:0315"},"geometry":{"type":"Polygon","coordinates":[[[37.670322,47.823288],[37.67033,47.823327],[37.670626,47.8233],[37.670618,47.823261],[37.670322,47.823288]]]}},{"type":"Feature","properties":{"cadnum":"1421557100:01:004:0185"},"geometry":{"type":"Polygon","coordinates":[[[37.666301,47.823026],[37.666364,47.8234],[37.66654,47.823382],[37.66654,47.823383],[37.666644,47.823372],[37.666712,47.823366],[37.666712,47.823365],[37.666854,47.823351],[37.66676,47.822975],[37.666712,47.82298],[37.666301,47.823026]]]}},{"type":"Feature","properties":{"cadnum":"1421557100:01:004:0208"},"geometry":{"type":"Polygon","coordinates":[[[37.669477,47.823433],[37.669621,47.824026],[37.66993,47.823999],[37.669751,47.823391],[37.669477,47.823433]]]}},{"type":"Feature","properties":{"cadnum":"1421557100:01:004:0213"},"geometry":{"type":"Polygon","coordinates":[[[37.667011,47.820782],[37.667024,47.820869],[37.66747,47.820839],[37.667456,47.820758],[37.667011,47.820782]]]}},{"type":"Feature","properties":{"cadnum":"1421557100:07:000:0260"},"geometry":{"type":"Polygon","coordinates":[[[37.669401,47.820266],[37.669418,47.820417],[37.669424,47.820459],[37.669431,47.820519],[37.66943,47.820519],[37.669464,47.820785],[37.6695,47.820921],[37.67012,47.820842],[37.67011,47.820782],[37.670101,47.820727],[37.670079,47.820583],[37.670124,47.820432],[37.67012,47.82042],[37.67011,47.820378],[37.67007,47.820227],[37.669401,47.820266]]]}},{"type":"Feature","properties":{"cadnum":"1421557100:07:000:0327"},"geometry":{"type":"Polygon","coordinates":[[[37.670087,47.820634],[37.670825,47.820592],[37.670798,47.820393],[37.670124,47.820432],[37.670098,47.820519],[37.670097,47.820519],[37.670079,47.820583],[37.670087,47.820634]]]}},{"type":"Feature","properties":{"cadnum":"1421557100:01:004:0179"},"geometry":{"type":"Polygon","coordinates":[[[37.668278,47.821297],[37.668435,47.821798],[37.668781,47.821756],[37.668624,47.821256],[37.668278,47.821297]]]}},{"type":"Feature","properties":{"cadnum":"1421557100:01:004:0209"},"geometry":{"type":"Polygon","coordinates":[[[37.670276,47.821844],[37.670433,47.822488],[37.670672,47.822465],[37.670582,47.822124],[37.670483,47.822133],[37.670425,47.821826],[37.670317,47.821837],[37.670276,47.821844]]]}},{"type":"Feature","properties":{"cadnum":"1421557100:01:004:0222"},"geometry":{"type":"Polygon","coordinates":[[[37.668053,47.822857],[37.668062,47.822984],[37.668066,47.823013],[37.66817,47.823451],[37.668395,47.823436],[37.668292,47.822836],[37.668053,47.822857]]]}},{"type":"Feature","properties":{"cadnum":"1421557100:01:002:0314"},"geometry":{"type":"Polygon","coordinates":[[[37.67033,47.823327],[37.670496,47.823948],[37.670762,47.823927],[37.670626,47.8233],[37.67033,47.823327]]]}},{"type":"Feature","properties":{"cadnum":"1421557100:01:004:0219"},"geometry":{"type":"Polygon","coordinates":[[[37.666485,47.82209],[37.666521,47.822224],[37.66654,47.822221],[37.66654,47.822222],[37.666863,47.822181],[37.666823,47.822045],[37.666542,47.822083],[37.666485,47.82209]]]}},{"type":"Feature","properties":{"cadnum":"1421557100:01:003:0182"},"geometry":{"type":"Polygon","coordinates":[[[37.670425,47.821826],[37.670483,47.822133],[37.670582,47.822124],[37.671058,47.822076],[37.670986,47.821762],[37.670425,47.821826]]]}},{"type":"Feature","properties":{"cadnum":"1421557100:06:000:0047"},"geometry":{"type":"Polygon","coordinates":[[[37.605041,47.821882],[37.606287,47.821972],[37.611608,47.822354],[37.611609,47.822354],[37.612272,47.822401],[37.612406,47.821279],[37.611609,47.821222],[37.611609,47.821223],[37.611608,47.821223],[37.606287,47.820844],[37.606287,47.820843],[37.605175,47.820764],[37.605041,47.821882]]]}},{"type":"Feature","properties":{"cadnum":"1421557100:06:000:0044"},"geometry":{"type":"Polygon","coordinates":[[[37.604636,47.825246],[37.606287,47.825364],[37.606287,47.825363],[37.611608,47.825742],[37.611609,47.825742],[37.611609,47.825743],[37.611869,47.825761],[37.612003,47.824642],[37.611609,47.824614],[37.611609,47.824615],[37.611608,47.824615],[37.607538,47.824323],[37.607545,47.824323],[37.606287,47.824233],[37.606281,47.824232],[37.605938,47.824207],[37.605936,47.824207],[37.604772,47.824124],[37.604761,47.824207],[37.604636,47.825246]]]}},{"type":"Feature","properties":{"cadnum":"1421557100:06:000:0045"},"geometry":{"type":"Polygon","coordinates":[[[37.604772,47.824124],[37.606115,47.82422],[37.606115,47.824221],[37.61178,47.824627],[37.612003,47.824642],[37.61204,47.824323],[37.612137,47.82352],[37.61178,47.823495],[37.606115,47.823091],[37.604906,47.823004],[37.604772,47.824124]]]}},{"type":"Feature","properties":{"cadnum":"1421557100:06:000:0046"},"geometry":{"type":"Polygon","coordinates":[[[37.604906,47.823004],[37.606287,47.823103],[37.611608,47.823483],[37.611609,47.823483],[37.612137,47.82352],[37.612272,47.822401],[37.61178,47.822366],[37.606115,47.82196],[37.605041,47.821882],[37.604906,47.823004]]]}},{"type":"Feature","properties":{"cadnum":"1421557100:06:000:0161"},"geometry":{"type":"Polygon","coordinates":[[[37.6705,47.851869],[37.672141,47.853528],[37.672315,47.853704],[37.674188,47.855598],[37.675739,47.85491],[37.674661,47.85382],[37.674661,47.853819],[37.672051,47.851179],[37.6705,47.851869]]]}},{"type":"Feature","properties":{"cadnum":"1421557100:06:000:0162"},"geometry":{"type":"Polygon","coordinates":[[[37.672051,47.851179],[37.672205,47.851336],[37.672205,47.851335],[37.674547,47.853704],[37.675739,47.85491],[37.677607,47.854081],[37.677234,47.853704],[37.677233,47.853704],[37.673919,47.85035],[37.672051,47.851179]],[[37.674234,47.852207],[37.674525,47.851899],[37.675146,47.851849],[37.675576,47.852062],[37.675577,47.852062],[37.675693,47.852361],[37.675433,47.85265],[37.674885,47.852713],[37.674884,47.852713],[37.674414,47.852566],[37.674234,47.852207]]]}},{"type":"Feature","properties":{"cadnum":"1421557100:06:000:0292"},"geometry":{"type":"Polygon","coordinates":[[[37.671808,47.85132],[37.672033,47.851563],[37.67268,47.852258],[37.672989,47.852231],[37.67299,47.852231],[37.673209,47.852343],[37.673268,47.852493],[37.673137,47.852641],[37.672859,47.852671],[37.673977,47.853704],[37.674088,47.853808],[37.674101,47.853819],[37.674101,47.85382],[37.675374,47.854995],[37.67581,47.854799],[37.676242,47.854609],[37.676695,47.854407],[37.677144,47.854208],[37.676665,47.853719],[37.673559,47.850543],[37.67311,47.850745],[37.672666,47.850941],[37.672194,47.851149],[37.671808,47.85132]]]}},{"type":"Feature","properties":{"cadnum":"1421557100:07:000:0324"},"geometry":{"type":"Polygon","coordinates":[[[37.67294,47.819148],[37.673043,47.82004],[37.673385,47.820022],[37.673376,47.819971],[37.673389,47.819967],[37.673313,47.819319],[37.673317,47.819247],[37.67329,47.819126],[37.67294,47.819148]]]}},{"type":"Feature","properties":{"cadnum":"1421557100:07:000:0326"},"geometry":{"type":"Polygon","coordinates":[[[37.673385,47.820022],[37.673425,47.820333],[37.673448,47.820447],[37.673488,47.820447],[37.674282,47.820378],[37.674297,47.820333],[37.674292,47.820266],[37.674269,47.819944],[37.673385,47.820022]]]}},{"type":"Feature","properties":{"cadnum":"1421557100:07:000:0291"},"geometry":{"type":"Polygon","coordinates":[[[37.672957,47.818948],[37.673007,47.81899],[37.673255,47.818994],[37.67329,47.819126],[37.673317,47.819247],[37.673336,47.819249],[37.673462,47.819253],[37.673703,47.819262],[37.6736,47.818614],[37.673529,47.818562],[37.673083,47.818544],[37.673026,47.818565],[37.67298,47.818625],[37.672957,47.818948]]]}},{"type":"Feature","properties":{"cadnum":"1421557100:06:000:0032"},"geometry":{"type":"Polygon","coordinates":[[[37.628999,47.841201],[37.63035,47.841304],[37.630806,47.838958],[37.631524,47.835271],[37.631555,47.835114],[37.631002,47.835075],[37.630198,47.835021],[37.630149,47.835271],[37.630148,47.835271],[37.62941,47.839073],[37.629411,47.839073],[37.629161,47.84036],[37.629371,47.840387],[37.629349,47.840716],[37.629075,47.840792],[37.628999,47.841201]]]}},{"type":"Feature","properties":{"cadnum":"1421557100:06:000:0034"},"geometry":{"type":"Polygon","coordinates":[[[37.631685,47.841404],[37.633014,47.841503],[37.633509,47.838958],[37.633508,47.838958],[37.633581,47.838587],[37.633581,47.838589],[37.634222,47.835295],[37.633958,47.835277],[37.633942,47.835276],[37.633864,47.835271],[37.633581,47.835252],[37.632893,47.835205],[37.63288,47.835271],[37.63287,47.835322],[37.632857,47.835386],[37.632138,47.839073],[37.631685,47.841404]]]}},{"type":"Feature","properties":{"cadnum":"1421557100:06:000:0033"},"geometry":{"type":"Polygon","coordinates":[[[37.63035,47.841304],[37.631685,47.841404],[37.632161,47.838958],[37.63287,47.835322],[37.632893,47.835205],[37.63248,47.835178],[37.631555,47.835114],[37.631501,47.835386],[37.630784,47.839073],[37.63035,47.841304]]]}},{"type":"Feature","properties":{"cadnum":"1421557100:06:000:0156"},"geometry":{"type":"Polygon","coordinates":[[[37.633635,47.80036],[37.633753,47.800675],[37.634321,47.802189],[37.634322,47.802189],[37.635597,47.80558],[37.636491,47.80539],[37.637411,47.805193],[37.63628,47.802189],[37.636281,47.802189],[37.635646,47.800502],[37.633635,47.80036]]]}},{"type":"Feature","properties":{"cadnum":"1421557100:01:001:0197"},"geometry":{"type":"Polygon","coordinates":[[[37.650361,47.843185],[37.650411,47.843775],[37.650446,47.843779],[37.650694,47.8438],[37.650621,47.843194],[37.650361,47.843185]]]}},{"type":"Feature","properties":{"cadnum":"1421557100:01:001:0162"},"geometry":{"type":"Polygon","coordinates":[[[37.652876,47.842983],[37.653527,47.843028],[37.653545,47.842754],[37.653357,47.842739],[37.65302,47.842718],[37.652912,47.842712],[37.652876,47.842983]]]}},{"type":"Feature","properties":{"cadnum":"1421557100:01:001:0259"},"geometry":{"type":"Polygon","coordinates":[[[37.653218,47.844566],[37.653491,47.844586],[37.653573,47.844056],[37.65342,47.844045],[37.653321,47.844036],[37.653218,47.844566]]]}},{"type":"Feature","properties":{"cadnum":"1421557100:01:001:0215"},"geometry":{"type":"Polygon","coordinates":[[[37.653918,47.846253],[37.654317,47.846281],[37.654386,47.845832],[37.653986,47.845804],[37.653918,47.846253]]]}},{"type":"Feature","properties":{"cadnum":"1421557100:01:001:0213"},"geometry":{"type":"Polygon","coordinates":[[[37.654345,47.844647],[37.654615,47.844662],[37.654677,47.844128],[37.654539,47.844117],[37.654413,47.844108],[37.654345,47.844647]]]}},{"type":"Feature","properties":{"cadnum":"1421557100:01:001:0110"},"geometry":{"type":"Polygon","coordinates":[[[37.654273,47.842859],[37.654642,47.842872],[37.654642,47.84282],[37.654273,47.842793],[37.654273,47.842859]]]}},{"type":"Feature","properties":{"cadnum":"1421557100:01:001:0153"},"geometry":{"type":"Polygon","coordinates":[[[37.652965,47.844548],[37.653218,47.844566],[37.653321,47.844036],[37.653214,47.844023],[37.653078,47.844014],[37.653024,47.844252],[37.652965,47.844548]]]}},{"type":"Feature","properties":{"cadnum":"1421557100:01:001:0256"},"geometry":{"type":"Polygon","coordinates":[[[37.654718,47.846305],[37.655118,47.846333],[37.655181,47.845886],[37.65478,47.845859],[37.654718,47.846305]]]}},{"type":"Feature","properties":{"cadnum":"1421557100:01:001:0171"},"geometry":{"type":"Polygon","coordinates":[[[37.654879,47.84468],[37.655145,47.844702],[37.655202,47.844165],[37.654946,47.844144],[37.654879,47.84468]]]}},{"type":"Feature","properties":{"cadnum":"1421557100:01:001:0093"},"geometry":{"type":"Polygon","coordinates":[[[37.650621,47.843197],[37.650694,47.8438],[37.650958,47.843821],[37.650881,47.843212],[37.650621,47.843197]]]}},{"type":"Feature","properties":{"cadnum":"1421557100:01:001:0244"},"geometry":{"type":"Polygon","coordinates":[[[37.652772,47.845585],[37.653047,47.845591],[37.653065,47.845274],[37.652795,47.845268],[37.652772,47.845585]]]}},{"type":"Feature","properties":{"cadnum":"1421557100:01:001:0245"},"geometry":{"type":"Polygon","coordinates":[[[37.65112,47.844418],[37.651384,47.844436],[37.65143,47.844168],[37.65116,47.84415],[37.65112,47.844418]]]}},{"type":"Feature","properties":{"cadnum":"1421557100:01:001:0145"},"geometry":{"type":"Polygon","coordinates":[[[37.650747,47.846004],[37.651147,47.846031],[37.651219,47.845585],[37.650818,47.845554],[37.650747,47.846004]]]}},{"type":"Feature","properties":{"cadnum":"1421557100:01:001:0223"},"geometry":{"type":"Polygon","coordinates":[[[37.65077,47.845464],[37.651327,47.845524],[37.651376,47.845205],[37.651151,47.84518],[37.650873,47.845151],[37.650818,47.845144],[37.65077,47.845464]]]}},{"type":"Feature","properties":{"cadnum":"1421557100:01:001:0138"},"geometry":{"type":"Polygon","coordinates":[[[37.65337,47.844747],[37.653393,47.845295],[37.653662,47.84531],[37.653635,47.844765],[37.653371,47.844747],[37.65337,47.844747]]]}},{"type":"Feature","properties":{"cadnum":"1421557100:01:001:0172"},"geometry":{"type":"Polygon","coordinates":[[[37.653141,47.846172],[37.65329,47.846181],[37.653537,47.846199],[37.653608,47.845754],[37.653208,47.845723],[37.653141,47.846172]]]}},{"type":"Feature","properties":{"cadnum":"1421557100:01:001:0173"},"geometry":{"type":"Polygon","coordinates":[[[37.654696,47.845693],[37.654973,47.845714],[37.655005,47.845395],[37.654745,47.845377],[37.654696,47.845693]]]}},{"type":"Feature","properties":{"cadnum":"1421557100:01:001:0094"},"geometry":{"type":"Polygon","coordinates":[[[37.653464,47.843417],[37.653505,47.844032],[37.653653,47.844041],[37.653774,47.844045],[37.653725,47.843438],[37.653464,47.843417]]]}},{"type":"Feature","properties":{"cadnum":"1421557100:01:001:0163"},"geometry":{"type":"Polygon","coordinates":[[[37.655292,47.845437],[37.655504,47.845443],[37.655562,47.844912],[37.655319,47.844897],[37.655292,47.845437]]]}},{"type":"Feature","properties":{"cadnum":"1421557100:01:001:0257"},"geometry":{"type":"Polygon","coordinates":[[[37.653505,47.843299],[37.653833,47.843321],[37.653877,47.842778],[37.653711,47.842766],[37.653545,47.842754],[37.653505,47.843299]]]}},{"type":"Feature","properties":{"cadnum":"1421557100:01:001:0250"},"geometry":{"type":"Polygon","coordinates":[[[37.65302,47.842706],[37.65302,47.842718],[37.653357,47.842739],[37.653357,47.84273],[37.65302,47.842706]]]}},{"type":"Feature","properties":{"cadnum":"1421557100:01:001:0210"},"geometry":{"type":"Polygon","coordinates":[[[37.653074,47.844014],[37.653214,47.844023],[37.653307,47.843417],[37.653151,47.843408],[37.653124,47.843694],[37.653074,47.844014]]]}},{"type":"Feature","properties":{"cadnum":"1421557100:01:001:0236"},"geometry":{"type":"Polygon","coordinates":[[[37.655409,47.844722],[37.655554,47.844733],[37.655625,47.844738],[37.655701,47.844201],[37.655652,47.844198],[37.655485,47.844186],[37.655409,47.844722]]]}},{"type":"Feature","properties":{"cadnum":"1421557100:01:001:0216"},"geometry":{"type":"Polygon","coordinates":[[[37.653088,47.845591],[37.653361,47.845612],[37.653393,47.845292],[37.653128,47.845277],[37.653088,47.845591]]]}},{"type":"Feature","properties":{"cadnum":"1421557100:01:001:0166"},"geometry":{"type":"Polygon","coordinates":[[[37.651111,47.846013],[37.65151,47.846043],[37.651587,47.845596],[37.651187,47.845567],[37.651111,47.846013]]]}},{"type":"Feature","properties":{"cadnum":"1421557100:01:001:0083"},"geometry":{"type":"Polygon","coordinates":[[[37.653635,47.844765],[37.653662,47.84531],[37.653936,47.845332],[37.6539,47.844783],[37.653635,47.844765]]]}},{"type":"Feature","properties":{"cadnum":"1421557100:01:001:0109"},"geometry":{"type":"Polygon","coordinates":[[[37.654256,47.843335],[37.654632,47.843363],[37.654642,47.842872],[37.654273,47.842859],[37.654256,47.843335]]]}},{"type":"Feature","properties":{"cadnum":"1421557100:01:001:0129"},"geometry":{"type":"Polygon","coordinates":[[[37.653105,47.844729],[37.653128,47.845277],[37.653393,47.845292],[37.65337,47.844747],[37.653105,47.844729]]]}},{"type":"Feature","properties":{"cadnum":"1421557100:01:001:0068"},"geometry":{"type":"Polygon","coordinates":[[[37.654317,47.846281],[37.654718,47.846305],[37.65478,47.845859],[37.654386,47.845832],[37.654317,47.846281]]]}},{"type":"Feature","properties":{"cadnum":"1421557100:01:001:0235"},"geometry":{"type":"Polygon","coordinates":[[[37.653891,47.843306],[37.654256,47.843335],[37.654273,47.842826],[37.653927,47.842796],[37.653914,47.84304],[37.653891,47.843306]]]}},{"type":"Feature","properties":{"cadnum":"1421557100:01:001:0161"},"geometry":{"type":"Polygon","coordinates":[[[37.652841,47.843257],[37.653505,47.843299],[37.653527,47.843028],[37.652876,47.842983],[37.652841,47.843257]]]}},{"type":"Feature","properties":{"cadnum":"1421557100:01:001:0186"},"geometry":{"type":"Polygon","coordinates":[[[37.655575,47.842923],[37.655657,47.843433],[37.655725,47.843437],[37.655726,47.843437],[37.655881,47.843447],[37.655854,47.843245],[37.65589,47.843239],[37.655787,47.842892],[37.65567,47.842908],[37.655575,47.842923]]]}},{"type":"Feature","properties":{"cadnum":"1421557100:07:000:0170"},"geometry":{"type":"Polygon","coordinates":[[[37.691459,47.849546],[37.692842,47.849639],[37.693031,47.847917],[37.691643,47.847827],[37.691459,47.849546]]]}},{"type":"Feature","properties":{"cadnum":"1421557100:07:000:0171"},"geometry":{"type":"Polygon","coordinates":[[[37.690071,47.849452],[37.691459,47.849546],[37.691643,47.847827],[37.690255,47.847737],[37.690071,47.849452]]]}},{"type":"Feature","properties":{"cadnum":"1421557100:07:000:0008"},"geometry":{"type":"Polygon","coordinates":[[[37.683414,47.84598],[37.687237,47.846332],[37.688513,47.846449],[37.688513,47.84645],[37.688656,47.846462],[37.688661,47.846412],[37.688684,47.846163],[37.688684,47.846162],[37.688769,47.845265],[37.688809,47.844776],[37.688513,47.844749],[37.688513,47.84475],[37.683549,47.844291],[37.683414,47.84598]]]}},{"type":"Feature","properties":{"cadnum":"1421557100:07:000:0003"},"geometry":{"type":"Polygon","coordinates":[[[37.688907,47.84522],[37.689016,47.845211],[37.688922,47.846332],[37.688916,47.846398],[37.689623,47.846447],[37.689624,47.846447],[37.69375,47.84673],[37.693783,47.846447],[37.693987,47.844765],[37.68897,47.844448],[37.688907,47.84522]]]}},{"type":"Feature","properties":{"cadnum":"1421557100:07:000:0153"},"geometry":{"type":"Polygon","coordinates":[[[37.688597,47.849856],[37.688684,47.849862],[37.688685,47.849862],[37.690999,47.850018],[37.691767,47.85007],[37.692708,47.850133],[37.693696,47.8502],[37.693705,47.850035],[37.693723,47.849726],[37.688674,47.849385],[37.68866,47.849546],[37.688597,47.849856]]]}},{"type":"Feature","properties":{"cadnum":"1421557100:06:000:0030"},"geometry":{"type":"Polygon","coordinates":[[[37.693641,47.847698],[37.694006,47.847723],[37.694077,47.847728],[37.694178,47.847735],[37.698515,47.848026],[37.698524,47.847962],[37.698605,47.847712],[37.698744,47.847734],[37.698627,47.847064],[37.694178,47.846761],[37.693773,47.846733],[37.693641,47.847698]]]}},{"type":"Feature","properties":{"cadnum":"1421557100:07:000:0149"},"geometry":{"type":"Polygon","coordinates":[[[37.693731,47.850214],[37.694006,47.850233],[37.694053,47.850236],[37.694178,47.850245],[37.698668,47.850546],[37.69869,47.850073],[37.698465,47.850046],[37.698446,47.850045],[37.698051,47.850018],[37.69805,47.850018],[37.694107,47.849753],[37.693763,47.849729],[37.693744,47.850018],[37.693743,47.850018],[37.693731,47.850214]]]}},{"type":"Feature","properties":{"cadnum":"1421557100:07:000:0169"},"geometry":{"type":"Polygon","coordinates":[[[37.692842,47.849639],[37.694178,47.849729],[37.694226,47.849732],[37.694414,47.848008],[37.694178,47.847993],[37.693031,47.847917],[37.692842,47.849639]]]}},{"type":"Feature","properties":{"cadnum":"1421557100:07:000:0154"},"geometry":{"type":"Polygon","coordinates":[[[37.688507,47.850317],[37.688513,47.850317],[37.688513,47.850318],[37.688638,47.850326],[37.688684,47.850329],[37.688685,47.850329],[37.693668,47.850663],[37.693696,47.8502],[37.691767,47.85007],[37.688597,47.849856],[37.688565,47.850018],[37.688563,47.850028],[37.688542,47.850133],[37.688543,47.850133],[37.688507,47.850317]]]}},{"type":"Feature","properties":{"cadnum":"1421557100:07:000:0031"},"geometry":{"type":"Polygon","coordinates":[[[37.688769,47.847372],[37.693641,47.847698],[37.693773,47.846733],[37.69375,47.84673],[37.688916,47.846398],[37.688849,47.846396],[37.688769,47.847372]]]}},{"type":"Feature","properties":{"cadnum":"1421557100:07:000:0172"},"geometry":{"type":"Polygon","coordinates":[[[37.688679,47.849358],[37.690071,47.849452],[37.690255,47.847737],[37.688863,47.847647],[37.688679,47.849358]]]}},{"type":"Feature","properties":{"cadnum":"1421557100:07:000:0007"},"geometry":{"type":"Polygon","coordinates":[[[37.68328,47.847625],[37.688499,47.848107],[37.688513,47.847967],[37.688656,47.846462],[37.68849,47.846447],[37.683414,47.84598],[37.683401,47.846166],[37.683386,47.846332],[37.683378,47.846426],[37.683376,47.846447],[37.683284,47.847598],[37.68328,47.847625]]]}},{"type":"Feature","properties":{"cadnum":"1421557100:07:000:0066"},"geometry":{"type":"Polygon","coordinates":[[[37.691603,47.814684],[37.694178,47.814736],[37.698534,47.814822],[37.698614,47.813745],[37.698624,47.813156],[37.698627,47.813034],[37.697778,47.813],[37.697082,47.812994],[37.696341,47.81294],[37.696341,47.812946],[37.696318,47.812946],[37.696318,47.81294],[37.696134,47.812925],[37.694006,47.812883],[37.691715,47.812837],[37.691689,47.813257],[37.69169,47.813257],[37.691603,47.814684]],[[37.698587,47.813414],[37.698564,47.813414],[37.698564,47.813399],[37.698564,47.813398],[37.698587,47.813398],[37.698587,47.813399],[37.698587,47.813414]],[[37.698568,47.813821],[37.698547,47.813821],[37.698551,47.813806],[37.698574,47.813806],[37.698568,47.813821]],[[37.698555,47.814228],[37.698534,47.814228],[37.698534,47.814213],[37.698555,47.814213],[37.698555,47.814228]],[[37.698538,47.814635],[37.698537,47.814635],[37.698515,47.814635],[37.698515,47.81462],[37.698537,47.81462],[37.698538,47.81462],[37.698538,47.814635]],[[37.695582,47.812937],[37.695559,47.812937],[37.695559,47.812922],[37.695582,47.812922],[37.695582,47.812937]],[[37.694828,47.812928],[37.694805,47.812928],[37.694805,47.812913],[37.694828,47.812913],[37.694828,47.812928]],[[37.694069,47.812916],[37.694046,47.812916],[37.694046,47.812901],[37.694046,47.8129],[37.694069,47.8129],[37.694069,47.812901],[37.694069,47.812916]],[[37.693314,47.812907],[37.693291,47.812907],[37.693291,47.812892],[37.693291,47.812891],[37.693314,47.812891],[37.693314,47.812892],[37.693314,47.812907]],[[37.692555,47.812898],[37.692532,47.812898],[37.692532,47.812883],[37.692532,47.812882],[37.692555,47.812882],[37.692555,47.812883],[37.692555,47.812898]],[[37.6918,47.812886],[37.691777,47.812886],[37.691777,47.812871],[37.6918,47.812871],[37.6918,47.812886]]]}},{"type":"Feature","properties":{"cadnum":"1421557100:07:000:0063"},"geometry":{"type":"Polygon","coordinates":[[[37.683109,47.81478],[37.688513,47.814877],[37.691517,47.81493],[37.691603,47.8136],[37.691616,47.813257],[37.691634,47.812837],[37.689052,47.812786],[37.688685,47.812743],[37.688684,47.812743],[37.688314,47.812699],[37.687125,47.812669],[37.685781,47.812756],[37.683998,47.813142],[37.683997,47.813142],[37.683186,47.813317],[37.683181,47.81364],[37.683109,47.81478]],[[37.691041,47.812877],[37.691018,47.812877],[37.691018,47.812862],[37.691041,47.812862],[37.691041,47.812877]],[[37.690287,47.812864],[37.690264,47.812864],[37.690264,47.812849],[37.690287,47.812849],[37.690287,47.812864]],[[37.689528,47.812855],[37.689505,47.812855],[37.689505,47.81284],[37.689528,47.81284],[37.689528,47.812855]],[[37.688773,47.812846],[37.68875,47.812846],[37.68875,47.812831],[37.688773,47.812831],[37.688773,47.812846]],[[37.688023,47.812837],[37.688001,47.812837],[37.688001,47.812822],[37.688023,47.812822],[37.688023,47.812837]],[[37.687268,47.812828],[37.687246,47.812828],[37.687245,47.812828],[37.687245,47.812813],[37.687246,47.812813],[37.687268,47.812813],[37.687268,47.812828]],[[37.686513,47.812819],[37.686492,47.812819],[37.686492,47.812804],[37.686513,47.812804],[37.686513,47.812819]],[[37.685786,47.812826],[37.685723,47.812826],[37.685727,47.812783],[37.685786,47.812783],[37.685786,47.812826]],[[37.685098,47.812982],[37.685077,47.812982],[37.685077,47.812967],[37.685098,47.812967],[37.685098,47.812982]],[[37.684448,47.813154],[37.684425,47.813154],[37.684425,47.813139],[37.684448,47.813139],[37.684448,47.813154]],[[37.683792,47.813323],[37.683769,47.813323],[37.683769,47.813309],[37.683769,47.813308],[37.683792,47.813308],[37.683792,47.813309],[37.683792,47.813323]]]}},{"type":"Feature","properties":{"cadnum":"1421557100:07:000:0061"},"geometry":{"type":"Polygon","coordinates":[[[37.682853,47.818869],[37.682987,47.818746],[37.68302,47.818744],[37.685261,47.818574],[37.687722,47.818538],[37.688513,47.818457],[37.689765,47.818327],[37.691316,47.818191],[37.691369,47.817308],[37.691399,47.816831],[37.691398,47.816831],[37.691398,47.81683],[37.691436,47.816231],[37.688513,47.816179],[37.683028,47.81608],[37.682973,47.816946],[37.682974,47.816946],[37.682961,47.817157],[37.682853,47.818869]]]}},{"type":"Feature","properties":{"cadnum":"1421557100:07:000:0065"},"geometry":{"type":"Polygon","coordinates":[[[37.691383,47.818185],[37.691966,47.818134],[37.693048,47.817772],[37.693834,47.8176],[37.694006,47.817583],[37.694693,47.817516],[37.698151,47.817498],[37.698248,47.816831],[37.698247,47.816831],[37.698247,47.81683],[37.698348,47.816143],[37.698444,47.815486],[37.698492,47.815374],[37.698538,47.815042],[37.698542,47.815028],[37.698538,47.815012],[37.698538,47.815],[37.698534,47.814822],[37.694006,47.814732],[37.691603,47.814684],[37.691517,47.81601],[37.691458,47.816946],[37.691459,47.816946],[37.691383,47.818185]]]}},{"type":"Feature","properties":{"cadnum":"1421557100:07:000:0062"},"geometry":{"type":"Polygon","coordinates":[[[37.683028,47.81608],[37.683191,47.816083],[37.683191,47.816082],[37.688684,47.816182],[37.688685,47.816182],[37.691436,47.816231],[37.691517,47.81493],[37.688685,47.81488],[37.688684,47.81488],[37.683109,47.81478],[37.683028,47.81608]]]}},{"type":"Feature","properties":{"cadnum":"1421557100:01:002:0442"},"geometry":{"type":"Polygon","coordinates":[[[37.647275,47.831677],[37.647298,47.831698],[37.647527,47.831915],[37.647549,47.831936],[37.647832,47.831801],[37.647706,47.831699],[37.647706,47.831698],[37.647531,47.831556],[37.647474,47.831583],[37.647275,47.831677]]]}},{"type":"Feature","properties":{"cadnum":"1421557100:01:002:0491"},"geometry":{"type":"Polygon","coordinates":[[[37.644684,47.829343],[37.644728,47.82944],[37.645065,47.829424],[37.644998,47.829331],[37.644684,47.829343]]]}},{"type":"Feature","properties":{"cadnum":"1421557100:01:002:0426"},"geometry":{"type":"Polygon","coordinates":[[[37.649701,47.830474],[37.649876,47.831147],[37.650069,47.831113],[37.650019,47.830908],[37.649961,47.830622],[37.649935,47.830456],[37.649701,47.830474]]]}},{"type":"Feature","properties":{"cadnum":"1421557100:01:002:0483"},"geometry":{"type":"Polygon","coordinates":[[[37.649117,47.83146],[37.64917,47.83156],[37.649193,47.831583],[37.649225,47.831615],[37.649307,47.831698],[37.649308,47.831698],[37.64935,47.831741],[37.649575,47.831638],[37.649745,47.83156],[37.649485,47.831352],[37.649117,47.83146]]]}},{"type":"Feature","properties":{"cadnum":"1421557100:01:002:0449"},"geometry":{"type":"Polygon","coordinates":[[[37.649032,47.831189],[37.649049,47.83127],[37.649179,47.83124],[37.64918,47.83124],[37.64922,47.831315],[37.64966,47.831207],[37.649619,47.831086],[37.649032,47.831189]]]}},{"type":"Feature","properties":{"cadnum":"1421557100:01:002:0535"},"geometry":{"type":"Polygon","coordinates":[[[37.647126,47.831536],[37.647176,47.831583],[37.647275,47.831676],[37.647275,47.831677],[37.647531,47.831556],[37.647382,47.831418],[37.647126,47.831536]]]}},{"type":"Feature","properties":{"cadnum":"1421557100:01:002:0424"},"geometry":{"type":"Polygon","coordinates":[[[37.646629,47.829971],[37.646749,47.83045],[37.647002,47.830432],[37.646933,47.829955],[37.646629,47.829971]]]}},{"type":"Feature","properties":{"cadnum":"1421557100:01:002:0112"},"geometry":{"type":"Polygon","coordinates":[[[37.647478,47.831252],[37.647828,47.831502],[37.647958,47.831448],[37.648017,47.831427],[37.648093,47.831403],[37.648151,47.831382],[37.648093,47.83121],[37.647751,47.831207],[37.647562,47.831237],[37.647478,47.831252]]]}},{"type":"Feature","properties":{"cadnum":"1421557100:01:002:0490"},"geometry":{"type":"Polygon","coordinates":[[[37.644728,47.82944],[37.644891,47.829783],[37.645056,47.82991],[37.645388,47.829898],[37.645065,47.829424],[37.644728,47.82944]]]}},{"type":"Feature","properties":{"cadnum":"1421557100:01:002:0560"},"geometry":{"type":"Polygon","coordinates":[[[37.645034,47.830094],[37.645042,47.830118],[37.645298,47.830266],[37.645428,47.830154],[37.645339,47.8301],[37.645304,47.830058],[37.645092,47.830061],[37.645034,47.830094]]]}},{"type":"Feature","properties":{"cadnum":"1421557100:01:002:0420"},"geometry":{"type":"Polygon","coordinates":[[[37.647478,47.830314],[37.647486,47.83038],[37.647796,47.830356],[37.647944,47.830347],[37.647931,47.830281],[37.647478,47.830314]]]}},{"type":"Feature","properties":{"cadnum":"1421557100:01:002:0396"},"geometry":{"type":"Polygon","coordinates":[[[37.647248,47.830398],[37.647298,47.830604],[37.647302,47.830615],[37.647279,47.830619],[37.647338,47.830845],[37.647558,47.830805],[37.647486,47.83038],[37.647248,47.830398]]]}},{"type":"Feature","properties":{"cadnum":"1421557100:01:002:0508"},"geometry":{"type":"Polygon","coordinates":[[[37.64723,47.829928],[37.647302,47.830393],[37.647486,47.83038],[37.647415,47.829922],[37.647388,47.829925],[37.647388,47.829916],[37.64723,47.829928]]]}},{"type":"Feature","properties":{"cadnum":"1421557100:01:002:0618"},"geometry":{"type":"Polygon","coordinates":[[[37.649745,47.831258],[37.649862,47.831393],[37.650061,47.831579],[37.650091,47.831608],[37.650092,47.831608],[37.650232,47.831554],[37.650232,47.831553],[37.650315,47.83152],[37.650281,47.831478],[37.650202,47.831394],[37.649998,47.831176],[37.649745,47.831258]]]}},{"type":"Feature","properties":{"cadnum":"1421557100:01:002:0464"},"geometry":{"type":"Polygon","coordinates":[[[37.643812,47.828843],[37.64392,47.828966],[37.644042,47.829096],[37.644567,47.828917],[37.644706,47.82887],[37.644616,47.828776],[37.644463,47.828626],[37.643812,47.828843]]]}},{"type":"Feature","properties":{"cadnum":"1421557100:01:002:0335"},"geometry":{"type":"Polygon","coordinates":[[[37.646319,47.829374],[37.64661,47.829837],[37.647015,47.829801],[37.646893,47.829663],[37.646669,47.829346],[37.646319,47.829374]]]}},{"type":"Feature","properties":{"cadnum":"1421557100:01:002:0564"},"geometry":{"type":"Polygon","coordinates":[[[37.649979,47.828961],[37.650015,47.829162],[37.650061,47.829158],[37.650061,47.829159],[37.650154,47.82915],[37.650232,47.829143],[37.650348,47.829133],[37.650307,47.828934],[37.650232,47.82894],[37.649979,47.828961]]]}},{"type":"Feature","properties":{"cadnum":"1421557100:01:002:0094"},"geometry":{"type":"Polygon","coordinates":[[[37.646862,47.829099],[37.646929,47.829198],[37.646947,47.829225],[37.647289,47.829189],[37.648078,47.829105],[37.648079,47.829105],[37.648057,47.828957],[37.646862,47.829099]]]}},{"type":"Feature","properties":{"cadnum":"1421557100:01:002:0405"},"geometry":{"type":"Polygon","coordinates":[[[37.648569,47.829392],[37.648631,47.829726],[37.648914,47.829708],[37.648856,47.829379],[37.648569,47.829392]]]}},{"type":"Feature","properties":{"cadnum":"1421557100:01:002:0317"},"geometry":{"type":"Polygon","coordinates":[[[37.649336,47.828988],[37.649342,47.829015],[37.649642,47.828988],[37.649638,47.828961],[37.649336,47.828988]]]}},{"type":"Feature","properties":{"cadnum":"1421557100:01:002:0397"},"geometry":{"type":"Polygon","coordinates":[[[37.648694,47.82846],[37.648749,47.828767],[37.649323,47.828707],[37.649269,47.8284],[37.648694,47.82846]]]}},{"type":"Feature","properties":{"cadnum":"1421557100:01:002:0436"},"geometry":{"type":"Polygon","coordinates":[[[37.646354,47.828327],[37.646499,47.828538],[37.646556,47.828626],[37.646749,47.828912],[37.647006,47.828836],[37.646889,47.828662],[37.646637,47.828291],[37.646623,47.828288],[37.646583,47.8283],[37.646543,47.828252],[37.646354,47.828327]]]}},{"type":"Feature","properties":{"cadnum":"1421557100:01:002:0451"},"geometry":{"type":"Polygon","coordinates":[[[37.645411,47.82937],[37.645677,47.829768],[37.645685,47.829765],[37.645685,47.829766],[37.645698,47.829795],[37.645707,47.829819],[37.645717,47.829886],[37.646036,47.829877],[37.646009,47.829781],[37.645766,47.829337],[37.645411,47.82937]]]}},{"type":"Feature","properties":{"cadnum":"1421557100:01:002:0269"},"geometry":{"type":"Polygon","coordinates":[[[37.645761,47.829328],[37.646009,47.829781],[37.646036,47.829877],[37.646381,47.829862],[37.646076,47.829316],[37.645761,47.829328]]]}},{"type":"Feature","properties":{"cadnum":"1421557100:01:002:0354"},"geometry":{"type":"Polygon","coordinates":[[[37.648797,47.829057],[37.648811,47.829135],[37.649099,47.829099],[37.649086,47.829033],[37.648797,47.829057]]]}},{"type":"Feature","properties":{"cadnum":"1421557100:01:002:0336"},"geometry":{"type":"Polygon","coordinates":[[[37.646273,47.829304],[37.646319,47.829374],[37.646669,47.829346],[37.64661,47.829265],[37.646273,47.829304]]]}},{"type":"Feature","properties":{"cadnum":"1421557100:01:002:0316"},"geometry":{"type":"Polygon","coordinates":[[[37.649233,47.828402],[37.649287,47.828713],[37.649336,47.828988],[37.649638,47.828961],[37.649539,47.828375],[37.649233,47.828402]]]}},{"type":"Feature","properties":{"cadnum":"1421557100:01:002:0270"},"geometry":{"type":"Polygon","coordinates":[[[37.64573,47.829271],[37.645761,47.829328],[37.646076,47.829316],[37.646067,47.829295],[37.64573,47.829271]]]}},{"type":"Feature","properties":{"cadnum":"1421557100:01:002:0398"},"geometry":{"type":"Polygon","coordinates":[[[37.648749,47.828767],[37.648753,47.828794],[37.648797,47.829057],[37.649086,47.829033],[37.649377,47.829008],[37.649373,47.828984],[37.649323,47.828707],[37.648749,47.828767]]]}},{"type":"Feature","properties":{"cadnum":"1421557100:01:002:0608"},"geometry":{"type":"Polygon","coordinates":[[[37.645304,47.830058],[37.645339,47.8301],[37.645428,47.830154],[37.645537,47.830221],[37.645726,47.83032],[37.645784,47.83036],[37.645807,47.830344],[37.64574,47.830018],[37.645304,47.830058]]]}},{"type":"Feature","properties":{"cadnum":"1421557100:01:002:0437"},"geometry":{"type":"Polygon","coordinates":[[[37.646749,47.828912],[37.646812,47.829008],[37.646813,47.829008],[37.647069,47.82893],[37.647006,47.828836],[37.646749,47.828912]]]}},{"type":"Feature","properties":{"cadnum":"1421557100:01:002:0563"},"geometry":{"type":"Polygon","coordinates":[[[37.645801,47.830425],[37.645838,47.830456],[37.646017,47.830541],[37.64608,47.83055],[37.646126,47.830552],[37.646139,47.830523],[37.645843,47.830378],[37.645801,47.830425]]]}},{"type":"Feature","properties":{"cadnum":"1421557100:01:002:0410"},"geometry":{"type":"Polygon","coordinates":[[[37.645671,47.830878],[37.645941,47.831032],[37.64639,47.83083],[37.64604,47.830655],[37.645671,47.830878]]]}},{"type":"Feature","properties":{"cadnum":"1421557100:01:002:0493"},"geometry":{"type":"Polygon","coordinates":[[[37.647401,47.829216],[37.647631,47.829747],[37.64794,47.829744],[37.647792,47.829304],[37.647755,47.829198],[37.647401,47.829216]]]}},{"type":"Feature","properties":{"cadnum":"1421557100:01:002:0353"},"geometry":{"type":"Polygon","coordinates":[[[37.648811,47.829135],[37.648856,47.829379],[37.648914,47.829708],[37.649247,47.829669],[37.649202,47.829419],[37.649153,47.829388],[37.649099,47.829099],[37.648811,47.829135]]]}},{"type":"Feature","properties":{"cadnum":"1421557100:01:002:0364"},"geometry":{"type":"Polygon","coordinates":[[[37.647864,47.83099],[37.647922,47.831107],[37.648447,47.831038],[37.64842,47.830914],[37.647864,47.83099]]]}},{"type":"Feature","properties":{"cadnum":"1421557100:01:002:0461"},"geometry":{"type":"Polygon","coordinates":[[[37.64944,47.827428],[37.649477,47.827895],[37.649485,47.827993],[37.649487,47.828011],[37.649499,47.828158],[37.649772,47.828149],[37.649737,47.827914],[37.649732,47.827875],[37.649705,47.827687],[37.649656,47.827419],[37.64944,47.827428]]]}},{"type":"Feature","properties":{"cadnum":"1421557100:01:002:0619"},"geometry":{"type":"Polygon","coordinates":[[[37.647994,47.831315],[37.648034,47.831448],[37.64852,47.831366],[37.648484,47.831243],[37.647994,47.831315]]]}},{"type":"Feature","properties":{"cadnum":"1421557100:01:002:0419"},"geometry":{"type":"Polygon","coordinates":[[[37.647415,47.829916],[37.647478,47.830314],[37.647931,47.830281],[37.647855,47.829883],[37.647415,47.829916]]]}},{"type":"Feature","properties":{"cadnum":"1421557100:01:002:0567"},"geometry":{"type":"Polygon","coordinates":[[[37.648927,47.829826],[37.648946,47.830121],[37.64922,47.830103],[37.649206,47.829808],[37.648927,47.829826]]]}},{"type":"Feature","properties":{"cadnum":"1421557100:01:002:0310"},"geometry":{"type":"Polygon","coordinates":[[[37.648681,47.830121],[37.648721,47.83032],[37.649279,47.830278],[37.649239,47.830091],[37.64896,47.830106],[37.648681,47.830121]]]}},{"type":"Feature","properties":{"cadnum":"1421557100:01:002:0450"},"geometry":{"type":"Polygon","coordinates":[[[37.649049,47.83127],[37.649072,47.831352],[37.64922,47.831315],[37.64918,47.83124],[37.649049,47.83127]]]}},{"type":"Feature","properties":{"cadnum":"1421557100:01:002:0423"},"geometry":{"type":"Polygon","coordinates":[[[37.645298,47.830878],[37.64547,47.830999],[37.645671,47.830878],[37.64604,47.830655],[37.645824,47.830546],[37.645298,47.830878]]]}},{"type":"Feature","properties":{"cadnum":"1421557100:01:002:0604"},"geometry":{"type":"Polygon","coordinates":[[[37.64918,47.829795],[37.649239,47.830091],[37.649279,47.830278],[37.649315,47.830443],[37.649575,47.830425],[37.649463,47.829774],[37.64918,47.829795]]]}},{"type":"Feature","properties":{"cadnum":"1421557100:01:002:0475"},"geometry":{"type":"Polygon","coordinates":[[[37.645551,47.831213],[37.645788,47.831445],[37.645891,47.8314],[37.646063,47.831563],[37.646084,47.831583],[37.646115,47.831612],[37.646205,47.831698],[37.646206,47.831698],[37.646646,47.832117],[37.64666,47.832112],[37.646673,47.832123],[37.64666,47.83213],[37.646772,47.832235],[37.646885,47.83219],[37.647311,47.832009],[37.647527,47.831915],[37.647275,47.831677],[37.647028,47.831442],[37.646956,47.831484],[37.646872,47.831421],[37.646947,47.831375],[37.646925,47.831357],[37.646843,47.831384],[37.646566,47.831165],[37.646264,47.830926],[37.646233,47.830903],[37.646202,47.830914],[37.64609,47.830966],[37.646094,47.830968],[37.646076,47.831011],[37.646054,47.831004],[37.646053,47.831004],[37.646067,47.830975],[37.646,47.831008],[37.646009,47.831017],[37.64595,47.831041],[37.645941,47.831032],[37.64586,47.831068],[37.645551,47.831213]],[[37.646417,47.831882],[37.646436,47.831876],[37.646449,47.831888],[37.64643,47.831894],[37.646417,47.831882]],[[37.646188,47.831635],[37.646256,47.83162],[37.64626,47.831632],[37.646223,47.831641],[37.646197,47.831647],[37.646192,47.831641],[37.646188,47.831635]],[[37.646113,47.831255],[37.64617,47.831234],[37.646179,47.831245],[37.646179,47.831246],[37.646121,47.831267],[37.64612,47.831267],[37.646113,47.831255]]]}},{"type":"Feature","properties":{"cadnum":"1421557100:08:000:0031"},"geometry":{"type":"Polygon","coordinates":[[[37.706335,47.831508],[37.710485,47.831549],[37.710485,47.83155],[37.710943,47.831554],[37.710979,47.830058],[37.710524,47.830054],[37.706771,47.830013],[37.706335,47.831508]]]}},{"type":"Feature","properties":{"cadnum":"1421557100:04:000:0072"},"geometry":{"type":"Polygon","coordinates":[[[37.707463,47.828556],[37.707566,47.828773],[37.707467,47.828782],[37.707534,47.829711],[37.707996,47.829705],[37.70797,47.829316],[37.708325,47.829286],[37.708235,47.82871],[37.707899,47.828746],[37.707898,47.828746],[37.707853,47.828523],[37.707463,47.828556]]]}},{"type":"Feature","properties":{"cadnum":"1421557100:04:000:0105"},"geometry":{"type":"Polygon","coordinates":[[[37.71526,47.825906],[37.715323,47.826711],[37.715956,47.826714],[37.71596,47.82599],[37.71596,47.825906],[37.71526,47.825906]]]}},{"type":"Feature","properties":{"cadnum":"1421557100:04:000:0073"},"geometry":{"type":"Polygon","coordinates":[[[37.712969,47.827419],[37.71296,47.827537],[37.712979,47.827655],[37.713512,47.827673],[37.713522,47.827543],[37.713508,47.82754],[37.713262,47.827528],[37.713247,47.827528],[37.713256,47.827432],[37.712969,47.827419]]]}},{"type":"Feature","properties":{"cadnum":"1421557100:04:000:0089"},"geometry":{"type":"Polygon","coordinates":[[[37.71596,47.82599],[37.715979,47.82599],[37.715979,47.825991],[37.716147,47.825992],[37.71615,47.825992],[37.71685,47.825996],[37.716854,47.825658],[37.716146,47.825654],[37.71596,47.825653],[37.71596,47.82599]]]}},{"type":"Feature","properties":{"cadnum":"1421557100:04:000:0104"},"geometry":{"type":"Polygon","coordinates":[[[37.715242,47.825649],[37.71526,47.825906],[37.71596,47.825906],[37.71596,47.825653],[37.715242,47.825649]]]}},{"type":"Feature","properties":{"cadnum":"1421557100:04:000:0088"},"geometry":{"type":"Polygon","coordinates":[[[37.715956,47.826714],[37.715979,47.826714],[37.715979,47.826715],[37.716836,47.82672],[37.716841,47.826494],[37.71685,47.825996],[37.716147,47.825992],[37.71596,47.82599],[37.715956,47.826714]]]}},{"type":"Feature","properties":{"cadnum":"1421557100:04:000:0110"},"geometry":{"type":"Polygon","coordinates":[[[37.714021,47.826482],[37.714029,47.826593],[37.714047,47.82662],[37.714474,47.826599],[37.714455,47.826427],[37.714195,47.82644],[37.714128,47.826442],[37.714021,47.826482]]]}},{"type":"Feature","properties":{"cadnum":"1421557100:07:000:0022"},"geometry":{"type":"Polygon","coordinates":[[[37.666508,47.837885],[37.666544,47.839073],[37.666545,47.839073],[37.666621,47.841478],[37.666712,47.841528],[37.668628,47.842561],[37.66852,47.838958],[37.668519,47.838958],[37.668485,47.837789],[37.666712,47.837876],[37.666712,47.837875],[37.666508,47.837885]]]}},{"type":"Feature","properties":{"cadnum":"1421557100:06:000:0278"},"geometry":{"type":"Polygon","coordinates":[[[37.665376,47.8379],[37.665456,47.838958],[37.665455,47.838958],[37.665605,47.840933],[37.66636,47.84134],[37.66654,47.841435],[37.66654,47.841436],[37.666621,47.841478],[37.666712,47.841528],[37.667016,47.841693],[37.667613,47.842012],[37.66744,47.839053],[37.66737,47.837831],[37.667101,47.83784],[37.666764,47.837852],[37.66654,47.83786],[37.666405,47.837864],[37.666108,47.837873],[37.665676,47.837891],[37.665376,47.8379]]]}},{"type":"Feature","properties":{"cadnum":"1421557100:06:000:0296"},"geometry":{"type":"Polygon","coordinates":[[[37.663252,47.834747],[37.663288,47.835271],[37.66329,47.8353],[37.663296,47.835386],[37.663481,47.83797],[37.663485,47.838033],[37.663559,47.839073],[37.663615,47.83986],[37.664707,47.840448],[37.665605,47.840933],[37.665464,47.839073],[37.665465,47.839073],[37.665376,47.8379],[37.665676,47.837891],[37.666108,47.837873],[37.666405,47.837864],[37.666712,47.837854],[37.666712,47.837853],[37.666764,47.837852],[37.667101,47.83784],[37.66737,47.837831],[37.667435,47.838958],[37.66744,47.839053],[37.667441,47.839073],[37.667613,47.842012],[37.668148,47.842302],[37.66799,47.838958],[37.667936,47.837809],[37.668485,47.837789],[37.668408,47.835271],[37.668386,47.834496],[37.66764,47.834533],[37.66689,47.834569],[37.66654,47.834586],[37.665772,47.834623],[37.665426,47.834641],[37.664689,47.834677],[37.663971,47.834711],[37.663252,47.834747]]]}},{"type":"Feature","properties":{"cadnum":"1421557100:07:000:0020"},"geometry":{"type":"Polygon","coordinates":[[[37.67064,47.843703],[37.672205,47.844539],[37.672504,47.844698],[37.672694,47.84276],[37.673053,47.839124],[37.672205,47.839099],[37.672205,47.839098],[37.671095,47.839064],[37.670731,47.84276],[37.670732,47.84276],[37.67064,47.843703]]]}},{"type":"Feature","properties":{"cadnum":"1421557100:07:000:0021"},"geometry":{"type":"Polygon","coordinates":[[[37.668768,47.838995],[37.668893,47.842645],[37.668892,47.842645],[37.668893,47.842654],[37.668896,47.84276],[37.668897,47.84276],[37.668898,47.842769],[37.67064,47.843703],[37.670743,47.842645],[37.670742,47.842645],[37.671095,47.839064],[37.669463,47.839016],[37.668768,47.838995]]]}},{"type":"Feature","properties":{"cadnum":"1421557100:07:000:0311"},"geometry":{"type":"Polygon","coordinates":[[[37.609978,47.841325],[37.610062,47.84159],[37.610322,47.841551],[37.610242,47.841288],[37.609978,47.841325]]]}},{"type":"Feature","properties":{"cadnum":"1421557100:07:000:0310"},"geometry":{"type":"Polygon","coordinates":[[[37.609739,47.84077],[37.609793,47.841035],[37.610058,47.841015],[37.610005,47.840747],[37.609739,47.84077]]]}},{"type":"Feature","properties":{"cadnum":"1421557100:07:000:0315"},"geometry":{"type":"Polygon","coordinates":[[[37.60893,47.841497],[37.608997,47.841762],[37.609263,47.841732],[37.60919,47.841464],[37.60893,47.841497]]]}},{"type":"Feature","properties":{"cadnum":"1421557100:07:000:0295"},"geometry":{"type":"Polygon","coordinates":[[[37.609276,47.841771],[37.609335,47.841982],[37.609663,47.84194],[37.609605,47.841729],[37.609276,47.841771]]]}},{"type":"Feature","properties":{"cadnum":"1421557100:07:000:0294"},"geometry":{"type":"Polygon","coordinates":[[[37.607768,47.84228],[37.607785,47.84235],[37.608355,47.842332],[37.608307,47.842172],[37.608001,47.842211],[37.607768,47.84228]]]}},{"type":"Feature","properties":{"cadnum":"1421557100:07:000:0300"},"geometry":{"type":"Polygon","coordinates":[[[37.609196,47.841147],[37.609227,47.841279],[37.609299,47.8414],[37.609339,47.841391],[37.609286,47.841105],[37.60968,47.841053],[37.609626,47.840785],[37.609357,47.840819],[37.609223,47.840857],[37.609213,47.840948],[37.609196,47.841147]]]}},{"type":"Feature","properties":{"cadnum":"1421557100:07:000:0307"},"geometry":{"type":"Polygon","coordinates":[[[37.610005,47.840747],[37.610058,47.841015],[37.610322,47.84099],[37.610588,47.840966],[37.610534,47.840698],[37.610005,47.840747]]]}},{"type":"Feature","properties":{"cadnum":"1421557100:07:000:0299"},"geometry":{"type":"Polygon","coordinates":[[[37.609286,47.841105],[37.609339,47.841391],[37.609846,47.841304],[37.609793,47.841035],[37.60968,47.841053],[37.609286,47.841105]]]}},{"type":"Feature","properties":{"cadnum":"1421557100:07:000:0303"},"geometry":{"type":"Polygon","coordinates":[[[37.608401,47.84156],[37.608473,47.841826],[37.608737,47.841793],[37.608997,47.841762],[37.60893,47.841497],[37.608401,47.84156]]]}},{"type":"Feature","properties":{"cadnum":"1421557100:06:000:0106"},"geometry":{"type":"Polygon","coordinates":[[[37.606223,47.810509],[37.607013,47.810409],[37.611608,47.811024],[37.611609,47.811024],[37.611661,47.811031],[37.61178,47.811061],[37.61178,47.81106],[37.61362,47.811519],[37.613831,47.809869],[37.611609,47.809732],[37.611608,47.809732],[37.608957,47.809568],[37.606361,47.809408],[37.606355,47.809453],[37.606354,47.809453],[37.606223,47.810509]]]}},{"type":"Feature","properties":{"cadnum":"1421557100:06:000:0108"},"geometry":{"type":"Polygon","coordinates":[[[37.606514,47.808204],[37.611608,47.808519],[37.611609,47.808519],[37.611609,47.80852],[37.613984,47.808665],[37.614146,47.807408],[37.611609,47.807251],[37.611608,47.807251],[37.611608,47.807252],[37.606676,47.806946],[37.606514,47.808204]]]}},{"type":"Feature","properties":{"cadnum":"1421557100:06:000:0107"},"geometry":{"type":"Polygon","coordinates":[[[37.606361,47.809408],[37.607089,47.809453],[37.61178,47.809743],[37.613831,47.809869],[37.613883,47.809453],[37.613984,47.808665],[37.61178,47.80853],[37.61178,47.808529],[37.606514,47.808204],[37.606361,47.809408]]]}},{"type":"Feature","properties":{"cadnum":"1421557100:07:000:0104"},"geometry":{"type":"Polygon","coordinates":[[[37.667038,47.807531],[37.667042,47.809568],[37.667047,47.811486],[37.669261,47.811607],[37.669256,47.809453],[37.669252,47.807812],[37.668934,47.807713],[37.667038,47.807531]]]}},{"type":"Feature","properties":{"cadnum":"1421557100:07:000:0105"},"geometry":{"type":"Polygon","coordinates":[[[37.669252,47.807812],[37.669256,47.809568],[37.669261,47.811607],[37.669913,47.81164],[37.671718,47.811737],[37.671711,47.809568],[37.671709,47.808575],[37.669252,47.807812]]]}},{"type":"Feature","properties":{"cadnum":"1421557100:07:000:0106"},"geometry":{"type":"Polygon","coordinates":[[[37.671709,47.808575],[37.671711,47.809453],[37.67171,47.809453],[37.671718,47.811737],[37.672033,47.811754],[37.673282,47.811821],[37.67488,47.811909],[37.67488,47.811863],[37.674454,47.81056],[37.674527,47.809483],[37.674565,47.80894],[37.672576,47.808844],[37.672106,47.808699],[37.671709,47.808575]]]}},{"type":"Feature","properties":{"cadnum":"1421557100:07:000:0287"},"geometry":{"type":"Polygon","coordinates":[[[37.671605,47.806783],[37.671606,47.806783],[37.671997,47.806843],[37.672055,47.806669],[37.671669,47.806608],[37.671605,47.806783]]]}},{"type":"Feature","properties":{"cadnum":"1421557100:07:000:0288"},"geometry":{"type":"Polygon","coordinates":[[[37.671669,47.806608],[37.672055,47.806669],[37.672118,47.806494],[37.671728,47.806434],[37.671669,47.806608]]]}},{"type":"Feature","properties":{"cadnum":"1421557100:06:000:0105"},"geometry":{"type":"Polygon","coordinates":[[[37.622302,47.807106],[37.622595,47.807119],[37.622595,47.80712],[37.627247,47.80732],[37.627045,47.807178],[37.625459,47.805879],[37.623794,47.804511],[37.622742,47.803664],[37.622648,47.804397],[37.622504,47.805513],[37.622472,47.805763],[37.622471,47.805763],[37.622469,47.805784],[37.622457,47.805879],[37.622356,47.806678],[37.622302,47.807106]]]}},{"type":"Feature","properties":{"cadnum":"1421557100:06:000:0100"},"geometry":{"type":"Polygon","coordinates":[[[37.614662,47.803905],[37.617273,47.804066],[37.622595,47.804394],[37.622648,47.804397],[37.622742,47.803664],[37.62223,47.803254],[37.617102,47.802938],[37.614802,47.802795],[37.614662,47.803905]]]}},{"type":"Feature","properties":{"cadnum":"1421557100:07:000:0038"},"geometry":{"type":"Polygon","coordinates":[[[37.68328,47.832917],[37.688513,47.833133],[37.692326,47.83329],[37.692532,47.831713],[37.689391,47.831583],[37.689387,47.831583],[37.688513,47.831547],[37.683482,47.831339],[37.68345,47.831583],[37.683437,47.831688],[37.683435,47.831698],[37.683435,47.831699],[37.68328,47.832917]]]}},{"type":"Feature","properties":{"cadnum":"1421557100:07:000:0039"},"geometry":{"type":"Polygon","coordinates":[[[37.683482,47.831339],[37.688684,47.831554],[37.688685,47.831554],[37.692182,47.831698],[37.692183,47.831698],[37.692532,47.831713],[37.692546,47.831603],[37.692712,47.830314],[37.691643,47.830212],[37.688513,47.829969],[37.684421,47.829651],[37.683706,47.82962],[37.683706,47.829621],[37.683482,47.831339]]]}},{"type":"Feature","properties":{"cadnum":"1421557100:07:000:0036"},"geometry":{"type":"Polygon","coordinates":[[[37.683033,47.835006],[37.683191,47.834994],[37.683191,47.834993],[37.683374,47.834979],[37.688684,47.835056],[37.688685,47.835056],[37.692092,47.835105],[37.692195,47.834294],[37.688513,47.834142],[37.683163,47.83392],[37.683055,47.834912],[37.683033,47.835006]]]}},{"type":"Feature","properties":{"cadnum":"1421557100:07:000:0033"},"geometry":{"type":"Polygon","coordinates":[[[37.692586,47.837518],[37.694006,47.837623],[37.696381,47.837798],[37.696511,47.835331],[37.696328,47.835328],[37.694006,47.835294],[37.692702,47.835274],[37.692696,47.835386],[37.692697,47.835386],[37.692586,47.837518]]]}},{"type":"Feature","properties":{"cadnum":"1421557100:07:000:0037"},"geometry":{"type":"Polygon","coordinates":[[[37.683163,47.83392],[37.688684,47.834149],[37.688685,47.834149],[37.692195,47.834294],[37.692326,47.83329],[37.688685,47.833141],[37.688684,47.833141],[37.688684,47.83314],[37.68328,47.832917],[37.68323,47.833269],[37.683163,47.83392]]]}},{"type":"Feature","properties":{"cadnum":"1421557100:08:000:0010"},"geometry":{"type":"Polygon","coordinates":[[[37.705755,47.847972],[37.70691,47.848008],[37.70697,47.846447],[37.707118,47.842645],[37.707117,47.842645],[37.70713,47.842341],[37.705971,47.84232],[37.705958,47.842645],[37.705817,47.846332],[37.705755,47.847972]]]}},{"type":"Feature","properties":{"cadnum":"1421557100:08:000:0012"},"geometry":{"type":"Polygon","coordinates":[[[37.708065,47.848044],[37.709214,47.84808],[37.709277,47.846447],[37.709419,47.84276],[37.709434,47.842383],[37.709254,47.84238],[37.708285,47.842362],[37.708273,47.842645],[37.708131,47.846332],[37.70813,47.846332],[37.708065,47.848044]]]}},{"type":"Feature","properties":{"cadnum":"1421557100:08:000:0011"},"geometry":{"type":"Polygon","coordinates":[[[37.70691,47.848008],[37.708065,47.848044],[37.708126,47.846447],[37.708268,47.84276],[37.708269,47.84276],[37.708285,47.842362],[37.70713,47.842341],[37.707113,47.84276],[37.706975,47.846332],[37.706974,47.846332],[37.70691,47.848008]]]}},{"type":"Feature","properties":{"cadnum":"1421557100:07:000:0077"},"geometry":{"type":"Polygon","coordinates":[[[37.708535,47.815763],[37.708537,47.816946],[37.708545,47.820329],[37.710507,47.82036],[37.7105,47.816831],[37.710499,47.815779],[37.708535,47.815763]]]}},{"type":"Feature","properties":{"cadnum":"1421557100:07:000:0082"},"geometry":{"type":"Polygon","coordinates":[[[37.707898,47.815712],[37.708706,47.815718],[37.70883,47.813257],[37.708831,47.813257],[37.708989,47.810168],[37.708189,47.810162],[37.708026,47.813257],[37.708027,47.813257],[37.707898,47.815712]]]}},{"type":"Feature","properties":{"cadnum":"1421557100:07:000:0089"},"geometry":{"type":"Polygon","coordinates":[[[37.708706,47.815718],[37.709506,47.815727],[37.709642,47.813142],[37.709641,47.813142],[37.709797,47.810177],[37.708989,47.810168],[37.708836,47.813142],[37.708706,47.815718]]]}},{"type":"Feature","properties":{"cadnum":"1421557100:07:000:0083"},"geometry":{"type":"Polygon","coordinates":[[[37.709506,47.815727],[37.710657,47.815736],[37.711114,47.815739],[37.711244,47.813257],[37.711245,47.813257],[37.711405,47.810195],[37.710657,47.810187],[37.709797,47.810177],[37.709635,47.813257],[37.709636,47.813257],[37.709506,47.815727]]]}},{"type":"Feature","properties":{"cadnum":"1421557100:07:000:0076"},"geometry":{"type":"Polygon","coordinates":[[[37.710499,47.815779],[37.7105,47.816946],[37.710507,47.82036],[37.710657,47.820362],[37.712447,47.820389],[37.712441,47.816831],[37.712439,47.815797],[37.710499,47.815779]]]}},{"type":"Feature","properties":{"cadnum":"1421557100:07:000:0081"},"geometry":{"type":"Polygon","coordinates":[[[37.70629,47.815699],[37.707898,47.815712],[37.708033,47.813142],[37.708032,47.813142],[37.708189,47.810162],[37.706582,47.810144],[37.706424,47.813142],[37.706423,47.813142],[37.70629,47.815699]]]}},{"type":"Feature","properties":{"cadnum":"1421557100:07:000:0078"},"geometry":{"type":"Polygon","coordinates":[[[37.70656,47.815745],[37.706561,47.816946],[37.706562,47.816946],[37.706568,47.820297],[37.708086,47.82032],[37.708545,47.820329],[37.708537,47.816831],[37.708535,47.815763],[37.70656,47.815745]]]}},{"type":"Feature","properties":{"cadnum":"1421557100:06:000:0142"},"geometry":{"type":"Polygon","coordinates":[[[37.643682,47.814065],[37.644739,47.814888],[37.644787,47.814925],[37.644885,47.815055],[37.650061,47.814363],[37.651447,47.814177],[37.651367,47.813546],[37.651316,47.813142],[37.651315,47.813142],[37.651304,47.813045],[37.650061,47.813211],[37.650061,47.813212],[37.644567,47.813947],[37.643682,47.814065]]]}},{"type":"Feature","properties":{"cadnum":"1421557100:06:000:0181"},"geometry":{"type":"Polygon","coordinates":[[[37.644885,47.815055],[37.645304,47.815625],[37.650232,47.814983],[37.651533,47.814813],[37.651447,47.814177],[37.650232,47.81434],[37.644885,47.815055]]]}},{"type":"Feature","properties":{"cadnum":"1421557100:06:000:0143"},"geometry":{"type":"Polygon","coordinates":[[[37.642486,47.813135],[37.642495,47.813142],[37.642494,47.813142],[37.643684,47.814066],[37.644567,47.813947],[37.644567,47.813948],[37.650061,47.813212],[37.650505,47.813152],[37.651304,47.813045],[37.651211,47.812321],[37.651187,47.812139],[37.651166,47.811971],[37.650232,47.812096],[37.644739,47.812833],[37.642486,47.813135]]]}},{"type":"Feature","properties":{"cadnum":"1421557100:06:000:0140"},"geometry":{"type":"Polygon","coordinates":[[[37.645761,47.816249],[37.645843,47.816354],[37.646053,47.816831],[37.646056,47.816836],[37.646104,47.816946],[37.646105,47.816946],[37.646436,47.817691],[37.647562,47.817539],[37.648407,47.817425],[37.648771,47.817377],[37.648694,47.817317],[37.648667,47.817295],[37.648686,47.817123],[37.648856,47.816997],[37.649004,47.816988],[37.649086,47.816982],[37.649315,47.817078],[37.649386,47.817202],[37.649369,47.817295],[37.650061,47.817203],[37.651807,47.816969],[37.651789,47.816839],[37.651614,47.815462],[37.650285,47.815643],[37.650214,47.815652],[37.649902,47.815694],[37.645761,47.816249]],[[37.649795,47.815978],[37.649755,47.815978],[37.649755,47.81595],[37.649795,47.81595],[37.649795,47.815978]],[[37.648097,47.81744],[37.648057,47.81744],[37.648057,47.817413],[37.648097,47.817413],[37.648097,47.81744]],[[37.647078,47.816924],[37.647114,47.816946],[37.647115,47.816946],[37.647258,47.81703],[37.647342,47.817175],[37.647199,47.817353],[37.646822,47.817377],[37.646615,47.817193],[37.646673,47.817015],[37.647075,47.816925],[37.647078,47.816924]]]}},{"type":"Feature","properties":{"cadnum":"1421557100:06:000:0141"},"geometry":{"type":"Polygon","coordinates":[[[37.645304,47.815625],[37.645761,47.816249],[37.649912,47.81569],[37.650061,47.815671],[37.650061,47.815672],[37.650125,47.815663],[37.650232,47.815649],[37.650232,47.815648],[37.650275,47.815643],[37.651614,47.815462],[37.651533,47.814813],[37.651116,47.814867],[37.650738,47.814916],[37.650171,47.814991],[37.645304,47.815625]],[[37.650694,47.815115],[37.650694,47.815142],[37.650654,47.815142],[37.650653,47.815142],[37.650653,47.815115],[37.650654,47.815115],[37.650694,47.815115]]]}},{"type":"Feature","properties":{"cadnum":"1421557100:06:000:0009"},"geometry":{"type":"Polygon","coordinates":[[[37.604299,47.829153],[37.606287,47.829309],[37.610184,47.829614],[37.610385,47.828239],[37.607471,47.828011],[37.606239,47.827914],[37.606004,47.827895],[37.606001,47.827895],[37.604353,47.827766],[37.604353,47.82779],[37.604408,47.82779],[37.604408,47.827835],[37.604349,47.827835],[37.604347,47.827895],[37.604346,47.827895],[37.604344,47.827979],[37.604342,47.828011],[37.604343,47.828011],[37.604326,47.828493],[37.604345,47.828493],[37.604345,47.828508],[37.604326,47.828508],[37.604305,47.829078],[37.604313,47.829078],[37.604313,47.829093],[37.604305,47.829093],[37.604299,47.829153]],[[37.609605,47.828212],[37.609582,47.828212],[37.609582,47.828197],[37.609605,47.828197],[37.609605,47.828212]],[[37.608733,47.828149],[37.60871,47.828149],[37.60871,47.828134],[37.608733,47.828134],[37.608733,47.828149]],[[37.607861,47.828083],[37.607839,47.828083],[37.607844,47.828067],[37.607865,47.828067],[37.607865,47.828068],[37.607861,47.828083]],[[37.606972,47.828002],[37.606995,47.828002],[37.606995,47.828016],[37.606972,47.828016],[37.606972,47.828002]],[[37.606123,47.82795],[37.606101,47.82795],[37.606101,47.827935],[37.606123,47.827935],[37.606123,47.82795]],[[37.605257,47.827886],[37.605234,47.827886],[37.605234,47.827872],[37.605257,47.827872],[37.605257,47.827886]]]}},{"type":"Feature","properties":{"cadnum":"1421557100:06:000:0007"},"geometry":{"type":"Polygon","coordinates":[[[37.603787,47.83194],[37.604269,47.831976],[37.606115,47.832122],[37.609775,47.83241],[37.609896,47.831583],[37.609982,47.830999],[37.606287,47.830708],[37.604349,47.830555],[37.603932,47.830523],[37.603811,47.831698],[37.603812,47.831698],[37.603812,47.831699],[37.603787,47.83194]],[[37.60421,47.830845],[37.604187,47.830845],[37.604187,47.83083],[37.60421,47.83083],[37.60421,47.830845]],[[37.604173,47.83143],[37.604152,47.83143],[37.604152,47.831415],[37.604173,47.831415],[37.604173,47.83143]]]}},{"type":"Feature","properties":{"cadnum":"1421557100:06:000:0008"},"geometry":{"type":"Polygon","coordinates":[[[37.603932,47.830523],[37.606115,47.830695],[37.609982,47.830999],[37.610184,47.829614],[37.606115,47.829295],[37.606115,47.829296],[37.604299,47.829153],[37.604295,47.829343],[37.603936,47.830495],[37.603932,47.830523]],[[37.604277,47.82966],[37.604277,47.829674],[37.604277,47.829675],[37.604255,47.829675],[37.604255,47.829674],[37.604255,47.82966],[37.604277,47.82966]],[[37.604246,47.830244],[37.604246,47.830245],[37.604242,47.83026],[37.604219,47.83026],[37.604223,47.830245],[37.604223,47.830244],[37.604246,47.830244]]]}},{"type":"Feature","properties":{"cadnum":"1421557100:08:000:0034"},"geometry":{"type":"Polygon","coordinates":[[[37.713818,47.846103],[37.715979,47.846106],[37.715979,47.846107],[37.720636,47.846112],[37.720659,47.845126],[37.71615,47.8451],[37.713822,47.845087],[37.713818,47.846103]]]}},{"type":"Feature","properties":{"cadnum":"1421557100:08:000:0015"},"geometry":{"type":"Polygon","coordinates":[[[37.711505,47.848152],[37.713445,47.848213],[37.713472,47.847824],[37.713558,47.847122],[37.713561,47.846332],[37.71356,47.846332],[37.713566,47.844883],[37.711631,47.844849],[37.711574,47.846332],[37.711573,47.846332],[37.711505,47.848152]]]}},{"type":"Feature","properties":{"cadnum":"1421557100:07:000:0085"},"geometry":{"type":"Polygon","coordinates":[[[37.712726,47.815751],[37.714352,47.815766],[37.714489,47.813142],[37.714488,47.813142],[37.71464,47.810259],[37.713019,47.810246],[37.712858,47.813257],[37.712726,47.815751]]]}},{"type":"Feature","properties":{"cadnum":"1421557100:07:000:0084"},"geometry":{"type":"Polygon","coordinates":[[[37.711114,47.815739],[37.712726,47.815751],[37.712865,47.813142],[37.712864,47.813142],[37.713019,47.810246],[37.712924,47.810243],[37.71252,47.810207],[37.711405,47.810195],[37.711251,47.813142],[37.71125,47.813142],[37.711114,47.815739]]]}},{"type":"Feature","properties":{"cadnum":"1421557100:01:003:0276"},"geometry":{"type":"Polygon","coordinates":[[[37.667146,47.825794],[37.667227,47.826171],[37.667284,47.826404],[37.667582,47.826373],[37.667416,47.825764],[37.667146,47.825794]]]}},{"type":"Feature","properties":{"cadnum":"1421557100:01:003:0136"},"geometry":{"type":"Polygon","coordinates":[[[37.666913,47.827425],[37.666997,47.827899],[37.667334,47.827866],[37.667213,47.827395],[37.666913,47.827425]]]}},{"type":"Feature","properties":{"cadnum":"1421557100:01:003:0097"},"geometry":{"type":"Polygon","coordinates":[[[37.671525,47.82766],[37.671594,47.827895],[37.671593,47.827895],[37.671691,47.828221],[37.672001,47.828185],[37.671948,47.828002],[37.67184,47.827624],[37.671525,47.82766]]]}},{"type":"Feature","properties":{"cadnum":"1421557100:01:003:0150"},"geometry":{"type":"Polygon","coordinates":[[[37.668355,47.827145],[37.668368,47.827205],[37.668686,47.827172],[37.668673,47.827109],[37.668672,47.827109],[37.668355,47.827145]]]}},{"type":"Feature","properties":{"cadnum":"1421557100:01:003:0243"},"geometry":{"type":"Polygon","coordinates":[[[37.671579,47.827624],[37.671611,47.827812],[37.671638,47.827941],[37.672033,47.827901],[37.672033,47.827902],[37.672204,47.827884],[37.672131,47.827588],[37.672123,47.82757],[37.671579,47.827624]]]}},{"type":"Feature","properties":{"cadnum":"1421557100:01:003:0117"},"geometry":{"type":"Polygon","coordinates":[[[37.669638,47.826578],[37.66968,47.826819],[37.670173,47.826771],[37.670626,47.826726],[37.670573,47.826512],[37.669638,47.826578]]]}},{"type":"Feature","properties":{"cadnum":"1421557100:01:003:0159"},"geometry":{"type":"Polygon","coordinates":[[[37.67206,47.825465],[37.672108,47.825734],[37.672205,47.825726],[37.672594,47.825695],[37.67255,47.825429],[37.67206,47.825465]]]}},{"type":"Feature","properties":{"cadnum":"1421557100:01:003:0109"},"geometry":{"type":"Polygon","coordinates":[[[37.672095,47.827595],[37.672177,47.827881],[37.672205,47.827878],[37.672779,47.827814],[37.672707,47.827524],[37.672095,47.827595]]]}},{"type":"Feature","properties":{"cadnum":"1421557100:01:003:0253"},"geometry":{"type":"Polygon","coordinates":[[[37.669544,47.825459],[37.669558,47.82558],[37.669859,47.825559],[37.669841,47.825438],[37.669544,47.825459]]]}},{"type":"Feature","properties":{"cadnum":"1421557100:01:003:0151"},"geometry":{"type":"Polygon","coordinates":[[[37.668368,47.827205],[37.668458,47.827754],[37.668785,47.827718],[37.668686,47.827172],[37.668368,47.827205]]]}},{"type":"Feature","properties":{"cadnum":"1421557100:01:003:0320"},"geometry":{"type":"Polygon","coordinates":[[[37.668471,47.825698],[37.668583,47.826255],[37.668925,47.826228],[37.668762,47.825676],[37.668471,47.825698]]]}},{"type":"Feature","properties":{"cadnum":"1421557100:01:003:0053"},"geometry":{"type":"Polygon","coordinates":[[[37.66936,47.827063],[37.669378,47.827142],[37.669728,47.827106],[37.669666,47.826822],[37.669374,47.826846],[37.669374,47.826847],[37.669418,47.827061],[37.66936,47.827063]]]}},{"type":"Feature","properties":{"cadnum":"1421557100:01:003:0074"},"geometry":{"type":"Polygon","coordinates":[[[37.669666,47.826822],[37.669711,47.82703],[37.669751,47.827202],[37.670259,47.827157],[37.670173,47.826771],[37.669666,47.826822]]]}},{"type":"Feature","properties":{"cadnum":"1421557100:01:003:0252"},"geometry":{"type":"Polygon","coordinates":[[[37.669558,47.82558],[37.669621,47.826135],[37.669607,47.826138],[37.669617,47.826168],[37.669936,47.826144],[37.669859,47.825559],[37.669558,47.82558]]]}},{"type":"Feature","properties":{"cadnum":"1421557100:01:003:0124"},"geometry":{"type":"Polygon","coordinates":[[[37.672041,47.82615],[37.672091,47.826449],[37.672205,47.82644],[37.672391,47.826427],[37.672351,47.826162],[37.672347,47.826125],[37.672041,47.82615]]]}},{"type":"Feature","properties":{"cadnum":"1421557100:01:003:0256"},"geometry":{"type":"Polygon","coordinates":[[[37.666615,47.824681],[37.666712,47.825027],[37.66672,47.825056],[37.66782,47.824889],[37.668242,47.824859],[37.668116,47.824452],[37.667789,47.824467],[37.666625,47.824645],[37.666615,47.824681]]]}},{"type":"Feature","properties":{"cadnum":"1421557100:01:003:0073"},"geometry":{"type":"Polygon","coordinates":[[[37.670173,47.826771],[37.670259,47.827157],[37.67068,47.827121],[37.670712,47.827118],[37.670626,47.826726],[37.670173,47.826771]]]}},{"type":"Feature","properties":{"cadnum":"1421557100:01:003:0127"},"geometry":{"type":"Polygon","coordinates":[[[37.670196,47.827163],[37.670276,47.827531],[37.670757,47.827483],[37.67068,47.827121],[37.670259,47.827157],[37.670196,47.827163]]]}},{"type":"Feature","properties":{"cadnum":"1421557100:01:003:0294"},"geometry":{"type":"Polygon","coordinates":[[[37.670303,47.825565],[37.67046,47.826065],[37.670798,47.826026],[37.670663,47.825523],[37.670303,47.825565]]]}},{"type":"Feature","properties":{"cadnum":"1421557100:01:003:0295"},"geometry":{"type":"Polygon","coordinates":[[[37.670254,47.825399],[37.670303,47.825565],[37.670663,47.825523],[37.670609,47.825333],[37.670254,47.825399]]]}},{"type":"Feature","properties":{"cadnum":"1421557100:01:003:0199"},"geometry":{"type":"Polygon","coordinates":[[[37.666041,47.827368],[37.666095,47.827555],[37.66654,47.827518],[37.666575,47.827515],[37.666712,47.827504],[37.666712,47.827503],[37.666737,47.827501],[37.66667,47.827293],[37.666288,47.827338],[37.666041,47.827368]]]}},{"type":"Feature","properties":{"cadnum":"1421557100:01:003:0052"},"geometry":{"type":"Polygon","coordinates":[[[37.669378,47.827142],[37.669414,47.827296],[37.669491,47.827645],[37.669841,47.827613],[37.669751,47.827202],[37.669728,47.827106],[37.669378,47.827142]]]}},{"type":"Feature","properties":{"cadnum":"1421557100:01:003:0143"},"geometry":{"type":"Polygon","coordinates":[[[37.669351,47.827877],[37.669356,47.827895],[37.669355,47.827895],[37.66936,47.827911],[37.669361,47.827911],[37.669381,47.828011],[37.669382,47.828011],[37.669473,47.828445],[37.669796,47.828433],[37.669693,47.828009],[37.669657,47.827857],[37.669351,47.827877]]]}},{"type":"Feature","properties":{"cadnum":"1421557100:01:003:0128"},"geometry":{"type":"Polygon","coordinates":[[[37.669751,47.827202],[37.669831,47.827576],[37.670276,47.827531],[37.670196,47.827163],[37.669751,47.827202]]]}},{"type":"Feature","properties":{"cadnum":"1421557100:01:003:0096"},"geometry":{"type":"Polygon","coordinates":[[[37.670236,47.827709],[37.67027,47.827895],[37.670277,47.827933],[37.670291,47.828011],[37.670292,47.828011],[37.670294,47.82802],[37.670869,47.827965],[37.670873,47.827965],[37.670873,47.827964],[37.670802,47.827658],[37.670236,47.827709]]]}},{"type":"Feature","properties":{"cadnum":"1421557100:06:000:0043"},"geometry":{"type":"Polygon","coordinates":[[[37.604498,47.826364],[37.606287,47.826493],[37.606287,47.826492],[37.611608,47.826874],[37.611609,47.826874],[37.611733,47.826883],[37.61178,47.826494],[37.611869,47.825761],[37.61178,47.825755],[37.61178,47.825754],[37.606115,47.825351],[37.604636,47.825246],[37.604498,47.826364]]]}},{"type":"Feature","properties":{"cadnum":"1421557100:06:000:0042"},"geometry":{"type":"Polygon","coordinates":[[[37.604363,47.827486],[37.606287,47.827624],[37.611599,47.828004],[37.611608,47.827926],[37.611609,47.827926],[37.611733,47.826883],[37.606115,47.82648],[37.604498,47.826364],[37.604363,47.827486]]]}},{"type":"Feature","properties":{"cadnum":"1421557100:06:000:0116"},"geometry":{"type":"Polygon","coordinates":[[[37.607758,47.798523],[37.609492,47.798634],[37.609532,47.798384],[37.610131,47.794694],[37.610314,47.793562],[37.608773,47.792313],[37.608383,47.794694],[37.60778,47.798384],[37.607778,47.798393],[37.607761,47.798499],[37.607762,47.798499],[37.607758,47.798523]]]}},{"type":"Feature","properties":{"cadnum":"1421557100:06:000:0068"},"geometry":{"type":"Polygon","coordinates":[[[37.623178,47.824207],[37.623178,47.824214],[37.62826,47.824559],[37.62826,47.824558],[37.629767,47.82466],[37.629811,47.824283],[37.62988,47.823698],[37.628123,47.822941],[37.625159,47.823116],[37.623218,47.823867],[37.623179,47.824207],[37.623178,47.824207]]]}},{"type":"Feature","properties":{"cadnum":"1421557100:06:000:0154"},"geometry":{"type":"Polygon","coordinates":[[[37.638535,47.80068],[37.639101,47.802189],[37.640021,47.804638],[37.640035,47.804636],[37.640035,47.804627],[37.640061,47.804627],[37.640061,47.804629],[37.643947,47.8038],[37.64123,47.802964],[37.641229,47.802964],[37.64136,47.802319],[37.642089,47.802157],[37.644216,47.801685],[37.644311,47.801015],[37.640834,47.800813],[37.639177,47.800718],[37.638535,47.80068]],[[37.640314,47.801986],[37.640313,47.801986],[37.640287,47.801986],[37.640287,47.801969],[37.640287,47.801968],[37.640313,47.801971],[37.640314,47.801971],[37.640314,47.801986]]]}},{"type":"Feature","properties":{"cadnum":"1421557100:06:000:0155"},"geometry":{"type":"Polygon","coordinates":[[[37.635646,47.800502],[37.636237,47.802074],[37.637411,47.805193],[37.639074,47.80484],[37.640021,47.804638],[37.639246,47.802574],[37.639058,47.802074],[37.638535,47.80068],[37.636603,47.800568],[37.635646,47.800502]]]}},{"type":"Feature","properties":{"cadnum":"1421557100:06:000:0153"},"geometry":{"type":"Polygon","coordinates":[[[37.640501,47.804536],[37.643641,47.805763],[37.644739,47.806193],[37.648618,47.807709],[37.648623,47.807709],[37.648595,47.805879],[37.648596,47.805879],[37.648587,47.805227],[37.644567,47.803991],[37.643947,47.8038],[37.640501,47.804536]]]}},{"type":"Feature","properties":{"cadnum":"1421557100:06:000:0152"},"geometry":{"type":"Polygon","coordinates":[[[37.63835,47.804994],[37.639074,47.805277],[37.639074,47.805278],[37.639801,47.805562],[37.640031,47.805652],[37.640316,47.805763],[37.640436,47.80581],[37.640611,47.805879],[37.644739,47.807491],[37.644739,47.80749],[37.648636,47.809012],[37.648623,47.807709],[37.644567,47.806125],[37.643938,47.805879],[37.643939,47.805879],[37.640501,47.804536],[37.640187,47.804602],[37.640061,47.804629],[37.640061,47.804645],[37.640035,47.804645],[37.640035,47.804636],[37.639908,47.804663],[37.639074,47.80484],[37.63835,47.804994]]]}},{"type":"Feature","properties":{"cadnum":"1421557100:07:000:0161"},"geometry":{"type":"Polygon","coordinates":[[[37.693588,47.852749],[37.694006,47.852778],[37.698277,47.853063],[37.698098,47.852894],[37.698182,47.852529],[37.694006,47.852248],[37.69362,47.852222],[37.693588,47.852749]]]}},{"type":"Feature","properties":{"cadnum":"1421557100:07:000:0160"},"geometry":{"type":"Polygon","coordinates":[[[37.69362,47.852222],[37.694178,47.85226],[37.698182,47.852529],[37.698299,47.852014],[37.694006,47.851728],[37.693647,47.851704],[37.69362,47.852222]]]}},{"type":"Feature","properties":{"cadnum":"1421557100:07:000:0152"},"geometry":{"type":"Polygon","coordinates":[[[37.693677,47.851191],[37.694006,47.851213],[37.694041,47.851216],[37.694178,47.851225],[37.698417,47.85151],[37.698465,47.851293],[37.698631,47.851284],[37.698645,47.851031],[37.694038,47.850723],[37.693704,47.8507],[37.693677,47.851191]]]}},{"type":"Feature","properties":{"cadnum":"1421557100:07:000:0164"},"geometry":{"type":"Polygon","coordinates":[[[37.688068,47.852092],[37.688513,47.852123],[37.68857,47.852127],[37.688684,47.852135],[37.688685,47.852135],[37.693565,47.852463],[37.693588,47.852023],[37.688587,47.851687],[37.688175,47.851659],[37.688121,47.851872],[37.688068,47.852092]]]}},{"type":"Feature","properties":{"cadnum":"1421557100:07:000:0151"},"geometry":{"type":"Polygon","coordinates":[[[37.693647,47.851704],[37.694178,47.85174],[37.694178,47.851739],[37.698299,47.852014],[37.698417,47.85151],[37.694041,47.851216],[37.693677,47.851191],[37.693647,47.851704]]]}},{"type":"Feature","properties":{"cadnum":"1421557100:07:000:0165"},"geometry":{"type":"Polygon","coordinates":[[[37.68796,47.85252],[37.688513,47.852558],[37.688537,47.852559],[37.688684,47.852569],[37.688685,47.852569],[37.693538,47.852894],[37.693565,47.852463],[37.68857,47.852127],[37.688068,47.852092],[37.68796,47.85252]]]}},{"type":"Feature","properties":{"cadnum":"1421557100:07:000:0163"},"geometry":{"type":"Polygon","coordinates":[[[37.688175,47.851659],[37.688513,47.851682],[37.688587,47.851687],[37.688684,47.851694],[37.688685,47.851694],[37.693588,47.852023],[37.693614,47.851577],[37.688685,47.851246],[37.688684,47.851246],[37.688283,47.851219],[37.688175,47.851659]]]}},{"type":"Feature","properties":{"cadnum":"1421557100:07:000:0144"},"geometry":{"type":"Polygon","coordinates":[[[37.693557,47.853262],[37.694178,47.853304],[37.698142,47.853572],[37.698142,47.853563],[37.698299,47.853081],[37.698277,47.853063],[37.694178,47.85279],[37.694178,47.852789],[37.693588,47.852749],[37.693557,47.853262]]]}},{"type":"Feature","properties":{"cadnum":"1421557100:07:000:0162"},"geometry":{"type":"Polygon","coordinates":[[[37.688283,47.851219],[37.688513,47.851234],[37.688513,47.851235],[37.693614,47.851577],[37.693641,47.851125],[37.688573,47.850784],[37.688396,47.850772],[37.688283,47.851219]]]}},{"type":"Feature","properties":{"cadnum":"1421557100:07:000:0147"},"geometry":{"type":"Polygon","coordinates":[[[37.688867,47.853476],[37.689295,47.853704],[37.689374,47.853746],[37.689511,47.853819],[37.690178,47.854175],[37.693453,47.854395],[37.69349,47.853786],[37.693462,47.853784],[37.688867,47.853476]]]}},{"type":"Feature","properties":{"cadnum":"1421557100:07:000:0155"},"geometry":{"type":"Polygon","coordinates":[[[37.688396,47.850772],[37.688513,47.85078],[37.688573,47.850784],[37.688684,47.850792],[37.688685,47.850792],[37.693641,47.851125],[37.693668,47.850663],[37.688638,47.850326],[37.688507,47.850317],[37.688494,47.850386],[37.688396,47.850772]]]}},{"type":"Feature","properties":{"cadnum":"1421557100:07:000:0146"},"geometry":{"type":"Polygon","coordinates":[[[37.687857,47.852937],[37.687861,47.852939],[37.688684,47.852995],[37.688685,47.852995],[37.693516,47.853322],[37.693538,47.852894],[37.688537,47.852559],[37.68796,47.85252],[37.687857,47.852937]]]}},{"type":"Feature","properties":{"cadnum":"1421557100:07:000:0150"},"geometry":{"type":"Polygon","coordinates":[[[37.693704,47.8507],[37.694006,47.850721],[37.694038,47.850723],[37.694178,47.850733],[37.694178,47.850732],[37.698645,47.851031],[37.698668,47.850546],[37.694053,47.850236],[37.693731,47.850214],[37.693704,47.8507]]]}},{"type":"Feature","properties":{"cadnum":"1421557100:07:000:0148"},"geometry":{"type":"Polygon","coordinates":[[[37.687861,47.852939],[37.688513,47.853287],[37.688513,47.853288],[37.688867,47.853476],[37.692269,47.853704],[37.693462,47.853784],[37.69349,47.853786],[37.693516,47.853322],[37.688513,47.852983],[37.687861,47.852939]]]}},{"type":"Feature","properties":{"cadnum":"1421557100:07:000:0056"},"geometry":{"type":"Polygon","coordinates":[[[37.691247,47.820378],[37.694178,47.82036],[37.698039,47.820335],[37.698165,47.818026],[37.694178,47.818269],[37.691922,47.818406],[37.691356,47.81846],[37.691247,47.820378]]]}},{"type":"Feature","properties":{"cadnum":"1421557100:01:002:0537"},"geometry":{"type":"Polygon","coordinates":[[[37.649583,47.834146],[37.649656,47.834207],[37.649755,47.834291],[37.649772,47.834282],[37.649809,47.834312],[37.649866,47.83428],[37.649656,47.834108],[37.649583,47.834146]]]}},{"type":"Feature","properties":{"cadnum":"1421557100:01:002:0467"},"geometry":{"type":"Polygon","coordinates":[[[37.649252,47.83409],[37.649323,47.834153],[37.649399,47.834113],[37.649328,47.83405],[37.649252,47.83409]]]}},{"type":"Feature","properties":{"cadnum":"1421557100:01:002:0102"},"geometry":{"type":"Polygon","coordinates":[[[37.649732,47.834171],[37.649755,47.834195],[37.649732,47.834204],[37.649776,47.834249],[37.649799,47.83424],[37.649818,47.834262],[37.649872,47.83424],[37.649786,47.83415],[37.649732,47.834171]]]}},{"type":"Feature","properties":{"cadnum":"1421557100:01:002:0007"},"geometry":{"type":"Polygon","coordinates":[[[37.646772,47.832235],[37.646939,47.832389],[37.647279,47.832449],[37.647482,47.832347],[37.647356,47.83222],[37.647468,47.832168],[37.647311,47.832009],[37.646772,47.832235]]]}},{"type":"Feature","properties":{"cadnum":"1421557100:01:002:0374"},"geometry":{"type":"Polygon","coordinates":[[[37.648717,47.83314],[37.648807,47.833293],[37.64883,47.833314],[37.649355,47.833046],[37.649197,47.832922],[37.648717,47.83314]]]}},{"type":"Feature","properties":{"cadnum":"1421557100:01:002:0438"},"geometry":{"type":"Polygon","coordinates":[[[37.64869,47.833028],[37.648703,47.833058],[37.64873,47.833133],[37.649197,47.832922],[37.649049,47.832799],[37.648703,47.832973],[37.648694,47.833001],[37.64869,47.833028]]]}},{"type":"Feature","properties":{"cadnum":"1421557100:01:001:0066"},"geometry":{"type":"Polygon","coordinates":[[[37.643264,47.833169],[37.643264,47.833227],[37.643296,47.833275],[37.643704,47.833679],[37.643763,47.833721],[37.643839,47.833742],[37.643916,47.833728],[37.644019,47.833818],[37.644153,47.833755],[37.644073,47.833676],[37.644436,47.833558],[37.644512,47.833543],[37.644513,47.833543],[37.644567,47.833566],[37.644567,47.833567],[37.64458,47.833571],[37.644739,47.833589],[37.644739,47.833588],[37.644746,47.833589],[37.644805,47.833547],[37.644765,47.833498],[37.644639,47.833438],[37.644459,47.833272],[37.643656,47.832579],[37.643587,47.832519],[37.643476,47.832422],[37.643273,47.832528],[37.643453,47.832691],[37.643264,47.833169]]]}},{"type":"Feature","properties":{"cadnum":"1421557100:01:002:0283"},"geometry":{"type":"Polygon","coordinates":[[[37.649791,47.834092],[37.649879,47.83415],[37.649872,47.834155],[37.649939,47.834225],[37.650011,47.834273],[37.650061,47.83424],[37.650089,47.834221],[37.650232,47.834125],[37.650348,47.834047],[37.65046,47.834126],[37.650545,47.834068],[37.650271,47.833884],[37.650218,47.833923],[37.650105,47.833996],[37.650136,47.834017],[37.650082,47.834053],[37.650074,47.834062],[37.650101,47.83408],[37.650101,47.834081],[37.650059,47.834108],[37.650042,47.834095],[37.650015,47.834113],[37.649885,47.834026],[37.649791,47.834092]]]}},{"type":"Feature","properties":{"cadnum":"1421557100:01:002:0146"},"geometry":{"type":"Polygon","coordinates":[[[37.648361,47.833538],[37.648569,47.833719],[37.649032,47.833492],[37.64882,47.833308],[37.648797,47.833287],[37.648361,47.833538]]]}},{"type":"Feature","properties":{"cadnum":"1421557100:01:002:0119"},"geometry":{"type":"Polygon","coordinates":[[[37.649539,47.834289],[37.649552,47.834298],[37.649625,47.834358],[37.649656,47.83434],[37.649673,47.834354],[37.649705,47.83434],[37.64975,47.834309],[37.649673,47.834267],[37.649633,47.834234],[37.649597,47.834252],[37.649539,47.834289]]]}},{"type":"Feature","properties":{"cadnum":"1421557100:01:002:0144"},"geometry":{"type":"Polygon","coordinates":[[[37.649522,47.833815],[37.64953,47.833824],[37.649705,47.833978],[37.650061,47.833792],[37.650195,47.833721],[37.650011,47.833562],[37.649522,47.833815]]]}},{"type":"Feature","properties":{"cadnum":"1421557100:01:002:0286"},"geometry":{"type":"Polygon","coordinates":[[[37.648564,47.833721],[37.648623,47.833757],[37.648631,47.833752],[37.64869,47.833721],[37.648749,47.833773],[37.648838,47.833724],[37.648856,47.833737],[37.648973,47.83367],[37.649216,47.833556],[37.649107,47.833456],[37.649023,47.833498],[37.648564,47.833721]]]}},{"type":"Feature","properties":{"cadnum":"1421557100:01:002:0008"},"geometry":{"type":"Polygon","coordinates":[[[37.647279,47.832449],[37.647415,47.832473],[37.647545,47.83241],[37.647482,47.832347],[37.647279,47.832449]]]}},{"type":"Feature","properties":{"cadnum":"1421557100:01:002:0532"},"geometry":{"type":"Polygon","coordinates":[[[37.648964,47.83405],[37.64908,47.834153],[37.649189,47.834189],[37.6493,47.834135],[37.649252,47.83409],[37.649296,47.834068],[37.649319,47.834041],[37.649233,47.833972],[37.649193,47.833942],[37.648964,47.83405]]]}},{"type":"Feature","properties":{"cadnum":"1421557100:01:002:0001"},"geometry":{"type":"Polygon","coordinates":[[[37.649256,47.834258],[37.649336,47.834294],[37.649432,47.83421],[37.649355,47.834173],[37.649256,47.834258]]]}},{"type":"Feature","properties":{"cadnum":"1421557100:01:002:0589"},"geometry":{"type":"Polygon","coordinates":[[[37.649611,47.832014],[37.649776,47.83215],[37.650061,47.832018],[37.650115,47.831993],[37.650232,47.831938],[37.650505,47.83181],[37.650378,47.831659],[37.650061,47.831806],[37.650061,47.831807],[37.649611,47.832014]]]}},{"type":"Feature","properties":{"cadnum":"1421557100:01:002:0276"},"geometry":{"type":"Polygon","coordinates":[[[37.647868,47.833522],[37.647948,47.833592],[37.647989,47.833574],[37.648061,47.833619],[37.647967,47.83367],[37.649202,47.834689],[37.649399,47.834584],[37.64939,47.834575],[37.649395,47.834457],[37.649359,47.834349],[37.649319,47.834334],[37.649247,47.834307],[37.649076,47.834228],[37.648879,47.834053],[37.648124,47.83339],[37.647868,47.833522]]]}},{"type":"Feature","properties":{"cadnum":"1421557100:01:002:0509"},"geometry":{"type":"Polygon","coordinates":[[[37.649872,47.834014],[37.649885,47.834026],[37.650015,47.834113],[37.650042,47.834095],[37.650059,47.834108],[37.650101,47.834081],[37.650074,47.834062],[37.650082,47.834053],[37.650136,47.834017],[37.649992,47.83392],[37.649948,47.833951],[37.649961,47.83396],[37.649872,47.834014]]]}},{"type":"Feature","properties":{"cadnum":"1421557100:01:002:0597"},"geometry":{"type":"Polygon","coordinates":[[[37.649776,47.83215],[37.649956,47.832302],[37.649998,47.832277],[37.650061,47.832243],[37.650185,47.832175],[37.650185,47.832177],[37.650232,47.832157],[37.650232,47.832156],[37.650644,47.831967],[37.650505,47.83181],[37.650115,47.831993],[37.649776,47.83215]]]}},{"type":"Feature","properties":{"cadnum":"1421557100:08:000:0024"},"geometry":{"type":"Polygon","coordinates":[[[37.705316,47.83544],[37.707543,47.835404],[37.707544,47.835355],[37.707602,47.831686],[37.706295,47.831671],[37.705321,47.835386],[37.705322,47.835386],[37.70532,47.835395],[37.705316,47.83544]]]}},{"type":"Feature","properties":{"cadnum":"1421557100:08:000:0026"},"geometry":{"type":"Polygon","coordinates":[[[37.709277,47.835398],[37.710657,47.835411],[37.711155,47.835416],[37.711155,47.835389],[37.710956,47.835382],[37.711059,47.831719],[37.710966,47.831719],[37.710569,47.831715],[37.709331,47.831701],[37.709279,47.835271],[37.709278,47.835271],[37.709278,47.835355],[37.709277,47.835386],[37.709277,47.835398]]]}},{"type":"Feature","properties":{"cadnum":"1421557100:08:000:0025"},"geometry":{"type":"Polygon","coordinates":[[[37.707543,47.835386],[37.707543,47.835404],[37.708446,47.835389],[37.709277,47.835398],[37.709278,47.835355],[37.709331,47.831701],[37.707602,47.831686],[37.707545,47.835271],[37.707544,47.835271],[37.707544,47.835355],[37.707543,47.835386]]]}},{"type":"Feature","properties":{"cadnum":"1421557100:08:000:0032"},"geometry":{"type":"Polygon","coordinates":[[[37.710943,47.831554],[37.711059,47.831554],[37.712799,47.831572],[37.712937,47.831572],[37.715246,47.831599],[37.715283,47.830052],[37.713193,47.830036],[37.712942,47.831439],[37.712803,47.831436],[37.712803,47.831435],[37.713046,47.830079],[37.710979,47.830058],[37.710943,47.831554]],[[37.714051,47.831228],[37.713975,47.831222],[37.713903,47.831203],[37.713841,47.831174],[37.713791,47.831138],[37.713751,47.831095],[37.713723,47.831047],[37.713715,47.830995],[37.713728,47.830944],[37.713755,47.830899],[37.713795,47.830854],[37.713849,47.830818],[37.713912,47.830791],[37.713984,47.830776],[37.714061,47.830769],[37.714132,47.830776],[37.714208,47.830794],[37.714271,47.830821],[37.714325,47.830857],[37.714361,47.830903],[37.714388,47.830948],[37.714393,47.830999],[37.714388,47.83105],[37.714361,47.831098],[37.714321,47.831143],[37.714267,47.83118],[37.714199,47.831207],[37.714128,47.831222],[37.714051,47.831228]]]}},{"type":"Feature","properties":{"cadnum":"1421557100:04:000:0099"},"geometry":{"type":"Polygon","coordinates":[[[37.727126,47.825676],[37.727162,47.826482],[37.727912,47.826464],[37.727877,47.825662],[37.727126,47.825676]]]}},{"type":"Feature","properties":{"cadnum":"1421557100:04:000:0131"},"geometry":{"type":"Polygon","coordinates":[[[37.727279,47.824723],[37.727292,47.825155],[37.727678,47.825152],[37.727688,47.825152],[37.727674,47.824717],[37.727279,47.824723]]]}},{"type":"Feature","properties":{"cadnum":"1421557100:04:000:0125"},"geometry":{"type":"Polygon","coordinates":[[[37.727292,47.825155],[37.727311,47.825622],[37.727581,47.825616],[37.727697,47.82561],[37.727678,47.825152],[37.727292,47.825155]]]}},{"type":"Feature","properties":{"cadnum":"1421557100:07:000:0011"},"geometry":{"type":"Polygon","coordinates":[[[37.683819,47.840999],[37.688684,47.84145],[37.688684,47.841449],[37.688685,47.841449],[37.689073,47.841485],[37.689169,47.839778],[37.688513,47.839718],[37.685068,47.839398],[37.684762,47.839371],[37.683958,47.839299],[37.683936,47.839592],[37.683917,47.839773],[37.683819,47.840999]],[[37.684542,47.839706],[37.684542,47.839721],[37.684519,47.839721],[37.684519,47.839706],[37.684542,47.839706]]]}},{"type":"Feature","properties":{"cadnum":"1421557100:07:000:0009"},"geometry":{"type":"Polygon","coordinates":[[[37.683549,47.844291],[37.688684,47.844766],[37.688684,47.844765],[37.688685,47.844765],[37.688809,47.844776],[37.688943,47.8431],[37.688513,47.843061],[37.685258,47.84276],[37.683689,47.842615],[37.683686,47.842645],[37.683549,47.844291]]]}},{"type":"Feature","properties":{"cadnum":"1421557100:07:000:0010"},"geometry":{"type":"Polygon","coordinates":[[[37.683689,47.842615],[37.684009,47.842645],[37.688684,47.843077],[37.688685,47.843077],[37.688943,47.8431],[37.688975,47.842739],[37.689024,47.842396],[37.689073,47.841485],[37.688513,47.841433],[37.688513,47.841434],[37.683819,47.840999],[37.68376,47.841738],[37.683689,47.842615]]]}},{"type":"Feature","properties":{"cadnum":"1421557100:07:000:0197"},"geometry":{"type":"Polygon","coordinates":[[[37.687435,47.811284],[37.688684,47.811411],[37.688684,47.81141],[37.688685,47.81141],[37.689173,47.811459],[37.689189,47.809453],[37.689188,47.809453],[37.689209,47.807015],[37.688685,47.807007],[37.688684,47.807007],[37.688684,47.807006],[37.687519,47.806986],[37.68747,47.809453],[37.687469,47.809453],[37.687435,47.811284]]]}},{"type":"Feature","properties":{"cadnum":"1421557100:07:000:0196"},"geometry":{"type":"Polygon","coordinates":[[[37.685283,47.811049],[37.685467,47.811082],[37.687435,47.811284],[37.687467,47.809568],[37.687468,47.809568],[37.687519,47.806986],[37.685305,47.80694],[37.68529,47.809568],[37.685291,47.809568],[37.685283,47.811049]]]}},{"type":"Feature","properties":{"cadnum":"1421557100:06:000:0104"},"geometry":{"type":"Polygon","coordinates":[[[37.622117,47.80856],[37.622766,47.808589],[37.622766,47.808588],[37.622767,47.808588],[37.627989,47.808813],[37.628088,47.808757],[37.628158,47.808718],[37.62826,47.80866],[37.628631,47.808448],[37.628742,47.808285],[37.628258,47.808014],[37.627247,47.80732],[37.622767,47.807127],[37.622766,47.807127],[37.622302,47.807106],[37.622117,47.80856]]]}},{"type":"Feature","properties":{"cadnum":"1421557100:01:002:0285"},"geometry":{"type":"Polygon","coordinates":[[[37.643466,47.823876],[37.643543,47.824096],[37.644325,47.823976],[37.644248,47.823755],[37.643466,47.823876]]]}},{"type":"Feature","properties":{"cadnum":"1421557100:06:000:0119"},"geometry":{"type":"Polygon","coordinates":[[[37.6403,47.82099],[37.640407,47.821249],[37.640564,47.821249],[37.641067,47.822368],[37.644567,47.822241],[37.644685,47.822236],[37.644739,47.822235],[37.644739,47.822234],[37.646763,47.82216],[37.64648,47.820767],[37.644739,47.82083],[37.6403,47.82099]]]}},{"type":"Feature","properties":{"cadnum":"1421557100:01:002:0355"},"geometry":{"type":"Polygon","coordinates":[[[37.642541,47.824003],[37.642627,47.82422],[37.643399,47.824084],[37.643318,47.823864],[37.642541,47.824003]]]}},{"type":"Feature","properties":{"cadnum":"1421557100:01:002:0132"},"geometry":{"type":"Polygon","coordinates":[[[37.640417,47.82428],[37.640445,47.824323],[37.640446,47.824323],[37.640501,47.824404],[37.640883,47.824314],[37.641459,47.824175],[37.641423,47.824075],[37.640774,47.824207],[37.640417,47.82428]]]}},{"type":"Feature","properties":{"cadnum":"1421557100:01:002:0346"},"geometry":{"type":"Polygon","coordinates":[[[37.643597,47.824316],[37.643598,47.824323],[37.643599,47.824323],[37.643673,47.824546],[37.644423,47.824431],[37.644378,47.824292],[37.644346,47.824205],[37.644328,47.824207],[37.644327,47.824207],[37.643597,47.824316]]]}},{"type":"Feature","properties":{"cadnum":"1421557100:01:002:0500"},"geometry":{"type":"Polygon","coordinates":[[[37.642019,47.822461],[37.642115,47.822718],[37.64291,47.822586],[37.642847,47.822419],[37.642019,47.822461]]]}},{"type":"Feature","properties":{"cadnum":"1421557100:01:002:0281"},"geometry":{"type":"Polygon","coordinates":[[[37.640008,47.823427],[37.64105,47.823246],[37.641,47.823116],[37.640025,47.823321],[37.640008,47.823427]]]}},{"type":"Feature","properties":{"cadnum":"1421557100:01:002:0506"},"geometry":{"type":"Polygon","coordinates":[[[37.64026,47.823101],[37.641006,47.822944],[37.64096,47.82285],[37.640847,47.822631],[37.640533,47.822776],[37.64026,47.823101]]]}},{"type":"Feature","properties":{"cadnum":"1421557100:01:002:0530"},"geometry":{"type":"Polygon","coordinates":[[[37.639824,47.821509],[37.639895,47.821687],[37.640461,47.821527],[37.640371,47.82137],[37.639824,47.821509]]]}},{"type":"Feature","properties":{"cadnum":"1421557100:01:002:0384"},"geometry":{"type":"Polygon","coordinates":[[[37.643031,47.822459],[37.643111,47.82273],[37.64387,47.822618],[37.643807,47.822434],[37.643031,47.822459]]]}},{"type":"Feature","properties":{"cadnum":"1421557100:01:002:0568"},"geometry":{"type":"Polygon","coordinates":[[[37.639424,47.822341],[37.639549,47.822658],[37.639981,47.822564],[37.639805,47.822257],[37.639424,47.822341]]]}},{"type":"Feature","properties":{"cadnum":"1421557100:01:002:0152"},"geometry":{"type":"Polygon","coordinates":[[[37.64379,47.822374],[37.64387,47.822618],[37.64388,47.822646],[37.644635,47.822531],[37.644566,47.822347],[37.64379,47.822374]]]}},{"type":"Feature","properties":{"cadnum":"1421557100:01:002:0601"},"geometry":{"type":"Polygon","coordinates":[[[37.639998,47.823427],[37.640044,47.823547],[37.641095,47.823375],[37.64105,47.823246],[37.639998,47.823427]]]}},{"type":"Feature","properties":{"cadnum":"1421557100:01:002:0288"},"geometry":{"type":"Polygon","coordinates":[[[37.643161,47.822953],[37.643233,47.823174],[37.644014,47.823056],[37.643943,47.822839],[37.643161,47.822953]]]}},{"type":"Feature","properties":{"cadnum":"1421557100:01:002:0151"},"geometry":{"type":"Polygon","coordinates":[[[37.640601,47.823813],[37.640623,47.823873],[37.640709,47.823858],[37.640749,47.823961],[37.641337,47.823858],[37.64127,47.823686],[37.640601,47.823813]]]}},{"type":"Feature","properties":{"cadnum":"1421557100:01:002:0459"},"geometry":{"type":"Polygon","coordinates":[[[37.64427,47.823809],[37.644306,47.823918],[37.644346,47.824039],[37.644567,47.824005],[37.645101,47.823921],[37.645025,47.823695],[37.644567,47.823764],[37.644567,47.823765],[37.64427,47.823809]]]}},{"type":"Feature","properties":{"cadnum":"1421557100:02:000:0040"},"geometry":{"type":"Polygon","coordinates":[[[37.68897,47.838521],[37.689532,47.838564],[37.689631,47.838039],[37.689065,47.837997],[37.68897,47.838521]]]}},{"type":"Feature","properties":{"cadnum":"1421557100:02:000:0128"},"geometry":{"type":"Polygon","coordinates":[[[37.692869,47.838217],[37.693323,47.838249],[37.693435,47.837596],[37.692981,47.837565],[37.692869,47.838217]]]}},{"type":"Feature","properties":{"cadnum":"1421557100:02:000:0039"},"geometry":{"type":"Polygon","coordinates":[[[37.689922,47.838584],[37.690322,47.83862],[37.690408,47.838069],[37.690039,47.837903],[37.689922,47.838584]]]}},{"type":"Feature","properties":{"cadnum":"1421557100:02:000:0127"},"geometry":{"type":"Polygon","coordinates":[[[37.692761,47.838868],[37.693215,47.838904],[37.693323,47.83825],[37.693323,47.838249],[37.692869,47.838217],[37.692761,47.838868]]]}},{"type":"Feature","properties":{"cadnum":"1421557100:02:000:0041"},"geometry":{"type":"Polygon","coordinates":[[[37.689065,47.837997],[37.689631,47.838039],[37.689769,47.837267],[37.689203,47.837228],[37.689065,47.837997]]]}},{"type":"Feature","properties":{"cadnum":"1421557100:02:000:0037"},"geometry":{"type":"Polygon","coordinates":[[[37.689505,47.839263],[37.690026,47.83929],[37.690053,47.839014],[37.690085,47.838727],[37.689549,47.838699],[37.689529,47.838958],[37.689528,47.838958],[37.689505,47.839263]]]}},{"type":"Feature","properties":{"cadnum":"1421557100:02:000:0079"},"geometry":{"type":"Polygon","coordinates":[[[37.690044,47.839154],[37.690461,47.839185],[37.690476,47.839019],[37.690502,47.838759],[37.690085,47.838727],[37.690062,47.838958],[37.690057,47.839011],[37.690051,47.839073],[37.690052,47.839073],[37.690044,47.839154]]]}},{"type":"Feature","properties":{"cadnum":"1421557100:07:000:0182"},"geometry":{"type":"Polygon","coordinates":[[[37.708644,47.853668],[37.708766,47.853704],[37.708945,47.853756],[37.709063,47.853762],[37.709537,47.853783],[37.709631,47.851076],[37.708738,47.851052],[37.708644,47.853668]]]}},{"type":"Feature","properties":{"cadnum":"1421557100:07:000:0181"},"geometry":{"type":"Polygon","coordinates":[[[37.707692,47.853391],[37.708644,47.853668],[37.708738,47.851052],[37.707876,47.851029],[37.707772,47.851043],[37.707692,47.853391]]]}},{"type":"Feature","properties":{"cadnum":"1421557100:07:000:0180"},"geometry":{"type":"Polygon","coordinates":[[[37.706631,47.853545],[37.707188,47.853368],[37.707556,47.853352],[37.707557,47.853352],[37.707692,47.853391],[37.707772,47.851043],[37.707107,47.851152],[37.706712,47.851221],[37.706631,47.853545]]]}},{"type":"Feature","properties":{"cadnum":"1421557100:07:000:0179"},"geometry":{"type":"Polygon","coordinates":[[[37.705513,47.853835],[37.706124,47.853708],[37.706631,47.853545],[37.706712,47.851221],[37.705742,47.85139],[37.706101,47.85195],[37.705949,47.852083],[37.705948,47.852083],[37.705572,47.852074],[37.705513,47.853819],[37.705513,47.85382],[37.705513,47.853835]]]}},{"type":"Feature","properties":{"cadnum":"1421557100:07:000:0199"},"geometry":{"type":"Polygon","coordinates":[[[37.689433,47.806982],[37.693394,47.807055],[37.693532,47.805879],[37.693533,47.805879],[37.693731,47.804192],[37.689761,47.804029],[37.689555,47.805879],[37.689433,47.806982]]]}},{"type":"Feature","properties":{"cadnum":"1421557100:07:000:0198"},"geometry":{"type":"Polygon","coordinates":[[[37.68876,47.80697],[37.689433,47.806982],[37.689568,47.805763],[37.689761,47.804029],[37.689083,47.803999],[37.68889,47.805763],[37.68876,47.80697]]]}},{"type":"Feature","properties":{"cadnum":"1421557100:07:000:0069"},"geometry":{"type":"Polygon","coordinates":[[[37.707929,47.825436],[37.709667,47.825463],[37.709701,47.824323],[37.709702,47.824323],[37.709819,47.820519],[37.709824,47.820347],[37.708545,47.820329],[37.708086,47.82032],[37.708075,47.820634],[37.708076,47.820634],[37.708076,47.820635],[37.707963,47.824323],[37.707929,47.825436]]]}},{"type":"Feature","properties":{"cadnum":"1421557100:07:000:0068"},"geometry":{"type":"Polygon","coordinates":[[[37.706187,47.825408],[37.707929,47.825436],[37.707967,47.824207],[37.707966,47.824207],[37.70808,47.820519],[37.708079,47.820519],[37.708086,47.82032],[37.706568,47.820297],[37.706348,47.820293],[37.70634,47.820519],[37.70634,47.820532],[37.706336,47.820634],[37.706336,47.820635],[37.706221,47.824323],[37.706187,47.825408]]]}},{"type":"Feature","properties":{"cadnum":"1421557100:06:000:0139"},"geometry":{"type":"Polygon","coordinates":[[[37.646436,47.817691],[37.646476,47.817784],[37.64653,47.817941],[37.646589,47.818125],[37.646947,47.819258],[37.646952,47.819283],[37.650061,47.818867],[37.650061,47.818868],[37.652135,47.818589],[37.65213,47.818444],[37.652,47.818451],[37.651992,47.818406],[37.651807,47.816969],[37.650232,47.81718],[37.649369,47.817295],[37.649363,47.817331],[37.649166,47.817431],[37.64939,47.817736],[37.648237,47.818068],[37.647989,47.817684],[37.648834,47.817428],[37.648771,47.817377],[37.648294,47.81744],[37.647522,47.817543],[37.646436,47.817691]],[[37.647499,47.817648],[37.647499,47.817675],[37.647459,47.817675],[37.647459,47.817648],[37.647499,47.817648]],[[37.646871,47.817905],[37.646872,47.817905],[37.646872,47.817932],[37.646871,47.817932],[37.64683,47.817932],[37.64683,47.817905],[37.646871,47.817905]]]}},{"type":"Feature","properties":{"cadnum":"1421557100:06:000:0138"},"geometry":{"type":"Polygon","coordinates":[[[37.646952,47.819283],[37.647188,47.820634],[37.647226,47.820845],[37.647285,47.820836],[37.647545,47.820803],[37.649051,47.820601],[37.650061,47.820466],[37.652216,47.820176],[37.652189,47.819638],[37.652135,47.818589],[37.650061,47.818868],[37.647248,47.819244],[37.646983,47.81928],[37.646952,47.819283]],[[37.647208,47.819645],[37.647168,47.819645],[37.647172,47.819618],[37.647212,47.819618],[37.647208,47.819645]]]}},{"type":"Feature","properties":{"cadnum":"1421557100:06:000:0005"},"geometry":{"type":"Polygon","coordinates":[[[37.60337,47.835661],[37.603783,47.835576],[37.604039,47.835525],[37.604672,47.835391],[37.6058,47.835413],[37.606115,47.835364],[37.606218,47.835348],[37.606287,47.835337],[37.606605,47.835287],[37.606913,47.835238],[37.608077,47.834879],[37.609515,47.834207],[37.609563,47.833869],[37.606181,47.833604],[37.604187,47.833447],[37.603923,47.833426],[37.603636,47.833402],[37.60351,47.834617],[37.603422,47.835271],[37.603421,47.835271],[37.60337,47.835661]],[[37.604039,47.83377],[37.604017,47.83377],[37.604017,47.833755],[37.604039,47.833755],[37.604039,47.83377]],[[37.604003,47.834354],[37.60398,47.834354],[37.60398,47.83434],[37.604003,47.83434],[37.604003,47.834354]]]}},{"type":"Feature","properties":{"cadnum":"1421557100:06:000:0006"},"geometry":{"type":"Polygon","coordinates":[[[37.603636,47.833402],[37.603913,47.833426],[37.604179,47.833447],[37.606287,47.833612],[37.609563,47.833869],[37.609775,47.83241],[37.606287,47.832135],[37.604263,47.831976],[37.603999,47.831954],[37.603787,47.83194],[37.603636,47.833402]],[[37.604142,47.832],[37.604143,47.832],[37.604143,47.832014],[37.604142,47.832014],[37.60412,47.832014],[37.60412,47.832],[37.604142,47.832]],[[37.604106,47.832584],[37.604106,47.8326],[37.604084,47.8326],[37.604084,47.832584],[37.604106,47.832584]],[[37.60407,47.833169],[37.60407,47.83317],[37.60407,47.833185],[37.604049,47.833185],[37.604049,47.83317],[37.604049,47.833169],[37.60407,47.833169]]]}},{"type":"Feature","properties":{"cadnum":"1421557100:08:000:0072"},"geometry":{"type":"Polygon","coordinates":[[[37.722024,47.816825],[37.722235,47.816831],[37.723461,47.816879],[37.723622,47.813257],[37.723623,47.813257],[37.723699,47.811556],[37.722195,47.813034],[37.722189,47.813142],[37.722187,47.813195],[37.722184,47.813257],[37.722024,47.816825]]]}},{"type":"Feature","properties":{"cadnum":"1421557100:06:000:0164"},"geometry":{"type":"Polygon","coordinates":[[[37.663718,47.847203],[37.666464,47.850018],[37.666712,47.850272],[37.668632,47.85224],[37.668844,47.852451],[37.668907,47.85252],[37.669971,47.852047],[37.668102,47.850133],[37.668103,47.850133],[37.666712,47.848708],[37.664747,47.846693],[37.663718,47.847203]]]}},{"type":"Feature","properties":{"cadnum":"1421557100:07:000:0316"},"geometry":{"type":"Polygon","coordinates":[[[37.66459,47.817329],[37.665699,47.818149],[37.66503,47.818565],[37.665174,47.818722],[37.665305,47.818722],[37.665821,47.818686],[37.665803,47.818562],[37.665978,47.818544],[37.666022,47.818535],[37.666387,47.818442],[37.666712,47.81836],[37.666712,47.818359],[37.66729,47.818212],[37.667313,47.818207],[37.666827,47.817829],[37.666733,47.81789],[37.666625,47.817811],[37.666684,47.817775],[37.66663,47.817733],[37.666674,47.817706],[37.666638,47.817657],[37.666588,47.817594],[37.665776,47.816928],[37.665731,47.816741],[37.665556,47.816831],[37.665452,47.816884],[37.665332,47.816946],[37.66459,47.817329]],[[37.666621,47.817883],[37.666647,47.817845],[37.666648,47.817845],[37.666665,47.81785],[37.666634,47.817905],[37.666657,47.817953],[37.666634,47.817956],[37.666602,47.817887],[37.666621,47.817883]],[[37.666437,47.818152],[37.666454,47.818158],[37.666445,47.818173],[37.666428,47.818167],[37.666437,47.818152]],[[37.666229,47.818442],[37.666248,47.818448],[37.666238,47.81846],[37.666221,47.818453],[37.666229,47.818442]]]}},{"type":"Feature","properties":{"cadnum":"1421557100:07:000:0318"},"geometry":{"type":"Polygon","coordinates":[[[37.663764,47.815667],[37.663912,47.816306],[37.665596,47.81614],[37.665475,47.815609],[37.663764,47.815667]]]}},{"type":"Feature","properties":{"cadnum":"1421557100:07:000:0286"},"geometry":{"type":"Polygon","coordinates":[[[37.664846,47.813806],[37.664864,47.813948],[37.666122,47.813887],[37.666104,47.813749],[37.665579,47.813772],[37.665569,47.813712],[37.665489,47.813715],[37.665479,47.813664],[37.665242,47.813676],[37.665255,47.813787],[37.665255,47.813788],[37.664846,47.813806]]]}},{"type":"Feature","properties":{"cadnum":"1421557100:07:000:0285"},"geometry":{"type":"Polygon","coordinates":[[[37.666238,47.816855],[37.66624,47.816856],[37.666346,47.816946],[37.66654,47.81711],[37.66654,47.817111],[37.666693,47.81724],[37.666712,47.817256],[37.667124,47.817603],[37.667347,47.817483],[37.667573,47.817362],[37.667353,47.817172],[37.667514,47.817087],[37.667209,47.816831],[37.666984,47.816641],[37.666712,47.816719],[37.666323,47.816831],[37.666243,47.816854],[37.666238,47.816855]]]}},{"type":"Feature","properties":{"cadnum":"1421557100:07:000:0317"},"geometry":{"type":"Polygon","coordinates":[[[37.663912,47.816306],[37.664058,47.816946],[37.664059,47.816946],[37.664213,47.817615],[37.664756,47.818272],[37.66503,47.818565],[37.665699,47.818149],[37.66459,47.817329],[37.665452,47.816884],[37.665731,47.816741],[37.665596,47.81614],[37.663912,47.816306]]]}},{"type":"Feature","properties":{"cadnum":"1421557100:06:000:0015"},"geometry":{"type":"Polygon","coordinates":[[[37.621813,47.834454],[37.622064,47.834469],[37.622595,47.834506],[37.622701,47.834514],[37.622766,47.834518],[37.622767,47.834518],[37.623421,47.834562],[37.623977,47.831699],[37.623977,47.831698],[37.623978,47.831698],[37.62444,47.829319],[37.622832,47.829211],[37.622739,47.829693],[37.622348,47.831698],[37.622348,47.831699],[37.621813,47.834454]]]}},{"type":"Feature","properties":{"cadnum":"1421557100:06:000:0014"},"geometry":{"type":"Polygon","coordinates":[[[37.620425,47.834361],[37.621813,47.834454],[37.622371,47.831583],[37.622595,47.830432],[37.622595,47.830433],[37.622739,47.829693],[37.622766,47.829549],[37.622832,47.829211],[37.622767,47.829206],[37.622766,47.829206],[37.620981,47.829084],[37.620717,47.831583],[37.620425,47.834361]]]}},{"type":"Feature","properties":{"cadnum":"1421557100:07:000:0048"},"geometry":{"type":"Polygon","coordinates":[[[37.683783,47.828677],[37.684349,47.828798],[37.687888,47.828864],[37.687938,47.828006],[37.688085,47.825519],[37.685184,47.825532],[37.684389,47.825544],[37.68385,47.825604],[37.683899,47.825885],[37.68381,47.828011],[37.683783,47.828677]],[[37.687691,47.825649],[37.687691,47.825664],[37.687668,47.825664],[37.687668,47.825649],[37.687691,47.825649]],[[37.687008,47.825653],[37.687008,47.825667],[37.686985,47.825667],[37.686985,47.825653],[37.687008,47.825653]],[[37.686303,47.825667],[37.686307,47.825653],[37.686329,47.825655],[37.686325,47.82567],[37.686325,47.825671],[37.686303,47.825667]],[[37.685647,47.825655],[37.685647,47.82567],[37.685647,47.825671],[37.685624,47.825671],[37.685624,47.82567],[37.685624,47.825655],[37.685647,47.825655]],[[37.684964,47.825658],[37.684964,47.825673],[37.684942,47.825673],[37.684941,47.825673],[37.684941,47.825658],[37.684942,47.825658],[37.684964,47.825658]],[[37.684268,47.825662],[37.684268,47.825676],[37.684246,47.825676],[37.684245,47.825676],[37.684245,47.825662],[37.684246,47.825662],[37.684268,47.825662]]]}},{"type":"Feature","properties":{"cadnum":"1421557100:07:000:0047"},"geometry":{"type":"Polygon","coordinates":[[[37.687888,47.828864],[37.688684,47.82888],[37.688685,47.82888],[37.690951,47.828925],[37.691513,47.828921],[37.691566,47.828011],[37.691715,47.825508],[37.688685,47.825518],[37.688684,47.825518],[37.688085,47.825519],[37.687944,47.827895],[37.687938,47.828006],[37.687937,47.828011],[37.687888,47.828864]],[[37.691077,47.825635],[37.6911,47.825637],[37.6911,47.825652],[37.6911,47.825653],[37.691077,47.825649],[37.691077,47.825635]],[[37.690421,47.825652],[37.690421,47.825653],[37.690398,47.825653],[37.690398,47.825652],[37.690398,47.825637],[37.690421,47.825637],[37.690421,47.825652]],[[37.689739,47.825655],[37.689738,47.825655],[37.689716,47.825655],[37.689716,47.82564],[37.689738,47.82564],[37.689739,47.82564],[37.689739,47.825655]],[[37.689056,47.825658],[37.689033,47.825658],[37.689033,47.825644],[37.689056,47.825644],[37.689056,47.825658]],[[37.688373,47.825661],[37.688373,47.825662],[37.688351,47.825662],[37.688351,47.825661],[37.688351,47.825646],[37.688373,47.825646],[37.688373,47.825661]]]}},{"type":"Feature","properties":{"cadnum":"1421557100:07:000:0159"},"geometry":{"type":"Polygon","coordinates":[[[37.690178,47.854175],[37.693031,47.855691],[37.693233,47.855743],[37.693377,47.855709],[37.693453,47.854395],[37.690178,47.854175]]]}},{"type":"Feature","properties":{"cadnum":"1421557100:01:001:0126"},"geometry":{"type":"Polygon","coordinates":[[[37.648084,47.838476],[37.648493,47.8385],[37.648501,47.838461],[37.648093,47.838437],[37.648084,47.838476]]]}},{"type":"Feature","properties":{"cadnum":"1421557100:01:001:0176"},"geometry":{"type":"Polygon","coordinates":[[[37.647805,47.837925],[37.648183,47.837945],[37.64829,47.837475],[37.647914,47.837451],[37.647805,47.837925]]]}},{"type":"Feature","properties":{"cadnum":"1421557100:01:001:0252"},"geometry":{"type":"Polygon","coordinates":[[[37.645402,47.836953],[37.645878,47.836996],[37.64591,47.836809],[37.645434,47.836776],[37.645402,47.836953]]]}},{"type":"Feature","properties":{"cadnum":"1421557100:01:001:0239"},"geometry":{"type":"Polygon","coordinates":[[[37.64652,47.836519],[37.647095,47.836501],[37.647109,47.836251],[37.646539,47.836215],[37.646526,47.836477],[37.64652,47.836519]]]}},{"type":"Feature","properties":{"cadnum":"1421557100:01:001:0218"},"geometry":{"type":"Polygon","coordinates":[[[37.648025,47.83875],[37.648434,47.838774],[37.648474,47.838588],[37.648493,47.838503],[37.648493,47.8385],[37.648084,47.838476],[37.648025,47.83875]]]}},{"type":"Feature","properties":{"cadnum":"1421557100:01:001:0177"},"geometry":{"type":"Polygon","coordinates":[[[37.647914,47.837451],[37.64829,47.837475],[37.6483,47.837436],[37.647922,47.837411],[37.647914,47.837451]]]}},{"type":"Feature","properties":{"cadnum":"1421557100:01:001:0206"},"geometry":{"type":"Polygon","coordinates":[[[37.646889,47.837795],[37.647222,47.837825],[37.647334,47.8373],[37.647028,47.837267],[37.646889,47.837795]]]}},{"type":"Feature","properties":{"cadnum":"1421557100:01:001:0190"},"geometry":{"type":"Polygon","coordinates":[[[37.648407,47.837201],[37.649121,47.837092],[37.649099,47.836948],[37.648443,47.837029],[37.648407,47.837201]]]}},{"type":"Feature","properties":{"cadnum":"1421557100:01:001:0202"},"geometry":{"type":"Polygon","coordinates":[[[37.649287,47.838675],[37.649369,47.838684],[37.649499,47.838699],[37.649615,47.838132],[37.649404,47.838114],[37.649287,47.838675]]]}},{"type":"Feature","properties":{"cadnum":"1421557100:01:001:0155"},"geometry":{"type":"Polygon","coordinates":[[[37.645541,47.837759],[37.645766,47.83778],[37.645838,47.837411],[37.645614,47.837391],[37.645541,47.837759]]]}},{"type":"Feature","properties":{"cadnum":"1421557100:01:001:0203"},"geometry":{"type":"Polygon","coordinates":[[[37.649562,47.83674],[37.649719,47.836993],[37.649818,47.836966],[37.649813,47.836911],[37.650019,47.836902],[37.649772,47.836658],[37.649562,47.83674]]]}},{"type":"Feature","properties":{"cadnum":"1421557100:01:001:0131"},"geometry":{"type":"Polygon","coordinates":[[[37.647761,47.83714],[37.648286,47.837198],[37.648327,47.837032],[37.648101,47.837011],[37.647814,47.836984],[37.647761,47.83714]]]}},{"type":"Feature","properties":{"cadnum":"1421557100:01:001:0159"},"geometry":{"type":"Polygon","coordinates":[[[37.647086,47.838521],[37.647319,47.838542],[37.647415,47.837979],[37.647181,47.837958],[37.647086,47.838521]]]}},{"type":"Feature","properties":{"cadnum":"1421557100:01:001:0082"},"geometry":{"type":"Polygon","coordinates":[[[37.645371,47.837366],[37.645614,47.837391],[37.64569,47.83702],[37.645447,47.836999],[37.645371,47.837366]]]}},{"type":"Feature","properties":{"cadnum":"1421557100:01:001:0180"},"geometry":{"type":"Polygon","coordinates":[[[37.649099,47.836948],[37.649121,47.837092],[37.649642,47.837014],[37.649562,47.836881],[37.649099,47.836948]]]}},{"type":"Feature","properties":{"cadnum":"1421557100:01:001:0204"},"geometry":{"type":"Polygon","coordinates":[[[37.648443,47.837029],[37.649099,47.836948],[37.649535,47.836884],[37.649503,47.836821],[37.649463,47.836776],[37.649432,47.836763],[37.649202,47.836772],[37.649107,47.836776],[37.648488,47.836815],[37.648443,47.837029]]]}},{"type":"Feature","properties":{"cadnum":"1421557100:01:001:0141"},"geometry":{"type":"Polygon","coordinates":[[[37.646835,47.838503],[37.647086,47.838521],[37.647181,47.837958],[37.646939,47.837945],[37.646835,47.838503]]]}},{"type":"Feature","properties":{"cadnum":"1421557100:01:001:0238"},"geometry":{"type":"Polygon","coordinates":[[[37.648537,47.836043],[37.648887,47.836269],[37.64896,47.836329],[37.649283,47.836164],[37.64922,47.836106],[37.649239,47.836101],[37.649166,47.836049],[37.648927,47.835841],[37.648537,47.836043]]]}},{"type":"Feature","properties":{"cadnum":"1421557100:01:001:0089"},"geometry":{"type":"Polygon","coordinates":[[[37.648474,47.838588],[37.648734,47.838609],[37.648843,47.838042],[37.648596,47.838027],[37.648493,47.838503],[37.648474,47.838588]]]}},{"type":"Feature","properties":{"cadnum":"1421557100:01:001:0104"},"geometry":{"type":"Polygon","coordinates":[[[37.648973,47.838633],[37.649292,47.838654],[37.649404,47.838114],[37.649072,47.838084],[37.648973,47.838633]]]}},{"type":"Feature","properties":{"cadnum":"1421557100:01:001:0255"},"geometry":{"type":"Polygon","coordinates":[[[37.647378,47.839127],[37.647612,47.839145],[37.647649,47.838958],[37.647724,47.838584],[37.647491,47.838564],[37.647412,47.838958],[37.647378,47.839127]]]}},{"type":"Feature","properties":{"cadnum":"1421557100:01:001:0225"},"geometry":{"type":"Polygon","coordinates":[[[37.645195,47.838542],[37.645748,47.838633],[37.645784,47.838403],[37.645505,47.838365],[37.645241,47.838329],[37.645195,47.838542]]]}},{"type":"Feature","properties":{"cadnum":"1421557100:01:001:0192"},"geometry":{"type":"Polygon","coordinates":[[[37.646363,47.838249],[37.646876,47.838292],[37.646939,47.837945],[37.646399,47.837916],[37.646363,47.838249]]]}},{"type":"Feature","properties":{"cadnum":"1421557100:01:001:0125"},"geometry":{"type":"Polygon","coordinates":[[[37.648093,47.838437],[37.648501,47.838461],[37.648596,47.838027],[37.648187,47.838003],[37.648093,47.838437]]]}},{"type":"Feature","properties":{"cadnum":"1421557100:01:001:0079"},"geometry":{"type":"Polygon","coordinates":[[[37.645685,47.838964],[37.645726,47.838973],[37.646174,47.839013],[37.646247,47.83869],[37.646126,47.838678],[37.645748,47.838633],[37.645685,47.838964]]]}},{"type":"Feature","properties":{"cadnum":"1421557100:01:001:0240"},"geometry":{"type":"Polygon","coordinates":[[[37.646499,47.839034],[37.646732,47.839058],[37.646835,47.838503],[37.646858,47.838374],[37.646615,47.838349],[37.646512,47.838958],[37.646511,47.838958],[37.646499,47.839034]]]}},{"type":"Feature","properties":{"cadnum":"1421557100:01:001:0105"},"geometry":{"type":"Polygon","coordinates":[[[37.648969,47.838654],[37.649176,47.838666],[37.649287,47.838675],[37.649292,47.838654],[37.648973,47.838633],[37.648969,47.838654]]]}},{"type":"Feature","properties":{"cadnum":"1421557100:01:001:0127"},"geometry":{"type":"Polygon","coordinates":[[[37.646174,47.839013],[37.646221,47.839016],[37.64644,47.839028],[37.64657,47.838347],[37.646327,47.838322],[37.646247,47.83869],[37.646186,47.838958],[37.646174,47.839013]]]}},{"type":"Feature","properties":{"cadnum":"1421557100:01:001:0136"},"geometry":{"type":"Polygon","coordinates":[[[37.645119,47.838895],[37.645254,47.838926],[37.645685,47.838964],[37.645748,47.838633],[37.645195,47.838542],[37.645119,47.838895]]]}},{"type":"Feature","properties":{"cadnum":"1421557100:01:001:0193"},"geometry":{"type":"Polygon","coordinates":[[[37.646354,47.838325],[37.64657,47.838347],[37.646858,47.838374],[37.646876,47.838292],[37.646363,47.838249],[37.646363,47.83825],[37.646354,47.838325]]]}},{"type":"Feature","properties":{"cadnum":"1421557100:01:001:0114"},"geometry":{"type":"Polygon","coordinates":[[[37.648914,47.835627],[37.64904,47.835726],[37.649135,47.835672],[37.649009,47.835572],[37.648914,47.835627]]]}},{"type":"Feature","properties":{"cadnum":"1421557100:08:000:0074"},"geometry":{"type":"Polygon","coordinates":[[[37.705199,47.84024],[37.705962,47.840255],[37.70599,47.839073],[37.706079,47.835473],[37.705311,47.835485],[37.705228,47.838958],[37.705226,47.83904],[37.705226,47.839073],[37.705199,47.84024]]]}},{"type":"Feature","properties":{"cadnum":"1421557100:08:000:0020"},"geometry":{"type":"Polygon","coordinates":[[[37.708486,47.840315],[37.709044,47.840327],[37.709708,47.840342],[37.709737,47.839069],[37.709824,47.835446],[37.70925,47.83544],[37.708603,47.835434],[37.708518,47.838958],[37.708486,47.840315]]]}},{"type":"Feature","properties":{"cadnum":"1421557100:08:000:0019"},"geometry":{"type":"Polygon","coordinates":[[[37.707256,47.840285],[37.708244,47.840309],[37.708486,47.840315],[37.708515,47.839073],[37.708603,47.835434],[37.708446,47.835434],[37.707373,47.835452],[37.707287,47.838958],[37.707284,47.83907],[37.707284,47.839073],[37.707256,47.840285]]]}},{"type":"Feature","properties":{"cadnum":"1421557100:08:000:0018"},"geometry":{"type":"Polygon","coordinates":[[[37.705962,47.840255],[37.707256,47.840285],[37.707284,47.83907],[37.707373,47.835452],[37.706079,47.835473],[37.705993,47.838958],[37.705962,47.840255]],[[37.706411,47.839999],[37.706411,47.839998],[37.706402,47.839838],[37.706537,47.839709],[37.706815,47.839673],[37.707067,47.839806],[37.707098,47.83992],[37.70705,47.840056],[37.706878,47.840116],[37.706721,47.840116],[37.706564,47.840095],[37.706411,47.839999]]]}},{"type":"Feature","properties":{"cadnum":"1421557100:07:000:0332"},"geometry":{"type":"Polygon","coordinates":[[[37.660556,47.805468],[37.661047,47.805417],[37.661365,47.805383],[37.663288,47.802276],[37.66256,47.802228],[37.661047,47.804674],[37.660556,47.805468]]]}},{"type":"Feature","properties":{"cadnum":"1421557100:07:000:0331"},"geometry":{"type":"Polygon","coordinates":[[[37.65978,47.805549],[37.660556,47.805468],[37.661219,47.804397],[37.66256,47.802228],[37.66186,47.802179],[37.661219,47.803218],[37.65978,47.805549]]]}},{"type":"Feature","properties":{"cadnum":"1421557100:01:003:0122"},"geometry":{"type":"Polygon","coordinates":[[[37.663598,47.832009],[37.663669,47.832401],[37.664118,47.832365],[37.664047,47.831969],[37.663598,47.832009]]]}},{"type":"Feature","properties":{"cadnum":"1421557100:01:003:0246"},"geometry":{"type":"Polygon","coordinates":[[[37.666512,47.831764],[37.66654,47.83191],[37.666588,47.832159],[37.666712,47.83215],[37.666712,47.832149],[37.667038,47.832123],[37.666967,47.831728],[37.666638,47.831754],[37.666512,47.831764]]]}},{"type":"Feature","properties":{"cadnum":"1421557100:01:003:0162"},"geometry":{"type":"Polygon","coordinates":[[[37.661164,47.832208],[37.661225,47.8326],[37.66168,47.832566],[37.661617,47.832175],[37.661164,47.832208]]]}},{"type":"Feature","properties":{"cadnum":"1421557100:01:003:0153"},"geometry":{"type":"Polygon","coordinates":[[[37.662129,47.832533],[37.662133,47.832542],[37.662583,47.83251],[37.662583,47.832501],[37.662129,47.832533]]]}},{"type":"Feature","properties":{"cadnum":"1421557100:01:003:0152"},"geometry":{"type":"Polygon","coordinates":[[[37.662066,47.832141],[37.662129,47.832533],[37.662583,47.832501],[37.66252,47.832105],[37.662066,47.832141]]]}},{"type":"Feature","properties":{"cadnum":"1421557100:01:003:0231"},"geometry":{"type":"Polygon","coordinates":[[[37.661617,47.832175],[37.66168,47.832566],[37.662129,47.832533],[37.662066,47.832141],[37.661617,47.832175]]]}},{"type":"Feature","properties":{"cadnum":"1421557100:01:003:0163"},"geometry":{"type":"Polygon","coordinates":[[[37.661225,47.8326],[37.661231,47.832609],[37.66168,47.832575],[37.66168,47.832566],[37.661225,47.8326]]]}},{"type":"Feature","properties":{"cadnum":"1421557100:07:000:0338"},"geometry":{"type":"Polygon","coordinates":[[[37.663898,47.832575],[37.66393,47.832859],[37.666712,47.832724],[37.668328,47.832645],[37.668381,47.832232],[37.668265,47.832238],[37.668215,47.832353],[37.66751,47.832416],[37.666637,47.832462],[37.665965,47.832497],[37.664343,47.832557],[37.663898,47.832575]]]}},{"type":"Feature","properties":{"cadnum":"1421557100:01:003:0134"},"geometry":{"type":"Polygon","coordinates":[[[37.665022,47.832298],[37.665475,47.832259],[37.66547,47.832253],[37.665022,47.832289],[37.665022,47.832298]]]}},{"type":"Feature","properties":{"cadnum":"1421557100:01:003:0234"},"geometry":{"type":"Polygon","coordinates":[[[37.66495,47.831894],[37.665022,47.832289],[37.66547,47.832253],[37.665399,47.831858],[37.66495,47.831894]]]}},{"type":"Feature","properties":{"cadnum":"1421557100:07:000:0027"},"geometry":{"type":"Polygon","coordinates":[[[37.661405,47.834855],[37.661414,47.835021],[37.661428,47.835199],[37.661433,47.835271],[37.661432,47.835271],[37.661688,47.838823],[37.662152,47.839073],[37.662153,47.839073],[37.663499,47.839797],[37.663615,47.83986],[37.663551,47.838958],[37.663485,47.838033],[37.663364,47.836345],[37.663351,47.836155],[37.66329,47.835304],[37.663252,47.834747],[37.663229,47.834747],[37.663229,47.834765],[37.661405,47.834855]],[[37.661707,47.838412],[37.661923,47.838247],[37.662326,47.838331],[37.662389,47.8386],[37.662039,47.838738],[37.661724,47.838624],[37.661707,47.838412]]]}},{"type":"Feature","properties":{"cadnum":"1421557100:01:003:0305"},"geometry":{"type":"Polygon","coordinates":[[[37.665596,47.831843],[37.665663,47.832229],[37.666126,47.83219],[37.666059,47.831804],[37.665596,47.831843]]]}},{"type":"Feature","properties":{"cadnum":"1421557100:01:003:0287"},"geometry":{"type":"Polygon","coordinates":[[[37.666064,47.831804],[37.666135,47.832199],[37.666588,47.832159],[37.666512,47.831764],[37.666064,47.831804]]]}},{"type":"Feature","properties":{"cadnum":"1421557100:01:003:0101"},"geometry":{"type":"Polygon","coordinates":[[[37.664047,47.831969],[37.664118,47.832365],[37.664573,47.832329],[37.6645,47.831933],[37.664047,47.831969]]]}},{"type":"Feature","properties":{"cadnum":"1421557100:01:003:0123"},"geometry":{"type":"Polygon","coordinates":[[[37.663669,47.83241],[37.664123,47.832374],[37.664118,47.832365],[37.663669,47.832401],[37.663669,47.83241]]]}},{"type":"Feature","properties":{"cadnum":"1421557100:06:000:0090"},"geometry":{"type":"Polygon","coordinates":[[[37.618399,47.815992],[37.620146,47.816768],[37.622766,47.815585],[37.622767,47.815585],[37.625329,47.814427],[37.624974,47.814216],[37.623847,47.813546],[37.623838,47.81354],[37.622731,47.81404],[37.618399,47.815992]]]}},{"type":"Feature","properties":{"cadnum":"1421557100:06:000:0089"},"geometry":{"type":"Polygon","coordinates":[[[37.620146,47.816768],[37.620288,47.816831],[37.620325,47.816847],[37.620548,47.816946],[37.620549,47.816946],[37.622083,47.817624],[37.622595,47.817393],[37.622747,47.817325],[37.622766,47.817316],[37.622767,47.817316],[37.623842,47.816831],[37.623842,47.81683],[37.626987,47.815413],[37.626161,47.814921],[37.625329,47.814427],[37.622595,47.815663],[37.620146,47.816768]]]}},{"type":"Feature","properties":{"cadnum":"1421557100:01:002:0580"},"geometry":{"type":"Polygon","coordinates":[[[37.642559,47.826849],[37.642644,47.827045],[37.643394,47.82675],[37.643318,47.826578],[37.642811,47.826765],[37.642559,47.826849]]]}},{"type":"Feature","properties":{"cadnum":"1421557100:01:002:0154"},"geometry":{"type":"Polygon","coordinates":[[[37.644401,47.824437],[37.644472,47.824672],[37.644558,47.824657],[37.644508,47.824506],[37.644482,47.824425],[37.644401,47.824437]]]}},{"type":"Feature","properties":{"cadnum":"1421557100:01:002:0391"},"geometry":{"type":"Polygon","coordinates":[[[37.641778,47.824732],[37.64184,47.824904],[37.642774,47.824726],[37.642707,47.824567],[37.641778,47.824732]]]}},{"type":"Feature","properties":{"cadnum":"1421557100:01:002:0153"},"geometry":{"type":"Polygon","coordinates":[[[37.643673,47.824546],[37.643745,47.824784],[37.644472,47.824672],[37.644401,47.824437],[37.643673,47.824546]]]}},{"type":"Feature","properties":{"cadnum":"1421557100:01:002:0324"},"geometry":{"type":"Polygon","coordinates":[[[37.643103,47.825526],[37.643179,47.825743],[37.643956,47.825619],[37.64388,47.825399],[37.643103,47.825526]]]}},{"type":"Feature","properties":{"cadnum":"1421557100:01:002:0510"},"geometry":{"type":"Polygon","coordinates":[[[37.640641,47.824748],[37.640709,47.824893],[37.641189,47.824817],[37.641126,47.824678],[37.64092,47.824712],[37.640641,47.824748]]]}},{"type":"Feature","properties":{"cadnum":"1421557100:01:002:0128"},"geometry":{"type":"Polygon","coordinates":[[[37.642788,47.82466],[37.642864,47.82488],[37.643642,47.824739],[37.64356,47.824522],[37.642788,47.82466]]]}},{"type":"Feature","properties":{"cadnum":"1421557100:01:002:0325"},"geometry":{"type":"Polygon","coordinates":[[[37.641095,47.825686],[37.641149,47.825848],[37.641405,47.825797],[37.642052,47.825664],[37.641985,47.825496],[37.641095,47.825686]]]}},{"type":"Feature","properties":{"cadnum":"1421557100:01:002:0485"},"geometry":{"type":"Polygon","coordinates":[[[37.641778,47.827293],[37.641872,47.827434],[37.64264,47.827256],[37.642564,47.827103],[37.642145,47.827202],[37.641778,47.827293]]]}},{"type":"Feature","properties":{"cadnum":"1421557100:01:002:0143"},"geometry":{"type":"Polygon","coordinates":[[[37.644585,47.824736],[37.644616,47.824847],[37.644656,47.824965],[37.644739,47.824952],[37.645407,47.824847],[37.645335,47.824621],[37.644589,47.824736],[37.644585,47.824736]]]}},{"type":"Feature","properties":{"cadnum":"1421557100:01:002:0558"},"geometry":{"type":"Polygon","coordinates":[[[37.64184,47.824904],[37.641912,47.825076],[37.642761,47.824926],[37.642685,47.824745],[37.64184,47.824904]]]}},{"type":"Feature","properties":{"cadnum":"1421557100:01:002:0327"},"geometry":{"type":"Polygon","coordinates":[[[37.644028,47.82545],[37.644126,47.825731],[37.644567,47.825581],[37.644656,47.825551],[37.644739,47.825523],[37.644836,47.82549],[37.644782,47.825329],[37.644695,47.825344],[37.644028,47.82545]]]}},{"type":"Feature","properties":{"cadnum":"1421557100:01:002:0254"},"geometry":{"type":"Polygon","coordinates":[[[37.64369,47.826611],[37.64378,47.826874],[37.644373,47.826777],[37.644279,47.826515],[37.64369,47.826611]]]}},{"type":"Feature","properties":{"cadnum":"1421557100:01:002:0141"},"geometry":{"type":"Polygon","coordinates":[[[37.644508,47.824506],[37.644558,47.824657],[37.644585,47.824736],[37.644589,47.824736],[37.644513,47.824506],[37.644508,47.824506]]]}},{"type":"Feature","properties":{"cadnum":"1421557100:01:002:0140"},"geometry":{"type":"Polygon","coordinates":[[[37.644513,47.824506],[37.644567,47.824672],[37.644589,47.824736],[37.644739,47.824713],[37.645335,47.824621],[37.645339,47.824618],[37.645264,47.824392],[37.644685,47.82448],[37.644513,47.824506]]]}},{"type":"Feature","properties":{"cadnum":"1421557100:01:002:0614"},"geometry":{"type":"Polygon","coordinates":[[[37.643044,47.827995],[37.643055,47.828011],[37.643124,47.828107],[37.643749,47.82792],[37.643637,47.827812],[37.643367,47.827895],[37.643366,47.827895],[37.643044,47.827995]]]}},{"type":"Feature","properties":{"cadnum":"1421557100:01:002:0465"},"geometry":{"type":"Polygon","coordinates":[[[37.642227,47.825809],[37.642312,47.826008],[37.643124,47.825812],[37.643067,47.825671],[37.642227,47.825809]]]}},{"type":"Feature","properties":{"cadnum":"1421557100:01:002:0538"},"geometry":{"type":"Polygon","coordinates":[[[37.643956,47.825221],[37.644028,47.82545],[37.644567,47.825364],[37.644695,47.825344],[37.644739,47.825337],[37.644739,47.825336],[37.644782,47.825329],[37.644738,47.825194],[37.644706,47.825103],[37.643956,47.825221]]]}},{"type":"Feature","properties":{"cadnum":"1421557100:01:002:0421"},"geometry":{"type":"Polygon","coordinates":[[[37.641629,47.827066],[37.641778,47.827293],[37.642564,47.827103],[37.642501,47.826964],[37.641629,47.827066]]]}},{"type":"Feature","properties":{"cadnum":"1421557100:01:002:0394"},"geometry":{"type":"Polygon","coordinates":[[[37.643179,47.825743],[37.643269,47.826008],[37.644,47.825749],[37.643956,47.825619],[37.643179,47.825743]]]}},{"type":"Feature","properties":{"cadnum":"1421557100:01:002:0002"},"geometry":{"type":"Polygon","coordinates":[[[37.642092,47.827817],[37.642119,47.82789],[37.642868,47.827733],[37.642797,47.827549],[37.64242,47.827642],[37.642469,47.827745],[37.642092,47.827817]]]}},{"type":"Feature","properties":{"cadnum":"1421557100:01:002:0296"},"geometry":{"type":"Polygon","coordinates":[[[37.642721,47.824437],[37.642811,47.824657],[37.64356,47.824522],[37.643574,47.824518],[37.643484,47.824296],[37.642721,47.824437]]]}},{"type":"Feature","properties":{"cadnum":"1421557100:01:002:0129"},"geometry":{"type":"Polygon","coordinates":[[[37.64356,47.824522],[37.643642,47.824739],[37.64365,47.824739],[37.643574,47.824518],[37.64356,47.824522]]]}},{"type":"Feature","properties":{"cadnum":"1421557100:01:002:0088"},"geometry":{"type":"Polygon","coordinates":[[[37.641364,47.826388],[37.6414,47.826515],[37.642302,47.826349],[37.642272,47.826232],[37.641939,47.826288],[37.641364,47.826388]]]}},{"type":"Feature","properties":{"cadnum":"1421557100:01:002:0457"},"geometry":{"type":"Polygon","coordinates":[[[37.644369,47.8265],[37.644504,47.826889],[37.644567,47.826868],[37.644567,47.826869],[37.644975,47.826735],[37.644872,47.826436],[37.644567,47.826475],[37.644369,47.8265]]]}},{"type":"Feature","properties":{"cadnum":"1421557100:01:002:0551"},"geometry":{"type":"Polygon","coordinates":[[[37.644248,47.826183],[37.644369,47.8265],[37.644739,47.826453],[37.644872,47.826436],[37.644912,47.826431],[37.644787,47.826111],[37.644567,47.826141],[37.644248,47.826183]]]}},{"type":"Feature","properties":{"cadnum":"1421557100:01:002:0553"},"geometry":{"type":"Polygon","coordinates":[[[37.642482,47.826635],[37.642559,47.826849],[37.642811,47.826765],[37.643318,47.826578],[37.643255,47.826404],[37.64273,47.826572],[37.642725,47.826587],[37.642482,47.826635]]]}},{"type":"Feature","properties":{"cadnum":"1421557100:01:002:0514"},"geometry":{"type":"Polygon","coordinates":[[[37.642415,47.826458],[37.642482,47.826635],[37.642725,47.826587],[37.64273,47.826572],[37.643255,47.826404],[37.643201,47.826246],[37.643111,47.826246],[37.642415,47.826458]]]}},{"type":"Feature","properties":{"cadnum":"1421557100:01:002:0297"},"geometry":{"type":"Polygon","coordinates":[[[37.642703,47.824443],[37.642788,47.82466],[37.642811,47.824657],[37.642721,47.824437],[37.642703,47.824443]]]}},{"type":"Feature","properties":{"cadnum":"1421557100:01:002:0339"},"geometry":{"type":"Polygon","coordinates":[[[37.641805,47.826641],[37.641876,47.826777],[37.642034,47.826732],[37.642415,47.826654],[37.642375,47.826521],[37.641805,47.826641]]]}},{"type":"Feature","properties":{"cadnum":"1421557100:01:002:0486"},"geometry":{"type":"Polygon","coordinates":[[[37.640906,47.82663],[37.641113,47.826997],[37.64153,47.826961],[37.641346,47.826542],[37.640906,47.82663]]]}},{"type":"Feature","properties":{"cadnum":"1421557100:01:002:0294"},"geometry":{"type":"Polygon","coordinates":[[[37.640951,47.825378],[37.641014,47.825532],[37.64193,47.82536],[37.641862,47.825206],[37.640951,47.825378]]]}},{"type":"Feature","properties":{"cadnum":"1421557100:07:000:0241"},"geometry":{"type":"Polygon","coordinates":[[[37.701084,47.807121],[37.701798,47.807151],[37.701884,47.80695],[37.702144,47.80697],[37.702975,47.807037],[37.703063,47.805879],[37.703064,47.805879],[37.703155,47.804696],[37.701467,47.804554],[37.701281,47.804542],[37.70126,47.804795],[37.701177,47.805879],[37.701178,47.805879],[37.701084,47.807121]]]}},{"type":"Feature","properties":{"cadnum":"1421557100:07:000:0356"},"geometry":{"type":"Polygon","coordinates":[[[37.70426,47.855609],[37.704556,47.856167],[37.70475,47.856534],[37.704992,47.856523],[37.704992,47.856524],[37.705109,47.856518],[37.705164,47.856516],[37.705164,47.856515],[37.705199,47.856514],[37.705652,47.856498],[37.706042,47.856505],[37.70647,47.856489],[37.706897,47.856462],[37.7073,47.856442],[37.707489,47.855803],[37.707512,47.855625],[37.7066,47.855631],[37.705809,47.855544],[37.705256,47.855504],[37.705164,47.855514],[37.70426,47.855609]]]}},{"type":"Feature","properties":{"cadnum":"1421557100:02:000:0444"},"geometry":{"type":"Polygon","coordinates":[[[37.721588,47.84944],[37.72207,47.850018],[37.722419,47.850435],[37.724432,47.850455],[37.724445,47.850018],[37.724462,47.849473],[37.721588,47.84944]]]}},{"type":"Feature","properties":{"cadnum":"1421557100:02:000:0440"},"geometry":{"type":"Polygon","coordinates":[[[37.724521,47.849693],[37.727137,47.84972],[37.727432,47.849723],[37.727458,47.848898],[37.726995,47.848893],[37.724548,47.848867],[37.724521,47.849693]]]}},{"type":"Feature","properties":{"cadnum":"1421557100:02:000:0430"},"geometry":{"type":"Polygon","coordinates":[[[37.724495,47.850519],[37.726965,47.850545],[37.727405,47.850549],[37.727417,47.850133],[37.727418,47.850133],[37.727432,47.849723],[37.726965,47.849718],[37.724521,47.849693],[37.724507,47.850133],[37.724495,47.850519]]]}},{"type":"Feature","properties":{"cadnum":"1421557100:02:000:0438"},"geometry":{"type":"Polygon","coordinates":[[[37.724548,47.848867],[37.726965,47.848893],[37.726995,47.848893],[37.727137,47.848895],[37.727458,47.848898],[37.727485,47.848071],[37.72697,47.848067],[37.724575,47.848042],[37.724548,47.848867]]]}},{"type":"Feature","properties":{"cadnum":"1421557100:08:000:0067"},"geometry":{"type":"Polygon","coordinates":[[[37.721929,47.821002],[37.723489,47.821062],[37.723529,47.820519],[37.723528,47.820519],[37.723799,47.816891],[37.723729,47.816888],[37.722235,47.816831],[37.722225,47.816946],[37.722226,47.816946],[37.721964,47.820519],[37.721929,47.821002]]]}},{"type":"Feature","properties":{"cadnum":"1421557100:07:000:0330"},"geometry":{"type":"Polygon","coordinates":[[[37.680095,47.829953],[37.681295,47.830025],[37.68164,47.830045],[37.681721,47.829424],[37.680167,47.82934],[37.680095,47.829953]]]}},{"type":"Feature","properties":{"cadnum":"1421557100:07:000:0358"},"geometry":{"type":"Polygon","coordinates":[[[37.679888,47.830013],[37.679894,47.83017],[37.679898,47.830326],[37.679898,47.830546],[37.680104,47.830568],[37.680863,47.830631],[37.681223,47.830622],[37.681357,47.830555],[37.681389,47.830537],[37.681393,47.830514],[37.681402,47.830338],[37.681416,47.830172],[37.68142,47.830067],[37.681286,47.830054],[37.681096,47.830036],[37.680603,47.83],[37.680198,47.829982],[37.679928,47.829949],[37.679924,47.829967],[37.679888,47.830013]]]}},{"type":"Feature","properties":{"cadnum":"1421557100:01:004:0098"},"geometry":{"type":"Polygon","coordinates":[[[37.659852,47.823577],[37.65991,47.824012],[37.660315,47.823988],[37.660269,47.823554],[37.659852,47.823577]]]}},{"type":"Feature","properties":{"cadnum":"1421557100:01:004:0099"},"geometry":{"type":"Polygon","coordinates":[[[37.65991,47.824012],[37.659934,47.824207],[37.659942,47.824268],[37.659988,47.824265],[37.660342,47.824244],[37.660336,47.824189],[37.660315,47.823988],[37.65991,47.824012]]]}},{"type":"Feature","properties":{"cadnum":"1421557100:01:003:0089"},"geometry":{"type":"Polygon","coordinates":[[[37.660646,47.824171],[37.660652,47.824207],[37.660651,47.824207],[37.660755,47.824763],[37.661074,47.824732],[37.660969,47.824323],[37.660925,47.824144],[37.660646,47.824171]]]}},{"type":"Feature","properties":{"cadnum":"1421557100:01:004:0224"},"geometry":{"type":"Polygon","coordinates":[[[37.660093,47.822678],[37.660099,47.8227],[37.660336,47.822685],[37.660336,47.822664],[37.660093,47.822678]]]}},{"type":"Feature","properties":{"cadnum":"1421557100:01:004:0193"},"geometry":{"type":"Polygon","coordinates":[[[37.658598,47.82308],[37.658644,47.823475],[37.658931,47.82346],[37.658886,47.823044],[37.658701,47.823053],[37.658648,47.823074],[37.658598,47.82308]]]}},{"type":"Feature","properties":{"cadnum":"1421557100:01:004:0189"},"geometry":{"type":"Polygon","coordinates":[[[37.660764,47.821292],[37.660791,47.821744],[37.661047,47.82174],[37.66119,47.821737],[37.661172,47.821285],[37.660764,47.821292]]]}},{"type":"Feature","properties":{"cadnum":"1421557100:01:004:0225"},"geometry":{"type":"Polygon","coordinates":[[[37.658868,47.822742],[37.658886,47.823044],[37.658931,47.82346],[37.659169,47.823454],[37.65912,47.822733],[37.658868,47.822742]]]}},{"type":"Feature","properties":{"cadnum":"1421557100:01:004:0163"},"geometry":{"type":"Polygon","coordinates":[[[37.658495,47.822067],[37.658581,47.822718],[37.658594,47.822718],[37.658701,47.822712],[37.658854,47.822706],[37.658768,47.822052],[37.658495,47.822067]]]}},{"type":"Feature","properties":{"cadnum":"1421557100:01:002:0371"},"geometry":{"type":"Polygon","coordinates":[[[37.658575,47.823646],[37.658688,47.824093],[37.659057,47.824081],[37.659011,47.823632],[37.658575,47.823646]]]}},{"type":"Feature","properties":{"cadnum":"1421557100:01:002:0587"},"geometry":{"type":"Polygon","coordinates":[[[37.656051,47.823728],[37.656132,47.824207],[37.656173,47.824446],[37.656424,47.824425],[37.656385,47.824218],[37.65634,47.823976],[37.656303,47.823722],[37.656051,47.823728]]]}},{"type":"Feature","properties":{"cadnum":"1421557100:01:002:0387"},"geometry":{"type":"Polygon","coordinates":[[[37.656537,47.822145],[37.656546,47.822706],[37.656887,47.822691],[37.656833,47.82213],[37.656537,47.822145]]]}},{"type":"Feature","properties":{"cadnum":"1421557100:01:004:0229"},"geometry":{"type":"Polygon","coordinates":[[[37.659011,47.823632],[37.659057,47.824081],[37.659067,47.824207],[37.659066,47.824207],[37.659074,47.824292],[37.659093,47.824292],[37.659294,47.82428],[37.659259,47.823855],[37.659263,47.823855],[37.659236,47.823617],[37.659011,47.823632]]]}},{"type":"Feature","properties":{"cadnum":"1421557100:01:002:0372"},"geometry":{"type":"Polygon","coordinates":[[[37.658688,47.824093],[37.658718,47.824207],[37.658717,47.824207],[37.658747,47.824319],[37.658814,47.824314],[37.659074,47.824296],[37.659057,47.824081],[37.658688,47.824093]]]}},{"type":"Feature","properties":{"cadnum":"1421557100:01:002:0516"},"geometry":{"type":"Polygon","coordinates":[[[37.656416,47.824286],[37.656423,47.824323],[37.656483,47.824642],[37.656739,47.824612],[37.656644,47.824256],[37.656575,47.824265],[37.656416,47.824286]]]}},{"type":"Feature","properties":{"cadnum":"1421557100:01:004:0079"},"geometry":{"type":"Polygon","coordinates":[[[37.655814,47.823746],[37.655894,47.824207],[37.655895,47.824208],[37.655915,47.824323],[37.655944,47.824488],[37.656173,47.824449],[37.656152,47.824323],[37.656051,47.823728],[37.655814,47.823746]]]}},{"type":"Feature","properties":{"cadnum":"1421557100:01:004:0102"},"geometry":{"type":"Polygon","coordinates":[[[37.658701,47.823053],[37.658886,47.823044],[37.658868,47.822706],[37.658701,47.822712],[37.658701,47.823053]]]}},{"type":"Feature","properties":{"cadnum":"1421557100:01:004:0132"},"geometry":{"type":"Polygon","coordinates":[[[37.659569,47.821352],[37.659609,47.821801],[37.660009,47.821783],[37.659969,47.821334],[37.659569,47.821352]]]}},{"type":"Feature","properties":{"cadnum":"1421557100:01:002:0107"},"geometry":{"type":"Polygon","coordinates":[[[37.658042,47.823641],[37.658104,47.824207],[37.658103,47.824207],[37.658118,47.824334],[37.65837,47.82432],[37.658378,47.824319],[37.658298,47.823623],[37.658042,47.823641]]]}},{"type":"Feature","properties":{"cadnum":"1421557100:01:004:0223"},"geometry":{"type":"Polygon","coordinates":[[[37.660099,47.8227],[37.66017,47.823384],[37.660449,47.823369],[37.660336,47.822685],[37.660099,47.8227]]]}},{"type":"Feature","properties":{"cadnum":"1421557100:01:002:0526"},"geometry":{"type":"Polygon","coordinates":[[[37.656231,47.822154],[37.656267,47.822769],[37.65655,47.822757],[37.656537,47.822145],[37.656231,47.822154]]]}},{"type":"Feature","properties":{"cadnum":"1421557100:01:002:0552"},"geometry":{"type":"Polygon","coordinates":[[[37.657449,47.822097],[37.65752,47.822772],[37.657749,47.82276],[37.657718,47.822516],[37.657665,47.822085],[37.657449,47.822097]]]}},{"type":"Feature","properties":{"cadnum":"1421557100:01:002:0615"},"geometry":{"type":"Polygon","coordinates":[[[37.656784,47.82374],[37.656873,47.82412],[37.65734,47.82409],[37.65725,47.823713],[37.656784,47.82374]]]}},{"type":"Feature","properties":{"cadnum":"1421557100:01:004:0217"},"geometry":{"type":"Polygon","coordinates":[[[37.658292,47.823225],[37.658321,47.823487],[37.658644,47.823475],[37.658598,47.82308],[37.658432,47.823104],[37.658464,47.823219],[37.658292,47.823225]]]}},{"type":"Feature","properties":{"cadnum":"1421557100:01:002:0095"},"geometry":{"type":"Polygon","coordinates":[[[37.655679,47.823309],[37.655688,47.823637],[37.65625,47.823617],[37.656244,47.823306],[37.655679,47.823309]]]}},{"type":"Feature","properties":{"cadnum":"1421557100:01:004:0175"},"geometry":{"type":"Polygon","coordinates":[[[37.659169,47.821367],[37.65921,47.821817],[37.659609,47.821801],[37.659569,47.821352],[37.659169,47.821367]]]}},{"type":"Feature","properties":{"cadnum":"1421557100:01:002:0413"},"geometry":{"type":"Polygon","coordinates":[[[37.657579,47.823255],[37.65761,47.823538],[37.658231,47.823514],[37.658185,47.823212],[37.657579,47.823255]]]}},{"type":"Feature","properties":{"cadnum":"1421557100:01:002:0343"},"geometry":{"type":"Polygon","coordinates":[[[37.655908,47.82219],[37.655984,47.822886],[37.656227,47.822877],[37.656177,47.822181],[37.655908,47.82219]]]}},{"type":"Feature","properties":{"cadnum":"1421557100:01:002:0414"},"geometry":{"type":"Polygon","coordinates":[[[37.657561,47.823095],[37.657579,47.823255],[37.658185,47.823212],[37.658162,47.823053],[37.657561,47.823095]]]}},{"type":"Feature","properties":{"cadnum":"1421557100:01:002:0172"},"geometry":{"type":"Polygon","coordinates":[[[37.655648,47.822893],[37.65567,47.823152],[37.65624,47.823156],[37.656227,47.822877],[37.655984,47.822886],[37.655648,47.822893]]]}},{"type":"Feature","properties":{"cadnum":"1421557100:01:002:0096"},"geometry":{"type":"Polygon","coordinates":[[[37.65567,47.823152],[37.655679,47.823309],[37.656244,47.823306],[37.65624,47.823156],[37.65567,47.823152]]]}},{"type":"Feature","properties":{"cadnum":"1421557100:01:002:0388"},"geometry":{"type":"Polygon","coordinates":[[[37.656546,47.822706],[37.65655,47.822826],[37.6569,47.822814],[37.656887,47.822691],[37.656546,47.822706]]]}},{"type":"Feature","properties":{"cadnum":"1421557100:01:002:0340"},"geometry":{"type":"Polygon","coordinates":[[[37.65725,47.823713],[37.657392,47.824323],[37.657393,47.824323],[37.657439,47.824518],[37.657637,47.824506],[37.657583,47.824207],[37.657493,47.823698],[37.65725,47.823713]]]}},{"type":"Feature","properties":{"cadnum":"1421557100:01:004:0101"},"geometry":{"type":"Polygon","coordinates":[[[37.658248,47.822733],[37.658292,47.823225],[37.658464,47.823219],[37.658432,47.823101],[37.658648,47.823074],[37.658701,47.823053],[37.658701,47.822712],[37.658594,47.822718],[37.658248,47.822733]]]}},{"type":"Feature","properties":{"cadnum":"1421557100:06:000:0099"},"geometry":{"type":"Polygon","coordinates":[[[37.614519,47.805018],[37.617273,47.80519],[37.617273,47.805189],[37.622504,47.805513],[37.622648,47.804397],[37.617102,47.804056],[37.614662,47.803905],[37.614519,47.805018]]]}},{"type":"Feature","properties":{"cadnum":"1421557100:06:000:0098"},"geometry":{"type":"Polygon","coordinates":[[[37.61437,47.806183],[37.617273,47.806363],[37.622356,47.806678],[37.622469,47.805784],[37.622504,47.805513],[37.617102,47.805179],[37.614519,47.805018],[37.614409,47.805879],[37.61437,47.806183]]]}},{"type":"Feature","properties":{"cadnum":"1421557100:01:004:0106"},"geometry":{"type":"Polygon","coordinates":[[[37.662596,47.820528],[37.6626,47.820634],[37.662601,47.820634],[37.662601,47.820635],[37.662627,47.821234],[37.662973,47.821219],[37.662952,47.820527],[37.662951,47.820516],[37.662869,47.820519],[37.662868,47.820519],[37.662622,47.820527],[37.662596,47.820528]]]}},{"type":"Feature","properties":{"cadnum":"1421557100:01:004:0124"},"geometry":{"type":"Polygon","coordinates":[[[37.663279,47.820519],[37.663279,47.820571],[37.66328,47.820634],[37.66328,47.820635],[37.663288,47.821135],[37.663602,47.821131],[37.663575,47.820635],[37.663575,47.820634],[37.663566,47.820459],[37.663279,47.82048],[37.663279,47.820519]]]}},{"type":"Feature","properties":{"cadnum":"1421557100:01:004:0114"},"geometry":{"type":"Polygon","coordinates":[[[37.663881,47.82057],[37.663885,47.820634],[37.663886,47.820634],[37.663886,47.820635],[37.663925,47.821138],[37.664258,47.821129],[37.664213,47.820561],[37.663881,47.82057]]]}},{"type":"Feature","properties":{"cadnum":"1421557100:01:004:0211"},"geometry":{"type":"Polygon","coordinates":[[[37.66529,47.820396],[37.665323,47.820519],[37.665322,47.820519],[37.665439,47.820945],[37.665766,47.820908],[37.665663,47.820519],[37.665619,47.820351],[37.66529,47.820396]]]}},{"type":"Feature","properties":{"cadnum":"1421557100:01:004:0108"},"geometry":{"type":"Polygon","coordinates":[[[37.663566,47.820459],[37.663569,47.820519],[37.663568,47.820519],[37.663602,47.821131],[37.663925,47.82114],[37.663886,47.820635],[37.663886,47.820634],[37.663871,47.820438],[37.663566,47.820459]]]}},{"type":"Feature","properties":{"cadnum":"1421557100:01:004:0111"},"geometry":{"type":"Polygon","coordinates":[[[37.66195,47.820574],[37.661951,47.820634],[37.661952,47.820634],[37.661952,47.820635],[37.661971,47.821192],[37.662309,47.821189],[37.662282,47.82055],[37.66195,47.820574]]]}},{"type":"Feature","properties":{"cadnum":"1421557100:01:004:0169"},"geometry":{"type":"Polygon","coordinates":[[[37.665049,47.820423],[37.665067,47.820519],[37.665066,47.820519],[37.665147,47.820936],[37.66543,47.820903],[37.665324,47.820519],[37.665323,47.820519],[37.66529,47.820396],[37.665049,47.820423]]]}},{"type":"Feature","properties":{"cadnum":"1421557100:06:000:0025"},"geometry":{"type":"Polygon","coordinates":[[[37.619773,47.840508],[37.620869,47.840593],[37.621164,47.839073],[37.621165,47.839073],[37.621907,47.835271],[37.622064,47.834469],[37.621813,47.834454],[37.620425,47.834361],[37.620315,47.835386],[37.620316,47.835386],[37.619937,47.838958],[37.619773,47.840508]]]}},{"type":"Feature","properties":{"cadnum":"1421557100:07:000:0352"},"geometry":{"type":"Polygon","coordinates":[[[37.683827,47.828876],[37.683989,47.829066],[37.685104,47.829216],[37.687632,47.829449],[37.688513,47.829441],[37.689932,47.829428],[37.6907,47.82966],[37.691819,47.829696],[37.693421,47.829823],[37.694006,47.829751],[37.694006,47.829752],[37.69458,47.829681],[37.695232,47.829596],[37.696484,47.829283],[37.696643,47.829234],[37.69485,47.82909],[37.694178,47.829093],[37.691517,47.829102],[37.688664,47.829057],[37.687884,47.829044],[37.684303,47.828979],[37.683827,47.828876]]]}},{"type":"Feature","properties":{"cadnum":"1421557100:07:000:0190"},"geometry":{"type":"Polygon","coordinates":[[[37.700626,47.857294],[37.7007,47.85739],[37.700699,47.85739],[37.700782,47.857496],[37.700789,47.857505],[37.701142,47.857957],[37.703119,47.85739],[37.703421,47.857304],[37.703591,47.856523],[37.704084,47.856568],[37.704157,47.856583],[37.704201,47.85658],[37.704377,47.856556],[37.704484,47.856553],[37.70475,47.856534],[37.704556,47.856167],[37.700626,47.857294]]]}},{"type":"Feature","properties":{"cadnum":"1421557100:07:000:0192"},"geometry":{"type":"Polygon","coordinates":[[[37.699836,47.856288],[37.700239,47.856803],[37.703986,47.855727],[37.703801,47.855658],[37.703738,47.855649],[37.70395,47.855109],[37.699836,47.856288]]]}},{"type":"Feature","properties":{"cadnum":"1421557100:07:000:0191"},"geometry":{"type":"Polygon","coordinates":[[[37.700239,47.856803],[37.700626,47.857294],[37.704556,47.856167],[37.70426,47.855609],[37.704071,47.85576],[37.704071,47.855761],[37.703986,47.855727],[37.700239,47.856803]]]}},{"type":"Feature","properties":{"cadnum":"1421557100:07:000:0189"},"geometry":{"type":"Polygon","coordinates":[[[37.701142,47.857957],[37.702077,47.859151],[37.703083,47.858861],[37.703402,47.85739],[37.703421,47.857304],[37.702716,47.857505],[37.702717,47.857505],[37.702717,47.857506],[37.702716,47.857506],[37.701142,47.857957]]]}},{"type":"Feature","properties":{"cadnum":"1421557100:06:000:0144"},"geometry":{"type":"Polygon","coordinates":[[[37.641073,47.812303],[37.641765,47.81262],[37.641876,47.812672],[37.641876,47.812636],[37.641998,47.812636],[37.641993,47.812717],[37.641992,47.812717],[37.641948,47.812717],[37.642159,47.81288],[37.642487,47.813136],[37.644567,47.812858],[37.650061,47.81212],[37.651164,47.811972],[37.651084,47.811348],[37.651034,47.810968],[37.650061,47.811098],[37.650061,47.811099],[37.644567,47.811835],[37.641723,47.812216],[37.641459,47.812249],[37.641073,47.812303]]]}},{"type":"Feature","properties":{"cadnum":"1421557100:06:000:0145"},"geometry":{"type":"Polygon","coordinates":[[[37.640201,47.811486],[37.64052,47.81205],[37.641073,47.812303],[37.641459,47.812249],[37.641723,47.812216],[37.644739,47.811812],[37.650232,47.811076],[37.650232,47.811075],[37.651034,47.810968],[37.651003,47.81072],[37.650918,47.81005],[37.650061,47.810165],[37.650061,47.810166],[37.644739,47.81088],[37.644739,47.810879],[37.641162,47.811359],[37.640771,47.811411],[37.640201,47.811486]],[[37.641176,47.811737],[37.641149,47.811737],[37.641149,47.811719],[37.641176,47.811719],[37.641176,47.811737]]]}},{"type":"Feature","properties":{"cadnum":"1421557100:03:000:0102"},"geometry":{"type":"Polygon","coordinates":[[[37.70262,47.82441],[37.702975,47.824413],[37.702977,47.824207],[37.702976,47.824207],[37.702979,47.823906],[37.702625,47.823903],[37.702621,47.824207],[37.702621,47.824229],[37.70262,47.824323],[37.70262,47.82441]]]}},{"type":"Feature","properties":{"cadnum":"1421557100:03:000:0115"},"geometry":{"type":"Polygon","coordinates":[[[37.701673,47.823755],[37.702472,47.823764],[37.702476,47.823541],[37.701677,47.823532],[37.701673,47.823755]]]}},{"type":"Feature","properties":{"cadnum":"1421557100:03:000:0040"},"geometry":{"type":"Polygon","coordinates":[[[37.701574,47.823466],[37.702482,47.82346],[37.70249,47.823143],[37.701583,47.823116],[37.701574,47.823466]]]}},{"type":"Feature","properties":{"cadnum":"1421557100:03:000:0042"},"geometry":{"type":"Polygon","coordinates":[[[37.701273,47.824003],[37.702467,47.824017],[37.702472,47.823764],[37.701281,47.823753],[37.701273,47.824003]]]}},{"type":"Feature","properties":{"cadnum":"1421557100:03:000:0046"},"geometry":{"type":"Polygon","coordinates":[[[37.701817,47.821243],[37.701977,47.82124],[37.702585,47.821228],[37.702606,47.820842],[37.701839,47.820848],[37.701817,47.821243]]]}},{"type":"Feature","properties":{"cadnum":"1421557100:03:000:0093"},"geometry":{"type":"Polygon","coordinates":[[[37.703331,47.823438],[37.704027,47.823445],[37.704031,47.823011],[37.703335,47.823007],[37.703331,47.823438]]]}},{"type":"Feature","properties":{"cadnum":"1421557100:03:000:0077"},"geometry":{"type":"Polygon","coordinates":[[[37.702696,47.822577],[37.703132,47.822582],[37.703151,47.822169],[37.702715,47.822166],[37.702696,47.822577]]]}},{"type":"Feature","properties":{"cadnum":"1421557100:03:000:0103"},"geometry":{"type":"Polygon","coordinates":[[[37.702975,47.824413],[37.703801,47.824419],[37.703803,47.824323],[37.703811,47.823912],[37.702979,47.823906],[37.702975,47.824323],[37.702976,47.824323],[37.702975,47.824413]]]}},{"type":"Feature","properties":{"cadnum":"1421557100:03:000:0059"},"geometry":{"type":"Polygon","coordinates":[[[37.701991,47.824446],[37.702405,47.824452],[37.702428,47.824284],[37.702467,47.824017],[37.702054,47.824012],[37.702025,47.824207],[37.702024,47.824207],[37.701991,47.824446]]]}},{"type":"Feature","properties":{"cadnum":"1421557100:03:000:0092"},"geometry":{"type":"Polygon","coordinates":[[[37.702633,47.823433],[37.703331,47.823438],[37.703335,47.823007],[37.702643,47.823002],[37.702633,47.823433]]]}},{"type":"Feature","properties":{"cadnum":"1421557100:03:000:0060"},"geometry":{"type":"Polygon","coordinates":[[[37.701157,47.824437],[37.701991,47.824446],[37.702008,47.824323],[37.702054,47.824012],[37.701218,47.824003],[37.701189,47.824207],[37.701157,47.824437]]]}},{"type":"Feature","properties":{"cadnum":"1421557100:03:000:0078"},"geometry":{"type":"Polygon","coordinates":[[[37.703132,47.822582],[37.70444,47.822597],[37.704463,47.822184],[37.703151,47.822169],[37.703132,47.822582]]]}},{"type":"Feature","properties":{"cadnum":"1421557100:03:000:0037"},"geometry":{"type":"Polygon","coordinates":[[[37.703482,47.8214],[37.704503,47.821394],[37.704497,47.82099],[37.703496,47.820996],[37.703482,47.8214]]]}},{"type":"Feature","properties":{"cadnum":"1421557100:03:000:0036"},"geometry":{"type":"Polygon","coordinates":[[[37.702742,47.821403],[37.703482,47.8214],[37.703496,47.820996],[37.70275,47.820999],[37.702742,47.821403]]]}},{"type":"Feature","properties":{"cadnum":"1421557100:03:000:0047"},"geometry":{"type":"Polygon","coordinates":[[[37.701075,47.821524],[37.701964,47.821511],[37.701977,47.82124],[37.701817,47.821243],[37.701839,47.820848],[37.701111,47.820851],[37.701075,47.821524]]]}},{"type":"Feature","properties":{"cadnum":"1421557100:03:000:0041"},"geometry":{"type":"Polygon","coordinates":[[[37.701403,47.823466],[37.701404,47.823466],[37.701574,47.823466],[37.701583,47.823116],[37.701412,47.823113],[37.701403,47.823466]]]}},{"type":"Feature","properties":{"cadnum":"1421557100:03:000:0114"},"geometry":{"type":"Polygon","coordinates":[[[37.701044,47.823749],[37.701673,47.823755],[37.701677,47.823532],[37.701048,47.823523],[37.701044,47.823749]]]}},{"type":"Feature","properties":{"cadnum":"1421557100:03:000:0043"},"geometry":{"type":"Polygon","coordinates":[[[37.701039,47.823999],[37.701273,47.824003],[37.701281,47.823753],[37.701044,47.823749],[37.701039,47.823999]]]}},{"type":"Feature","properties":{"cadnum":"1421557100:05:000:0011"},"geometry":{"type":"Polygon","coordinates":[[[37.716199,47.837337],[37.716359,47.837337],[37.716409,47.836414],[37.716216,47.836414],[37.716199,47.837337]]]}},{"type":"Feature","properties":{"cadnum":"1421557100:05:000:0030"},"geometry":{"type":"Polygon","coordinates":[[[37.71791,47.836311],[37.717963,47.836513],[37.717959,47.836745],[37.71834,47.836749],[37.718346,47.836284],[37.718183,47.836281],[37.71791,47.836311]]]}},{"type":"Feature","properties":{"cadnum":"1421557100:05:000:0005"},"geometry":{"type":"Polygon","coordinates":[[[37.716531,47.837324],[37.716801,47.83731],[37.716845,47.836405],[37.716558,47.836405],[37.716531,47.837324]]]}},{"type":"Feature","properties":{"cadnum":"1421557100:08:000:0463"},"geometry":{"type":"Polygon","coordinates":[[[37.718875,47.838042],[37.7202,47.838036],[37.7202,47.837828],[37.720201,47.837828],[37.720784,47.837822],[37.720807,47.837445],[37.721216,47.837445],[37.721265,47.837161],[37.72095,47.837152],[37.720982,47.836378],[37.721418,47.836399],[37.72144,47.836215],[37.721112,47.8362],[37.72113,47.835931],[37.720825,47.83592],[37.720807,47.836064],[37.720155,47.836052],[37.720151,47.836257],[37.719055,47.836245],[37.719059,47.837737],[37.718885,47.837737],[37.718875,47.838042]]]}},{"type":"Feature","properties":{"cadnum":"1421557100:05:000:0020"},"geometry":{"type":"Polygon","coordinates":[[[37.717816,47.83582],[37.718313,47.835823],[37.718319,47.835657],[37.717824,47.835645],[37.717816,47.83582]]]}},{"type":"Feature","properties":{"cadnum":"1421557100:05:000:0019"},"geometry":{"type":"Polygon","coordinates":[[[37.717807,47.836224],[37.718179,47.836155],[37.718313,47.836155],[37.718313,47.835823],[37.717816,47.83582],[37.717807,47.836224]]]}},{"type":"Feature","properties":{"cadnum":"1421557100:05:000:0012"},"geometry":{"type":"Polygon","coordinates":[[[37.717174,47.836323],[37.717407,47.836318],[37.717434,47.83601],[37.717434,47.835654],[37.717214,47.835648],[37.717195,47.835898],[37.717174,47.836323]]]}},{"type":"Feature","properties":{"cadnum":"1421557100:05:000:0007"},"geometry":{"type":"Polygon","coordinates":[[[37.716499,47.836327],[37.716728,47.836327],[37.716746,47.835956],[37.716746,47.835645],[37.716508,47.835633],[37.716504,47.835938],[37.716499,47.836327]]]}},{"type":"Feature","properties":{"cadnum":"1421557100:05:000:0031"},"geometry":{"type":"Polygon","coordinates":[[[37.717941,47.837279],[37.718692,47.837285],[37.718786,47.836607],[37.71879,47.836291],[37.718346,47.836284],[37.71834,47.836749],[37.717959,47.836745],[37.717941,47.837279]]]}},{"type":"Feature","properties":{"cadnum":"1421557100:08:000:0045"},"geometry":{"type":"Polygon","coordinates":[[[37.713773,47.838944],[37.715979,47.838986],[37.715979,47.838987],[37.720955,47.839082],[37.720957,47.839037],[37.720973,47.83875],[37.720969,47.838609],[37.718768,47.838582],[37.715979,47.838529],[37.715979,47.83853],[37.713916,47.838491],[37.713795,47.838488],[37.713773,47.838944]]]}},{"type":"Feature","properties":{"cadnum":"1421557100:05:000:0029"},"geometry":{"type":"Polygon","coordinates":[[[37.718399,47.835684],[37.718399,47.835907],[37.719212,47.835907],[37.719208,47.83604],[37.719262,47.83604],[37.719262,47.83601],[37.719239,47.83601],[37.719239,47.835907],[37.719715,47.835907],[37.719715,47.835684],[37.718399,47.835684]]]}},{"type":"Feature","properties":{"cadnum":"1421557100:08:000:0458"},"geometry":{"type":"Polygon","coordinates":[[[37.72126,47.838425],[37.721472,47.838429],[37.721472,47.83843],[37.72585,47.838509],[37.725846,47.837635],[37.721472,47.837556],[37.721336,47.837554],[37.72126,47.838425]]]}},{"type":"Feature","properties":{"cadnum":"1421557100:05:000:0003"},"geometry":{"type":"Polygon","coordinates":[[[37.716118,47.836323],[37.716311,47.836323],[37.716315,47.835612],[37.716122,47.835612],[37.716118,47.836323]]]}},{"type":"Feature","properties":{"cadnum":"1421557100:08:000:0048"},"geometry":{"type":"Polygon","coordinates":[[[37.721336,47.837554],[37.721643,47.83756],[37.721643,47.837559],[37.721644,47.837559],[37.725846,47.837635],[37.725846,47.837547],[37.725833,47.837315],[37.725842,47.837011],[37.72547,47.836987],[37.72547,47.836986],[37.7255,47.836767],[37.724858,47.83673],[37.724858,47.836426],[37.724867,47.835865],[37.722267,47.835775],[37.722065,47.835766],[37.721759,47.836206],[37.721732,47.836435],[37.721615,47.836749],[37.721436,47.837095],[37.721342,47.837152],[37.721319,47.83733],[37.721342,47.837518],[37.721336,47.837554]]]}},{"type":"Feature","properties":{"cadnum":"1421557100:01:002:0124"},"geometry":{"type":"Polygon","coordinates":[[[37.660489,47.83929],[37.660867,47.839474],[37.661001,47.839344],[37.661024,47.839326],[37.660961,47.839293],[37.660655,47.839133],[37.660489,47.83929]]]}},{"type":"Feature","properties":{"cadnum":"1421557100:01:002:0117"},"geometry":{"type":"Polygon","coordinates":[[[37.659623,47.839507],[37.659973,47.8397],[37.66035,47.839393],[37.66,47.839199],[37.659623,47.839507]]]}},{"type":"Feature","properties":{"cadnum":"1421557100:01:002:0476"},"geometry":{"type":"Polygon","coordinates":[[[37.656519,47.839601],[37.656667,47.839784],[37.656802,47.839773],[37.657116,47.840083],[37.657305,47.83999],[37.656816,47.839474],[37.656519,47.839601]]]}},{"type":"Feature","properties":{"cadnum":"1421557100:01:002:0469"},"geometry":{"type":"Polygon","coordinates":[[[37.656236,47.839266],[37.656474,47.83951],[37.656753,47.839398],[37.656537,47.839163],[37.656236,47.839266]]]}},{"type":"Feature","properties":{"cadnum":"1421557100:01:001:0241"},"geometry":{"type":"Polygon","coordinates":[[[37.656877,47.84165],[37.657781,47.842582],[37.65784,47.842645],[37.657839,47.842645],[37.660036,47.845018],[37.660283,47.844912],[37.65824,47.842645],[37.658073,47.842459],[37.658225,47.842392],[37.658141,47.842314],[37.658212,47.842278],[37.657925,47.841988],[37.657835,47.84203],[37.657696,47.841898],[37.657556,47.841967],[37.657063,47.841569],[37.656877,47.84165]]]}},{"type":"Feature","properties":{"cadnum":"1421557100:01:002:0367"},"geometry":{"type":"Polygon","coordinates":[[[37.656986,47.839332],[37.657273,47.839616],[37.657386,47.839513],[37.657552,47.839357],[37.657179,47.839169],[37.656986,47.839332]]]}},{"type":"Feature","properties":{"cadnum":"1421557100:01:002:0613"},"geometry":{"type":"Polygon","coordinates":[[[37.657561,47.840023],[37.657862,47.840282],[37.658046,47.840128],[37.657682,47.839929],[37.657561,47.840023]]]}},{"type":"Feature","properties":{"cadnum":"1421557100:01:002:0543"},"geometry":{"type":"Polygon","coordinates":[[[37.6589,47.840092],[37.659259,47.840294],[37.659424,47.840155],[37.65907,47.839954],[37.6589,47.840092]]]}},{"type":"Feature","properties":{"cadnum":"1421557100:01:002:0531"},"geometry":{"type":"Polygon","coordinates":[[[37.657866,47.840233],[37.658131,47.840514],[37.658414,47.840282],[37.658055,47.84008],[37.657866,47.840233]]]}},{"type":"Feature","properties":{"cadnum":"1421557100:01:002:0331"},"geometry":{"type":"Polygon","coordinates":[[[37.660799,47.839773],[37.660853,47.839806],[37.660929,47.839854],[37.661047,47.839926],[37.661047,47.839927],[37.661267,47.840062],[37.661738,47.839712],[37.661374,47.839513],[37.661294,47.839471],[37.661212,47.839429],[37.660799,47.839773]],[[37.660894,47.839733],[37.660907,47.839724],[37.660908,47.839724],[37.660921,47.839733],[37.660908,47.839746],[37.660907,47.839746],[37.660894,47.839733]]]}},{"type":"Feature","properties":{"cadnum":"1421557100:01:002:0118"},"geometry":{"type":"Polygon","coordinates":[[[37.659973,47.8397],[37.659986,47.839706],[37.660156,47.83957],[37.660323,47.839431],[37.660494,47.839296],[37.66013,47.839094],[37.66,47.839199],[37.660349,47.839393],[37.659973,47.8397]]]}},{"type":"Feature","properties":{"cadnum":"1421557100:01:002:0569"},"geometry":{"type":"Polygon","coordinates":[[[37.658397,47.839824],[37.658751,47.840028],[37.658917,47.839893],[37.658567,47.839688],[37.658397,47.839824]]]}},{"type":"Feature","properties":{"cadnum":"1421557100:01:002:0579"},"geometry":{"type":"Polygon","coordinates":[[[37.659452,47.839646],[37.65982,47.839836],[37.659977,47.839703],[37.659973,47.8397],[37.659623,47.839507],[37.659452,47.839646]]]}},{"type":"Feature","properties":{"cadnum":"1421557100:06:000:0298"},"geometry":{"type":"Polygon","coordinates":[[[37.659218,47.84121],[37.65925,47.841675],[37.661047,47.842405],[37.661571,47.842618],[37.661797,47.842613],[37.662946,47.842139],[37.661047,47.841266],[37.65982,47.840701],[37.659218,47.84121]]]}},{"type":"Feature","properties":{"cadnum":"1421557100:01:002:0540"},"geometry":{"type":"Polygon","coordinates":[[[37.660148,47.839574],[37.660521,47.839782],[37.660696,47.839646],[37.660323,47.839431],[37.660156,47.83957],[37.660148,47.839574]]]}},{"type":"Feature","properties":{"cadnum":"1421557100:08:000:0049"},"geometry":{"type":"Polygon","coordinates":[[[37.721853,47.832926],[37.721867,47.83399],[37.726965,47.834097],[37.72699,47.834097],[37.727137,47.8341],[37.727615,47.83411],[37.727674,47.832973],[37.726965,47.832968],[37.721853,47.832926]]]}},{"type":"Feature","properties":{"cadnum":"1421557100:08:000:0050"},"geometry":{"type":"Polygon","coordinates":[[[37.721839,47.831837],[37.721853,47.832926],[37.727137,47.83297],[37.727137,47.832969],[37.727674,47.832973],[37.727733,47.831888],[37.726965,47.831882],[37.721839,47.831837]]]}},{"type":"Feature","properties":{"cadnum":"1421557100:06:000:0266"},"geometry":{"type":"Polygon","coordinates":[[[37.681892,47.849738],[37.682628,47.850133],[37.68302,47.850343],[37.68302,47.850344],[37.683055,47.850362],[37.683191,47.850436],[37.683191,47.850435],[37.683724,47.850721],[37.684458,47.850133],[37.684459,47.850133],[37.684987,47.849711],[37.683123,47.849539],[37.683191,47.848701],[37.683194,47.848668],[37.683086,47.848758],[37.681892,47.849738]]]}},{"type":"Feature","properties":{"cadnum":"1421557100:07:000:0005"},"geometry":{"type":"Polygon","coordinates":[[[37.683055,47.850362],[37.683191,47.850436],[37.683191,47.850435],[37.687475,47.852728],[37.687718,47.852276],[37.68823,47.85035],[37.688272,47.850085],[37.688283,47.850015],[37.683123,47.849539],[37.683083,47.850018],[37.683055,47.850362]]]}},{"type":"Feature","properties":{"cadnum":"1421557100:07:000:0102"},"geometry":{"type":"Polygon","coordinates":[[[37.659074,47.806952],[37.65908,47.809091],[37.661047,47.809197],[37.664483,47.809381],[37.664478,47.807519],[37.663988,47.807531],[37.661219,47.807206],[37.661219,47.807205],[37.659074,47.806952]]]}},{"type":"Feature","properties":{"cadnum":"1421557100:06:000:0056"},"geometry":{"type":"Polygon","coordinates":[[[37.612372,47.821593],[37.617273,47.821944],[37.617273,47.821943],[37.621201,47.822224],[37.621309,47.821307],[37.617102,47.821005],[37.617102,47.821006],[37.612483,47.820673],[37.612372,47.821593]]]}},{"type":"Feature","properties":{"cadnum":"1421557100:06:000:0058"},"geometry":{"type":"Polygon","coordinates":[[[37.612152,47.823429],[37.617273,47.823796],[37.620977,47.82406],[37.621089,47.82314],[37.617102,47.822856],[37.612259,47.82251],[37.612152,47.823429]]]}},{"type":"Feature","properties":{"cadnum":"1421557100:06:000:0057"},"geometry":{"type":"Polygon","coordinates":[[[37.612259,47.82251],[37.617273,47.822868],[37.621089,47.82314],[37.621201,47.822224],[37.617102,47.821931],[37.612372,47.821593],[37.612272,47.822401],[37.612259,47.82251]]]}},{"type":"Feature","properties":{"cadnum":"1421557100:07:000:0023"},"geometry":{"type":"Polygon","coordinates":[[[37.663485,47.838033],[37.663559,47.839073],[37.663615,47.83986],[37.666621,47.841478],[37.666541,47.838958],[37.666508,47.837885],[37.663485,47.838033]]]}},{"type":"Feature","properties":{"cadnum":"1421557100:07:000:0334"},"geometry":{"type":"Polygon","coordinates":[[[37.66221,47.805293],[37.663095,47.805202],[37.664842,47.802379],[37.664047,47.802324],[37.66221,47.805293]]]}},{"type":"Feature","properties":{"cadnum":"1421557100:07:000:0333"},"geometry":{"type":"Polygon","coordinates":[[[37.661365,47.805383],[37.66221,47.805293],[37.664047,47.802324],[37.663288,47.802276],[37.661365,47.805383]]]}},{"type":"Feature","properties":{"cadnum":"1421557100:07:000:0336"},"geometry":{"type":"Polygon","coordinates":[[[37.664034,47.805103],[37.664213,47.805085],[37.664877,47.805193],[37.666544,47.802494],[37.665682,47.802436],[37.664034,47.805103]]]}},{"type":"Feature","properties":{"cadnum":"1421557100:07:000:0335"},"geometry":{"type":"Polygon","coordinates":[[[37.663095,47.805202],[37.664034,47.805103],[37.665682,47.802436],[37.664842,47.802379],[37.663095,47.805202]]]}},{"type":"Feature","properties":{"cadnum":"1421557100:07:000:0143"},"geometry":{"type":"Polygon","coordinates":[[[37.691593,47.812104],[37.69184,47.812192],[37.692169,47.812216],[37.693295,47.812247],[37.694178,47.812254],[37.694178,47.812253],[37.694526,47.812256],[37.695559,47.812261],[37.695429,47.811779],[37.695335,47.811259],[37.695268,47.810883],[37.695326,47.81049],[37.694056,47.810843],[37.69357,47.811073],[37.692662,47.811468],[37.69189,47.811715],[37.691607,47.811887],[37.691593,47.812104]],[[37.694006,47.811823],[37.693804,47.811821],[37.693803,47.811821],[37.693803,47.81182],[37.693821,47.810977],[37.694178,47.810982],[37.694178,47.810981],[37.695245,47.810995],[37.695222,47.811838],[37.695222,47.811839],[37.694006,47.811823]]]}},{"type":"Feature","properties":{"cadnum":"1421557100:07:000:0119"},"geometry":{"type":"Polygon","coordinates":[[[37.693803,47.811821],[37.694178,47.811826],[37.694178,47.811825],[37.695222,47.811839],[37.695245,47.810995],[37.694006,47.810979],[37.693821,47.810977],[37.693803,47.811821]]]}},{"type":"Feature","properties":{"cadnum":"1421557100:08:000:0426"},"geometry":{"type":"Polygon","coordinates":[[[37.69975,47.843595],[37.70457,47.843846],[37.704723,47.84276],[37.704767,47.842452],[37.702337,47.842344],[37.699907,47.842235],[37.699859,47.842645],[37.699854,47.842686],[37.699845,47.84276],[37.69975,47.843595]]]}},{"type":"Feature","properties":{"cadnum":"1421557100:08:000:0002"},"geometry":{"type":"Polygon","coordinates":[[[37.702337,47.842344],[37.704767,47.842452],[37.704807,47.842172],[37.704902,47.840122],[37.704916,47.839601],[37.704849,47.839601],[37.702526,47.839583],[37.702337,47.842344]]]}},{"type":"Feature","properties":{"cadnum":"1421557100:06:000:0124"},"geometry":{"type":"Polygon","coordinates":[[[37.637721,47.814539],[37.638237,47.815929],[37.639002,47.815902],[37.639074,47.8159],[37.639271,47.815893],[37.644468,47.815706],[37.644199,47.815278],[37.643107,47.814346],[37.640668,47.814433],[37.640377,47.814442],[37.639246,47.814484],[37.637721,47.814539]],[[37.640174,47.814789],[37.64017,47.814807],[37.640147,47.814807],[37.640147,47.814789],[37.640174,47.814789]],[[37.639451,47.815555],[37.639451,47.81557],[37.639424,47.81557],[37.639424,47.815555],[37.639451,47.815555]]]}},{"type":"Feature","properties":{"cadnum":"1421557100:03:000:0065"},"geometry":{"type":"Polygon","coordinates":[[[37.703379,47.808811],[37.703779,47.808813],[37.703807,47.808364],[37.703406,47.808361],[37.703379,47.808811]]]}},{"type":"Feature","properties":{"cadnum":"1421557100:03:000:0087"},"geometry":{"type":"Polygon","coordinates":[[[37.702279,47.808741],[37.703268,47.808774],[37.703298,47.80833],[37.70231,47.80833],[37.702279,47.808741]]]}},{"type":"Feature","properties":{"cadnum":"1421557100:03:000:0044"},"geometry":{"type":"Polygon","coordinates":[[[37.704067,47.809568],[37.704067,47.809571],[37.704723,47.809577],[37.704723,47.809554],[37.704731,47.809119],[37.704075,47.809112],[37.704069,47.809453],[37.704068,47.809453],[37.704067,47.809563],[37.704067,47.809568]]]}},{"type":"Feature","properties":{"cadnum":"1421557100:03:000:0045"},"geometry":{"type":"Polygon","coordinates":[[[37.703411,47.809568],[37.703412,47.809568],[37.704067,47.809571],[37.704067,47.809563],[37.704075,47.809112],[37.703421,47.80911],[37.703413,47.809453],[37.703412,47.809453],[37.703411,47.809568]]]}},{"type":"Feature","properties":{"cadnum":"1421557100:03:000:0066"},"geometry":{"type":"Polygon","coordinates":[[[37.703779,47.808813],[37.704862,47.808822],[37.704889,47.808373],[37.703807,47.808364],[37.703779,47.808813]]]}},{"type":"Feature","properties":{"cadnum":"1421557100:03:000:0086"},"geometry":{"type":"Polygon","coordinates":[[[37.70231,47.80833],[37.703298,47.80833],[37.703316,47.80808],[37.702922,47.808068],[37.70231,47.80833]]]}},{"type":"Feature","properties":{"cadnum":"1421557100:08:000:0061"},"geometry":{"type":"Polygon","coordinates":[[[37.718686,47.824413],[37.720524,47.824482],[37.720544,47.824207],[37.720543,47.824207],[37.72078,47.821005],[37.718942,47.820936],[37.718692,47.824323],[37.718693,47.824323],[37.718686,47.824413]]]}},{"type":"Feature","properties":{"cadnum":"1421557100:08:000:0062"},"geometry":{"type":"Polygon","coordinates":[[[37.716904,47.824346],[37.718686,47.824413],[37.718701,47.824207],[37.7187,47.824207],[37.718942,47.820936],[37.71716,47.820869],[37.716914,47.824207],[37.716913,47.824207],[37.716908,47.824283],[37.716905,47.824323],[37.716906,47.824323],[37.716904,47.824346]]]}},{"type":"Feature","properties":{"cadnum":"1421557100:02:000:0454"},"geometry":{"type":"Polygon","coordinates":[[[37.722419,47.850435],[37.722518,47.850555],[37.723233,47.850983],[37.724145,47.851646],[37.724391,47.851646],[37.724432,47.850455],[37.722419,47.850435]]]}},{"type":"Feature","properties":{"cadnum":"1421557100:02:000:0445"},"geometry":{"type":"Polygon","coordinates":[[[37.724458,47.851646],[37.725801,47.851637],[37.726583,47.851047],[37.726965,47.850915],[37.727069,47.850879],[37.727137,47.850856],[37.727395,47.850766],[37.727405,47.850549],[37.727137,47.850547],[37.727137,47.850546],[37.724495,47.850519],[37.724458,47.851646]]]}},{"type":"Feature","properties":{"cadnum":"1421557100:08:000:0069"},"geometry":{"type":"Polygon","coordinates":[[[37.725087,47.821122],[37.726722,47.821183],[37.726762,47.820635],[37.726762,47.820634],[37.727015,47.817202],[37.72538,47.81713],[37.725131,47.820519],[37.72513,47.820519],[37.725087,47.821122]]]}},{"type":"Feature","properties":{"cadnum":"1421557100:08:000:0068"},"geometry":{"type":"Polygon","coordinates":[[[37.723489,47.821062],[37.725087,47.821122],[37.725122,47.820635],[37.725122,47.820634],[37.72538,47.81713],[37.724566,47.817094],[37.724566,47.817093],[37.724571,47.816928],[37.724463,47.816922],[37.724462,47.816922],[37.724462,47.816921],[37.724462,47.816915],[37.723799,47.816891],[37.72352,47.820634],[37.72352,47.820635],[37.723489,47.821062]]]}},{"type":"Feature","properties":{"cadnum":"1421557100:03:000:0119"},"geometry":{"type":"Polygon","coordinates":[[[37.659321,47.826415],[37.659483,47.827121],[37.659564,47.827112],[37.659397,47.826409],[37.659321,47.826415]]]}},{"type":"Feature","properties":{"cadnum":"1421557100:01:003:0249"},"geometry":{"type":"Polygon","coordinates":[[[37.660279,47.827926],[37.66028,47.828011],[37.660281,47.828011],[37.660283,47.828074],[37.660629,47.828049],[37.660625,47.827899],[37.660279,47.827926]]]}},{"type":"Feature","properties":{"cadnum":"1421557100:01:003:0126"},"geometry":{"type":"Polygon","coordinates":[[[37.660902,47.82789],[37.660908,47.827923],[37.661047,47.827914],[37.661199,47.827904],[37.661195,47.827875],[37.660902,47.82789]]]}},{"type":"Feature","properties":{"cadnum":"1421557100:01:002:0582"},"geometry":{"type":"Polygon","coordinates":[[[37.656231,47.828107],[37.656802,47.828076],[37.656816,47.827908],[37.656357,47.827926],[37.656298,47.828011],[37.656231,47.828107]]]}},{"type":"Feature","properties":{"cadnum":"1421557100:01:002:0598"},"geometry":{"type":"Polygon","coordinates":[[[37.658208,47.826611],[37.658271,47.826711],[37.658288,47.826862],[37.658325,47.827],[37.658334,47.827072],[37.658334,47.827073],[37.658365,47.827115],[37.658374,47.82716],[37.658382,47.827163],[37.658382,47.827164],[37.658378,47.827208],[37.658544,47.827193],[37.658535,47.826976],[37.658544,47.826542],[37.658374,47.826515],[37.658208,47.826611]]]}},{"type":"Feature","properties":{"cadnum":"1421557100:01:003:0222"},"geometry":{"type":"Polygon","coordinates":[[[37.657866,47.827432],[37.657952,47.827904],[37.658307,47.827859],[37.658221,47.827398],[37.657866,47.827432]]]}},{"type":"Feature","properties":{"cadnum":"1421557100:01:004:0110"},"geometry":{"type":"Polygon","coordinates":[[[37.655719,47.82454],[37.655738,47.824624],[37.655738,47.824627],[37.655967,47.824606],[37.655948,47.824524],[37.655719,47.82454]]]}},{"type":"Feature","properties":{"cadnum":"1421557100:01:003:0092"},"geometry":{"type":"Polygon","coordinates":[[[37.660292,47.827803],[37.660296,47.827926],[37.660625,47.827899],[37.660615,47.827787],[37.660292,47.827803]]]}},{"type":"Feature","properties":{"cadnum":"1421557100:01:003:0050"},"geometry":{"type":"Polygon","coordinates":[[[37.659137,47.827335],[37.659221,47.827895],[37.65922,47.827895],[37.659236,47.827998],[37.659501,47.827989],[37.65947,47.827763],[37.659403,47.827317],[37.659137,47.827335]]]}},{"type":"Feature","properties":{"cadnum":"1421557100:01:003:0076"},"geometry":{"type":"Polygon","coordinates":[[[37.66013,47.826306],[37.660372,47.826331],[37.660363,47.826373],[37.660359,47.826388],[37.660646,47.826388],[37.660862,47.82608],[37.660602,47.826093],[37.660376,47.826304],[37.660135,47.826279],[37.66013,47.826306]]]}},{"type":"Feature","properties":{"cadnum":"1421557100:01:003:0091"},"geometry":{"type":"Polygon","coordinates":[[[37.660252,47.827244],[37.660292,47.827803],[37.660615,47.827787],[37.660571,47.827226],[37.660252,47.827244]]]}},{"type":"Feature","properties":{"cadnum":"1421557100:01:003:0204"},"geometry":{"type":"Polygon","coordinates":[[[37.659519,47.825125],[37.659587,47.825384],[37.659887,47.825375],[37.659852,47.825106],[37.659519,47.825125]]]}},{"type":"Feature","properties":{"cadnum":"1421557100:01:003:0090"},"geometry":{"type":"Polygon","coordinates":[[[37.660755,47.824763],[37.660777,47.824902],[37.661101,47.82485],[37.661074,47.824732],[37.660755,47.824763]]]}},{"type":"Feature","properties":{"cadnum":"1421557100:01:003:0077"},"geometry":{"type":"Polygon","coordinates":[[[37.659963,47.827082],[37.66022,47.827066],[37.660359,47.826388],[37.660363,47.826373],[37.660122,47.826346],[37.659963,47.827081],[37.659963,47.827082]]]}},{"type":"Feature","properties":{"cadnum":"1421557100:01:002:0259"},"geometry":{"type":"Polygon","coordinates":[[[37.657273,47.82456],[37.6573,47.824694],[37.657489,47.824657],[37.657453,47.824549],[37.657273,47.82456]]]}},{"type":"Feature","properties":{"cadnum":"1421557100:01:003:0046"},"geometry":{"type":"Polygon","coordinates":[[[37.660625,47.827984],[37.660912,47.827968],[37.660902,47.82789],[37.660735,47.827895],[37.660637,47.827899],[37.660625,47.827899],[37.660625,47.827984]]]}},{"type":"Feature","properties":{"cadnum":"1421557100:01:002:0524"},"geometry":{"type":"Polygon","coordinates":[[[37.656384,47.827085],[37.656451,47.827398],[37.656761,47.827368],[37.656892,47.827193],[37.656384,47.827085]]]}},{"type":"Feature","properties":{"cadnum":"1421557100:01:002:0588"},"geometry":{"type":"Polygon","coordinates":[[[37.657885,47.824352],[37.657916,47.82454],[37.658418,47.824533],[37.658378,47.824328],[37.658122,47.824346],[37.657885,47.824352]]]}},{"type":"Feature","properties":{"cadnum":"1421557100:01:003:0078"},"geometry":{"type":"Polygon","coordinates":[[[37.660135,47.826279],[37.660376,47.826304],[37.660602,47.826093],[37.660606,47.826089],[37.660858,47.826078],[37.660835,47.825978],[37.660548,47.826024],[37.660494,47.825972],[37.660202,47.825954],[37.660135,47.826279]]]}},{"type":"Feature","properties":{"cadnum":"1421557100:01:002:0263"},"geometry":{"type":"Polygon","coordinates":[[[37.659407,47.824467],[37.659411,47.8245],[37.659735,47.82447],[37.659726,47.824446],[37.659407,47.824467]]]}},{"type":"Feature","properties":{"cadnum":"1421557100:01:002:0108"},"geometry":{"type":"Polygon","coordinates":[[[37.658118,47.824334],[37.658122,47.824346],[37.658378,47.824328],[37.658378,47.824319],[37.658118,47.824334]]]}},{"type":"Feature","properties":{"cadnum":"1421557100:01:002:0502"},"geometry":{"type":"Polygon","coordinates":[[[37.655894,47.826844],[37.655971,47.827136],[37.656344,47.8271],[37.656263,47.826807],[37.655894,47.826844]]]}},{"type":"Feature","properties":{"cadnum":"1421557100:01:002:0262"},"geometry":{"type":"Polygon","coordinates":[[[37.659411,47.8245],[37.659501,47.825034],[37.659843,47.825004],[37.659735,47.82447],[37.659411,47.8245]]]}},{"type":"Feature","properties":{"cadnum":"1421557100:01:002:0357"},"geometry":{"type":"Polygon","coordinates":[[[37.655953,47.828085],[37.655967,47.828146],[37.656074,47.828176],[37.656282,47.827912],[37.656519,47.827613],[37.656506,47.827597],[37.656011,47.827633],[37.656038,47.827848],[37.656021,47.827895],[37.656015,47.827912],[37.655979,47.828011],[37.65598,47.828011],[37.655953,47.828085]]]}},{"type":"Feature","properties":{"cadnum":"1421557100:01:004:0176"},"geometry":{"type":"Polygon","coordinates":[[[37.655948,47.824518],[37.655967,47.824606],[37.655971,47.824657],[37.655994,47.824766],[37.656478,47.824708],[37.65643,47.824476],[37.655948,47.824518]]]}},{"type":"Feature","properties":{"cadnum":"1421557100:01:002:0258"},"geometry":{"type":"Polygon","coordinates":[[[37.656483,47.824642],[37.656546,47.824962],[37.656573,47.825013],[37.656793,47.824976],[37.656747,47.824799],[37.656748,47.824799],[37.657116,47.82473],[37.6573,47.824694],[37.657273,47.82456],[37.656986,47.824582],[37.656739,47.824612],[37.656483,47.824642]]]}},{"type":"Feature","properties":{"cadnum":"1421557100:01:004:0125"},"geometry":{"type":"Polygon","coordinates":[[[37.655751,47.824685],[37.655835,47.825085],[37.656051,47.825065],[37.655971,47.824657],[37.655751,47.824685]]]}},{"type":"Feature","properties":{"cadnum":"1421557100:07:000:0301"},"geometry":{"type":"Polygon","coordinates":[[[37.614217,47.841205],[37.614617,47.841207],[37.614622,47.841026],[37.614221,47.841024],[37.614217,47.841205]]]}},{"type":"Feature","properties":{"cadnum":"1421557100:07:000:0302"},"geometry":{"type":"Polygon","coordinates":[[[37.614617,47.841207],[37.615022,47.84121],[37.615026,47.840852],[37.614626,47.840846],[37.614622,47.841026],[37.614617,47.841207]]]}},{"type":"Feature","properties":{"cadnum":"1421557100:07:000:0292"},"geometry":{"type":"Polygon","coordinates":[[[37.614213,47.841563],[37.614613,47.841567],[37.614617,47.841386],[37.614617,47.841207],[37.614217,47.841205],[37.614213,47.841563]]]}},{"type":"Feature","properties":{"cadnum":"1421557100:07:000:0296"},"geometry":{"type":"Polygon","coordinates":[[[37.616373,47.839872],[37.616373,47.840053],[37.616494,47.840053],[37.616494,47.840312],[37.616768,47.840315],[37.616777,47.839875],[37.61641,47.839872],[37.616373,47.839872]]]}},{"type":"Feature","properties":{"cadnum":"1421557100:07:000:0312"},"geometry":{"type":"Polygon","coordinates":[[[37.616836,47.839709],[37.617102,47.839711],[37.61724,47.839712],[37.61724,47.839534],[37.61684,47.839531],[37.616836,47.839709]]]}},{"type":"Feature","properties":{"cadnum":"1421557100:07:000:0313"},"geometry":{"type":"Polygon","coordinates":[[[37.612986,47.840701],[37.613387,47.840719],[37.613404,47.840538],[37.613005,47.84052],[37.612986,47.840701]]]}},{"type":"Feature","properties":{"cadnum":"1421557100:07:000:0306"},"geometry":{"type":"Polygon","coordinates":[[[37.612586,47.840683],[37.612986,47.840701],[37.613005,47.84052],[37.612605,47.840502],[37.612586,47.840683]]]}},{"type":"Feature","properties":{"cadnum":"1421557100:07:000:0304"},"geometry":{"type":"Polygon","coordinates":[[[37.615102,47.841015],[37.615502,47.841017],[37.615506,47.840839],[37.615106,47.840837],[37.615102,47.841015]]]}},{"type":"Feature","properties":{"cadnum":"1421557100:07:000:0293"},"geometry":{"type":"Polygon","coordinates":[[[37.611917,47.841177],[37.612003,47.841614],[37.61233,47.841585],[37.612246,47.841147],[37.611917,47.841177]]]}},{"type":"Feature","properties":{"cadnum":"1421557100:07:000:0309"},"geometry":{"type":"Polygon","coordinates":[[[37.615551,47.84159],[37.615951,47.841608],[37.615987,47.84125],[37.615582,47.841232],[37.615569,47.841413],[37.615551,47.84159]]]}},{"type":"Feature","properties":{"cadnum":"1421557100:07:000:0308"},"geometry":{"type":"Polygon","coordinates":[[[37.612123,47.840559],[37.612178,47.840828],[37.612227,47.841093],[37.612469,47.841071],[37.612479,47.840957],[37.612448,47.840803],[37.612443,47.840803],[37.612389,47.840535],[37.612123,47.840559]]]}},{"type":"Feature","properties":{"cadnum":"1421557100:07:000:0305"},"geometry":{"type":"Polygon","coordinates":[[[37.612605,47.840502],[37.613005,47.84052],[37.613022,47.840342],[37.612622,47.840324],[37.612605,47.840502]]]}},{"type":"Feature","properties":{"cadnum":"1421557100:07:000:0314"},"geometry":{"type":"Polygon","coordinates":[[[37.615978,47.839492],[37.616377,47.839495],[37.616381,47.839317],[37.615982,47.839314],[37.615978,47.839492]]]}},{"type":"Feature","properties":{"cadnum":"1421557100:07:000:0298"},"geometry":{"type":"Polygon","coordinates":[[[37.616836,47.83989],[37.617102,47.839892],[37.617236,47.839893],[37.61724,47.839712],[37.616836,47.839709],[37.616836,47.83989]]]}},{"type":"Feature","properties":{"cadnum":"1421557100:07:000:0297"},"geometry":{"type":"Polygon","coordinates":[[[37.61641,47.839872],[37.616777,47.839875],[37.616777,47.839679],[37.61641,47.839676],[37.61641,47.839872]]]}},{"type":"Feature","properties":{"cadnum":"1421557100:06:000:0096"},"geometry":{"type":"Polygon","coordinates":[[[37.614091,47.808339],[37.617273,47.808536],[37.622083,47.808831],[37.622117,47.80856],[37.622221,47.807742],[37.617102,47.807426],[37.61423,47.807248],[37.614091,47.808339]]]}},{"type":"Feature","properties":{"cadnum":"1421557100:06:000:0097"},"geometry":{"type":"Polygon","coordinates":[[[37.61423,47.807248],[37.617273,47.807437],[37.622221,47.807742],[37.622302,47.807106],[37.622356,47.806678],[37.617102,47.806352],[37.617102,47.806353],[37.61437,47.806183],[37.61423,47.807248]]]}},{"type":"Feature","properties":{"cadnum":"1421557100:06:000:0129"},"geometry":{"type":"Polygon","coordinates":[[[37.651003,47.81072],[37.651034,47.810968],[37.651084,47.811348],[37.651164,47.811972],[37.651187,47.81214],[37.655725,47.812174],[37.655725,47.812173],[37.655726,47.812173],[37.658845,47.812195],[37.658845,47.810778],[37.655726,47.810755],[37.655725,47.810755],[37.651003,47.81072]]]}},{"type":"Feature","properties":{"cadnum":"1421557100:07:000:0183"},"geometry":{"type":"Polygon","coordinates":[[[37.700438,47.859621],[37.702392,47.86067],[37.702585,47.860682],[37.70271,47.860591],[37.703083,47.858861],[37.702077,47.859151],[37.702014,47.859169],[37.700438,47.859621]]]}},{"type":"Feature","properties":{"cadnum":"1421557100:06:000:0040"},"geometry":{"type":"Polygon","coordinates":[[[37.637507,47.834171],[37.637637,47.834182],[37.639246,47.834325],[37.639246,47.834324],[37.641445,47.834517],[37.641778,47.832615],[37.641765,47.832615],[37.639074,47.832377],[37.638014,47.832283],[37.637879,47.832271],[37.637507,47.834171]],[[37.637843,47.832696],[37.637843,47.832711],[37.63782,47.832711],[37.63782,47.832696],[37.637843,47.832696]],[[37.63773,47.833284],[37.637731,47.833284],[37.637731,47.833299],[37.63773,47.833299],[37.637708,47.833299],[37.637708,47.833284],[37.63773,47.833284]],[[37.637597,47.833887],[37.637596,47.833887],[37.637596,47.833872],[37.637597,47.833872],[37.637618,47.833875],[37.637618,47.83389],[37.637618,47.833891],[37.637597,47.833887]]]}},{"type":"Feature","properties":{"cadnum":"1421557100:03:000:0033"},"geometry":{"type":"Polygon","coordinates":[[[37.700666,47.827112],[37.701425,47.827118],[37.701578,47.827118],[37.701583,47.826684],[37.700671,47.826677],[37.700666,47.827112]]]}},{"type":"Feature","properties":{"cadnum":"1421557100:03:000:0085"},"geometry":{"type":"Polygon","coordinates":[[[37.702446,47.827226],[37.703186,47.827247],[37.703205,47.827006],[37.702463,47.826985],[37.702446,47.827226]]]}},{"type":"Feature","properties":{"cadnum":"1421557100:03:000:0072"},"geometry":{"type":"Polygon","coordinates":[[[37.702432,47.827468],[37.702679,47.827477],[37.702926,47.827483],[37.703172,47.827492],[37.703186,47.827247],[37.702446,47.827226],[37.702432,47.827468]]]}},{"type":"Feature","properties":{"cadnum":"1421557100:03:000:0050"},"geometry":{"type":"Polygon","coordinates":[[[37.700496,47.82747],[37.701394,47.827477],[37.701425,47.827118],[37.700518,47.827112],[37.700496,47.82747]]]}},{"type":"Feature","properties":{"cadnum":"1421557100:03:000:0032"},"geometry":{"type":"Polygon","coordinates":[[[37.701578,47.827118],[37.70227,47.827121],[37.702274,47.826686],[37.701583,47.826684],[37.701578,47.827118]]]}},{"type":"Feature","properties":{"cadnum":"1421557100:03:000:0071"},"geometry":{"type":"Polygon","coordinates":[[[37.703172,47.827492],[37.703469,47.827501],[37.703488,47.827256],[37.703186,47.827247],[37.703172,47.827492]]]}},{"type":"Feature","properties":{"cadnum":"1421557100:08:000:0457"},"geometry":{"type":"Polygon","coordinates":[[[37.718458,47.845115],[37.720659,47.845126],[37.720616,47.84276],[37.720613,47.84257],[37.718499,47.842534],[37.718497,47.842645],[37.718496,47.842645],[37.718458,47.845115]]]}},{"type":"Feature","properties":{"cadnum":"1421557100:08:000:0456"},"geometry":{"type":"Polygon","coordinates":[[[37.716288,47.845102],[37.718458,47.845115],[37.718494,47.84276],[37.718495,47.84276],[37.718499,47.842534],[37.716329,47.842497],[37.716323,47.84276],[37.716324,47.84276],[37.716288,47.845102]]]}},{"type":"Feature","properties":{"cadnum":"1421557100:01:003:0047"},"geometry":{"type":"Polygon","coordinates":[[[37.423702,47.701959],[37.423712,47.701986],[37.423729,47.702056],[37.423842,47.702041],[37.423819,47.701971],[37.42381,47.701944],[37.423702,47.701959]]]}},{"type":"Feature","properties":{"cadnum":"1421557100:01:001:0230"},"geometry":{"type":"Polygon","coordinates":[[[37.656541,47.843634],[37.656726,47.844252],[37.657076,47.844077],[37.656658,47.843628],[37.656541,47.843634]]]}},{"type":"Feature","properties":{"cadnum":"1421557100:01:001:0185"},"geometry":{"type":"Polygon","coordinates":[[[37.657063,47.845889],[37.657556,47.845925],[37.657623,47.845587],[37.657485,47.845578],[37.657273,47.845564],[37.657112,47.845554],[37.657063,47.845889]]]}},{"type":"Feature","properties":{"cadnum":"1421557100:01:001:0207"},"geometry":{"type":"Polygon","coordinates":[[[37.65655,47.84585],[37.656806,47.845862],[37.656837,47.845536],[37.656581,47.845527],[37.65655,47.84585]]]}},{"type":"Feature","properties":{"cadnum":"1421557100:01:001:0118"},"geometry":{"type":"Polygon","coordinates":[[[37.656676,47.845497],[37.656829,47.845506],[37.656996,47.845518],[37.657072,47.844982],[37.656743,47.844957],[37.656676,47.845497]]]}},{"type":"Feature","properties":{"cadnum":"1421557100:01:001:0229"},"geometry":{"type":"Polygon","coordinates":[[[37.656726,47.844252],[37.656789,47.844439],[37.657085,47.844378],[37.657313,47.844331],[37.657076,47.844077],[37.656726,47.844252]]]}},{"type":"Feature","properties":{"cadnum":"1421557100:01:001:0195"},"geometry":{"type":"Polygon","coordinates":[[[37.656294,47.845832],[37.65655,47.84585],[37.656581,47.845509],[37.656357,47.845494],[37.65634,47.845491],[37.656294,47.845832]]]}},{"type":"Feature","properties":{"cadnum":"1421557100:01:001:0228"},"geometry":{"type":"Polygon","coordinates":[[[37.657085,47.844378],[37.65717,47.844671],[37.657602,47.844635],[37.657313,47.844331],[37.657085,47.844378]]]}},{"type":"Feature","properties":{"cadnum":"1421557100:01:001:0144"},"geometry":{"type":"Polygon","coordinates":[[[37.656537,47.844237],[37.656541,47.844767],[37.656541,47.84478],[37.656906,47.844807],[37.656789,47.844439],[37.656726,47.844252],[37.656537,47.844237]]]}},{"type":"Feature","properties":{"cadnum":"1421557100:07:000:0121"},"geometry":{"type":"Polygon","coordinates":[[[37.683001,47.850386],[37.68302,47.850407],[37.68302,47.850408],[37.683041,47.850431],[37.683109,47.850408],[37.683068,47.850362],[37.683001,47.850386]]]}},{"type":"Feature","properties":{"cadnum":"1421557100:07:000:0350"},"geometry":{"type":"Polygon","coordinates":[[[37.673317,47.80608],[37.674076,47.806129],[37.674249,47.805848],[37.675963,47.803073],[37.6752,47.803037],[37.673513,47.805763],[37.673317,47.80608]]]}},{"type":"Feature","properties":{"cadnum":"1421557100:07:000:0349"},"geometry":{"type":"Polygon","coordinates":[[[37.672558,47.806032],[37.673317,47.80608],[37.673441,47.805879],[37.6752,47.803037],[37.674435,47.803],[37.672723,47.805763],[37.672679,47.805834],[37.672652,47.805879],[37.672558,47.806032]]]}},{"type":"Feature","properties":{"cadnum":"1421557100:07:000:0353"},"geometry":{"type":"Polygon","coordinates":[[[37.675653,47.80583],[37.677698,47.805619],[37.679129,47.805471],[37.680087,47.805456],[37.68062,47.805595],[37.680997,47.804165],[37.680997,47.804164],[37.682188,47.803259],[37.680724,47.803248],[37.679031,47.803202],[37.677698,47.803192],[37.67749,47.80319],[37.676569,47.803178],[37.676538,47.803299],[37.676471,47.805226],[37.676471,47.805227],[37.675842,47.80567],[37.675732,47.805763],[37.675731,47.805763],[37.675653,47.80583]]]}},{"type":"Feature","properties":{"cadnum":"1421557100:07:000:0166"},"geometry":{"type":"Polygon","coordinates":[[[37.696989,47.849919],[37.698465,47.850019],[37.698438,47.848773],[37.698492,47.848273],[37.697176,47.848186],[37.696989,47.849919]]]}},{"type":"Feature","properties":{"cadnum":"1421557100:07:000:0167"},"geometry":{"type":"Polygon","coordinates":[[[37.695609,47.849825],[37.696989,47.849919],[37.697176,47.848186],[37.695798,47.848096],[37.695609,47.849825]]]}},{"type":"Feature","properties":{"cadnum":"1421557100:07:000:0168"},"geometry":{"type":"Polygon","coordinates":[[[37.694226,47.849732],[37.695609,47.849825],[37.695798,47.848096],[37.694414,47.848008],[37.694226,47.849732]]]}},{"type":"Feature","properties":{"cadnum":"1421557100:01:002:0348"},"geometry":{"type":"Polygon","coordinates":[[[37.653613,47.830833],[37.653657,47.831201],[37.653918,47.831185],[37.654166,47.830787],[37.653613,47.830833]]]}},{"type":"Feature","properties":{"cadnum":"1421557100:01:002:0474"},"geometry":{"type":"Polygon","coordinates":[[[37.652539,47.829497],[37.652558,47.829744],[37.652908,47.829735],[37.652872,47.829464],[37.652539,47.829497]]]}},{"type":"Feature","properties":{"cadnum":"1421557100:01:002:0528"},"geometry":{"type":"Polygon","coordinates":[[[37.654718,47.830371],[37.654753,47.830679],[37.654956,47.830664],[37.654902,47.830215],[37.654883,47.830045],[37.654808,47.830052],[37.654726,47.830161],[37.654763,47.830362],[37.654762,47.830362],[37.654718,47.830371]]]}},{"type":"Feature","properties":{"cadnum":"1421557100:01:002:0352"},"geometry":{"type":"Polygon","coordinates":[[[37.650535,47.831819],[37.650541,47.831824],[37.650675,47.831976],[37.651124,47.831804],[37.651034,47.83162],[37.650837,47.831698],[37.650837,47.831699],[37.650535,47.831819]]]}},{"type":"Feature","properties":{"cadnum":"1421557100:01:002:0559"},"geometry":{"type":"Polygon","coordinates":[[[37.654925,47.830206],[37.65496,47.830664],[37.655359,47.830633],[37.655288,47.830181],[37.654925,47.830206]]]}},{"type":"Feature","properties":{"cadnum":"1421557100:01:002:0480"},"geometry":{"type":"Polygon","coordinates":[[[37.654304,47.830715],[37.654753,47.830679],[37.654718,47.830371],[37.654763,47.830362],[37.654726,47.830161],[37.654304,47.830715]]]}},{"type":"Feature","properties":{"cadnum":"1421557100:01:002:0487"},"geometry":{"type":"Polygon","coordinates":[[[37.650281,47.831478],[37.650315,47.83152],[37.650424,47.831632],[37.6509,47.831418],[37.650805,47.831255],[37.650455,47.831406],[37.650281,47.831478]]]}},{"type":"Feature","properties":{"cadnum":"1421557100:01:002:0521"},"geometry":{"type":"Polygon","coordinates":[[[37.65046,47.82918],[37.650474,47.829253],[37.651061,47.829178],[37.651053,47.829105],[37.65046,47.82918]]]}},{"type":"Feature","properties":{"cadnum":"1421557100:01:002:0165"},"geometry":{"type":"Polygon","coordinates":[[[37.654403,47.828481],[37.654435,47.828809],[37.654709,47.828798],[37.654745,47.828794],[37.654718,47.828574],[37.655009,47.828556],[37.655036,47.828554],[37.655036,47.82842],[37.654403,47.828481]]]}},{"type":"Feature","properties":{"cadnum":"1421557100:01:002:0159"},"geometry":{"type":"Polygon","coordinates":[[[37.654327,47.82934],[37.654367,47.829759],[37.654663,47.829744],[37.654839,47.829464],[37.654799,47.829313],[37.654327,47.82934]]]}},{"type":"Feature","properties":{"cadnum":"1421557100:01:002:0495"},"geometry":{"type":"Polygon","coordinates":[[[37.654156,47.829346],[37.654174,47.829795],[37.654372,47.82979],[37.654327,47.82934],[37.654156,47.829346]]]}},{"type":"Feature","properties":{"cadnum":"1421557100:01:002:0403"},"geometry":{"type":"Polygon","coordinates":[[[37.652495,47.829138],[37.652522,47.829322],[37.653204,47.829259],[37.653172,47.829069],[37.652921,47.82909],[37.652912,47.829054],[37.652795,47.829066],[37.652805,47.829117],[37.652804,47.829117],[37.652495,47.829138]]]}},{"type":"Feature","properties":{"cadnum":"1421557100:01:002:0489"},"geometry":{"type":"Polygon","coordinates":[[[37.650474,47.828559],[37.650501,47.828767],[37.651111,47.828725],[37.651107,47.828592],[37.650778,47.828608],[37.650774,47.82855],[37.650474,47.828559]]]}},{"type":"Feature","properties":{"cadnum":"1421557100:01:002:0577"},"geometry":{"type":"Polygon","coordinates":[[[37.654386,47.828348],[37.654403,47.828481],[37.655036,47.82842],[37.65505,47.828264],[37.654673,47.828284],[37.654682,47.828345],[37.654386,47.828348]]]}},{"type":"Feature","properties":{"cadnum":"1421557100:01:002:0458"},"geometry":{"type":"Polygon","coordinates":[[[37.651233,47.829648],[37.6513,47.830025],[37.65134,47.830263],[37.651614,47.830235],[37.651493,47.829624],[37.651233,47.829648]]]}},{"type":"Feature","properties":{"cadnum":"1421557100:01:002:0257"},"geometry":{"type":"Polygon","coordinates":[[[37.65156,47.828128],[37.651632,47.828517],[37.651933,47.82849],[37.651843,47.828306],[37.651763,47.828297],[37.651722,47.828104],[37.65156,47.828128]]]}},{"type":"Feature","properties":{"cadnum":"1421557100:01:002:0533"},"geometry":{"type":"Polygon","coordinates":[[[37.65394,47.828999],[37.653959,47.829078],[37.654066,47.829066],[37.654067,47.829066],[37.654089,47.829174],[37.654386,47.829144],[37.654336,47.828818],[37.654013,47.828843],[37.654044,47.828987],[37.654044,47.828988],[37.65394,47.828999]]]}},{"type":"Feature","properties":{"cadnum":"1421557100:01:002:0147"},"geometry":{"type":"Polygon","coordinates":[[[37.655392,47.829202],[37.655554,47.829759],[37.655585,47.829864],[37.655715,47.829844],[37.655567,47.82918],[37.655428,47.829193],[37.655392,47.829202]]]}},{"type":"Feature","properties":{"cadnum":"1421557100:01:002:0603"},"geometry":{"type":"Polygon","coordinates":[[[37.653168,47.829415],[37.653281,47.829994],[37.653281,47.830007],[37.653594,47.829964],[37.65346,47.829388],[37.653168,47.829415]]]}},{"type":"Feature","properties":{"cadnum":"1421557100:01:002:0138"},"geometry":{"type":"Polygon","coordinates":[[[37.650397,47.831656],[37.650405,47.831671],[37.650428,47.831698],[37.650429,47.831698],[37.650527,47.83181],[37.650535,47.831819],[37.651034,47.83162],[37.65104,47.831617],[37.6509,47.83146],[37.650584,47.831583],[37.650397,47.831656]]]}},{"type":"Feature","properties":{"cadnum":"1421557100:01:002:0148"},"geometry":{"type":"Polygon","coordinates":[[[37.652212,47.829545],[37.652269,47.829895],[37.652485,47.829883],[37.652418,47.82953],[37.652212,47.829545]]]}},{"type":"Feature","properties":{"cadnum":"1421557100:01:002:0456"},"geometry":{"type":"Polygon","coordinates":[[[37.651897,47.831348],[37.651956,47.831466],[37.651978,47.831499],[37.652705,47.831348],[37.652683,47.831234],[37.651897,47.831348]]]}},{"type":"Feature","properties":{"cadnum":"1421557100:01:002:0471"},"geometry":{"type":"Polygon","coordinates":[[[37.652256,47.831662],[37.652292,47.831698],[37.652293,47.831698],[37.652508,47.831906],[37.652809,47.831779],[37.652831,47.831759],[37.652801,47.831699],[37.652801,47.831698],[37.652728,47.831556],[37.652608,47.831583],[37.652607,47.831583],[37.652256,47.831662]]]}},{"type":"Feature","properties":{"cadnum":"1421557100:01:002:0330"},"geometry":{"type":"Polygon","coordinates":[[[37.650298,47.831134],[37.650455,47.831403],[37.650805,47.831255],[37.650702,47.83108],[37.650298,47.831134]]]}},{"type":"Feature","properties":{"cadnum":"1421557100:01:002:0298"},"geometry":{"type":"Polygon","coordinates":[[[37.655009,47.828556],[37.655028,47.829078],[37.655422,47.82906],[37.655518,47.828925],[37.655315,47.828897],[37.655229,47.828541],[37.655036,47.828554],[37.655009,47.828556]]]}},{"type":"Feature","properties":{"cadnum":"1421557100:01:002:0520"},"geometry":{"type":"Polygon","coordinates":[[[37.650474,47.829253],[37.650535,47.82956],[37.651097,47.829482],[37.651071,47.829259],[37.651061,47.829178],[37.650474,47.829253]]]}},{"type":"Feature","properties":{"cadnum":"1421557100:01:002:0422"},"geometry":{"type":"Polygon","coordinates":[[[37.652153,47.830935],[37.652198,47.831153],[37.652656,47.831111],[37.652642,47.830894],[37.652153,47.830935]]]}},{"type":"Feature","properties":{"cadnum":"1421557100:01:002:0287"},"geometry":{"type":"Polygon","coordinates":[[[37.651026,47.828864],[37.651053,47.829105],[37.651071,47.829259],[37.651097,47.829482],[37.651357,47.829449],[37.651358,47.829449],[37.651309,47.828816],[37.651026,47.828864]]]}},{"type":"Feature","properties":{"cadnum":"1421557100:01:002:0609"},"geometry":{"type":"Polygon","coordinates":[[[37.651906,47.830179],[37.652023,47.830875],[37.652185,47.830863],[37.652072,47.830163],[37.651906,47.830179]]]}},{"type":"Feature","properties":{"cadnum":"1421557100:01:003:0289"},"geometry":{"type":"Polygon","coordinates":[[[37.652742,47.828013],[37.652782,47.828219],[37.652742,47.828224],[37.652782,47.828451],[37.653096,47.828424],[37.653024,47.827984],[37.652742,47.828013]]]}},{"type":"Feature","properties":{"cadnum":"1421557100:01:002:0512"},"geometry":{"type":"Polygon","coordinates":[[[37.655229,47.828545],[37.655315,47.828897],[37.655518,47.828925],[37.655554,47.828876],[37.65567,47.828718],[37.655725,47.828643],[37.655725,47.828642],[37.655818,47.828517],[37.655563,47.828529],[37.655229,47.828545]]]}},{"type":"Feature","properties":{"cadnum":"1421557100:01:002:0160"},"geometry":{"type":"Polygon","coordinates":[[[37.654367,47.829759],[37.65439,47.829982],[37.654525,47.829967],[37.654663,47.829744],[37.654367,47.829759]]]}},{"type":"Feature","properties":{"cadnum":"1421557100:01:002:0578"},"geometry":{"type":"Polygon","coordinates":[[[37.651839,47.831219],[37.651897,47.831348],[37.652683,47.831234],[37.652678,47.831122],[37.652198,47.831176],[37.651839,47.831219]]]}},{"type":"Feature","properties":{"cadnum":"1421557100:01:002:0114"},"geometry":{"type":"Polygon","coordinates":[[[37.651003,47.831333],[37.651111,47.831538],[37.651323,47.831481],[37.651897,47.831348],[37.651812,47.831171],[37.651003,47.831333]]]}},{"type":"Feature","properties":{"cadnum":"1421557100:01:002:0616"},"geometry":{"type":"Polygon","coordinates":[[[37.653541,47.830749],[37.653717,47.830727],[37.653734,47.830097],[37.653883,47.830085],[37.653887,47.830004],[37.653608,47.830031],[37.653554,47.83004],[37.653541,47.830749]]]}},{"type":"Feature","properties":{"cadnum":"1421557100:01:002:0098"},"geometry":{"type":"Polygon","coordinates":[[[37.652845,47.831436],[37.652888,47.831698],[37.652888,47.831699],[37.652894,47.831734],[37.653144,47.831646],[37.653442,47.831542],[37.653407,47.831427],[37.652845,47.831436]]]}},{"type":"Feature","properties":{"cadnum":"1421557100:01:002:0251"},"geometry":{"type":"Polygon","coordinates":[[[37.652552,47.829744],[37.652598,47.830143],[37.652917,47.830118],[37.652965,47.830112],[37.652952,47.830034],[37.652908,47.829735],[37.652552,47.829744]]]}},{"type":"Feature","properties":{"cadnum":"1421557100:01:002:0344"},"geometry":{"type":"Polygon","coordinates":[[[37.653873,47.830724],[37.65421,47.830709],[37.654372,47.830498],[37.653927,47.830369],[37.653873,47.830724]]]}},{"type":"Feature","properties":{"cadnum":"1421557100:01:002:0566"},"geometry":{"type":"Polygon","coordinates":[[[37.651111,47.831538],[37.651151,47.831611],[37.651933,47.831418],[37.651897,47.831348],[37.651323,47.831481],[37.651111,47.831538]]]}},{"type":"Feature","properties":{"cadnum":"1421557100:08:000:0427"},"geometry":{"type":"Polygon","coordinates":[[[37.699589,47.844979],[37.704377,47.845229],[37.70457,47.843846],[37.69975,47.843595],[37.699589,47.844979]]]}},{"type":"Feature","properties":{"cadnum":"1421557100:03:000:0107"},"geometry":{"type":"Polygon","coordinates":[[[37.702467,47.810581],[37.703226,47.810602],[37.703249,47.810367],[37.70249,47.810343],[37.702467,47.810581]]]}},{"type":"Feature","properties":{"cadnum":"1421557100:03:000:0054"},"geometry":{"type":"Polygon","coordinates":[[[37.701771,47.812292],[37.702126,47.812289],[37.702157,47.811945],[37.701807,47.811941],[37.701771,47.812292]]]}},{"type":"Feature","properties":{"cadnum":"1421557100:03:000:0116"},"geometry":{"type":"Polygon","coordinates":[[[37.703276,47.811085],[37.703897,47.811091],[37.703905,47.810801],[37.703285,47.810792],[37.703276,47.811085]]]}},{"type":"Feature","properties":{"cadnum":"1421557100:03:000:0053"},"geometry":{"type":"Polygon","coordinates":[[[37.702126,47.812289],[37.70302,47.812283],[37.703056,47.811957],[37.702157,47.811945],[37.702126,47.812289]]]}},{"type":"Feature","properties":{"cadnum":"1421557100:03:000:0106"},"geometry":{"type":"Polygon","coordinates":[[[37.70249,47.810343],[37.703249,47.810367],[37.703272,47.810132],[37.702513,47.810107],[37.70249,47.810343]]]}},{"type":"Feature","properties":{"cadnum":"1421557100:04:000:0071"},"geometry":{"type":"Polygon","coordinates":[[[37.720874,47.825031],[37.720955,47.825031],[37.720969,47.824591],[37.720892,47.824591],[37.720874,47.825031]]]}},{"type":"Feature","properties":{"cadnum":"1421557100:04:000:0101"},"geometry":{"type":"Polygon","coordinates":[[[37.718596,47.826033],[37.719099,47.826035],[37.719105,47.825676],[37.718606,47.825673],[37.718596,47.826033]]]}},{"type":"Feature","properties":{"cadnum":"1421557100:04:000:0096"},"geometry":{"type":"Polygon","coordinates":[[[37.717344,47.825016],[37.717344,47.825555],[37.717676,47.825555],[37.717676,47.825016],[37.717344,47.825016]]]}},{"type":"Feature","properties":{"cadnum":"1421557100:04:000:0075"},"geometry":{"type":"Polygon","coordinates":[[[37.716841,47.826476],[37.717308,47.826482],[37.717308,47.826288],[37.716841,47.826283],[37.716841,47.826476]]]}},{"type":"Feature","properties":{"cadnum":"1421557100:04:000:0100"},"geometry":{"type":"Polygon","coordinates":[[[37.718588,47.826735],[37.719086,47.826738],[37.719099,47.826093],[37.719099,47.826035],[37.718596,47.826033],[37.718588,47.826735]]]}},{"type":"Feature","properties":{"cadnum":"1421557100:04:000:0116"},"geometry":{"type":"Polygon","coordinates":[[[37.72051,47.825384],[37.721265,47.825393],[37.721269,47.825233],[37.72052,47.825224],[37.72051,47.825384]]]}},{"type":"Feature","properties":{"cadnum":"1421557100:04:000:0111"},"geometry":{"type":"Polygon","coordinates":[[[37.717007,47.825555],[37.717344,47.825555],[37.717344,47.825016],[37.717011,47.825016],[37.717007,47.825555]]]}},{"type":"Feature","properties":{"cadnum":"1421557100:04:000:0107"},"geometry":{"type":"Polygon","coordinates":[[[37.716086,47.825555],[37.716382,47.825555],[37.716382,47.825016],[37.71609,47.825016],[37.716086,47.825555]]]}},{"type":"Feature","properties":{"cadnum":"1421557100:04:000:0126"},"geometry":{"type":"Polygon","coordinates":[[[37.719069,47.825019],[37.719405,47.825025],[37.719424,47.824486],[37.719086,47.824482],[37.719069,47.825019]]]}},{"type":"Feature","properties":{"cadnum":"1421557100:04:000:0113"},"geometry":{"type":"Polygon","coordinates":[[[37.718067,47.825004],[37.718403,47.82501],[37.718422,47.82447],[37.718086,47.824464],[37.718085,47.824464],[37.718067,47.825004]]]}},{"type":"Feature","properties":{"cadnum":"1421557100:04:000:0114"},"geometry":{"type":"Polygon","coordinates":[[[37.718139,47.82513],[37.718853,47.825166],[37.718862,47.825016],[37.718736,47.825016],[37.718403,47.82501],[37.718147,47.825007],[37.718139,47.82513]]]}},{"type":"Feature","properties":{"cadnum":"1421557100:04:000:0123"},"geometry":{"type":"Polygon","coordinates":[[[37.716675,47.825016],[37.717011,47.825016],[37.717011,47.824476],[37.716679,47.824476],[37.716675,47.825016]]]}},{"type":"Feature","properties":{"cadnum":"1421557100:04:000:0115"},"geometry":{"type":"Polygon","coordinates":[[[37.720501,47.825626],[37.721256,47.825631],[37.721265,47.825393],[37.72051,47.825384],[37.720501,47.825626]]]}},{"type":"Feature","properties":{"cadnum":"1421557100:04:000:0117"},"geometry":{"type":"Polygon","coordinates":[[[37.718309,47.826306],[37.71835,47.826306],[37.718592,47.82631],[37.718596,47.826033],[37.718606,47.825673],[37.718363,47.825671],[37.718323,47.825671],[37.718313,47.826192],[37.718309,47.826306]]]}},{"type":"Feature","properties":{"cadnum":"1421557100:04:000:0080"},"geometry":{"type":"Polygon","coordinates":[[[37.718157,47.825203],[37.718166,47.825616],[37.718562,47.82561],[37.718925,47.825626],[37.718875,47.825212],[37.718157,47.825203]]]}},{"type":"Feature","properties":{"cadnum":"1421557100:04:000:0097"},"geometry":{"type":"Polygon","coordinates":[[[37.716675,47.825016],[37.716675,47.825555],[37.717007,47.825555],[37.717011,47.825016],[37.716675,47.825016]]]}},{"type":"Feature","properties":{"cadnum":"1421557100:04:000:0108"},"geometry":{"type":"Polygon","coordinates":[[[37.716382,47.825016],[37.716382,47.825555],[37.716675,47.825555],[37.716675,47.825016],[37.716382,47.825016]]]}},{"type":"Feature","properties":{"cadnum":"1421557100:04:000:0090"},"geometry":{"type":"Polygon","coordinates":[[[37.719099,47.826093],[37.719554,47.826089],[37.719535,47.825689],[37.719105,47.825676],[37.719099,47.826093]]]}},{"type":"Feature","properties":{"cadnum":"1421557100:04:000:0091"},"geometry":{"type":"Polygon","coordinates":[[[37.719086,47.826738],[37.719585,47.82675],[37.719554,47.826089],[37.719099,47.826093],[37.719086,47.826738]]]}},{"type":"Feature","properties":{"cadnum":"1421557100:04:000:0076"},"geometry":{"type":"Polygon","coordinates":[[[37.717308,47.826482],[37.718309,47.826496],[37.718313,47.826192],[37.717312,47.826183],[37.717308,47.826288],[37.717308,47.826482]]]}},{"type":"Feature","properties":{"cadnum":"1421557100:04:000:0120"},"geometry":{"type":"Polygon","coordinates":[[[37.718736,47.825016],[37.718862,47.825016],[37.719069,47.825019],[37.719086,47.824482],[37.718755,47.824476],[37.718736,47.825016]]]}},{"type":"Feature","properties":{"cadnum":"1421557100:04:000:0118"},"geometry":{"type":"Polygon","coordinates":[[[37.718305,47.826732],[37.718346,47.826732],[37.718588,47.826735],[37.718592,47.82631],[37.71835,47.826306],[37.718309,47.826306],[37.718309,47.826496],[37.718305,47.826732]]]}},{"type":"Feature","properties":{"cadnum":"1421557100:04:000:0112"},"geometry":{"type":"Polygon","coordinates":[[[37.717011,47.824476],[37.717011,47.825016],[37.717344,47.825016],[37.717344,47.824476],[37.717011,47.824476]]]}},{"type":"Feature","properties":{"cadnum":"1421557100:04:000:0074"},"geometry":{"type":"Polygon","coordinates":[[[37.716841,47.826283],[37.717308,47.826288],[37.717312,47.826183],[37.717321,47.825646],[37.716854,47.82564],[37.716841,47.826283]]]}},{"type":"Feature","properties":{"cadnum":"1421557100:01:003:0309"},"geometry":{"type":"Polygon","coordinates":[[[37.659344,47.828818],[37.65938,47.829307],[37.65968,47.829298],[37.659617,47.828822],[37.659344,47.828818]]]}},{"type":"Feature","properties":{"cadnum":"1421557100:01:002:0274"},"geometry":{"type":"Polygon","coordinates":[[[37.657215,47.828221],[37.657219,47.82823],[37.657525,47.828194],[37.65752,47.828185],[37.657215,47.828221]]]}},{"type":"Feature","properties":{"cadnum":"1421557100:01:003:0112"},"geometry":{"type":"Polygon","coordinates":[[[37.659546,47.827995],[37.65955,47.82808],[37.65955,47.82811],[37.659865,47.828101],[37.659856,47.82798],[37.659546,47.827995]]]}},{"type":"Feature","properties":{"cadnum":"1421557100:01:002:0261"},"geometry":{"type":"Polygon","coordinates":[[[37.6569,47.829536],[37.656927,47.829708],[37.657229,47.829687],[37.657313,47.829681],[37.657287,47.829512],[37.6569,47.829536]]]}},{"type":"Feature","properties":{"cadnum":"1421557100:01:003:0223"},"geometry":{"type":"Polygon","coordinates":[[[37.660108,47.829178],[37.66013,47.829419],[37.660458,47.82941],[37.660709,47.829392],[37.660696,47.829144],[37.660405,47.82916],[37.660108,47.829178]]]}},{"type":"Feature","properties":{"cadnum":"1421557100:01:003:0067"},"geometry":{"type":"Polygon","coordinates":[[[37.659241,47.828092],[37.659267,47.828677],[37.659577,47.828664],[37.65955,47.82808],[37.659241,47.828092]]]}},{"type":"Feature","properties":{"cadnum":"1421557100:01:002:0399"},"geometry":{"type":"Polygon","coordinates":[[[37.655768,47.82916],[37.655877,47.829786],[37.656164,47.829759],[37.65616,47.829735],[37.656047,47.829133],[37.655768,47.82916]]]}},{"type":"Feature","properties":{"cadnum":"1421557100:01:002:0594"},"geometry":{"type":"Polygon","coordinates":[[[37.656084,47.828339],[37.65616,47.82836],[37.656187,47.828321],[37.65611,47.828297],[37.656084,47.828339]]]}},{"type":"Feature","properties":{"cadnum":"1421557100:01:003:0248"},"geometry":{"type":"Polygon","coordinates":[[[37.660283,47.828074],[37.660292,47.82859],[37.660642,47.828568],[37.660629,47.828049],[37.660283,47.828074]]]}},{"type":"Feature","properties":{"cadnum":"1421557100:01:003:0171"},"geometry":{"type":"Polygon","coordinates":[[[37.658554,47.829582],[37.65859,47.829841],[37.65863,47.830179],[37.658927,47.830152],[37.658837,47.829518],[37.658554,47.829582]]]}},{"type":"Feature","properties":{"cadnum":"1421557100:01:003:0111"},"geometry":{"type":"Polygon","coordinates":[[[37.65955,47.82811],[37.659577,47.828664],[37.659577,47.828671],[37.65991,47.828646],[37.659865,47.828101],[37.65955,47.82811]]]}},{"type":"Feature","properties":{"cadnum":"1421557100:01:003:0274"},"geometry":{"type":"Polygon","coordinates":[[[37.658837,47.829539],[37.658841,47.829573],[37.65916,47.829536],[37.659156,47.8295],[37.658837,47.829539]]]}},{"type":"Feature","properties":{"cadnum":"1421557100:01:003:0229"},"geometry":{"type":"Polygon","coordinates":[[[37.660435,47.830827],[37.660508,47.831222],[37.660957,47.831183],[37.660885,47.830791],[37.660435,47.830827]]]}},{"type":"Feature","properties":{"cadnum":"1421557100:01:003:0273"},"geometry":{"type":"Polygon","coordinates":[[[37.658841,47.829573],[37.658927,47.830152],[37.659218,47.830127],[37.65916,47.829536],[37.658841,47.829573]]]}},{"type":"Feature","properties":{"cadnum":"1421557100:01:003:0225"},"geometry":{"type":"Polygon","coordinates":[[[37.65938,47.829307],[37.659411,47.829443],[37.659533,47.829437],[37.659717,47.829431],[37.660036,47.829415],[37.660026,47.829289],[37.65968,47.829298],[37.65938,47.829307]]]}},{"type":"Feature","properties":{"cadnum":"1421557100:01:003:0286"},"geometry":{"type":"Polygon","coordinates":[[[37.660458,47.82941],[37.660494,47.830073],[37.660759,47.830061],[37.660709,47.829392],[37.660458,47.82941]]]}},{"type":"Feature","properties":{"cadnum":"1421557100:01:003:0254"},"geometry":{"type":"Polygon","coordinates":[[[37.658671,47.828382],[37.65872,47.828698],[37.659267,47.828677],[37.659254,47.82836],[37.658671,47.828382]]]}},{"type":"Feature","properties":{"cadnum":"1421557100:01:003:0072"},"geometry":{"type":"Polygon","coordinates":[[[37.660431,47.830821],[37.660885,47.830782],[37.660881,47.830776],[37.660431,47.830812],[37.660431,47.830821]]]}},{"type":"Feature","properties":{"cadnum":"1421557100:01:003:0262"},"geometry":{"type":"Polygon","coordinates":[[[37.660709,47.829392],[37.660759,47.830061],[37.661019,47.830052],[37.660957,47.829377],[37.660709,47.829392]]]}},{"type":"Feature","properties":{"cadnum":"1421557100:01:003:0071"},"geometry":{"type":"Polygon","coordinates":[[[37.660359,47.830416],[37.660431,47.830812],[37.660881,47.830776],[37.660808,47.83038],[37.660359,47.830416]]]}},{"type":"Feature","properties":{"cadnum":"1421557100:01:003:0227"},"geometry":{"type":"Polygon","coordinates":[[[37.659982,47.830866],[37.660053,47.831258],[37.660508,47.831222],[37.660435,47.830827],[37.659982,47.830866]]]}},{"type":"Feature","properties":{"cadnum":"1421557100:01:002:0106"},"geometry":{"type":"Polygon","coordinates":[[[37.65616,47.829735],[37.656173,47.829808],[37.65647,47.829783],[37.656456,47.829711],[37.65616,47.829735]]]}},{"type":"Feature","properties":{"cadnum":"1421557100:01:002:0542"},"geometry":{"type":"Polygon","coordinates":[[[37.65716,47.831388],[37.657183,47.831493],[37.657296,47.831484],[37.657273,47.831379],[37.65716,47.831388]]]}},{"type":"Feature","properties":{"cadnum":"1421557100:01:003:0088"},"geometry":{"type":"Polygon","coordinates":[[[37.658292,47.829855],[37.658342,47.830206],[37.65863,47.830179],[37.65859,47.829841],[37.658292,47.829855]]]}},{"type":"Feature","properties":{"cadnum":"1421557100:01:003:0265"},"geometry":{"type":"Polygon","coordinates":[[[37.659151,47.829467],[37.659218,47.830127],[37.659474,47.830109],[37.659411,47.829443],[37.659151,47.829467]]]}},{"type":"Feature","properties":{"cadnum":"1421557100:01:002:0539"},"geometry":{"type":"Polygon","coordinates":[[[37.657543,47.829729],[37.657673,47.830287],[37.657961,47.830253],[37.657839,47.829708],[37.657543,47.829729]]]}},{"type":"Feature","properties":{"cadnum":"1421557100:01:003:0293"},"geometry":{"type":"Polygon","coordinates":[[[37.659739,47.829651],[37.65978,47.830085],[37.660036,47.830067],[37.660059,47.829645],[37.659739,47.829651]]]}},{"type":"Feature","properties":{"cadnum":"1421557100:01:002:0253"},"geometry":{"type":"Polygon","coordinates":[[[37.657835,47.829672],[37.657961,47.830253],[37.658217,47.830221],[37.658149,47.829642],[37.657835,47.829672]]]}},{"type":"Feature","properties":{"cadnum":"1421557100:01:003:0172"},"geometry":{"type":"Polygon","coordinates":[[[37.658554,47.829582],[37.658837,47.829518],[37.658831,47.829488],[37.658554,47.829554],[37.658554,47.829582]]]}},{"type":"Feature","properties":{"cadnum":"1421557100:01:003:0051"},"geometry":{"type":"Polygon","coordinates":[[[37.659236,47.828004],[37.659506,47.827995],[37.659501,47.827989],[37.659236,47.827998],[37.659236,47.828004]]]}},{"type":"Feature","properties":{"cadnum":"1421557100:01:002:0583"},"geometry":{"type":"Polygon","coordinates":[[[37.656155,47.82823],[37.656321,47.828237],[37.656344,47.828348],[37.656384,47.828345],[37.656407,47.828451],[37.656667,47.82842],[37.656856,47.8284],[37.656802,47.828076],[37.656231,47.828107],[37.656155,47.82823]]]}},{"type":"Feature","properties":{"cadnum":"1421557100:01:002:0592"},"geometry":{"type":"Polygon","coordinates":[[[37.655768,47.8288],[37.655805,47.828809],[37.655822,47.828785],[37.656051,47.828725],[37.656294,47.828695],[37.65634,47.828909],[37.656501,47.828888],[37.656483,47.828804],[37.656384,47.828345],[37.656344,47.828348],[37.656321,47.828237],[37.656155,47.82823],[37.65611,47.828297],[37.656187,47.828321],[37.65616,47.82836],[37.656084,47.828339],[37.656051,47.828382],[37.656002,47.82846],[37.655931,47.828563],[37.655774,47.828791],[37.655768,47.8288]]]}},{"type":"Feature","properties":{"cadnum":"1421557100:01:003:0044"},"geometry":{"type":"Polygon","coordinates":[[[37.660625,47.827984],[37.660642,47.828565],[37.660979,47.828538],[37.660912,47.827968],[37.660625,47.827984]]]}},{"type":"Feature","properties":{"cadnum":"1421557100:01:002:0289"},"geometry":{"type":"Polygon","coordinates":[[[37.65721,47.829048],[37.657313,47.829681],[37.657313,47.829687],[37.657476,47.829678],[37.657493,47.829678],[37.65748,47.829602],[37.65739,47.829033],[37.65721,47.829048]]]}},{"type":"Feature","properties":{"cadnum":"1421557100:01:003:0255"},"geometry":{"type":"Polygon","coordinates":[[[37.658612,47.828029],[37.658671,47.828382],[37.659254,47.82836],[37.659236,47.828004],[37.658886,47.828016],[37.658612,47.828029]]]}},{"type":"Feature","properties":{"cadnum":"1421557100:01:002:0273"},"geometry":{"type":"Polygon","coordinates":[[[37.657219,47.82823],[37.657382,47.828834],[37.657646,47.828807],[37.65761,47.828671],[37.657623,47.828641],[37.657525,47.828194],[37.657219,47.82823]]]}},{"type":"Feature","properties":{"cadnum":"1421557100:01:002:0105"},"geometry":{"type":"Polygon","coordinates":[[[37.656047,47.829133],[37.65616,47.829735],[37.656456,47.829711],[37.65634,47.829108],[37.656047,47.829133]]]}},{"type":"Feature","properties":{"cadnum":"1421557100:01:003:0068"},"geometry":{"type":"Polygon","coordinates":[[[37.659236,47.828004],[37.659241,47.828092],[37.65955,47.82808],[37.659546,47.827995],[37.659506,47.827995],[37.659236,47.828004]]]}},{"type":"Feature","properties":{"cadnum":"1421557100:01:002:0593"},"geometry":{"type":"Polygon","coordinates":[[[37.655684,47.828925],[37.655747,47.828915],[37.65576,47.828979],[37.65634,47.828909],[37.656294,47.828695],[37.656051,47.828725],[37.655822,47.828785],[37.655805,47.828809],[37.655768,47.8288],[37.655742,47.828836],[37.655742,47.82884],[37.655741,47.82884],[37.655688,47.828843],[37.655684,47.828925]]]}},{"type":"Feature","properties":{"cadnum":"1421557100:01:002:0260"},"geometry":{"type":"Polygon","coordinates":[[[37.65682,47.82909],[37.6569,47.829536],[37.657287,47.829512],[37.65721,47.829048],[37.65682,47.82909]]]}},{"type":"Feature","properties":{"cadnum":"1421557100:01:003:0245"},"geometry":{"type":"Polygon","coordinates":[[[37.658504,47.828903],[37.65859,47.829422],[37.658864,47.829397],[37.658778,47.828882],[37.658504,47.828903]]]}},{"type":"Feature","properties":{"cadnum":"1421557100:06:000:0158"},"geometry":{"type":"Polygon","coordinates":[[[37.67268,47.856266],[37.67379,47.85739],[37.676529,47.860161],[37.676781,47.859462],[37.676588,47.859428],[37.677054,47.858147],[37.676337,47.857422],[37.674427,47.855492],[37.674188,47.855598],[37.67268,47.856266]]]}},{"type":"Feature","properties":{"cadnum":"1421557100:01:004:0147"},"geometry":{"type":"Polygon","coordinates":[[[37.675123,47.823128],[37.675213,47.82346],[37.675743,47.823402],[37.67568,47.823086],[37.675123,47.823128]]]}},{"type":"Feature","properties":{"cadnum":"1421557100:01:004:0206"},"geometry":{"type":"Polygon","coordinates":[[[37.673313,47.823026],[37.673515,47.823641],[37.673779,47.823614],[37.673771,47.823511],[37.673703,47.823514],[37.673695,47.823481],[37.673739,47.823447],[37.673623,47.823022],[37.673582,47.822993],[37.673313,47.823026]]]}},{"type":"Feature","properties":{"cadnum":"1421557100:01:004:0137"},"geometry":{"type":"Polygon","coordinates":[[[37.673659,47.822504],[37.673731,47.822877],[37.674112,47.822839],[37.674041,47.822456],[37.673659,47.822504]]]}},{"type":"Feature","properties":{"cadnum":"1421557100:01:004:0138"},"geometry":{"type":"Polygon","coordinates":[[[37.674041,47.822456],[37.674112,47.822839],[37.674441,47.822808],[37.674301,47.822425],[37.674041,47.822456]]]}},{"type":"Feature","properties":{"cadnum":"1421557100:01:004:0198"},"geometry":{"type":"Polygon","coordinates":[[[37.676825,47.821122],[37.676871,47.821339],[37.677278,47.821301],[37.677234,47.821084],[37.676825,47.821122]]]}},{"type":"Feature","properties":{"cadnum":"1421557100:01:003:0194"},"geometry":{"type":"Polygon","coordinates":[[[37.674638,47.823764],[37.674728,47.824129],[37.675779,47.824012],[37.675689,47.823644],[37.674638,47.823764]]]}},{"type":"Feature","properties":{"cadnum":"1421557100:01:004:0082"},"geometry":{"type":"Polygon","coordinates":[[[37.676102,47.821337],[37.676236,47.821819],[37.676242,47.821837],[37.676592,47.821804],[37.676479,47.821328],[37.676102,47.821337]]]}},{"type":"Feature","properties":{"cadnum":"1421557100:01:004:0083"},"geometry":{"type":"Polygon","coordinates":[[[37.676035,47.821084],[37.676102,47.821337],[37.676479,47.821328],[37.676425,47.821098],[37.676035,47.821084]]]}},{"type":"Feature","properties":{"cadnum":"1421557100:01:004:0135"},"geometry":{"type":"Polygon","coordinates":[[[37.673609,47.822215],[37.673659,47.822504],[37.674041,47.822456],[37.673991,47.822172],[37.673609,47.822215]]]}},{"type":"Feature","properties":{"cadnum":"1421557100:01:004:0172"},"geometry":{"type":"Polygon","coordinates":[[[37.674808,47.820673],[37.67493,47.82133],[37.675257,47.821307],[37.675146,47.820857],[37.675114,47.82083],[37.675083,47.820803],[37.675043,47.820782],[37.674835,47.820686],[37.674808,47.820673]]]}},{"type":"Feature","properties":{"cadnum":"1421557100:01:004:0136"},"geometry":{"type":"Polygon","coordinates":[[[37.673991,47.822172],[37.674041,47.822456],[37.674301,47.822425],[37.674202,47.822148],[37.673991,47.822172]]]}},{"type":"Feature","properties":{"cadnum":"1421557100:01:004:0197"},"geometry":{"type":"Polygon","coordinates":[[[37.676871,47.821339],[37.676961,47.821771],[37.677368,47.821732],[37.677278,47.821301],[37.676871,47.821339]]]}},{"type":"Feature","properties":{"cadnum":"1421557100:01:004:0202"},"geometry":{"type":"Polygon","coordinates":[[[37.672837,47.822314],[37.672917,47.822613],[37.673502,47.822537],[37.673462,47.822251],[37.672837,47.822314]]]}},{"type":"Feature","properties":{"cadnum":"1421557100:01:004:0148"},"geometry":{"type":"Polygon","coordinates":[[[37.675047,47.822836],[37.675123,47.823128],[37.67568,47.823086],[37.675626,47.82279],[37.675047,47.822836]]]}},{"type":"Feature","properties":{"cadnum":"1421557100:01:003:0193"},"geometry":{"type":"Polygon","coordinates":[[[37.674598,47.823599],[37.674638,47.823764],[37.675689,47.823644],[37.675649,47.823481],[37.674598,47.823599]]]}},{"type":"Feature","properties":{"cadnum":"1421557100:01:004:0150"},"geometry":{"type":"Polygon","coordinates":[[[37.676416,47.822691],[37.676448,47.82302],[37.676452,47.82304],[37.67705,47.822995],[37.676982,47.822636],[37.676416,47.822691]]]}},{"type":"Feature","properties":{"cadnum":"1421557100:01:004:0205"},"geometry":{"type":"Polygon","coordinates":[[[37.674054,47.821418],[37.674135,47.82175],[37.674665,47.821687],[37.674571,47.821355],[37.674054,47.821418]]]}},{"type":"Feature","properties":{"cadnum":"1421557100:01:004:0139"},"geometry":{"type":"Polygon","coordinates":[[[37.67585,47.823076],[37.675918,47.823375],[37.676484,47.823333],[37.676452,47.82304],[37.676448,47.82302],[37.67585,47.823076]]]}},{"type":"Feature","properties":{"cadnum":"1421557100:01:004:0151"},"geometry":{"type":"Polygon","coordinates":[[[37.676452,47.82304],[37.676479,47.823333],[37.677104,47.823288],[37.67705,47.822995],[37.676452,47.82304]]]}},{"type":"Feature","properties":{"cadnum":"1421557100:01:004:0201"},"geometry":{"type":"Polygon","coordinates":[[[37.67294,47.822696],[37.67302,47.823004],[37.673116,47.823002],[37.673366,47.822977],[37.673366,47.822941],[37.673569,47.822914],[37.673519,47.822622],[37.67294,47.822696]]]}},{"type":"Feature","properties":{"cadnum":"1421557100:01:004:0166"},"geometry":{"type":"Polygon","coordinates":[[[37.674678,47.821746],[37.674754,47.822012],[37.675401,47.821934],[37.675343,47.821665],[37.674678,47.821746]]]}},{"type":"Feature","properties":{"cadnum":"1421557100:01:004:0167"},"geometry":{"type":"Polygon","coordinates":[[[37.674571,47.821355],[37.674678,47.821746],[37.675343,47.821665],[37.675257,47.821307],[37.674628,47.821348],[37.674571,47.821355]]]}},{"type":"Feature","properties":{"cadnum":"1421557100:01:004:0204"},"geometry":{"type":"Polygon","coordinates":[[[37.674135,47.82175],[37.674215,47.822079],[37.674754,47.822012],[37.674665,47.821687],[37.674135,47.82175]]]}},{"type":"Feature","properties":{"cadnum":"1421557100:01:004:0207"},"geometry":{"type":"Polygon","coordinates":[[[37.673309,47.823011],[37.673313,47.823026],[37.673582,47.822993],[37.673565,47.82298],[37.673309,47.823011]]]}},{"type":"Feature","properties":{"cadnum":"1421557100:01:004:0173"},"geometry":{"type":"Polygon","coordinates":[[[37.674498,47.820601],[37.674628,47.821348],[37.67493,47.82133],[37.674808,47.820673],[37.67475,47.820652],[37.674661,47.820625],[37.674611,47.820613],[37.674575,47.820604],[37.674498,47.820601]]]}},{"type":"Feature","properties":{"cadnum":"1421557100:01:004:0080"},"geometry":{"type":"Polygon","coordinates":[[[37.67563,47.82203],[37.675697,47.822314],[37.676313,47.822247],[37.676246,47.821964],[37.67563,47.82203]]]}},{"type":"Feature","properties":{"cadnum":"1421557100:01:004:0140"},"geometry":{"type":"Polygon","coordinates":[[[37.675815,47.822917],[37.67585,47.823076],[37.676448,47.82302],[37.676435,47.822859],[37.675815,47.822917]]]}},{"type":"Feature","properties":{"cadnum":"1421557100:01:004:0081"},"geometry":{"type":"Polygon","coordinates":[[[37.675697,47.822314],[37.675796,47.822736],[37.676416,47.822669],[37.676313,47.822247],[37.675697,47.822314]]]}},{"type":"Feature","properties":{"cadnum":"1421557100:01:004:0203"},"geometry":{"type":"Polygon","coordinates":[[[37.672917,47.822613],[37.672926,47.822651],[37.67294,47.822696],[37.673519,47.822622],[37.67351,47.822579],[37.673502,47.822537],[37.672917,47.822613]]]}},{"type":"Feature","properties":{"cadnum":"1421557100:06:000:0133"},"geometry":{"type":"Polygon","coordinates":[[[37.651367,47.813546],[37.651447,47.814177],[37.651533,47.814813],[37.651614,47.815462],[37.651788,47.816831],[37.651789,47.816839],[37.651803,47.816946],[37.651804,47.816946],[37.651807,47.816969],[37.651992,47.818406],[37.653527,47.818345],[37.653422,47.816946],[37.653423,47.816946],[37.653164,47.813474],[37.651367,47.813546]]]}},{"type":"Feature","properties":{"cadnum":"1421557100:06:000:0132"},"geometry":{"type":"Polygon","coordinates":[[[37.653164,47.813474],[37.653414,47.81683],[37.653414,47.816831],[37.653413,47.816831],[37.653527,47.818345],[37.655194,47.818276],[37.655086,47.816831],[37.655085,47.816831],[37.65483,47.813407],[37.653164,47.813474]]]}},{"type":"Feature","properties":{"cadnum":"1421557100:07:000:0194"},"geometry":{"type":"Polygon","coordinates":[[[37.676875,47.841567],[37.677292,47.841581],[37.677305,47.8414],[37.676892,47.841386],[37.676875,47.841567]]]}},{"type":"Feature","properties":{"cadnum":"1421557100:07:000:0250"},"geometry":{"type":"Polygon","coordinates":[[[37.676758,47.840351],[37.677175,47.840367],[37.677189,47.840186],[37.676775,47.840168],[37.676758,47.840351]]]}},{"type":"Feature","properties":{"cadnum":"1421557100:07:000:0276"},"geometry":{"type":"Polygon","coordinates":[[[37.676844,47.841925],[37.677261,47.84194],[37.677278,47.841762],[37.676861,47.84175],[37.676844,47.841925]]]}},{"type":"Feature","properties":{"cadnum":"1421557100:07:000:0249"},"geometry":{"type":"Polygon","coordinates":[[[37.675766,47.841449],[37.676179,47.841467],[37.676192,47.841286],[37.675783,47.841268],[37.675766,47.841449]]]}},{"type":"Feature","properties":{"cadnum":"1421557100:07:000:0123"},"geometry":{"type":"Polygon","coordinates":[[[37.676098,47.842368],[37.676492,47.842389],[37.676506,47.842208],[37.676116,47.842187],[37.676098,47.842368]]]}},{"type":"Feature","properties":{"cadnum":"1421557100:07:000:0127"},"geometry":{"type":"Polygon","coordinates":[[[37.67714,47.840728],[37.677526,47.840743],[37.677544,47.840557],[37.677158,47.840541],[37.67714,47.840728]]]}},{"type":"Feature","properties":{"cadnum":"1421557100:07:000:0019"},"geometry":{"type":"Polygon","coordinates":[[[37.672504,47.844698],[37.67294,47.844934],[37.673896,47.844137],[37.674319,47.843779],[37.674665,47.843604],[37.674746,47.84276],[37.675096,47.839188],[37.675096,47.839187],[37.673053,47.839124],[37.672706,47.842645],[37.672705,47.842645],[37.672504,47.844698]]]}},{"type":"Feature","properties":{"cadnum":"1421557100:07:000:0134"},"geometry":{"type":"Polygon","coordinates":[[[37.675802,47.841044],[37.67621,47.841057],[37.676228,47.84087],[37.675823,47.840848],[37.675802,47.841044]]]}},{"type":"Feature","properties":{"cadnum":"1421557100:07:000:0280"},"geometry":{"type":"Polygon","coordinates":[[[37.676775,47.840168],[37.677189,47.840186],[37.677207,47.840005],[37.676798,47.839987],[37.676775,47.840168]]]}},{"type":"Feature","properties":{"cadnum":"1421557100:07:000:0251"},"geometry":{"type":"Polygon","coordinates":[[[37.676368,47.839426],[37.676794,47.839447],[37.676816,47.839248],[37.676385,47.83923],[37.676368,47.839426]]]}},{"type":"Feature","properties":{"cadnum":"1421557100:07:000:0129"},"geometry":{"type":"Polygon","coordinates":[[[37.676861,47.84175],[37.677278,47.841762],[37.677292,47.841581],[37.676875,47.841567],[37.676861,47.84175]]]}},{"type":"Feature","properties":{"cadnum":"1421557100:07:000:0139"},"geometry":{"type":"Polygon","coordinates":[[[37.674665,47.843604],[37.675311,47.843272],[37.675373,47.842645],[37.675372,47.842645],[37.675712,47.839206],[37.675096,47.839187],[37.675096,47.839188],[37.674758,47.842645],[37.674757,47.842645],[37.674665,47.843604]]]}},{"type":"Feature","properties":{"cadnum":"1421557100:07:000:0128"},"geometry":{"type":"Polygon","coordinates":[[[37.676798,47.839987],[37.677207,47.840005],[37.677225,47.839824],[37.676816,47.839806],[37.676798,47.839987]]]}},{"type":"Feature","properties":{"cadnum":"1421557100:07:000:0124"},"geometry":{"type":"Polygon","coordinates":[[[37.675693,47.842166],[37.676116,47.842187],[37.676129,47.842007],[37.675712,47.841985],[37.675693,47.842166]]]}},{"type":"Feature","properties":{"cadnum":"1421557100:07:000:0253"},"geometry":{"type":"Polygon","coordinates":[[[37.676228,47.84087],[37.676636,47.840888],[37.676655,47.840713],[37.676246,47.840692],[37.676228,47.84087]]]}},{"type":"Feature","properties":{"cadnum":"1421557100:07:000:0255"},"geometry":{"type":"Polygon","coordinates":[[[37.677175,47.840367],[37.67758,47.840378],[37.677603,47.8402],[37.677189,47.840186],[37.677175,47.840367]]]}},{"type":"Feature","properties":{"cadnum":"1421557100:07:000:0271"},"geometry":{"type":"Polygon","coordinates":[[[37.675257,47.841033],[37.675725,47.841053],[37.675739,47.8409],[37.675271,47.840879],[37.675257,47.841033]]]}},{"type":"Feature","properties":{"cadnum":"1421557100:07:000:0290"},"geometry":{"type":"Polygon","coordinates":[[[37.677121,47.840906],[37.67753,47.840918],[37.677548,47.840743],[37.677526,47.840743],[37.67714,47.840728],[37.677121,47.840906]]]}},{"type":"Feature","properties":{"cadnum":"1421557100:07:000:0254"},"geometry":{"type":"Polygon","coordinates":[[[37.67621,47.841057],[37.676619,47.841071],[37.676636,47.840888],[37.676228,47.84087],[37.67621,47.841057]]]}},{"type":"Feature","properties":{"cadnum":"1421557100:07:000:0282"},"geometry":{"type":"Polygon","coordinates":[[[37.675855,47.84049],[37.676263,47.840508],[37.676282,47.84033],[37.675873,47.840315],[37.675855,47.84049]]]}},{"type":"Feature","properties":{"cadnum":"1421557100:07:000:0239"},"geometry":{"type":"Polygon","coordinates":[[[37.675729,47.841807],[37.676146,47.841826],[37.67616,47.841648],[37.675747,47.841627],[37.675729,47.841807]]]}},{"type":"Feature","properties":{"cadnum":"1421557100:07:000:0279"},"geometry":{"type":"Polygon","coordinates":[[[37.67564,47.842703],[37.676066,47.842733],[37.676085,47.842552],[37.675657,47.842525],[37.675645,47.842645],[37.67564,47.842703]]]}},{"type":"Feature","properties":{"cadnum":"1421557100:07:000:0319"},"geometry":{"type":"Polygon","coordinates":[[[37.676179,47.841467],[37.676578,47.841482],[37.676596,47.841301],[37.676192,47.841286],[37.676179,47.841467]]]}},{"type":"Feature","properties":{"cadnum":"1421557100:07:000:0120"},"geometry":{"type":"Polygon","coordinates":[[[37.676313,47.839968],[37.676735,47.839987],[37.676758,47.839806],[37.676332,47.839788],[37.676313,47.839968]]]}},{"type":"Feature","properties":{"cadnum":"1421557100:01:002:0417"},"geometry":{"type":"Polygon","coordinates":[[[37.651776,47.834372],[37.65183,47.834412],[37.652126,47.834225],[37.652135,47.834219],[37.652063,47.834177],[37.652009,47.834213],[37.651969,47.834189],[37.651915,47.834228],[37.651942,47.834246],[37.651875,47.834291],[37.651883,47.834297],[37.651883,47.834298],[37.651776,47.834372]]]}},{"type":"Feature","properties":{"cadnum":"1421557100:01:002:0380"},"geometry":{"type":"Polygon","coordinates":[[[37.653074,47.832691],[37.653478,47.832832],[37.653814,47.832392],[37.653393,47.83225],[37.653074,47.832691]]]}},{"type":"Feature","properties":{"cadnum":"1421557100:01:002:0395"},"geometry":{"type":"Polygon","coordinates":[[[37.653757,47.831918],[37.65382,47.831942],[37.653837,47.831924],[37.653877,47.831873],[37.653814,47.831849],[37.65377,47.8319],[37.653757,47.831918]]]}},{"type":"Feature","properties":{"cadnum":"1421557100:01:002:0504"},"geometry":{"type":"Polygon","coordinates":[[[37.650392,47.834578],[37.65055,47.83472],[37.651097,47.834427],[37.650918,47.83428],[37.650392,47.834578]]]}},{"type":"Feature","properties":{"cadnum":"1421557100:01:002:0453"},"geometry":{"type":"Polygon","coordinates":[[[37.65095,47.833127],[37.65113,47.833275],[37.651264,47.833188],[37.651237,47.833163],[37.651488,47.832971],[37.65139,47.832901],[37.65095,47.833127]]]}},{"type":"Feature","properties":{"cadnum":"1421557100:01:002:0275"},"geometry":{"type":"Polygon","coordinates":[[[37.651883,47.8332],[37.652153,47.833441],[37.652315,47.833335],[37.652095,47.833079],[37.651906,47.833185],[37.651883,47.8332]]]}},{"type":"Feature","properties":{"cadnum":"1421557100:01:002:0611"},"geometry":{"type":"Polygon","coordinates":[[[37.655086,47.832687],[37.655172,47.832738],[37.655208,47.832714],[37.655122,47.832663],[37.655086,47.832687]]]}},{"type":"Feature","properties":{"cadnum":"1421557100:01:002:0135"},"geometry":{"type":"Polygon","coordinates":[[[37.652508,47.833408],[37.652544,47.833438],[37.652602,47.833411],[37.652566,47.833377],[37.652508,47.833408]]]}},{"type":"Feature","properties":{"cadnum":"1421557100:01:002:0612"},"geometry":{"type":"Polygon","coordinates":[[[37.655544,47.832654],[37.655598,47.832654],[37.655594,47.832575],[37.655544,47.832579],[37.655544,47.832654]]]}},{"type":"Feature","properties":{"cadnum":"1421557100:01:002:0091"},"geometry":{"type":"Polygon","coordinates":[[[37.650887,47.832537],[37.651026,47.83266],[37.651048,47.832678],[37.6513,47.832548],[37.651138,47.832407],[37.650887,47.832537]]]}},{"type":"Feature","properties":{"cadnum":"1421557100:01:002:0111"},"geometry":{"type":"Polygon","coordinates":[[[37.652445,47.834912],[37.652619,47.835078],[37.652975,47.834915],[37.652809,47.834747],[37.652455,47.83491],[37.652445,47.834912]]]}},{"type":"Feature","properties":{"cadnum":"1421557100:01:002:0581"},"geometry":{"type":"Polygon","coordinates":[[[37.65121,47.834361],[37.651516,47.83459],[37.651826,47.834409],[37.651776,47.834372],[37.651677,47.834298],[37.651488,47.834195],[37.65121,47.834361]]]}},{"type":"Feature","properties":{"cadnum":"1421557100:01:001:0078"},"geometry":{"type":"Polygon","coordinates":[[[37.650451,47.833896],[37.650478,47.833911],[37.650501,47.833891],[37.650478,47.833875],[37.650451,47.833896]]]}},{"type":"Feature","properties":{"cadnum":"1421557100:01:002:0362"},"geometry":{"type":"Polygon","coordinates":[[[37.651695,47.83474],[37.65191,47.83493],[37.652252,47.834765],[37.652032,47.834575],[37.651695,47.83474]]]}},{"type":"Feature","properties":{"cadnum":"1421557100:01:002:0120"},"geometry":{"type":"Polygon","coordinates":[[[37.650271,47.83367],[37.650455,47.833797],[37.650554,47.833733],[37.650518,47.83371],[37.650365,47.833607],[37.650271,47.83367]]]}},{"type":"Feature","properties":{"cadnum":"1421557100:01:002:0550"},"geometry":{"type":"Polygon","coordinates":[[[37.65072,47.834008],[37.6509,47.834113],[37.651097,47.833963],[37.651164,47.833999],[37.651327,47.833863],[37.651295,47.833845],[37.651313,47.833833],[37.651107,47.833715],[37.65072,47.834008]]]}},{"type":"Feature","properties":{"cadnum":"1421557100:01:002:0547"},"geometry":{"type":"Polygon","coordinates":[[[37.65218,47.833052],[37.652346,47.833239],[37.652516,47.833118],[37.652634,47.832989],[37.652696,47.832886],[37.652881,47.832654],[37.652862,47.832633],[37.652396,47.832971],[37.65218,47.833052]]]}},{"type":"Feature","properties":{"cadnum":"1421557100:01:002:0250"},"geometry":{"type":"Polygon","coordinates":[[[37.651717,47.833326],[37.652023,47.833516],[37.652153,47.833441],[37.651883,47.8332],[37.651717,47.833326]]]}},{"type":"Feature","properties":{"cadnum":"1421557100:01:002:0130"},"geometry":{"type":"Polygon","coordinates":[[[37.652373,47.832112],[37.652526,47.832271],[37.652642,47.832398],[37.652755,47.832519],[37.652862,47.832633],[37.652881,47.832654],[37.652961,47.832503],[37.652535,47.832045],[37.652373,47.832112]]]}},{"type":"Feature","properties":{"cadnum":"1421557100:01:002:0113"},"geometry":{"type":"Polygon","coordinates":[[[37.651757,47.832639],[37.651889,47.832754],[37.652642,47.832398],[37.652526,47.832271],[37.652229,47.832412],[37.651757,47.832639]]]}},{"type":"Feature","properties":{"cadnum":"1421557100:01:002:0470"},"geometry":{"type":"Polygon","coordinates":[[[37.6516,47.832485],[37.651757,47.832639],[37.652189,47.832431],[37.652036,47.832286],[37.6516,47.832485]]]}},{"type":"Feature","properties":{"cadnum":"1421557100:01:002:0162"},"geometry":{"type":"Polygon","coordinates":[[[37.650289,47.832582],[37.650365,47.832645],[37.650428,47.832612],[37.65037,47.832564],[37.650352,47.832548],[37.650289,47.832582]]]}},{"type":"Feature","properties":{"cadnum":"1421557100:01:002:0515"},"geometry":{"type":"Polygon","coordinates":[[[37.652634,47.835069],[37.652809,47.835238],[37.653124,47.835087],[37.652975,47.834915],[37.652634,47.835069]]]}},{"type":"Feature","properties":{"cadnum":"1421557100:01:002:0101"},"geometry":{"type":"Polygon","coordinates":[[[37.652409,47.833444],[37.652455,47.833486],[37.652544,47.833438],[37.652499,47.833399],[37.652409,47.833444]]]}},{"type":"Feature","properties":{"cadnum":"1421557100:01:002:0541"},"geometry":{"type":"Polygon","coordinates":[[[37.650801,47.833737],[37.650895,47.833802],[37.650994,47.833739],[37.650904,47.833673],[37.650895,47.833679],[37.650833,47.833719],[37.650801,47.833737]]]}},{"type":"Feature","properties":{"cadnum":"1421557100:01:002:0252"},"geometry":{"type":"Polygon","coordinates":[[[37.651923,47.83434],[37.652045,47.834466],[37.652391,47.834307],[37.652212,47.834168],[37.651923,47.83434]]]}},{"type":"Feature","properties":{"cadnum":"1421557100:01:002:0272"},"geometry":{"type":"Polygon","coordinates":[[[37.651011,47.832295],[37.651178,47.83244],[37.6513,47.832548],[37.65152,47.832403],[37.651327,47.832166],[37.651011,47.832295]]]}},{"type":"Feature","properties":{"cadnum":"1421557100:01:002:0342"},"geometry":{"type":"Polygon","coordinates":[[[37.651677,47.834298],[37.651776,47.834372],[37.651883,47.834298],[37.651875,47.834291],[37.651942,47.834246],[37.651916,47.834228],[37.651969,47.834189],[37.652009,47.834213],[37.652063,47.834177],[37.651929,47.834101],[37.651677,47.834298]]]}},{"type":"Feature","properties":{"cadnum":"1421557100:01:002:0284"},"geometry":{"type":"Polygon","coordinates":[[[37.651241,47.83402],[37.65143,47.834135],[37.651623,47.833983],[37.651443,47.833878],[37.651313,47.833978],[37.651241,47.83402]]]}},{"type":"Feature","properties":{"cadnum":"1421557100:01:002:0087"},"geometry":{"type":"Polygon","coordinates":[[[37.650598,47.833755],[37.650675,47.8338],[37.650747,47.833739],[37.650671,47.833694],[37.650598,47.833755]]]}},{"type":"Feature","properties":{"cadnum":"1421557100:01:002:0356"},"geometry":{"type":"Polygon","coordinates":[[[37.655131,47.833525],[37.655145,47.83358],[37.655212,47.833571],[37.655198,47.833516],[37.655131,47.833525]]]}},{"type":"Feature","properties":{"cadnum":"1421557100:00:002:0070"},"geometry":{"type":"Polygon","coordinates":[[[37.650747,47.833667],[37.650788,47.833692],[37.650873,47.833625],[37.650833,47.833601],[37.650747,47.833667]]]}},{"type":"Feature","properties":{"cadnum":"1421557100:01:002:0116"},"geometry":{"type":"Polygon","coordinates":[[[37.650757,47.833556],[37.65077,47.833565],[37.650818,47.833601],[37.650914,47.83354],[37.650847,47.833495],[37.650757,47.833556]]]}},{"type":"Feature","properties":{"cadnum":"1421557100:01:002:0282"},"geometry":{"type":"Polygon","coordinates":[[[37.652606,47.833366],[37.653029,47.833525],[37.653141,47.833402],[37.652917,47.833203],[37.652786,47.833151],[37.652606,47.833366]]]}},{"type":"Feature","properties":{"cadnum":"1421557100:01:002:0600"},"geometry":{"type":"Polygon","coordinates":[[[37.651897,47.832751],[37.652019,47.832865],[37.652751,47.832515],[37.652642,47.832398],[37.651897,47.832751]]]}},{"type":"Feature","properties":{"cadnum":"1421557100:01:002:0462"},"geometry":{"type":"Polygon","coordinates":[[[37.650204,47.834412],[37.650352,47.834553],[37.650914,47.834273],[37.650751,47.834137],[37.650446,47.834289],[37.650204,47.834412]]]}},{"type":"Feature","properties":{"cadnum":"1421557100:01:002:0439"},"geometry":{"type":"Polygon","coordinates":[[[37.652113,47.834611],[37.652302,47.834747],[37.652678,47.834575],[37.652476,47.834448],[37.652113,47.834611]]]}},{"type":"Feature","properties":{"cadnum":"1421557100:01:002:0003"},"geometry":{"type":"Polygon","coordinates":[[[37.650442,47.833854],[37.650501,47.833891],[37.650554,47.833848],[37.650491,47.833811],[37.650442,47.833854]]]}},{"type":"Feature","properties":{"cadnum":"1421557100:01:002:0110"},"geometry":{"type":"Polygon","coordinates":[[[37.652279,47.834756],[37.652455,47.83491],[37.652809,47.834747],[37.652818,47.834743],[37.652665,47.834581],[37.652279,47.834756]]]}},{"type":"Feature","properties":{"cadnum":"1421557100:01:002:0338"},"geometry":{"type":"Polygon","coordinates":[[[37.65183,47.834412],[37.652063,47.834578],[37.652113,47.834611],[37.652476,47.834448],[37.652126,47.834225],[37.65183,47.834412]]]}},{"type":"Feature","properties":{"cadnum":"1421557100:01:002:0299"},"geometry":{"type":"Polygon","coordinates":[[[37.653474,47.83453],[37.654097,47.834858],[37.654313,47.834973],[37.654327,47.834979],[37.654399,47.834939],[37.654421,47.834919],[37.654628,47.834731],[37.65447,47.834647],[37.654439,47.834632],[37.654206,47.834508],[37.653766,47.834276],[37.653474,47.83453]]]}},{"type":"Feature","properties":{"cadnum":"1421557100:01:002:0468"},"geometry":{"type":"Polygon","coordinates":[[[37.65072,47.832989],[37.6509,47.833151],[37.65095,47.833127],[37.651286,47.832953],[37.651093,47.832787],[37.65072,47.832989]]]}},{"type":"Feature","properties":{"cadnum":"1421557100:01:002:0125"},"geometry":{"type":"Polygon","coordinates":[[[37.652198,47.833574],[37.652413,47.833719],[37.652571,47.833612],[37.652562,47.833607],[37.652625,47.833565],[37.652449,47.83345],[37.652436,47.833438],[37.652329,47.833516],[37.652328,47.833516],[37.652302,47.833502],[37.652198,47.833574]]]}},{"type":"Feature","properties":{"cadnum":"1421557100:01:002:0363"},"geometry":{"type":"Polygon","coordinates":[[[37.65068,47.834852],[37.650824,47.834982],[37.650868,47.835024],[37.651394,47.834695],[37.651219,47.834562],[37.65068,47.834852]]]}},{"type":"Feature","properties":{"cadnum":"1421557100:01:002:0158"},"geometry":{"type":"Polygon","coordinates":[[[37.650527,47.834731],[37.650675,47.834855],[37.651219,47.834562],[37.651075,47.834439],[37.650527,47.834731]]]}},{"type":"Feature","properties":{"cadnum":"1421557100:01:002:0109"},"geometry":{"type":"Polygon","coordinates":[[[37.650348,47.833339],[37.650365,47.833353],[37.650487,47.833456],[37.650514,47.833474],[37.650644,47.833402],[37.650617,47.833384],[37.650594,47.833362],[37.650581,47.833372],[37.650482,47.833287],[37.650464,47.833275],[37.650424,47.833299],[37.650392,47.833314],[37.650348,47.833339]]]}},{"type":"Feature","properties":{"cadnum":"1421557100:01:002:0607"},"geometry":{"type":"Polygon","coordinates":[[[37.650881,47.833938],[37.651034,47.834062],[37.651151,47.833996],[37.65121,47.834038],[37.651241,47.83402],[37.651313,47.833978],[37.65138,47.833927],[37.651394,47.833914],[37.651376,47.833902],[37.651394,47.833891],[37.651219,47.833755],[37.650881,47.833938]]]}},{"type":"Feature","properties":{"cadnum":"1421557100:07:000:0075"},"geometry":{"type":"Polygon","coordinates":[[[37.712439,47.815797],[37.712441,47.816946],[37.712447,47.820389],[37.714379,47.82042],[37.714375,47.816831],[37.714375,47.815811],[37.712439,47.815797]]]}},{"type":"Feature","properties":{"cadnum":"1421557100:01:003:0263"},"geometry":{"type":"Polygon","coordinates":[[[37.667789,47.831665],[37.667794,47.831698],[37.667795,47.831698],[37.667795,47.831699],[37.66786,47.832066],[37.668233,47.832039],[37.668162,47.831638],[37.668124,47.831641],[37.667789,47.831665]]]}},{"type":"Feature","properties":{"cadnum":"1421557100:01:003:0312"},"geometry":{"type":"Polygon","coordinates":[[[37.666898,47.831333],[37.666964,47.831698],[37.666965,47.831698],[37.666965,47.831699],[37.666971,47.831728],[37.667416,47.83169],[37.667424,47.831689],[37.667353,47.831297],[37.666898,47.831333]]]}},{"type":"Feature","properties":{"cadnum":"1421557100:01:003:0270"},"geometry":{"type":"Polygon","coordinates":[[[37.66715,47.828456],[37.667213,47.828701],[37.667483,47.828674],[37.667775,47.828644],[37.667707,47.8284],[37.66715,47.828456]]]}},{"type":"Feature","properties":{"cadnum":"1421557100:01:003:0217"},"geometry":{"type":"Polygon","coordinates":[[[37.66728,47.829645],[37.667317,47.830049],[37.66773,47.830031],[37.667689,47.8296],[37.66728,47.829645]]]}},{"type":"Feature","properties":{"cadnum":"1421557100:01:003:0267"},"geometry":{"type":"Polygon","coordinates":[[[37.670622,47.829844],[37.670722,47.830242],[37.671143,47.830197],[37.671045,47.829795],[37.670829,47.829819],[37.670622,47.829844]]]}},{"type":"Feature","properties":{"cadnum":"1421557100:01:003:0313"},"geometry":{"type":"Polygon","coordinates":[[[37.667353,47.831297],[37.667405,47.831583],[37.667404,47.831583],[37.667424,47.831689],[37.667873,47.831653],[37.667802,47.831261],[37.667353,47.831297]]]}},{"type":"Feature","properties":{"cadnum":"1421557100:01:003:0310"},"geometry":{"type":"Polygon","coordinates":[[[37.670047,47.830528],[37.6702,47.831056],[37.670569,47.831008],[37.670339,47.830492],[37.670047,47.830528]]]}},{"type":"Feature","properties":{"cadnum":"1421557100:01:003:0242"},"geometry":{"type":"Polygon","coordinates":[[[37.668093,47.829772],[37.66812,47.830013],[37.668651,47.829989],[37.668655,47.829747],[37.668093,47.829772]]]}},{"type":"Feature","properties":{"cadnum":"1421557100:01:003:0314"},"geometry":{"type":"Polygon","coordinates":[[[37.667276,47.830887],[37.667347,47.831283],[37.667802,47.831243],[37.66773,47.830851],[37.667276,47.830887]]]}},{"type":"Feature","properties":{"cadnum":"1421557100:01:003:0304"},"geometry":{"type":"Polygon","coordinates":[[[37.66936,47.829985],[37.669458,47.830387],[37.669881,47.830338],[37.669783,47.82994],[37.669405,47.829982],[37.66936,47.829985]]]}},{"type":"Feature","properties":{"cadnum":"1421557100:01:003:0054"},"geometry":{"type":"Polygon","coordinates":[[[37.669756,47.830776],[37.669867,47.831243],[37.670246,47.831213],[37.670101,47.830715],[37.669756,47.830776]]]}},{"type":"Feature","properties":{"cadnum":"1421557100:01:003:0057"},"geometry":{"type":"Polygon","coordinates":[[[37.670663,47.82836],[37.670712,47.82852],[37.671036,47.828478],[37.670991,47.828312],[37.670663,47.82836]]]}},{"type":"Feature","properties":{"cadnum":"1421557100:01:003:0129"},"geometry":{"type":"Polygon","coordinates":[[[37.670294,47.82802],[37.670349,47.828297],[37.670928,47.828246],[37.670873,47.827965],[37.670294,47.82802]]]}},{"type":"Feature","properties":{"cadnum":"1421557100:01:003:0296"},"geometry":{"type":"Polygon","coordinates":[[[37.669252,47.828912],[37.66932,47.829232],[37.66967,47.829189],[37.669603,47.828873],[37.669252,47.828912]]]}},{"type":"Feature","properties":{"cadnum":"1421557100:01:003:0282"},"geometry":{"type":"Polygon","coordinates":[[[37.670357,47.829419],[37.67047,47.829862],[37.670622,47.829844],[37.670829,47.829819],[37.670722,47.829377],[37.670357,47.829419]]]}},{"type":"Feature","properties":{"cadnum":"1421557100:01:003:0055"},"geometry":{"type":"Polygon","coordinates":[[[37.669867,47.831243],[37.669881,47.831303],[37.670272,47.83131],[37.670246,47.831213],[37.669867,47.831243]]]}},{"type":"Feature","properties":{"cadnum":"1421557100:01:003:0311"},"geometry":{"type":"Polygon","coordinates":[[[37.6702,47.831056],[37.670223,47.831131],[37.670622,47.831134],[37.670569,47.831008],[37.6702,47.831056]]]}},{"type":"Feature","properties":{"cadnum":"1421557100:01:003:0230"},"geometry":{"type":"Polygon","coordinates":[[[37.670659,47.830749],[37.670703,47.830941],[37.671624,47.830848],[37.671579,47.830655],[37.670659,47.830749]]]}},{"type":"Feature","properties":{"cadnum":"1421557100:01:003:0062"},"geometry":{"type":"Polygon","coordinates":[[[37.670722,47.829377],[37.670829,47.829819],[37.671053,47.829795],[37.671198,47.829777],[37.671089,47.829334],[37.670722,47.829377]]]}},{"type":"Feature","properties":{"cadnum":"1421557100:01:003:0084"},"geometry":{"type":"Polygon","coordinates":[[[37.668466,47.82861],[37.668548,47.828912],[37.669131,47.828834],[37.669055,47.828538],[37.668646,47.82859],[37.668466,47.82861]]]}},{"type":"Feature","properties":{"cadnum":"1421557100:01:003:0085"},"geometry":{"type":"Polygon","coordinates":[[[37.668408,47.828617],[37.668525,47.828915],[37.668548,47.828912],[37.668466,47.82861],[37.668408,47.828617]]]}},{"type":"Feature","properties":{"cadnum":"1421557100:01:003:0258"},"geometry":{"type":"Polygon","coordinates":[[[37.668112,47.828655],[37.66817,47.828854],[37.668489,47.828818],[37.668408,47.828617],[37.668112,47.828655]]]}},{"type":"Feature","properties":{"cadnum":"1421557100:01:003:0257"},"geometry":{"type":"Polygon","coordinates":[[[37.66817,47.828854],[37.668313,47.829364],[37.668682,47.829322],[37.668525,47.828915],[37.668489,47.828818],[37.66817,47.828854]]]}},{"type":"Feature","properties":{"cadnum":"1421557100:01:003:0144"},"geometry":{"type":"Polygon","coordinates":[[[37.669473,47.828445],[37.669481,47.828481],[37.669804,47.828469],[37.669796,47.828433],[37.669473,47.828445]]]}},{"type":"Feature","properties":{"cadnum":"1421557100:01:003:0056"},"geometry":{"type":"Polygon","coordinates":[[[37.670712,47.82852],[37.670879,47.829072],[37.671103,47.829051],[37.671175,47.829015],[37.671036,47.828478],[37.670712,47.82852]]]}},{"type":"Feature","properties":{"cadnum":"1421557100:01:003:0191"},"geometry":{"type":"Polygon","coordinates":[[[37.6702,47.829892],[37.670303,47.83029],[37.670722,47.830242],[37.670622,47.829844],[37.6702,47.829892]]]}},{"type":"Feature","properties":{"cadnum":"1421557100:01:003:0324"},"geometry":{"type":"Polygon","coordinates":[[[37.676829,47.824386],[37.676861,47.824681],[37.677148,47.824666],[37.677467,47.824651],[37.677437,47.824356],[37.676829,47.824386]]]}},{"type":"Feature","properties":{"cadnum":"1421557100:01:003:0189"},"geometry":{"type":"Polygon","coordinates":[[[37.676825,47.827082],[37.676906,47.827392],[37.677471,47.827335],[37.677382,47.827025],[37.676825,47.827082]]]}},{"type":"Feature","properties":{"cadnum":"1421557100:01:003:0190"},"geometry":{"type":"Polygon","coordinates":[[[37.676906,47.827392],[37.676991,47.827727],[37.677005,47.827796],[37.677588,47.827736],[37.677471,47.827335],[37.676906,47.827392]]]}},{"type":"Feature","properties":{"cadnum":"1421557100:01:003:0316"},"geometry":{"type":"Polygon","coordinates":[[[37.674921,47.826223],[37.67493,47.82627],[37.675007,47.826581],[37.67502,47.826632],[37.675366,47.826593],[37.675554,47.826572],[37.675456,47.826162],[37.675414,47.826168],[37.674921,47.826223]]]}},{"type":"Feature","properties":{"cadnum":"1421557100:01:003:0186"},"geometry":{"type":"Polygon","coordinates":[[[37.674911,47.826219],[37.674921,47.826261],[37.67541,47.826186],[37.675397,47.826144],[37.674911,47.826219]]]}},{"type":"Feature","properties":{"cadnum":"1421557100:01:003:0308"},"geometry":{"type":"Polygon","coordinates":[[[37.674934,47.825143],[37.674957,47.825315],[37.67497,47.825378],[37.674993,47.825375],[37.675007,47.825438],[37.67506,47.825601],[37.675406,47.825583],[37.675334,47.825116],[37.674934,47.825143]]]}},{"type":"Feature","properties":{"cadnum":"1421557100:01:003:0279"},"geometry":{"type":"Polygon","coordinates":[[[37.673982,47.826695],[37.674049,47.82694],[37.674615,47.826874],[37.674624,47.826907],[37.674754,47.826895],[37.674687,47.826617],[37.673982,47.826695]]]}},{"type":"Feature","properties":{"cadnum":"1421557100:01:003:0237"},"geometry":{"type":"Polygon","coordinates":[[[37.675729,47.824965],[37.675787,47.825318],[37.675833,47.825537],[37.676138,47.82551],[37.67612,47.825402],[37.676039,47.82494],[37.675729,47.824965]]]}},{"type":"Feature","properties":{"cadnum":"1421557100:01:003:0280"},"geometry":{"type":"Polygon","coordinates":[[[37.674687,47.826617],[37.674754,47.826895],[37.675074,47.826858],[37.675007,47.826581],[37.674687,47.826617]]]}},{"type":"Feature","properties":{"cadnum":"1421557100:01:003:0115"},"geometry":{"type":"Polygon","coordinates":[[[37.673519,47.824838],[37.673559,47.825061],[37.674355,47.824998],[37.674315,47.824775],[37.673519,47.824838]]]}},{"type":"Feature","properties":{"cadnum":"1421557100:01:003:0303"},"geometry":{"type":"Polygon","coordinates":[[[37.672576,47.825441],[37.672648,47.825758],[37.672644,47.825806],[37.672643,47.825806],[37.672607,47.825852],[37.672576,47.82587],[37.673313,47.825794],[37.673259,47.825782],[37.673223,47.825764],[37.6732,47.825734],[37.673129,47.82539],[37.673097,47.825393],[37.673075,47.825291],[37.672764,47.82532],[37.672787,47.82542],[37.672576,47.825441]]]}},{"type":"Feature","properties":{"cadnum":"1421557100:01:003:0318"},"geometry":{"type":"Polygon","coordinates":[[[37.673965,47.82637],[37.674028,47.82669],[37.674584,47.82663],[37.674521,47.826313],[37.674278,47.826337],[37.674234,47.826343],[37.673965,47.82637]]]}},{"type":"Feature","properties":{"cadnum":"1421557100:01:003:0158"},"geometry":{"type":"Polygon","coordinates":[[[37.674179,47.825906],[37.674229,47.826132],[37.674278,47.826337],[37.674544,47.82631],[37.674404,47.825879],[37.674179,47.825906]]]}},{"type":"Feature","properties":{"cadnum":"1421557100:01:003:0187"},"geometry":{"type":"Polygon","coordinates":[[[37.674867,47.825803],[37.674917,47.82618],[37.675406,47.826125],[37.675324,47.825761],[37.674867,47.825803]]]}},{"type":"Feature","properties":{"cadnum":"1421557100:01:003:0114"},"geometry":{"type":"Polygon","coordinates":[[[37.673559,47.825061],[37.673672,47.825731],[37.674471,47.825667],[37.674355,47.824998],[37.673559,47.825061]]]}},{"type":"Feature","properties":{"cadnum":"1421557100:01:003:0181"},"geometry":{"type":"Polygon","coordinates":[[[37.676358,47.826315],[37.676529,47.826955],[37.676767,47.826925],[37.676596,47.826288],[37.676358,47.826315]]]}},{"type":"Feature","properties":{"cadnum":"1421557100:01:003:0317"},"geometry":{"type":"Polygon","coordinates":[[[37.674521,47.826313],[37.674584,47.82663],[37.675007,47.826581],[37.67493,47.82627],[37.674544,47.82631],[37.674521,47.826313]]]}},{"type":"Feature","properties":{"cadnum":"1421557100:01:003:0315"},"geometry":{"type":"Polygon","coordinates":[[[37.675456,47.826162],[37.675554,47.826572],[37.675986,47.826527],[37.675886,47.826116],[37.675456,47.826162]]]}},{"type":"Feature","properties":{"cadnum":"1421557100:01:003:0045"},"geometry":{"type":"Polygon","coordinates":[[[37.673816,47.825924],[37.673896,47.826376],[37.674234,47.826343],[37.674194,47.826183],[37.674229,47.826132],[37.674179,47.825899],[37.673816,47.825924]]]}},{"type":"Feature","properties":{"cadnum":"1421557100:01:003:0241"},"geometry":{"type":"Polygon","coordinates":[[[37.673227,47.825248],[37.673358,47.825767],[37.673672,47.825731],[37.673582,47.825203],[37.673227,47.825248]]]}},{"type":"Feature","properties":{"cadnum":"1421557100:01:003:0238"},"geometry":{"type":"Polygon","coordinates":[[[37.675684,47.824708],[37.675729,47.824965],[37.676039,47.82494],[37.675995,47.824685],[37.675684,47.824708]]]}},{"type":"Feature","properties":{"cadnum":"1421557100:01:003:0302"},"geometry":{"type":"Polygon","coordinates":[[[37.67634,47.825161],[37.676421,47.825474],[37.676978,47.825411],[37.676897,47.825097],[37.67634,47.825161]]]}},{"type":"Feature","properties":{"cadnum":"1421557100:01:003:0291"},"geometry":{"type":"Polygon","coordinates":[[[37.673753,47.827401],[37.673766,47.827459],[37.673806,47.827582],[37.673879,47.827908],[37.674028,47.827895],[37.673955,47.827483],[37.673924,47.82738],[37.673753,47.827401]]]}},{"type":"Feature","properties":{"cadnum":"1421557100:02:000:0061"},"geometry":{"type":"Polygon","coordinates":[[[37.694109,47.838546],[37.694715,47.838575],[37.694832,47.837764],[37.694836,47.83774],[37.69418,47.837722],[37.694109,47.838546]]]}},{"type":"Feature","properties":{"cadnum":"1421557100:02:000:0058"},"geometry":{"type":"Polygon","coordinates":[[[37.696417,47.838723],[37.697015,47.838763],[37.697019,47.838738],[37.697123,47.837954],[37.696526,47.837903],[37.696417,47.838723]]]}},{"type":"Feature","properties":{"cadnum":"1421557100:02:000:0029"},"geometry":{"type":"Polygon","coordinates":[[[37.697585,47.838787],[37.698138,47.838828],[37.698214,47.838168],[37.697675,47.838139],[37.697585,47.838787]]]}},{"type":"Feature","properties":{"cadnum":"1421557100:02:000:0047"},"geometry":{"type":"Polygon","coordinates":[[[37.694715,47.838591],[37.695322,47.838636],[37.695394,47.838195],[37.695461,47.837807],[37.694832,47.837764],[37.694715,47.838575],[37.694715,47.838591]]]}},{"type":"Feature","properties":{"cadnum":"1421557100:02:000:0110"},"geometry":{"type":"Polygon","coordinates":[[[37.695295,47.838787],[37.695807,47.838826],[37.695834,47.838651],[37.695888,47.838238],[37.695394,47.838195],[37.695322,47.838636],[37.695295,47.838787]]]}},{"type":"Feature","properties":{"cadnum":"1421557100:02:000:0051"},"geometry":{"type":"Polygon","coordinates":[[[37.695834,47.838651],[37.696417,47.838723],[37.696526,47.837903],[37.695941,47.83784],[37.695834,47.838651]]]}},{"type":"Feature","properties":{"cadnum":"1421557100:02:000:0056"},"geometry":{"type":"Polygon","coordinates":[[[37.697019,47.838738],[37.697585,47.838787],[37.697693,47.837994],[37.697123,47.837954],[37.697019,47.838738]]]}},{"type":"Feature","properties":{"cadnum":"1421557100:02:000:0078"},"geometry":{"type":"Polygon","coordinates":[[[37.695394,47.838195],[37.695888,47.838238],[37.695941,47.83784],[37.695461,47.837807],[37.695394,47.838195]]]}},{"type":"Feature","properties":{"cadnum":"1421557100:08:000:0029"},"geometry":{"type":"Polygon","coordinates":[[[37.711231,47.832582],[37.715893,47.832633],[37.715902,47.832177],[37.715912,47.831768],[37.711253,47.831723],[37.711231,47.832582]]]}},{"type":"Feature","properties":{"cadnum":"1421557100:08:000:0028"},"geometry":{"type":"Polygon","coordinates":[[[37.711191,47.833972],[37.71587,47.834023],[37.715893,47.832633],[37.711231,47.832582],[37.711191,47.833972]]]}},{"type":"Feature","properties":{"cadnum":"1421557100:08:000:0027"},"geometry":{"type":"Polygon","coordinates":[[[37.711155,47.835416],[37.713759,47.835443],[37.715843,47.835437],[37.715846,47.835271],[37.715845,47.835271],[37.715853,47.834885],[37.71587,47.834023],[37.711191,47.833972],[37.711158,47.835271],[37.711157,47.835271],[37.711155,47.835364],[37.711155,47.835386],[37.711155,47.835389],[37.711155,47.835416]]]}},{"type":"Feature","properties":{"cadnum":"1421557100:07:000:0321"},"geometry":{"type":"Polygon","coordinates":[[[37.667685,47.815703],[37.66782,47.815896],[37.669141,47.816946],[37.669468,47.817205],[37.672028,47.817223],[37.672035,47.816831],[37.672034,47.816831],[37.672051,47.815929],[37.67038,47.815806],[37.669297,47.815567],[37.668601,47.815748],[37.667685,47.815703]]]}},{"type":"Feature","properties":{"cadnum":"1421557100:07:000:0322"},"geometry":{"type":"Polygon","coordinates":[[[37.666638,47.816493],[37.666921,47.816714],[37.667073,47.81683],[37.667073,47.816831],[37.667144,47.816885],[37.667223,47.816946],[37.667479,47.817141],[37.667321,47.817232],[37.667559,47.817413],[37.667685,47.817516],[37.667824,47.817438],[37.6683,47.817781],[37.669365,47.817163],[37.66893,47.816831],[37.667802,47.815965],[37.666638,47.816493]]]}},{"type":"Feature","properties":{"cadnum":"1421557100:01:002:0020"},"geometry":{"type":"Polygon","coordinates":[[[37.513945,47.698066],[37.513987,47.698215],[37.514022,47.698225],[37.51409,47.698232],[37.514275,47.698208],[37.51427,47.698181],[37.514262,47.698153],[37.514244,47.698088],[37.514239,47.698068],[37.514226,47.698027],[37.513945,47.698066]]]}},{"type":"Feature","properties":{"cadnum":"1421557100:02:000:0080"},"geometry":{"type":"Polygon","coordinates":[[[37.689972,47.839854],[37.69039,47.839884],[37.690461,47.839185],[37.690044,47.839154],[37.689972,47.839854]]]}},{"type":"Feature","properties":{"cadnum":"1421557100:02:000:0049"},"geometry":{"type":"Polygon","coordinates":[[[37.689622,47.842497],[37.690026,47.842525],[37.690115,47.841994],[37.689712,47.841967],[37.689622,47.842497]]]}},{"type":"Feature","properties":{"cadnum":"1421557100:02:000:0038"},"geometry":{"type":"Polygon","coordinates":[[[37.689456,47.839936],[37.689959,47.839959],[37.690026,47.83929],[37.689505,47.839263],[37.689456,47.839936]]]}},{"type":"Feature","properties":{"cadnum":"1421557100:02:000:0064"},"geometry":{"type":"Polygon","coordinates":[[[37.68915,47.842461],[37.689622,47.842497],[37.689712,47.841967],[37.689832,47.841232],[37.689366,47.841198],[37.68915,47.842461]]]}},{"type":"Feature","properties":{"cadnum":"1421557100:02:000:0048"},"geometry":{"type":"Polygon","coordinates":[[[37.689712,47.841967],[37.690115,47.841994],[37.690165,47.841708],[37.690237,47.841261],[37.689832,47.841232],[37.689712,47.841967]]]}},{"type":"Feature","properties":{"cadnum":"1421557100:02:000:0021"},"geometry":{"type":"Polygon","coordinates":[[[37.692102,47.842627],[37.692662,47.842676],[37.692702,47.842036],[37.692123,47.841991],[37.692102,47.842627]]]}},{"type":"Feature","properties":{"cadnum":"1421557100:02:000:0062"},"geometry":{"type":"Polygon","coordinates":[[[37.693215,47.842099],[37.693777,47.842145],[37.693826,47.841612],[37.693264,47.841567],[37.693224,47.842021],[37.693215,47.842099]]]}},{"type":"Feature","properties":{"cadnum":"1421557100:02:000:0116"},"geometry":{"type":"Polygon","coordinates":[[[37.693327,47.839688],[37.693637,47.839715],[37.693677,47.839133],[37.693372,47.839106],[37.693327,47.839688]]]}},{"type":"Feature","properties":{"cadnum":"1421557100:02:000:0019"},"geometry":{"type":"Polygon","coordinates":[[[37.691041,47.842513],[37.691687,47.842564],[37.691679,47.841949],[37.691086,47.841913],[37.691041,47.842513]]]}},{"type":"Feature","properties":{"cadnum":"1421557100:02:000:0001"},"geometry":{"type":"Polygon","coordinates":[[[37.692672,47.842567],[37.69317,47.842606],[37.693215,47.842099],[37.693224,47.842021],[37.692702,47.841979],[37.692672,47.842567]]]}},{"type":"Feature","properties":{"cadnum":"1421557100:02:000:0020"},"geometry":{"type":"Polygon","coordinates":[[[37.692123,47.841991],[37.692702,47.842036],[37.692731,47.841524],[37.692142,47.841478],[37.692123,47.841991]]]}},{"type":"Feature","properties":{"cadnum":"1421557100:02:000:0063"},"geometry":{"type":"Polygon","coordinates":[[[37.69317,47.842606],[37.693727,47.842651],[37.693777,47.842145],[37.693215,47.842099],[37.69317,47.842606]]]}},{"type":"Feature","properties":{"cadnum":"1421557100:02:000:0022"},"geometry":{"type":"Polygon","coordinates":[[[37.692496,47.841404],[37.693148,47.841455],[37.693174,47.841071],[37.692523,47.84102],[37.692496,47.841404]]]}},{"type":"Feature","properties":{"cadnum":"1421557100:02:000:0018"},"geometry":{"type":"Polygon","coordinates":[[[37.691086,47.841913],[37.691679,47.841949],[37.69167,47.841422],[37.691127,47.841386],[37.691086,47.841913]]]}},{"type":"Feature","properties":{"cadnum":"1421557100:01:002:0086"},"geometry":{"type":"Polygon","coordinates":[[[37.647545,47.823563],[37.647639,47.824048],[37.647657,47.824078],[37.647728,47.82409],[37.647954,47.824069],[37.647859,47.823536],[37.647545,47.823563]]]}},{"type":"Feature","properties":{"cadnum":"1421557100:01:002:0163"},"geometry":{"type":"Polygon","coordinates":[[[37.646076,47.822975],[37.64612,47.823156],[37.647032,47.823067],[37.647002,47.82289],[37.646099,47.822971],[37.646076,47.822975]]]}},{"type":"Feature","properties":{"cadnum":"1421557100:01:002:0123"},"geometry":{"type":"Polygon","coordinates":[[[37.648919,47.823291],[37.648923,47.823339],[37.649202,47.823324],[37.649193,47.823276],[37.648919,47.823291]]]}},{"type":"Feature","properties":{"cadnum":"1421557100:01:002:0445"},"geometry":{"type":"Polygon","coordinates":[[[37.648887,47.823119],[37.648887,47.823134],[37.648919,47.823291],[37.649176,47.823276],[37.649157,47.823104],[37.648887,47.823119]]]}},{"type":"Feature","properties":{"cadnum":"1421557100:01:002:0122"},"geometry":{"type":"Polygon","coordinates":[[[37.648923,47.823339],[37.649032,47.824003],[37.649296,47.823988],[37.649202,47.823324],[37.648923,47.823339]]]}},{"type":"Feature","properties":{"cadnum":"1421557100:01:002:0131"},"geometry":{"type":"Polygon","coordinates":[[[37.646063,47.822787],[37.646099,47.822971],[37.647002,47.82289],[37.646965,47.822706],[37.646063,47.822787]]]}},{"type":"Feature","properties":{"cadnum":"1421557100:01:002:0332"},"geometry":{"type":"Polygon","coordinates":[[[37.645371,47.822326],[37.645546,47.822845],[37.645847,47.822796],[37.645685,47.822314],[37.645371,47.822326]]]}},{"type":"Feature","properties":{"cadnum":"1421557100:01:002:0329"},"geometry":{"type":"Polygon","coordinates":[[[37.64825,47.824156],[37.648258,47.824207],[37.648257,47.824207],[37.648344,47.824802],[37.648627,47.824793],[37.648545,47.824323],[37.648514,47.824138],[37.64825,47.824156]]]}},{"type":"Feature","properties":{"cadnum":"1421557100:01:002:0322"},"geometry":{"type":"Polygon","coordinates":[[[37.645088,47.822347],[37.645264,47.82289],[37.645546,47.822845],[37.645371,47.822326],[37.645088,47.822347]]]}},{"type":"Feature","properties":{"cadnum":"1421557100:01:002:0444"},"geometry":{"type":"Polygon","coordinates":[[[37.648776,47.822495],[37.648887,47.823119],[37.649157,47.823104],[37.64908,47.822483],[37.648776,47.822495]]]}},{"type":"Feature","properties":{"cadnum":"1421557100:01:002:0010"},"geometry":{"type":"Polygon","coordinates":[[[37.649692,47.822447],[37.649795,47.823071],[37.649961,47.823071],[37.650059,47.823067],[37.649969,47.822443],[37.649692,47.822447]]]}},{"type":"Feature","properties":{"cadnum":"1421557100:01:002:0295"},"geometry":{"type":"Polygon","coordinates":[[[37.64612,47.823156],[37.646166,47.82333],[37.647069,47.823246],[37.647032,47.823067],[37.64612,47.823156]]]}},{"type":"Feature","properties":{"cadnum":"1421557100:01:002:0320"},"geometry":{"type":"Polygon","coordinates":[[[37.648497,47.822525],[37.64861,47.823147],[37.648887,47.823134],[37.648776,47.822495],[37.648514,47.822506],[37.648497,47.822525]]]}},{"type":"Feature","properties":{"cadnum":"1421557100:01:002:0255"},"geometry":{"type":"Polygon","coordinates":[[[37.647365,47.822631],[37.647445,47.823095],[37.647446,47.823095],[37.647451,47.823092],[37.647769,47.823065],[37.647679,47.822604],[37.647365,47.822631]]]}},{"type":"Feature","properties":{"cadnum":"1421557100:01:002:0115"},"geometry":{"type":"Polygon","coordinates":[[[37.647451,47.823092],[37.647541,47.823563],[37.647859,47.823536],[37.647824,47.823346],[37.647769,47.823065],[37.647451,47.823092]]]}},{"type":"Feature","properties":{"cadnum":"1421557100:01:002:0100"},"geometry":{"type":"Polygon","coordinates":[[[37.647824,47.823346],[37.647841,47.823445],[37.648128,47.823427],[37.648111,47.823333],[37.647824,47.823346]]]}},{"type":"Feature","properties":{"cadnum":"1421557100:01:002:0479"},"geometry":{"type":"Polygon","coordinates":[[[37.645964,47.822365],[37.645986,47.822588],[37.646853,47.822516],[37.64683,47.822341],[37.645964,47.822365]]]}},{"type":"Feature","properties":{"cadnum":"1421557100:01:002:0099"},"geometry":{"type":"Polygon","coordinates":[[[37.647841,47.823445],[37.647859,47.823536],[37.647954,47.824069],[37.648241,47.824051],[37.648128,47.823427],[37.647841,47.823445]]]}},{"type":"Feature","properties":{"cadnum":"1421557100:01:002:0321"},"geometry":{"type":"Polygon","coordinates":[[[37.64861,47.823147],[37.64864,47.8233],[37.648919,47.823291],[37.648887,47.823134],[37.64861,47.823147]]]}},{"type":"Feature","properties":{"cadnum":"1421557100:01:002:0304"},"geometry":{"type":"Polygon","coordinates":[[[37.647962,47.824166],[37.647982,47.824323],[37.648017,47.824587],[37.648048,47.824786],[37.64834,47.824766],[37.648274,47.824323],[37.64825,47.824156],[37.647962,47.824166]]]}},{"type":"Feature","properties":{"cadnum":"1421557100:01:002:0499"},"geometry":{"type":"Polygon","coordinates":[[[37.645146,47.823288],[37.645182,47.823466],[37.6452,47.823463],[37.646174,47.823391],[37.646166,47.82333],[37.646134,47.823212],[37.645146,47.823288]]]}},{"type":"Feature","properties":{"cadnum":"1421557100:01:002:0518"},"geometry":{"type":"Polygon","coordinates":[[[37.648797,47.82416],[37.648806,47.824207],[37.648805,47.824207],[37.648914,47.824832],[37.649049,47.824823],[37.648962,47.824323],[37.648933,47.824151],[37.648797,47.82416]]]}},{"type":"Feature","properties":{"cadnum":"1421557100:01:002:0381"},"geometry":{"type":"Polygon","coordinates":[[[37.647612,47.824171],[37.647619,47.824207],[37.647707,47.824618],[37.648021,47.824594],[37.647983,47.824323],[37.647962,47.824166],[37.647612,47.824171]]]}},{"type":"Feature","properties":{"cadnum":"1421557100:01:002:0292"},"geometry":{"type":"Polygon","coordinates":[[[37.648851,47.824145],[37.648874,47.824323],[37.648941,47.824822],[37.649075,47.824813],[37.649009,47.824323],[37.648985,47.824143],[37.648851,47.824145]]]}},{"type":"Feature","properties":{"cadnum":"1421557100:01:003:0239"},"geometry":{"type":"Polygon","coordinates":[[[37.666967,47.831728],[37.667038,47.832123],[37.667487,47.832084],[37.667416,47.831692],[37.666967,47.831728]]]}},{"type":"Feature","properties":{"cadnum":"1421557100:06:000:0017"},"geometry":{"type":"Polygon","coordinates":[[[37.625024,47.834671],[37.626129,47.834747],[37.626565,47.834776],[37.627162,47.831699],[37.627162,47.831698],[37.627163,47.831698],[37.627584,47.829533],[37.626048,47.829428],[37.625627,47.831583],[37.625626,47.831583],[37.625024,47.834671]]]}},{"type":"Feature","properties":{"cadnum":"1421557100:06:000:0016"},"geometry":{"type":"Polygon","coordinates":[[[37.623421,47.834562],[37.623425,47.834562],[37.624777,47.834653],[37.625024,47.834671],[37.625603,47.831699],[37.625603,47.831698],[37.625604,47.831698],[37.626048,47.829428],[37.62444,47.829319],[37.624,47.831583],[37.623999,47.831583],[37.623421,47.834562]]]}},{"type":"Feature","properties":{"cadnum":"1421557100:01:001:0217"},"geometry":{"type":"Polygon","coordinates":[[[37.64688,47.842899],[37.647168,47.842919],[37.647207,47.842645],[37.647206,47.842645],[37.647244,47.842383],[37.646939,47.84235],[37.646933,47.84235],[37.646939,47.842374],[37.646946,47.842371],[37.646947,47.842371],[37.646897,47.84276],[37.64688,47.842899]]]}},{"type":"Feature","properties":{"cadnum":"1421557100:01:001:0156"},"geometry":{"type":"Polygon","coordinates":[[[37.645048,47.83938],[37.645465,47.839426],[37.645528,47.839073],[37.645115,47.839037],[37.645048,47.83938]]]}},{"type":"Feature","properties":{"cadnum":"1421557100:01:001:0181"},"geometry":{"type":"Polygon","coordinates":[[[37.648357,47.841717],[37.648614,47.841741],[37.64874,47.84121],[37.648484,47.841187],[37.648357,47.841717]]]}},{"type":"Feature","properties":{"cadnum":"1421557100:01:001:0090"},"geometry":{"type":"Polygon","coordinates":[[[37.646633,47.841645],[37.646862,47.841659],[37.646952,47.841132],[37.646705,47.841117],[37.646633,47.841645]]]}},{"type":"Feature","properties":{"cadnum":"1421557100:01:001:0084"},"geometry":{"type":"Polygon","coordinates":[[[37.649593,47.841813],[37.649965,47.841847],[37.650059,47.84137],[37.649686,47.841337],[37.649593,47.841813]]]}},{"type":"Feature","properties":{"cadnum":"1421557100:01:001:0224"},"geometry":{"type":"Polygon","coordinates":[[[37.647572,47.841129],[37.647832,47.841153],[37.647971,47.840577],[37.647692,47.840562],[37.647572,47.841129]]]}},{"type":"Feature","properties":{"cadnum":"1421557100:01:001:0248"},"geometry":{"type":"Polygon","coordinates":[[[37.645964,47.839728],[37.64604,47.839733],[37.646229,47.839746],[37.646323,47.839145],[37.646067,47.839124],[37.645964,47.839728]]]}},{"type":"Feature","properties":{"cadnum":"1421557100:01:001:0085"},"geometry":{"type":"Polygon","coordinates":[[[37.649686,47.841337],[37.650059,47.84137],[37.650065,47.841337],[37.649696,47.841307],[37.649686,47.841337]]]}},{"type":"Feature","properties":{"cadnum":"1421557100:01:001:0152"},"geometry":{"type":"Polygon","coordinates":[[[37.649157,47.839959],[37.649252,47.839965],[37.649556,47.839992],[37.649589,47.83986],[37.649189,47.83982],[37.649157,47.839959]]]}},{"type":"Feature","properties":{"cadnum":"1421557100:01:001:0157"},"geometry":{"type":"Polygon","coordinates":[[[37.646031,47.839782],[37.646381,47.839809],[37.64639,47.839757],[37.64604,47.839733],[37.646031,47.839782]]]}},{"type":"Feature","properties":{"cadnum":"1421557100:01:001:0140"},"geometry":{"type":"Polygon","coordinates":[[[37.646264,47.841008],[37.646516,47.841033],[37.646619,47.840484],[37.646363,47.840459],[37.646264,47.841008]]]}},{"type":"Feature","properties":{"cadnum":"1421557100:01:001:0074"},"geometry":{"type":"Polygon","coordinates":[[[37.649359,47.84304],[37.649696,47.843062],[37.6497,47.842645],[37.649701,47.842522],[37.649369,47.842501],[37.649363,47.84276],[37.649364,47.84276],[37.649359,47.84304]]]}},{"type":"Feature","properties":{"cadnum":"1421557100:01:001:0092"},"geometry":{"type":"Polygon","coordinates":[[[37.644981,47.839869],[37.645357,47.839893],[37.645415,47.839673],[37.645021,47.839648],[37.644981,47.839869]]]}},{"type":"Feature","properties":{"cadnum":"1421557100:01:001:0242"},"geometry":{"type":"Polygon","coordinates":[[[37.647266,47.841107],[37.647522,47.841126],[37.647602,47.840562],[37.647361,47.840541],[37.647266,47.841107]]]}},{"type":"Feature","properties":{"cadnum":"1421557100:01:001:0170"},"geometry":{"type":"Polygon","coordinates":[[[37.647859,47.839981],[37.648264,47.840026],[37.648313,47.83976],[37.647914,47.839715],[37.647859,47.839981]]]}},{"type":"Feature","properties":{"cadnum":"1421557100:01:001:0117"},"geometry":{"type":"Polygon","coordinates":[[[37.646956,47.840387],[37.647189,47.840412],[37.647315,47.839833],[37.647065,47.839811],[37.646956,47.840387]]]}},{"type":"Feature","properties":{"cadnum":"1421557100:01:001:0151"},"geometry":{"type":"Polygon","coordinates":[[[37.649189,47.83982],[37.649589,47.83986],[37.649696,47.839422],[37.649292,47.83938],[37.649189,47.83982]]]}},{"type":"Feature","properties":{"cadnum":"1421557100:01:001:0150"},"geometry":{"type":"Polygon","coordinates":[[[37.64869,47.83992],[37.648982,47.839941],[37.649117,47.839362],[37.648797,47.839335],[37.64869,47.83992]]]}},{"type":"Feature","properties":{"cadnum":"1421557100:01:001:0069"},"geometry":{"type":"Polygon","coordinates":[[[37.645843,47.839646],[37.645923,47.839652],[37.646031,47.839145],[37.646036,47.839145],[37.646053,47.839055],[37.645946,47.839046],[37.645937,47.839091],[37.645946,47.839094],[37.64587,47.839495],[37.645843,47.839646]]]}},{"type":"Feature","properties":{"cadnum":"1421557100:01:001:0103"},"geometry":{"type":"Polygon","coordinates":[[[37.647927,47.842398],[37.648093,47.84241],[37.648227,47.842423],[37.647931,47.842383],[37.647927,47.842398]]]}},{"type":"Feature","properties":{"cadnum":"1421557100:01:001:0231"},"geometry":{"type":"Polygon","coordinates":[[[37.649426,47.841277],[37.649638,47.841297],[37.649696,47.841304],[37.649813,47.840719],[37.649526,47.840698],[37.649426,47.841277]]]}},{"type":"Feature","properties":{"cadnum":"1421557100:01:001:0253"},"geometry":{"type":"Polygon","coordinates":[[[37.644679,47.841377],[37.644692,47.841388],[37.645052,47.841406],[37.645128,47.840948],[37.644738,47.840912],[37.644702,47.841093],[37.644724,47.841096],[37.644679,47.841377]]]}},{"type":"Feature","properties":{"cadnum":"1421557100:01:001:0200"},"geometry":{"type":"Polygon","coordinates":[[[37.64874,47.84121],[37.649004,47.841228],[37.649094,47.840665],[37.648843,47.840647],[37.64874,47.84121]]]}},{"type":"Feature","properties":{"cadnum":"1421557100:01:001:0234"},"geometry":{"type":"Polygon","coordinates":[[[37.646229,47.839746],[37.646449,47.839764],[37.646556,47.839163],[37.646323,47.839145],[37.646229,47.839746]]]}},{"type":"Feature","properties":{"cadnum":"1421557100:01:002:0278"},"geometry":{"type":"Polygon","coordinates":[[[37.648479,47.842896],[37.648789,47.842917],[37.648809,47.84276],[37.648856,47.842401],[37.648573,47.84238],[37.648504,47.84276],[37.648479,47.842896]]]}},{"type":"Feature","properties":{"cadnum":"1421557100:01:001:0075"},"geometry":{"type":"Polygon","coordinates":[[[37.649369,47.842459],[37.649369,47.842501],[37.649701,47.842522],[37.649701,47.842483],[37.649696,47.842483],[37.649369,47.842459]]]}},{"type":"Feature","properties":{"cadnum":"1421557100:01:001:0102"},"geometry":{"type":"Polygon","coordinates":[[[37.647931,47.842383],[37.648227,47.842423],[37.648376,47.841831],[37.648079,47.841793],[37.647931,47.842383]]]}},{"type":"Feature","properties":{"cadnum":"1421557100:01:001:0158"},"geometry":{"type":"Polygon","coordinates":[[[37.645946,47.840291],[37.646292,47.840318],[37.646381,47.839809],[37.646031,47.839782],[37.645946,47.840291]]]}},{"type":"Feature","properties":{"cadnum":"1421557100:01:001:0154"},"geometry":{"type":"Polygon","coordinates":[[[37.64648,47.841545],[37.646745,47.841569],[37.646826,47.841042],[37.646583,47.841008],[37.64648,47.841545]]]}},{"type":"Feature","properties":{"cadnum":"1421557100:01:001:0134"},"geometry":{"type":"Polygon","coordinates":[[[37.649791,47.843013],[37.650051,47.843035],[37.650087,47.842717],[37.650118,47.842461],[37.649809,47.842437],[37.649798,47.84276],[37.649791,47.843013]]]}},{"type":"Feature","properties":{"cadnum":"1421557100:05:000:0002"},"geometry":{"type":"Polygon","coordinates":[[[37.714864,47.83557],[37.714864,47.835913],[37.71487,47.836302],[37.715107,47.836302],[37.715111,47.83597],[37.715116,47.835588],[37.714864,47.83557]]]}},{"type":"Feature","properties":{"cadnum":"1421557100:05:000:0001"},"geometry":{"type":"Polygon","coordinates":[[[37.714591,47.837243],[37.71486,47.837255],[37.71491,47.836716],[37.714914,47.836396],[37.71468,47.836396],[37.714662,47.8367],[37.714591,47.837243]]]}},{"type":"Feature","properties":{"cadnum":"1421557100:05:000:0015"},"geometry":{"type":"Polygon","coordinates":[[[37.714042,47.837156],[37.714275,47.837152],[37.714321,47.836401],[37.714074,47.836399],[37.714047,47.837035],[37.714042,47.837156]]]}},{"type":"Feature","properties":{"cadnum":"1421557100:05:000:0004"},"geometry":{"type":"Polygon","coordinates":[[[37.714401,47.836302],[37.714621,47.836302],[37.714604,47.835525],[37.714424,47.835561],[37.714407,47.836034],[37.714401,47.836302]]]}},{"type":"Feature","properties":{"cadnum":"1421557100:05:000:0010"},"geometry":{"type":"Polygon","coordinates":[[[37.713903,47.836296],[37.714141,47.8363],[37.714172,47.835989],[37.714199,47.835636],[37.714208,47.835603],[37.713966,47.835606],[37.713903,47.836296]]]}},{"type":"Feature","properties":{"cadnum":"1421557100:05:000:0016"},"geometry":{"type":"Polygon","coordinates":[[[37.713738,47.83702],[37.714047,47.837023],[37.714074,47.836399],[37.713809,47.836396],[37.713738,47.83702]]]}},{"type":"Feature","properties":{"cadnum":"1421557100:05:000:0013"},"geometry":{"type":"Polygon","coordinates":[[[37.715224,47.837156],[37.715466,47.837156],[37.715489,47.836408],[37.715273,47.836408],[37.715224,47.837156]]]}},{"type":"Feature","properties":{"cadnum":"1421557100:05:000:0018"},"geometry":{"type":"Polygon","coordinates":[[[37.714275,47.837152],[37.714514,47.837152],[37.714564,47.836401],[37.714321,47.836401],[37.714275,47.837152]]]}},{"type":"Feature","properties":{"cadnum":"1421557100:07:000:0328"},"geometry":{"type":"Polygon","coordinates":[[[37.670003,47.818444],[37.670124,47.819249],[37.670196,47.819747],[37.670402,47.819736],[37.670403,47.819736],[37.670429,47.819904],[37.67046,47.820073],[37.670483,47.820206],[37.671211,47.820163],[37.671238,47.820157],[37.671265,47.820134],[37.671269,47.820098],[37.671219,47.819745],[37.671305,47.81893],[37.671458,47.818936],[37.671498,47.818897],[37.671642,47.818466],[37.671323,47.818471],[37.671292,47.818523],[37.670946,47.818384],[37.670865,47.818372],[37.670232,47.818297],[37.670003,47.818444]]]}},{"type":"Feature","properties":{"cadnum":"1421557100:07:000:0325"},"geometry":{"type":"Polygon","coordinates":[[[37.668188,47.818207],[37.66821,47.818453],[37.668825,47.818424],[37.669508,47.818363],[37.669487,47.818113],[37.669131,47.8181],[37.669001,47.818104],[37.668445,47.818128],[37.668269,47.818143],[37.668188,47.818207]]]}},{"type":"Feature","properties":{"cadnum":"1421557100:07:000:0323"},"geometry":{"type":"Polygon","coordinates":[[[37.668722,47.819995],[37.668758,47.82029],[37.668799,47.820299],[37.669401,47.820266],[37.67007,47.820227],[37.670016,47.819908],[37.668722,47.819995]]]}},{"type":"Feature","properties":{"cadnum":"1421557100:07:000:0006"},"geometry":{"type":"Polygon","coordinates":[[[37.683123,47.849539],[37.688283,47.850015],[37.688364,47.849512],[37.688458,47.848551],[37.688499,47.848107],[37.68328,47.847625],[37.683123,47.849539]]]}},{"type":"Feature","properties":{"cadnum":"1421557100:01:002:0358"},"geometry":{"type":"Polygon","coordinates":[[[37.642528,47.828469],[37.642644,47.828735],[37.642738,47.828695],[37.642585,47.828442],[37.642528,47.828469]]]}},{"type":"Feature","properties":{"cadnum":"1421557100:01:002:0534"},"geometry":{"type":"Polygon","coordinates":[[[37.642644,47.828735],[37.642717,47.828921],[37.643421,47.828617],[37.643304,47.828447],[37.642644,47.828735]]]}},{"type":"Feature","properties":{"cadnum":"1421557100:01:002:0576"},"geometry":{"type":"Polygon","coordinates":[[[37.643637,47.828655],[37.643717,47.82874],[37.643943,47.828671],[37.643987,47.828653],[37.643996,47.828664],[37.644409,47.828541],[37.644302,47.828447],[37.643637,47.828655]]]}},{"type":"Feature","properties":{"cadnum":"1421557100:01:002:0290"},"geometry":{"type":"Polygon","coordinates":[[[37.642711,47.828925],[37.642774,47.829048],[37.643516,47.828728],[37.643421,47.828617],[37.642711,47.828925]]]}},{"type":"Feature","properties":{"cadnum":"1421557100:01:002:0359"},"geometry":{"type":"Polygon","coordinates":[[[37.642585,47.828442],[37.642738,47.828695],[37.643304,47.828447],[37.643124,47.828197],[37.642585,47.828442]]]}},{"type":"Feature","properties":{"cadnum":"1421557100:01:001:0073"},"geometry":{"type":"Polygon","coordinates":[[[37.64347,47.829756],[37.64356,47.82985],[37.644239,47.829614],[37.644172,47.829503],[37.64347,47.829756]]]}},{"type":"Feature","properties":{"cadnum":"1421557100:01:002:0606"},"geometry":{"type":"Polygon","coordinates":[[[37.646583,47.825957],[37.6467,47.826141],[37.646705,47.826138],[37.646589,47.825954],[37.646583,47.825957]]]}},{"type":"Feature","properties":{"cadnum":"1421557100:01:002:0433"},"geometry":{"type":"Polygon","coordinates":[[[37.64917,47.824868],[37.649243,47.82542],[37.64953,47.825417],[37.649522,47.825246],[37.649485,47.824847],[37.64917,47.824868]]]}},{"type":"Feature","properties":{"cadnum":"1421557100:01:002:0133"},"geometry":{"type":"Polygon","coordinates":[[[37.649027,47.827386],[37.649049,47.8276],[37.649076,47.827597],[37.649049,47.827383],[37.649027,47.827386]]]}},{"type":"Feature","properties":{"cadnum":"1421557100:01:002:0090"},"geometry":{"type":"Polygon","coordinates":[[[37.64908,47.826846],[37.64908,47.826847],[37.649086,47.826916],[37.649094,47.827039],[37.649094,47.827094],[37.650118,47.827043],[37.650096,47.826925],[37.649701,47.826955],[37.649701,47.826954],[37.649686,47.826885],[37.649485,47.826898],[37.649472,47.82684],[37.64908,47.826846]]]}},{"type":"Feature","properties":{"cadnum":"1421557100:01:002:0305"},"geometry":{"type":"Polygon","coordinates":[[[37.648048,47.824786],[37.648052,47.824838],[37.648348,47.82482],[37.64834,47.824766],[37.648048,47.824786]]]}},{"type":"Feature","properties":{"cadnum":"1421557100:01:002:0400"},"geometry":{"type":"Polygon","coordinates":[[[37.648074,47.826292],[37.648107,47.82646],[37.649166,47.826424],[37.649135,47.826255],[37.64887,47.826265],[37.648074,47.826292]]]}},{"type":"Feature","properties":{"cadnum":"1421557100:01:002:0334"},"geometry":{"type":"Polygon","coordinates":[[[37.64909,47.827275],[37.649126,47.827275],[37.649126,47.827094],[37.649094,47.827094],[37.64909,47.827097],[37.64909,47.827275]]]}},{"type":"Feature","properties":{"cadnum":"1421557100:01:002:0092"},"geometry":{"type":"Polygon","coordinates":[[[37.649535,47.826695],[37.649795,47.826695],[37.649799,47.826174],[37.649799,47.826135],[37.649755,47.826135],[37.649575,47.826132],[37.649562,47.826141],[37.649548,47.826413],[37.649535,47.826695]]]}},{"type":"Feature","properties":{"cadnum":"1421557100:01:002:0503"},"geometry":{"type":"Polygon","coordinates":[[[37.648887,47.824805],[37.648973,47.825423],[37.649243,47.82542],[37.649166,47.824811],[37.649032,47.824808],[37.648887,47.824805]]]}},{"type":"Feature","properties":{"cadnum":"1421557100:01:002:0093"},"geometry":{"type":"Polygon","coordinates":[[[37.647998,47.825535],[37.647998,47.825559],[37.648021,47.825559],[37.64803,47.825646],[37.64821,47.825637],[37.648205,47.825616],[37.648237,47.825616],[37.648227,47.825544],[37.648214,47.825546],[37.64821,47.825526],[37.647998,47.825535]]]}},{"type":"Feature","properties":{"cadnum":"1421557100:01:002:0401"},"geometry":{"type":"Polygon","coordinates":[[[37.649135,47.826255],[37.649166,47.826424],[37.649548,47.826413],[37.649556,47.826237],[37.649436,47.826243],[37.649135,47.826255]]]}},{"type":"Feature","properties":{"cadnum":"1421557100:01:002:0302"},"geometry":{"type":"Polygon","coordinates":[[[37.645568,47.824763],[37.645717,47.825185],[37.645977,47.825106],[37.645914,47.824648],[37.645568,47.824763]]]}},{"type":"Feature","properties":{"cadnum":"1421557100:01:002:0333"},"geometry":{"type":"Polygon","coordinates":[[[37.649126,47.827275],[37.650136,47.827224],[37.650118,47.827043],[37.649126,47.827094],[37.649126,47.827275]]]}},{"type":"Feature","properties":{"cadnum":"1421557100:01:002:0089"},"geometry":{"type":"Polygon","coordinates":[[[37.644656,47.824965],[37.644698,47.825076],[37.644738,47.825194],[37.645483,47.825074],[37.645407,47.824847],[37.644656,47.824965]]]}},{"type":"Feature","properties":{"cadnum":"1421557100:01:002:0368"},"geometry":{"type":"Polygon","coordinates":[[[37.647711,47.824657],[37.647734,47.824902],[37.648057,47.82488],[37.648057,47.824877],[37.648052,47.824826],[37.648025,47.824633],[37.647711,47.824657]]]}},{"type":"Feature","properties":{"cadnum":"1421557100:01:002:0584"},"geometry":{"type":"Polygon","coordinates":[[[37.649795,47.826695],[37.650046,47.826684],[37.650082,47.826328],[37.650105,47.826331],[37.650122,47.826243],[37.649799,47.826201],[37.649795,47.826695]]]}},{"type":"Feature","properties":{"cadnum":"1421557100:01:002:0575"},"geometry":{"type":"Polygon","coordinates":[[[37.645164,47.825631],[37.645461,47.826029],[37.645478,47.826024],[37.64577,47.825939],[37.645492,47.825514],[37.645164,47.825631]]]}},{"type":"Feature","properties":{"cadnum":"1421557100:01:002:0345"},"geometry":{"type":"Polygon","coordinates":[[[37.646583,47.826623],[37.646664,47.826747],[37.647631,47.826494],[37.647608,47.826361],[37.646583,47.826623]]]}},{"type":"Feature","properties":{"cadnum":"1421557100:01:002:0406"},"geometry":{"type":"Polygon","coordinates":[[[37.646956,47.827377],[37.647006,47.827585],[37.647724,47.827353],[37.647782,47.827335],[37.647747,47.827136],[37.647535,47.827205],[37.647464,47.827193],[37.647248,47.827262],[37.647199,47.827275],[37.646956,47.827377]]]}},{"type":"Feature","properties":{"cadnum":"1421557100:01:002:0482"},"geometry":{"type":"Polygon","coordinates":[[[37.644814,47.826153],[37.645029,47.826735],[37.645331,47.82665],[37.645065,47.826084],[37.644814,47.826153]]]}},{"type":"Feature","properties":{"cadnum":"1421557100:01:002:0617"},"geometry":{"type":"Polygon","coordinates":[[[37.649449,47.824805],[37.649453,47.82485],[37.649485,47.824847],[37.649522,47.825246],[37.64953,47.825417],[37.649799,47.825411],[37.649745,47.82479],[37.649449,47.824805]]]}},{"type":"Feature","properties":{"cadnum":"1421557100:01:003:0202"},"geometry":{"type":"Polygon","coordinates":[[[37.648174,47.824871],[37.648281,47.825474],[37.648466,47.825459],[37.64843,47.825188],[37.648394,47.825083],[37.648353,47.824859],[37.648174,47.824871]]]}},{"type":"Feature","properties":{"cadnum":"1421557100:01:001:0076"},"geometry":{"type":"Polygon","coordinates":[[[37.646776,47.826214],[37.646992,47.8264],[37.647545,47.82625],[37.647495,47.825966],[37.647451,47.825969],[37.646776,47.826214]]]}},{"type":"Feature","properties":{"cadnum":"1421557100:01:002:0392"},"geometry":{"type":"Polygon","coordinates":[[[37.645478,47.826024],[37.645671,47.826397],[37.645685,47.826412],[37.645685,47.826413],[37.645681,47.826415],[37.645766,47.826512],[37.646009,47.826397],[37.64577,47.825939],[37.645478,47.826024]]]}},{"type":"Feature","properties":{"cadnum":"1421557100:01:002:0595"},"geometry":{"type":"Polygon","coordinates":[[[37.646287,47.826973],[37.646354,47.827075],[37.647625,47.826723],[37.647608,47.826605],[37.64635,47.826955],[37.646287,47.826973]]]}},{"type":"Feature","properties":{"cadnum":"1421557100:01:001:0077"},"geometry":{"type":"Polygon","coordinates":[[[37.646776,47.826214],[37.646929,47.826418],[37.646992,47.8264],[37.646776,47.826214]]]}},{"type":"Feature","properties":{"cadnum":"1421557100:01:002:0605"},"geometry":{"type":"Polygon","coordinates":[[[37.646589,47.825954],[37.646705,47.826138],[37.647464,47.825863],[37.647472,47.825845],[37.647432,47.825653],[37.646589,47.825954]]]}},{"type":"Feature","properties":{"cadnum":"1421557100:01:002:0328"},"geometry":{"type":"Polygon","coordinates":[[[37.648344,47.824802],[37.648348,47.82482],[37.648631,47.824814],[37.648627,47.824793],[37.648344,47.824802]]]}},{"type":"Feature","properties":{"cadnum":"1421557100:01:003:0049"},"geometry":{"type":"Polygon","coordinates":[[[37.663651,47.824024],[37.663693,47.824207],[37.663692,47.824207],[37.663777,47.824582],[37.66402,47.824567],[37.663993,47.824464],[37.663971,47.824467],[37.663921,47.824207],[37.663881,47.823997],[37.663835,47.824003],[37.663651,47.824024]]]}},{"type":"Feature","properties":{"cadnum":"1421557100:01:004:0165"},"geometry":{"type":"Polygon","coordinates":[[[37.664967,47.822063],[37.665043,47.822414],[37.665705,47.822332],[37.665682,47.822244],[37.665615,47.821988],[37.664967,47.822063]]]}},{"type":"Feature","properties":{"cadnum":"1421557100:01:004:0187"},"geometry":{"type":"Polygon","coordinates":[[[37.662367,47.821952],[37.662393,47.822257],[37.662986,47.822233],[37.662933,47.821922],[37.662367,47.821952]]]}},{"type":"Feature","properties":{"cadnum":"1421557100:01:004:0090"},"geometry":{"type":"Polygon","coordinates":[[[37.662426,47.822377],[37.662452,47.822622],[37.662493,47.822929],[37.662753,47.822914],[37.662676,47.822371],[37.662426,47.822377]]]}},{"type":"Feature","properties":{"cadnum":"1421557100:01:004:0119"},"geometry":{"type":"Polygon","coordinates":[[[37.663148,47.822706],[37.663225,47.823248],[37.663558,47.823221],[37.663468,47.822669],[37.663148,47.822706]]]}},{"type":"Feature","properties":{"cadnum":"1421557100:01:004:0112"},"geometry":{"type":"Polygon","coordinates":[[[37.661971,47.821192],[37.66199,47.821723],[37.662336,47.821717],[37.662309,47.821189],[37.661971,47.821192]]]}},{"type":"Feature","properties":{"cadnum":"1421557100:01:004:0221"},"geometry":{"type":"Polygon","coordinates":[[[37.663745,47.822495],[37.663764,47.822588],[37.664038,47.822537],[37.664028,47.82247],[37.663745,47.822495]]]}},{"type":"Feature","properties":{"cadnum":"1421557100:01:004:0105"},"geometry":{"type":"Polygon","coordinates":[[[37.662627,47.821234],[37.662655,47.821759],[37.662986,47.821753],[37.662973,47.821219],[37.662627,47.821234]]]}},{"type":"Feature","properties":{"cadnum":"1421557100:01:004:0120"},"geometry":{"type":"Polygon","coordinates":[[[37.663139,47.822646],[37.663148,47.822706],[37.663468,47.822669],[37.663458,47.822609],[37.663139,47.822646]]]}},{"type":"Feature","properties":{"cadnum":"1421557100:01:004:0097"},"geometry":{"type":"Polygon","coordinates":[[[37.661563,47.824075],[37.661588,47.824207],[37.661587,47.824207],[37.661701,47.824802],[37.661891,47.824795],[37.661793,47.824207],[37.66177,47.824069],[37.661621,47.824075],[37.661563,47.824075]]]}},{"type":"Feature","properties":{"cadnum":"1421557100:01:004:0104"},"geometry":{"type":"Polygon","coordinates":[[[37.662875,47.823939],[37.662879,47.823981],[37.663238,47.823954],[37.663234,47.823916],[37.662875,47.823939]]]}},{"type":"Feature","properties":{"cadnum":"1421557100:01:004:0220"},"geometry":{"type":"Polygon","coordinates":[[[37.663621,47.821886],[37.663745,47.822495],[37.664028,47.82247],[37.663921,47.821858],[37.663621,47.821886]]]}},{"type":"Feature","properties":{"cadnum":"1421557100:01:004:0152"},"geometry":{"type":"Polygon","coordinates":[[[37.665533,47.821659],[37.665601,47.821931],[37.665682,47.822244],[37.665982,47.822211],[37.665829,47.821623],[37.665533,47.821659]]]}},{"type":"Feature","properties":{"cadnum":"1421557100:01:004:0190"},"geometry":{"type":"Polygon","coordinates":[[[37.665829,47.821623],[37.666001,47.822284],[37.666265,47.822257],[37.666068,47.821599],[37.665829,47.821623]]]}},{"type":"Feature","properties":{"cadnum":"1421557100:01:004:0194"},"geometry":{"type":"Polygon","coordinates":[[[37.663458,47.822609],[37.663558,47.823221],[37.663845,47.823197],[37.66371,47.822591],[37.663458,47.822609]]]}},{"type":"Feature","properties":{"cadnum":"1421557100:01:004:0095"},"geometry":{"type":"Polygon","coordinates":[[[37.661172,47.821288],[37.66119,47.821737],[37.66159,47.821728],[37.661571,47.821279],[37.661172,47.821288]]]}},{"type":"Feature","properties":{"cadnum":"1421557100:01:004:0177"},"geometry":{"type":"Polygon","coordinates":[[[37.661846,47.823065],[37.661877,47.823342],[37.662537,47.823294],[37.662506,47.823035],[37.661846,47.823065]]]}},{"type":"Feature","properties":{"cadnum":"1421557100:01:004:0133"},"geometry":{"type":"Polygon","coordinates":[[[37.662241,47.823954],[37.66225,47.824045],[37.662372,47.824042],[37.662372,47.824024],[37.662579,47.824008],[37.662573,47.823939],[37.662241,47.823954]]]}},{"type":"Feature","properties":{"cadnum":"1421557100:01:004:0164"},"geometry":{"type":"Polygon","coordinates":[[[37.664909,47.821789],[37.664967,47.822063],[37.665615,47.821988],[37.665546,47.821714],[37.664909,47.821789]]]}},{"type":"Feature","properties":{"cadnum":"1421557100:01:004:0210"},"geometry":{"type":"Polygon","coordinates":[[[37.665439,47.820945],[37.665588,47.821482],[37.665911,47.821439],[37.665766,47.820908],[37.665439,47.820945]]]}},{"type":"Feature","properties":{"cadnum":"1421557100:01:004:0178"},"geometry":{"type":"Polygon","coordinates":[[[37.661791,47.82264],[37.661846,47.823065],[37.662506,47.823035],[37.662493,47.822929],[37.662452,47.822622],[37.662013,47.822633],[37.661791,47.82264]]]}},{"type":"Feature","properties":{"cadnum":"1421557100:01:004:0118"},"geometry":{"type":"Polygon","coordinates":[[[37.662039,47.824045],[37.66207,47.824207],[37.662399,47.824178],[37.662372,47.824042],[37.662039,47.824045]]]}},{"type":"Feature","properties":{"cadnum":"1421557100:01:004:0134"},"geometry":{"type":"Polygon","coordinates":[[[37.662183,47.823442],[37.662241,47.823954],[37.662573,47.823939],[37.662546,47.82342],[37.662183,47.823442]]]}},{"type":"Feature","properties":{"cadnum":"1421557100:01:004:0188"},"geometry":{"type":"Polygon","coordinates":[[[37.662393,47.822257],[37.662407,47.822377],[37.662676,47.822371],[37.663013,47.822368],[37.662986,47.822233],[37.662393,47.822257]]]}},{"type":"Feature","properties":{"cadnum":"1421557100:01:004:0153"},"geometry":{"type":"Polygon","coordinates":[[[37.665682,47.822244],[37.665695,47.822296],[37.665705,47.822332],[37.666005,47.822298],[37.665982,47.822211],[37.665682,47.822244]]]}},{"type":"Feature","properties":{"cadnum":"1421557100:01:004:0168"},"geometry":{"type":"Polygon","coordinates":[[[37.665147,47.820936],[37.665259,47.82152],[37.665588,47.821482],[37.66543,47.820903],[37.665147,47.820936]]]}},{"type":"Feature","properties":{"cadnum":"1421557100:01:004:0103"},"geometry":{"type":"Polygon","coordinates":[[[37.66282,47.823409],[37.662875,47.823939],[37.663234,47.823916],[37.663139,47.823387],[37.66282,47.823409]]]}},{"type":"Feature","properties":{"cadnum":"1421557100:01:004:0123"},"geometry":{"type":"Polygon","coordinates":[[[37.663288,47.821135],[37.663296,47.821696],[37.663629,47.821687],[37.663602,47.821131],[37.663288,47.821135]]]}},{"type":"Feature","properties":{"cadnum":"1421557100:01:004:0107"},"geometry":{"type":"Polygon","coordinates":[[[37.663602,47.821131],[37.663629,47.821687],[37.663965,47.821674],[37.663925,47.82114],[37.663602,47.821131]]]}},{"type":"Feature","properties":{"cadnum":"1421557100:01:004:0122"},"geometry":{"type":"Polygon","coordinates":[[[37.664644,47.822441],[37.66473,47.82279],[37.664693,47.822794],[37.66477,47.823095],[37.665053,47.823067],[37.664891,47.822401],[37.664644,47.822441]]]}},{"type":"Feature","properties":{"cadnum":"1421557100:01:004:0149"},"geometry":{"type":"Polygon","coordinates":[[[37.661967,47.823454],[37.662039,47.824045],[37.66225,47.824045],[37.662241,47.823936],[37.662183,47.823442],[37.661967,47.823454]]]}},{"type":"Feature","properties":{"cadnum":"1421557100:01:004:0231"},"geometry":{"type":"Polygon","coordinates":[[[37.665705,47.822332],[37.665808,47.822739],[37.665875,47.822998],[37.666131,47.822968],[37.665959,47.822302],[37.665705,47.822332]]]}},{"type":"Feature","properties":{"cadnum":"1421557100:01:004:0089"},"geometry":{"type":"Polygon","coordinates":[[[37.662676,47.822371],[37.662753,47.822914],[37.662798,47.822911],[37.663089,47.822896],[37.663013,47.822368],[37.662676,47.822371]]]}},{"type":"Feature","properties":{"cadnum":"1421557100:01:004:0113"},"geometry":{"type":"Polygon","coordinates":[[[37.663925,47.821138],[37.663965,47.821674],[37.664303,47.821665],[37.664258,47.821129],[37.663925,47.821138]]]}},{"type":"Feature","properties":{"cadnum":"1421557100:01:003:0048"},"geometry":{"type":"Polygon","coordinates":[[[37.663881,47.823997],[37.663942,47.824323],[37.663943,47.824323],[37.663971,47.824467],[37.663993,47.824464],[37.66402,47.824567],[37.664217,47.824551],[37.664153,47.824246],[37.664097,47.823976],[37.663881,47.823997]]]}},{"type":"Feature","properties":{"cadnum":"1421557100:01:002:0237"},"geometry":{"type":"Polygon","coordinates":[[[37.64918,47.843118],[37.649184,47.843694],[37.64931,47.843703],[37.649422,47.843712],[37.649449,47.843136],[37.64918,47.843118]]]}},{"type":"Feature","properties":{"cadnum":"1421557100:01:002:0170"},"geometry":{"type":"Polygon","coordinates":[[[37.649701,47.843706],[37.649795,47.843715],[37.649956,47.843728],[37.650069,47.843143],[37.649799,47.843122],[37.649701,47.843706]]]}},{"type":"Feature","properties":{"cadnum":"1421557100:01:001:0116"},"geometry":{"type":"Polygon","coordinates":[[[37.649472,47.845332],[37.650038,47.845368],[37.650109,47.845051],[37.649935,47.845036],[37.649669,47.845024],[37.649552,47.845021],[37.649472,47.845332]]]}},{"type":"Feature","properties":{"cadnum":"1421557100:01:001:0164"},"geometry":{"type":"Polygon","coordinates":[[[37.6483,47.843619],[37.64852,47.843649],[37.64856,47.843656],[37.64864,47.843091],[37.64838,47.843073],[37.6483,47.843619]]]}},{"type":"Feature","properties":{"cadnum":"1421557100:01:001:0219"},"geometry":{"type":"Polygon","coordinates":[[[37.646862,47.844559],[37.647248,47.844581],[37.647262,47.844309],[37.646898,47.844288],[37.646862,47.844559]]]}},{"type":"Feature","properties":{"cadnum":"1421557100:01:001:0095"},"geometry":{"type":"Polygon","coordinates":[[[37.647172,47.845165],[37.647342,47.845178],[37.647396,47.844858],[37.647409,47.844858],[37.647445,47.844322],[37.647262,47.844309],[37.647248,47.844581],[37.647235,47.844846],[37.647199,47.844843],[37.647185,47.845006],[37.647172,47.845165]]]}},{"type":"Feature","properties":{"cadnum":"1421557100:01:001:0251"},"geometry":{"type":"Polygon","coordinates":[[[37.64953,47.844291],[37.649799,47.844309],[37.649866,47.843757],[37.649768,47.843748],[37.649606,47.843737],[37.64953,47.844291]]]}},{"type":"Feature","properties":{"cadnum":"1421557100:01:001:0237"},"geometry":{"type":"Polygon","coordinates":[[[37.649283,47.84373],[37.649409,47.843743],[37.649516,47.843752],[37.649566,47.843176],[37.649296,47.843155],[37.649283,47.84373]]]}},{"type":"Feature","properties":{"cadnum":"1421557100:01:001:0233"},"geometry":{"type":"Polygon","coordinates":[[[37.648919,47.843692],[37.649143,47.843715],[37.649283,47.84373],[37.649296,47.843155],[37.649013,47.843125],[37.648919,47.843692]]]}},{"type":"Feature","properties":{"cadnum":"1421557100:01:001:0133"},"geometry":{"type":"Polygon","coordinates":[[[37.647962,47.84415],[37.648227,47.844171],[37.6483,47.843619],[37.648038,47.843601],[37.647962,47.84415]]]}},{"type":"Feature","properties":{"cadnum":"1421557100:01:001:0175"},"geometry":{"type":"Polygon","coordinates":[[[37.649552,47.845919],[37.649952,47.845946],[37.650019,47.8455],[37.649625,47.84547],[37.649552,47.845919]]]}},{"type":"Feature","properties":{"cadnum":"1421557100:01:001:0258"},"geometry":{"type":"Polygon","coordinates":[[[37.646808,47.844982],[37.646812,47.844982],[37.646813,47.844982],[37.647185,47.845006],[37.647199,47.844843],[37.647235,47.844846],[37.647248,47.844581],[37.646862,47.844559],[37.646808,47.844982]]]}},{"type":"Feature","properties":{"cadnum":"1421557100:01:001:0220"},"geometry":{"type":"Polygon","coordinates":[[[37.646782,47.845142],[37.647172,47.845165],[37.647185,47.845006],[37.646813,47.844982],[37.646812,47.844982],[37.646782,47.845142]]]}},{"type":"Feature","properties":{"cadnum":"1421557100:01:001:0168"},"geometry":{"type":"Polygon","coordinates":[[[37.649669,47.845024],[37.649935,47.845036],[37.650069,47.844503],[37.649799,47.844485],[37.649669,47.845024]]]}},{"type":"Feature","properties":{"cadnum":"1421557100:01:001:0226"},"geometry":{"type":"Polygon","coordinates":[[[37.647159,47.84355],[37.647415,47.843568],[37.647459,47.843571],[37.647527,47.843019],[37.647266,47.843004],[37.647159,47.84355]]]}},{"type":"Feature","properties":{"cadnum":"1421557100:01:001:0124"},"geometry":{"type":"Polygon","coordinates":[[[37.648258,47.844915],[37.648533,47.844934],[37.648577,47.844376],[37.648313,47.844355],[37.648258,47.844915]]]}},{"type":"Feature","properties":{"cadnum":"1421557100:02:000:0104"},"geometry":{"type":"Polygon","coordinates":[[[37.681725,47.838389],[37.682202,47.838403],[37.682219,47.838093],[37.682224,47.838027],[37.681748,47.838012],[37.681743,47.838093],[37.681725,47.838389]]]}},{"type":"Feature","properties":{"cadnum":"1421557100:02:000:0097"},"geometry":{"type":"Polygon","coordinates":[[[37.680324,47.837393],[37.680494,47.8374],[37.680486,47.837569],[37.680953,47.837592],[37.68097,47.837348],[37.680337,47.837156],[37.680324,47.837393]]]}},{"type":"Feature","properties":{"cadnum":"1421557100:02:000:0092"},"geometry":{"type":"Polygon","coordinates":[[[37.679894,47.837952],[37.679955,47.838304],[37.680423,47.838329],[37.68045,47.837972],[37.679894,47.837952]]]}},{"type":"Feature","properties":{"cadnum":"1421557100:02:000:0096"},"geometry":{"type":"Polygon","coordinates":[[[37.679794,47.837375],[37.679844,47.837647],[37.680477,47.837668],[37.680486,47.837569],[37.680494,47.8374],[37.680324,47.837393],[37.679794,47.837375]]]}},{"type":"Feature","properties":{"cadnum":"1421557100:02:000:0100"},"geometry":{"type":"Polygon","coordinates":[[[37.68116,47.837771],[37.681762,47.837795],[37.681771,47.837569],[37.681186,47.837393],[37.68116,47.837771]]]}},{"type":"Feature","properties":{"cadnum":"1421557100:02:000:0106"},"geometry":{"type":"Polygon","coordinates":[[[37.681748,47.838012],[37.682224,47.838027],[37.682242,47.83771],[37.681771,47.837569],[37.681762,47.837795],[37.681748,47.838012]]]}},{"type":"Feature","properties":{"cadnum":"1421557100:02:000:0095"},"geometry":{"type":"Polygon","coordinates":[[[37.680454,47.837952],[37.680926,47.837972],[37.680953,47.837592],[37.680486,47.837569],[37.680477,47.837668],[37.680454,47.837952]]]}},{"type":"Feature","properties":{"cadnum":"1421557100:02:000:0108"},"geometry":{"type":"Polygon","coordinates":[[[37.679727,47.836971],[37.679794,47.837375],[37.680324,47.837393],[37.680337,47.837156],[37.679727,47.836971]]]}},{"type":"Feature","properties":{"cadnum":"1421557100:02:000:0107"},"geometry":{"type":"Polygon","coordinates":[[[37.682202,47.838403],[37.682785,47.838425],[37.682804,47.838117],[37.682219,47.838093],[37.682202,47.838403]]]}},{"type":"Feature","properties":{"cadnum":"1421557100:02:000:0105"},"geometry":{"type":"Polygon","coordinates":[[[37.681123,47.838367],[37.681725,47.838389],[37.681743,47.838093],[37.681142,47.838069],[37.681123,47.838367]]]}},{"type":"Feature","properties":{"cadnum":"1421557100:02:000:0099"},"geometry":{"type":"Polygon","coordinates":[[[37.682219,47.838093],[37.682804,47.838117],[37.682813,47.837882],[37.682242,47.83771],[37.682224,47.838027],[37.682219,47.838093]]]}},{"type":"Feature","properties":{"cadnum":"1421557100:02:000:0094"},"geometry":{"type":"Polygon","coordinates":[[[37.679844,47.837647],[37.679894,47.837952],[37.68045,47.837972],[37.680454,47.837952],[37.680477,47.837668],[37.679844,47.837647]]]}},{"type":"Feature","properties":{"cadnum":"1421557100:02:000:0101"},"geometry":{"type":"Polygon","coordinates":[[[37.681142,47.838069],[37.681743,47.838093],[37.681748,47.838012],[37.681762,47.837795],[37.68116,47.837771],[37.681142,47.838069]]]}},{"type":"Feature","properties":{"cadnum":"1421557100:02:000:0093"},"geometry":{"type":"Polygon","coordinates":[[[37.680423,47.838329],[37.680899,47.838349],[37.680926,47.837972],[37.680454,47.837952],[37.68045,47.837972],[37.680423,47.838329]]]}},{"type":"Feature","properties":{"cadnum":"1421557100:01:003:0201"},"geometry":{"type":"Polygon","coordinates":[[[37.665143,47.827332],[37.665147,47.827405],[37.665439,47.827395],[37.665439,47.827323],[37.665143,47.827332]]]}},{"type":"Feature","properties":{"cadnum":"1421557100:01:003:0210"},"geometry":{"type":"Polygon","coordinates":[[[37.662793,47.826804],[37.663085,47.826777],[37.663234,47.826198],[37.662923,47.826228],[37.662839,47.826491],[37.662816,47.826494],[37.66282,47.826536],[37.662802,47.82659],[37.662793,47.826804]]]}},{"type":"Feature","properties":{"cadnum":"1421557100:01:003:0285"},"geometry":{"type":"Polygon","coordinates":[[[37.665659,47.826726],[37.665672,47.82678],[37.665691,47.82678],[37.665699,47.826831],[37.665668,47.826835],[37.665776,47.827377],[37.666055,47.827353],[37.665929,47.82672],[37.665659,47.826726]]]}},{"type":"Feature","properties":{"cadnum":"1421557100:01:003:0106"},"geometry":{"type":"Polygon","coordinates":[[[37.662227,47.826786],[37.66264,47.826729],[37.662632,47.826668],[37.662703,47.826593],[37.662735,47.826268],[37.662447,47.826241],[37.662412,47.826328],[37.662227,47.826786]]]}},{"type":"Feature","properties":{"cadnum":"1421557100:01:003:0192"},"geometry":{"type":"Polygon","coordinates":[[[37.665929,47.82672],[37.666055,47.827353],[37.666301,47.827332],[37.666198,47.826695],[37.665929,47.82672]]]}},{"type":"Feature","properties":{"cadnum":"1421557100:01:003:0216"},"geometry":{"type":"Polygon","coordinates":[[[37.662825,47.827588],[37.662833,47.827667],[37.663122,47.82766],[37.663122,47.827576],[37.662825,47.827588]]]}},{"type":"Feature","properties":{"cadnum":"1421557100:01:003:0200"},"geometry":{"type":"Polygon","coordinates":[[[37.665089,47.826771],[37.665143,47.827332],[37.665439,47.827323],[37.665422,47.826741],[37.665089,47.826771]]]}},{"type":"Feature","properties":{"cadnum":"1421557100:01:003:0064"},"geometry":{"type":"Polygon","coordinates":[[[37.664097,47.826641],[37.664298,47.826584],[37.66429,47.826554],[37.664393,47.826515],[37.664626,47.82621],[37.6646,47.826116],[37.66415,47.826123],[37.664097,47.826641]]]}},{"type":"Feature","properties":{"cadnum":"1421557100:01:003:0211"},"geometry":{"type":"Polygon","coordinates":[[[37.662923,47.826228],[37.663234,47.826198],[37.663346,47.82577],[37.663063,47.825794],[37.662923,47.826228]]]}},{"type":"Feature","properties":{"cadnum":"1421557100:01:003:0113"},"geometry":{"type":"Polygon","coordinates":[[[37.661927,47.826409],[37.662412,47.826328],[37.662529,47.826038],[37.662583,47.825912],[37.66221,47.825951],[37.66208,47.826123],[37.661927,47.826409]]]}},{"type":"Feature","properties":{"cadnum":"1421557100:01:003:0215"},"geometry":{"type":"Polygon","coordinates":[[[37.662785,47.827012],[37.662825,47.827588],[37.663122,47.827576],[37.663112,47.827],[37.662785,47.827012]]]}},{"type":"Feature","properties":{"cadnum":"1421557100:01:003:0105"},"geometry":{"type":"Polygon","coordinates":[[[37.662447,47.826241],[37.662735,47.826268],[37.662758,47.82606],[37.662529,47.826038],[37.662447,47.826241]]]}},{"type":"Feature","properties":{"cadnum":"1421557100:01:002:0432"},"geometry":{"type":"Polygon","coordinates":[[[37.662156,47.827808],[37.662174,47.82795],[37.662515,47.827938],[37.662506,47.827781],[37.662156,47.827808]]]}},{"type":"Feature","properties":{"cadnum":"1421557100:01:003:0065"},"geometry":{"type":"Polygon","coordinates":[[[37.66415,47.826123],[37.6646,47.826116],[37.664487,47.825752],[37.664181,47.82583],[37.66415,47.826123]]]}}]}