{"type":"FeatureCollection","features":[{"type":"Feature","properties":{"cadnum":"1422485500:16:000:0030"},"geometry":{"type":"Polygon","coordinates":[[[37.664469,48.321735],[37.664586,48.322285],[37.666712,48.322114],[37.666712,48.322113],[37.669014,48.321926],[37.668762,48.321455],[37.668705,48.321392],[37.66654,48.321568],[37.664469,48.321735]]]}},{"type":"Feature","properties":{"cadnum":"1422485500:08:000:0072"},"geometry":{"type":"Polygon","coordinates":[[[37.663045,48.319429],[37.663118,48.319836],[37.663592,48.322482],[37.664366,48.322338],[37.663897,48.319722],[37.663827,48.319328],[37.663045,48.319429]]]}},{"type":"Feature","properties":{"cadnum":"1422485500:16:000:0027"},"geometry":{"type":"Polygon","coordinates":[[[37.664743,48.323375],[37.664752,48.323489],[37.664753,48.323489],[37.664793,48.323925],[37.66654,48.323783],[37.669194,48.323566],[37.669149,48.323429],[37.669127,48.32302],[37.666712,48.323216],[37.664754,48.323375],[37.664745,48.323375],[37.664743,48.323375]]]}},{"type":"Feature","properties":{"cadnum":"1422485500:16:000:0028"},"geometry":{"type":"Polygon","coordinates":[[[37.664693,48.322825],[37.664743,48.323375],[37.66654,48.32323],[37.669127,48.32302],[37.669104,48.322604],[37.669087,48.32247],[37.66654,48.322676],[37.66654,48.322677],[37.664693,48.322825]]]}},{"type":"Feature","properties":{"cadnum":"1422485500:16:000:0029"},"geometry":{"type":"Polygon","coordinates":[[[37.664586,48.322285],[37.664689,48.322772],[37.664693,48.322825],[37.666712,48.322663],[37.666712,48.322662],[37.669087,48.32247],[37.669014,48.321926],[37.66654,48.322127],[37.664586,48.322285]]]}},{"type":"Feature","properties":{"cadnum":"1422485500:16:000:0038"},"geometry":{"type":"Polygon","coordinates":[[[37.663921,48.318809],[37.664114,48.319722],[37.664138,48.319836],[37.664139,48.319836],[37.664173,48.319994],[37.666712,48.319788],[37.666712,48.319787],[37.666921,48.31977],[37.66654,48.319573],[37.665879,48.319465],[37.66538,48.319429],[37.664986,48.319334],[37.664546,48.319161],[37.663921,48.318809]]]}},{"type":"Feature","properties":{"cadnum":"1422485500:08:000:0068"},"geometry":{"type":"Polygon","coordinates":[[[37.660022,48.319818],[37.660025,48.319836],[37.660026,48.319836],[37.660602,48.323037],[37.661047,48.322956],[37.661334,48.322903],[37.661047,48.321301],[37.660764,48.319722],[37.660325,48.319779],[37.660022,48.319818]]]}},{"type":"Feature","properties":{"cadnum":"1422485500:08:000:0069"},"geometry":{"type":"Polygon","coordinates":[[[37.660764,48.319722],[37.660784,48.319836],[37.661219,48.32226],[37.661334,48.322903],[37.662074,48.322765],[37.661541,48.319786],[37.661514,48.319626],[37.661047,48.319686],[37.660764,48.319722]]]}},{"type":"Feature","properties":{"cadnum":"1422485500:16:000:0032"},"geometry":{"type":"Polygon","coordinates":[[[37.664208,48.320484],[37.664347,48.321147],[37.666712,48.320954],[37.668183,48.320833],[37.667743,48.320374],[37.66751,48.320215],[37.666712,48.32028],[37.664208,48.320484]]]}},{"type":"Feature","properties":{"cadnum":"1422485500:08:000:0071"},"geometry":{"type":"Polygon","coordinates":[[[37.662273,48.319528],[37.662307,48.319722],[37.662306,48.319722],[37.662829,48.322625],[37.663592,48.322482],[37.663098,48.319722],[37.663097,48.319722],[37.663045,48.319429],[37.662273,48.319528]]]}},{"type":"Feature","properties":{"cadnum":"1422485500:16:000:0031"},"geometry":{"type":"Polygon","coordinates":[[[37.664347,48.321147],[37.664469,48.321735],[37.666712,48.321554],[37.668705,48.321392],[37.668368,48.32103],[37.668183,48.320833],[37.66654,48.320968],[37.664347,48.321147]]]}},{"type":"Feature","properties":{"cadnum":"1422485500:08:000:0012"},"geometry":{"type":"Polygon","coordinates":[[[37.656434,48.323811],[37.656501,48.324692],[37.661219,48.324492],[37.664644,48.324346],[37.664576,48.323489],[37.664577,48.323489],[37.664496,48.322452],[37.664483,48.322318],[37.661219,48.322924],[37.661219,48.322923],[37.658785,48.323375],[37.658525,48.323423],[37.658169,48.323489],[37.656434,48.323811]]]}},{"type":"Feature","properties":{"cadnum":"1422485500:08:000:0070"},"geometry":{"type":"Polygon","coordinates":[[[37.661514,48.319626],[37.66153,48.319722],[37.661541,48.319786],[37.66155,48.319836],[37.662074,48.322765],[37.662829,48.322625],[37.662327,48.319836],[37.662328,48.319836],[37.662273,48.319528],[37.661514,48.319626]]]}},{"type":"Feature","properties":{"cadnum":"1422485500:08:000:0061"},"geometry":{"type":"Polygon","coordinates":[[[37.663827,48.319328],[37.663917,48.319836],[37.664366,48.322338],[37.664483,48.322318],[37.66402,48.319722],[37.663948,48.319313],[37.663827,48.319328]]]}},{"type":"Feature","properties":{"cadnum":"1422485500:16:000:0033"},"geometry":{"type":"Polygon","coordinates":[[[37.664105,48.32],[37.664208,48.320484],[37.66654,48.320294],[37.66751,48.320215],[37.666858,48.319779],[37.666854,48.319776],[37.66654,48.319801],[37.66654,48.319802],[37.664105,48.32]]]}},{"type":"Feature","properties":{"cadnum":"1422485500:09:000:0043"},"geometry":{"type":"Polygon","coordinates":[[[37.738395,48.328903],[37.743444,48.32942],[37.743651,48.329441],[37.744123,48.32904],[37.743444,48.328971],[37.738602,48.328473],[37.738395,48.328903]]]}},{"type":"Feature","properties":{"cadnum":"1422485500:09:000:0046"},"geometry":{"type":"Polygon","coordinates":[[[37.737825,48.330092],[37.737951,48.330104],[37.743444,48.330622],[37.743577,48.330634],[37.743616,48.330638],[37.743741,48.33065],[37.743701,48.330342],[37.743444,48.330316],[37.737987,48.329754],[37.737825,48.330092]]]}},{"type":"Feature","properties":{"cadnum":"1422485500:09:000:0016"},"geometry":{"type":"Polygon","coordinates":[[[37.746534,48.326932],[37.746774,48.327027],[37.747015,48.327123],[37.747024,48.327126],[37.747393,48.326424],[37.748916,48.323489],[37.748938,48.323448],[37.748982,48.323363],[37.749109,48.32312],[37.749198,48.322951],[37.748938,48.322923],[37.748938,48.322924],[37.748937,48.322924],[37.748637,48.322891],[37.748421,48.323306],[37.748386,48.323375],[37.748385,48.323375],[37.746925,48.326185],[37.746534,48.326932]],[[37.747029,48.326579],[37.747077,48.32661],[37.747037,48.326642],[37.746984,48.326612],[37.747029,48.326579]]]}},{"type":"Feature","properties":{"cadnum":"1422485500:09:000:0015"},"geometry":{"type":"Polygon","coordinates":[[[37.747024,48.327126],[37.747061,48.327141],[37.747062,48.327141],[37.747477,48.327305],[37.747564,48.327141],[37.747829,48.326648],[37.748937,48.324564],[37.748938,48.324564],[37.749077,48.324301],[37.749109,48.324241],[37.749548,48.323416],[37.749769,48.323011],[37.749198,48.322951],[37.748982,48.323363],[37.748976,48.323375],[37.748975,48.323375],[37.747393,48.326424],[37.747076,48.327027],[37.747075,48.327027],[37.747024,48.327126]],[[37.747217,48.327141],[37.747266,48.32717],[37.747267,48.327171],[37.747266,48.327171],[37.747222,48.327203],[37.747173,48.327174],[37.747217,48.327141]]]}},{"type":"Feature","properties":{"cadnum":"1422485500:09:000:0042"},"geometry":{"type":"Polygon","coordinates":[[[37.738602,48.328473],[37.743616,48.328989],[37.743616,48.328988],[37.744123,48.32904],[37.744163,48.329005],[37.744356,48.328625],[37.743616,48.32855],[37.743616,48.328549],[37.738804,48.328055],[37.738602,48.328473]]]}},{"type":"Feature","properties":{"cadnum":"1422485500:09:000:0041"},"geometry":{"type":"Polygon","coordinates":[[[37.738804,48.328055],[37.743444,48.328531],[37.743444,48.328532],[37.744356,48.328625],[37.744517,48.328299],[37.744513,48.328204],[37.743444,48.328094],[37.739164,48.327655],[37.739007,48.32764],[37.738804,48.328055]]]}},{"type":"Feature","properties":{"cadnum":"1422485500:09:000:0047"},"geometry":{"type":"Polygon","coordinates":[[[37.737672,48.330512],[37.737951,48.330539],[37.740302,48.33076],[37.743444,48.331056],[37.743597,48.331071],[37.743616,48.331016],[37.743616,48.331015],[37.743703,48.330759],[37.743731,48.330676],[37.743576,48.330662],[37.738123,48.330147],[37.737762,48.330112],[37.737672,48.330512]]]}},{"type":"Feature","properties":{"cadnum":"1422485500:09:000:0045"},"geometry":{"type":"Polygon","coordinates":[[[37.737987,48.329754],[37.738123,48.329768],[37.743616,48.330334],[37.743701,48.330342],[37.74366,48.329999],[37.743615,48.329897],[37.738185,48.329342],[37.737987,48.329754]]]}},{"type":"Feature","properties":{"cadnum":"1422485500:09:000:0044"},"geometry":{"type":"Polygon","coordinates":[[[37.738185,48.329342],[37.743444,48.32988],[37.743615,48.329897],[37.743471,48.329596],[37.743616,48.329471],[37.743651,48.329441],[37.743616,48.329437],[37.738395,48.328903],[37.738185,48.329342]]]}},{"type":"Feature","properties":{"cadnum":"1422485500:30:000:0010"},"geometry":{"type":"Polygon","coordinates":[[[37.659833,48.287984],[37.661219,48.288116],[37.661219,48.288115],[37.66163,48.288154],[37.66177,48.287837],[37.662171,48.286906],[37.662286,48.286645],[37.661219,48.286492],[37.660413,48.286376],[37.660205,48.28695],[37.659833,48.287984]]]}},{"type":"Feature","properties":{"cadnum":"1422485500:30:000:0006"},"geometry":{"type":"Polygon","coordinates":[[[37.662219,48.286798],[37.663253,48.28695],[37.666712,48.287461],[37.666712,48.28746],[37.668175,48.287676],[37.668398,48.286836],[37.668397,48.286836],[37.668498,48.286459],[37.666697,48.286272],[37.662632,48.285847],[37.662479,48.286191],[37.662286,48.286645],[37.662219,48.286798]]]}},{"type":"Feature","properties":{"cadnum":"1422485500:30:000:0009"},"geometry":{"type":"Polygon","coordinates":[[[37.659533,48.28886],[37.660804,48.289069],[37.661047,48.2888],[37.661163,48.288672],[37.661219,48.28861],[37.66163,48.288154],[37.661047,48.288099],[37.659833,48.287984],[37.659533,48.288854],[37.659533,48.28886]]]}},{"type":"Feature","properties":{"cadnum":"1422485500:30:000:0005"},"geometry":{"type":"Polygon","coordinates":[[[37.66177,48.287837],[37.666712,48.288564],[37.666712,48.288563],[37.667896,48.288737],[37.668175,48.287676],[37.66654,48.287435],[37.662479,48.286836],[37.662219,48.286798],[37.662202,48.286836],[37.662171,48.286906],[37.662152,48.28695],[37.66177,48.287837]]]}},{"type":"Feature","properties":{"cadnum":"1422485500:30:000:0004"},"geometry":{"type":"Polygon","coordinates":[[[37.659627,48.290398],[37.66026,48.290491],[37.661047,48.290607],[37.66654,48.291411],[37.66759,48.291564],[37.667673,48.290491],[37.667775,48.289197],[37.667896,48.288737],[37.66654,48.288538],[37.66177,48.287837],[37.66163,48.288154],[37.661163,48.288672],[37.660804,48.289069],[37.659707,48.290276],[37.659627,48.290398]]]}},{"type":"Feature","properties":{"cadnum":"1422485500:25:000:0014"},"geometry":{"type":"Polygon","coordinates":[[[37.614599,48.305052],[37.614603,48.305079],[37.61461,48.305108],[37.61461,48.305109],[37.614636,48.305214],[37.614638,48.305223],[37.614779,48.305793],[37.617273,48.305297],[37.617273,48.305296],[37.617987,48.305154],[37.621484,48.304457],[37.621305,48.303717],[37.617273,48.30452],[37.614599,48.305052]]]}},{"type":"Feature","properties":{"cadnum":"1422485500:22:000:0033"},"geometry":{"type":"Polygon","coordinates":[[[37.621741,48.305274],[37.622595,48.306415],[37.622733,48.306599],[37.622766,48.306645],[37.622767,48.306645],[37.624387,48.308808],[37.626058,48.308482],[37.623613,48.305223],[37.623402,48.304942],[37.622595,48.305103],[37.622569,48.305109],[37.622567,48.305109],[37.62218,48.305186],[37.621994,48.305223],[37.621741,48.305274]]]}},{"type":"Feature","properties":{"cadnum":"1422485500:23:000:0018"},"geometry":{"type":"Polygon","coordinates":[[[37.620964,48.301009],[37.621098,48.301569],[37.621099,48.301569],[37.62196,48.305142],[37.622595,48.305026],[37.622628,48.30502],[37.622766,48.304995],[37.622767,48.304995],[37.623402,48.304878],[37.622595,48.301535],[37.622446,48.300917],[37.620964,48.301009]]]}},{"type":"Feature","properties":{"cadnum":"1422485500:23:000:0019"},"geometry":{"type":"Polygon","coordinates":[[[37.622446,48.300917],[37.622575,48.301454],[37.622575,48.301455],[37.622766,48.302246],[37.622767,48.302246],[37.623402,48.304878],[37.624354,48.304709],[37.624979,48.304654],[37.624211,48.301455],[37.62421,48.301455],[37.62421,48.301454],[37.624058,48.300816],[37.622684,48.300903],[37.622446,48.300917]]]}},{"type":"Feature","properties":{"cadnum":"1422485500:25:000:0046"},"geometry":{"type":"Polygon","coordinates":[[[37.620613,48.300887],[37.620751,48.301454],[37.620751,48.301455],[37.620941,48.302229],[37.621125,48.302976],[37.621305,48.303717],[37.621484,48.304457],[37.621551,48.304736],[37.621727,48.304718],[37.621332,48.302949],[37.621042,48.301569],[37.620964,48.301198],[37.620865,48.300843],[37.620613,48.300887]]]}},{"type":"Feature","properties":{"cadnum":"1422485500:25:000:0015"},"geometry":{"type":"Polygon","coordinates":[[[37.614415,48.304311],[37.614423,48.304347],[37.614599,48.305052],[37.617102,48.304554],[37.617102,48.304555],[37.621305,48.303717],[37.621125,48.302976],[37.617102,48.303777],[37.614415,48.304311]]]}},{"type":"Feature","properties":{"cadnum":"1422485500:25:000:0017"},"geometry":{"type":"Polygon","coordinates":[[[37.61384,48.301951],[37.613884,48.302136],[37.614236,48.303564],[37.617102,48.302994],[37.620941,48.302229],[37.620779,48.301569],[37.620546,48.300612],[37.617273,48.301266],[37.617273,48.301265],[37.615753,48.301569],[37.615752,48.301569],[37.61384,48.301951]]]}},{"type":"Feature","properties":{"cadnum":"1422485500:25:000:0013"},"geometry":{"type":"Polygon","coordinates":[[[37.614779,48.305793],[37.614783,48.305808],[37.614959,48.306537],[37.617273,48.306075],[37.621627,48.305206],[37.621664,48.305199],[37.621484,48.304457],[37.618214,48.305109],[37.618213,48.305109],[37.617987,48.305154],[37.617641,48.305223],[37.617102,48.305331],[37.614779,48.305793]]]}},{"type":"Feature","properties":{"cadnum":"1422485500:25:000:0016"},"geometry":{"type":"Polygon","coordinates":[[[37.614236,48.303564],[37.614244,48.303612],[37.614415,48.304311],[37.617273,48.303743],[37.617273,48.303742],[37.621125,48.302976],[37.620941,48.302229],[37.617273,48.30296],[37.614236,48.303564]]]}},{"type":"Feature","properties":{"cadnum":"1422485500:40:000:0014"},"geometry":{"type":"Polygon","coordinates":[[[37.728816,48.383414],[37.730072,48.383528],[37.730181,48.38314],[37.730559,48.381782],[37.731043,48.380043],[37.731227,48.379393],[37.731407,48.37874],[37.729799,48.378645],[37.729682,48.379223],[37.729543,48.379885],[37.72915,48.381782],[37.728896,48.383012],[37.728816,48.383414]]]}},{"type":"Feature","properties":{"cadnum":"1422485500:40:000:0016"},"geometry":{"type":"Polygon","coordinates":[[[37.725864,48.383143],[37.726965,48.383243],[37.727306,48.383274],[37.72759,48.381896],[37.727591,48.381896],[37.727737,48.381192],[37.727755,48.381106],[37.727804,48.380872],[37.728285,48.378555],[37.727025,48.378479],[37.726898,48.378471],[37.726852,48.3788],[37.726173,48.381782],[37.726172,48.381782],[37.725864,48.383143]],[[37.726919,48.378603],[37.726965,48.378604],[37.726965,48.378605],[37.727355,48.378617],[37.727445,48.378802],[37.727361,48.378952],[37.727082,48.378981],[37.726856,48.378913],[37.726919,48.378603]]]}},{"type":"Feature","properties":{"cadnum":"1422485500:40:000:0015"},"geometry":{"type":"Polygon","coordinates":[[[37.727306,48.383274],[37.728816,48.383414],[37.728896,48.383012],[37.729126,48.381896],[37.729127,48.381896],[37.729543,48.379885],[37.729682,48.379223],[37.729799,48.378645],[37.728285,48.378555],[37.728177,48.379065],[37.728043,48.379724],[37.727804,48.380872],[37.72802,48.380709],[37.728474,48.380691],[37.728856,48.380822],[37.72894,48.38115],[37.728851,48.381347],[37.728514,48.381473],[37.728141,48.381469],[37.727854,48.381385],[37.727737,48.381192],[37.727615,48.381782],[37.727614,48.381782],[37.727391,48.382862],[37.727306,48.383274]]]}},{"type":"Feature","properties":{"cadnum":"1422485500:40:000:0038"},"geometry":{"type":"Polygon","coordinates":[[[37.730158,48.383453],[37.732458,48.383682],[37.732568,48.383692],[37.73263,48.383699],[37.732894,48.383724],[37.732902,48.38368],[37.73297,48.383686],[37.732961,48.383731],[37.736042,48.384035],[37.736051,48.38399],[37.736114,48.383999],[37.736105,48.384041],[37.737951,48.384224],[37.739263,48.384354],[37.739272,48.38431],[37.739339,48.384315],[37.739326,48.38436],[37.739946,48.38442],[37.740628,48.384489],[37.741014,48.384527],[37.741073,48.384213],[37.741095,48.384098],[37.741261,48.383205],[37.741662,48.381896],[37.742357,48.379632],[37.73928,48.379363],[37.738123,48.379263],[37.735881,48.379068],[37.732458,48.378785],[37.731434,48.378701],[37.731273,48.379304],[37.731053,48.380136],[37.730578,48.381896],[37.730432,48.382442],[37.730244,48.383146],[37.730158,48.383453]],[[37.740515,48.380708],[37.740515,48.380709],[37.740242,48.380855],[37.740017,48.380673],[37.740295,48.380524],[37.740296,48.380524],[37.740515,48.380708]],[[37.739936,48.383719],[37.739936,48.38359],[37.740129,48.383594],[37.740125,48.383719],[37.739936,48.383719]],[[37.735028,48.380067],[37.734996,48.380193],[37.734995,48.380193],[37.734807,48.380171],[37.734806,48.380171],[37.734839,48.380047],[37.735028,48.380067]]]}},{"type":"Feature","properties":{"cadnum":"1422485500:45:000:0013"},"geometry":{"type":"Polygon","coordinates":[[[37.726969,48.356124],[37.727137,48.356129],[37.728007,48.356154],[37.729363,48.352647],[37.729345,48.352646],[37.72815,48.352542],[37.728097,48.352701],[37.728098,48.352701],[37.726969,48.356124]]]}},{"type":"Feature","properties":{"cadnum":"1422485500:46:000:0012"},"geometry":{"type":"Polygon","coordinates":[[[37.731016,48.34976],[37.731384,48.349802],[37.732005,48.350185],[37.732458,48.349232],[37.732458,48.349234],[37.732545,48.34905],[37.73263,48.348874],[37.73263,48.348873],[37.732678,48.348772],[37.732628,48.348763],[37.731955,48.348623],[37.731906,48.348936],[37.731852,48.349286],[37.731263,48.349205],[37.731106,48.349185],[37.731016,48.34976]]]}},{"type":"Feature","properties":{"cadnum":"1422485500:46:000:0017"},"geometry":{"type":"Polygon","coordinates":[[[37.729938,48.350731],[37.730801,48.35105],[37.730881,48.350555],[37.730531,48.350501],[37.730428,48.35036],[37.730432,48.350008],[37.730764,48.349731],[37.731016,48.34976],[37.731106,48.349185],[37.730212,48.349065],[37.730108,48.349707],[37.730015,48.350283],[37.729938,48.350731]]]}},{"type":"Feature","properties":{"cadnum":"1422485500:46:000:0006"},"geometry":{"type":"Polygon","coordinates":[[[37.728969,48.350838],[37.730603,48.351444],[37.730733,48.351471],[37.730801,48.35105],[37.729938,48.350731],[37.729902,48.350969],[37.728969,48.350838]]]}},{"type":"Feature","properties":{"cadnum":"1422485500:46:000:0008"},"geometry":{"type":"Polygon","coordinates":[[[37.731852,48.351701],[37.732458,48.351828],[37.733037,48.351948],[37.733607,48.350725],[37.73355,48.350712],[37.733078,48.351038],[37.732741,48.350951],[37.732611,48.350919],[37.732256,48.350829],[37.731852,48.351701]]]}},{"type":"Feature","properties":{"cadnum":"1422485500:46:000:0026"},"geometry":{"type":"Polygon","coordinates":[[[37.726632,48.351047],[37.726965,48.350943],[37.728483,48.350465],[37.728106,48.350176],[37.727764,48.350169],[37.727284,48.350163],[37.726965,48.350596],[37.726965,48.350597],[37.726632,48.351047]]]}},{"type":"Feature","properties":{"cadnum":"1422485500:46:000:0002"},"geometry":{"type":"Polygon","coordinates":[[[37.727831,48.350169],[37.728106,48.350176],[37.728969,48.350838],[37.729902,48.350969],[37.730212,48.349065],[37.731852,48.349286],[37.731907,48.348936],[37.731906,48.348936],[37.732095,48.347745],[37.729879,48.347552],[37.728267,48.347411],[37.728007,48.34905],[37.728008,48.34905],[37.727831,48.350169]]]}},{"type":"Feature","properties":{"cadnum":"1422485500:45:000:0049"},"geometry":{"type":"Polygon","coordinates":[[[37.730554,48.35219],[37.730558,48.352318],[37.730558,48.352333],[37.730563,48.352586],[37.730563,48.352587],[37.730565,48.352647],[37.730566,48.352701],[37.730571,48.352909],[37.730581,48.353139],[37.73217,48.353444],[37.732364,48.352721],[37.731348,48.352587],[37.730971,48.352537],[37.731024,48.352285],[37.730554,48.35219]]]}},{"type":"Feature","properties":{"cadnum":"1422485500:46:000:0007"},"geometry":{"type":"Polygon","coordinates":[[[37.730733,48.351471],[37.731852,48.351701],[37.732256,48.350829],[37.732175,48.350809],[37.731183,48.350603],[37.730881,48.350555],[37.730801,48.35105],[37.730733,48.351471]]]}},{"type":"Feature","properties":{"cadnum":"1422485500:46:000:0013"},"geometry":{"type":"Polygon","coordinates":[[[37.732005,48.350185],[37.732058,48.350208],[37.732458,48.350318],[37.732524,48.350336],[37.73263,48.350366],[37.73263,48.350365],[37.732732,48.350393],[37.733418,48.34895],[37.733428,48.348931],[37.732678,48.348772],[37.7326,48.348936],[37.732599,48.348936],[37.732005,48.350185]]]}},{"type":"Feature","properties":{"cadnum":"1422485500:45:000:0051"},"geometry":{"type":"Polygon","coordinates":[[[37.730544,48.351694],[37.730544,48.351787],[37.730554,48.35219],[37.731024,48.352285],[37.731061,48.352116],[37.732009,48.352274],[37.732238,48.352331],[37.732355,48.352097],[37.730544,48.351694]]]}},{"type":"Feature","properties":{"cadnum":"1422485500:45:000:0081"},"geometry":{"type":"Polygon","coordinates":[[[37.731047,48.352181],[37.73137,48.352456],[37.731973,48.35251],[37.732185,48.352586],[37.732185,48.352587],[37.73263,48.352747],[37.73263,48.352746],[37.732669,48.35276],[37.73297,48.352802],[37.733913,48.353053],[37.734586,48.353234],[37.734951,48.352984],[37.734313,48.352829],[37.73378,48.352701],[37.733123,48.352542],[37.732458,48.352468],[37.732005,48.352417],[37.731452,48.352181],[37.731061,48.352116],[37.731047,48.352181]]]}},{"type":"Feature","properties":{"cadnum":"1422485500:46:000:0001"},"geometry":{"type":"Polygon","coordinates":[[[37.72524,48.350029],[37.727137,48.350229],[37.727137,48.350228],[37.727229,48.350238],[37.727284,48.350163],[37.727831,48.350169],[37.728026,48.348936],[37.728025,48.348936],[37.728267,48.347411],[37.727881,48.347378],[37.726965,48.347299],[37.726066,48.34722],[37.7259,48.348014],[37.725598,48.348936],[37.725597,48.348936],[37.72524,48.350029]]]}},{"type":"Feature","properties":{"cadnum":"1422485500:45:000:0016"},"geometry":{"type":"Polygon","coordinates":[[[37.724517,48.352226],[37.726319,48.352382],[37.727137,48.352454],[37.72815,48.352542],[37.728664,48.352587],[37.729345,48.352646],[37.729363,48.352647],[37.729965,48.352701],[37.730567,48.352754],[37.730565,48.352679],[37.730544,48.351694],[37.727674,48.351375],[37.727324,48.351859],[37.726965,48.35184],[37.726084,48.35179],[37.726965,48.350596],[37.727026,48.350514],[37.727137,48.350364],[37.727229,48.350238],[37.726965,48.35021],[37.726965,48.350211],[37.72524,48.350029],[37.724517,48.352226]]]}},{"type":"Feature","properties":{"cadnum":"1422485500:45:000:0050"},"geometry":{"type":"Polygon","coordinates":[[[37.732238,48.352331],[37.732458,48.352384],[37.733778,48.352701],[37.734313,48.352829],[37.734372,48.352701],[37.734439,48.352557],[37.73434,48.352537],[37.732488,48.352127],[37.732355,48.352097],[37.732238,48.352331]]]}},{"type":"Feature","properties":{"cadnum":"1422485500:12:000:0002"},"geometry":{"type":"Polygon","coordinates":[[[37.725747,48.320893],[37.726946,48.32101],[37.726965,48.321011],[37.726989,48.321014],[37.727137,48.321027],[37.727235,48.321036],[37.727492,48.319836],[37.727863,48.318109],[37.727089,48.317723],[37.726439,48.317399],[37.725979,48.319722],[37.725978,48.319722],[37.725747,48.320893]]]}},{"type":"Feature","properties":{"cadnum":"1422485500:12:000:0025"},"geometry":{"type":"Polygon","coordinates":[[[37.723762,48.316051],[37.723799,48.316069],[37.723905,48.31612],[37.724035,48.316183],[37.724808,48.316556],[37.726273,48.317291],[37.726439,48.317399],[37.726965,48.317662],[37.727089,48.317723],[37.727137,48.317747],[37.727863,48.318109],[37.729583,48.318874],[37.731492,48.319722],[37.731491,48.319722],[37.731627,48.319782],[37.731766,48.319836],[37.731767,48.319836],[37.732013,48.319931],[37.732413,48.320075],[37.732435,48.320003],[37.732156,48.319869],[37.732046,48.319816],[37.729988,48.318818],[37.727814,48.317769],[37.727137,48.317444],[37.725635,48.316724],[37.724513,48.316183],[37.723986,48.315929],[37.723785,48.31604],[37.723762,48.316051]]]}},{"type":"Feature","properties":{"cadnum":"1422485500:12:000:0001"},"geometry":{"type":"Polygon","coordinates":[[[37.727232,48.321038],[37.73202,48.321507],[37.732415,48.320076],[37.732012,48.31993],[37.731949,48.320395],[37.731948,48.320395],[37.731643,48.320605],[37.731192,48.320612],[37.730839,48.320436],[37.730826,48.320145],[37.731102,48.319891],[37.731628,48.319782],[37.727863,48.318109],[37.727515,48.319722],[37.727232,48.321038]]]}},{"type":"Feature","properties":{"cadnum":"1422485500:15:000:0059"},"geometry":{"type":"Polygon","coordinates":[[[37.683737,48.330306],[37.684481,48.330793],[37.684482,48.330793],[37.686127,48.331868],[37.686747,48.331161],[37.685975,48.330679],[37.684609,48.329826],[37.683737,48.330306]]]}},{"type":"Feature","properties":{"cadnum":"1422485500:15:000:0058"},"geometry":{"type":"Polygon","coordinates":[[[37.682957,48.330745],[37.68302,48.330788],[37.685553,48.332477],[37.686127,48.331869],[37.686127,48.331868],[37.684307,48.330679],[37.683737,48.330306],[37.683115,48.330656],[37.683075,48.330679],[37.683073,48.330679],[37.682957,48.330745]]]}},{"type":"Feature","properties":{"cadnum":"1422485500:15:000:0055"},"geometry":{"type":"Polygon","coordinates":[[[37.682202,48.331178],[37.68302,48.331702],[37.68313,48.331772],[37.683191,48.331811],[37.685081,48.333018],[37.685553,48.332477],[37.683191,48.330902],[37.682957,48.330745],[37.682202,48.331178]]]}},{"type":"Feature","properties":{"cadnum":"1422485500:15:000:0009"},"geometry":{"type":"Polygon","coordinates":[[[37.682605,48.333896],[37.683026,48.334445],[37.683027,48.334445],[37.68306,48.334487],[37.683191,48.334657],[37.68336,48.334875],[37.683859,48.334364],[37.683769,48.334245],[37.683084,48.333498],[37.682633,48.333006],[37.682605,48.333896]]]}},{"type":"Feature","properties":{"cadnum":"1422485500:15:000:0054"},"geometry":{"type":"Polygon","coordinates":[[[37.681569,48.331524],[37.68302,48.332558],[37.683089,48.332607],[37.683191,48.33268],[37.683873,48.333164],[37.684708,48.333376],[37.685081,48.333018],[37.68313,48.331772],[37.682202,48.331178],[37.681569,48.331524]]]}},{"type":"Feature","properties":{"cadnum":"1422485500:15:000:0061"},"geometry":{"type":"Polygon","coordinates":[[[37.684658,48.329859],[37.686156,48.330793],[37.686157,48.330793],[37.686747,48.331161],[37.686905,48.331265],[37.6874,48.330736],[37.687561,48.330566],[37.685777,48.329354],[37.685651,48.329419],[37.684658,48.329859]]]}},{"type":"Feature","properties":{"cadnum":"1422485500:19:000:0029"},"geometry":{"type":"Polygon","coordinates":[[[37.637914,48.314486],[37.638036,48.31555],[37.639074,48.315496],[37.644567,48.315213],[37.644877,48.315197],[37.644679,48.314137],[37.639074,48.314426],[37.639074,48.314427],[37.637914,48.314486]]]}},{"type":"Feature","properties":{"cadnum":"1422485500:19:000:0056"},"geometry":{"type":"Polygon","coordinates":[[[37.644463,48.312577],[37.644567,48.313141],[37.644738,48.314059],[37.644739,48.314059],[37.650061,48.313824],[37.650061,48.313825],[37.651923,48.313742],[37.650653,48.313471],[37.650232,48.31349],[37.64631,48.313662],[37.645469,48.312416],[37.645428,48.312356],[37.645167,48.312416],[37.645139,48.312422],[37.644668,48.31253],[37.644671,48.31253],[37.644665,48.312532],[37.644463,48.312577]]]}},{"type":"Feature","properties":{"cadnum":"1422485500:19:000:0027"},"geometry":{"type":"Polygon","coordinates":[[[37.637658,48.312306],[37.637671,48.312416],[37.63767,48.312416],[37.637784,48.313396],[37.639074,48.31333],[37.644482,48.313053],[37.644384,48.31253],[37.644279,48.311965],[37.639246,48.312225],[37.637658,48.312306]]]}},{"type":"Feature","properties":{"cadnum":"1422485500:19:000:0028"},"geometry":{"type":"Polygon","coordinates":[[[37.637784,48.313396],[37.637914,48.314486],[37.639246,48.314418],[37.639246,48.314417],[37.644567,48.314143],[37.644679,48.314137],[37.644482,48.313053],[37.639246,48.313321],[37.637784,48.313396]],[[37.639074,48.313907],[37.639123,48.313907],[37.639119,48.314131],[37.639118,48.314131],[37.638849,48.314131],[37.638853,48.313904],[37.638853,48.313903],[37.639074,48.313906],[37.639074,48.313907]]]}},{"type":"Feature","properties":{"cadnum":"1422485500:19:000:0030"},"geometry":{"type":"Polygon","coordinates":[[[37.638036,48.31555],[37.638063,48.315792],[37.63884,48.316069],[37.639246,48.316214],[37.640224,48.316562],[37.644567,48.316338],[37.645084,48.316312],[37.64506,48.316183],[37.644877,48.315197],[37.644739,48.315204],[37.639246,48.315487],[37.638036,48.31555]]]}},{"type":"Feature","properties":{"cadnum":"1422485500:35:000:0008"},"geometry":{"type":"Polygon","coordinates":[[[37.689245,48.395366],[37.689806,48.395378],[37.691347,48.395083],[37.691856,48.392726],[37.692002,48.392053],[37.690557,48.391906],[37.690044,48.391853],[37.689845,48.392726],[37.689245,48.395366]]]}},{"type":"Feature","properties":{"cadnum":"1422485500:35:000:0009"},"geometry":{"type":"Polygon","coordinates":[[[37.687335,48.395411],[37.688513,48.395355],[37.688517,48.395355],[37.688684,48.395357],[37.689245,48.395366],[37.689819,48.39284],[37.690044,48.391853],[37.688975,48.391745],[37.688685,48.391716],[37.688684,48.391716],[37.688188,48.391665],[37.687946,48.392726],[37.687335,48.395411]]]}},{"type":"Feature","properties":{"cadnum":"1422485500:37:000:0023"},"geometry":{"type":"Polygon","coordinates":[[[37.691347,48.395083],[37.69145,48.394993],[37.691809,48.393636],[37.69197,48.39284],[37.692043,48.392482],[37.692272,48.391871],[37.692398,48.391372],[37.692425,48.390883],[37.692586,48.390182],[37.692698,48.389559],[37.692568,48.389449],[37.692285,48.390749],[37.692002,48.392053],[37.691831,48.39284],[37.691674,48.393567],[37.691347,48.395083]]]}},{"type":"Feature","properties":{"cadnum":"1422485500:49:000:0100"},"geometry":{"type":"Polygon","coordinates":[[[37.694746,48.325968],[37.696098,48.32615],[37.698753,48.326406],[37.699671,48.326496],[37.701408,48.326666],[37.702849,48.326807],[37.704287,48.326944],[37.705164,48.327031],[37.705164,48.32703],[37.705931,48.327105],[37.706297,48.327141],[37.707579,48.327266],[37.707634,48.327039],[37.70766,48.326935],[37.706012,48.32678],[37.704992,48.326684],[37.704363,48.326624],[37.701708,48.326373],[37.699671,48.326179],[37.69905,48.326119],[37.696394,48.325869],[37.695002,48.325738],[37.694746,48.325968]]]}},{"type":"Feature","properties":{"cadnum":"1422485500:49:000:0031"},"geometry":{"type":"Polygon","coordinates":[[[37.704709,48.326535],[37.704992,48.326562],[37.704992,48.326563],[37.707579,48.326816],[37.708428,48.3241],[37.706105,48.323874],[37.705558,48.32382],[37.705164,48.325081],[37.704709,48.326535]]]}},{"type":"Feature","properties":{"cadnum":"1422485500:49:000:0035"},"geometry":{"type":"Polygon","coordinates":[[[37.699777,48.326051],[37.702059,48.326275],[37.702908,48.32356],[37.702966,48.323375],[37.702965,48.323374],[37.703532,48.321568],[37.703222,48.321753],[37.702786,48.322007],[37.702585,48.322085],[37.701197,48.322613],[37.700805,48.32276],[37.700613,48.323374],[37.700613,48.323375],[37.700612,48.323375],[37.699777,48.326051]]]}},{"type":"Feature","properties":{"cadnum":"1422485500:49:000:0034"},"geometry":{"type":"Polygon","coordinates":[[[37.702908,48.32356],[37.705164,48.323782],[37.705558,48.32382],[37.706105,48.323874],[37.706225,48.323489],[37.706226,48.323489],[37.70737,48.319836],[37.707371,48.319836],[37.707422,48.319675],[37.70682,48.319633],[37.706669,48.319722],[37.706525,48.319807],[37.706476,48.319836],[37.705698,48.320296],[37.704992,48.320712],[37.70443,48.321043],[37.703532,48.321568],[37.70293,48.323489],[37.702908,48.32356]]]}},{"type":"Feature","properties":{"cadnum":"1422485500:49:000:0036"},"geometry":{"type":"Polygon","coordinates":[[[37.694167,48.325501],[37.699671,48.326041],[37.699671,48.32604],[37.699777,48.326051],[37.700577,48.323489],[37.700805,48.32276],[37.699622,48.323209],[37.698884,48.323489],[37.694226,48.325256],[37.694217,48.325284],[37.694167,48.325501]]]}},{"type":"Feature","properties":{"cadnum":"1422485500:49:000:0032"},"geometry":{"type":"Polygon","coordinates":[[[37.702059,48.326275],[37.704709,48.326535],[37.704992,48.325631],[37.705558,48.32382],[37.704992,48.323765],[37.702908,48.32356],[37.702059,48.326275]]]}},{"type":"Feature","properties":{"cadnum":"1422485500:01:000:0049"},"geometry":{"type":"Polygon","coordinates":[[[37.697423,48.294866],[37.697469,48.295344],[37.697478,48.295398],[37.699671,48.295597],[37.699671,48.295596],[37.704992,48.296075],[37.704992,48.296076],[37.705675,48.296136],[37.706079,48.294206],[37.706115,48.29411],[37.705111,48.293949],[37.704538,48.293856],[37.703488,48.293975],[37.701637,48.29426],[37.701214,48.294325],[37.699499,48.294569],[37.697549,48.294845],[37.697423,48.294866]]]}},{"type":"Feature","properties":{"cadnum":"1422485500:02:000:0019"},"geometry":{"type":"Polygon","coordinates":[[[37.704314,48.292676],[37.704434,48.293295],[37.70465,48.293692],[37.70479,48.293862],[37.704992,48.293865],[37.704992,48.293866],[37.705088,48.293867],[37.705164,48.293868],[37.705356,48.293871],[37.705778,48.293973],[37.705818,48.293988],[37.705193,48.292544],[37.705153,48.29255],[37.704314,48.292676]]]}},{"type":"Feature","properties":{"cadnum":"1422485500:56:000:0083"},"geometry":{"type":"Polygon","coordinates":[[[37.703797,48.292566],[37.703882,48.29269],[37.70404,48.292673],[37.704304,48.291131],[37.704386,48.290605],[37.704583,48.28935],[37.70475,48.288322],[37.70491,48.287296],[37.704982,48.286836],[37.704981,48.286836],[37.704992,48.286764],[37.704992,48.286769],[37.705055,48.286361],[37.705164,48.285672],[37.705203,48.285425],[37.705428,48.284144],[37.705573,48.283181],[37.705698,48.282362],[37.706029,48.280586],[37.706138,48.280105],[37.706335,48.279672],[37.706368,48.279525],[37.706384,48.279456],[37.706205,48.279414],[37.70616,48.279525],[37.706159,48.279525],[37.70614,48.279573],[37.706113,48.279639],[37.706114,48.279639],[37.706114,48.27964],[37.706105,48.279663],[37.705971,48.279663],[37.705656,48.281441],[37.7054,48.282894],[37.705356,48.283133],[37.705347,48.283181],[37.705346,48.283181],[37.705339,48.283222],[37.705325,48.283295],[37.705302,48.283423],[37.705248,48.283713],[37.705193,48.284],[37.705145,48.28429],[37.70509,48.28458],[37.705037,48.284866],[37.704983,48.285156],[37.704929,48.285444],[37.704876,48.28573],[37.704821,48.28602],[37.704767,48.286307],[37.704713,48.2866],[37.704671,48.286836],[37.70467,48.286836],[37.704664,48.286878],[37.704652,48.28695],[37.704619,48.287156],[37.70466,48.28715],[37.704623,48.287419],[37.704583,48.287688],[37.70452,48.287694],[37.704453,48.288142],[37.704413,48.288423],[37.70431,48.289102],[37.704268,48.289379],[37.704103,48.290488],[37.704103,48.290491],[37.704102,48.290491],[37.704091,48.290562],[37.704084,48.290605],[37.704085,48.290605],[37.704062,48.290763],[37.704021,48.291042],[37.703797,48.292566]]]}},{"type":"Feature","properties":{"cadnum":"1422485500:56:000:0063"},"geometry":{"type":"Polygon","coordinates":[[[37.695052,48.292254],[37.699499,48.291654],[37.699558,48.291646],[37.699671,48.29163],[37.704021,48.291042],[37.704062,48.290763],[37.699499,48.291382],[37.695098,48.291977],[37.695052,48.292254]]]}},{"type":"Feature","properties":{"cadnum":"1422485500:02:000:0024"},"geometry":{"type":"Polygon","coordinates":[[[37.70126,48.293029],[37.70126,48.293468],[37.701263,48.294146],[37.701264,48.294251],[37.701555,48.294203],[37.701771,48.294167],[37.701777,48.294166],[37.702337,48.294077],[37.702323,48.292855],[37.70126,48.293029]]]}},{"type":"Feature","properties":{"cadnum":"1422485500:56:000:0084"},"geometry":{"type":"Polygon","coordinates":[[[37.695429,48.293683],[37.695434,48.293835],[37.696813,48.293626],[37.697666,48.293507],[37.698448,48.293408],[37.698721,48.293381],[37.699671,48.293241],[37.700599,48.293103],[37.701358,48.292974],[37.702539,48.292777],[37.702826,48.292732],[37.703765,48.292745],[37.703842,48.29273],[37.703738,48.292568],[37.70302,48.292586],[37.701371,48.292828],[37.700721,48.292923],[37.699499,48.293099],[37.699499,48.2931],[37.699157,48.293148],[37.697589,48.293372],[37.695429,48.293683]]]}},{"type":"Feature","properties":{"cadnum":"1422485500:56:000:0062"},"geometry":{"type":"Polygon","coordinates":[[[37.695098,48.291977],[37.699671,48.291358],[37.704062,48.290763],[37.704091,48.290562],[37.704103,48.290488],[37.704083,48.290491],[37.703955,48.290508],[37.703239,48.290605],[37.70324,48.290605],[37.699671,48.29109],[37.699671,48.291089],[37.695146,48.291702],[37.695098,48.291977]]]}},{"type":"Feature","properties":{"cadnum":"1422485500:56:000:0066"},"geometry":{"type":"Polygon","coordinates":[[[37.694796,48.293773],[37.699499,48.293099],[37.700721,48.292923],[37.70302,48.292586],[37.703797,48.292566],[37.704021,48.291042],[37.699558,48.291646],[37.695052,48.292254],[37.694796,48.293773]]]}},{"type":"Feature","properties":{"cadnum":"1422485500:06:000:0010"},"geometry":{"type":"Polygon","coordinates":[[[37.704331,48.291722],[37.704593,48.291705],[37.705164,48.291663],[37.705164,48.291662],[37.709281,48.291358],[37.710359,48.291149],[37.710657,48.291096],[37.710746,48.29108],[37.712507,48.290862],[37.712474,48.290799],[37.710835,48.290925],[37.710485,48.290945],[37.705033,48.291259],[37.704664,48.29128],[37.704426,48.291292],[37.704331,48.291722]]]}},{"type":"Feature","properties":{"cadnum":"1422485500:56:000:0001"},"geometry":{"type":"Polygon","coordinates":[[[37.70444,48.290859],[37.705164,48.290813],[37.709521,48.290538],[37.710485,48.290477],[37.710485,48.290478],[37.714132,48.290247],[37.714758,48.28695],[37.715166,48.28481],[37.710485,48.285107],[37.710485,48.285108],[37.70532,48.285434],[37.705093,48.286836],[37.705092,48.286836],[37.70448,48.290605],[37.70444,48.290859]]]}},{"type":"Feature","properties":{"cadnum":"1422485500:02:000:0023"},"geometry":{"type":"Polygon","coordinates":[[[37.70417,48.292493],[37.70417,48.292694],[37.704314,48.292676],[37.704992,48.292575],[37.705153,48.29255],[37.705164,48.29255],[37.705164,48.292549],[37.705193,48.292544],[37.705841,48.292446],[37.706442,48.292305],[37.707705,48.291911],[37.707579,48.291738],[37.706442,48.292111],[37.706088,48.292207],[37.705235,48.29238],[37.704992,48.292406],[37.70417,48.292493]]]}},{"type":"Feature","properties":{"cadnum":"1422485500:56:000:0060"},"geometry":{"type":"Polygon","coordinates":[[[37.695146,48.291702],[37.699499,48.291112],[37.699499,48.291113],[37.703955,48.290508],[37.704103,48.290488],[37.704268,48.289379],[37.699499,48.290029],[37.696099,48.290491],[37.696098,48.290491],[37.695331,48.290595],[37.695328,48.290605],[37.695329,48.290605],[37.695146,48.291702]]]}},{"type":"Feature","properties":{"cadnum":"1422485500:38:000:0031"},"geometry":{"type":"Polygon","coordinates":[[[37.706618,48.381267],[37.708864,48.381524],[37.70934,48.378379],[37.707449,48.378157],[37.707386,48.378149],[37.707361,48.378247],[37.707362,48.378247],[37.707362,48.378248],[37.706618,48.381267]]]}},{"type":"Feature","properties":{"cadnum":"1422485500:39:000:0008"},"geometry":{"type":"Polygon","coordinates":[[[37.709654,48.381467],[37.710657,48.380802],[37.710657,48.380801],[37.712511,48.379572],[37.712889,48.378134],[37.712979,48.377791],[37.71304,48.377544],[37.713046,48.377526],[37.713072,48.377424],[37.713575,48.375509],[37.710597,48.375306],[37.710319,48.377132],[37.710243,48.377606],[37.710207,48.377839],[37.710207,48.377847],[37.710146,48.378247],[37.710147,48.378247],[37.710147,48.378248],[37.710046,48.378922],[37.710485,48.378835],[37.711122,48.37871],[37.711123,48.37871],[37.711316,48.378787],[37.711348,48.378933],[37.711298,48.379041],[37.711155,48.379149],[37.710485,48.379318],[37.710485,48.379319],[37.709964,48.37945],[37.709654,48.381467]],[[37.711855,48.377558],[37.712124,48.377561],[37.712124,48.377562],[37.712124,48.377785],[37.711855,48.377782],[37.711855,48.377558]]]}},{"type":"Feature","properties":{"cadnum":"1422485500:38:000:0013"},"geometry":{"type":"Polygon","coordinates":[[[37.702459,48.380783],[37.704566,48.381028],[37.705164,48.378585],[37.705164,48.378583],[37.705274,48.378133],[37.705329,48.377911],[37.704992,48.377871],[37.704992,48.377872],[37.703209,48.377663],[37.703091,48.378133],[37.703071,48.378213],[37.703062,48.378247],[37.703063,48.378247],[37.703063,48.378248],[37.702966,48.378641],[37.702782,48.379399],[37.70266,48.379894],[37.702598,48.380136],[37.702459,48.380783]]]}},{"type":"Feature","properties":{"cadnum":"1422485500:38:000:0050"},"geometry":{"type":"Polygon","coordinates":[[[37.706146,48.374524],[37.706155,48.374527],[37.70616,48.374528],[37.706761,48.374599],[37.706762,48.374599],[37.708113,48.374757],[37.709856,48.374959],[37.709928,48.374485],[37.710377,48.371535],[37.708562,48.372573],[37.70762,48.37311],[37.706187,48.374485],[37.706186,48.374485],[37.706146,48.374524]]]}},{"type":"Feature","properties":{"cadnum":"1422485500:38:000:0055"},"geometry":{"type":"Polygon","coordinates":[[[37.704107,48.375538],[37.704489,48.375571],[37.704992,48.375128],[37.704996,48.375124],[37.705164,48.374976],[37.70559,48.374599],[37.706465,48.373826],[37.70762,48.37311],[37.708562,48.372573],[37.708092,48.372543],[37.707147,48.373026],[37.705755,48.37374],[37.704992,48.374572],[37.704968,48.374599],[37.704107,48.375538]]]}},{"type":"Feature","properties":{"cadnum":"1422485500:38:000:0012"},"geometry":{"type":"Polygon","coordinates":[[[37.704566,48.381028],[37.705164,48.381099],[37.705164,48.381098],[37.706618,48.381267],[37.707386,48.378149],[37.705329,48.377911],[37.705246,48.378247],[37.705246,48.378248],[37.704992,48.379286],[37.704566,48.381028]]]}},{"type":"Feature","properties":{"cadnum":"1422485500:38:000:0048"},"geometry":{"type":"Polygon","coordinates":[[[37.705279,48.37786],[37.707237,48.378086],[37.708113,48.374757],[37.70616,48.374528],[37.706155,48.374527],[37.706136,48.374599],[37.705279,48.37786]]]}},{"type":"Feature","properties":{"cadnum":"1422485500:38:000:0009"},"geometry":{"type":"Polygon","coordinates":[[[37.707237,48.378086],[37.707638,48.378133],[37.707934,48.378168],[37.708608,48.378247],[37.708609,48.378247],[37.709344,48.378334],[37.709374,48.378133],[37.709856,48.374959],[37.708113,48.374757],[37.707237,48.378086]]]}},{"type":"Feature","properties":{"cadnum":"1422485500:38:000:0029"},"geometry":{"type":"Polygon","coordinates":[[[37.704489,48.375571],[37.704992,48.375608],[37.705019,48.37561],[37.705164,48.375471],[37.705164,48.37547],[37.706189,48.374485],[37.706201,48.374473],[37.70762,48.37311],[37.706465,48.373826],[37.70572,48.374485],[37.705719,48.374485],[37.704996,48.375124],[37.704489,48.375571]]]}},{"type":"Feature","properties":{"cadnum":"1422485500:38:000:0008"},"geometry":{"type":"Polygon","coordinates":[[[37.703218,48.377618],[37.704992,48.377826],[37.704992,48.377827],[37.705279,48.37786],[37.706155,48.374527],[37.706146,48.374524],[37.706068,48.374599],[37.705019,48.37561],[37.703788,48.376788],[37.703339,48.377129],[37.703218,48.377618]],[[37.704992,48.376846],[37.705074,48.376847],[37.705164,48.376848],[37.705164,48.376847],[37.705226,48.376848],[37.705222,48.377072],[37.705034,48.37707],[37.704952,48.377069],[37.704956,48.376845],[37.704992,48.376846]]]}},{"type":"Feature","properties":{"cadnum":"1422485500:06:000:0012"},"geometry":{"type":"Polygon","coordinates":[[[37.709772,48.276511],[37.709772,48.276709],[37.710657,48.276671],[37.710657,48.27667],[37.712461,48.276591],[37.715148,48.276474],[37.715979,48.276438],[37.715979,48.276439],[37.716975,48.276394],[37.71719,48.275869],[37.717189,48.275869],[37.717685,48.274659],[37.717714,48.274588],[37.715979,48.274681],[37.715979,48.274682],[37.715029,48.274732],[37.714125,48.274781],[37.713654,48.275106],[37.711386,48.275869],[37.711385,48.275869],[37.711249,48.275916],[37.711047,48.275984],[37.710979,48.276007],[37.710657,48.276142],[37.709772,48.276511]]]}},{"type":"Feature","properties":{"cadnum":"1422485500:06:000:0002"},"geometry":{"type":"Polygon","coordinates":[[[37.706394,48.279672],[37.710485,48.279965],[37.710485,48.279966],[37.715979,48.280359],[37.715979,48.28036],[37.716019,48.280362],[37.71615,48.279977],[37.71615,48.279975],[37.716303,48.279525],[37.717509,48.275984],[37.718085,48.274291],[37.717892,48.274154],[37.717143,48.275984],[37.716975,48.276396],[37.715979,48.27644],[37.710657,48.276671],[37.709771,48.276709],[37.707044,48.277606],[37.706403,48.279639],[37.706404,48.279639],[37.706404,48.27964],[37.706394,48.279672]]]}},{"type":"Feature","properties":{"cadnum":"1422485500:27:000:0001"},"geometry":{"type":"Polygon","coordinates":[[[37.710606,48.272991],[37.711658,48.273544],[37.712793,48.273616],[37.712794,48.273616],[37.713799,48.274799],[37.71615,48.274672],[37.717717,48.274587],[37.717892,48.274154],[37.718063,48.274013],[37.718216,48.273992],[37.718472,48.273152],[37.715979,48.273101],[37.710606,48.272991]]]}},{"type":"Feature","properties":{"cadnum":"1422485500:27:000:0002"},"geometry":{"type":"Polygon","coordinates":[[[37.70995,48.272103],[37.710025,48.272213],[37.710485,48.27289],[37.710526,48.272949],[37.710606,48.272991],[37.710657,48.272992],[37.71615,48.273105],[37.718472,48.273152],[37.718752,48.272213],[37.718751,48.272213],[37.719351,48.27021],[37.715979,48.270007],[37.715979,48.270008],[37.711545,48.269741],[37.710656,48.271058],[37.70995,48.272103]]]}},{"type":"Feature","properties":{"cadnum":"1422485500:15:003:0067"},"geometry":{"type":"Polygon","coordinates":[[[37.72373,48.36742],[37.723807,48.367802],[37.724579,48.367718],[37.724503,48.367336],[37.724422,48.367345],[37.72373,48.36742]]]}},{"type":"Feature","properties":{"cadnum":"1422485500:39:001:0024"},"geometry":{"type":"Polygon","coordinates":[[[37.721611,48.369309],[37.721629,48.369458],[37.721988,48.369464],[37.722046,48.369464],[37.722321,48.369443],[37.722284,48.369237],[37.721611,48.369309]]]}},{"type":"Feature","properties":{"cadnum":"1422485500:39:001:0020"},"geometry":{"type":"Polygon","coordinates":[[[37.722833,48.366754],[37.722926,48.3673],[37.722967,48.367539],[37.723502,48.367503],[37.723438,48.367186],[37.723344,48.366721],[37.722833,48.366754]]]}},{"type":"Feature","properties":{"cadnum":"1422485500:15:003:0015"},"geometry":{"type":"Polygon","coordinates":[[[37.723937,48.368446],[37.724019,48.368855],[37.724764,48.368738],[37.724688,48.368357],[37.723937,48.368446]]]}},{"type":"Feature","properties":{"cadnum":"1422485500:39:001:0008"},"geometry":{"type":"Polygon","coordinates":[[[37.722581,48.369118],[37.722747,48.369813],[37.72317,48.369756],[37.723003,48.369061],[37.722581,48.369118]]]}},{"type":"Feature","properties":{"cadnum":"1422485500:39:001:0009"},"geometry":{"type":"Polygon","coordinates":[[[37.722747,48.369813],[37.722936,48.370607],[37.723363,48.37055],[37.72317,48.369756],[37.722747,48.369813]]]}},{"type":"Feature","properties":{"cadnum":"1422485500:41:000:0014"},"geometry":{"type":"Polygon","coordinates":[[[37.726237,48.367745],[37.726965,48.367836],[37.727117,48.367855],[37.727137,48.367857],[37.729233,48.368118],[37.729193,48.367282],[37.72917,48.36676],[37.729709,48.366417],[37.729952,48.3664],[37.730271,48.366435],[37.732458,48.366711],[37.732944,48.366772],[37.732548,48.366232],[37.728887,48.36588],[37.727137,48.365822],[37.727137,48.365821],[37.726856,48.365812],[37.726902,48.367008],[37.726638,48.3673],[37.726638,48.367301],[37.726237,48.367745]]]}},{"type":"Feature","properties":{"cadnum":"1422485500:15:003:0016"},"geometry":{"type":"Polygon","coordinates":[[[37.724688,48.368357],[37.724764,48.368738],[37.725338,48.368649],[37.725271,48.368291],[37.724688,48.368357]]]}},{"type":"Feature","properties":{"cadnum":"1422485500:39:000:0025"},"geometry":{"type":"Polygon","coordinates":[[[37.71826,48.375085],[37.719711,48.375285],[37.719751,48.375291],[37.721153,48.375485],[37.721464,48.374485],[37.721463,48.374485],[37.721463,48.374484],[37.721472,48.374458],[37.721472,48.374461],[37.72163,48.373951],[37.721643,48.373909],[37.722564,48.37095],[37.722565,48.37095],[37.722608,48.370812],[37.722153,48.370836],[37.722148,48.370836],[37.721644,48.370862],[37.721643,48.370862],[37.721643,48.370861],[37.721126,48.370887],[37.719853,48.37095],[37.719545,48.370965],[37.718447,48.374485],[37.718446,48.374485],[37.71826,48.375085]]]}},{"type":"Feature","properties":{"cadnum":"1422485500:15:003:0068"},"geometry":{"type":"Polygon","coordinates":[[[37.724503,48.367336],[37.724579,48.367718],[37.725357,48.367634],[37.725281,48.367252],[37.725069,48.367274],[37.724503,48.367336]]]}},{"type":"Feature","properties":{"cadnum":"1422485500:39:001:0023"},"geometry":{"type":"Polygon","coordinates":[[[37.721629,48.369458],[37.721669,48.369747],[37.721692,48.369917],[37.722397,48.369864],[37.722361,48.369673],[37.722321,48.369443],[37.722046,48.369464],[37.721988,48.369464],[37.721629,48.369458]]]}},{"type":"Feature","properties":{"cadnum":"1422485500:41:000:0018"},"geometry":{"type":"Polygon","coordinates":[[[37.721763,48.377979],[37.722032,48.378072],[37.722571,48.376317],[37.723107,48.374566],[37.723587,48.373002],[37.723929,48.371887],[37.72421,48.37095],[37.724265,48.370768],[37.724135,48.370735],[37.7241,48.370836],[37.724099,48.370836],[37.723682,48.372036],[37.723133,48.373787],[37.722917,48.374485],[37.722916,48.374485],[37.722837,48.374742],[37.722537,48.375693],[37.722254,48.37658],[37.721965,48.377463],[37.721763,48.377979]]]}},{"type":"Feature","properties":{"cadnum":"1422485500:41:000:0001"},"geometry":{"type":"Polygon","coordinates":[[[37.723587,48.373002],[37.724764,48.373148],[37.72529,48.373214],[37.725983,48.37095],[37.72638,48.369658],[37.725248,48.369521],[37.724,48.369646],[37.724296,48.370673],[37.724246,48.370836],[37.724245,48.370836],[37.723587,48.373002]]]}},{"type":"Feature","properties":{"cadnum":"1422485500:39:000:0024"},"geometry":{"type":"Polygon","coordinates":[[[37.721153,48.375485],[37.721643,48.375554],[37.721643,48.375553],[37.721644,48.375553],[37.72246,48.375667],[37.722799,48.374599],[37.723619,48.372024],[37.723961,48.37095],[37.724027,48.370744],[37.722608,48.370812],[37.7226,48.370836],[37.72163,48.373951],[37.721428,48.374599],[37.721153,48.375485]]]}},{"type":"Feature","properties":{"cadnum":"1422485500:41:000:0002"},"geometry":{"type":"Polygon","coordinates":[[[37.72529,48.373214],[37.726036,48.373307],[37.726965,48.373421],[37.726965,48.373422],[37.727319,48.373465],[37.728631,48.373629],[37.729489,48.373731],[37.729364,48.37095],[37.729323,48.370022],[37.727004,48.369736],[37.72638,48.369658],[37.726018,48.370836],[37.72529,48.373214]]]}},{"type":"Feature","properties":{"cadnum":"1422485500:39:001:0025"},"geometry":{"type":"Polygon","coordinates":[[[37.721692,48.369917],[37.721799,48.37069],[37.722537,48.370655],[37.722397,48.369864],[37.721692,48.369917]]]}},{"type":"Feature","properties":{"cadnum":"1422485500:41:000:0012"},"geometry":{"type":"Polygon","coordinates":[[[37.725451,48.369497],[37.726965,48.369685],[37.729319,48.369977],[37.729233,48.368118],[37.727117,48.367855],[37.726237,48.367745],[37.725586,48.368473],[37.725451,48.369497]]]}},{"type":"Feature","properties":{"cadnum":"1422485500:35:000:0045"},"geometry":{"type":"Polygon","coordinates":[[[37.682454,48.385643],[37.68302,48.386647],[37.683064,48.386725],[37.683191,48.386702],[37.683191,48.386701],[37.68354,48.386636],[37.684263,48.386505],[37.683847,48.385544],[37.683737,48.385288],[37.683225,48.38543],[37.683222,48.38543],[37.683151,48.38545],[37.68281,48.385544],[37.682454,48.385643]]]}},{"type":"Feature","properties":{"cadnum":"1422485500:36:000:0022"},"geometry":{"type":"Polygon","coordinates":[[[37.678186,48.382612],[37.678416,48.383008],[37.678442,48.38328],[37.678886,48.383976],[37.679246,48.383886],[37.679165,48.383609],[37.679026,48.383149],[37.679362,48.382976],[37.679502,48.382466],[37.679452,48.382298],[37.678186,48.382612]]]}},{"type":"Feature","properties":{"cadnum":"1422485500:36:000:0023"},"geometry":{"type":"Polygon","coordinates":[[[37.677737,48.381849],[37.67775,48.381896],[37.67776,48.381929],[37.677948,48.382188],[37.678186,48.382612],[37.679452,48.382298],[37.679344,48.381896],[37.679232,48.381478],[37.678007,48.381782],[37.677737,48.381849]]]}},{"type":"Feature","properties":{"cadnum":"1422485500:36:000:0021"},"geometry":{"type":"Polygon","coordinates":[[[37.677858,48.384828],[37.677997,48.384856],[37.679565,48.384933],[37.679246,48.383886],[37.678886,48.383976],[37.678595,48.384306],[37.677858,48.384828]]]}},{"type":"Feature","properties":{"cadnum":"1422485500:35:000:0020"},"geometry":{"type":"Polygon","coordinates":[[[37.679242,48.383859],[37.679246,48.383886],[37.679565,48.384933],[37.679714,48.38543],[37.679848,48.385873],[37.679951,48.386338],[37.681196,48.385992],[37.682431,48.385648],[37.682444,48.385646],[37.682454,48.385643],[37.68302,48.385487],[37.683737,48.385288],[37.684901,48.384965],[37.685184,48.384888],[37.685283,48.384447],[37.683544,48.384277],[37.683191,48.384243],[37.681232,48.384053],[37.679242,48.383859]]]}},{"type":"Feature","properties":{"cadnum":"1422485500:36:000:0010"},"geometry":{"type":"Polygon","coordinates":[[[37.681232,48.384053],[37.68302,48.384226],[37.68302,48.384227],[37.683544,48.384277],[37.684091,48.381782],[37.684223,48.381186],[37.683689,48.381133],[37.683191,48.381085],[37.683191,48.381084],[37.681909,48.38096],[37.681729,48.381782],[37.681728,48.381782],[37.681232,48.384053]]]}},{"type":"Feature","properties":{"cadnum":"1422485500:36:000:0009"},"geometry":{"type":"Polygon","coordinates":[[[37.678923,48.38067],[37.679317,48.381896],[37.679318,48.381896],[37.679502,48.382466],[37.679362,48.382976],[37.679026,48.383149],[37.679242,48.383859],[37.681232,48.384053],[37.681703,48.381896],[37.681704,48.381896],[37.681909,48.38096],[37.681416,48.380912],[37.679148,48.380691],[37.678923,48.38067]]]}},{"type":"Feature","properties":{"cadnum":"1422485500:36:000:0020"},"geometry":{"type":"Polygon","coordinates":[[[37.676829,48.386302],[37.677526,48.386371],[37.67767,48.386386],[37.677698,48.386388],[37.677701,48.386388],[37.67771,48.386347],[37.677864,48.385544],[37.677997,48.384856],[37.677858,48.384828],[37.677526,48.384965],[37.677382,48.385025],[37.677104,48.385109],[37.67703,48.38543],[37.677029,48.38543],[37.676829,48.386302]]]}},{"type":"Feature","properties":{"cadnum":"1422485500:47:000:0017"},"geometry":{"type":"Polygon","coordinates":[[[37.725424,48.336451],[37.727137,48.336593],[37.727454,48.336619],[37.727705,48.335437],[37.727012,48.33538],[37.725653,48.335266],[37.725424,48.336451]]]}},{"type":"Feature","properties":{"cadnum":"1422485500:47:000:0036"},"geometry":{"type":"Polygon","coordinates":[[[37.721908,48.338529],[37.723241,48.338658],[37.72336,48.338097],[37.724163,48.334331],[37.724162,48.334331],[37.724279,48.333791],[37.722944,48.333666],[37.722802,48.334331],[37.722023,48.337983],[37.722004,48.338072],[37.721999,48.338097],[37.721908,48.338529]]]}},{"type":"Feature","properties":{"cadnum":"1422485500:47:000:0035"},"geometry":{"type":"Polygon","coordinates":[[[37.720573,48.338404],[37.721472,48.338489],[37.721525,48.338494],[37.721643,48.338505],[37.721644,48.338505],[37.721908,48.338529],[37.722004,48.338072],[37.722778,48.334445],[37.722944,48.333666],[37.721611,48.333538],[37.721441,48.334331],[37.720638,48.338097],[37.720639,48.338097],[37.720573,48.338404]]]}},{"type":"Feature","properties":{"cadnum":"1422485500:47:000:0037"},"geometry":{"type":"Polygon","coordinates":[[[37.723241,48.338658],[37.724607,48.338787],[37.724745,48.338097],[37.725479,48.334445],[37.725586,48.333916],[37.724279,48.333791],[37.724138,48.334445],[37.724139,48.334445],[37.723384,48.337983],[37.723241,48.338658]]]}},{"type":"Feature","properties":{"cadnum":"1422485500:47:000:0016"},"geometry":{"type":"Polygon","coordinates":[[[37.724786,48.339721],[37.725973,48.339819],[37.726753,48.339885],[37.726965,48.338899],[37.727137,48.3381],[37.727137,48.338097],[37.727454,48.336621],[37.726965,48.33658],[37.726965,48.336581],[37.725424,48.336451],[37.725102,48.338097],[37.725103,48.338097],[37.724786,48.339721]]]}},{"type":"Feature","properties":{"cadnum":"1422485500:47:000:0040"},"geometry":{"type":"Polygon","coordinates":[[[37.723753,48.343286],[37.723965,48.343304],[37.724055,48.342874],[37.724261,48.341918],[37.724292,48.341748],[37.724413,48.341088],[37.724611,48.340195],[37.724791,48.339416],[37.725011,48.33858],[37.725104,48.338097],[37.725105,48.338097],[37.725217,48.337517],[37.725424,48.336451],[37.725653,48.335266],[37.725447,48.335248],[37.725132,48.336756],[37.72487,48.337983],[37.724852,48.338069],[37.724846,48.338097],[37.724755,48.338529],[37.724701,48.338783],[37.724324,48.340506],[37.724081,48.341634],[37.72408,48.341634],[37.723942,48.342279],[37.723776,48.343034],[37.723753,48.343286]]]}},{"type":"Feature","properties":{"cadnum":"1422485500:47:000:0018"},"geometry":{"type":"Polygon","coordinates":[[[37.725613,48.335218],[37.726965,48.335332],[37.726969,48.335332],[37.727137,48.334605],[37.727137,48.3346],[37.727172,48.334445],[37.727173,48.334445],[37.727652,48.332367],[37.72698,48.332312],[37.726237,48.33225],[37.725799,48.334331],[37.725798,48.334331],[37.725613,48.335218]]]}},{"type":"Feature","properties":{"cadnum":"1422485500:47:000:0039"},"geometry":{"type":"Polygon","coordinates":[[[37.725455,48.335206],[37.725613,48.335218],[37.725786,48.334394],[37.725927,48.333735],[37.726237,48.33225],[37.726533,48.330725],[37.726829,48.329198],[37.726646,48.329204],[37.726583,48.329616],[37.726412,48.330563],[37.726389,48.330679],[37.726388,48.330679],[37.726371,48.330768],[37.726365,48.330793],[37.726366,48.330793],[37.7263,48.331125],[37.726183,48.33185],[37.725986,48.332809],[37.725743,48.333916],[37.725604,48.334295],[37.725601,48.334331],[37.725599,48.334366],[37.725593,48.334445],[37.725581,48.334627],[37.725455,48.335206]]]}},{"type":"Feature","properties":{"cadnum":"1422485500:47:000:0019"},"geometry":{"type":"Polygon","coordinates":[[[37.726969,48.335332],[37.727137,48.335346],[37.72917,48.335511],[37.729256,48.335138],[37.729414,48.334445],[37.729415,48.334445],[37.729852,48.332549],[37.728244,48.332414],[37.727652,48.332367],[37.727199,48.334331],[37.727198,48.334331],[37.726969,48.335332]]]}},{"type":"Feature","properties":{"cadnum":"1422485500:24:000:0093"},"geometry":{"type":"Polygon","coordinates":[[[37.659766,48.313784],[37.660997,48.314226],[37.661047,48.314243],[37.661204,48.314295],[37.661219,48.314299],[37.66243,48.314695],[37.663171,48.312966],[37.663402,48.312416],[37.663894,48.311242],[37.661927,48.310582],[37.661164,48.310639],[37.660431,48.312213],[37.660346,48.312416],[37.659766,48.313784]]]}},{"type":"Feature","properties":{"cadnum":"1422485500:24:000:0022"},"geometry":{"type":"Polygon","coordinates":[[[37.654803,48.313276],[37.655338,48.313527],[37.655554,48.313499],[37.655611,48.313491],[37.655725,48.313347],[37.655726,48.313347],[37.656388,48.312506],[37.656181,48.312114],[37.655732,48.312096],[37.655621,48.312238],[37.65548,48.312416],[37.655395,48.312524],[37.65539,48.31253],[37.654803,48.313276]]]}},{"type":"Feature","properties":{"cadnum":"1422485500:24:000:0094"},"geometry":{"type":"Polygon","coordinates":[[[37.65912,48.309187],[37.659334,48.309928],[37.659546,48.310668],[37.661047,48.310499],[37.661158,48.310486],[37.661219,48.310479],[37.661621,48.310433],[37.661878,48.308877],[37.661878,48.308876],[37.661909,48.308691],[37.661047,48.308843],[37.660606,48.308921],[37.65912,48.309187]]]}},{"type":"Feature","properties":{"cadnum":"1422485500:24:000:0088"},"geometry":{"type":"Polygon","coordinates":[[[37.654952,48.310223],[37.655153,48.310731],[37.655554,48.310654],[37.655697,48.310627],[37.655725,48.310621],[37.655726,48.310621],[37.65739,48.310301],[37.659334,48.309928],[37.65912,48.309187],[37.657223,48.309659],[37.655726,48.310032],[37.655725,48.310032],[37.654952,48.310223]]]}},{"type":"Feature","properties":{"cadnum":"1422485500:24:000:0017"},"geometry":{"type":"Polygon","coordinates":[[[37.655068,48.310131],[37.655554,48.309968],[37.655554,48.309969],[37.658939,48.308837],[37.65894,48.308837],[37.658931,48.308275],[37.657134,48.308219],[37.655554,48.308166],[37.655554,48.308167],[37.655072,48.30815],[37.655072,48.309226],[37.655068,48.310131]]]}},{"type":"Feature","properties":{"cadnum":"1422485500:24:000:0097"},"geometry":{"type":"Polygon","coordinates":[[[37.653564,48.31164],[37.653613,48.311678],[37.654057,48.312039],[37.654677,48.312061],[37.655554,48.312091],[37.655675,48.312095],[37.655725,48.312096],[37.655726,48.312096],[37.655732,48.312096],[37.656181,48.312114],[37.65634,48.312416],[37.656388,48.312506],[37.656407,48.31253],[37.656408,48.31253],[37.656774,48.31298],[37.657682,48.313217],[37.65908,48.313695],[37.660476,48.314167],[37.660508,48.314187],[37.660592,48.314238],[37.661047,48.314501],[37.661047,48.314502],[37.661944,48.315021],[37.662879,48.315564],[37.662969,48.315636],[37.663458,48.316069],[37.663457,48.316069],[37.663625,48.316216],[37.663745,48.316332],[37.664007,48.316254],[37.663804,48.316104],[37.663179,48.315636],[37.662089,48.314931],[37.661098,48.314294],[37.660997,48.314229],[37.65999,48.31387],[37.658518,48.313363],[37.65704,48.312861],[37.65677,48.312727],[37.656683,48.31253],[37.656497,48.312108],[37.656181,48.311941],[37.655747,48.311875],[37.655652,48.311874],[37.654233,48.311848],[37.653994,48.311857],[37.653883,48.311807],[37.653684,48.311594],[37.653564,48.31164]]]}},{"type":"Feature","properties":{"cadnum":"1422485500:24:000:0091"},"geometry":{"type":"Polygon","coordinates":[[[37.655153,48.310731],[37.655365,48.311263],[37.655725,48.311212],[37.655726,48.311212],[37.65734,48.310982],[37.659546,48.310668],[37.659334,48.309928],[37.65739,48.310301],[37.655697,48.310627],[37.655153,48.310731]]]}},{"type":"Feature","properties":{"cadnum":"1422485500:24:000:0083"},"geometry":{"type":"Polygon","coordinates":[[[37.658921,48.307827],[37.658931,48.308275],[37.658939,48.308762],[37.65894,48.308837],[37.661219,48.308726],[37.661219,48.308725],[37.661909,48.308691],[37.662856,48.308592],[37.66287,48.308589],[37.663238,48.308589],[37.662955,48.308109],[37.662955,48.308108],[37.662956,48.308108],[37.663148,48.308064],[37.662946,48.307777],[37.664657,48.307445],[37.664608,48.306746],[37.664684,48.305223],[37.664697,48.304962],[37.664671,48.304371],[37.665538,48.30372],[37.665498,48.303669],[37.665345,48.303487],[37.664801,48.302832],[37.664707,48.302799],[37.664374,48.30268],[37.662524,48.302019],[37.662026,48.30288],[37.661783,48.303],[37.661581,48.303101],[37.661347,48.303489],[37.661064,48.303418],[37.660579,48.303938],[37.660041,48.305108],[37.660041,48.305109],[37.66004,48.305109],[37.66,48.305199],[37.659988,48.305223],[37.659749,48.305737],[37.659609,48.306767],[37.659591,48.306917],[37.658921,48.307827]],[[37.66508,48.3036],[37.665102,48.303627],[37.665062,48.303642],[37.66504,48.303615],[37.66508,48.3036]],[[37.663965,48.303947],[37.663845,48.303997],[37.663844,48.303997],[37.663674,48.303819],[37.664388,48.303516],[37.664559,48.303695],[37.664559,48.303696],[37.664024,48.303923],[37.664051,48.303952],[37.663997,48.303976],[37.663965,48.303947]],[[37.664038,48.302942],[37.664038,48.302943],[37.663988,48.302943],[37.663988,48.302942],[37.663988,48.30291],[37.664038,48.30291],[37.664038,48.302942]],[[37.663875,48.302978],[37.66389,48.302993],[37.663867,48.303002],[37.663854,48.302987],[37.663875,48.302978]],[[37.663862,48.303137],[37.663875,48.303152],[37.663854,48.303158],[37.663854,48.303157],[37.663845,48.303143],[37.663862,48.303137]],[[37.663772,48.303182],[37.663787,48.303212],[37.663741,48.303221],[37.663728,48.303191],[37.663772,48.303182]],[[37.663692,48.303006],[37.663705,48.30302],[37.663688,48.303029],[37.663674,48.303015],[37.663692,48.303006]],[[37.661626,48.304837],[37.661537,48.304718],[37.661536,48.304718],[37.661541,48.304374],[37.661541,48.304373],[37.661634,48.304287],[37.662286,48.303952],[37.662385,48.30389],[37.662542,48.30383],[37.662879,48.303857],[37.663112,48.304129],[37.663274,48.304069],[37.663275,48.304069],[37.663337,48.304141],[37.663283,48.304162],[37.663346,48.304236],[37.663324,48.304245],[37.663405,48.304356],[37.663202,48.304446],[37.663158,48.304406],[37.662933,48.304488],[37.662959,48.304529],[37.662959,48.30453],[37.66291,48.304544],[37.663099,48.304837],[37.662789,48.304927],[37.662789,48.304926],[37.662605,48.304649],[37.662573,48.304658],[37.662493,48.304681],[37.661958,48.304852],[37.661967,48.304869],[37.661667,48.304957],[37.661604,48.304846],[37.661626,48.304837]]]}},{"type":"Feature","properties":{"cadnum":"1422485500:52:000:0011"},"geometry":{"type":"Polygon","coordinates":[[[37.677315,48.317551],[37.677374,48.318781],[37.677526,48.318768],[37.677526,48.318769],[37.683191,48.318284],[37.683276,48.318276],[37.683329,48.31707],[37.68302,48.317095],[37.677526,48.317534],[37.677315,48.317551]]]}},{"type":"Feature","properties":{"cadnum":"1422485500:52:000:0022"},"geometry":{"type":"Polygon","coordinates":[[[37.677643,48.322106],[37.677651,48.322219],[37.677737,48.322774],[37.680356,48.322664],[37.681695,48.322608],[37.68302,48.322551],[37.68302,48.322552],[37.683104,48.322548],[37.683118,48.322509],[37.683191,48.322426],[37.683191,48.322425],[37.683612,48.321948],[37.683567,48.321612],[37.683191,48.321579],[37.682917,48.321554],[37.682916,48.321554],[37.682916,48.321553],[37.683019,48.321255],[37.68302,48.321255],[37.683118,48.32097],[37.682422,48.320908],[37.682789,48.319836],[37.682875,48.319588],[37.682808,48.319591],[37.682219,48.319722],[37.682014,48.319768],[37.681707,48.319836],[37.680823,48.320033],[37.680909,48.320961],[37.680997,48.321965],[37.680997,48.321966],[37.679295,48.322037],[37.677643,48.322106]]]}},{"type":"Feature","properties":{"cadnum":"1422485500:51:000:0046"},"geometry":{"type":"Polygon","coordinates":[[[37.682422,48.320908],[37.68302,48.320962],[37.683118,48.32097],[37.683167,48.320824],[37.683191,48.320755],[37.683191,48.320754],[37.683347,48.320305],[37.683496,48.319881],[37.68353,48.31978],[37.683603,48.319567],[37.683191,48.319579],[37.682875,48.319588],[37.682829,48.319722],[37.682828,48.319722],[37.682422,48.320908]]]}},{"type":"Feature","properties":{"cadnum":"1422485500:52:000:0010"},"geometry":{"type":"Polygon","coordinates":[[[37.677374,48.318781],[37.677426,48.319722],[37.677441,48.319976],[37.677526,48.319972],[37.677698,48.319965],[37.680553,48.319845],[37.680823,48.320033],[37.682014,48.319768],[37.682808,48.319591],[37.683019,48.319085],[37.68302,48.319085],[37.683248,48.318539],[37.683276,48.318276],[37.68302,48.318299],[37.677698,48.318754],[37.677698,48.318753],[37.677374,48.318781]],[[37.677526,48.318995],[37.67758,48.318993],[37.677698,48.318989],[37.677698,48.318988],[37.677944,48.318979],[37.6781,48.319137],[37.678043,48.319373],[37.677724,48.319436],[37.677591,48.319406],[37.67745,48.319373],[37.677441,48.319203],[37.677471,48.318997],[37.677472,48.318997],[37.677526,48.318995]]]}},{"type":"Feature","properties":{"cadnum":"1422485500:52:000:0005"},"geometry":{"type":"Polygon","coordinates":[[[37.681523,48.317169],[37.683191,48.317037],[37.683343,48.317025],[37.683584,48.316183],[37.684097,48.314403],[37.68416,48.313626],[37.683191,48.313665],[37.682291,48.313701],[37.681793,48.313719],[37.681599,48.316183],[37.6816,48.316183],[37.681523,48.317169]]]}},{"type":"Feature","properties":{"cadnum":"1422485500:52:000:0006"},"geometry":{"type":"Polygon","coordinates":[[[37.679412,48.317339],[37.681523,48.317169],[37.681609,48.316069],[37.681608,48.316069],[37.681793,48.313719],[37.680643,48.313763],[37.679691,48.313802],[37.679503,48.316183],[37.679504,48.316183],[37.679431,48.317109],[37.679412,48.317339]]]}},{"type":"Feature","properties":{"cadnum":"1422485500:52:000:0008"},"geometry":{"type":"Polygon","coordinates":[[[37.677234,48.317195],[37.677305,48.317506],[37.677526,48.317489],[37.677584,48.317484],[37.677698,48.317475],[37.679412,48.317339],[37.679431,48.317109],[37.677698,48.317178],[37.677698,48.317177],[37.677234,48.317195]]]}},{"type":"Feature","properties":{"cadnum":"1422485500:52:000:0007"},"geometry":{"type":"Polygon","coordinates":[[[37.677117,48.31667],[37.677234,48.317195],[37.677526,48.317184],[37.677526,48.317185],[37.679431,48.317109],[37.679513,48.316069],[37.679512,48.316069],[37.679691,48.313802],[37.679053,48.313826],[37.677575,48.313884],[37.677521,48.313886],[37.677204,48.316069],[37.677203,48.316069],[37.677117,48.31667]]]}},{"type":"Feature","properties":{"cadnum":"1422485500:51:000:0003"},"geometry":{"type":"Polygon","coordinates":[[[37.682875,48.319588],[37.68302,48.319584],[37.68302,48.319585],[37.683603,48.319567],[37.685754,48.319504],[37.688404,48.317748],[37.688513,48.317676],[37.68867,48.317572],[37.68337,48.317724],[37.683324,48.318534],[37.68302,48.319248],[37.68302,48.319249],[37.682875,48.319588]]]}},{"type":"Feature","properties":{"cadnum":"1422485500:21:000:0006"},"geometry":{"type":"Polygon","coordinates":[[[37.616395,48.32359],[37.617102,48.323419],[37.622595,48.322085],[37.622693,48.322061],[37.622683,48.321962],[37.622607,48.321227],[37.617273,48.322525],[37.616427,48.32273],[37.616398,48.323489],[37.616399,48.323489],[37.616395,48.32359]]]}},{"type":"Feature","properties":{"cadnum":"1422485500:21:000:0004"},"geometry":{"type":"Polygon","coordinates":[[[37.616337,48.325262],[37.617102,48.325077],[37.622595,48.323739],[37.622638,48.323729],[37.622766,48.323697],[37.622767,48.323697],[37.622863,48.323673],[37.62285,48.323531],[37.622832,48.323375],[37.622832,48.323374],[37.622779,48.322873],[37.622648,48.322906],[37.620245,48.323489],[37.617102,48.324253],[37.616364,48.324432],[37.616337,48.325262]]]}},{"type":"Feature","properties":{"cadnum":"1422485500:21:000:0005"},"geometry":{"type":"Polygon","coordinates":[[[37.616364,48.324432],[37.617273,48.324212],[37.617273,48.324211],[37.620716,48.323375],[37.620716,48.323374],[37.622595,48.322919],[37.622648,48.322906],[37.622766,48.322877],[37.622766,48.322876],[37.622767,48.322876],[37.622779,48.322873],[37.622765,48.322745],[37.622693,48.322061],[37.617285,48.323375],[37.617283,48.323375],[37.617182,48.323399],[37.616813,48.323489],[37.616395,48.32359],[37.616364,48.324432]]]}},{"type":"Feature","properties":{"cadnum":"1422485500:21:000:0003"},"geometry":{"type":"Polygon","coordinates":[[[37.616306,48.326075],[37.617102,48.325882],[37.622595,48.324548],[37.622724,48.324517],[37.622766,48.324506],[37.622767,48.324506],[37.622945,48.324462],[37.622931,48.324319],[37.622863,48.323673],[37.622638,48.323729],[37.617273,48.325035],[37.616337,48.325262],[37.616306,48.326075]]]}},{"type":"Feature","properties":{"cadnum":"1422485500:21:000:0002"},"geometry":{"type":"Polygon","coordinates":[[[37.616221,48.32844],[37.617102,48.328226],[37.621565,48.327141],[37.622595,48.326891],[37.622755,48.326852],[37.622766,48.32685],[37.622767,48.32685],[37.622767,48.326849],[37.623186,48.326747],[37.623182,48.326699],[37.623096,48.325913],[37.622945,48.324462],[37.622724,48.324517],[37.617273,48.32584],[37.616306,48.326075],[37.616272,48.327027],[37.616221,48.32844]]]}},{"type":"Feature","properties":{"cadnum":"1422485500:29:000:0003"},"geometry":{"type":"Polygon","coordinates":[[[37.651384,48.28408],[37.655554,48.28456],[37.656348,48.284651],[37.660571,48.285223],[37.661047,48.283832],[37.661158,48.283506],[37.661219,48.283324],[37.661219,48.283323],[37.661228,48.283295],[37.661275,48.283154],[37.662475,48.279639],[37.663724,48.275984],[37.664972,48.272328],[37.664972,48.272327],[37.665345,48.271238],[37.661219,48.271748],[37.661219,48.271747],[37.660948,48.27178],[37.660601,48.272213],[37.6606,48.272213],[37.65969,48.273352],[37.65607,48.275785],[37.655976,48.275869],[37.655941,48.275901],[37.655849,48.275984],[37.655668,48.276147],[37.653438,48.278151],[37.653132,48.279032],[37.653011,48.279381],[37.652961,48.279525],[37.65296,48.279525],[37.651655,48.283295],[37.651656,48.283295],[37.651384,48.28408]]]}},{"type":"Feature","properties":{"cadnum":"1422485500:26:000:0003"},"geometry":{"type":"Polygon","coordinates":[[[37.605567,48.294684],[37.605781,48.295554],[37.606115,48.295514],[37.611608,48.29486],[37.611609,48.29486],[37.611753,48.294842],[37.61178,48.294839],[37.612802,48.294717],[37.612775,48.294624],[37.61264,48.294151],[37.612555,48.29385],[37.611741,48.293948],[37.61008,48.294146],[37.610078,48.294146],[37.609355,48.294232],[37.609121,48.29426],[37.606287,48.294598],[37.605567,48.294684]]]}},{"type":"Feature","properties":{"cadnum":"1422485500:26:000:0004"},"geometry":{"type":"Polygon","coordinates":[[[37.605347,48.293802],[37.605432,48.294146],[37.605431,48.294146],[37.605567,48.294684],[37.606115,48.294619],[37.609355,48.294232],[37.611608,48.293964],[37.611609,48.293964],[37.611741,48.293948],[37.61178,48.293943],[37.612555,48.29385],[37.612542,48.293796],[37.612309,48.292972],[37.611673,48.293048],[37.606287,48.293691],[37.605347,48.293802]]]}},{"type":"Feature","properties":{"cadnum":"1422485500:26:000:0061"},"geometry":{"type":"Polygon","coordinates":[[[37.612309,48.292972],[37.612542,48.293796],[37.615196,48.293479],[37.617102,48.293251],[37.617102,48.293252],[37.617186,48.293241],[37.617273,48.293231],[37.618691,48.293062],[37.618515,48.292631],[37.618471,48.292198],[37.617102,48.292369],[37.615825,48.292529],[37.613835,48.292781],[37.612309,48.292972]]]}},{"type":"Feature","properties":{"cadnum":"1422485500:26:000:0017"},"geometry":{"type":"Polygon","coordinates":[[[37.611267,48.2903],[37.61132,48.290491],[37.611352,48.290603],[37.611352,48.290605],[37.611517,48.291191],[37.611608,48.29118],[37.611609,48.29118],[37.617102,48.290524],[37.617173,48.290515],[37.617273,48.290504],[37.617273,48.290503],[37.618026,48.290413],[37.617806,48.289526],[37.617273,48.289589],[37.61178,48.29024],[37.61178,48.290239],[37.611267,48.2903]]]}},{"type":"Feature","properties":{"cadnum":"1422485500:26:000:0008"},"geometry":{"type":"Polygon","coordinates":[[[37.612775,48.294624],[37.612802,48.294717],[37.613014,48.295458],[37.617273,48.294951],[37.619108,48.294732],[37.61896,48.294146],[37.618897,48.293895],[37.617273,48.294089],[37.616793,48.294146],[37.616791,48.294146],[37.612775,48.294624]]]}},{"type":"Feature","properties":{"cadnum":"1422485500:26:000:0006"},"geometry":{"type":"Polygon","coordinates":[[[37.604906,48.292028],[37.605126,48.292918],[37.606115,48.2928],[37.606287,48.29278],[37.611609,48.292144],[37.612056,48.29209],[37.611806,48.291202],[37.611609,48.291226],[37.606287,48.291862],[37.604906,48.292028]]]}},{"type":"Feature","properties":{"cadnum":"1422485500:26:000:0011"},"geometry":{"type":"Polygon","coordinates":[[[37.612056,48.29209],[37.612309,48.292972],[37.617273,48.292349],[37.618471,48.292198],[37.618259,48.291346],[37.617102,48.291485],[37.612056,48.29209]]]}},{"type":"Feature","properties":{"cadnum":"1422485500:26:000:0012"},"geometry":{"type":"Polygon","coordinates":[[[37.611806,48.291202],[37.612056,48.29209],[37.617273,48.291465],[37.617273,48.291464],[37.618259,48.291346],[37.618046,48.290502],[37.618035,48.290458],[37.617102,48.290569],[37.617102,48.29057],[37.611806,48.291202]]]}},{"type":"Feature","properties":{"cadnum":"1422485500:26:000:0009"},"geometry":{"type":"Polygon","coordinates":[[[37.612542,48.293796],[37.612555,48.29385],[37.612638,48.294146],[37.61264,48.294151],[37.612671,48.29426],[37.612775,48.294624],[37.615832,48.29426],[37.617102,48.294109],[37.618897,48.293895],[37.618691,48.293062],[37.617242,48.293235],[37.612542,48.293796]]]}},{"type":"Feature","properties":{"cadnum":"1422485500:26:000:0005"},"geometry":{"type":"Polygon","coordinates":[[[37.605126,48.292918],[37.605347,48.293802],[37.606115,48.293711],[37.611608,48.293055],[37.611609,48.293055],[37.611673,48.293048],[37.61178,48.293035],[37.612309,48.292972],[37.612056,48.29209],[37.61178,48.292123],[37.611609,48.292144],[37.606287,48.29278],[37.605126,48.292918]]]}},{"type":"Feature","properties":{"cadnum":"1422485500:57:000:0012"},"geometry":{"type":"Polygon","coordinates":[[[37.680527,48.283812],[37.683191,48.284071],[37.68381,48.284131],[37.683966,48.283856],[37.683191,48.283778],[37.680584,48.283513],[37.680527,48.283812]]]}},{"type":"Feature","properties":{"cadnum":"1422485500:57:000:0006"},"geometry":{"type":"Polygon","coordinates":[[[37.680171,48.285581],[37.68302,48.285874],[37.68302,48.285875],[37.683167,48.285889],[37.683191,48.285861],[37.683191,48.28586],[37.683419,48.28559],[37.68302,48.28555],[37.680234,48.285267],[37.680171,48.285581]]]}},{"type":"Feature","properties":{"cadnum":"1422485500:57:000:0009"},"geometry":{"type":"Polygon","coordinates":[[[37.680356,48.284696],[37.68302,48.284952],[37.683882,48.285034],[37.68394,48.284966],[37.683779,48.284741],[37.68302,48.284668],[37.68302,48.284669],[37.68041,48.284418],[37.680387,48.284541],[37.680356,48.284696]]]}},{"type":"Feature","properties":{"cadnum":"1422485500:33:000:0027"},"geometry":{"type":"Polygon","coordinates":[[[37.674831,48.285249],[37.677526,48.285524],[37.679825,48.285757],[37.680127,48.284487],[37.677698,48.284242],[37.675339,48.284003],[37.675298,48.284098],[37.674831,48.285249]]]}},{"type":"Feature","properties":{"cadnum":"1422485500:33:000:0036"},"geometry":{"type":"Polygon","coordinates":[[[37.679435,48.287177],[37.679754,48.28718],[37.67976,48.286946],[37.679771,48.286466],[37.679961,48.285775],[37.680217,48.284732],[37.680414,48.283854],[37.680526,48.283295],[37.680527,48.283295],[37.68059,48.282987],[37.680809,48.281971],[37.681092,48.280841],[37.681219,48.280566],[37.680976,48.280497],[37.680922,48.280772],[37.680791,48.281432],[37.680446,48.283139],[37.680436,48.283181],[37.680435,48.283181],[37.680127,48.284487],[37.679825,48.285757],[37.679572,48.286836],[37.679571,48.286838],[37.679545,48.28695],[37.679546,48.28695],[37.679534,48.287],[37.679435,48.287177]]]}},{"type":"Feature","properties":{"cadnum":"1422485500:57:000:0007"},"geometry":{"type":"Polygon","coordinates":[[[37.680234,48.285267],[37.683191,48.285568],[37.683191,48.285567],[37.683419,48.28559],[37.683653,48.285309],[37.683191,48.285263],[37.680297,48.284971],[37.680234,48.285267]]]}},{"type":"Feature","properties":{"cadnum":"1422485500:57:000:0005"},"geometry":{"type":"Polygon","coordinates":[[[37.680018,48.286304],[37.682641,48.286517],[37.683019,48.286065],[37.68302,48.286065],[37.68302,48.286066],[37.683167,48.285889],[37.680171,48.285581],[37.680018,48.286304]]]}},{"type":"Feature","properties":{"cadnum":"1422485500:57:000:0004"},"geometry":{"type":"Polygon","coordinates":[[[37.679938,48.286696],[37.682192,48.286893],[37.682597,48.286574],[37.682641,48.286517],[37.680018,48.286304],[37.679938,48.286696]]]}},{"type":"Feature","properties":{"cadnum":"1422485500:33:000:0019"},"geometry":{"type":"Polygon","coordinates":[[[37.674351,48.286426],[37.677698,48.286798],[37.677698,48.286797],[37.678049,48.286836],[37.67805,48.286836],[37.678937,48.286934],[37.679082,48.28695],[37.679534,48.287],[37.679571,48.286838],[37.679825,48.285757],[37.677698,48.285542],[37.677698,48.285541],[37.674831,48.285249],[37.674351,48.286426]]]}},{"type":"Feature","properties":{"cadnum":"1422485500:33:000:0028"},"geometry":{"type":"Polygon","coordinates":[[[37.675339,48.284003],[37.677526,48.284224],[37.677526,48.284225],[37.680127,48.284487],[37.680408,48.283295],[37.680409,48.283295],[37.680446,48.283139],[37.677698,48.282861],[37.677698,48.28286],[37.675877,48.282676],[37.675756,48.282975],[37.675673,48.283181],[37.675672,48.283181],[37.675339,48.284003]]]}},{"type":"Feature","properties":{"cadnum":"1422485500:57:000:0011"},"geometry":{"type":"Polygon","coordinates":[[[37.680473,48.284098],[37.68302,48.284372],[37.68302,48.284373],[37.683639,48.284439],[37.68381,48.284131],[37.68302,48.284054],[37.68302,48.284055],[37.680527,48.283812],[37.680473,48.284098]]]}},{"type":"Feature","properties":{"cadnum":"1422485500:57:000:0003"},"geometry":{"type":"Polygon","coordinates":[[[37.679835,48.287192],[37.680571,48.287246],[37.681645,48.287321],[37.682192,48.286893],[37.679938,48.286696],[37.679884,48.28695],[37.679885,48.28695],[37.679835,48.287192]]]}},{"type":"Feature","properties":{"cadnum":"1422485500:57:000:0013"},"geometry":{"type":"Polygon","coordinates":[[[37.680584,48.283513],[37.68302,48.28376],[37.68302,48.283761],[37.683966,48.283856],[37.684119,48.283581],[37.683191,48.283488],[37.681291,48.283295],[37.680639,48.283229],[37.680626,48.283295],[37.680584,48.283513]]]}},{"type":"Feature","properties":{"cadnum":"1422485500:57:000:0014"},"geometry":{"type":"Polygon","coordinates":[[[37.680639,48.283229],[37.68302,48.28347],[37.68302,48.283471],[37.684119,48.283581],[37.684268,48.283318],[37.684043,48.283295],[37.683143,48.283202],[37.682941,48.283181],[37.682934,48.283181],[37.680693,48.282948],[37.680648,48.283181],[37.680647,48.283181],[37.680639,48.283229]]]}},{"type":"Feature","properties":{"cadnum":"1422485500:57:000:0008"},"geometry":{"type":"Polygon","coordinates":[[[37.680297,48.284971],[37.68302,48.285245],[37.68302,48.285246],[37.683653,48.285309],[37.683882,48.285034],[37.683191,48.284968],[37.680356,48.284696],[37.680297,48.284971]]]}},{"type":"Feature","properties":{"cadnum":"1422485500:57:000:0010"},"geometry":{"type":"Polygon","coordinates":[[[37.68041,48.284418],[37.683191,48.284685],[37.683779,48.284741],[37.683607,48.284493],[37.683639,48.284439],[37.683191,48.284391],[37.680473,48.284098],[37.68041,48.284418]]]}},{"type":"Feature","properties":{"cadnum":"1422485500:42:000:0011"},"geometry":{"type":"Polygon","coordinates":[[[37.740861,48.379474],[37.743351,48.379704],[37.743444,48.379713],[37.743554,48.379723],[37.743616,48.379729],[37.745807,48.379933],[37.74437,48.378957],[37.743494,48.378876],[37.74185,48.378722],[37.741037,48.378647],[37.740861,48.379474]]]}},{"type":"Feature","properties":{"cadnum":"1422485500:40:000:0039"},"geometry":{"type":"Polygon","coordinates":[[[37.741014,48.384527],[37.742645,48.384685],[37.742653,48.384644],[37.742721,48.384649],[37.742722,48.384649],[37.742712,48.384694],[37.743616,48.384783],[37.744832,48.384903],[37.74485,48.384823],[37.744909,48.384682],[37.745003,48.384471],[37.74423,48.383435],[37.744427,48.382958],[37.744976,48.382355],[37.745232,48.381807],[37.745425,48.381398],[37.745236,48.380715],[37.744765,48.379933],[37.743616,48.379789],[37.742357,48.379632],[37.741697,48.381782],[37.741261,48.383205],[37.741059,48.384303],[37.741014,48.384527]]]}},{"type":"Feature","properties":{"cadnum":"1422485500:42:000:0014"},"geometry":{"type":"Polygon","coordinates":[[[37.74185,48.378722],[37.743444,48.378872],[37.743494,48.378876],[37.743616,48.378888],[37.74437,48.378957],[37.743616,48.378447],[37.743153,48.378133],[37.742578,48.377743],[37.742056,48.377723],[37.741971,48.378133],[37.74185,48.378722]]]}},{"type":"Feature","properties":{"cadnum":"1422485500:24:000:0018"},"geometry":{"type":"Polygon","coordinates":[[[37.661594,48.310591],[37.66255,48.310516],[37.66281,48.308877],[37.66281,48.308876],[37.662811,48.308876],[37.662856,48.308592],[37.661909,48.308691],[37.661897,48.308762],[37.661594,48.310591]]]}},{"type":"Feature","properties":{"cadnum":"1422485500:24:000:0061"},"geometry":{"type":"Polygon","coordinates":[[[37.66255,48.310516],[37.665233,48.310301],[37.665448,48.308948],[37.663525,48.308968],[37.663525,48.308589],[37.66287,48.308589],[37.662856,48.308592],[37.662829,48.308762],[37.662828,48.308762],[37.66255,48.310516]]]}},{"type":"Feature","properties":{"cadnum":"1422485500:24:001:0012"},"geometry":{"type":"Polygon","coordinates":[[[37.665246,48.306008],[37.665246,48.30614],[37.66654,48.306168],[37.666658,48.306171],[37.666712,48.306172],[37.667024,48.306178],[37.667024,48.305967],[37.66654,48.305978],[37.66654,48.305979],[37.665246,48.306008]]]}},{"type":"Feature","properties":{"cadnum":"1422485500:24:000:0084"},"geometry":{"type":"Polygon","coordinates":[[[37.662946,48.307777],[37.663148,48.308064],[37.662955,48.308108],[37.663238,48.308589],[37.663525,48.308589],[37.663525,48.308968],[37.665448,48.308948],[37.665506,48.308948],[37.665507,48.308804],[37.665512,48.308503],[37.664734,48.308476],[37.664657,48.307445],[37.662946,48.307777]]]}},{"type":"Feature","properties":{"cadnum":"1422485500:24:001:0019"},"geometry":{"type":"Polygon","coordinates":[[[37.665112,48.306011],[37.665628,48.305999],[37.665646,48.305787],[37.665601,48.305787],[37.665133,48.305799],[37.665112,48.306011]]]}},{"type":"Feature","properties":{"cadnum":"1422485500:24:001:0020"},"geometry":{"type":"Polygon","coordinates":[[[37.665628,48.305999],[37.666712,48.305975],[37.666712,48.305974],[37.667024,48.305967],[37.667083,48.305751],[37.666675,48.305762],[37.665888,48.305781],[37.665646,48.305787],[37.665628,48.305999]]]}},{"type":"Feature","properties":{"cadnum":"1422485500:24:001:0015"},"geometry":{"type":"Polygon","coordinates":[[[37.665915,48.305214],[37.66654,48.30513],[37.666712,48.305107],[37.667141,48.305049],[37.667137,48.304804],[37.666712,48.304861],[37.665915,48.304966],[37.665915,48.305214]]]}},{"type":"Feature","properties":{"cadnum":"1422485500:21:000:0009"},"geometry":{"type":"Polygon","coordinates":[[[37.616037,48.319137],[37.616474,48.319722],[37.616473,48.319722],[37.616534,48.319803],[37.616533,48.319836],[37.61649,48.320956],[37.617102,48.320808],[37.621138,48.319826],[37.622427,48.319513],[37.622351,48.318814],[37.622253,48.31787],[37.617102,48.31892],[37.616037,48.319137]]]}},{"type":"Feature","properties":{"cadnum":"1422485500:21:000:0008"},"geometry":{"type":"Polygon","coordinates":[[[37.616458,48.321851],[37.617102,48.321695],[37.622517,48.320379],[37.622459,48.31983],[37.622437,48.319606],[37.622427,48.319513],[37.621568,48.319722],[37.621138,48.319826],[37.621098,48.319836],[37.617273,48.320766],[37.61649,48.320956],[37.616458,48.321851]]]}},{"type":"Feature","properties":{"cadnum":"1422485500:21:000:0017"},"geometry":{"type":"Polygon","coordinates":[[[37.622517,48.320379],[37.622595,48.321102],[37.622595,48.321103],[37.622603,48.321177],[37.622766,48.321138],[37.622767,48.321138],[37.622767,48.321137],[37.628088,48.319845],[37.628544,48.319734],[37.629205,48.319573],[37.629125,48.3188],[37.628102,48.319044],[37.625267,48.319722],[37.625266,48.319722],[37.625108,48.31976],[37.624789,48.319836],[37.622747,48.320325],[37.622517,48.320379]]]}},{"type":"Feature","properties":{"cadnum":"1422485500:21:000:0007"},"geometry":{"type":"Polygon","coordinates":[[[37.616427,48.32273],[37.617102,48.322566],[37.617102,48.322567],[37.622607,48.321227],[37.622603,48.321177],[37.622517,48.320379],[37.617273,48.321654],[37.617273,48.321653],[37.616458,48.321851],[37.616427,48.32273]]]}},{"type":"Feature","properties":{"cadnum":"1422485500:21:000:0016"},"geometry":{"type":"Polygon","coordinates":[[[37.622603,48.321177],[37.622607,48.321227],[37.622683,48.321962],[37.622766,48.321942],[37.622767,48.321942],[37.628088,48.320647],[37.628088,48.320648],[37.629287,48.320355],[37.629231,48.319831],[37.629205,48.319573],[37.628592,48.319722],[37.628544,48.319734],[37.628123,48.319836],[37.622603,48.321177]]]}},{"type":"Feature","properties":{"cadnum":"1422485500:21:000:0018"},"geometry":{"type":"Polygon","coordinates":[[[37.622437,48.319606],[37.622448,48.319722],[37.622447,48.319722],[37.622459,48.31983],[37.622459,48.319836],[37.622517,48.320379],[37.622595,48.320361],[37.622747,48.320325],[37.622766,48.32032],[37.622767,48.32032],[37.625108,48.31976],[37.628088,48.319048],[37.628102,48.319044],[37.62826,48.319007],[37.629125,48.3188],[37.629039,48.318002],[37.62826,48.318192],[37.62826,48.318191],[37.622595,48.319568],[37.622437,48.319606]]]}},{"type":"Feature","properties":{"cadnum":"1422485500:27:000:0077"},"geometry":{"type":"Polygon","coordinates":[[[37.622469,48.287658],[37.62254,48.287992],[37.622496,48.287996],[37.622595,48.288461],[37.622595,48.288462],[37.622612,48.288543],[37.622766,48.288538],[37.622767,48.288538],[37.628088,48.288348],[37.63023,48.288271],[37.630157,48.288061],[37.62996,48.287485],[37.628088,48.287528],[37.628088,48.287529],[37.622595,48.287655],[37.622469,48.287658]]]}},{"type":"Feature","properties":{"cadnum":"1422485500:27:000:0095"},"geometry":{"type":"Polygon","coordinates":[[[37.620542,48.280028],[37.620779,48.281035],[37.621307,48.283181],[37.621313,48.283203],[37.621336,48.283295],[37.621651,48.284567],[37.622087,48.286334],[37.62221,48.286836],[37.622496,48.287996],[37.62254,48.287992],[37.622469,48.287658],[37.622314,48.286929],[37.622266,48.286699],[37.622054,48.285692],[37.621853,48.284741],[37.621853,48.284693],[37.621578,48.283593],[37.621479,48.283185],[37.621475,48.283169],[37.621179,48.281971],[37.621062,48.28151],[37.620977,48.281154],[37.620689,48.280001],[37.620542,48.280028]]]}},{"type":"Feature","properties":{"cadnum":"1422485500:27:000:0076"},"geometry":{"type":"Polygon","coordinates":[[[37.622612,48.288543],[37.622766,48.289234],[37.622767,48.289234],[37.622805,48.289407],[37.628088,48.289218],[37.628088,48.289219],[37.630526,48.289131],[37.63023,48.288271],[37.62826,48.288341],[37.622612,48.288543]]]}},{"type":"Feature","properties":{"cadnum":"1422485500:27:000:0078"},"geometry":{"type":"Polygon","coordinates":[[[37.622266,48.286699],[37.622295,48.286836],[37.622294,48.286836],[37.622314,48.286929],[37.622319,48.28695],[37.622469,48.287658],[37.622595,48.287656],[37.622653,48.287655],[37.622766,48.287652],[37.622767,48.287652],[37.623276,48.28764],[37.623838,48.287628],[37.628088,48.287529],[37.62996,48.287485],[37.629817,48.287069],[37.62974,48.286847],[37.629632,48.286528],[37.62826,48.286561],[37.62826,48.28656],[37.623587,48.286669],[37.622767,48.286688],[37.622766,48.286688],[37.622406,48.286696],[37.622266,48.286699]],[[37.622989,48.28738],[37.622985,48.287363],[37.622985,48.287362],[37.623125,48.287347],[37.623133,48.287336],[37.623096,48.287186],[37.623097,48.287186],[37.623151,48.28718],[37.623186,48.287329],[37.623205,48.287338],[37.623344,48.287323],[37.623345,48.287323],[37.623349,48.287338],[37.623348,48.287338],[37.623209,48.287356],[37.623196,48.287365],[37.623236,48.287518],[37.623182,48.287524],[37.623142,48.287371],[37.623129,48.287365],[37.622989,48.28738]]]}},{"type":"Feature","properties":{"cadnum":"1422485500:26:000:0020"},"geometry":{"type":"Polygon","coordinates":[[[37.610265,48.286774],[37.610282,48.286836],[37.610287,48.286851],[37.610314,48.28695],[37.610315,48.28695],[37.610516,48.287646],[37.610764,48.288531],[37.61178,48.288408],[37.617273,48.287744],[37.617366,48.287733],[37.617145,48.286836],[37.617143,48.286836],[37.616934,48.28599],[37.61178,48.286596],[37.610265,48.286774]]]}},{"type":"Feature","properties":{"cadnum":"1422485500:26:000:0031"},"geometry":{"type":"Polygon","coordinates":[[[37.617236,48.286845],[37.617261,48.28695],[37.617262,48.28695],[37.6175,48.287924],[37.622253,48.287296],[37.622147,48.286867],[37.621987,48.28622],[37.617304,48.286836],[37.617303,48.286836],[37.617238,48.286845],[37.617236,48.286845]]]}},{"type":"Feature","properties":{"cadnum":"1422485500:26:000:0019"},"geometry":{"type":"Polygon","coordinates":[[[37.610764,48.288531],[37.611014,48.289416],[37.611608,48.289345],[37.611609,48.289345],[37.611749,48.289328],[37.61178,48.289325],[37.617273,48.288667],[37.617586,48.28863],[37.617366,48.287733],[37.617102,48.287765],[37.611609,48.288429],[37.611608,48.288429],[37.610764,48.288531]]]}},{"type":"Feature","properties":{"cadnum":"1422485500:26:000:0033"},"geometry":{"type":"Polygon","coordinates":[[[37.617761,48.288985],[37.618018,48.290049],[37.622595,48.289443],[37.622726,48.289426],[37.622766,48.28942],[37.622767,48.28942],[37.622779,48.289418],[37.622609,48.28873],[37.622517,48.288357],[37.617761,48.288985]]]}},{"type":"Feature","properties":{"cadnum":"1422485500:26:000:0032"},"geometry":{"type":"Polygon","coordinates":[[[37.6175,48.287924],[37.617761,48.288985],[37.622517,48.288357],[37.622253,48.287296],[37.6175,48.287924]]]}},{"type":"Feature","properties":{"cadnum":"1422485500:26:000:0034"},"geometry":{"type":"Polygon","coordinates":[[[37.618018,48.290049],[37.618125,48.290491],[37.618305,48.29122],[37.622595,48.290667],[37.62307,48.290605],[37.623069,48.290605],[37.622779,48.289418],[37.622726,48.289426],[37.618018,48.290049]]]}},{"type":"Feature","properties":{"cadnum":"1422485500:26:000:0018"},"geometry":{"type":"Polygon","coordinates":[[[37.611014,48.289416],[37.611267,48.2903],[37.611608,48.29026],[37.611609,48.29026],[37.617102,48.289609],[37.617806,48.289526],[37.617586,48.28863],[37.617102,48.288688],[37.611749,48.289328],[37.611014,48.289416]]]}},{"type":"Feature","properties":{"cadnum":"1422485500:41:000:0013"},"geometry":{"type":"Polygon","coordinates":[[[37.730271,48.366435],[37.730634,48.366805],[37.730713,48.367186],[37.730712,48.367186],[37.731344,48.370228],[37.73263,48.370387],[37.73263,48.370386],[37.73389,48.370541],[37.734295,48.368631],[37.733327,48.367301],[37.733327,48.3673],[37.732944,48.366772],[37.73263,48.366733],[37.730271,48.366435]]]}},{"type":"Feature","properties":{"cadnum":"1422485500:41:000:0004"},"geometry":{"type":"Polygon","coordinates":[[[37.731003,48.374849],[37.73263,48.37505],[37.732862,48.375079],[37.732971,48.374599],[37.732972,48.374599],[37.73377,48.371126],[37.73383,48.370836],[37.73383,48.370835],[37.733882,48.370586],[37.732458,48.37041],[37.731353,48.370273],[37.731357,48.370284],[37.731421,48.37095],[37.731422,48.37095],[37.731586,48.372612],[37.731564,48.373913],[37.731564,48.374056],[37.73112,48.374229],[37.731071,48.374485],[37.731061,48.374541],[37.73105,48.374599],[37.731003,48.374849]]]}},{"type":"Feature","properties":{"cadnum":"1422485500:37:000:0004"},"geometry":{"type":"Polygon","coordinates":[[[37.68544,48.384825],[37.686069,48.384739],[37.686796,48.384637],[37.687251,48.384458],[37.687852,48.38422],[37.688306,48.384136],[37.688513,48.384097],[37.6886,48.38408],[37.688684,48.384064],[37.688685,48.384064],[37.689375,48.38393],[37.689549,48.383897],[37.688513,48.383797],[37.688513,48.383798],[37.685723,48.383528],[37.68544,48.384825]]]}},{"type":"Feature","properties":{"cadnum":"1422485500:35:000:0049"},"geometry":{"type":"Polygon","coordinates":[[[37.687251,48.384458],[37.687716,48.385544],[37.687717,48.385544],[37.687848,48.385849],[37.688513,48.385726],[37.688513,48.385727],[37.688605,48.385709],[37.688684,48.385695],[37.688684,48.385694],[37.688685,48.385694],[37.688706,48.38569],[37.688953,48.385646],[37.68886,48.38543],[37.688684,48.38502],[37.688684,48.385019],[37.688306,48.384136],[37.687852,48.38422],[37.687251,48.384458]]]}},{"type":"Feature","properties":{"cadnum":"1422485500:37:000:0005"},"geometry":{"type":"Polygon","coordinates":[[[37.685723,48.383528],[37.688684,48.383814],[37.688685,48.383814],[37.689549,48.383897],[37.690287,48.383755],[37.690605,48.382296],[37.688685,48.38211],[37.688684,48.38211],[37.686087,48.381858],[37.685723,48.383528]]]}},{"type":"Feature","properties":{"cadnum":"1422485500:35:000:0046"},"geometry":{"type":"Polygon","coordinates":[[[37.683737,48.385288],[37.683798,48.38543],[37.683797,48.38543],[37.684263,48.386505],[37.684519,48.386457],[37.685422,48.386293],[37.685467,48.386284],[37.685149,48.385544],[37.684901,48.384965],[37.683737,48.385288]]]}},{"type":"Feature","properties":{"cadnum":"1422485500:36:000:0011"},"geometry":{"type":"Polygon","coordinates":[[[37.683544,48.384277],[37.685283,48.384447],[37.685863,48.381782],[37.685862,48.381782],[37.685957,48.381353],[37.684223,48.381186],[37.684066,48.381896],[37.683544,48.384277]]]}},{"type":"Feature","properties":{"cadnum":"1422485500:35:000:0047"},"geometry":{"type":"Polygon","coordinates":[[[37.684901,48.384965],[37.6851,48.38543],[37.685467,48.386284],[37.68627,48.386138],[37.686643,48.38607],[37.687488,48.385914],[37.687848,48.385849],[37.687668,48.38543],[37.687667,48.38543],[37.687251,48.384458],[37.686796,48.384637],[37.686069,48.384739],[37.685435,48.384825],[37.685373,48.384834],[37.685184,48.384888],[37.684901,48.384965]]]}},{"type":"Feature","properties":{"cadnum":"1422485500:35:000:0050"},"geometry":{"type":"Polygon","coordinates":[[[37.688306,48.384136],[37.688513,48.384618],[37.688513,48.384619],[37.688908,48.385544],[37.688909,48.385544],[37.688953,48.385646],[37.689928,48.385467],[37.690031,48.385449],[37.689375,48.38393],[37.6886,48.38408],[37.688306,48.384136]]]}},{"type":"Feature","properties":{"cadnum":"1422485500:37:000:0006"},"geometry":{"type":"Polygon","coordinates":[[[37.686087,48.381858],[37.686481,48.381896],[37.688513,48.382093],[37.688513,48.382094],[37.690605,48.382296],[37.690692,48.381896],[37.690888,48.380998],[37.690943,48.380748],[37.688513,48.380512],[37.686423,48.380309],[37.686103,48.381782],[37.686087,48.381858]]]}},{"type":"Feature","properties":{"cadnum":"1422485500:56:000:0081"},"geometry":{"type":"Polygon","coordinates":[[[37.690111,48.284714],[37.690178,48.284798],[37.692339,48.283737],[37.692959,48.283432],[37.693222,48.283295],[37.693223,48.283295],[37.694006,48.282888],[37.694039,48.282871],[37.694178,48.282799],[37.69458,48.282589],[37.695088,48.282323],[37.696629,48.281618],[37.697469,48.281142],[37.698048,48.280933],[37.698658,48.280622],[37.698811,48.280485],[37.699499,48.28016],[37.699499,48.280161],[37.699521,48.28015],[37.699671,48.280024],[37.69979,48.279923],[37.699639,48.279869],[37.698528,48.28038],[37.697652,48.280843],[37.697002,48.281127],[37.696287,48.281465],[37.695532,48.281896],[37.694284,48.282509],[37.694178,48.282564],[37.693331,48.283005],[37.692784,48.283295],[37.692785,48.283295],[37.691666,48.283889],[37.690605,48.284421],[37.690111,48.284714]]]}},{"type":"Feature","properties":{"cadnum":"1422485500:06:000:0001"},"geometry":{"type":"Polygon","coordinates":[[[37.696526,48.284098],[37.699499,48.283695],[37.699499,48.283696],[37.703175,48.283196],[37.705164,48.282926],[37.7054,48.282894],[37.705971,48.279663],[37.706105,48.279663],[37.706105,48.279346],[37.704996,48.279232],[37.70235,48.279281],[37.701008,48.279409],[37.700706,48.279525],[37.700576,48.279575],[37.70041,48.279639],[37.70041,48.27964],[37.699777,48.279884],[37.699889,48.279994],[37.699889,48.279995],[37.699551,48.280167],[37.697002,48.281465],[37.696691,48.283181],[37.696526,48.284098]]]}},{"type":"Feature","properties":{"cadnum":"1422485500:58:000:0011"},"geometry":{"type":"Polygon","coordinates":[[[37.688557,48.284705],[37.688629,48.285073],[37.688684,48.285214],[37.688684,48.285213],[37.688685,48.285213],[37.68876,48.285405],[37.692847,48.283181],[37.693089,48.28305],[37.693089,48.283049],[37.694006,48.282569],[37.696427,48.281301],[37.698897,48.280096],[37.699671,48.279796],[37.700367,48.279525],[37.700505,48.279472],[37.699673,48.278688],[37.699499,48.278778],[37.698052,48.279525],[37.697925,48.279591],[37.697831,48.279639],[37.696993,48.280072],[37.696211,48.279594],[37.696196,48.279601],[37.696117,48.279639],[37.694006,48.280663],[37.690798,48.282219],[37.689224,48.283295],[37.688867,48.283539],[37.688557,48.284705]]]}},{"type":"Feature","properties":{"cadnum":"1422485500:56:000:0082"},"geometry":{"type":"Polygon","coordinates":[[[37.694477,48.293916],[37.694693,48.293895],[37.694989,48.292117],[37.695138,48.29122],[37.695273,48.290491],[37.695469,48.289439],[37.695798,48.287658],[37.695927,48.28695],[37.695928,48.28695],[37.696125,48.285883],[37.696453,48.284104],[37.696664,48.283309],[37.696687,48.283181],[37.69683,48.282403],[37.696997,48.281495],[37.696706,48.2816],[37.696467,48.282846],[37.69638,48.283295],[37.696381,48.283295],[37.696228,48.284089],[37.69613,48.284682],[37.69626,48.284658],[37.69614,48.285279],[37.696022,48.285901],[37.695901,48.286523],[37.695816,48.28695],[37.695817,48.28695],[37.69578,48.287141],[37.695664,48.287762],[37.695542,48.288384],[37.695421,48.289003],[37.695304,48.289625],[37.695182,48.290247],[37.695111,48.290605],[37.695112,48.290605],[37.695061,48.290865],[37.694945,48.291487],[37.694823,48.292108],[37.694706,48.29273],[37.694585,48.293348],[37.694477,48.293916]]]}},{"type":"Feature","properties":{"cadnum":"1422485500:56:000:0056"},"geometry":{"type":"Polygon","coordinates":[[[37.6895,48.285231],[37.689689,48.285476],[37.689842,48.285715],[37.689891,48.285748],[37.689928,48.285817],[37.690677,48.285679],[37.692213,48.285398],[37.694178,48.28504],[37.694178,48.285039],[37.694746,48.284935],[37.696067,48.284693],[37.696323,48.283295],[37.696386,48.282954],[37.696629,48.281618],[37.695088,48.282323],[37.694006,48.282887],[37.693442,48.283181],[37.693441,48.283181],[37.690947,48.284481],[37.6895,48.285231]]]}},{"type":"Feature","properties":{"cadnum":"1422485500:58:000:0010"},"geometry":{"type":"Polygon","coordinates":[[[37.689352,48.273009],[37.690722,48.274097],[37.691018,48.274518],[37.691216,48.274987],[37.691194,48.275984],[37.69119,48.276208],[37.690817,48.278243],[37.690425,48.279281],[37.690354,48.279639],[37.690355,48.279639],[37.690268,48.280081],[37.690498,48.28038],[37.691113,48.280566],[37.691769,48.280584],[37.692918,48.280267],[37.694178,48.279741],[37.694656,48.27954],[37.694657,48.27954],[37.696394,48.279005],[37.697748,48.278318],[37.698574,48.278036],[37.699386,48.277938],[37.699499,48.277904],[37.700941,48.277462],[37.701182,48.275869],[37.701444,48.274147],[37.699671,48.273981],[37.694178,48.273464],[37.689352,48.273009]]]}},{"type":"Feature","properties":{"cadnum":"1422485500:05:000:0007"},"geometry":{"type":"Polygon","coordinates":[[[37.641409,48.33251],[37.641543,48.333806],[37.644739,48.333403],[37.64516,48.333349],[37.644739,48.332584],[37.644508,48.332164],[37.641409,48.33251]]]}},{"type":"Feature","properties":{"cadnum":"1422485500:05:000:0006"},"geometry":{"type":"Polygon","coordinates":[[[37.639958,48.334006],[37.640005,48.334445],[37.640084,48.335171],[37.640111,48.335167],[37.641099,48.335042],[37.644739,48.334584],[37.645766,48.334454],[37.645732,48.334391],[37.64516,48.333349],[37.644567,48.333424],[37.644567,48.333425],[37.641543,48.333806],[37.640956,48.333881],[37.639968,48.334006],[37.639967,48.334006],[37.639958,48.334006]]]}},{"type":"Feature","properties":{"cadnum":"1422485500:18:000:0005"},"geometry":{"type":"Polygon","coordinates":[[[37.639612,48.33028],[37.639656,48.330679],[37.639655,48.330679],[37.639752,48.331546],[37.640654,48.331441],[37.644567,48.330988],[37.644567,48.330989],[37.644706,48.330972],[37.644683,48.330679],[37.644682,48.330679],[37.644608,48.329703],[37.640497,48.330178],[37.639612,48.33028]]]}},{"type":"Feature","properties":{"cadnum":"1422485500:18:000:0065"},"geometry":{"type":"Polygon","coordinates":[[[37.640524,48.332382],[37.640605,48.332436],[37.641023,48.332376],[37.643673,48.332089],[37.644567,48.331988],[37.644567,48.331989],[37.64609,48.331818],[37.64874,48.331531],[37.650061,48.331386],[37.650061,48.331387],[37.650218,48.331369],[37.650232,48.331368],[37.652862,48.331065],[37.655502,48.330761],[37.655508,48.33076],[37.655554,48.330755],[37.655554,48.330756],[37.655664,48.330743],[37.655725,48.330736],[37.655726,48.330736],[37.656172,48.330684],[37.65668,48.330626],[37.656609,48.33051],[37.655554,48.330633],[37.655156,48.330679],[37.655151,48.330679],[37.654261,48.330783],[37.65417,48.330793],[37.653963,48.330817],[37.651323,48.331125],[37.650061,48.331272],[37.646031,48.33174],[37.644567,48.33191],[37.644567,48.331911],[37.64339,48.332047],[37.641019,48.332322],[37.640524,48.332382]]]}},{"type":"Feature","properties":{"cadnum":"1422485500:18:000:0006"},"geometry":{"type":"Polygon","coordinates":[[[37.639752,48.331546],[37.639845,48.332414],[37.644567,48.331864],[37.644567,48.331865],[37.644728,48.331846],[37.644739,48.331844],[37.644769,48.331841],[37.644706,48.330972],[37.639752,48.331546]],[[37.640048,48.331871],[37.640053,48.331647],[37.640321,48.331647],[37.640322,48.331647],[37.640318,48.331874],[37.640317,48.331874],[37.640048,48.331871]]]}},{"type":"Feature","properties":{"cadnum":"1422485500:05:000:0001"},"geometry":{"type":"Polygon","coordinates":[[[37.639819,48.33269],[37.639958,48.334006],[37.641543,48.333806],[37.641409,48.33251],[37.639819,48.33269]]]}},{"type":"Feature","properties":{"cadnum":"1422485500:05:000:0008"},"geometry":{"type":"Polygon","coordinates":[[[37.644576,48.332155],[37.644739,48.332453],[37.645424,48.333702],[37.646319,48.3336],[37.646166,48.331978],[37.644576,48.332155]]]}},{"type":"Feature","properties":{"cadnum":"1422485500:20:000:0002"},"geometry":{"type":"Polygon","coordinates":[[[37.629511,48.32049],[37.629583,48.321222],[37.633581,48.320277],[37.635815,48.319748],[37.638063,48.319217],[37.637969,48.318488],[37.633753,48.319487],[37.633753,48.319486],[37.632757,48.319722],[37.632755,48.319722],[37.629511,48.32049]]]}},{"type":"Feature","properties":{"cadnum":"1422485500:20:000:0001"},"geometry":{"type":"Polygon","coordinates":[[[37.629583,48.321222],[37.629654,48.321971],[37.633753,48.320998],[37.633753,48.320997],[37.638153,48.319952],[37.638125,48.319722],[37.638124,48.319722],[37.638063,48.319217],[37.635927,48.319722],[37.635815,48.319748],[37.635444,48.319836],[37.633753,48.320237],[37.633753,48.320236],[37.629583,48.321222]]]}},{"type":"Feature","properties":{"cadnum":"1422485500:20:000:0006"},"geometry":{"type":"Polygon","coordinates":[[[37.629219,48.317536],[37.629295,48.318313],[37.633753,48.31726],[37.633753,48.317259],[37.6377,48.316326],[37.637673,48.31612],[37.6376,48.315555],[37.634942,48.316183],[37.634944,48.316183],[37.633753,48.316465],[37.629219,48.317536]]]}},{"type":"Feature","properties":{"cadnum":"1422485500:20:000:0003"},"geometry":{"type":"Polygon","coordinates":[[[37.629438,48.31977],[37.629444,48.319836],[37.629445,48.319836],[37.629511,48.32049],[37.632273,48.319836],[37.632274,48.319836],[37.633581,48.319527],[37.637969,48.318488],[37.637879,48.317775],[37.633753,48.318751],[37.629642,48.319722],[37.629641,48.319722],[37.629439,48.31977],[37.629438,48.31977]]]}},{"type":"Feature","properties":{"cadnum":"1422485500:20:000:0005"},"geometry":{"type":"Polygon","coordinates":[[[37.629295,48.318313],[37.629367,48.319059],[37.633753,48.318023],[37.633753,48.318022],[37.637794,48.317067],[37.6377,48.316326],[37.633581,48.3173],[37.629295,48.318313]]]}},{"type":"Feature","properties":{"cadnum":"1422485500:19:000:0033"},"geometry":{"type":"Polygon","coordinates":[[[37.638683,48.319713],[37.638684,48.319722],[37.638684,48.319725],[37.638701,48.319836],[37.638702,48.319836],[37.638912,48.321147],[37.639074,48.321119],[37.644504,48.320164],[37.644225,48.319836],[37.644226,48.319836],[37.643807,48.319343],[37.643098,48.318937],[37.639074,48.319644],[37.639074,48.319645],[37.638683,48.319713]],[[37.639325,48.32029],[37.639595,48.32029],[37.639595,48.320516],[37.639325,48.320514],[37.639325,48.32029]]]}},{"type":"Feature","properties":{"cadnum":"1422485500:19:000:0032"},"geometry":{"type":"Polygon","coordinates":[[[37.638157,48.316449],[37.638683,48.319713],[37.639246,48.319615],[37.639246,48.319614],[37.643098,48.318937],[37.640205,48.317279],[37.639184,48.316866],[37.638157,48.316449]],[[37.639073,48.317258],[37.639074,48.317203],[37.639074,48.317202],[37.639078,48.317034],[37.639348,48.317034],[37.639343,48.317261],[37.639342,48.317261],[37.639233,48.31726],[37.639073,48.317258]]]}},{"type":"Feature","properties":{"cadnum":"1422485500:19:000:0045"},"geometry":{"type":"Polygon","coordinates":[[[37.638094,48.316013],[37.638118,48.316183],[37.638119,48.316183],[37.638157,48.316449],[37.639074,48.316821],[37.639074,48.316822],[37.639184,48.316866],[37.639246,48.316891],[37.640205,48.317279],[37.640906,48.317682],[37.641769,48.317527],[37.640664,48.316921],[37.639162,48.31639],[37.638575,48.316183],[37.638094,48.316013]]]}},{"type":"Feature","properties":{"cadnum":"1422485500:19:000:0054"},"geometry":{"type":"Polygon","coordinates":[[[37.636837,48.309497],[37.636895,48.309955],[37.636998,48.31075],[37.637088,48.311463],[37.637169,48.31212],[37.637206,48.312416],[37.637211,48.312455],[37.637221,48.31253],[37.63725,48.312751],[37.637327,48.313384],[37.637417,48.314083],[37.637444,48.31431],[37.637461,48.314445],[37.637507,48.314806],[37.6376,48.315555],[37.637666,48.316069],[37.637673,48.31612],[37.637681,48.316183],[37.6377,48.316326],[37.637794,48.317067],[37.637879,48.317775],[37.637969,48.318488],[37.638063,48.319217],[37.638138,48.319836],[37.638139,48.319836],[37.638153,48.319952],[37.638247,48.320699],[37.638346,48.321461],[37.63844,48.32224],[37.638543,48.323044],[37.639115,48.322411],[37.638912,48.321147],[37.638684,48.319725],[37.638683,48.319713],[37.638157,48.316449],[37.638102,48.316069],[37.638094,48.316013],[37.638063,48.315792],[37.638036,48.31555],[37.637914,48.314486],[37.637784,48.313396],[37.637683,48.31253],[37.637684,48.31253],[37.637658,48.312306],[37.637533,48.311204],[37.637299,48.309178],[37.636837,48.309497]]]}},{"type":"Feature","properties":{"cadnum":"1422485500:20:000:0007"},"geometry":{"type":"Polygon","coordinates":[[[37.629147,48.316783],[37.629219,48.317536],[37.633581,48.316505],[37.633581,48.316506],[37.635427,48.316069],[37.635426,48.316069],[37.6376,48.315555],[37.637507,48.314806],[37.633753,48.315695],[37.633753,48.315694],[37.632168,48.316069],[37.632166,48.316069],[37.629147,48.316783]]]}},{"type":"Feature","properties":{"cadnum":"1422485500:20:000:0004"},"geometry":{"type":"Polygon","coordinates":[[[37.629367,48.319059],[37.629438,48.31977],[37.633581,48.318791],[37.633581,48.318792],[37.637879,48.317775],[37.637794,48.317067],[37.633581,48.318063],[37.633581,48.318064],[37.629367,48.319059]]]}},{"type":"Feature","properties":{"cadnum":"1422485500:51:000:0036"},"geometry":{"type":"Polygon","coordinates":[[[37.698753,48.312482],[37.698803,48.31253],[37.698804,48.31253],[37.699377,48.313077],[37.699499,48.313031],[37.699586,48.312998],[37.699671,48.312967],[37.700209,48.312765],[37.700635,48.312548],[37.700592,48.312507],[37.699975,48.311914],[37.699499,48.312136],[37.698896,48.312416],[37.698894,48.312416],[37.698753,48.312482]]]}},{"type":"Feature","properties":{"cadnum":"1422485500:51:000:0040"},"geometry":{"type":"Polygon","coordinates":[[[37.704075,48.310008],[37.704637,48.310544],[37.705164,48.31028],[37.705849,48.309937],[37.70527,48.309381],[37.705148,48.309459],[37.704853,48.309647],[37.704377,48.309868],[37.704075,48.310008]]]}},{"type":"Feature","properties":{"cadnum":"1422485500:51:000:0034"},"geometry":{"type":"Polygon","coordinates":[[[37.697549,48.309202],[37.699436,48.309262],[37.699499,48.309112],[37.699626,48.30881],[37.699671,48.308703],[37.699671,48.308702],[37.69971,48.308611],[37.699499,48.308604],[37.699499,48.308605],[37.697738,48.308551],[37.697643,48.308876],[37.697643,48.308877],[37.697549,48.309202]]]}},{"type":"Feature","properties":{"cadnum":"1422485500:51:000:0002"},"geometry":{"type":"Polygon","coordinates":[[[37.699167,48.309889],[37.699499,48.309909],[37.703748,48.310161],[37.704075,48.310008],[37.704377,48.309868],[37.704853,48.309647],[37.704992,48.309558],[37.704992,48.309559],[37.705148,48.309459],[37.705164,48.309449],[37.70527,48.309381],[37.705904,48.308978],[37.705164,48.308935],[37.705164,48.308934],[37.704189,48.308877],[37.704189,48.308876],[37.69971,48.308611],[37.699645,48.308762],[37.699636,48.308784],[37.699597,48.308876],[37.699597,48.308877],[37.699436,48.309262],[37.699167,48.309889]]]}},{"type":"Feature","properties":{"cadnum":"1422485500:51:000:0001"},"geometry":{"type":"Polygon","coordinates":[[[37.697249,48.312661],[37.698124,48.312774],[37.698125,48.312774],[37.698743,48.312487],[37.698748,48.312484],[37.699671,48.312056],[37.699975,48.311914],[37.701327,48.311284],[37.702742,48.310626],[37.703748,48.310161],[37.699671,48.30992],[37.699671,48.309919],[37.699167,48.309889],[37.699077,48.310101],[37.698685,48.311012],[37.698591,48.31112],[37.697962,48.311842],[37.697715,48.312123],[37.697461,48.312416],[37.697443,48.312437],[37.697361,48.31253],[37.697362,48.31253],[37.697249,48.312661]]]}},{"type":"Feature","properties":{"cadnum":"1422485500:50:000:0005"},"geometry":{"type":"Polygon","coordinates":[[[37.701597,48.31224],[37.701892,48.312416],[37.701922,48.312434],[37.702083,48.31253],[37.702084,48.31253],[37.704992,48.314259],[37.706331,48.315054],[37.707803,48.314271],[37.705164,48.312702],[37.704874,48.31253],[37.703105,48.311478],[37.701597,48.31224]]]}},{"type":"Feature","properties":{"cadnum":"1422485500:51:000:0039"},"geometry":{"type":"Polygon","coordinates":[[[37.702737,48.31063],[37.703325,48.311195],[37.704637,48.310544],[37.704075,48.310008],[37.702737,48.31063]]]}},{"type":"Feature","properties":{"cadnum":"1422485500:50:000:0003"},"geometry":{"type":"Polygon","coordinates":[[[37.703105,48.311478],[37.704682,48.312416],[37.704681,48.312416],[37.704992,48.3126],[37.707803,48.314271],[37.709281,48.313491],[37.710657,48.312762],[37.710657,48.312761],[37.71075,48.312712],[37.710531,48.312582],[37.710442,48.31253],[37.710443,48.31253],[37.709708,48.312094],[37.706119,48.30996],[37.705077,48.310487],[37.704619,48.310717],[37.703105,48.311478]]]}},{"type":"Feature","properties":{"cadnum":"1422485500:51:000:0038"},"geometry":{"type":"Polygon","coordinates":[[[37.701335,48.311281],[37.70196,48.311879],[37.702096,48.31181],[37.703325,48.311195],[37.702737,48.31063],[37.701335,48.311281]]]}},{"type":"Feature","properties":{"cadnum":"1422485500:51:000:0037"},"geometry":{"type":"Polygon","coordinates":[[[37.699975,48.311914],[37.700497,48.312416],[37.700592,48.312507],[37.700616,48.31253],[37.700635,48.312548],[37.700724,48.312503],[37.70196,48.311879],[37.701335,48.311281],[37.699975,48.311914]]]}},{"type":"Feature","properties":{"cadnum":"1422485500:50:000:0006"},"geometry":{"type":"Polygon","coordinates":[[[37.700078,48.312966],[37.70488,48.315821],[37.704992,48.315762],[37.706331,48.315054],[37.705164,48.314361],[37.701922,48.312434],[37.701597,48.31224],[37.701249,48.312416],[37.701248,48.312416],[37.700379,48.312855],[37.700078,48.312966]]]}},{"type":"Feature","properties":{"cadnum":"1422485500:12:000:0011"},"geometry":{"type":"Polygon","coordinates":[[[37.720066,48.328018],[37.721643,48.328169],[37.721644,48.328169],[37.725187,48.328505],[37.726965,48.328674],[37.730347,48.328992],[37.730598,48.327732],[37.727137,48.327405],[37.725455,48.327245],[37.725455,48.327237],[37.723238,48.327027],[37.723237,48.327027],[37.721644,48.326876],[37.721643,48.326876],[37.720335,48.326752],[37.720276,48.327027],[37.720256,48.327121],[37.720251,48.327141],[37.720066,48.328018]]]}},{"type":"Feature","properties":{"cadnum":"1422485500:12:000:0010"},"geometry":{"type":"Polygon","coordinates":[[[37.720434,48.32684],[37.721472,48.326941],[37.721472,48.326942],[37.72351,48.327141],[37.72555,48.327341],[37.725618,48.327027],[37.725824,48.32609],[37.725828,48.326075],[37.721472,48.325648],[37.720713,48.325573],[37.720434,48.32684]]]}},{"type":"Feature","properties":{"cadnum":"1422485500:12:000:0009"},"geometry":{"type":"Polygon","coordinates":[[[37.720713,48.325573],[37.721643,48.325664],[37.721644,48.325664],[37.725828,48.326075],[37.726103,48.324824],[37.726107,48.324808],[37.721472,48.324354],[37.72099,48.324306],[37.720713,48.325573]]]}},{"type":"Feature","properties":{"cadnum":"1422485500:49:000:0099"},"geometry":{"type":"Polygon","coordinates":[[[37.717698,48.328159],[37.719189,48.328299],[37.719231,48.3281],[37.717923,48.327909],[37.717941,48.327819],[37.717816,48.327807],[37.717998,48.327141],[37.7183,48.326045],[37.718786,48.324286],[37.719036,48.323375],[37.719036,48.323374],[37.719189,48.322823],[37.719671,48.321063],[37.720039,48.319722],[37.720155,48.319305],[37.72064,48.317545],[37.721014,48.316183],[37.721099,48.315878],[37.721287,48.315194],[37.721059,48.315451],[37.720955,48.315825],[37.720888,48.316069],[37.720887,48.316069],[37.72047,48.317587],[37.719985,48.319346],[37.719849,48.319836],[37.71985,48.319836],[37.719675,48.320478],[37.719176,48.322237],[37.718853,48.323374],[37.718853,48.323375],[37.718845,48.323405],[37.71882,48.323489],[37.718821,48.323489],[37.718507,48.324596],[37.71804,48.326362],[37.717876,48.327141],[37.717877,48.327141],[37.71787,48.327179],[37.717721,48.32804],[37.717698,48.328159]]]}},{"type":"Feature","properties":{"cadnum":"1422485500:49:000:0026"},"geometry":{"type":"Polygon","coordinates":[[[37.716742,48.324381],[37.718444,48.324587],[37.718695,48.323489],[37.718696,48.323489],[37.719396,48.320442],[37.71786,48.320269],[37.717016,48.323374],[37.717016,48.323375],[37.717015,48.323375],[37.716742,48.324381]]]}},{"type":"Feature","properties":{"cadnum":"1422485500:49:000:0021"},"geometry":{"type":"Polygon","coordinates":[[[37.715407,48.327762],[37.715979,48.327831],[37.717721,48.32804],[37.71787,48.327179],[37.717101,48.327027],[37.716531,48.326914],[37.716728,48.32611],[37.71804,48.326362],[37.718444,48.324587],[37.716742,48.324381],[37.716342,48.324334],[37.716116,48.325163],[37.715607,48.327027],[37.715407,48.327762]]]}},{"type":"Feature","properties":{"cadnum":"1422485500:49:000:0001"},"geometry":{"type":"Polygon","coordinates":[[[37.717816,48.327807],[37.719266,48.327944],[37.719436,48.327141],[37.720237,48.323375],[37.720236,48.323375],[37.720236,48.323374],[37.720331,48.322933],[37.719189,48.322823],[37.719037,48.323374],[37.719037,48.323375],[37.719036,48.323375],[37.717998,48.327141],[37.717999,48.327141],[37.717816,48.327807]]]}},{"type":"Feature","properties":{"cadnum":"1422485500:49:000:0022"},"geometry":{"type":"Polygon","coordinates":[[[37.713539,48.327535],[37.715407,48.327762],[37.715576,48.327141],[37.715978,48.325667],[37.715979,48.325667],[37.716116,48.325163],[37.71615,48.325038],[37.71615,48.325037],[37.716342,48.324334],[37.71615,48.324311],[37.715008,48.324173],[37.714474,48.324107],[37.713678,48.327027],[37.713677,48.327027],[37.713539,48.327535]]]}},{"type":"Feature","properties":{"cadnum":"1422485500:49:000:0062"},"geometry":{"type":"Polygon","coordinates":[[[37.715008,48.324173],[37.715979,48.32429],[37.716342,48.324334],[37.716742,48.324381],[37.716984,48.323489],[37.71786,48.320269],[37.716126,48.320075],[37.715225,48.323374],[37.715225,48.323375],[37.715008,48.324173]]]}},{"type":"Feature","properties":{"cadnum":"1422485500:12:000:0008"},"geometry":{"type":"Polygon","coordinates":[[[37.72099,48.324306],[37.721643,48.324371],[37.721644,48.324371],[37.726107,48.324808],[37.726386,48.323557],[37.726386,48.323542],[37.724677,48.323375],[37.724675,48.323375],[37.721586,48.323072],[37.721269,48.32304],[37.72117,48.323489],[37.72099,48.324306]]]}},{"type":"Feature","properties":{"cadnum":"1422485500:58:000:0006"},"geometry":{"type":"Polygon","coordinates":[[[37.700949,48.277788],[37.702329,48.277197],[37.703052,48.276883],[37.703717,48.276626],[37.704952,48.276051],[37.704992,48.276026],[37.705023,48.276007],[37.705164,48.275919],[37.705415,48.275762],[37.706025,48.275403],[37.707251,48.274488],[37.704992,48.274346],[37.70474,48.27433],[37.70153,48.273983],[37.701241,48.275869],[37.701232,48.275928],[37.701224,48.275984],[37.700949,48.277788]]]}},{"type":"Feature","properties":{"cadnum":"1422485500:27:000:0087"},"geometry":{"type":"Polygon","coordinates":[[[37.629232,48.285369],[37.629287,48.285527],[37.629632,48.286528],[37.629736,48.286836],[37.62974,48.286847],[37.629775,48.28695],[37.629776,48.28695],[37.629817,48.287069],[37.633581,48.286934],[37.636304,48.286836],[37.637124,48.286807],[37.636415,48.285198],[37.633753,48.285262],[37.629232,48.285369]]]}},{"type":"Feature","properties":{"cadnum":"1422485500:27:000:0017"},"geometry":{"type":"Polygon","coordinates":[[[37.636589,48.282742],[37.636728,48.283181],[37.636727,48.283181],[37.636756,48.283267],[37.63692,48.283238],[37.636935,48.283235],[37.636878,48.282795],[37.639019,48.282724],[37.639158,48.283181],[37.639157,48.283181],[37.639246,48.283471],[37.639258,48.28351],[37.639262,48.283519],[37.640902,48.283241],[37.640902,48.28324],[37.640511,48.282212],[37.639181,48.282392],[37.636589,48.282742]]]}},{"type":"Feature","properties":{"cadnum":"1422485500:27:000:0100"},"geometry":{"type":"Polygon","coordinates":[[[37.637002,48.285506],[37.637155,48.285835],[37.637358,48.286367],[37.639073,48.286011],[37.639069,48.285919],[37.639074,48.285916],[37.640241,48.285237],[37.640134,48.284884],[37.639246,48.285059],[37.63884,48.285139],[37.637002,48.285506]]]}},{"type":"Feature","properties":{"cadnum":"1422485500:27:000:0089"},"geometry":{"type":"Polygon","coordinates":[[[37.635759,48.283441],[37.635979,48.284053],[37.639074,48.28355],[37.639262,48.283519],[37.63916,48.283181],[37.639159,48.283181],[37.639019,48.282724],[37.636878,48.282795],[37.636928,48.283181],[37.636927,48.283181],[37.636935,48.283235],[37.63692,48.283238],[37.636756,48.283267],[37.636754,48.283268],[37.636596,48.283295],[37.635759,48.283441]]]}},{"type":"Feature","properties":{"cadnum":"1422485500:27:000:0093"},"geometry":{"type":"Polygon","coordinates":[[[37.628968,48.284607],[37.629232,48.285369],[37.631025,48.285327],[37.633581,48.285268],[37.633719,48.285264],[37.633753,48.285264],[37.636415,48.285198],[37.636082,48.284451],[37.633718,48.284501],[37.633392,48.284508],[37.630696,48.284567],[37.628968,48.284607]]]}},{"type":"Feature","properties":{"cadnum":"1422485500:27:000:0097"},"geometry":{"type":"Polygon","coordinates":[[[37.623821,48.284675],[37.626497,48.284634],[37.628088,48.284609],[37.628147,48.284608],[37.62826,48.284607],[37.629178,48.284592],[37.630792,48.284567],[37.633473,48.28449],[37.633581,48.284487],[37.635929,48.284418],[37.636019,48.28429],[37.633753,48.28434],[37.633753,48.284339],[37.631312,48.284392],[37.628635,48.284457],[37.628228,48.284467],[37.625954,48.284526],[37.623897,48.284576],[37.623821,48.284675]]]}},{"type":"Feature","properties":{"cadnum":"1422485500:27:000:0096"},"geometry":{"type":"Polygon","coordinates":[[[37.631222,48.2842],[37.631299,48.284346],[37.633581,48.284289],[37.633675,48.284286],[37.633753,48.284285],[37.636046,48.28423],[37.636285,48.284251],[37.636279,48.284102],[37.635996,48.284107],[37.634937,48.284206],[37.634165,48.284144],[37.633581,48.284155],[37.633581,48.284156],[37.632664,48.284173],[37.631222,48.2842]]]}},{"type":"Feature","properties":{"cadnum":"1422485500:27:000:0084"},"geometry":{"type":"Polygon","coordinates":[[[37.629817,48.287069],[37.62996,48.287485],[37.630157,48.288061],[37.633581,48.287939],[37.637564,48.287795],[37.637187,48.28695],[37.637124,48.286807],[37.633581,48.286933],[37.633581,48.286934],[37.629817,48.287069]]]}},{"type":"Feature","properties":{"cadnum":"1422485500:27:000:0094"},"geometry":{"type":"Polygon","coordinates":[[[37.636465,48.284601],[37.637182,48.286322],[37.63743,48.28695],[37.637431,48.28695],[37.63787,48.288056],[37.63826,48.289111],[37.638427,48.28908],[37.637816,48.287574],[37.637578,48.28695],[37.637579,48.28695],[37.637155,48.285835],[37.636486,48.28437],[37.636465,48.284601]]]}},{"type":"Feature","properties":{"cadnum":"1422485500:27:000:0091"},"geometry":{"type":"Polygon","coordinates":[[[37.628496,48.28426],[37.631173,48.2842],[37.632664,48.284173],[37.633753,48.284153],[37.633753,48.284152],[37.634165,48.284144],[37.634167,48.283181],[37.634166,48.283181],[37.634169,48.282751],[37.633753,48.282719],[37.633753,48.282718],[37.632587,48.282628],[37.631379,48.283181],[37.631378,48.283181],[37.631268,48.283232],[37.631065,48.283295],[37.630077,48.283605],[37.628801,48.283922],[37.628509,48.284071],[37.628496,48.28426]]]}},{"type":"Feature","properties":{"cadnum":"1422485500:45:000:0006"},"geometry":{"type":"Polygon","coordinates":[[[37.724678,48.360103],[37.726516,48.360192],[37.726543,48.35995],[37.726677,48.358897],[37.726999,48.356351],[37.727,48.356351],[37.727023,48.356172],[37.725254,48.356115],[37.725234,48.356237],[37.725007,48.357712],[37.725105,48.357691],[37.725487,48.357685],[37.72581,48.357831],[37.725914,48.358037],[37.725873,48.358273],[37.725684,48.358455],[37.725374,48.358491],[37.725069,48.358476],[37.724917,48.358419],[37.724858,48.358828],[37.724711,48.359879],[37.724709,48.359887],[37.724708,48.359897],[37.724692,48.360001],[37.724693,48.360001],[37.724678,48.360103]],[[37.725384,48.359628],[37.725352,48.359628],[37.725352,48.359607],[37.725384,48.359607],[37.725384,48.359628]]]}},{"type":"Feature","properties":{"cadnum":"1422485500:44:000:0017"},"geometry":{"type":"Polygon","coordinates":[[[37.720654,48.35773],[37.721225,48.357793],[37.721643,48.357838],[37.721644,48.357838],[37.721826,48.357858],[37.722154,48.356237],[37.722153,48.356237],[37.722577,48.354154],[37.722011,48.354092],[37.721643,48.354052],[37.721413,48.354026],[37.720935,48.356351],[37.720936,48.356351],[37.720654,48.35773]]]}},{"type":"Feature","properties":{"cadnum":"1422485500:44:000:0023"},"geometry":{"type":"Polygon","coordinates":[[[37.72007,48.353835],[37.721472,48.353986],[37.721472,48.353987],[37.721845,48.354026],[37.722283,48.352701],[37.722917,48.350784],[37.722837,48.350647],[37.722917,48.350495],[37.722918,48.350495],[37.723192,48.350432],[37.721644,48.350262],[37.721643,48.350262],[37.721265,48.35022],[37.720482,48.352587],[37.72007,48.353835]]]}},{"type":"Feature","properties":{"cadnum":"1422485500:45:000:0007"},"geometry":{"type":"Polygon","coordinates":[[[37.726516,48.360192],[37.727137,48.360223],[37.727137,48.360222],[37.728164,48.360273],[37.728196,48.360001],[37.728628,48.356351],[37.728644,48.35622],[37.727023,48.356172],[37.727014,48.356237],[37.727013,48.356237],[37.726538,48.360001],[37.726539,48.360001],[37.726516,48.360192]]]}},{"type":"Feature","properties":{"cadnum":"1422485500:44:000:0018"},"geometry":{"type":"Polygon","coordinates":[[[37.721826,48.357858],[37.723129,48.358001],[37.723349,48.356237],[37.723596,48.354265],[37.722577,48.354154],[37.72213,48.356351],[37.722131,48.356351],[37.721826,48.357858]]]}},{"type":"Feature","properties":{"cadnum":"1422485500:44:000:0024"},"geometry":{"type":"Polygon","coordinates":[[[37.721845,48.354026],[37.723663,48.354238],[37.724154,48.352701],[37.724822,48.350614],[37.723327,48.350441],[37.723403,48.350483],[37.723416,48.350614],[37.723273,48.350787],[37.722917,48.350784],[37.722321,48.352587],[37.721845,48.354026]]]}},{"type":"Feature","properties":{"cadnum":"1422485500:45:000:0011"},"geometry":{"type":"Polygon","coordinates":[[[37.723579,48.356019],[37.725105,48.356068],[37.726215,48.352695],[37.726319,48.352382],[37.724517,48.352226],[37.724398,48.352587],[37.724379,48.352643],[37.724361,48.352701],[37.723839,48.354291],[37.723579,48.356019]]]}},{"type":"Feature","properties":{"cadnum":"1422485500:45:000:0005"},"geometry":{"type":"Polygon","coordinates":[[[37.722967,48.360013],[37.724678,48.360103],[37.724708,48.359897],[37.724711,48.359879],[37.724858,48.358828],[37.724917,48.358419],[37.724804,48.358344],[37.724682,48.358123],[37.724759,48.357912],[37.724858,48.357771],[37.725007,48.357712],[37.725216,48.356351],[37.725254,48.356115],[37.723573,48.356064],[37.723547,48.356237],[37.723546,48.356237],[37.72316,48.35876],[37.722999,48.35981],[37.722987,48.359887],[37.722986,48.359887],[37.722974,48.359969],[37.722968,48.360001],[37.722969,48.360001],[37.722967,48.360013]]]}},{"type":"Feature","properties":{"cadnum":"1422485500:08:000:0008"},"geometry":{"type":"Polygon","coordinates":[[[37.656717,48.327565],[37.65678,48.328452],[37.661047,48.328271],[37.661047,48.328272],[37.664936,48.328106],[37.664864,48.327219],[37.661047,48.327381],[37.656717,48.327565]]]}},{"type":"Feature","properties":{"cadnum":"1422485500:18:000:0013"},"geometry":{"type":"Polygon","coordinates":[[[37.649866,48.32907],[37.649939,48.330001],[37.649948,48.33013],[37.650061,48.330117],[37.65015,48.330107],[37.650232,48.330098],[37.655725,48.329463],[37.655726,48.329463],[37.65651,48.329372],[37.65643,48.328312],[37.655554,48.328413],[37.655554,48.328414],[37.650061,48.329047],[37.649866,48.32907]]]}},{"type":"Feature","properties":{"cadnum":"1422485500:18:000:0012"},"geometry":{"type":"Polygon","coordinates":[[[37.649948,48.33013],[37.649988,48.330679],[37.649987,48.330679],[37.650028,48.331229],[37.650061,48.331226],[37.650094,48.331222],[37.650232,48.331206],[37.65377,48.330793],[37.655725,48.330566],[37.655726,48.330566],[37.655726,48.330565],[37.656595,48.330464],[37.656514,48.329372],[37.655554,48.329483],[37.655554,48.329484],[37.650156,48.330106],[37.649948,48.33013]]]}},{"type":"Feature","properties":{"cadnum":"1422485500:08:000:0006"},"geometry":{"type":"Polygon","coordinates":[[[37.656847,48.329335],[37.656914,48.33022],[37.661219,48.330039],[37.663076,48.32996],[37.66507,48.329877],[37.665003,48.328989],[37.661047,48.329158],[37.656847,48.329335]]]}},{"type":"Feature","properties":{"cadnum":"1422485500:18:000:0014"},"geometry":{"type":"Polygon","coordinates":[[[37.649791,48.328082],[37.649845,48.32878],[37.649866,48.32907],[37.650232,48.329028],[37.655725,48.328394],[37.655726,48.328394],[37.656434,48.328312],[37.656357,48.327323],[37.655726,48.327397],[37.655725,48.327397],[37.655725,48.327396],[37.650232,48.328032],[37.650232,48.328031],[37.649791,48.328082]]]}},{"type":"Feature","properties":{"cadnum":"1422485500:08:000:0007"},"geometry":{"type":"Polygon","coordinates":[[[37.65678,48.328452],[37.656847,48.329335],[37.661219,48.329151],[37.665003,48.328989],[37.664936,48.328106],[37.661219,48.328264],[37.65678,48.328452]]]}},{"type":"Feature","properties":{"cadnum":"1422485500:08:000:0078"},"geometry":{"type":"Polygon","coordinates":[[[37.656223,48.323987],[37.656223,48.324516],[37.65638,48.326302],[37.656451,48.327141],[37.656533,48.328087],[37.656676,48.329849],[37.656883,48.329822],[37.656847,48.329335],[37.65678,48.328452],[37.656717,48.327565],[37.656675,48.327027],[37.65665,48.32669],[37.656649,48.32669],[37.656533,48.325755],[37.656447,48.324695],[37.656434,48.323963],[37.656223,48.323987]]]}},{"type":"Feature","properties":{"cadnum":"1422485500:08:000:0077"},"geometry":{"type":"Polygon","coordinates":[[[37.65678,48.329984],[37.656761,48.330229],[37.656802,48.330584],[37.656813,48.330679],[37.656812,48.330679],[37.656843,48.330942],[37.65699,48.332477],[37.657026,48.332854],[37.657085,48.333463],[37.657223,48.334009],[37.657462,48.333988],[37.657233,48.332713],[37.657004,48.331435],[37.657,48.331391],[37.656947,48.330679],[37.656914,48.33022],[37.656892,48.329942],[37.65678,48.329984]]]}},{"type":"Feature","properties":{"cadnum":"1422485500:18:000:0015"},"geometry":{"type":"Polygon","coordinates":[[[37.649719,48.327114],[37.64972,48.327141],[37.649721,48.327141],[37.64975,48.327559],[37.649791,48.328082],[37.650061,48.328051],[37.655554,48.327416],[37.655554,48.327417],[37.656357,48.327323],[37.656334,48.327027],[37.656285,48.326356],[37.655554,48.32644],[37.650477,48.327027],[37.650474,48.327027],[37.650061,48.327075],[37.649983,48.327084],[37.649719,48.327114]]]}},{"type":"Feature","properties":{"cadnum":"1422485500:12:000:0013"},"geometry":{"type":"Polygon","coordinates":[[[37.726264,48.323449],[37.726677,48.323489],[37.726965,48.323516],[37.731366,48.323934],[37.73148,48.323375],[37.73148,48.323374],[37.731627,48.322658],[37.727137,48.322234],[37.726533,48.322177],[37.726276,48.323374],[37.726276,48.323375],[37.726264,48.323434],[37.726264,48.323449]]]}},{"type":"Feature","properties":{"cadnum":"1422485500:12:000:0004"},"geometry":{"type":"Polygon","coordinates":[[[37.721688,48.320415],[37.725604,48.320786],[37.725784,48.319836],[37.725785,48.319836],[37.726273,48.317291],[37.724808,48.316556],[37.723887,48.316113],[37.722716,48.31555],[37.722606,48.316069],[37.722603,48.316086],[37.722582,48.316183],[37.722311,48.317476],[37.721834,48.319722],[37.721818,48.319799],[37.72181,48.319836],[37.721688,48.320415]]]}},{"type":"Feature","properties":{"cadnum":"1422485500:12:000:0006"},"geometry":{"type":"Polygon","coordinates":[[[37.721269,48.32304],[37.721472,48.32306],[37.721472,48.323061],[37.721586,48.323072],[37.721643,48.323078],[37.721644,48.323078],[37.721644,48.323077],[37.72584,48.323489],[37.726386,48.323542],[37.726422,48.323375],[37.726422,48.323374],[37.726663,48.322285],[37.726663,48.322276],[37.726946,48.32101],[37.725747,48.320893],[37.721831,48.320508],[37.721552,48.321774],[37.721269,48.32304]]]}},{"type":"Feature","properties":{"cadnum":"1422485500:12:000:0012"},"geometry":{"type":"Polygon","coordinates":[[[37.726663,48.322285],[37.726965,48.322314],[37.726965,48.322315],[37.731753,48.322783],[37.732018,48.321508],[37.727235,48.321036],[37.726989,48.321014],[37.726946,48.32101],[37.726663,48.322276],[37.726663,48.322285]]]}},{"type":"Feature","properties":{"cadnum":"1422485500:15:000:0008"},"geometry":{"type":"Polygon","coordinates":[[[37.679907,48.337099],[37.68001,48.337926],[37.681016,48.336959],[37.680944,48.336834],[37.679907,48.337099]]]}},{"type":"Feature","properties":{"cadnum":"1422485500:15:000:0062"},"geometry":{"type":"Polygon","coordinates":[[[37.670833,48.33458],[37.671364,48.335705],[37.672205,48.335672],[37.672205,48.335671],[37.677112,48.335475],[37.677698,48.33542],[37.677698,48.335419],[37.678452,48.335346],[37.678452,48.335347],[37.678829,48.336126],[37.680311,48.335749],[37.679633,48.334347],[37.679125,48.333292],[37.67863,48.333346],[37.677678,48.333492],[37.676551,48.333662],[37.675864,48.333768],[37.675863,48.333768],[37.675863,48.333767],[37.67577,48.333538],[37.67568,48.333549],[37.674795,48.333671],[37.674458,48.333717],[37.674508,48.333919],[37.673955,48.333974],[37.672985,48.334075],[37.672041,48.334171],[37.671755,48.334331],[37.671754,48.334331],[37.671701,48.334361],[37.671597,48.334388],[37.671538,48.334403],[37.671534,48.334404],[37.671371,48.334445],[37.670833,48.33458]],[[37.678181,48.334388],[37.678469,48.334335],[37.678416,48.334204],[37.67863,48.334164],[37.678685,48.334295],[37.679089,48.334221],[37.679139,48.334331],[37.679138,48.334331],[37.67915,48.334357],[37.679191,48.334445],[37.679192,48.334445],[37.679201,48.334466],[37.678123,48.334666],[37.678003,48.334421],[37.678181,48.334388]]]}},{"type":"Feature","properties":{"cadnum":"1422485500:15:000:0004"},"geometry":{"type":"Polygon","coordinates":[[[37.678829,48.336126],[37.679008,48.336541],[37.680544,48.33615],[37.680311,48.335749],[37.678829,48.336126]]]}},{"type":"Feature","properties":{"cadnum":"1422485500:15:000:0007"},"geometry":{"type":"Polygon","coordinates":[[[37.679255,48.337263],[37.67936,48.338097],[37.679361,48.338097],[37.679412,48.3385],[37.679914,48.338018],[37.68001,48.337926],[37.679907,48.337099],[37.679255,48.337263]]]}},{"type":"Feature","properties":{"cadnum":"1422485500:15:000:0005"},"geometry":{"type":"Polygon","coordinates":[[[37.679008,48.336541],[37.679165,48.336915],[37.680756,48.336508],[37.680544,48.33615],[37.679008,48.336541]]]}},{"type":"Feature","properties":{"cadnum":"1422485500:15:000:0045"},"geometry":{"type":"Polygon","coordinates":[[[37.678003,48.334421],[37.678013,48.334445],[37.678014,48.334445],[37.678123,48.334666],[37.679202,48.334466],[37.67915,48.334357],[37.679089,48.334221],[37.678685,48.334295],[37.67863,48.334164],[37.678416,48.334204],[37.678468,48.334331],[37.678467,48.334331],[37.678469,48.334334],[37.678469,48.334335],[37.678181,48.334388],[37.678003,48.334421]]]}},{"type":"Feature","properties":{"cadnum":"1422485500:15:000:0010"},"geometry":{"type":"Polygon","coordinates":[[[37.681115,48.334558],[37.681259,48.334887],[37.682247,48.334717],[37.682282,48.33483],[37.68306,48.334487],[37.682939,48.334331],[37.682605,48.333896],[37.681369,48.334445],[37.681115,48.334558]]]}},{"type":"Feature","properties":{"cadnum":"1422485500:15:000:0006"},"geometry":{"type":"Polygon","coordinates":[[[37.679165,48.336915],[37.679228,48.337057],[37.679255,48.337263],[37.679907,48.337099],[37.680944,48.336834],[37.680756,48.336508],[37.679165,48.336915]]]}},{"type":"Feature","properties":{"cadnum":"1422485500:33:000:0033"},"geometry":{"type":"Polygon","coordinates":[[[37.660022,48.296513],[37.660053,48.296686],[37.661047,48.297221],[37.661135,48.297269],[37.661055,48.297708],[37.661219,48.297799],[37.66122,48.2978],[37.661841,48.298144],[37.663036,48.298823],[37.663292,48.299029],[37.664554,48.298252],[37.664087,48.297915],[37.661219,48.29584],[37.660984,48.29567],[37.660971,48.295679],[37.660022,48.296513]]]}},{"type":"Feature","properties":{"cadnum":"1422485500:31:000:0030"},"geometry":{"type":"Polygon","coordinates":[[[37.660984,48.29567],[37.661047,48.295715],[37.661047,48.295716],[37.663929,48.2978],[37.664554,48.298252],[37.665219,48.297843],[37.665435,48.297711],[37.666112,48.29729],[37.662613,48.294756],[37.662267,48.294929],[37.661188,48.295553],[37.660984,48.29567]]]}},{"type":"Feature","properties":{"cadnum":"1422485500:31:000:0044"},"geometry":{"type":"Polygon","coordinates":[[[37.649998,48.295016],[37.650061,48.295102],[37.65015,48.295224],[37.650232,48.295336],[37.650281,48.295401],[37.652336,48.295846],[37.652337,48.295846],[37.652917,48.296214],[37.653891,48.296656],[37.653891,48.296657],[37.653558,48.296991],[37.653707,48.297054],[37.653793,48.297146],[37.654233,48.297209],[37.654987,48.297538],[37.655725,48.29783],[37.655725,48.297829],[37.655726,48.297829],[37.655835,48.297873],[37.655908,48.297915],[37.656393,48.298195],[37.657368,48.298622],[37.657885,48.29881],[37.658162,48.298832],[37.6585,48.298965],[37.659017,48.299142],[37.659591,48.299085],[37.659806,48.298697],[37.660096,48.297839],[37.660246,48.297401],[37.660296,48.296814],[37.660053,48.296686],[37.66004,48.296599],[37.658638,48.296453],[37.658424,48.296143],[37.657283,48.296011],[37.657282,48.296011],[37.656568,48.295762],[37.655782,48.295311],[37.655554,48.295302],[37.655261,48.295291],[37.655261,48.29529],[37.654619,48.294932],[37.65448,48.294586],[37.654026,48.294236],[37.654023,48.294234],[37.653388,48.293913],[37.652598,48.293656],[37.651336,48.293554],[37.651394,48.293656],[37.651233,48.293722],[37.651088,48.293536],[37.650985,48.293527],[37.650265,48.294146],[37.650263,48.294146],[37.650069,48.294314],[37.649998,48.295016]]]}},{"type":"Feature","properties":{"cadnum":"1422485500:31:004:0004"},"geometry":{"type":"Polygon","coordinates":[[[37.675496,48.302623],[37.67603,48.302809],[37.677526,48.303077],[37.677526,48.303078],[37.677661,48.303101],[37.677858,48.30282],[37.677698,48.302785],[37.676236,48.302455],[37.67572,48.302315],[37.675496,48.302623]]]}},{"type":"Feature","properties":{"cadnum":"1422485500:53:000:0029"},"geometry":{"type":"Polygon","coordinates":[[[37.676152,48.304962],[37.677698,48.304944],[37.680396,48.304911],[37.680041,48.302823],[37.678267,48.302647],[37.67806,48.303717],[37.677698,48.303626],[37.676295,48.303272],[37.676156,48.304902],[37.676152,48.304962]]]}},{"type":"Feature","properties":{"cadnum":"1422485500:53:000:0027"},"geometry":{"type":"Polygon","coordinates":[[[37.675945,48.307358],[37.676466,48.307296],[37.677526,48.307088],[37.677957,48.307003],[37.679574,48.306555],[37.680378,48.306259],[37.680391,48.305223],[37.680396,48.304911],[37.677526,48.304946],[37.676152,48.304962],[37.676139,48.305108],[37.676139,48.305109],[37.676138,48.305109],[37.675945,48.307358]]]}},{"type":"Feature","properties":{"cadnum":"1422485500:53:000:0026"},"geometry":{"type":"Polygon","coordinates":[[[37.682898,48.303006],[37.682898,48.305688],[37.68302,48.305672],[37.683171,48.305651],[37.683191,48.305648],[37.683203,48.305646],[37.684511,48.305407],[37.684949,48.305223],[37.68645,48.304592],[37.68667,48.303301],[37.684825,48.303158],[37.683203,48.303029],[37.683191,48.303028],[37.682898,48.303006]]]}},{"type":"Feature","properties":{"cadnum":"1422485500:49:000:0096"},"geometry":{"type":"Polygon","coordinates":[[[37.681456,48.302892],[37.682898,48.303006],[37.68302,48.303015],[37.68302,48.303016],[37.683203,48.303029],[37.683351,48.301569],[37.683352,48.301569],[37.683716,48.298006],[37.68371,48.298006],[37.683191,48.298087],[37.681928,48.298282],[37.681603,48.301454],[37.681603,48.301455],[37.681602,48.301455],[37.681456,48.302892]]]}},{"type":"Feature","properties":{"cadnum":"1422485500:53:000:0035"},"geometry":{"type":"Polygon","coordinates":[[[37.678806,48.302701],[37.680041,48.302823],[37.681456,48.302892],[37.681599,48.301455],[37.681599,48.301454],[37.681636,48.301096],[37.681819,48.299304],[37.681923,48.298282],[37.681137,48.29832],[37.680984,48.298263],[37.67936,48.301569],[37.679305,48.301682],[37.678806,48.302701]]]}},{"type":"Feature","properties":{"cadnum":"1422485500:22:000:0011"},"geometry":{"type":"Polygon","coordinates":[[[37.611005,48.312404],[37.611014,48.312416],[37.611013,48.312416],[37.611446,48.312987],[37.61178,48.312919],[37.61178,48.312918],[37.613679,48.31253],[37.617273,48.311796],[37.617273,48.311795],[37.619306,48.311379],[37.618987,48.310961],[37.618867,48.310797],[37.617102,48.311158],[37.611609,48.312281],[37.611608,48.312281],[37.611005,48.312404]]]}},{"type":"Feature","properties":{"cadnum":"1422485500:22:000:0028"},"geometry":{"type":"Polygon","coordinates":[[[37.614617,48.306687],[37.61617,48.308762],[37.617102,48.310006],[37.617102,48.310007],[37.61724,48.31019],[37.617273,48.310184],[37.618632,48.309922],[37.617847,48.308877],[37.617847,48.308876],[37.617102,48.307881],[37.616001,48.306412],[37.614617,48.306687]]]}},{"type":"Feature","properties":{"cadnum":"1422485500:22:000:0036"},"geometry":{"type":"Polygon","coordinates":[[[37.610261,48.311541],[37.610507,48.311747],[37.611608,48.311538],[37.611609,48.311538],[37.617102,48.310493],[37.617102,48.310494],[37.618439,48.310238],[37.622595,48.30945],[37.622595,48.309451],[37.62615,48.308775],[37.626691,48.308673],[37.626214,48.308452],[37.626058,48.308482],[37.62462,48.308762],[37.624395,48.308806],[37.624387,48.308808],[37.624031,48.308876],[37.622827,48.309109],[37.622595,48.309155],[37.621404,48.309384],[37.620016,48.309652],[37.618632,48.309922],[37.61724,48.31019],[37.615852,48.31046],[37.614456,48.310728],[37.613058,48.311],[37.611661,48.311269],[37.610261,48.311541]]]}},{"type":"Feature","properties":{"cadnum":"1422485500:22:000:0027"},"geometry":{"type":"Polygon","coordinates":[[[37.613229,48.306961],[37.614578,48.308762],[37.615852,48.31046],[37.617102,48.310217],[37.617102,48.310218],[37.61724,48.31019],[37.616255,48.308877],[37.616255,48.308876],[37.614617,48.306687],[37.613229,48.306961]]]}},{"type":"Feature","properties":{"cadnum":"1422485500:22:000:0012"},"geometry":{"type":"Polygon","coordinates":[[[37.610525,48.311771],[37.611005,48.312404],[37.61178,48.312246],[37.617273,48.311123],[37.618867,48.310797],[37.618458,48.310263],[37.617273,48.310488],[37.61178,48.311533],[37.610525,48.311771]]]}},{"type":"Feature","properties":{"cadnum":"1422485500:22:000:0010"},"geometry":{"type":"Polygon","coordinates":[[[37.611446,48.312987],[37.61178,48.313429],[37.611886,48.313569],[37.617102,48.312503],[37.617525,48.312416],[37.617526,48.312416],[37.619746,48.311962],[37.619473,48.311603],[37.619306,48.311379],[37.617102,48.311831],[37.614238,48.312416],[37.614237,48.312416],[37.611609,48.312954],[37.611608,48.312954],[37.611446,48.312987]]]}},{"type":"Feature","properties":{"cadnum":"1422485500:22:000:0024"},"geometry":{"type":"Polygon","coordinates":[[[37.609056,48.307792],[37.609868,48.308876],[37.609869,48.308876],[37.611608,48.311199],[37.611609,48.311199],[37.611661,48.311269],[37.61178,48.311246],[37.613058,48.311],[37.61178,48.309293],[37.611762,48.309269],[37.611609,48.309064],[37.611608,48.309064],[37.611468,48.308877],[37.611468,48.308876],[37.610448,48.307513],[37.609056,48.307792]]]}},{"type":"Feature","properties":{"cadnum":"1422485500:22:000:0025"},"geometry":{"type":"Polygon","coordinates":[[[37.610448,48.307513],[37.611382,48.308762],[37.611762,48.309269],[37.613058,48.311],[37.614456,48.310728],[37.613068,48.308877],[37.613068,48.308876],[37.611841,48.307239],[37.611639,48.307279],[37.610448,48.307513]]]}},{"type":"Feature","properties":{"cadnum":"1422485500:22:000:0026"},"geometry":{"type":"Polygon","coordinates":[[[37.611841,48.307239],[37.612982,48.308762],[37.614456,48.310728],[37.615852,48.31046],[37.614664,48.308877],[37.614663,48.308877],[37.614664,48.308876],[37.613229,48.306961],[37.611841,48.307239]]]}},{"type":"Feature","properties":{"cadnum":"1422485500:54:000:0007"},"geometry":{"type":"Polygon","coordinates":[[[37.679238,48.27117],[37.679246,48.272046],[37.681865,48.272043],[37.681865,48.271164],[37.679238,48.27117]]]}},{"type":"Feature","properties":{"cadnum":"1422485500:54:000:0011"},"geometry":{"type":"Polygon","coordinates":[[[37.681861,48.270103],[37.681861,48.270291],[37.681865,48.271077],[37.68302,48.271089],[37.683134,48.271091],[37.683191,48.271091],[37.684156,48.271101],[37.68411,48.271039],[37.68411,48.271038],[37.684345,48.270581],[37.684398,48.270165],[37.684125,48.270168],[37.683958,48.270168],[37.683072,48.270141],[37.681861,48.270103]]]}},{"type":"Feature","properties":{"cadnum":"1422485500:33:000:0021"},"geometry":{"type":"Polygon","coordinates":[[[37.674135,48.271302],[37.677526,48.271677],[37.677526,48.271678],[37.679161,48.271858],[37.679156,48.269585],[37.677526,48.26977],[37.677526,48.269771],[37.674538,48.270108],[37.674135,48.271302]]]}},{"type":"Feature","properties":{"cadnum":"1422485500:54:000:0008"},"geometry":{"type":"Polygon","coordinates":[[[37.679228,48.270294],[37.679238,48.27117],[37.681865,48.271164],[37.681865,48.271077],[37.681861,48.270291],[37.679228,48.270294]]]}},{"type":"Feature","properties":{"cadnum":"1422485500:54:000:0006"},"geometry":{"type":"Polygon","coordinates":[[[37.679246,48.272046],[37.679247,48.272213],[37.679255,48.272925],[37.681869,48.272922],[37.681865,48.272213],[37.681865,48.272043],[37.679246,48.272046]]]}},{"type":"Feature","properties":{"cadnum":"1422485500:33:000:0015"},"geometry":{"type":"Polygon","coordinates":[[[37.673632,48.272785],[37.677698,48.273235],[37.679165,48.273397],[37.679161,48.272213],[37.679161,48.271858],[37.677698,48.271697],[37.677698,48.271696],[37.674135,48.271302],[37.673786,48.272327],[37.673786,48.272328],[37.673632,48.272784],[37.673632,48.272785]]]}},{"type":"Feature","properties":{"cadnum":"1422485500:54:000:0009"},"geometry":{"type":"Polygon","coordinates":[[[37.679224,48.26958],[37.679228,48.270294],[37.681861,48.270291],[37.681861,48.270103],[37.681856,48.269259],[37.679224,48.26958]]]}},{"type":"Feature","properties":{"cadnum":"1422485500:54:000:0013"},"geometry":{"type":"Polygon","coordinates":[[[37.681865,48.272327],[37.681866,48.272327],[37.681866,48.272328],[37.681869,48.272922],[37.681869,48.272979],[37.683191,48.273005],[37.683724,48.273015],[37.683993,48.272623],[37.684213,48.27262],[37.684461,48.272596],[37.684434,48.272273],[37.684416,48.272043],[37.68302,48.272015],[37.681865,48.271992],[37.681865,48.272327]]]}},{"type":"Feature","properties":{"cadnum":"1422485500:26:000:0052"},"geometry":{"type":"Polygon","coordinates":[[[37.610458,48.277278],[37.610999,48.279525],[37.610998,48.279525],[37.611738,48.282592],[37.611836,48.283001],[37.612892,48.282888],[37.612085,48.279525],[37.612084,48.279525],[37.61178,48.278257],[37.61178,48.278256],[37.611513,48.277143],[37.610655,48.277245],[37.610458,48.277278]]]}},{"type":"Feature","properties":{"cadnum":"1422485500:26:000:0059"},"geometry":{"type":"Polygon","coordinates":[[[37.612582,48.277014],[37.613185,48.279525],[37.613184,48.279525],[37.613966,48.282775],[37.615048,48.282658],[37.614295,48.279525],[37.614294,48.279525],[37.61366,48.276886],[37.612582,48.277014]]]}},{"type":"Feature","properties":{"cadnum":"1422485500:26:000:0053"},"geometry":{"type":"Polygon","coordinates":[[[37.611513,48.277143],[37.611609,48.27754],[37.612111,48.279639],[37.612112,48.279639],[37.612892,48.282888],[37.613966,48.282775],[37.613212,48.27964],[37.613212,48.279639],[37.612582,48.277014],[37.611719,48.277119],[37.611513,48.277143]]]}},{"type":"Feature","properties":{"cadnum":"1422485500:26:000:0060"},"geometry":{"type":"Polygon","coordinates":[[[37.61366,48.276886],[37.614322,48.279639],[37.615048,48.282658],[37.616127,48.282544],[37.615426,48.27964],[37.615426,48.279639],[37.615427,48.279639],[37.614733,48.276757],[37.61366,48.276886]]]}},{"type":"Feature","properties":{"cadnum":"1422485500:26:000:0024"},"geometry":{"type":"Polygon","coordinates":[[[37.614932,48.277385],[37.615246,48.278674],[37.617102,48.278429],[37.619976,48.278049],[37.61966,48.276766],[37.617102,48.277101],[37.614932,48.277385]]]}},{"type":"Feature","properties":{"cadnum":"1422485500:26:000:0025"},"geometry":{"type":"Polygon","coordinates":[[[37.615246,48.278674],[37.615479,48.279639],[37.61548,48.279639],[37.615565,48.279988],[37.617102,48.279787],[37.617102,48.279788],[37.619013,48.279536],[37.620299,48.279367],[37.619976,48.278049],[37.617273,48.278406],[37.615246,48.278674]]]}},{"type":"Feature","properties":{"cadnum":"1422485500:26:000:0023"},"geometry":{"type":"Polygon","coordinates":[[[37.614779,48.276766],[37.614932,48.277385],[37.617273,48.277079],[37.61966,48.276766],[37.619536,48.276264],[37.617273,48.276504],[37.617273,48.276503],[37.614779,48.276766]]]}},{"type":"Feature","properties":{"cadnum":"1422485500:16:000:0024"},"geometry":{"type":"Polygon","coordinates":[[[37.66508,48.327097],[37.665082,48.327141],[37.665084,48.327141],[37.665129,48.327661],[37.666712,48.327355],[37.666814,48.327335],[37.666736,48.327027],[37.666712,48.326932],[37.666678,48.326798],[37.665452,48.327027],[37.665451,48.327027],[37.66508,48.327097]]]}},{"type":"Feature","properties":{"cadnum":"1422485500:16:000:0001"},"geometry":{"type":"Polygon","coordinates":[[[37.664887,48.324964],[37.665073,48.327027],[37.66508,48.327097],[37.66654,48.326824],[37.666678,48.326798],[37.666712,48.326792],[37.666712,48.326791],[37.667946,48.326559],[37.669194,48.326325],[37.669059,48.325824],[37.668754,48.325716],[37.669886,48.324558],[37.666712,48.324816],[37.664887,48.324964]]]}},{"type":"Feature","properties":{"cadnum":"1422485500:16:000:0025"},"geometry":{"type":"Polygon","coordinates":[[[37.664842,48.324462],[37.664887,48.324964],[37.66654,48.324829],[37.66654,48.32483],[37.669886,48.324558],[37.669437,48.324089],[37.666712,48.324311],[37.664842,48.324462]]]}},{"type":"Feature","properties":{"cadnum":"1422485500:16:000:0026"},"geometry":{"type":"Polygon","coordinates":[[[37.664793,48.323925],[37.664842,48.324462],[37.66654,48.324325],[37.669437,48.324089],[37.669315,48.323963],[37.669194,48.323566],[37.666712,48.323769],[37.664793,48.323925]]]}},{"type":"Feature","properties":{"cadnum":"1422485500:08:000:0011"},"geometry":{"type":"Polygon","coordinates":[[[37.656501,48.324692],[37.656577,48.325746],[37.661219,48.325549],[37.664724,48.3254],[37.664644,48.324346],[37.661047,48.324499],[37.656501,48.324692]]]}},{"type":"Feature","properties":{"cadnum":"1422485500:08:000:0010"},"geometry":{"type":"Polygon","coordinates":[[[37.656577,48.325746],[37.656649,48.32669],[37.65665,48.32669],[37.661219,48.326496],[37.664797,48.326344],[37.664724,48.3254],[37.661047,48.325557],[37.656577,48.325746]]]}},{"type":"Feature","properties":{"cadnum":"1422485500:22:000:0030"},"geometry":{"type":"Polygon","coordinates":[[[37.617383,48.306136],[37.619434,48.308876],[37.619435,48.308876],[37.620016,48.309652],[37.621404,48.309384],[37.621023,48.308877],[37.621023,48.308876],[37.618763,48.305861],[37.617383,48.306136]]]}},{"type":"Feature","properties":{"cadnum":"1422485500:22:000:0032"},"geometry":{"type":"Polygon","coordinates":[[[37.620182,48.305581],[37.622651,48.308876],[37.622652,48.308876],[37.622827,48.309109],[37.624387,48.308808],[37.622733,48.306599],[37.621741,48.305274],[37.620182,48.305581]]]}},{"type":"Feature","properties":{"cadnum":"1422485500:22:000:0029"},"geometry":{"type":"Polygon","coordinates":[[[37.616001,48.306412],[37.617273,48.30811],[37.617762,48.308762],[37.617761,48.308762],[37.618632,48.309922],[37.620016,48.309652],[37.619349,48.308762],[37.619348,48.308762],[37.617383,48.306136],[37.617102,48.306192],[37.617102,48.306193],[37.616001,48.306412]]]}},{"type":"Feature","properties":{"cadnum":"1422485500:22:000:0031"},"geometry":{"type":"Polygon","coordinates":[[[37.618763,48.305861],[37.620937,48.308762],[37.621404,48.309384],[37.622766,48.309122],[37.622766,48.309121],[37.622767,48.309121],[37.622827,48.309109],[37.622766,48.309029],[37.622567,48.308762],[37.622566,48.308762],[37.620182,48.305581],[37.618763,48.305861]]]}},{"type":"Feature","properties":{"cadnum":"1422485500:01:000:0045"},"geometry":{"type":"Polygon","coordinates":[[[37.6918,48.299596],[37.692784,48.29962],[37.694006,48.299652],[37.694176,48.299656],[37.694178,48.299657],[37.694178,48.299656],[37.696511,48.299718],[37.696746,48.298192],[37.694082,48.298137],[37.692012,48.298094],[37.691935,48.298548],[37.69189,48.298837],[37.691849,48.299157],[37.6918,48.299596]]]}},{"type":"Feature","properties":{"cadnum":"1422485500:01:000:0067"},"geometry":{"type":"Polygon","coordinates":[[[37.696817,48.298258],[37.699494,48.298479],[37.699499,48.29848],[37.699597,48.298488],[37.699671,48.298494],[37.702167,48.298697],[37.704843,48.298915],[37.704992,48.298926],[37.705096,48.298933],[37.705164,48.298629],[37.705164,48.298628],[37.705243,48.298276],[37.704992,48.298254],[37.704992,48.298255],[37.702572,48.298043],[37.699951,48.297814],[37.699899,48.297809],[37.699897,48.297809],[37.699796,48.2978],[37.699794,48.2978],[37.699671,48.29779],[37.69856,48.297693],[37.696974,48.297556],[37.69697,48.297574],[37.696919,48.2978],[37.6969,48.297884],[37.696893,48.297915],[37.696817,48.298258]]]}},{"type":"Feature","properties":{"cadnum":"1422485500:01:000:0064"},"geometry":{"type":"Polygon","coordinates":[[[37.695578,48.307932],[37.695757,48.307887],[37.695977,48.306591],[37.696035,48.305677],[37.696085,48.305109],[37.696084,48.305109],[37.696084,48.305108],[37.696112,48.304804],[37.69618,48.303983],[37.696373,48.302453],[37.696494,48.301503],[37.696521,48.301323],[37.696305,48.301237],[37.696283,48.301398],[37.696275,48.301454],[37.696275,48.301455],[37.696272,48.301474],[37.696259,48.301569],[37.696107,48.302674],[37.696031,48.30412],[37.695958,48.305108],[37.695958,48.305109],[37.695957,48.305109],[37.695953,48.305173],[37.695949,48.305223],[37.69595,48.305223],[37.695947,48.305267],[37.69591,48.305497],[37.69569,48.306755],[37.695578,48.307932]]]}},{"type":"Feature","properties":{"cadnum":"1422485500:01:000:0052"},"geometry":{"type":"Polygon","coordinates":[[[37.691503,48.300869],[37.694006,48.301],[37.695905,48.301099],[37.696256,48.301117],[37.696291,48.300648],[37.696323,48.300278],[37.696417,48.299614],[37.694082,48.299552],[37.692689,48.299516],[37.691706,48.299492],[37.69153,48.300487],[37.691503,48.300869]],[[37.695645,48.300586],[37.695635,48.300529],[37.695635,48.300528],[37.695694,48.300481],[37.695771,48.300462],[37.695771,48.300463],[37.695851,48.300504],[37.695883,48.300555],[37.695838,48.300588],[37.695794,48.300612],[37.695712,48.300619],[37.695645,48.300586]],[[37.694953,48.300439],[37.694953,48.300484],[37.694886,48.300484],[37.69489,48.300439],[37.694953,48.300439]],[[37.693157,48.299545],[37.693152,48.299587],[37.693089,48.299587],[37.693089,48.299543],[37.693157,48.299545]]]}},{"type":"Feature","properties":{"cadnum":"1422485500:01:000:0033"},"geometry":{"type":"Polygon","coordinates":[[[37.696732,48.298933],[37.699671,48.299174],[37.704794,48.299594],[37.704893,48.298918],[37.699499,48.298477],[37.699499,48.298478],[37.696817,48.298258],[37.696732,48.298933]]]}},{"type":"Feature","properties":{"cadnum":"1422485500:01:000:0053"},"geometry":{"type":"Polygon","coordinates":[[[37.69657,48.300992],[37.699247,48.30121],[37.699671,48.301245],[37.701924,48.301428],[37.702255,48.301454],[37.702255,48.301455],[37.70343,48.301549],[37.703674,48.301569],[37.704417,48.301629],[37.704459,48.301455],[37.704458,48.301455],[37.704458,48.301454],[37.704587,48.300926],[37.70191,48.300708],[37.699671,48.300526],[37.699234,48.30049],[37.696647,48.300278],[37.69657,48.300992]]]}},{"type":"Feature","properties":{"cadnum":"1422485500:01:000:0046"},"geometry":{"type":"Polygon","coordinates":[[[37.692012,48.298094],[37.694006,48.298136],[37.694082,48.298137],[37.694178,48.298139],[37.696746,48.298192],[37.696771,48.297915],[37.696786,48.297756],[37.696857,48.297487],[37.697356,48.295545],[37.694455,48.295771],[37.694178,48.295804],[37.692348,48.296019],[37.69204,48.297915],[37.692012,48.298094]]]}},{"type":"Feature","properties":{"cadnum":"1422485500:01:000:0063"},"geometry":{"type":"Polygon","coordinates":[[[37.69631,48.301096],[37.69653,48.30121],[37.696553,48.301082],[37.69657,48.300992],[37.696647,48.300278],[37.696669,48.299609],[37.696732,48.298933],[37.696817,48.298258],[37.6969,48.297884],[37.69697,48.297574],[37.697213,48.296555],[37.697459,48.29547],[37.697356,48.295545],[37.697105,48.296516],[37.696857,48.297487],[37.696786,48.297756],[37.696782,48.2978],[37.696781,48.2978],[37.696746,48.298192],[37.696511,48.299718],[37.696314,48.300959],[37.69631,48.301096]]]}},{"type":"Feature","properties":{"cadnum":"1422485500:01:000:0066"},"geometry":{"type":"Polygon","coordinates":[[[37.696647,48.300278],[37.699234,48.30049],[37.699499,48.300512],[37.70191,48.300708],[37.704587,48.300926],[37.70466,48.300932],[37.704803,48.300265],[37.702126,48.300048],[37.699671,48.299848],[37.699671,48.299847],[37.699454,48.299829],[37.698115,48.299718],[37.696669,48.2996],[37.696669,48.299609],[37.696647,48.300278]]]}},{"type":"Feature","properties":{"cadnum":"1422485500:01:000:0032"},"geometry":{"type":"Polygon","coordinates":[[[37.696669,48.299609],[37.699671,48.299855],[37.704696,48.300265],[37.704794,48.299594],[37.699499,48.29916],[37.696732,48.298933],[37.696669,48.299609]]]}},{"type":"Feature","properties":{"cadnum":"1422485500:01:000:0048"},"geometry":{"type":"Polygon","coordinates":[[[37.69132,48.302468],[37.694006,48.302584],[37.696107,48.302674],[37.696274,48.301455],[37.696274,48.301454],[37.69631,48.301192],[37.694178,48.301101],[37.694178,48.3011],[37.691553,48.300986],[37.691461,48.301569],[37.69132,48.302468]]]}},{"type":"Feature","properties":{"cadnum":"1422485500:11:000:0013"},"geometry":{"type":"Polygon","coordinates":[[[37.693557,48.267245],[37.694006,48.267285],[37.694006,48.267286],[37.694792,48.267355],[37.695098,48.265406],[37.694715,48.265381],[37.694124,48.265345],[37.693857,48.265328],[37.693557,48.267245]]]}},{"type":"Feature","properties":{"cadnum":"1422485500:11:000:0021"},"geometry":{"type":"Polygon","coordinates":[[[37.693314,48.265292],[37.693857,48.265328],[37.694006,48.265337],[37.694006,48.265338],[37.694124,48.265345],[37.694178,48.265348],[37.694715,48.265381],[37.694883,48.2649],[37.695295,48.263723],[37.694141,48.263598],[37.693997,48.263582],[37.693916,48.263573],[37.693411,48.265015],[37.693314,48.265292]]]}},{"type":"Feature","properties":{"cadnum":"1422485500:07:000:0004"},"geometry":{"type":"Polygon","coordinates":[[[37.693754,48.273337],[37.694006,48.273358],[37.694178,48.273373],[37.699499,48.273815],[37.699671,48.27383],[37.701664,48.273995],[37.70487,48.274342],[37.704992,48.274044],[37.705002,48.274019],[37.705164,48.273624],[37.705164,48.273623],[37.705693,48.272328],[37.705693,48.272327],[37.705694,48.272327],[37.706218,48.271045],[37.709425,48.271424],[37.710472,48.268832],[37.707212,48.268557],[37.707209,48.268557],[37.705164,48.268385],[37.699671,48.267921],[37.695865,48.2676],[37.695513,48.268557],[37.695512,48.268557],[37.694124,48.272327],[37.694125,48.272327],[37.694125,48.272328],[37.693754,48.273337]]]}},{"type":"Feature","properties":{"cadnum":"1422485500:11:000:0022"},"geometry":{"type":"Polygon","coordinates":[[[37.694715,48.265381],[37.695098,48.265406],[37.695798,48.265448],[37.696201,48.265412],[37.69638,48.2649],[37.696379,48.2649],[37.696736,48.263878],[37.695492,48.263743],[37.695295,48.263723],[37.694843,48.265015],[37.694715,48.265381]]]}},{"type":"Feature","properties":{"cadnum":"1422485500:11:000:0031"},"geometry":{"type":"Polygon","coordinates":[[[37.698807,48.267681],[37.699499,48.267752],[37.699499,48.267753],[37.701151,48.26792],[37.70157,48.26693],[37.699499,48.26672],[37.699224,48.266691],[37.69922,48.2667],[37.698807,48.267681]]]}},{"type":"Feature","properties":{"cadnum":"1422485500:07:000:0005"},"geometry":{"type":"Polygon","coordinates":[[[37.692985,48.273173],[37.69379,48.273239],[37.694006,48.272652],[37.694125,48.272328],[37.694125,48.272327],[37.694178,48.272186],[37.694178,48.272185],[37.69547,48.268671],[37.695851,48.267636],[37.694347,48.267517],[37.694178,48.268219],[37.694068,48.268671],[37.693188,48.272327],[37.693188,48.272328],[37.693189,48.272328],[37.692985,48.273173]]]}},{"type":"Feature","properties":{"cadnum":"1422485500:11:000:0017"},"geometry":{"type":"Polygon","coordinates":[[[37.69714,48.266536],[37.69922,48.2667],[37.699224,48.266691],[37.699499,48.266041],[37.699643,48.265702],[37.699671,48.265636],[37.699671,48.265635],[37.69979,48.265352],[37.699559,48.265334],[37.698106,48.26522],[37.698025,48.265456],[37.698155,48.265534],[37.697465,48.266279],[37.69714,48.266536]]]}},{"type":"Feature","properties":{"cadnum":"1422485500:11:000:0023"},"geometry":{"type":"Polygon","coordinates":[[[37.696201,48.265412],[37.696318,48.265399],[37.696423,48.26539],[37.69714,48.265173],[37.697679,48.265248],[37.698025,48.265456],[37.698106,48.26522],[37.698208,48.264926],[37.698511,48.264069],[37.696997,48.263905],[37.696736,48.263878],[37.696339,48.265015],[37.69634,48.265015],[37.696201,48.265412]]]}},{"type":"Feature","properties":{"cadnum":"1422485500:11:000:0014"},"geometry":{"type":"Polygon","coordinates":[[[37.694792,48.267355],[37.696,48.26746],[37.696318,48.265399],[37.696201,48.265412],[37.695798,48.265448],[37.695098,48.265406],[37.694792,48.267355]]]}},{"type":"Feature","properties":{"cadnum":"1422485500:07:000:0007"},"geometry":{"type":"Polygon","coordinates":[[[37.692178,48.267158],[37.69233,48.267355],[37.694006,48.26749],[37.694347,48.267517],[37.695851,48.267636],[37.695865,48.2676],[37.698524,48.267825],[37.699499,48.267908],[37.701184,48.268049],[37.703842,48.268273],[37.704992,48.26837],[37.708566,48.268671],[37.708567,48.268671],[37.70916,48.268721],[37.710342,48.268823],[37.710346,48.268808],[37.709713,48.268727],[37.708261,48.268613],[37.708235,48.26861],[37.706757,48.268494],[37.705117,48.268351],[37.703478,48.268204],[37.699671,48.267816],[37.699671,48.267815],[37.698798,48.267726],[37.696243,48.267526],[37.694809,48.267403],[37.694006,48.267329],[37.692178,48.267158]]]}},{"type":"Feature","properties":{"cadnum":"1422485500:11:000:0032"},"geometry":{"type":"Polygon","coordinates":[[[37.699224,48.266691],[37.699671,48.266738],[37.699671,48.266737],[37.70157,48.26693],[37.70157,48.266928],[37.701987,48.265944],[37.699643,48.265702],[37.699224,48.266691]]]}},{"type":"Feature","properties":{"cadnum":"1422485500:11:000:0024"},"geometry":{"type":"Polygon","coordinates":[[[37.698106,48.26522],[37.699499,48.26533],[37.699559,48.265334],[37.699671,48.265343],[37.69979,48.265352],[37.699959,48.264949],[37.70006,48.264712],[37.700361,48.263994],[37.699526,48.26393],[37.698587,48.263857],[37.698511,48.264069],[37.698217,48.2649],[37.698208,48.264926],[37.698177,48.265015],[37.698106,48.26522]]]}},{"type":"Feature","properties":{"cadnum":"1422485500:11:000:0015"},"geometry":{"type":"Polygon","coordinates":[[[37.696,48.26746],[37.696251,48.26748],[37.696553,48.267003],[37.69714,48.266536],[37.697465,48.266279],[37.698155,48.265534],[37.698025,48.265456],[37.697679,48.265248],[37.69714,48.265173],[37.696423,48.26539],[37.696318,48.265399],[37.696,48.26746]]]}},{"type":"Feature","properties":{"cadnum":"1422485500:07:000:0006"},"geometry":{"type":"Polygon","coordinates":[[[37.689032,48.272213],[37.689033,48.272237],[37.689037,48.272327],[37.689038,48.272327],[37.689038,48.272328],[37.689047,48.272494],[37.68906,48.272859],[37.692985,48.273173],[37.693216,48.272213],[37.693215,48.272213],[37.694068,48.268671],[37.694069,48.268671],[37.694347,48.267517],[37.694006,48.26749],[37.694006,48.267491],[37.691544,48.267295],[37.691351,48.268202],[37.691123,48.268557],[37.690758,48.269128],[37.689712,48.2694],[37.689496,48.269529],[37.68902,48.271945],[37.689032,48.272213]]]}},{"type":"Feature","properties":{"cadnum":"1422485500:11:000:0016"},"geometry":{"type":"Polygon","coordinates":[[[37.696251,48.26748],[37.698807,48.267681],[37.69922,48.2667],[37.69714,48.266536],[37.696553,48.267003],[37.696251,48.26748]]]}},{"type":"Feature","properties":{"cadnum":"1422485500:28:000:0024"},"geometry":{"type":"Polygon","coordinates":[[[37.642455,48.279866],[37.642972,48.280213],[37.643193,48.280511],[37.643853,48.280909],[37.643969,48.281133],[37.643983,48.28143],[37.643421,48.281495],[37.643484,48.282042],[37.642627,48.282174],[37.643111,48.282859],[37.644567,48.282863],[37.645294,48.282864],[37.645166,48.283295],[37.645167,48.283295],[37.644967,48.28397],[37.644639,48.285076],[37.644352,48.28538],[37.644373,48.286244],[37.644739,48.286832],[37.644813,48.28695],[37.644967,48.287197],[37.644567,48.287402],[37.643027,48.288187],[37.643587,48.288417],[37.644567,48.288881],[37.644706,48.288946],[37.644739,48.288962],[37.64582,48.289476],[37.645901,48.289567],[37.645923,48.289616],[37.646116,48.290333],[37.646858,48.290187],[37.648793,48.289855],[37.64939,48.289756],[37.648969,48.28914],[37.649265,48.288952],[37.649239,48.288904],[37.64913,48.288537],[37.648654,48.287661],[37.648262,48.28695],[37.648174,48.286789],[37.648308,48.28643],[37.64882,48.285622],[37.649,48.285438],[37.649346,48.284899],[37.649615,48.284747],[37.649984,48.283987],[37.650061,48.283823],[37.650091,48.283757],[37.650232,48.283454],[37.650232,48.283453],[37.650358,48.283181],[37.650501,48.282876],[37.650325,48.282155],[37.650397,48.281812],[37.650321,48.281612],[37.650061,48.281442],[37.65006,48.281442],[37.649432,48.281032],[37.649247,48.280613],[37.649023,48.280252],[37.648305,48.279526],[37.648107,48.279325],[37.647813,48.279525],[37.64768,48.279616],[37.647645,48.279639],[37.64665,48.280318],[37.646457,48.27972],[37.646335,48.279639],[37.645214,48.278889],[37.644679,48.278339],[37.644401,48.278003],[37.644189,48.278204],[37.643111,48.279235],[37.64269,48.279639],[37.642691,48.279639],[37.642691,48.27964],[37.64269,48.27964],[37.642455,48.279866]]]}},{"type":"Feature","properties":{"cadnum":"1422485500:39:000:0022"},"geometry":{"type":"Polygon","coordinates":[[[37.713342,48.378077],[37.713744,48.378133],[37.71615,48.378468],[37.716864,48.378567],[37.716963,48.378247],[37.717963,48.375043],[37.716518,48.374844],[37.716172,48.374793],[37.716099,48.374783],[37.714326,48.374539],[37.714325,48.374539],[37.714293,48.374599],[37.714285,48.374614],[37.713822,48.376299],[37.713342,48.378077]]]}},{"type":"Feature","properties":{"cadnum":"1422485500:39:000:0028"},"geometry":{"type":"Polygon","coordinates":[[[37.714325,48.374539],[37.714326,48.374539],[37.714758,48.374599],[37.714759,48.374599],[37.715979,48.374767],[37.716099,48.374783],[37.71615,48.37479],[37.716172,48.374793],[37.716518,48.374844],[37.716629,48.374485],[37.716628,48.374485],[37.716628,48.374484],[37.717541,48.371562],[37.716504,48.371525],[37.715979,48.371509],[37.715835,48.371505],[37.715407,48.372057],[37.715201,48.372776],[37.71464,48.373435],[37.714631,48.373462],[37.714591,48.373909],[37.714568,48.374118],[37.714356,48.374485],[37.714325,48.374539]]]}},{"type":"Feature","properties":{"cadnum":"1422485500:39:000:0027"},"geometry":{"type":"Polygon","coordinates":[[[37.716518,48.374844],[37.717963,48.375043],[37.71826,48.375085],[37.718411,48.374599],[37.719545,48.370965],[37.718736,48.371003],[37.718525,48.371595],[37.717541,48.371562],[37.716593,48.374599],[37.716594,48.374599],[37.716518,48.374844]]]}},{"type":"Feature","properties":{"cadnum":"1422485500:39:000:0020"},"geometry":{"type":"Polygon","coordinates":[[[37.719069,48.377657],[37.721472,48.377989],[37.721682,48.378018],[37.721741,48.377928],[37.721894,48.377445],[37.72246,48.375667],[37.721472,48.37553],[37.721153,48.375485],[37.719751,48.375291],[37.719711,48.375285],[37.719069,48.377657]]]}},{"type":"Feature","properties":{"cadnum":"1422485500:39:000:0019"},"geometry":{"type":"Polygon","coordinates":[[[37.718749,48.378826],[37.721225,48.379169],[37.721453,48.378397],[37.721472,48.378366],[37.721472,48.378367],[37.721543,48.378247],[37.721544,48.378247],[37.721631,48.378103],[37.721643,48.378083],[37.721643,48.378082],[37.721682,48.378018],[37.721644,48.378012],[37.721643,48.378012],[37.719069,48.377657],[37.718906,48.378247],[37.718907,48.378247],[37.718907,48.378248],[37.718749,48.378826]]]}},{"type":"Feature","properties":{"cadnum":"1422485500:39:000:0021"},"geometry":{"type":"Polygon","coordinates":[[[37.716864,48.378567],[37.718749,48.378826],[37.718938,48.378133],[37.719069,48.377657],[37.719711,48.375285],[37.71826,48.375085],[37.717963,48.375043],[37.716999,48.378133],[37.716998,48.378133],[37.716864,48.378567]],[[37.717591,48.378179],[37.71786,48.378179],[37.71786,48.378406],[37.717591,48.378402],[37.717591,48.378179]]]}},{"type":"Feature","properties":{"cadnum":"1422485500:47:000:0001"},"geometry":{"type":"Polygon","coordinates":[[[37.717007,48.342581],[37.718637,48.342715],[37.718713,48.342354],[37.717088,48.34222],[37.717007,48.342581]]]}},{"type":"Feature","properties":{"cadnum":"1422485500:48:000:0006"},"geometry":{"type":"Polygon","coordinates":[[[37.713346,48.342279],[37.715979,48.342529],[37.716149,48.342545],[37.71615,48.342539],[37.716318,48.341748],[37.716602,48.34042],[37.715979,48.34036],[37.715979,48.340361],[37.713827,48.340153],[37.713491,48.341634],[37.713346,48.342279]]]}},{"type":"Feature","properties":{"cadnum":"1422485500:44:000:0031"},"geometry":{"type":"Polygon","coordinates":[[[37.718103,48.346381],[37.718493,48.346414],[37.719913,48.34653],[37.720145,48.345285],[37.720587,48.342924],[37.718776,48.342772],[37.718285,48.345399],[37.718286,48.345399],[37.718103,48.346381]]]}},{"type":"Feature","properties":{"cadnum":"1422485500:47:000:0003"},"geometry":{"type":"Polygon","coordinates":[[[37.718637,48.342715],[37.720137,48.342841],[37.720369,48.341748],[37.7206,48.340667],[37.719099,48.340536],[37.718866,48.341634],[37.718713,48.342354],[37.718637,48.342715]]]}},{"type":"Feature","properties":{"cadnum":"1422485500:47:000:0002"},"geometry":{"type":"Polygon","coordinates":[[[37.717088,48.34222],[37.718713,48.342354],[37.718842,48.341748],[37.719099,48.340536],[37.719567,48.338354],[37.717941,48.338201],[37.717211,48.341634],[37.717199,48.341692],[37.717187,48.341748],[37.717088,48.34222]]]}},{"type":"Feature","properties":{"cadnum":"1422485500:44:000:0032"},"geometry":{"type":"Polygon","coordinates":[[[37.719913,48.34653],[37.72042,48.346575],[37.721643,48.346676],[37.721644,48.346676],[37.721728,48.346683],[37.721988,48.345285],[37.722401,48.343074],[37.721472,48.342997],[37.720587,48.342924],[37.720124,48.345399],[37.719913,48.34653]]]}},{"type":"Feature","properties":{"cadnum":"1422485500:44:000:0030"},"geometry":{"type":"Polygon","coordinates":[[[37.716302,48.346232],[37.718103,48.346381],[37.718307,48.345285],[37.718776,48.342772],[37.716954,48.34262],[37.716473,48.345285],[37.716472,48.345285],[37.716302,48.346232]]]}},{"type":"Feature","properties":{"cadnum":"1422485500:47:000:0004"},"geometry":{"type":"Polygon","coordinates":[[[37.720088,48.342835],[37.721472,48.34295],[37.721472,48.342951],[37.721598,48.34296],[37.721643,48.342746],[37.721858,48.341736],[37.722518,48.338634],[37.721472,48.338534],[37.721472,48.338535],[37.721018,48.338491],[37.720556,48.340661],[37.720346,48.341634],[37.720345,48.341634],[37.720088,48.342835]]]}},{"type":"Feature","properties":{"cadnum":"1422485500:01:000:0050"},"geometry":{"type":"Polygon","coordinates":[[[37.697213,48.296555],[37.699499,48.296761],[37.704992,48.297253],[37.705463,48.297295],[37.705675,48.296136],[37.705164,48.296091],[37.699499,48.29558],[37.699499,48.295581],[37.697478,48.295398],[37.697213,48.296555]]]}},{"type":"Feature","properties":{"cadnum":"1422485500:23:000:0028"},"geometry":{"type":"Polygon","coordinates":[[[37.637937,48.299328],[37.638451,48.301454],[37.638451,48.301455],[37.638939,48.303465],[37.639074,48.303454],[37.639074,48.303455],[37.640731,48.303314],[37.640306,48.301569],[37.640307,48.301569],[37.639715,48.299133],[37.639091,48.299202],[37.637937,48.299328]]]}},{"type":"Feature","properties":{"cadnum":"1422485500:23:000:0012"},"geometry":{"type":"Polygon","coordinates":[[[37.632704,48.304034],[37.633382,48.305108],[37.633382,48.305109],[37.633381,48.305109],[37.633598,48.305451],[37.635121,48.307867],[37.635705,48.30783],[37.636769,48.307642],[37.635173,48.305109],[37.635172,48.305109],[37.634407,48.303893],[37.633753,48.303947],[37.632704,48.304034]]]}},{"type":"Feature","properties":{"cadnum":"1422485500:23:000:0026"},"geometry":{"type":"Polygon","coordinates":[[[37.63438,48.29971],[37.634807,48.301569],[37.634808,48.301569],[37.635314,48.30377],[37.636895,48.303636],[37.637138,48.303618],[37.636645,48.301569],[37.636646,48.301569],[37.636153,48.299519],[37.634807,48.299665],[37.63438,48.29971]]]}},{"type":"Feature","properties":{"cadnum":"1422485500:23:000:0027"},"geometry":{"type":"Polygon","coordinates":[[[37.636153,48.299519],[37.636618,48.301454],[37.636618,48.301455],[37.636617,48.301455],[37.637138,48.303618],[37.638939,48.303465],[37.638478,48.301569],[37.638479,48.301569],[37.637937,48.299328],[37.636153,48.299519]]]}},{"type":"Feature","properties":{"cadnum":"1422485500:23:000:0025"},"geometry":{"type":"Polygon","coordinates":[[[37.632574,48.299907],[37.63293,48.301454],[37.63293,48.301455],[37.632929,48.301455],[37.633109,48.302232],[37.633405,48.303516],[37.633499,48.303923],[37.633581,48.303917],[37.633603,48.303915],[37.633753,48.303903],[37.6338,48.303899],[37.634946,48.3038],[37.635314,48.30377],[37.634781,48.301455],[37.634781,48.301454],[37.63438,48.29971],[37.633649,48.29979],[37.632574,48.299907]],[[37.634034,48.303445],[37.634048,48.303436],[37.634021,48.303343],[37.634048,48.30334],[37.634048,48.303341],[37.634069,48.303432],[37.634088,48.303439],[37.634312,48.303414],[37.634312,48.303415],[37.634321,48.303451],[37.634097,48.303474],[37.634083,48.303487],[37.634111,48.303579],[37.634111,48.30358],[37.634083,48.303582],[37.634061,48.303489],[37.634043,48.30348],[37.634042,48.30348],[37.633819,48.303507],[37.633809,48.303472],[37.634034,48.303445]]]}},{"type":"Feature","properties":{"cadnum":"1422485500:23:000:0014"},"geometry":{"type":"Polygon","coordinates":[[[37.636895,48.30368],[37.637261,48.305108],[37.637261,48.305109],[37.637865,48.307451],[37.639074,48.307489],[37.639105,48.30749],[37.639246,48.307495],[37.639246,48.307494],[37.639505,48.307502],[37.64104,48.307761],[37.641046,48.305223],[37.64105,48.303334],[37.639093,48.303498],[37.636895,48.30368]]]}},{"type":"Feature","properties":{"cadnum":"1422485500:23:000:0013"},"geometry":{"type":"Polygon","coordinates":[[[37.634407,48.303893],[37.635244,48.305223],[37.635245,48.305223],[37.636769,48.307642],[37.637254,48.307445],[37.637178,48.307364],[37.637138,48.307362],[37.636989,48.307424],[37.636972,48.307409],[37.63712,48.307344],[37.637128,48.307316],[37.637052,48.307239],[37.637101,48.307216],[37.637102,48.307216],[37.637178,48.307293],[37.637218,48.307298],[37.637362,48.307236],[37.63738,48.307254],[37.637237,48.307316],[37.637228,48.307344],[37.637304,48.307424],[37.637865,48.307451],[37.637291,48.305223],[37.636895,48.30368],[37.634407,48.303893]],[[37.636585,48.305647],[37.636585,48.305646],[37.637268,48.305438],[37.63734,48.305539],[37.636658,48.305748],[37.636585,48.305647]]]}},{"type":"Feature","properties":{"cadnum":"1422485500:49:000:0010"},"geometry":{"type":"Polygon","coordinates":[[[37.713661,48.315165],[37.715516,48.315681],[37.715704,48.315949],[37.715979,48.315221],[37.715992,48.315185],[37.71615,48.314766],[37.71615,48.314765],[37.716881,48.312825],[37.716347,48.312507],[37.716099,48.31236],[37.71605,48.312416],[37.715958,48.312522],[37.71595,48.31253],[37.713661,48.315165]]]}},{"type":"Feature","properties":{"cadnum":"1422485500:49:000:0098"},"geometry":{"type":"Polygon","coordinates":[[[37.713935,48.311326],[37.714581,48.311649],[37.715309,48.312012],[37.715309,48.312013],[37.715166,48.312118],[37.715867,48.312416],[37.715866,48.312416],[37.715979,48.312463],[37.715979,48.312464],[37.716001,48.312473],[37.716051,48.312416],[37.716099,48.31236],[37.71615,48.312391],[37.71615,48.31239],[37.716193,48.312416],[37.716347,48.312507],[37.716385,48.31253],[37.716881,48.312825],[37.717281,48.313061],[37.719495,48.314071],[37.721363,48.314926],[37.721472,48.314977],[37.721975,48.315215],[37.722019,48.314991],[37.721472,48.31473],[37.719837,48.313952],[37.717654,48.312909],[37.716857,48.31253],[37.716776,48.312491],[37.716617,48.312416],[37.71615,48.312194],[37.71547,48.31187],[37.714082,48.311209],[37.713935,48.311326]]]}},{"type":"Feature","properties":{"cadnum":"1422485500:11:000:0040"},"geometry":{"type":"Polygon","coordinates":[[[37.702826,48.263952],[37.705164,48.264191],[37.705172,48.264191],[37.705279,48.263934],[37.705589,48.263193],[37.705164,48.263153],[37.703245,48.262969],[37.702826,48.263952]]]}},{"type":"Feature","properties":{"cadnum":"1422485500:11:000:0035"},"geometry":{"type":"Polygon","coordinates":[[[37.700478,48.263723],[37.702822,48.263965],[37.702826,48.263952],[37.703245,48.262969],[37.700891,48.262742],[37.700478,48.263723]]]}},{"type":"Feature","properties":{"cadnum":"1422485500:11:000:0030"},"geometry":{"type":"Polygon","coordinates":[[[37.698587,48.263857],[37.699499,48.263928],[37.699526,48.26393],[37.699671,48.263941],[37.700361,48.263994],[37.700478,48.263723],[37.700891,48.262742],[37.699671,48.262601],[37.69905,48.262529],[37.698587,48.263857]]]}},{"type":"Feature","properties":{"cadnum":"1422485500:11:000:0033"},"geometry":{"type":"Polygon","coordinates":[[[37.699643,48.265702],[37.701987,48.265944],[37.701991,48.265938],[37.702405,48.264954],[37.70006,48.264712],[37.69998,48.2649],[37.699979,48.2649],[37.699959,48.264949],[37.699931,48.265015],[37.69979,48.265352],[37.699643,48.265702]]]}},{"type":"Feature","properties":{"cadnum":"1422485500:11:000:0034"},"geometry":{"type":"Polygon","coordinates":[[[37.70006,48.264712],[37.702405,48.264954],[37.702409,48.264945],[37.702822,48.263965],[37.700478,48.263723],[37.700361,48.263994],[37.70006,48.264712]]]}},{"type":"Feature","properties":{"cadnum":"1422485500:11:000:0046"},"geometry":{"type":"Polygon","coordinates":[[[37.704979,48.26464],[37.704992,48.264642],[37.705146,48.264656],[37.705164,48.264657],[37.708298,48.264933],[37.708535,48.264368],[37.708595,48.264231],[37.708594,48.264231],[37.705279,48.263934],[37.705172,48.264191],[37.705164,48.26421],[37.704979,48.26464]]]}},{"type":"Feature","properties":{"cadnum":"1422485500:11:000:0045"},"geometry":{"type":"Polygon","coordinates":[[[37.704683,48.265343],[37.705164,48.265387],[37.705164,48.265386],[37.707996,48.265639],[37.708199,48.265166],[37.708298,48.264933],[37.705146,48.264656],[37.704979,48.26464],[37.704869,48.2649],[37.704859,48.264924],[37.704821,48.265015],[37.70475,48.265184],[37.704683,48.265343]]]}},{"type":"Feature","properties":{"cadnum":"1422485500:11:000:0039"},"geometry":{"type":"Polygon","coordinates":[[[37.702409,48.264945],[37.702414,48.264945],[37.703089,48.265015],[37.70309,48.265015],[37.70475,48.265184],[37.704859,48.264924],[37.704979,48.26464],[37.704992,48.26461],[37.705164,48.26421],[37.705172,48.264191],[37.704992,48.264174],[37.702826,48.263952],[37.702822,48.263965],[37.702428,48.2649],[37.70241,48.264944],[37.702409,48.264945]]]}},{"type":"Feature","properties":{"cadnum":"1422485500:11:000:0038"},"geometry":{"type":"Polygon","coordinates":[[[37.701991,48.265938],[37.704331,48.266174],[37.704386,48.266048],[37.704682,48.265343],[37.70475,48.265184],[37.702414,48.264945],[37.702409,48.264945],[37.702405,48.264954],[37.702378,48.265015],[37.70238,48.265015],[37.701991,48.265938]]]}},{"type":"Feature","properties":{"cadnum":"1422485500:06:000:0017"},"geometry":{"type":"Polygon","coordinates":[[[37.714132,48.290247],[37.714338,48.290238],[37.714662,48.288462],[37.714918,48.28706],[37.714958,48.286836],[37.715174,48.285662],[37.715336,48.284768],[37.715699,48.283194],[37.715745,48.282999],[37.715956,48.282084],[37.715978,48.282007],[37.715979,48.282007],[37.716089,48.281635],[37.71615,48.281426],[37.716284,48.280972],[37.716602,48.279567],[37.716931,48.278147],[37.716967,48.277577],[37.716373,48.279322],[37.716303,48.279525],[37.716278,48.279598],[37.716264,48.279639],[37.716264,48.27964],[37.716019,48.280362],[37.715979,48.28055],[37.715973,48.280575],[37.715979,48.280575],[37.715979,48.280576],[37.716063,48.28058],[37.715682,48.28235],[37.715504,48.283181],[37.715413,48.283608],[37.715166,48.28481],[37.714828,48.286585],[37.71478,48.286836],[37.714491,48.28836],[37.714312,48.289305],[37.714132,48.290247]]]}},{"type":"Feature","properties":{"cadnum":"1422485500:41:000:0009"},"geometry":{"type":"Polygon","coordinates":[[[37.724642,48.378292],[37.725954,48.378369],[37.725987,48.378247],[37.727003,48.374599],[37.727004,48.374599],[37.727319,48.373465],[37.727137,48.373443],[37.727137,48.373442],[37.726036,48.373307],[37.725673,48.374599],[37.725674,48.374599],[37.724654,48.378247],[37.724655,48.378247],[37.724655,48.378248],[37.724642,48.378292]]]}},{"type":"Feature","properties":{"cadnum":"1422485500:41:000:0008"},"geometry":{"type":"Polygon","coordinates":[[[37.725954,48.378369],[37.727137,48.378442],[37.727137,48.378441],[37.727288,48.37845],[37.727344,48.378247],[37.728392,48.374485],[37.728392,48.374484],[37.728631,48.373629],[37.727319,48.373465],[37.727137,48.37412],[37.727003,48.374599],[37.726019,48.378133],[37.726018,48.378133],[37.725954,48.378369]]]}},{"type":"Feature","properties":{"cadnum":"1422485500:41:000:0011"},"geometry":{"type":"Polygon","coordinates":[[[37.722015,48.378133],[37.722015,48.378134],[37.722952,48.37819],[37.723353,48.378214],[37.724391,48.374485],[37.724391,48.374484],[37.724764,48.373148],[37.723587,48.373002],[37.723132,48.374485],[37.722015,48.378133]]]}},{"type":"Feature","properties":{"cadnum":"1422485500:41:000:0010"},"geometry":{"type":"Polygon","coordinates":[[[37.723353,48.378214],[37.723901,48.378247],[37.723902,48.378247],[37.724642,48.378292],[37.724686,48.378133],[37.725706,48.374485],[37.725705,48.374485],[37.725705,48.374484],[37.726036,48.373307],[37.72529,48.373214],[37.724764,48.373148],[37.724359,48.374599],[37.72436,48.374599],[37.723376,48.378133],[37.723375,48.378133],[37.723353,48.378214]]]}},{"type":"Feature","properties":{"cadnum":"1422485500:35:000:0007"},"geometry":{"type":"Polygon","coordinates":[[[37.681806,48.39102],[37.682772,48.391119],[37.68302,48.391144],[37.68302,48.391145],[37.683806,48.391223],[37.684268,48.389192],[37.684622,48.387638],[37.683877,48.387644],[37.68302,48.38765],[37.68302,48.387651],[37.682637,48.387653],[37.682412,48.388211],[37.682354,48.388575],[37.682241,48.389078],[37.68224,48.389078],[37.681806,48.39102]]]}},{"type":"Feature","properties":{"cadnum":"1422485500:35:000:0027"},"geometry":{"type":"Polygon","coordinates":[[[37.682588,48.386812],[37.682637,48.387653],[37.683191,48.38765],[37.683191,48.387649],[37.683882,48.387644],[37.68354,48.386636],[37.683064,48.386725],[37.682588,48.386812]]]}},{"type":"Feature","properties":{"cadnum":"1422485500:35:000:0055"},"geometry":{"type":"Polygon","coordinates":[[[37.67762,48.386707],[37.678106,48.386738],[37.679745,48.386893],[37.679745,48.386892],[37.67979,48.386776],[37.679951,48.38634],[37.679898,48.386335],[37.679385,48.386335],[37.678227,48.386419],[37.677701,48.386388],[37.67767,48.386386],[37.67762,48.386707]]]}},{"type":"Feature","properties":{"cadnum":"1422485500:35:000:0042"},"geometry":{"type":"Polygon","coordinates":[[[37.679718,48.38697],[37.68054,48.3872],[37.68063,48.387137],[37.680804,48.386973],[37.681182,48.387092],[37.681033,48.387271],[37.680989,48.387325],[37.681685,48.387331],[37.682075,48.387334],[37.682076,48.387334],[37.682467,48.386836],[37.682102,48.386812],[37.681712,48.386818],[37.67979,48.386776],[37.679745,48.386892],[37.679745,48.386893],[37.679718,48.38697]]]}},{"type":"Feature","properties":{"cadnum":"1422485500:35:000:0026"},"geometry":{"type":"Polygon","coordinates":[[[37.681582,48.388157],[37.681752,48.388166],[37.682412,48.388211],[37.682637,48.387653],[37.682588,48.386812],[37.682467,48.386836],[37.682076,48.387334],[37.682075,48.387334],[37.681685,48.387331],[37.681582,48.388157]]]}},{"type":"Feature","properties":{"cadnum":"1422485500:35:000:0044"},"geometry":{"type":"Polygon","coordinates":[[[37.681196,48.385992],[37.681712,48.386818],[37.682102,48.386812],[37.682467,48.386836],[37.682525,48.386824],[37.682588,48.386812],[37.683064,48.386725],[37.682454,48.385643],[37.682431,48.385648],[37.681196,48.385992]]]}},{"type":"Feature","properties":{"cadnum":"1422485500:35:000:0043"},"geometry":{"type":"Polygon","coordinates":[[[37.67979,48.386776],[37.681712,48.386818],[37.681196,48.385992],[37.679951,48.386338],[37.67979,48.386776]]]}},{"type":"Feature","properties":{"cadnum":"1422485500:35:000:0001"},"geometry":{"type":"Polygon","coordinates":[[[37.678546,48.391047],[37.680819,48.391199],[37.681752,48.391263],[37.681806,48.39102],[37.682215,48.389192],[37.682354,48.388575],[37.681672,48.388524],[37.681752,48.388166],[37.681582,48.388157],[37.680427,48.388095],[37.679368,48.388038],[37.679228,48.388458],[37.680997,48.388566],[37.680847,48.389192],[37.680848,48.389192],[37.680693,48.389846],[37.678896,48.389726],[37.678546,48.391047]]]}},{"type":"Feature","properties":{"cadnum":"1422485500:35:000:0024"},"geometry":{"type":"Polygon","coordinates":[[[37.679368,48.388038],[37.680427,48.388095],[37.68054,48.3872],[37.679718,48.38697],[37.679368,48.388038]]]}},{"type":"Feature","properties":{"cadnum":"1422485500:35:000:0025"},"geometry":{"type":"Polygon","coordinates":[[[37.680427,48.388095],[37.681582,48.388157],[37.681685,48.387331],[37.680989,48.387325],[37.68054,48.3872],[37.680427,48.388095]]]}},{"type":"Feature","properties":{"cadnum":"1422485500:47:000:0007"},"geometry":{"type":"Polygon","coordinates":[[[37.724135,48.343083],[37.725321,48.343181],[37.725598,48.341748],[37.725973,48.339819],[37.724786,48.339721],[37.724415,48.341634],[37.724414,48.341634],[37.724135,48.343083]]]}},{"type":"Feature","properties":{"cadnum":"1422485500:47:000:0005"},"geometry":{"type":"Polygon","coordinates":[[[37.721858,48.341736],[37.721987,48.341748],[37.721988,48.341748],[37.723973,48.341939],[37.724023,48.341686],[37.724598,48.338831],[37.722518,48.338634],[37.72188,48.341634],[37.721879,48.341634],[37.721858,48.341736]]]}},{"type":"Feature","properties":{"cadnum":"1422485500:47:000:0008"},"geometry":{"type":"Polygon","coordinates":[[[37.725321,48.343181],[37.727137,48.343329],[37.727265,48.343339],[37.727573,48.341748],[37.727574,48.341748],[37.727917,48.33998],[37.72701,48.339907],[37.726753,48.339885],[37.725973,48.339819],[37.725621,48.341634],[37.72562,48.341634],[37.725321,48.343181]]]}},{"type":"Feature","properties":{"cadnum":"1422485500:47:000:0015"},"geometry":{"type":"Polygon","coordinates":[[[37.726753,48.339885],[37.726965,48.339903],[37.72701,48.339907],[37.727137,48.339917],[37.727917,48.33998],[37.728223,48.340004],[37.72863,48.338097],[37.728631,48.338097],[37.729175,48.335556],[37.727705,48.335437],[37.727454,48.336619],[37.727454,48.336621],[37.727161,48.337983],[37.726965,48.338899],[37.726753,48.339885]]]}},{"type":"Feature","properties":{"cadnum":"1422485500:19:000:0043"},"geometry":{"type":"Polygon","coordinates":[[[37.65589,48.314594],[37.656162,48.316069],[37.656161,48.316069],[37.656514,48.317981],[37.658734,48.317862],[37.661219,48.317731],[37.661688,48.317706],[37.662012,48.316172],[37.66207,48.315899],[37.661047,48.315684],[37.658221,48.315087],[37.656271,48.314678],[37.65589,48.314594]]]}},{"type":"Feature","properties":{"cadnum":"1422485500:19:000:0042"},"geometry":{"type":"Polygon","coordinates":[[[37.653967,48.314182],[37.654315,48.316069],[37.654686,48.318076],[37.655554,48.318032],[37.655609,48.318029],[37.655725,48.318023],[37.655726,48.318023],[37.656514,48.317981],[37.656182,48.316183],[37.656183,48.316183],[37.65589,48.314594],[37.655656,48.314544],[37.653967,48.314182]]]}},{"type":"Feature","properties":{"cadnum":"1422485500:24:000:0024"},"geometry":{"type":"Polygon","coordinates":[[[37.657313,48.31368],[37.657319,48.31368],[37.657552,48.31388],[37.657659,48.314092],[37.657781,48.314217],[37.658118,48.314301],[37.658594,48.314307],[37.65908,48.313695],[37.657682,48.313217],[37.657313,48.31368]]]}},{"type":"Feature","properties":{"cadnum":"1422485500:24:000:0026"},"geometry":{"type":"Polygon","coordinates":[[[37.660148,48.3148],[37.660225,48.31486],[37.660431,48.314917],[37.660502,48.31495],[37.660503,48.31495],[37.660669,48.315391],[37.660755,48.315433],[37.661047,48.315496],[37.661495,48.315592],[37.661944,48.315021],[37.661219,48.314601],[37.660592,48.314238],[37.660148,48.3148]]]}},{"type":"Feature","properties":{"cadnum":"1422485500:24:000:0038"},"geometry":{"type":"Polygon","coordinates":[[[37.657219,48.314689],[37.660516,48.315382],[37.660476,48.315347],[37.660476,48.315346],[37.660481,48.315128],[37.660359,48.31497],[37.660013,48.314835],[37.659717,48.314671],[37.659654,48.314662],[37.659088,48.31468],[37.658638,48.314552],[37.658485,48.314421],[37.658334,48.314373],[37.657893,48.314355],[37.657669,48.314266],[37.657619,48.314224],[37.657548,48.314038],[37.657539,48.314032],[37.657219,48.314689]]]}},{"type":"Feature","properties":{"cadnum":"1422485500:24:000:0043"},"geometry":{"type":"Polygon","coordinates":[[[37.660997,48.314226],[37.661047,48.314255],[37.661047,48.314256],[37.663346,48.315588],[37.663912,48.315182],[37.662695,48.314782],[37.661196,48.314292],[37.660997,48.314226]]]}},{"type":"Feature","properties":{"cadnum":"1422485500:24:000:0037"},"geometry":{"type":"Polygon","coordinates":[[[37.655522,48.314328],[37.655554,48.314335],[37.655683,48.314363],[37.655725,48.314372],[37.655726,48.314372],[37.657219,48.314689],[37.657539,48.314032],[37.657346,48.313934],[37.657287,48.313817],[37.657223,48.313808],[37.657036,48.313919],[37.656658,48.313916],[37.656554,48.313859],[37.656487,48.313688],[37.656397,48.313548],[37.656231,48.313458],[37.656047,48.313491],[37.655904,48.313536],[37.655686,48.313987],[37.655522,48.314328]]]}},{"type":"Feature","properties":{"cadnum":"1422485500:24:000:0025"},"geometry":{"type":"Polygon","coordinates":[[[37.658594,48.314307],[37.658621,48.314307],[37.658747,48.314381],[37.658895,48.314567],[37.659757,48.314588],[37.65991,48.314623],[37.660148,48.3148],[37.660592,48.314238],[37.660508,48.314187],[37.660476,48.314167],[37.65908,48.313695],[37.658594,48.314307]]]}},{"type":"Feature","properties":{"cadnum":"1422485500:24:000:0036"},"geometry":{"type":"Polygon","coordinates":[[[37.653635,48.313921],[37.655522,48.314328],[37.655554,48.314262],[37.655686,48.313987],[37.655725,48.313906],[37.655904,48.313536],[37.65576,48.313578],[37.655554,48.313584],[37.655338,48.31359],[37.655042,48.313458],[37.654745,48.313339],[37.654592,48.313303],[37.654407,48.313342],[37.65421,48.313321],[37.654071,48.313223],[37.654013,48.313139],[37.653635,48.313921]]]}},{"type":"Feature","properties":{"cadnum":"1422485500:21:000:0021"},"geometry":{"type":"Polygon","coordinates":[[[37.616194,48.329202],[37.616567,48.329267],[37.617273,48.329094],[37.617273,48.329093],[37.617307,48.329085],[37.618417,48.328813],[37.619522,48.328538],[37.621741,48.327998],[37.622595,48.32779],[37.622652,48.327776],[37.622766,48.327748],[37.622767,48.327748],[37.622903,48.327714],[37.624171,48.327407],[37.625459,48.327093],[37.626758,48.326776],[37.628046,48.326463],[37.628088,48.326453],[37.628088,48.326454],[37.629371,48.326141],[37.630041,48.325893],[37.62987,48.325878],[37.62826,48.32627],[37.625143,48.327027],[37.624838,48.327101],[37.624674,48.327141],[37.624673,48.327141],[37.623263,48.327484],[37.622595,48.327647],[37.617273,48.32894],[37.616194,48.329202]]]}},{"type":"Feature","properties":{"cadnum":"1422485500:21:000:0001"},"geometry":{"type":"Polygon","coordinates":[[[37.616194,48.329202],[37.617102,48.328981],[37.622766,48.327606],[37.622766,48.327605],[37.622767,48.327605],[37.623263,48.327484],[37.623226,48.327141],[37.623186,48.326747],[37.622755,48.326852],[37.622035,48.327027],[37.622034,48.327027],[37.617273,48.328184],[37.616221,48.32844],[37.616194,48.329202]]]}},{"type":"Feature","properties":{"cadnum":"1422485500:52:000:0009"},"geometry":{"type":"Polygon","coordinates":[[[37.677441,48.319976],[37.677526,48.321682],[37.677548,48.322108],[37.677698,48.322103],[37.677698,48.322102],[37.680997,48.321966],[37.680823,48.320033],[37.680553,48.319845],[37.677526,48.319972],[37.677441,48.319976]]]}},{"type":"Feature","properties":{"cadnum":"1422485500:52:000:0021"},"geometry":{"type":"Polygon","coordinates":[[[37.677737,48.322774],[37.677834,48.323374],[37.677834,48.323375],[37.67784,48.323414],[37.677851,48.323489],[37.677852,48.323489],[37.678037,48.32468],[37.678316,48.324587],[37.678452,48.324561],[37.678913,48.324495],[37.679592,48.32428],[37.679844,48.324175],[37.68028,48.323927],[37.680414,48.32387],[37.680584,48.323829],[37.681087,48.323614],[37.681445,48.32348],[37.681447,48.32348],[37.681622,48.323432],[37.681645,48.323425],[37.681775,48.323408],[37.681779,48.323223],[37.682844,48.323157],[37.682916,48.323142],[37.682978,48.3229],[37.683104,48.322548],[37.681695,48.322608],[37.680356,48.322664],[37.677737,48.322774]]]}},{"type":"Feature","properties":{"cadnum":"1422485500:52:000:0012"},"geometry":{"type":"Polygon","coordinates":[[[37.682578,48.323978],[37.682898,48.32388],[37.683019,48.323761],[37.68302,48.323761],[37.68302,48.323762],[37.683114,48.323669],[37.683191,48.323594],[37.683299,48.323489],[37.6838,48.322999],[37.684515,48.322619],[37.685283,48.322568],[37.685368,48.322491],[37.684528,48.32218],[37.683679,48.321867],[37.683118,48.322509],[37.682978,48.3229],[37.682855,48.323374],[37.682855,48.323375],[37.682845,48.323412],[37.682825,48.323489],[37.682768,48.323715],[37.682767,48.323715],[37.682578,48.323978]]]}},{"type":"Feature","properties":{"cadnum":"1422485500:52:000:0014"},"geometry":{"type":"Polygon","coordinates":[[[37.681762,48.324372],[37.682318,48.324339],[37.682489,48.324011],[37.6827,48.323701],[37.682786,48.323375],[37.682786,48.323374],[37.682844,48.323157],[37.681779,48.323223],[37.681774,48.323489],[37.681775,48.323489],[37.681762,48.324372]]]}},{"type":"Feature","properties":{"cadnum":"1422485500:52:000:0026"},"geometry":{"type":"Polygon","coordinates":[[[37.676636,48.316992],[37.676834,48.318262],[37.677001,48.319214],[37.677096,48.319836],[37.677171,48.320314],[37.677341,48.321359],[37.677513,48.322342],[37.677526,48.322417],[37.677526,48.322418],[37.677584,48.322741],[37.677678,48.32333],[37.677685,48.323374],[37.677685,48.323375],[37.677686,48.323386],[37.677702,48.323489],[37.677703,48.323489],[37.677737,48.323704],[37.677881,48.324552],[37.677976,48.324536],[37.677917,48.324113],[37.677818,48.323489],[37.677819,48.323489],[37.677796,48.323342],[37.677611,48.322106],[37.677548,48.322108],[37.677477,48.321282],[37.677211,48.319722],[37.677175,48.319504],[37.677001,48.318346],[37.676825,48.317184],[37.676789,48.316983],[37.676931,48.316183],[37.676987,48.315869],[37.677184,48.314755],[37.677032,48.31472],[37.676821,48.315851],[37.676785,48.316069],[37.67678,48.316101],[37.676766,48.316183],[37.676636,48.316992]]]}},{"type":"Feature","properties":{"cadnum":"1422485500:51:000:0042"},"geometry":{"type":"Polygon","coordinates":[[[37.682916,48.321554],[37.68302,48.321563],[37.68381,48.321634],[37.684196,48.32147],[37.684739,48.320961],[37.683167,48.320824],[37.683118,48.32097],[37.682916,48.321554]]]}},{"type":"Feature","properties":{"cadnum":"1422485500:26:000:0065"},"geometry":{"type":"Polygon","coordinates":[[[37.613014,48.295461],[37.613041,48.295556],[37.613265,48.296349],[37.617102,48.295864],[37.617102,48.295865],[37.619351,48.29558],[37.619108,48.294732],[37.617102,48.294972],[37.613014,48.295461]]]}},{"type":"Feature","properties":{"cadnum":"1422485500:25:000:0024"},"geometry":{"type":"Polygon","coordinates":[[[37.6062,48.297239],[37.606287,48.297347],[37.60629,48.29735],[37.611608,48.29669],[37.611609,48.29669],[37.612533,48.296575],[37.617102,48.296008],[37.619356,48.295727],[37.619351,48.29558],[37.617273,48.295843],[37.613265,48.296349],[37.611609,48.296557],[37.611609,48.296558],[37.611608,48.296558],[37.6062,48.297239]]]}},{"type":"Feature","properties":{"cadnum":"1422485500:25:000:0012"},"geometry":{"type":"Polygon","coordinates":[[[37.60629,48.29735],[37.606388,48.2978],[37.60654,48.298494],[37.609451,48.297914],[37.611608,48.297486],[37.611609,48.297486],[37.612699,48.297269],[37.612533,48.296575],[37.61178,48.296669],[37.60629,48.29735]]]}},{"type":"Feature","properties":{"cadnum":"1422485500:25:000:0022"},"geometry":{"type":"Polygon","coordinates":[[[37.612533,48.296575],[37.612699,48.297269],[37.612856,48.297915],[37.612857,48.297915],[37.612915,48.29815],[37.612986,48.29844],[37.616204,48.2978],[37.616205,48.2978],[37.617102,48.297622],[37.617102,48.297623],[37.619693,48.297107],[37.619356,48.295727],[37.617273,48.295986],[37.612533,48.296575]]]}},{"type":"Feature","properties":{"cadnum":"1422485500:25:000:0011"},"geometry":{"type":"Polygon","coordinates":[[[37.60654,48.298494],[37.606734,48.299381],[37.61178,48.298377],[37.61178,48.298376],[37.612915,48.29815],[37.612829,48.2978],[37.612828,48.2978],[37.612699,48.297269],[37.61178,48.297452],[37.61178,48.297451],[37.610025,48.2978],[37.609451,48.297914],[37.609451,48.297915],[37.60654,48.298494]]]}},{"type":"Feature","properties":{"cadnum":"1422485500:25:000:0021"},"geometry":{"type":"Polygon","coordinates":[[[37.612986,48.29844],[37.613125,48.299014],[37.613194,48.299297],[37.617273,48.298485],[37.619899,48.297962],[37.619879,48.29788],[37.619693,48.297107],[37.617273,48.297589],[37.617273,48.297588],[37.615629,48.297915],[37.612986,48.29844]]]}},{"type":"Feature","properties":{"cadnum":"1422485500:26:000:0001"},"geometry":{"type":"Polygon","coordinates":[[[37.605993,48.2964],[37.606115,48.296896],[37.6062,48.297239],[37.606287,48.297228],[37.61178,48.296536],[37.613265,48.296349],[37.613041,48.295556],[37.611609,48.295729],[37.606287,48.296365],[37.605993,48.2964]]]}},{"type":"Feature","properties":{"cadnum":"1422485500:26:000:0002"},"geometry":{"type":"Polygon","coordinates":[[[37.605781,48.295554],[37.605993,48.2964],[37.606115,48.296385],[37.606287,48.296365],[37.61178,48.295708],[37.613041,48.295556],[37.613014,48.295458],[37.612802,48.294717],[37.611753,48.294842],[37.606287,48.295494],[37.605781,48.295554]]]}},{"type":"Feature","properties":{"cadnum":"1422485500:33:000:0010"},"geometry":{"type":"Polygon","coordinates":[[[37.672747,48.275412],[37.676887,48.275869],[37.676885,48.275869],[37.677526,48.27594],[37.677526,48.275941],[37.678569,48.276055],[37.678644,48.275869],[37.678643,48.275869],[37.679085,48.274781],[37.677698,48.274629],[37.673179,48.27413],[37.672747,48.275412]]]}},{"type":"Feature","properties":{"cadnum":"1422485500:33:000:0035"},"geometry":{"type":"Polygon","coordinates":[[[37.668722,48.286032],[37.669028,48.286143],[37.669517,48.284759],[37.670048,48.283181],[37.670106,48.28301],[37.670699,48.281265],[37.670846,48.280777],[37.670838,48.280626],[37.671176,48.279597],[37.671412,48.27888],[37.672033,48.277148],[37.672037,48.277137],[37.672205,48.276656],[37.672205,48.276654],[37.672438,48.275984],[37.672644,48.275394],[37.673272,48.273654],[37.67371,48.272328],[37.67371,48.272327],[37.673848,48.271909],[37.674435,48.270243],[37.674324,48.270258],[37.673686,48.271995],[37.673606,48.272213],[37.673605,48.272213],[37.67358,48.272283],[37.673564,48.272327],[37.673564,48.272328],[37.673416,48.272736],[37.672863,48.27427],[37.67229,48.275869],[37.672289,48.275869],[37.672251,48.275979],[37.672249,48.275984],[37.67224,48.27601],[37.672055,48.276528],[37.671768,48.277331],[37.671494,48.278096],[37.671219,48.278862],[37.670985,48.279525],[37.67068,48.280389],[37.670146,48.281913],[37.669699,48.283181],[37.669698,48.283181],[37.669685,48.283219],[37.669658,48.283295],[37.669607,48.283441],[37.669185,48.284645],[37.669082,48.284959],[37.668722,48.286032]]]}},{"type":"Feature","properties":{"cadnum":"1422485500:30:000:0024"},"geometry":{"type":"Polygon","coordinates":[[[37.668942,48.273642],[37.672033,48.274137],[37.672033,48.274138],[37.672863,48.27427],[37.673259,48.273164],[37.673416,48.272736],[37.672205,48.272543],[37.670861,48.272328],[37.670861,48.272327],[37.669495,48.272109],[37.669415,48.272327],[37.669416,48.272327],[37.669416,48.272328],[37.669212,48.272898],[37.668942,48.273642]]]}},{"type":"Feature","properties":{"cadnum":"1422485500:30:000:0023"},"geometry":{"type":"Polygon","coordinates":[[[37.669495,48.272109],[37.670146,48.272213],[37.672033,48.272515],[37.672033,48.272516],[37.673416,48.272736],[37.673565,48.272328],[37.673565,48.272327],[37.674324,48.270258],[37.67347,48.270383],[37.673403,48.271149],[37.673402,48.271149],[37.672205,48.271255],[37.671529,48.271313],[37.671251,48.270635],[37.669971,48.270779],[37.669495,48.272109]]]}},{"type":"Feature","properties":{"cadnum":"1422485500:33:000:0009"},"geometry":{"type":"Polygon","coordinates":[[[37.672357,48.276563],[37.677526,48.277145],[37.677526,48.277146],[37.678096,48.277209],[37.678253,48.276829],[37.678569,48.276055],[37.677698,48.27596],[37.677698,48.275959],[37.672747,48.275412],[37.672552,48.275984],[37.672553,48.275984],[37.672357,48.276563]]]}},{"type":"Feature","properties":{"cadnum":"1422485500:30:000:0025"},"geometry":{"type":"Polygon","coordinates":[[[37.667846,48.276704],[37.671768,48.277331],[37.672033,48.27659],[37.672058,48.276519],[37.672205,48.276109],[37.672205,48.276107],[37.672249,48.275984],[37.672316,48.275798],[37.672863,48.27427],[37.672205,48.274165],[37.672205,48.274164],[37.668942,48.273642],[37.668646,48.274471],[37.668146,48.275869],[37.668145,48.275869],[37.66808,48.276055],[37.667846,48.276704]]]}},{"type":"Feature","properties":{"cadnum":"1422485500:33:000:0011"},"geometry":{"type":"Polygon","coordinates":[[[37.673179,48.27413],[37.677526,48.27461],[37.679085,48.274781],[37.679169,48.274575],[37.679165,48.273397],[37.677526,48.273216],[37.673632,48.272785],[37.673179,48.27413]]]}},{"type":"Feature","properties":{"cadnum":"1422485500:42:000:0046"},"geometry":{"type":"Polygon","coordinates":[[[37.735202,48.368262],[37.735521,48.368736],[37.735468,48.368921],[37.735409,48.369103],[37.737282,48.369252],[37.737506,48.369273],[37.737951,48.369308],[37.737951,48.369309],[37.739127,48.369401],[37.738123,48.368488],[37.737785,48.368181],[37.736707,48.368619],[37.735912,48.36859],[37.735911,48.36859],[37.735911,48.368589],[37.735863,48.368435],[37.736577,48.36847],[37.736743,48.368404],[37.735202,48.368262]],[[37.736083,48.368888],[37.737043,48.368664],[37.737173,48.368661],[37.737816,48.368658],[37.737794,48.368798],[37.737093,48.368798],[37.736141,48.369016],[37.736083,48.368888]]]}},{"type":"Feature","properties":{"cadnum":"1422485500:42:000:0073"},"geometry":{"type":"Polygon","coordinates":[[[37.736869,48.371045],[37.737313,48.371018],[37.7373,48.371219],[37.737588,48.37126],[37.737713,48.37109],[37.737951,48.370941],[37.738048,48.370881],[37.738123,48.370834],[37.738238,48.370762],[37.738107,48.370751],[37.737412,48.370696],[37.737373,48.370836],[37.737372,48.370836],[37.737367,48.370857],[37.737366,48.370857],[37.736932,48.370744],[37.736912,48.370836],[37.736904,48.370874],[37.736888,48.37095],[37.736889,48.37095],[37.736869,48.371045]]]}},{"type":"Feature","properties":{"cadnum":"1422485500:42:000:0045"},"geometry":{"type":"Polygon","coordinates":[[[37.737066,48.369953],[37.737951,48.369947],[37.737951,48.369948],[37.739003,48.369941],[37.739196,48.369464],[37.739127,48.369401],[37.738123,48.369322],[37.737506,48.369273],[37.737282,48.369252],[37.737228,48.369419],[37.737322,48.369416],[37.737345,48.36958],[37.737183,48.369571],[37.73716,48.369649],[37.737202,48.369646],[37.73725,48.369839],[37.737112,48.36981],[37.737076,48.369926],[37.737066,48.369953]]]}},{"type":"Feature","properties":{"cadnum":"1422485500:09:000:0061"},"geometry":{"type":"Polygon","coordinates":[[[37.736366,48.336338],[37.737951,48.336488],[37.741881,48.33686],[37.742007,48.336433],[37.738123,48.336066],[37.73646,48.335908],[37.736366,48.336338]]]}},{"type":"Feature","properties":{"cadnum":"1422485500:09:000:0064"},"geometry":{"type":"Polygon","coordinates":[[[37.73606,48.337703],[37.738123,48.337899],[37.738123,48.337898],[37.738678,48.337951],[37.738741,48.337732],[37.740927,48.338097],[37.740928,48.338097],[37.7415,48.338192],[37.74153,48.338084],[37.741634,48.337721],[37.737951,48.337372],[37.737951,48.337373],[37.736173,48.337203],[37.73606,48.337703]]]}},{"type":"Feature","properties":{"cadnum":"1422485500:09:000:0063"},"geometry":{"type":"Polygon","coordinates":[[[37.736173,48.337203],[37.738123,48.337389],[37.738123,48.337388],[37.741634,48.337721],[37.74176,48.337291],[37.738123,48.336947],[37.736267,48.336771],[37.736173,48.337203]]]}},{"type":"Feature","properties":{"cadnum":"1422485500:09:000:0058"},"geometry":{"type":"Polygon","coordinates":[[[37.736653,48.335057],[37.737951,48.33518],[37.74225,48.335585],[37.74237,48.335165],[37.738123,48.334764],[37.738123,48.334763],[37.736747,48.334633],[37.736653,48.335057]]]}},{"type":"Feature","properties":{"cadnum":"1422485500:09:000:0057"},"geometry":{"type":"Polygon","coordinates":[[[37.736747,48.334633],[37.737951,48.334747],[37.74237,48.335165],[37.742492,48.334746],[37.738096,48.334331],[37.738095,48.334331],[37.736842,48.334212],[37.736815,48.334331],[37.736814,48.334331],[37.736793,48.334427],[37.736789,48.334445],[37.736747,48.334633]]]}},{"type":"Feature","properties":{"cadnum":"1422485500:09:000:0056"},"geometry":{"type":"Polygon","coordinates":[[[37.736842,48.334212],[37.737951,48.334317],[37.737951,48.334318],[37.739303,48.334445],[37.739304,48.334445],[37.742492,48.334746],[37.742598,48.334379],[37.742613,48.334328],[37.737951,48.333887],[37.737951,48.333888],[37.736936,48.333791],[37.736842,48.334212]]]}},{"type":"Feature","properties":{"cadnum":"1422485500:09:000:0060"},"geometry":{"type":"Polygon","coordinates":[[[37.73646,48.335908],[37.737951,48.33605],[37.742007,48.336433],[37.742129,48.33601],[37.738123,48.33563],[37.736559,48.335481],[37.73646,48.335908]]]}},{"type":"Feature","properties":{"cadnum":"1422485500:09:000:0059"},"geometry":{"type":"Polygon","coordinates":[[[37.736559,48.335481],[37.737951,48.335614],[37.742129,48.33601],[37.74225,48.335585],[37.738123,48.335196],[37.736653,48.335057],[37.736559,48.335481]]]}},{"type":"Feature","properties":{"cadnum":"1422485500:09:000:0062"},"geometry":{"type":"Polygon","coordinates":[[[37.736267,48.336771],[37.737951,48.33693],[37.737951,48.336931],[37.74176,48.337291],[37.741881,48.33686],[37.738123,48.336505],[37.736366,48.336338],[37.736267,48.336771]]]}},{"type":"Feature","properties":{"cadnum":"1422485500:09:000:0065"},"geometry":{"type":"Polygon","coordinates":[[[37.735854,48.338619],[37.737951,48.338818],[37.738045,48.338827],[37.738123,48.338834],[37.738414,48.338861],[37.738669,48.337983],[37.738678,48.337951],[37.737951,48.337882],[37.737951,48.337883],[37.73606,48.337703],[37.735997,48.337983],[37.735996,48.337983],[37.735854,48.338619]]]}},{"type":"Feature","properties":{"cadnum":"1422485500:49:000:0015"},"geometry":{"type":"Polygon","coordinates":[[[37.697033,48.320168],[37.699671,48.321487],[37.699671,48.321486],[37.700146,48.321723],[37.702193,48.320284],[37.701074,48.319722],[37.701073,48.319722],[37.699499,48.318932],[37.699444,48.318904],[37.697884,48.319722],[37.697883,48.319722],[37.697033,48.320168]]]}},{"type":"Feature","properties":{"cadnum":"1422485500:49:000:0016"},"geometry":{"type":"Polygon","coordinates":[[[37.699444,48.318904],[37.699671,48.319018],[37.7013,48.319836],[37.701301,48.319836],[37.702193,48.320284],[37.702919,48.319773],[37.703276,48.319522],[37.704817,48.318949],[37.702032,48.317554],[37.699508,48.318871],[37.699444,48.318904]]]}},{"type":"Feature","properties":{"cadnum":"1422485500:50:000:0011"},"geometry":{"type":"Polygon","coordinates":[[[37.692991,48.316285],[37.694178,48.316991],[37.698178,48.31937],[37.699549,48.318644],[37.69522,48.316069],[37.694176,48.315448],[37.693134,48.316183],[37.693135,48.316183],[37.692991,48.316285]]]}},{"type":"Feature","properties":{"cadnum":"1422485500:50:000:0009"},"geometry":{"type":"Polygon","coordinates":[[[37.695375,48.314704],[37.697862,48.316183],[37.699499,48.317157],[37.700846,48.317957],[37.702144,48.31727],[37.700123,48.316069],[37.699499,48.315698],[37.696889,48.314146],[37.695375,48.314704]]]}},{"type":"Feature","properties":{"cadnum":"1422485500:50:000:0010"},"geometry":{"type":"Polygon","coordinates":[[[37.694176,48.315448],[37.695411,48.316183],[37.695412,48.316183],[37.699499,48.318614],[37.699549,48.318644],[37.699671,48.318579],[37.700846,48.317957],[37.699671,48.317259],[37.69767,48.316069],[37.695375,48.314704],[37.695065,48.314821],[37.694176,48.315448]]]}},{"type":"Feature","properties":{"cadnum":"1422485500:50:000:0012"},"geometry":{"type":"Polygon","coordinates":[[[37.69175,48.317162],[37.694178,48.318604],[37.696252,48.319836],[37.696253,48.319836],[37.696746,48.320129],[37.697513,48.319722],[37.698178,48.31937],[37.694006,48.316889],[37.692991,48.316285],[37.69175,48.317162]]]}},{"type":"Feature","properties":{"cadnum":"1422485500:50:000:0013"},"geometry":{"type":"Polygon","coordinates":[[[37.690475,48.318065],[37.693451,48.319836],[37.694006,48.320166],[37.694006,48.320167],[37.695263,48.320914],[37.696746,48.320129],[37.696061,48.319722],[37.69606,48.319722],[37.694006,48.318502],[37.69175,48.317162],[37.690475,48.318065]]]}},{"type":"Feature","properties":{"cadnum":"1422485500:05:000:0015"},"geometry":{"type":"Polygon","coordinates":[[[37.653797,48.333352],[37.653888,48.334331],[37.653977,48.335275],[37.654767,48.335063],[37.655725,48.334733],[37.655726,48.334733],[37.656637,48.334419],[37.657107,48.334257],[37.65699,48.332994],[37.655554,48.333155],[37.655554,48.333156],[37.653797,48.333352]]]}},{"type":"Feature","properties":{"cadnum":"1422485500:05:000:0014"},"geometry":{"type":"Polygon","coordinates":[[[37.650491,48.333722],[37.650546,48.334331],[37.650552,48.334391],[37.650557,48.334445],[37.650572,48.334594],[37.650715,48.336138],[37.653977,48.335275],[37.653899,48.334445],[37.653797,48.333352],[37.650491,48.333722]]]}},{"type":"Feature","properties":{"cadnum":"1422485500:05:000:0009"},"geometry":{"type":"Polygon","coordinates":[[[37.646166,48.331978],[37.646319,48.3336],[37.650061,48.333182],[37.650061,48.333183],[37.650438,48.33314],[37.650388,48.332617],[37.650285,48.331515],[37.650169,48.331529],[37.646166,48.331978]]]}},{"type":"Feature","properties":{"cadnum":"1422485500:05:000:0013"},"geometry":{"type":"Polygon","coordinates":[[[37.650388,48.332617],[37.650438,48.33314],[37.650491,48.333722],[37.653797,48.333352],[37.655725,48.333136],[37.655726,48.333136],[37.65699,48.332994],[37.656887,48.331889],[37.655554,48.332039],[37.650388,48.332617]]]}},{"type":"Feature","properties":{"cadnum":"1422485500:05:000:0010"},"geometry":{"type":"Polygon","coordinates":[[[37.645424,48.333702],[37.64577,48.334331],[37.645769,48.334331],[37.646184,48.335084],[37.650061,48.334652],[37.650572,48.334594],[37.650552,48.334391],[37.650491,48.333722],[37.650438,48.33314],[37.650232,48.333163],[37.646319,48.3336],[37.645424,48.333702]]]}},{"type":"Feature","properties":{"cadnum":"1422485500:05:000:0012"},"geometry":{"type":"Polygon","coordinates":[[[37.650285,48.331515],[37.650388,48.332617],[37.655725,48.33202],[37.655726,48.33202],[37.655726,48.332019],[37.656887,48.331889],[37.656784,48.330787],[37.655554,48.330925],[37.655554,48.330926],[37.650285,48.331515]]]}},{"type":"Feature","properties":{"cadnum":"1422485500:56:000:0069"},"geometry":{"type":"Polygon","coordinates":[[[37.69627,48.28538],[37.699671,48.284857],[37.699671,48.284856],[37.703572,48.284254],[37.705164,48.284005],[37.705193,48.284],[37.705248,48.283713],[37.704992,48.283753],[37.703622,48.283967],[37.699499,48.284614],[37.696323,48.285112],[37.69627,48.28538]]]}},{"type":"Feature","properties":{"cadnum":"1422485500:56:000:0038"},"geometry":{"type":"Polygon","coordinates":[[[37.691976,48.286639],[37.694178,48.286237],[37.696022,48.285901],[37.69614,48.285279],[37.694178,48.285639],[37.694178,48.285638],[37.692092,48.28602],[37.691989,48.286567],[37.691976,48.286639]]]}},{"type":"Feature","properties":{"cadnum":"1422485500:56:000:0071"},"geometry":{"type":"Polygon","coordinates":[[[37.695897,48.287276],[37.698532,48.286905],[37.698534,48.286905],[37.699499,48.286769],[37.699499,48.28677],[37.70117,48.286534],[37.703199,48.286247],[37.704821,48.28602],[37.704876,48.28573],[37.703254,48.285963],[37.701224,48.286253],[37.699671,48.286476],[37.699671,48.286475],[37.698587,48.28663],[37.696327,48.28695],[37.695951,48.287004],[37.695897,48.287276]]]}},{"type":"Feature","properties":{"cadnum":"1422485500:56:000:0075"},"geometry":{"type":"Polygon","coordinates":[[[37.695951,48.287004],[37.697133,48.286836],[37.698587,48.28663],[37.699671,48.286475],[37.701218,48.286253],[37.703254,48.285963],[37.704876,48.28573],[37.704929,48.285444],[37.703308,48.285679],[37.701273,48.285972],[37.699671,48.286203],[37.698637,48.286352],[37.696004,48.286734],[37.695983,48.286836],[37.695974,48.286883],[37.69596,48.28695],[37.695961,48.28695],[37.695951,48.287004]]]}},{"type":"Feature","properties":{"cadnum":"1422485500:56:000:0070"},"geometry":{"type":"Polygon","coordinates":[[[37.695842,48.287545],[37.699499,48.287037],[37.699499,48.287038],[37.700771,48.286861],[37.703146,48.286532],[37.704767,48.286307],[37.704821,48.28602],[37.703199,48.286247],[37.699516,48.286767],[37.699022,48.286836],[37.699019,48.286836],[37.698374,48.286927],[37.698208,48.28695],[37.695897,48.287276],[37.695842,48.287545]]]}},{"type":"Feature","properties":{"cadnum":"1422485500:56:000:0039"},"geometry":{"type":"Polygon","coordinates":[[[37.692092,48.28602],[37.694006,48.28567],[37.694006,48.285671],[37.69614,48.285279],[37.69626,48.28466],[37.69626,48.284658],[37.694006,48.285071],[37.692213,48.285398],[37.692092,48.28602]]]}},{"type":"Feature","properties":{"cadnum":"1422485500:56:000:0067"},"geometry":{"type":"Polygon","coordinates":[[[37.696377,48.28484],[37.699499,48.284344],[37.703675,48.28368],[37.705164,48.283446],[37.705164,48.283445],[37.705302,48.283423],[37.705339,48.283222],[37.705356,48.283133],[37.705064,48.283181],[37.705062,48.283181],[37.70455,48.283263],[37.704354,48.283295],[37.70373,48.283396],[37.699671,48.28405],[37.696431,48.284571],[37.696377,48.28484]]]}},{"type":"Feature","properties":{"cadnum":"1422485500:56:000:0072"},"geometry":{"type":"Polygon","coordinates":[[[37.696215,48.285653],[37.699499,48.285151],[37.699499,48.285152],[37.703518,48.284538],[37.704992,48.284313],[37.704992,48.284314],[37.705145,48.28429],[37.705164,48.284178],[37.705164,48.284177],[37.705193,48.284],[37.704992,48.284032],[37.703572,48.284254],[37.699499,48.284883],[37.69627,48.28538],[37.696215,48.285653]]]}},{"type":"Feature","properties":{"cadnum":"1422485500:56:000:0079"},"geometry":{"type":"Polygon","coordinates":[[[37.696112,48.286193],[37.699671,48.285665],[37.703411,48.285108],[37.704992,48.284873],[37.704992,48.284874],[37.705037,48.284866],[37.70509,48.28458],[37.703465,48.284825],[37.699671,48.285395],[37.696166,48.285921],[37.696112,48.286193]]]}},{"type":"Feature","properties":{"cadnum":"1422485500:56:000:0036"},"geometry":{"type":"Polygon","coordinates":[[[37.691733,48.287882],[37.694178,48.287435],[37.69578,48.287141],[37.695839,48.286836],[37.695901,48.286523],[37.695901,48.286519],[37.694178,48.286836],[37.694178,48.286835],[37.694173,48.286836],[37.694171,48.286836],[37.693665,48.286929],[37.693547,48.28695],[37.691853,48.287261],[37.691849,48.287288],[37.691737,48.287868],[37.691733,48.287882]]]}},{"type":"Feature","properties":{"cadnum":"1422485500:56:000:0068"},"geometry":{"type":"Polygon","coordinates":[[[37.696323,48.285112],[37.699671,48.284587],[37.703622,48.283967],[37.705164,48.283726],[37.705248,48.283713],[37.705302,48.283423],[37.704992,48.283473],[37.703675,48.28368],[37.699671,48.284317],[37.696377,48.28484],[37.696323,48.285112]]]}},{"type":"Feature","properties":{"cadnum":"1422485500:56:000:0037"},"geometry":{"type":"Polygon","coordinates":[[[37.691853,48.287261],[37.693665,48.286929],[37.694006,48.286866],[37.694006,48.286867],[37.695901,48.286519],[37.696022,48.285901],[37.694006,48.286268],[37.694006,48.286269],[37.691976,48.286639],[37.691914,48.28695],[37.691853,48.287261]]]}},{"type":"Feature","properties":{"cadnum":"1422485500:56:000:0078"},"geometry":{"type":"Polygon","coordinates":[[[37.696166,48.285921],[37.699499,48.285421],[37.703465,48.284825],[37.704992,48.284595],[37.70509,48.28458],[37.705145,48.28429],[37.703518,48.284538],[37.699671,48.285126],[37.699671,48.285125],[37.696215,48.285653],[37.696166,48.285921]]]}},{"type":"Feature","properties":{"cadnum":"1422485500:56:000:0073"},"geometry":{"type":"Polygon","coordinates":[[[37.696431,48.284571],[37.699499,48.284078],[37.70373,48.283396],[37.70455,48.283263],[37.704992,48.283192],[37.705036,48.283185],[37.705164,48.283165],[37.705164,48.283164],[37.705356,48.283133],[37.7054,48.282894],[37.705086,48.282937],[37.703784,48.283112],[37.703278,48.283181],[37.703277,48.283181],[37.702997,48.283219],[37.702436,48.283295],[37.699499,48.283695],[37.696526,48.284098],[37.696431,48.284571]]]}},{"type":"Feature","properties":{"cadnum":"1422485500:56:000:0074"},"geometry":{"type":"Polygon","coordinates":[[[37.696058,48.286463],[37.699671,48.285934],[37.703357,48.285393],[37.704983,48.285156],[37.705037,48.284866],[37.703411,48.285108],[37.699499,48.28569],[37.699499,48.285691],[37.696112,48.286193],[37.696111,48.286193],[37.696058,48.286463]]]}},{"type":"Feature","properties":{"cadnum":"1422485500:56:000:0076"},"geometry":{"type":"Polygon","coordinates":[[[37.696004,48.286734],[37.698637,48.286352],[37.699499,48.286228],[37.701273,48.285972],[37.703308,48.285679],[37.704929,48.285444],[37.704983,48.285156],[37.703357,48.285393],[37.700725,48.285778],[37.699499,48.28596],[37.698092,48.286167],[37.696058,48.286463],[37.696004,48.286734]]]}},{"type":"Feature","properties":{"cadnum":"1422485500:24:003:0036"},"geometry":{"type":"Polygon","coordinates":[[[37.652692,48.297837],[37.652868,48.297915],[37.652869,48.297915],[37.652889,48.297923],[37.652997,48.297815],[37.653671,48.29714],[37.653505,48.297024],[37.652729,48.2978],[37.652728,48.2978],[37.652692,48.297837]]]}},{"type":"Feature","properties":{"cadnum":"1422485500:24:002:0064"},"geometry":{"type":"Polygon","coordinates":[[[37.651281,48.299567],[37.651632,48.299877],[37.652059,48.30005],[37.652342,48.300101],[37.652575,48.300092],[37.652791,48.300143],[37.652868,48.300086],[37.652445,48.299737],[37.652585,48.299627],[37.652076,48.299238],[37.652027,48.299205],[37.651933,48.299136],[37.651902,48.29916],[37.65187,48.299184],[37.651623,48.299363],[37.651556,48.299337],[37.651281,48.299567]]]}},{"type":"Feature","properties":{"cadnum":"1422485500:24:003:0003"},"geometry":{"type":"Polygon","coordinates":[[[37.655319,48.29881],[37.655554,48.298902],[37.655688,48.298954],[37.655725,48.298915],[37.655725,48.298914],[37.655726,48.298914],[37.656223,48.298389],[37.655809,48.298225],[37.655609,48.298464],[37.655319,48.29881]]]}},{"type":"Feature","properties":{"cadnum":"1422485500:24:002:0065"},"geometry":{"type":"Polygon","coordinates":[[[37.649715,48.29786],[37.649931,48.297915],[37.650061,48.297947],[37.650061,48.297948],[37.650174,48.297976],[37.650232,48.29799],[37.650262,48.297997],[37.650428,48.297908],[37.650694,48.29766],[37.650411,48.297541],[37.650617,48.297215],[37.650604,48.297212],[37.650522,48.297185],[37.650397,48.29714],[37.650342,48.297125],[37.650232,48.297088],[37.650163,48.297065],[37.649745,48.297699],[37.649726,48.2978],[37.649725,48.2978],[37.649715,48.29786]]]}},{"type":"Feature","properties":{"cadnum":"1422485500:24:003:0035"},"geometry":{"type":"Polygon","coordinates":[[[37.652889,48.297923],[37.653088,48.29801],[37.653295,48.2978],[37.653837,48.297257],[37.653671,48.29714],[37.653011,48.2978],[37.652997,48.297815],[37.652897,48.297915],[37.652898,48.297915],[37.652889,48.297923]]]}},{"type":"Feature","properties":{"cadnum":"1422485500:24:002:0025"},"geometry":{"type":"Polygon","coordinates":[[[37.652359,48.299348],[37.652602,48.299447],[37.653428,48.29853],[37.653185,48.298431],[37.652359,48.299348]]]}},{"type":"Feature","properties":{"cadnum":"1422485500:24:002:0026"},"geometry":{"type":"Polygon","coordinates":[[[37.65231,48.299402],[37.652552,48.299501],[37.652602,48.299447],[37.652359,48.299348],[37.65231,48.299402]]]}},{"type":"Feature","properties":{"cadnum":"1422485500:24:000:0053"},"geometry":{"type":"Polygon","coordinates":[[[37.649072,48.302739],[37.650061,48.302754],[37.650061,48.302755],[37.652611,48.302794],[37.652703,48.301455],[37.652703,48.301454],[37.652746,48.300836],[37.650231,48.30051],[37.64953,48.300418],[37.649369,48.301454],[37.649369,48.301455],[37.649362,48.301502],[37.649351,48.301569],[37.649352,48.301569],[37.649346,48.301607],[37.649166,48.301598],[37.649072,48.302739]]]}},{"type":"Feature","properties":{"cadnum":"1422485500:24:002:0044"},"geometry":{"type":"Polygon","coordinates":[[[37.650751,48.298419],[37.651053,48.298544],[37.651726,48.297846],[37.651407,48.297714],[37.651219,48.297915],[37.65122,48.297915],[37.650751,48.298419]]]}},{"type":"Feature","properties":{"cadnum":"1422485500:24:002:0060"},"geometry":{"type":"Polygon","coordinates":[[[37.655126,48.300242],[37.655405,48.300347],[37.655554,48.300187],[37.656151,48.299545],[37.655868,48.299441],[37.655554,48.29978],[37.655554,48.299781],[37.655126,48.300242]]]}},{"type":"Feature","properties":{"cadnum":"1422485500:38:000:0045"},"geometry":{"type":"Polygon","coordinates":[[[37.696238,48.38033],[37.699671,48.380623],[37.699671,48.380622],[37.6997,48.380625],[37.69988,48.379516],[37.700514,48.378457],[37.700756,48.378247],[37.70153,48.377579],[37.70196,48.377155],[37.701973,48.377141],[37.702467,48.376559],[37.702855,48.376186],[37.703392,48.375667],[37.704098,48.374879],[37.704432,48.374599],[37.704992,48.374128],[37.705068,48.374065],[37.705164,48.373984],[37.705252,48.373909],[37.705143,48.373908],[37.704444,48.3739],[37.699526,48.373343],[37.698838,48.373265],[37.698817,48.37336],[37.698825,48.373369],[37.698968,48.373387],[37.698964,48.373405],[37.698821,48.373391],[37.698807,48.373396],[37.698775,48.373519],[37.698721,48.373513],[37.698753,48.373391],[37.69874,48.373378],[37.698597,48.373364],[37.698601,48.373345],[37.698744,48.37336],[37.698762,48.373355],[37.698784,48.373259],[37.698201,48.373194],[37.698079,48.373236],[37.697805,48.373331],[37.697547,48.374485],[37.697546,48.374485],[37.696729,48.378133],[37.696728,48.378133],[37.696704,48.378244],[37.696703,48.378247],[37.696238,48.38033]],[[37.70188,48.3766],[37.70174,48.376586],[37.701744,48.376568],[37.701884,48.376582],[37.701901,48.376577],[37.701943,48.376421],[37.701996,48.376427],[37.701996,48.376428],[37.701956,48.376582],[37.701964,48.376591],[37.702109,48.376609],[37.702104,48.376628],[37.702103,48.376628],[37.70196,48.376609],[37.701947,48.376619],[37.701906,48.37677],[37.701853,48.376765],[37.701893,48.376613],[37.70188,48.3766]],[[37.698322,48.375986],[37.698452,48.376076],[37.698065,48.376323],[37.697945,48.376371],[37.697864,48.376317],[37.697941,48.376233],[37.698322,48.375986]]]}},{"type":"Feature","properties":{"cadnum":"1422485500:38:000:0026"},"geometry":{"type":"Polygon","coordinates":[[[37.701457,48.378531],[37.702966,48.378641],[37.703071,48.378213],[37.703209,48.377663],[37.703218,48.377618],[37.703339,48.377129],[37.702809,48.377504],[37.702472,48.377746],[37.701948,48.378133],[37.701931,48.378146],[37.701794,48.378247],[37.701794,48.378248],[37.70152,48.37845],[37.701457,48.378531]]]}},{"type":"Feature","properties":{"cadnum":"1422485500:38:000:0027"},"geometry":{"type":"Polygon","coordinates":[[[37.700994,48.379119],[37.701031,48.379271],[37.701111,48.379656],[37.701025,48.37982],[37.701125,48.379906],[37.701094,48.380396],[37.70266,48.379894],[37.702782,48.379399],[37.702966,48.378641],[37.701457,48.378531],[37.700994,48.379119]]]}},{"type":"Feature","properties":{"cadnum":"1422485500:38:000:0058"},"geometry":{"type":"Polygon","coordinates":[[[37.699876,48.379551],[37.700019,48.379593],[37.700073,48.379331],[37.700361,48.379029],[37.700748,48.378349],[37.70099,48.378185],[37.700992,48.378184],[37.701708,48.377597],[37.702153,48.377141],[37.703029,48.376231],[37.703528,48.375718],[37.703528,48.375717],[37.704327,48.374945],[37.704809,48.374485],[37.704992,48.374309],[37.705132,48.374175],[37.704979,48.374139],[37.704567,48.374485],[37.704098,48.374879],[37.703725,48.375297],[37.703392,48.375658],[37.702855,48.376213],[37.701977,48.37712],[37.701578,48.377535],[37.700868,48.378113],[37.700838,48.378133],[37.700608,48.378289],[37.700213,48.378981],[37.699922,48.379295],[37.699876,48.379551]]]}},{"type":"Feature","properties":{"cadnum":"1422485500:38:000:0060"},"geometry":{"type":"Polygon","coordinates":[[[37.695968,48.380512],[37.6975,48.380646],[37.699036,48.380781],[37.699486,48.380819],[37.699499,48.380819],[37.699499,48.38082],[37.699578,48.380823],[37.699671,48.380826],[37.699922,48.380834],[37.699863,48.380709],[37.69961,48.380616],[37.699086,48.380571],[37.697549,48.380437],[37.696014,48.380306],[37.695977,48.380461],[37.695968,48.380512]]]}},{"type":"Feature","properties":{"cadnum":"1422485500:38:000:0059"},"geometry":{"type":"Polygon","coordinates":[[[37.701335,48.380831],[37.701354,48.380971],[37.702419,48.3811],[37.704992,48.381383],[37.70505,48.381389],[37.705164,48.381401],[37.705164,48.3814],[37.705706,48.381454],[37.707063,48.381583],[37.708631,48.381732],[37.708788,48.381553],[37.708383,48.381508],[37.706608,48.381312],[37.705765,48.38121],[37.704992,48.381123],[37.704551,48.381073],[37.70245,48.380825],[37.701807,48.380861],[37.701335,48.380831]]]}},{"type":"Feature","properties":{"cadnum":"1422485500:44:000:0011"},"geometry":{"type":"Polygon","coordinates":[[[37.717434,48.361365],[37.721472,48.361745],[37.72159,48.361756],[37.721643,48.361761],[37.721644,48.361761],[37.722648,48.361854],[37.722805,48.360586],[37.721644,48.360477],[37.721643,48.360477],[37.717703,48.360105],[37.717577,48.360682],[37.717434,48.361365]]]}},{"type":"Feature","properties":{"cadnum":"1422485500:44:000:0004"},"geometry":{"type":"Polygon","coordinates":[[[37.712507,48.365146],[37.71615,48.364795],[37.71615,48.364794],[37.716715,48.36474],[37.716967,48.363558],[37.716947,48.363556],[37.716771,48.363537],[37.71615,48.363469],[37.712937,48.363117],[37.712847,48.363537],[37.712507,48.365146]]]}},{"type":"Feature","properties":{"cadnum":"1422485500:44:000:0009"},"geometry":{"type":"Polygon","coordinates":[[[37.716715,48.36474],[37.719661,48.364456],[37.720855,48.363651],[37.721472,48.363235],[37.721472,48.363236],[37.721589,48.363157],[37.721643,48.36312],[37.721715,48.363072],[37.721538,48.363055],[37.717164,48.362642],[37.716972,48.363537],[37.716971,48.363537],[37.716967,48.363558],[37.716947,48.363651],[37.716715,48.36474]]]}},{"type":"Feature","properties":{"cadnum":"1422485500:44:000:0006"},"geometry":{"type":"Polygon","coordinates":[[[37.713279,48.361511],[37.71615,48.361824],[37.717308,48.36195],[37.717434,48.361365],[37.717434,48.361362],[37.717577,48.360682],[37.716054,48.360516],[37.713549,48.360243],[37.713279,48.361511]]]}},{"type":"Feature","properties":{"cadnum":"1422485500:44:000:0005"},"geometry":{"type":"Polygon","coordinates":[[[37.712937,48.363117],[37.715979,48.36345],[37.716967,48.363558],[37.717164,48.362642],[37.717308,48.36195],[37.715979,48.361805],[37.713279,48.361511],[37.712937,48.363117]]]}},{"type":"Feature","properties":{"cadnum":"1422485500:44:000:0010"},"geometry":{"type":"Polygon","coordinates":[[[37.717164,48.362642],[37.721472,48.363049],[37.721538,48.363055],[37.721643,48.363065],[37.721644,48.363065],[37.721715,48.363072],[37.722567,48.362496],[37.722648,48.361854],[37.72159,48.361756],[37.717434,48.361365],[37.717308,48.36195],[37.717164,48.362642]]]}},{"type":"Feature","properties":{"cadnum":"1422485500:44:000:0051"},"geometry":{"type":"Polygon","coordinates":[[[37.720762,48.364102],[37.721472,48.364],[37.722734,48.363818],[37.722695,48.363651],[37.722514,48.362863],[37.721472,48.363599],[37.720762,48.364102]]]}},{"type":"Feature","properties":{"cadnum":"1422485500:44:000:0012"},"geometry":{"type":"Polygon","coordinates":[[[37.717703,48.360105],[37.721472,48.360461],[37.722805,48.360586],[37.722892,48.359887],[37.722967,48.359291],[37.721644,48.359166],[37.721643,48.359166],[37.717973,48.358819],[37.717919,48.359076],[37.717725,48.360001],[37.717703,48.360105]]]}},{"type":"Feature","properties":{"cadnum":"1422485500:44:000:0040"},"geometry":{"type":"Polygon","coordinates":[[[37.715566,48.360461],[37.71615,48.360526],[37.71615,48.360525],[37.717577,48.360682],[37.717703,48.360105],[37.717749,48.359887],[37.717919,48.359076],[37.715979,48.358863],[37.715906,48.358855],[37.715686,48.359887],[37.715674,48.359945],[37.715662,48.360001],[37.715566,48.360461]]]}},{"type":"Feature","properties":{"cadnum":"1422485500:18:000:0018"},"geometry":{"type":"Polygon","coordinates":[[[37.638983,48.32356],[37.639074,48.323508],[37.639109,48.323489],[37.639837,48.323073],[37.640254,48.322843],[37.640812,48.321992],[37.642231,48.32172],[37.641921,48.321266],[37.641512,48.321392],[37.641207,48.321601],[37.640327,48.322198],[37.639115,48.322411],[37.639004,48.323374],[37.639004,48.323375],[37.639003,48.323375],[37.638983,48.32356]]]}},{"type":"Feature","properties":{"cadnum":"1422485500:20:000:0018"},"geometry":{"type":"Polygon","coordinates":[[[37.62988,48.324265],[37.62996,48.325071],[37.633753,48.324176],[37.636659,48.323489],[37.638543,48.323044],[37.63844,48.32224],[37.633753,48.32335],[37.633647,48.323375],[37.633644,48.323375],[37.62988,48.324265]]]}},{"type":"Feature","properties":{"cadnum":"1422485500:19:000:0004"},"geometry":{"type":"Polygon","coordinates":[[[37.638736,48.320731],[37.63875,48.320861],[37.638943,48.320848],[37.638925,48.320722],[37.638736,48.320731]]]}},{"type":"Feature","properties":{"cadnum":"1422485500:19:000:0034"},"geometry":{"type":"Polygon","coordinates":[[[37.638912,48.321147],[37.639074,48.322159],[37.639074,48.32216],[37.639115,48.322411],[37.639246,48.322388],[37.640327,48.322198],[37.641512,48.321392],[37.644567,48.320463],[37.644567,48.320464],[37.644715,48.320418],[37.644504,48.320164],[37.639246,48.321089],[37.638912,48.321147]]]}},{"type":"Feature","properties":{"cadnum":"1422485500:20:000:0016"},"geometry":{"type":"Polygon","coordinates":[[[37.629803,48.32348],[37.629803,48.323489],[37.629804,48.323489],[37.62988,48.324265],[37.633162,48.323489],[37.633163,48.323489],[37.633581,48.32339],[37.633581,48.323391],[37.63844,48.32224],[37.638346,48.321461],[37.633581,48.322587],[37.633581,48.322588],[37.630249,48.323375],[37.629803,48.32348]]]}},{"type":"Feature","properties":{"cadnum":"1422485500:20:000:0019"},"geometry":{"type":"Polygon","coordinates":[[[37.62996,48.325071],[37.630041,48.325893],[37.633753,48.325016],[37.638647,48.323859],[37.638599,48.323489],[37.6386,48.323489],[37.638543,48.323044],[37.637142,48.323375],[37.633581,48.324216],[37.633581,48.324217],[37.62996,48.325071]]]}},{"type":"Feature","properties":{"cadnum":"1422485500:20:000:0015"},"geometry":{"type":"Polygon","coordinates":[[[37.629654,48.321971],[37.629727,48.322715],[37.633753,48.321763],[37.638247,48.320699],[37.638153,48.319952],[37.633581,48.321038],[37.633581,48.321039],[37.629654,48.321971]]]}},{"type":"Feature","properties":{"cadnum":"1422485500:20:000:0017"},"geometry":{"type":"Polygon","coordinates":[[[37.629727,48.322715],[37.629793,48.323374],[37.629793,48.323375],[37.629803,48.32348],[37.633753,48.322547],[37.638346,48.321461],[37.638247,48.320699],[37.633581,48.321803],[37.633581,48.321804],[37.629727,48.322715]]]}},{"type":"Feature","properties":{"cadnum":"1422485500:50:000:0008"},"geometry":{"type":"Polygon","coordinates":[[[37.696889,48.314146],[37.699671,48.3158],[37.700315,48.316183],[37.702144,48.31727],[37.703482,48.316562],[37.702652,48.316069],[37.699499,48.314194],[37.699499,48.314195],[37.698448,48.313569],[37.696889,48.314146]]]}},{"type":"Feature","properties":{"cadnum":"1422485500:49:000:0018"},"geometry":{"type":"Polygon","coordinates":[[[37.704341,48.316345],[37.705164,48.316758],[37.707396,48.317877],[37.709142,48.316655],[37.709574,48.316553],[37.708604,48.316069],[37.706694,48.315114],[37.704992,48.316004],[37.704868,48.316069],[37.704866,48.316069],[37.704341,48.316345]]]}},{"type":"Feature","properties":{"cadnum":"1422485500:47:000:0029"},"geometry":{"type":"Polygon","coordinates":[[[37.719571,48.330345],[37.721472,48.330525],[37.721472,48.330526],[37.724288,48.330793],[37.726174,48.330972],[37.726233,48.330679],[37.726232,48.330679],[37.726372,48.329987],[37.721472,48.329524],[37.719778,48.329363],[37.719571,48.330345]]]}},{"type":"Feature","properties":{"cadnum":"1422485500:47:000:0028"},"geometry":{"type":"Polygon","coordinates":[[[37.719778,48.329363],[37.721643,48.329541],[37.721643,48.32954],[37.721644,48.32954],[37.726372,48.329987],[37.726569,48.328998],[37.721472,48.328517],[37.721472,48.328518],[37.71999,48.328377],[37.719778,48.329363]]]}},{"type":"Feature","properties":{"cadnum":"1422485500:48:000:0007"},"geometry":{"type":"Polygon","coordinates":[[[37.716019,48.330536],[37.71615,48.330549],[37.717522,48.330679],[37.718496,48.330772],[37.718659,48.330787],[37.719189,48.328299],[37.716585,48.328051],[37.716019,48.330536]]]}},{"type":"Feature","properties":{"cadnum":"1422485500:48:000:0002"},"geometry":{"type":"Polygon","coordinates":[[[37.715462,48.332987],[37.715979,48.333036],[37.718134,48.333239],[37.718659,48.330789],[37.718659,48.330787],[37.718496,48.330772],[37.716019,48.330536],[37.715986,48.330679],[37.715985,48.330679],[37.715462,48.332987]]]}},{"type":"Feature","properties":{"cadnum":"1422485500:47:000:0030"},"geometry":{"type":"Polygon","coordinates":[[[37.719149,48.332307],[37.721472,48.332528],[37.725783,48.332937],[37.726174,48.330972],[37.723088,48.330679],[37.723087,48.330679],[37.721644,48.330542],[37.721643,48.330542],[37.719571,48.330345],[37.719499,48.330679],[37.719149,48.332307]]]}},{"type":"Feature","properties":{"cadnum":"1422485500:49:000:0101"},"geometry":{"type":"Polygon","coordinates":[[[37.707853,48.32729],[37.710485,48.327548],[37.710485,48.327549],[37.710507,48.32755],[37.710657,48.327566],[37.710657,48.327565],[37.710962,48.327595],[37.713157,48.327798],[37.714994,48.327983],[37.715979,48.328025],[37.715979,48.328026],[37.716585,48.328051],[37.717698,48.328159],[37.717721,48.32804],[37.71615,48.327852],[37.715407,48.327762],[37.713539,48.327535],[37.711667,48.327308],[37.711042,48.327245],[37.710485,48.32719],[37.710485,48.327191],[37.709991,48.327141],[37.709993,48.327141],[37.709304,48.327072],[37.70792,48.327022],[37.707889,48.327141],[37.70789,48.327141],[37.707853,48.32729]]]}},{"type":"Feature","properties":{"cadnum":"1422485500:12:000:0027"},"geometry":{"type":"Polygon","coordinates":[[[37.720124,48.328389],[37.721472,48.328517],[37.722778,48.32864],[37.724674,48.328819],[37.726569,48.328998],[37.726866,48.329028],[37.726965,48.329037],[37.726965,48.329038],[37.728927,48.329222],[37.730378,48.32936],[37.730261,48.329184],[37.729889,48.3291],[37.727235,48.328852],[37.727049,48.328835],[37.724575,48.328602],[37.721916,48.32835],[37.721528,48.328314],[37.720164,48.328186],[37.720124,48.328389]]]}},{"type":"Feature","properties":{"cadnum":"1422485500:27:000:0082"},"geometry":{"type":"Polygon","coordinates":[[[37.630809,48.289948],[37.63084,48.290043],[37.631032,48.290605],[37.631128,48.290883],[37.633581,48.290795],[37.638813,48.290608],[37.638761,48.290491],[37.63876,48.290491],[37.638396,48.289675],[37.633753,48.289842],[37.630809,48.289948]]]}},{"type":"Feature","properties":{"cadnum":"1422485500:31:000:0004"},"geometry":{"type":"Polygon","coordinates":[[[37.638714,48.290112],[37.638876,48.290464],[37.639246,48.290391],[37.642092,48.289824],[37.641813,48.289496],[37.639074,48.29004],[37.638714,48.290112]]]}},{"type":"Feature","properties":{"cadnum":"1422485500:27:000:0083"},"geometry":{"type":"Polygon","coordinates":[[[37.630157,48.288061],[37.63023,48.288271],[37.630526,48.289131],[37.630809,48.289948],[37.633581,48.289848],[37.633581,48.289849],[37.638396,48.289675],[37.637564,48.287795],[37.633753,48.287933],[37.630157,48.288061]]]}},{"type":"Feature","properties":{"cadnum":"1422485500:27:000:0101"},"geometry":{"type":"Polygon","coordinates":[[[37.638566,48.289777],[37.638714,48.290112],[37.639246,48.290006],[37.641813,48.289496],[37.641585,48.289177],[37.639074,48.289676],[37.638566,48.289777]]]}},{"type":"Feature","properties":{"cadnum":"1422485500:31:000:0007"},"geometry":{"type":"Polygon","coordinates":[[[37.63826,48.289111],[37.638417,48.289454],[37.639074,48.289323],[37.639074,48.289324],[37.641297,48.28888],[37.641225,48.288794],[37.640924,48.288588],[37.639074,48.288951],[37.63826,48.289111]]]}},{"type":"Feature","properties":{"cadnum":"1422485500:27:000:0003"},"geometry":{"type":"Polygon","coordinates":[[[37.711545,48.269741],[37.71615,48.270018],[37.719351,48.27021],[37.719352,48.27021],[37.719707,48.269029],[37.719805,48.268557],[37.720571,48.2649],[37.72057,48.2649],[37.720852,48.263555],[37.720223,48.26371],[37.71791,48.264727],[37.717693,48.2649],[37.716032,48.266232],[37.713199,48.2685],[37.713198,48.2685],[37.712931,48.268557],[37.71293,48.268557],[37.712246,48.268703],[37.711545,48.269741]]]}},{"type":"Feature","properties":{"cadnum":"1422485500:44:000:0013"},"geometry":{"type":"Polygon","coordinates":[[[37.717973,48.358819],[37.721472,48.35915],[37.722967,48.359291],[37.723129,48.358001],[37.721826,48.357858],[37.721472,48.35782],[37.721225,48.357793],[37.720654,48.35773],[37.719478,48.357601],[37.71826,48.35747],[37.717973,48.358819]]]}},{"type":"Feature","properties":{"cadnum":"1422485500:36:000:0014"},"geometry":{"type":"Polygon","coordinates":[[[37.68098,48.377677],[37.682924,48.377865],[37.68302,48.377431],[37.683141,48.376876],[37.683191,48.376647],[37.683665,48.374485],[37.683664,48.374485],[37.683664,48.374484],[37.683814,48.373805],[37.68302,48.373728],[37.681874,48.373617],[37.681657,48.374599],[37.68098,48.377677]]]}},{"type":"Feature","properties":{"cadnum":"1422485500:36:000:0017"},"geometry":{"type":"Polygon","coordinates":[[[37.674265,48.376502],[37.674835,48.377078],[37.677202,48.377308],[37.677526,48.375824],[37.677543,48.375749],[37.677698,48.37504],[37.677698,48.375038],[37.677819,48.374485],[37.677818,48.374485],[37.677818,48.374484],[37.678037,48.373489],[37.677526,48.373798],[37.676389,48.374485],[37.676388,48.374485],[37.676263,48.37456],[37.676199,48.374599],[37.676075,48.374673],[37.67576,48.374861],[37.675226,48.375088],[37.674984,48.375189],[37.674498,48.376069],[37.674274,48.376476],[37.674265,48.376502]]]}},{"type":"Feature","properties":{"cadnum":"1422485500:36:000:0016"},"geometry":{"type":"Polygon","coordinates":[[[37.677202,48.377308],[37.677526,48.37734],[37.677538,48.377341],[37.677698,48.377357],[37.677698,48.377356],[37.679075,48.377489],[37.679708,48.374599],[37.679965,48.373429],[37.678397,48.373283],[37.678037,48.373489],[37.677793,48.374599],[37.677794,48.374599],[37.677543,48.375749],[37.677202,48.377308]]]}},{"type":"Feature","properties":{"cadnum":"1422485500:36:000:0015"},"geometry":{"type":"Polygon","coordinates":[[[37.679075,48.377489],[37.68098,48.377677],[37.681683,48.374485],[37.681682,48.374485],[37.681682,48.374484],[37.681874,48.373617],[37.679965,48.373429],[37.679733,48.374485],[37.679075,48.377489]]]}},{"type":"Feature","properties":{"cadnum":"1422485500:08:000:0001"},"geometry":{"type":"Polygon","coordinates":[[[37.657004,48.331435],[37.657498,48.334195],[37.658091,48.33406],[37.657885,48.331396],[37.657004,48.331435]]]}},{"type":"Feature","properties":{"cadnum":"1422485500:08:000:0076"},"geometry":{"type":"Polygon","coordinates":[[[37.660957,48.333409],[37.661219,48.33335],[37.661219,48.333349],[37.662344,48.333093],[37.662376,48.332002],[37.662537,48.331991],[37.662533,48.331892],[37.66393,48.331621],[37.663822,48.331423],[37.662978,48.331181],[37.661152,48.331259],[37.661015,48.331265],[37.660988,48.332343],[37.660957,48.333409]]]}},{"type":"Feature","properties":{"cadnum":"1422485500:08:000:0053"},"geometry":{"type":"Polygon","coordinates":[[[37.660566,48.333555],[37.660975,48.334445],[37.661047,48.3346],[37.661087,48.334687],[37.661219,48.334655],[37.661219,48.334654],[37.66207,48.334445],[37.662583,48.334319],[37.663059,48.334107],[37.662726,48.333603],[37.66255,48.333089],[37.661219,48.333403],[37.661219,48.333402],[37.660566,48.333555]]]}},{"type":"Feature","properties":{"cadnum":"1422485500:08:000:0054"},"geometry":{"type":"Polygon","coordinates":[[[37.657816,48.334138],[37.65795,48.334445],[37.657951,48.334445],[37.658325,48.335293],[37.658441,48.335266],[37.660242,48.334863],[37.660008,48.334331],[37.660007,48.334331],[37.659735,48.333713],[37.657816,48.334138]]]}},{"type":"Feature","properties":{"cadnum":"1422485500:08:000:0002"},"geometry":{"type":"Polygon","coordinates":[[[37.657885,48.331396],[37.658091,48.33406],[37.660957,48.333409],[37.661015,48.331265],[37.657885,48.331396]]]}},{"type":"Feature","properties":{"cadnum":"1422485500:15:000:0063"},"geometry":{"type":"Polygon","coordinates":[[[37.659735,48.333713],[37.660057,48.334445],[37.660058,48.334445],[37.660242,48.334863],[37.660777,48.334753],[37.660598,48.334363],[37.660256,48.333615],[37.659735,48.333713]]]}},{"type":"Feature","properties":{"cadnum":"1422485500:22:000:0004"},"geometry":{"type":"Polygon","coordinates":[[[37.614091,48.316482],[37.614532,48.317064],[37.617273,48.316504],[37.618841,48.316183],[37.622392,48.315457],[37.621951,48.314875],[37.617102,48.315866],[37.617102,48.315867],[37.616111,48.316069],[37.616109,48.316069],[37.614091,48.316482]]]}},{"type":"Feature","properties":{"cadnum":"1422485500:22:000:0007"},"geometry":{"type":"Polygon","coordinates":[[[37.612766,48.314734],[37.613211,48.315316],[37.617102,48.314521],[37.617102,48.314522],[37.621067,48.31371],[37.620922,48.313515],[37.620626,48.313127],[37.617102,48.313848],[37.612766,48.314734]]]}},{"type":"Feature","properties":{"cadnum":"1422485500:22:000:0006"},"geometry":{"type":"Polygon","coordinates":[[[37.613211,48.315316],[37.613651,48.315899],[37.617273,48.315159],[37.621511,48.314292],[37.621427,48.314184],[37.621067,48.31371],[37.617273,48.314486],[37.613211,48.315316]]]}},{"type":"Feature","properties":{"cadnum":"1422485500:22:000:0005"},"geometry":{"type":"Polygon","coordinates":[[[37.613651,48.315899],[37.613778,48.316069],[37.613779,48.31607],[37.613864,48.316183],[37.613865,48.316183],[37.614091,48.316482],[37.615551,48.316183],[37.617273,48.315832],[37.617273,48.315831],[37.621951,48.314875],[37.621511,48.314292],[37.617102,48.315194],[37.613651,48.315899]]]}},{"type":"Feature","properties":{"cadnum":"1422485500:22:000:0009"},"geometry":{"type":"Polygon","coordinates":[[[37.611886,48.313569],[37.612326,48.314151],[37.617102,48.313175],[37.617102,48.313176],[37.620186,48.312544],[37.620088,48.312416],[37.619953,48.312236],[37.619746,48.311962],[37.617102,48.312502],[37.617102,48.312503],[37.611886,48.313569]]]}},{"type":"Feature","properties":{"cadnum":"1422485500:22:000:0008"},"geometry":{"type":"Polygon","coordinates":[[[37.612326,48.314151],[37.612766,48.314734],[37.617273,48.313813],[37.620626,48.313127],[37.620429,48.312867],[37.620186,48.312544],[37.617273,48.31314],[37.612326,48.314151]]]}},{"type":"Feature","properties":{"cadnum":"1422485500:03:000:0002"},"geometry":{"type":"Polygon","coordinates":[[[37.732408,48.329189],[37.732458,48.329194],[37.732458,48.329195],[37.734102,48.329351],[37.734577,48.327141],[37.734928,48.32551],[37.734749,48.325492],[37.73324,48.325349],[37.732851,48.327141],[37.732852,48.327141],[37.732458,48.32896],[37.732408,48.329189]]]}},{"type":"Feature","properties":{"cadnum":"1422485500:03:000:0003"},"geometry":{"type":"Polygon","coordinates":[[[37.734102,48.329351],[37.735791,48.329509],[37.7363,48.327141],[37.736617,48.325672],[37.736469,48.325656],[37.734928,48.32551],[37.734602,48.327027],[37.734601,48.327027],[37.734102,48.329351]]]}},{"type":"Feature","properties":{"cadnum":"1422485500:03:000:0004"},"geometry":{"type":"Polygon","coordinates":[[[37.735791,48.329509],[37.737291,48.329652],[37.738123,48.327032],[37.738123,48.327031],[37.738498,48.325848],[37.73907,48.323489],[37.739071,48.323489],[37.739173,48.32307],[37.737951,48.322508],[37.737223,48.322172],[37.736937,48.323489],[37.736938,48.323489],[37.736469,48.325656],[37.736617,48.325672],[37.736325,48.327027],[37.735791,48.329509]]]}},{"type":"Feature","properties":{"cadnum":"1422485500:03:000:0008"},"geometry":{"type":"Polygon","coordinates":[[[37.73155,48.325191],[37.732458,48.325276],[37.732458,48.325277],[37.732557,48.325286],[37.73263,48.325293],[37.733235,48.325349],[37.733661,48.323375],[37.73366,48.323375],[37.73366,48.323374],[37.734066,48.321503],[37.732474,48.321351],[37.732378,48.321341],[37.731915,48.323489],[37.731916,48.323489],[37.73155,48.325191]]]}},{"type":"Feature","properties":{"cadnum":"1422485500:03:000:0006"},"geometry":{"type":"Polygon","coordinates":[[[37.734749,48.325492],[37.734928,48.32551],[37.736469,48.325656],[37.736963,48.323375],[37.736962,48.323375],[37.736962,48.323374],[37.737223,48.322172],[37.73562,48.321448],[37.735205,48.323374],[37.735205,48.323375],[37.734749,48.325492]]]}},{"type":"Feature","properties":{"cadnum":"1422485500:03:000:0007"},"geometry":{"type":"Polygon","coordinates":[[[37.733235,48.325349],[37.73324,48.325349],[37.734749,48.325492],[37.73518,48.323489],[37.735181,48.323489],[37.73562,48.321448],[37.734214,48.320815],[37.734066,48.321503],[37.733636,48.323489],[37.733235,48.325349]]]}},{"type":"Feature","properties":{"cadnum":"1422485500:03:000:0001"},"geometry":{"type":"Polygon","coordinates":[[[37.73072,48.329028],[37.732408,48.329189],[37.73263,48.328167],[37.732877,48.327027],[37.732876,48.327027],[37.73324,48.325349],[37.733235,48.325349],[37.732557,48.325286],[37.73155,48.325191],[37.731152,48.327027],[37.73072,48.329028]]]}},{"type":"Feature","properties":{"cadnum":"1422485500:52:000:0020"},"geometry":{"type":"Polygon","coordinates":[[[37.675083,48.32325],[37.675181,48.323374],[37.675181,48.323375],[37.67524,48.323449],[37.675513,48.323458],[37.675514,48.323458],[37.675536,48.323489],[37.675537,48.323489],[37.675703,48.323701],[37.677504,48.323605],[37.677483,48.323489],[37.677484,48.323489],[37.677423,48.323136],[37.675083,48.32325]]]}},{"type":"Feature","properties":{"cadnum":"1422485500:15:001:0142"},"geometry":{"type":"Polygon","coordinates":[[[37.676902,48.326329],[37.677022,48.326932],[37.677698,48.326843],[37.678204,48.326776],[37.678114,48.326325],[37.678106,48.326287],[37.678083,48.326179],[37.677698,48.326228],[37.676902,48.326329]]]}},{"type":"Feature","properties":{"cadnum":"1422485500:15:001:0016"},"geometry":{"type":"Polygon","coordinates":[[[37.675056,48.326666],[37.67572,48.326621],[37.676098,48.326603],[37.67603,48.326371],[37.67568,48.326424],[37.67506,48.326499],[37.675056,48.326666]]]}},{"type":"Feature","properties":{"cadnum":"1422485500:17:000:0021"},"geometry":{"type":"Polygon","coordinates":[[[37.67598,48.323802],[37.676057,48.324297],[37.676879,48.324728],[37.677526,48.324692],[37.677559,48.32469],[37.677698,48.324682],[37.677698,48.324681],[37.677871,48.324671],[37.67772,48.323706],[37.677526,48.323717],[37.67598,48.323802]]]}},{"type":"Feature","properties":{"cadnum":"1422485500:15:001:0001"},"geometry":{"type":"Polygon","coordinates":[[[37.67723,48.325403],[37.677288,48.325797],[37.677698,48.325771],[37.677698,48.32577],[37.678043,48.325746],[37.677984,48.325349],[37.677633,48.325375],[37.67723,48.325403]]]}},{"type":"Feature","properties":{"cadnum":"1422485500:31:000:0042"},"geometry":{"type":"Polygon","coordinates":[[[37.670542,48.292805],[37.671395,48.293865],[37.671745,48.29426],[37.671746,48.29426],[37.672205,48.294777],[37.67277,48.295413],[37.6732,48.295192],[37.67369,48.294164],[37.674221,48.293053],[37.67277,48.292996],[37.672033,48.29294],[37.672033,48.292941],[37.671462,48.292897],[37.670542,48.292805]]]}},{"type":"Feature","properties":{"cadnum":"1422485500:32:000:0003"},"geometry":{"type":"Polygon","coordinates":[[[37.671301,48.292732],[37.672033,48.292805],[37.672033,48.292806],[37.672136,48.292816],[37.672205,48.292823],[37.672205,48.292822],[37.672779,48.292879],[37.673982,48.292655],[37.675572,48.292052],[37.676704,48.291693],[37.677404,48.291468],[37.676165,48.291418],[37.674575,48.291355],[37.67467,48.290949],[37.672102,48.290605],[37.671628,48.290542],[37.671618,48.290605],[37.671619,48.290605],[37.671301,48.292732]]]}},{"type":"Feature","properties":{"cadnum":"1422485500:32:000:0001"},"geometry":{"type":"Polygon","coordinates":[[[37.674575,48.291355],[37.677404,48.291468],[37.677698,48.291251],[37.678362,48.29076],[37.67849,48.290597],[37.678815,48.290187],[37.679098,48.289361],[37.679521,48.288127],[37.679385,48.287903],[37.679381,48.287225],[37.677698,48.287032],[37.676988,48.28695],[37.676989,48.28695],[37.675662,48.286798],[37.675625,48.28695],[37.675626,48.28695],[37.67478,48.290491],[37.674575,48.291355]]]}},{"type":"Feature","properties":{"cadnum":"1422485500:32:000:0005"},"geometry":{"type":"Polygon","coordinates":[[[37.668188,48.290079],[37.67125,48.290491],[37.671628,48.290542],[37.672205,48.29062],[37.672205,48.290619],[37.67467,48.290949],[37.674732,48.290688],[37.674779,48.290491],[37.674778,48.290491],[37.674948,48.289795],[37.672343,48.289469],[37.672105,48.28944],[37.668363,48.28897],[37.668251,48.289436],[37.668188,48.290079]],[[37.673905,48.289675],[37.673906,48.289675],[37.673964,48.289699],[37.673964,48.2897],[37.673825,48.289852],[37.673766,48.289828],[37.673905,48.289675]]]}},{"type":"Feature","properties":{"cadnum":"1422485500:19:000:0006"},"geometry":{"type":"Polygon","coordinates":[[[37.6331,48.308225],[37.633565,48.308762],[37.633642,48.308851],[37.633664,48.308876],[37.633753,48.308978],[37.634358,48.309674],[37.635184,48.309578],[37.634571,48.308874],[37.633962,48.308171],[37.633581,48.308195],[37.6331,48.308225]]]}},{"type":"Feature","properties":{"cadnum":"1422485500:23:000:0010"},"geometry":{"type":"Polygon","coordinates":[[[37.629583,48.304296],[37.630095,48.305108],[37.630095,48.305109],[37.630094,48.305109],[37.63195,48.308051],[37.63349,48.307962],[37.631764,48.305223],[37.631101,48.304171],[37.629583,48.304296]]]}},{"type":"Feature","properties":{"cadnum":"1422485500:23:000:0008"},"geometry":{"type":"Polygon","coordinates":[[[37.625195,48.304667],[37.625544,48.305223],[37.625545,48.305223],[37.62749,48.308312],[37.62826,48.308267],[37.630463,48.308138],[37.628552,48.305109],[37.628551,48.305109],[37.628119,48.304422],[37.625195,48.304667]]]}},{"type":"Feature","properties":{"cadnum":"1422485500:23:000:0060"},"geometry":{"type":"Polygon","coordinates":[[[37.626762,48.308482],[37.626884,48.308602],[37.627822,48.308556],[37.628088,48.30854],[37.628178,48.308534],[37.62826,48.308529],[37.630522,48.308386],[37.6331,48.308225],[37.633753,48.308184],[37.633962,48.308171],[37.634834,48.308117],[37.635844,48.308046],[37.636451,48.308009],[37.636975,48.307977],[37.636976,48.307977],[37.637444,48.307885],[37.638054,48.30786],[37.638445,48.307845],[37.639074,48.307889],[37.639074,48.30789],[37.639482,48.307918],[37.640551,48.307998],[37.641059,48.307821],[37.639868,48.307619],[37.639074,48.30753],[37.639074,48.307531],[37.638818,48.307502],[37.638018,48.307553],[37.637933,48.307559],[37.637358,48.307513],[37.636782,48.30767],[37.636415,48.307735],[37.635714,48.307858],[37.63513,48.307893],[37.633734,48.307974],[37.633503,48.307986],[37.631958,48.308078],[37.630472,48.308166],[37.628088,48.308305],[37.627503,48.308339],[37.626775,48.30838],[37.626762,48.308482]]]}},{"type":"Feature","properties":{"cadnum":"1422485500:23:000:0009"},"geometry":{"type":"Polygon","coordinates":[[[37.628119,48.304422],[37.62826,48.304646],[37.628623,48.305223],[37.628624,48.305223],[37.630463,48.308138],[37.63195,48.308051],[37.630166,48.305223],[37.630167,48.305223],[37.629583,48.304296],[37.628119,48.304422]]]}},{"type":"Feature","properties":{"cadnum":"1422485500:19:000:0002"},"geometry":{"type":"Polygon","coordinates":[[[37.627822,48.308556],[37.628003,48.308762],[37.628002,48.308762],[37.628191,48.308977],[37.62939,48.310343],[37.631905,48.30996],[37.630953,48.308877],[37.630952,48.308877],[37.630952,48.308876],[37.630953,48.308876],[37.630522,48.308386],[37.628178,48.308534],[37.627822,48.308556]]]}},{"type":"Feature","properties":{"cadnum":"1422485500:23:000:0011"},"geometry":{"type":"Polygon","coordinates":[[[37.631101,48.304171],[37.631692,48.305108],[37.631692,48.305109],[37.63349,48.307962],[37.633581,48.307957],[37.633581,48.307958],[37.635121,48.307867],[37.633753,48.305697],[37.633598,48.305451],[37.633581,48.305425],[37.633453,48.305223],[37.633454,48.305223],[37.632704,48.304034],[37.631101,48.304171]]]}},{"type":"Feature","properties":{"cadnum":"1422485500:38:000:0018"},"geometry":{"type":"Polygon","coordinates":[[[37.698241,48.371958],[37.699671,48.372126],[37.700253,48.372194],[37.70218,48.372418],[37.702509,48.370836],[37.702508,48.370836],[37.702508,48.370835],[37.702868,48.369109],[37.702746,48.369103],[37.700918,48.36899],[37.700824,48.368983],[37.699499,48.368902],[37.698884,48.368864],[37.698474,48.370836],[37.698473,48.370836],[37.698241,48.371958]],[[37.69918,48.37166],[37.699449,48.37166],[37.69945,48.37166],[37.699444,48.371887],[37.699176,48.371883],[37.69918,48.37166]]]}},{"type":"Feature","properties":{"cadnum":"1422485500:38:000:0056"},"geometry":{"type":"Polygon","coordinates":[[[37.697469,48.373703],[37.697715,48.373727],[37.697805,48.373331],[37.697989,48.372776],[37.698178,48.371874],[37.698362,48.370976],[37.698389,48.370836],[37.698388,48.370836],[37.698388,48.370835],[37.698708,48.369201],[37.698884,48.368864],[37.699228,48.367199],[37.699251,48.367092],[37.69957,48.365564],[37.699521,48.365248],[37.699279,48.365235],[37.699211,48.365456],[37.69882,48.367186],[37.698819,48.367186],[37.698811,48.367226],[37.698795,48.3673],[37.698796,48.3673],[37.698452,48.369001],[37.698084,48.370773],[37.698071,48.370836],[37.698061,48.370885],[37.698047,48.37095],[37.697711,48.372546],[37.697469,48.373703]]]}},{"type":"Feature","properties":{"cadnum":"1422485500:38:000:0014"},"geometry":{"type":"Polygon","coordinates":[[[37.698884,48.368864],[37.699671,48.368913],[37.700824,48.368983],[37.701075,48.367778],[37.701171,48.3673],[37.701264,48.36685],[37.701412,48.366146],[37.701507,48.365683],[37.69957,48.365564],[37.699557,48.36562],[37.699306,48.366838],[37.699232,48.367186],[37.699231,48.367191],[37.699208,48.3673],[37.699108,48.367778],[37.698884,48.368864]],[[37.700376,48.3673],[37.700377,48.3673],[37.700375,48.367426],[37.700105,48.367422],[37.700109,48.367199],[37.700379,48.367202],[37.700376,48.3673]]]}},{"type":"Feature","properties":{"cadnum":"1422485500:09:000:0071"},"geometry":{"type":"Polygon","coordinates":[[[37.737619,48.330121],[37.737762,48.330112],[37.737825,48.330092],[37.737951,48.329829],[37.737987,48.329754],[37.738123,48.329471],[37.738185,48.329342],[37.738414,48.328386],[37.738798,48.327141],[37.738799,48.327141],[37.738957,48.326633],[37.739546,48.324886],[37.73955,48.324573],[37.73986,48.323608],[37.739882,48.323393],[37.739689,48.323369],[37.739687,48.323375],[37.739652,48.323451],[37.739634,48.323489],[37.739626,48.323507],[37.739514,48.323739],[37.73919,48.324623],[37.738997,48.324895],[37.739007,48.325298],[37.738863,48.325842],[37.738427,48.327141],[37.738428,48.327141],[37.738279,48.327589],[37.738086,48.328223],[37.737947,48.328679],[37.737686,48.329676],[37.737619,48.330121]]]}},{"type":"Feature","properties":{"cadnum":"1422485500:01:000:0055"},"geometry":{"type":"Polygon","coordinates":[[[37.691005,48.303854],[37.694178,48.304023],[37.694178,48.304022],[37.696031,48.30412],[37.696107,48.302674],[37.694006,48.302583],[37.694006,48.302584],[37.69122,48.302462],[37.691018,48.303764],[37.691005,48.303854]]]}},{"type":"Feature","properties":{"cadnum":"1422485500:01:000:0061"},"geometry":{"type":"Polygon","coordinates":[[[37.696035,48.305677],[37.698713,48.305894],[37.699671,48.305973],[37.70139,48.306113],[37.703371,48.306277],[37.703585,48.305414],[37.701501,48.305246],[37.699812,48.305109],[37.699807,48.305109],[37.699499,48.305084],[37.698825,48.305028],[37.696148,48.30481],[37.696093,48.305223],[37.696094,48.305223],[37.696035,48.305677]]]}},{"type":"Feature","properties":{"cadnum":"1422485500:01:000:0065"},"geometry":{"type":"Polygon","coordinates":[[[37.696148,48.30481],[37.698825,48.305028],[37.699499,48.305083],[37.699499,48.305084],[37.699817,48.305109],[37.699868,48.305113],[37.701216,48.305223],[37.701217,48.305223],[37.701501,48.305246],[37.703585,48.305414],[37.703635,48.305202],[37.703662,48.305091],[37.703734,48.304787],[37.703775,48.304607],[37.703312,48.304572],[37.702522,48.304508],[37.70161,48.304433],[37.700006,48.304305],[37.699671,48.304279],[37.698933,48.304222],[37.696256,48.304007],[37.69622,48.304003],[37.696148,48.30481]]]}},{"type":"Feature","properties":{"cadnum":"1422485500:01:000:0058"},"geometry":{"type":"Polygon","coordinates":[[[37.696256,48.304007],[37.698933,48.304222],[37.699499,48.304267],[37.70161,48.304433],[37.702522,48.304508],[37.703312,48.304572],[37.703775,48.304607],[37.703958,48.303836],[37.704157,48.303092],[37.70148,48.302871],[37.699696,48.302725],[37.699622,48.302719],[37.698906,48.302662],[37.696404,48.302455],[37.69636,48.303224],[37.696256,48.304007]],[[37.702795,48.304461],[37.702796,48.304461],[37.702796,48.304479],[37.702795,48.304479],[37.702769,48.304479],[37.702769,48.304461],[37.702795,48.304461]],[[37.700878,48.303489],[37.700878,48.30349],[37.700878,48.303507],[37.700851,48.303507],[37.700851,48.30349],[37.700851,48.303489],[37.700878,48.303489]]]}},{"type":"Feature","properties":{"cadnum":"1422485500:01:000:0056"},"geometry":{"type":"Polygon","coordinates":[[[37.690803,48.305136],[37.694178,48.305375],[37.695914,48.305497],[37.695947,48.305267],[37.695953,48.305173],[37.696031,48.30412],[37.694006,48.304013],[37.694006,48.304014],[37.691005,48.303854],[37.690951,48.304185],[37.690808,48.305108],[37.690808,48.305109],[37.690807,48.305109],[37.690803,48.305136]]]}},{"type":"Feature","properties":{"cadnum":"1422485500:18:000:0049"},"geometry":{"type":"Polygon","coordinates":[[[37.650694,48.318871],[37.650833,48.319836],[37.650834,48.319836],[37.650971,48.320782],[37.651847,48.320615],[37.651718,48.319722],[37.651573,48.31871],[37.650694,48.318871]]]}},{"type":"Feature","properties":{"cadnum":"1422485500:19:000:0038"},"geometry":{"type":"Polygon","coordinates":[[[37.645164,48.316374],[37.645317,48.317217],[37.650232,48.317001],[37.650232,48.317],[37.652845,48.316885],[37.652713,48.316183],[37.652688,48.316042],[37.650061,48.316157],[37.650061,48.316158],[37.650061,48.316159],[37.645164,48.316374]]]}},{"type":"Feature","properties":{"cadnum":"1422485500:18:000:0052"},"geometry":{"type":"Polygon","coordinates":[[[37.653321,48.318396],[37.653526,48.319836],[37.653527,48.319836],[37.65359,48.320277],[37.654394,48.320122],[37.654336,48.319722],[37.65413,48.318286],[37.653851,48.3183],[37.653837,48.318304],[37.653321,48.318396]]]}},{"type":"Feature","properties":{"cadnum":"1422485500:18:000:0048"},"geometry":{"type":"Polygon","coordinates":[[[37.649813,48.319029],[37.649913,48.319722],[37.649912,48.319722],[37.650091,48.320953],[37.650092,48.320953],[37.650181,48.320938],[37.650232,48.320928],[37.650971,48.320782],[37.650817,48.319722],[37.650694,48.318871],[37.650232,48.318954],[37.649813,48.319029]]]}},{"type":"Feature","properties":{"cadnum":"1422485500:18:000:0050"},"geometry":{"type":"Polygon","coordinates":[[[37.651573,48.31871],[37.651734,48.319836],[37.651735,48.319836],[37.651847,48.320615],[37.652724,48.320445],[37.652618,48.319722],[37.652449,48.318554],[37.651573,48.31871]]]}},{"type":"Feature","properties":{"cadnum":"1422485500:18:000:0051"},"geometry":{"type":"Polygon","coordinates":[[[37.652449,48.318554],[37.652634,48.319836],[37.652635,48.319836],[37.652724,48.320445],[37.65359,48.320277],[37.65351,48.319722],[37.653321,48.318396],[37.652449,48.318554]]]}},{"type":"Feature","properties":{"cadnum":"1422485500:08:000:0021"},"geometry":{"type":"Polygon","coordinates":[[[37.655091,48.318235],[37.655315,48.318877],[37.655554,48.318858],[37.655554,48.318859],[37.656263,48.3188],[37.656187,48.318178],[37.655554,48.318211],[37.655091,48.318235]]]}},{"type":"Feature","properties":{"cadnum":"1422485500:19:000:0041"},"geometry":{"type":"Polygon","coordinates":[[[37.652279,48.31382],[37.652355,48.314238],[37.652531,48.315194],[37.652688,48.316042],[37.652693,48.316069],[37.652692,48.316069],[37.652845,48.316885],[37.653096,48.318249],[37.653793,48.318125],[37.654686,48.318076],[37.654336,48.316183],[37.653967,48.314182],[37.652279,48.31382]]]}},{"type":"Feature","properties":{"cadnum":"1422485500:19:000:0037"},"geometry":{"type":"Polygon","coordinates":[[[37.645007,48.315526],[37.645107,48.316069],[37.645124,48.31616],[37.645128,48.316183],[37.645164,48.316374],[37.650232,48.316151],[37.65208,48.316069],[37.652688,48.316042],[37.652531,48.315194],[37.650232,48.315296],[37.645007,48.315526]]]}},{"type":"Feature","properties":{"cadnum":"1422485500:08:000:0014"},"geometry":{"type":"Polygon","coordinates":[[[37.65413,48.318286],[37.654352,48.319836],[37.654353,48.319836],[37.654394,48.320122],[37.654539,48.320096],[37.654703,48.319836],[37.654704,48.319836],[37.655315,48.318877],[37.655091,48.318235],[37.65413,48.318286]]]}},{"type":"Feature","properties":{"cadnum":"1422485500:19:000:0039"},"geometry":{"type":"Polygon","coordinates":[[[37.645317,48.317217],[37.645753,48.319576],[37.650061,48.318798],[37.653096,48.318249],[37.652845,48.316885],[37.650061,48.317008],[37.645317,48.317217]]]}},{"type":"Feature","properties":{"cadnum":"1422485500:28:000:0031"},"geometry":{"type":"Polygon","coordinates":[[[37.648331,48.286466],[37.648565,48.286836],[37.648587,48.286871],[37.648638,48.28695],[37.648973,48.287478],[37.649686,48.288752],[37.650061,48.288643],[37.650151,48.288617],[37.650232,48.288593],[37.651286,48.288286],[37.650446,48.286881],[37.650061,48.28616],[37.649642,48.285375],[37.649197,48.285416],[37.648331,48.286466]]]}},{"type":"Feature","properties":{"cadnum":"1422485500:29:000:0007"},"geometry":{"type":"Polygon","coordinates":[[[37.649652,48.285273],[37.650061,48.28602],[37.650569,48.28695],[37.65057,48.28695],[37.650572,48.286953],[37.65126,48.288214],[37.65152,48.288092],[37.651088,48.287312],[37.650994,48.287144],[37.650834,48.286854],[37.650069,48.285467],[37.649912,48.285187],[37.649652,48.285273]]]}},{"type":"Feature","properties":{"cadnum":"1422485500:38:000:0017"},"geometry":{"type":"Polygon","coordinates":[[[37.704664,48.369219],[37.704754,48.369225],[37.704992,48.369239],[37.704992,48.36924],[37.706587,48.369335],[37.70665,48.369049],[37.706987,48.367402],[37.707031,48.367186],[37.707274,48.366035],[37.705352,48.365916],[37.705164,48.366821],[37.705164,48.366817],[37.705087,48.367186],[37.705086,48.367186],[37.704664,48.369219]]]}},{"type":"Feature","properties":{"cadnum":"1422485500:38:000:0016"},"geometry":{"type":"Polygon","coordinates":[[[37.702746,48.369103],[37.702868,48.369109],[37.704664,48.369219],[37.705062,48.3673],[37.705063,48.3673],[37.705065,48.3673],[37.705352,48.365916],[37.704992,48.365894],[37.704992,48.365895],[37.703429,48.365799],[37.703117,48.3673],[37.703118,48.3673],[37.702746,48.369103]]]}},{"type":"Feature","properties":{"cadnum":"1422485500:38:000:0015"},"geometry":{"type":"Polygon","coordinates":[[[37.700824,48.368983],[37.700918,48.36899],[37.702746,48.369103],[37.703142,48.367186],[37.703141,48.367186],[37.703429,48.365799],[37.701507,48.365683],[37.701171,48.3673],[37.701172,48.3673],[37.700824,48.368983]]]}},{"type":"Feature","properties":{"cadnum":"1422485500:40:000:0017"},"geometry":{"type":"Polygon","coordinates":[[[37.720843,48.382681],[37.721643,48.382754],[37.721644,48.382754],[37.723013,48.38288],[37.724558,48.383021],[37.725864,48.383143],[37.725973,48.382654],[37.726145,48.381896],[37.726146,48.381896],[37.726852,48.3788],[37.726898,48.378471],[37.725518,48.378391],[37.72551,48.378388],[37.724283,48.378316],[37.723829,48.379945],[37.721629,48.379742],[37.721099,48.381782],[37.721088,48.381824],[37.721069,48.381896],[37.72107,48.381896],[37.721,48.382168],[37.720843,48.382681]],[[37.723461,48.382747],[37.723461,48.382746],[37.723529,48.382752],[37.72352,48.382797],[37.723453,48.382791],[37.723461,48.382747]]]}},{"type":"Feature","properties":{"cadnum":"1422485500:39:000:0017"},"geometry":{"type":"Polygon","coordinates":[[[37.714698,48.38186],[37.714953,48.381896],[37.714954,48.381896],[37.715979,48.382039],[37.716522,48.382114],[37.716625,48.381782],[37.716624,48.381782],[37.717581,48.378713],[37.716099,48.378507],[37.714752,48.380965],[37.714703,48.381782],[37.714702,48.381782],[37.714698,48.38186]]]}},{"type":"Feature","properties":{"cadnum":"1422485500:39:000:0018"},"geometry":{"type":"Polygon","coordinates":[[[37.712722,48.380345],[37.713392,48.380834],[37.714752,48.380965],[37.715978,48.378728],[37.715979,48.378728],[37.716099,48.378507],[37.713412,48.378133],[37.713329,48.378122],[37.713325,48.378133],[37.712722,48.380345]]]}},{"type":"Feature","properties":{"cadnum":"1422485500:39:000:0016"},"geometry":{"type":"Polygon","coordinates":[[[37.716522,48.382114],[37.718327,48.382364],[37.718472,48.381896],[37.718473,48.381896],[37.719392,48.378961],[37.717581,48.378713],[37.716589,48.381896],[37.71659,48.381896],[37.716522,48.382114]]]}},{"type":"Feature","properties":{"cadnum":"1422485500:39:000:0015"},"geometry":{"type":"Polygon","coordinates":[[[37.718327,48.382364],[37.720093,48.382609],[37.720345,48.381896],[37.720803,48.380607],[37.721212,48.379214],[37.719392,48.378961],[37.718509,48.381782],[37.718508,48.381782],[37.718327,48.382364]]]}},{"type":"Feature","properties":{"cadnum":"1422485500:40:000:0040"},"geometry":{"type":"Polygon","coordinates":[[[37.720093,48.382609],[37.720663,48.382663],[37.720797,48.382218],[37.720914,48.381844],[37.720942,48.381759],[37.721023,48.381493],[37.721256,48.38075],[37.721458,48.379948],[37.721472,48.379894],[37.721472,48.379893],[37.721638,48.379217],[37.721643,48.379199],[37.721643,48.379198],[37.721705,48.378975],[37.721472,48.378956],[37.721342,48.378946],[37.721229,48.379176],[37.721212,48.379214],[37.720803,48.380607],[37.72051,48.381442],[37.720347,48.381896],[37.72025,48.382168],[37.720093,48.382609]],[[37.720267,48.382433],[37.720268,48.382433],[37.720334,48.382439],[37.720335,48.382439],[37.720327,48.382484],[37.720326,48.382484],[37.72026,48.382475],[37.720259,48.382475],[37.720267,48.382433]]]}},{"type":"Feature","properties":{"cadnum":"1422485500:44:000:0025"},"geometry":{"type":"Polygon","coordinates":[[[37.71569,48.349566],[37.715979,48.349598],[37.716094,48.349611],[37.71615,48.349617],[37.717393,48.349751],[37.719302,48.34996],[37.721183,48.350167],[37.721472,48.349291],[37.721472,48.349292],[37.721551,48.34905],[37.721552,48.34905],[37.722315,48.346731],[37.721728,48.346683],[37.721472,48.346662],[37.72042,48.346575],[37.719913,48.34653],[37.718493,48.346414],[37.718103,48.346381],[37.716302,48.346232],[37.71612,48.347226],[37.715784,48.34905],[37.715785,48.34905],[37.71569,48.349566]]]}},{"type":"Feature","properties":{"cadnum":"1422485500:23:000:0061"},"geometry":{"type":"Polygon","coordinates":[[[37.633962,48.308171],[37.634474,48.308762],[37.634571,48.308874],[37.634574,48.308876],[37.635184,48.309578],[37.636019,48.309486],[37.635491,48.308877],[37.635491,48.308876],[37.634834,48.308117],[37.633962,48.308171]]]}},{"type":"Feature","properties":{"cadnum":"1422485500:49:000:0007"},"geometry":{"type":"Polygon","coordinates":[[[37.716482,48.320069],[37.71799,48.320239],[37.718108,48.319722],[37.718945,48.316069],[37.719069,48.315532],[37.71756,48.315362],[37.717371,48.316183],[37.716534,48.319836],[37.716535,48.319836],[37.716482,48.320069]]]}},{"type":"Feature","properties":{"cadnum":"1422485500:49:000:0002"},"geometry":{"type":"Polygon","coordinates":[[[37.719189,48.322823],[37.720331,48.322933],[37.720989,48.319836],[37.721472,48.317572],[37.721472,48.317573],[37.721523,48.31733],[37.721643,48.316766],[37.721643,48.316764],[37.721767,48.316183],[37.721818,48.315947],[37.721472,48.315914],[37.721099,48.315878],[37.721046,48.316069],[37.721045,48.316069],[37.720041,48.319722],[37.719189,48.322823]]]}},{"type":"Feature","properties":{"cadnum":"1422485500:49:000:0004"},"geometry":{"type":"Polygon","coordinates":[[[37.715992,48.315185],[37.71615,48.315203],[37.71756,48.315362],[37.719069,48.315532],[37.720483,48.31569],[37.720627,48.31505],[37.716881,48.312825],[37.715992,48.315185]]]}},{"type":"Feature","properties":{"cadnum":"1422485500:49:000:0003"},"geometry":{"type":"Polygon","coordinates":[[[37.721099,48.315878],[37.721643,48.315931],[37.721643,48.31593],[37.721644,48.31593],[37.721818,48.315947],[37.721975,48.315215],[37.721644,48.315059],[37.721643,48.315059],[37.721643,48.315058],[37.721363,48.314926],[37.721099,48.315878]]]}},{"type":"Feature","properties":{"cadnum":"1422485500:49:000:0005"},"geometry":{"type":"Polygon","coordinates":[[[37.71799,48.320239],[37.719405,48.320397],[37.719559,48.319722],[37.720396,48.316069],[37.720483,48.31569],[37.719069,48.315532],[37.718918,48.316183],[37.718919,48.316183],[37.718081,48.319836],[37.718082,48.319836],[37.71799,48.320239]]]}},{"type":"Feature","properties":{"cadnum":"1422485500:10:000:0001"},"geometry":{"type":"Polygon","coordinates":[[[37.705069,48.301481],[37.705164,48.301483],[37.710657,48.301553],[37.710657,48.301552],[37.711487,48.301562],[37.711491,48.301563],[37.712317,48.297915],[37.71256,48.296847],[37.710485,48.296757],[37.710485,48.296758],[37.705836,48.296555],[37.705642,48.2978],[37.705641,48.2978],[37.705069,48.301481]]]}},{"type":"Feature","properties":{"cadnum":"1422485500:10:000:0037"},"geometry":{"type":"Polygon","coordinates":[[[37.711491,48.30178],[37.711914,48.301828],[37.71197,48.301569],[37.7123,48.300057],[37.712659,48.298392],[37.712788,48.2978],[37.713023,48.296728],[37.713386,48.294953],[37.713528,48.29426],[37.713751,48.293181],[37.713862,48.292616],[37.713705,48.292679],[37.713365,48.293966],[37.713321,48.294146],[37.712937,48.295736],[37.712667,48.296847],[37.71244,48.2978],[37.712439,48.2978],[37.712246,48.298613],[37.711868,48.300197],[37.711568,48.301454],[37.711568,48.301455],[37.711542,48.301565],[37.711541,48.301569],[37.711491,48.30178]]]}},{"type":"Feature","properties":{"cadnum":"1422485500:35:000:0013"},"geometry":{"type":"Polygon","coordinates":[[[37.680018,48.394761],[37.681901,48.394948],[37.68238,48.39284],[37.682772,48.391119],[37.681806,48.39102],[37.681752,48.391263],[37.680819,48.391199],[37.680477,48.392726],[37.680466,48.392775],[37.680451,48.39284],[37.680131,48.394278],[37.680018,48.394761]]]}},{"type":"Feature","properties":{"cadnum":"1422485500:35:000:0017"},"geometry":{"type":"Polygon","coordinates":[[[37.675343,48.391927],[37.67541,48.391999],[37.676252,48.39284],[37.676253,48.39284],[37.676429,48.393016],[37.676533,48.393123],[37.676542,48.393156],[37.677698,48.393329],[37.677698,48.393328],[37.677903,48.393359],[37.67802,48.39284],[37.6781,48.392485],[37.677526,48.3924],[37.676112,48.392187],[37.676336,48.391396],[37.67555,48.391292],[37.675343,48.391927]]]}},{"type":"Feature","properties":{"cadnum":"1422485500:35:000:0014"},"geometry":{"type":"Polygon","coordinates":[[[37.677813,48.394042],[37.680131,48.394278],[37.680466,48.392775],[37.680819,48.391199],[37.678546,48.391047],[37.67829,48.39202],[37.678163,48.392494],[37.67811,48.392726],[37.677813,48.394042]]]}},{"type":"Feature","properties":{"cadnum":"1422485500:35:000:0012"},"geometry":{"type":"Polygon","coordinates":[[[37.681901,48.394948],[37.68302,48.395059],[37.683146,48.395071],[37.683191,48.395076],[37.683716,48.395127],[37.68416,48.393192],[37.684239,48.39284],[37.684586,48.391301],[37.683806,48.391223],[37.683191,48.391162],[37.682772,48.391119],[37.682406,48.392726],[37.682405,48.392726],[37.681901,48.394948]]]}},{"type":"Feature","properties":{"cadnum":"1422485500:11:000:0055"},"geometry":{"type":"Polygon","coordinates":[[[37.710355,48.267041],[37.710485,48.267051],[37.710485,48.267052],[37.712273,48.267187],[37.713378,48.266183],[37.710835,48.265992],[37.710742,48.266201],[37.71058,48.266551],[37.710363,48.267017],[37.710355,48.267041]]]}},{"type":"Feature","properties":{"cadnum":"1422485500:11:000:0052"},"geometry":{"type":"Polygon","coordinates":[[[37.708199,48.265166],[37.710485,48.265347],[37.710485,48.265348],[37.711114,48.265397],[37.711222,48.265155],[37.711286,48.265015],[37.711478,48.264599],[37.710485,48.264521],[37.710485,48.264522],[37.708535,48.264368],[37.708312,48.2649],[37.708298,48.264933],[37.708263,48.265015],[37.708199,48.265166]]]}},{"type":"Feature","properties":{"cadnum":"1422485500:11:000:0057"},"geometry":{"type":"Polygon","coordinates":[[[37.711222,48.265155],[37.714262,48.265381],[37.714667,48.265015],[37.715021,48.264694],[37.711554,48.264434],[37.711478,48.264599],[37.711339,48.2649],[37.711338,48.2649],[37.711222,48.265155]]]}},{"type":"Feature","properties":{"cadnum":"1422485500:11:000:0050"},"geometry":{"type":"Polygon","coordinates":[[[37.707512,48.266793],[37.710363,48.267017],[37.710485,48.266754],[37.71058,48.266551],[37.710657,48.266384],[37.710742,48.266201],[37.710485,48.266181],[37.707857,48.265977],[37.7077,48.266341],[37.707512,48.266793]]]}},{"type":"Feature","properties":{"cadnum":"1422485500:11:000:0056"},"geometry":{"type":"Polygon","coordinates":[[[37.710835,48.265992],[37.713378,48.266183],[37.714262,48.265381],[37.711222,48.265155],[37.711114,48.265397],[37.710835,48.265992]]]}},{"type":"Feature","properties":{"cadnum":"1422485500:11:000:0051"},"geometry":{"type":"Polygon","coordinates":[[[37.707857,48.265977],[37.710657,48.266195],[37.710742,48.266201],[37.710835,48.265992],[37.711114,48.265397],[37.710657,48.265361],[37.708199,48.265166],[37.707996,48.265639],[37.707857,48.265977]]]}},{"type":"Feature","properties":{"cadnum":"1422485500:11:000:0054"},"geometry":{"type":"Polygon","coordinates":[[[37.709604,48.268674],[37.710485,48.26874],[37.710485,48.268741],[37.710557,48.268745],[37.710657,48.268654],[37.710657,48.268653],[37.710763,48.268557],[37.712273,48.267187],[37.710657,48.267065],[37.710657,48.267064],[37.710355,48.267041],[37.709987,48.267839],[37.709657,48.268557],[37.70965,48.268572],[37.709604,48.268671],[37.709605,48.268671],[37.709604,48.268674]]]}},{"type":"Feature","properties":{"cadnum":"1422485500:30:000:0028"},"geometry":{"type":"Polygon","coordinates":[[[37.666198,48.281295],[37.66654,48.281349],[37.670146,48.281913],[37.67068,48.280389],[37.666747,48.279767],[37.66664,48.280063],[37.666378,48.280792],[37.666198,48.281295]]]}},{"type":"Feature","properties":{"cadnum":"1422485500:30:000:0030"},"geometry":{"type":"Polygon","coordinates":[[[37.665112,48.284328],[37.66654,48.284555],[37.66654,48.284556],[37.669082,48.284959],[37.669185,48.284645],[37.669607,48.283441],[37.667967,48.283181],[37.66654,48.282954],[37.665655,48.282813],[37.665481,48.283295],[37.665196,48.284089],[37.665112,48.284328]]]}},{"type":"Feature","properties":{"cadnum":"1422485500:30:000:0029"},"geometry":{"type":"Polygon","coordinates":[[[37.665655,48.282813],[37.666712,48.282982],[37.666712,48.282981],[37.668686,48.283295],[37.669607,48.283441],[37.669685,48.283219],[37.670146,48.281913],[37.666712,48.281376],[37.666198,48.281295],[37.665808,48.282392],[37.665655,48.282813]]]}},{"type":"Feature","properties":{"cadnum":"1422485500:30:000:0027"},"geometry":{"type":"Polygon","coordinates":[[[37.666747,48.279767],[37.67068,48.280389],[37.670982,48.279525],[37.671103,48.279182],[37.671219,48.278862],[37.667294,48.278237],[37.666944,48.279217],[37.666833,48.279525],[37.666747,48.279767]]]}},{"type":"Feature","properties":{"cadnum":"1422485500:33:000:0005"},"geometry":{"type":"Polygon","coordinates":[[[37.670789,48.281199],[37.672205,48.281356],[37.676232,48.2818],[37.676619,48.280852],[37.676708,48.280631],[37.672033,48.28011],[37.671188,48.280015],[37.670789,48.281199]]]}},{"type":"Feature","properties":{"cadnum":"1422485500:33:000:0006"},"geometry":{"type":"Polygon","coordinates":[[[37.671188,48.280015],[37.672205,48.280129],[37.676708,48.280631],[37.677144,48.279552],[37.677171,48.279487],[37.672205,48.278941],[37.671575,48.278871],[37.671314,48.279639],[37.671315,48.279639],[37.671315,48.27964],[37.671188,48.280015]]]}},{"type":"Feature","properties":{"cadnum":"1422485500:33:000:0004"},"geometry":{"type":"Polygon","coordinates":[[[37.670407,48.282326],[37.672033,48.282523],[37.672033,48.282524],[37.675756,48.282975],[37.67589,48.282643],[37.676232,48.2818],[37.672033,48.281337],[37.670789,48.281199],[37.670407,48.282326]]]}},{"type":"Feature","properties":{"cadnum":"1422485500:30:000:0016"},"geometry":{"type":"Polygon","coordinates":[[[37.662569,48.280183],[37.666378,48.280792],[37.66654,48.280342],[37.66664,48.280063],[37.666712,48.279864],[37.666747,48.279767],[37.666792,48.279639],[37.666944,48.279217],[37.666556,48.279155],[37.663144,48.278605],[37.662808,48.279525],[37.662782,48.279597],[37.662766,48.279639],[37.662766,48.27964],[37.662569,48.280183]]]}},{"type":"Feature","properties":{"cadnum":"1422485500:33:000:0003"},"geometry":{"type":"Polygon","coordinates":[[[37.670011,48.283501],[37.672205,48.283749],[37.675298,48.284098],[37.675347,48.283973],[37.675672,48.283181],[37.675756,48.282975],[37.672205,48.282545],[37.672205,48.282544],[37.670407,48.282326],[37.670079,48.283295],[37.67008,48.283295],[37.670011,48.283501]]]}},{"type":"Feature","properties":{"cadnum":"1422485500:26:000:0054"},"geometry":{"type":"Polygon","coordinates":[[[37.604835,48.278111],[37.605201,48.279639],[37.605498,48.280876],[37.606115,48.280765],[37.607561,48.280502],[37.607325,48.279525],[37.607324,48.279525],[37.606923,48.277854],[37.606287,48.277933],[37.604835,48.278111]]]}},{"type":"Feature","properties":{"cadnum":"1422485500:26:000:0047"},"geometry":{"type":"Polygon","coordinates":[[[37.601523,48.282505],[37.601757,48.283181],[37.601843,48.283426],[37.602845,48.283238],[37.606115,48.282626],[37.606156,48.282619],[37.606287,48.282594],[37.608135,48.282248],[37.608001,48.281845],[37.608473,48.281782],[37.60832,48.281271],[37.606287,48.28164],[37.601523,48.282505]]]}},{"type":"Feature","properties":{"cadnum":"1422485500:26:000:0063"},"geometry":{"type":"Polygon","coordinates":[[[37.601843,48.283426],[37.602081,48.284155],[37.604026,48.28379],[37.605975,48.283426],[37.606115,48.2834],[37.606219,48.283381],[37.606287,48.283368],[37.60713,48.283209],[37.607902,48.283065],[37.607975,48.283295],[37.607976,48.283295],[37.608275,48.284215],[37.609596,48.283994],[37.609342,48.283229],[37.609276,48.283028],[37.608761,48.283181],[37.60876,48.283181],[37.608477,48.283265],[37.608477,48.283264],[37.607978,48.282467],[37.608185,48.282394],[37.608135,48.282248],[37.606115,48.282626],[37.605733,48.282697],[37.603787,48.283061],[37.60315,48.283181],[37.603149,48.283181],[37.601843,48.283426]]]}},{"type":"Feature","properties":{"cadnum":"1422485500:26:000:0057"},"geometry":{"type":"Polygon","coordinates":[[[37.606923,48.277854],[37.607352,48.279639],[37.607353,48.279639],[37.607561,48.280502],[37.608064,48.28041],[37.608064,48.280411],[37.60832,48.281271],[37.608473,48.281782],[37.608001,48.281845],[37.608135,48.282248],[37.608185,48.282394],[37.609416,48.282039],[37.60884,48.27964],[37.60884,48.279639],[37.60836,48.277633],[37.607439,48.277788],[37.606923,48.277854]]]}},{"type":"Feature","properties":{"cadnum":"1422485500:26:000:0048"},"geometry":{"type":"Polygon","coordinates":[[[37.601232,48.281654],[37.601523,48.282505],[37.606115,48.281671],[37.606115,48.281672],[37.60832,48.281271],[37.608064,48.28041],[37.606157,48.280758],[37.601232,48.281654]]]}},{"type":"Feature","properties":{"cadnum":"1422485500:26:000:0051"},"geometry":{"type":"Polygon","coordinates":[[[37.609433,48.277451],[37.609931,48.279525],[37.610794,48.283112],[37.611608,48.283026],[37.611609,48.283026],[37.61176,48.28301],[37.61178,48.283008],[37.61178,48.283007],[37.611836,48.283001],[37.61178,48.282768],[37.61178,48.282767],[37.611738,48.282592],[37.611609,48.282055],[37.611608,48.282055],[37.611026,48.27964],[37.611026,48.279639],[37.610458,48.277278],[37.609433,48.277451]]]}},{"type":"Feature","properties":{"cadnum":"1422485500:26:000:0056"},"geometry":{"type":"Polygon","coordinates":[[[37.60836,48.277633],[37.608813,48.279525],[37.608812,48.279525],[37.609416,48.282039],[37.609542,48.282],[37.610112,48.282715],[37.610089,48.283187],[37.610794,48.283112],[37.609958,48.27964],[37.609958,48.279639],[37.609959,48.279639],[37.609433,48.277451],[37.60836,48.277633]]]}},{"type":"Feature","properties":{"cadnum":"1422485500:26:000:0046"},"geometry":{"type":"Polygon","coordinates":[[[37.609596,48.283994],[37.609653,48.284221],[37.611608,48.283992],[37.611609,48.283992],[37.616333,48.283435],[37.616274,48.283181],[37.616273,48.283181],[37.616127,48.282544],[37.611609,48.283025],[37.611609,48.283026],[37.611608,48.283026],[37.610148,48.283181],[37.610147,48.283181],[37.610091,48.283187],[37.610089,48.283187],[37.610086,48.283295],[37.610087,48.283295],[37.610076,48.283916],[37.609596,48.283994]]]}},{"type":"Feature","properties":{"cadnum":"1422485500:26:000:0043"},"geometry":{"type":"Polygon","coordinates":[[[37.602081,48.284155],[37.602351,48.284983],[37.606115,48.284495],[37.608275,48.284215],[37.607939,48.283181],[37.607902,48.283065],[37.606672,48.283295],[37.606674,48.283295],[37.606115,48.2834],[37.602081,48.284155]]]}},{"type":"Feature","properties":{"cadnum":"1422485500:47:000:0010"},"geometry":{"type":"Polygon","coordinates":[[[37.72921,48.343501],[37.73263,48.343782],[37.732875,48.343802],[37.73312,48.341748],[37.733121,48.341748],[37.733168,48.341363],[37.732566,48.341023],[37.732018,48.340712],[37.731789,48.340628],[37.731605,48.340527],[37.731676,48.340288],[37.729862,48.340139],[37.729571,48.341634],[37.72921,48.343501]]]}},{"type":"Feature","properties":{"cadnum":"1422485500:46:000:0027"},"geometry":{"type":"Polygon","coordinates":[[[37.732418,48.345713],[37.732458,48.345718],[37.732524,48.345726],[37.73263,48.34574],[37.73263,48.345739],[37.734758,48.345999],[37.734923,48.345399],[37.734995,48.345136],[37.732557,48.344838],[37.732486,48.345285],[37.732485,48.345285],[37.732418,48.345713]]]}},{"type":"Feature","properties":{"cadnum":"1422485500:09:000:0068"},"geometry":{"type":"Polygon","coordinates":[[[37.735278,48.341181],[37.736747,48.341634],[37.736779,48.341644],[37.73676,48.341748],[37.736761,48.341748],[37.736734,48.341912],[37.736927,48.341951],[37.737609,48.342014],[37.73766,48.341634],[37.737695,48.341375],[37.737875,48.340748],[37.735427,48.340515],[37.735278,48.341181]]]}},{"type":"Feature","properties":{"cadnum":"1422485500:46:000:0031"},"geometry":{"type":"Polygon","coordinates":[[[37.7354,48.345187],[37.735401,48.345187],[37.736209,48.345285],[37.736607,48.345333],[37.738123,48.345519],[37.738123,48.345518],[37.738181,48.345525],[37.738308,48.345285],[37.738307,48.345285],[37.73854,48.34485],[37.738123,48.3448],[37.738123,48.344799],[37.735759,48.34451],[37.7354,48.345187]],[[37.736101,48.344952],[37.736324,48.344778],[37.736325,48.344778],[37.737049,48.344823],[37.737812,48.34491],[37.737911,48.345043],[37.737911,48.345044],[37.737605,48.345217],[37.737043,48.345211],[37.736101,48.344952]]]}},{"type":"Feature","properties":{"cadnum":"1422485500:46:000:0034"},"geometry":{"type":"Polygon","coordinates":[[[37.73433,48.343948],[37.736353,48.344149],[37.7365,48.343271],[37.736325,48.343354],[37.736324,48.343354],[37.735814,48.342667],[37.735647,48.342799],[37.735391,48.343074],[37.734686,48.343103],[37.73433,48.343948]]]}},{"type":"Feature","properties":{"cadnum":"1422485500:46:000:0033"},"geometry":{"type":"Polygon","coordinates":[[[37.734798,48.341635],[37.734801,48.341637],[37.734951,48.341748],[37.734952,48.341748],[37.735521,48.342169],[37.735565,48.342148],[37.73571,48.342136],[37.735615,48.342342],[37.735921,48.342536],[37.736504,48.343259],[37.736779,48.341644],[37.734951,48.34108],[37.734875,48.3415],[37.734799,48.341634],[37.734798,48.341634],[37.734798,48.341635]]]}},{"type":"Feature","properties":{"cadnum":"1422485500:46:000:0036"},"geometry":{"type":"Polygon","coordinates":[[[37.732875,48.343802],[37.73433,48.343948],[37.734686,48.343103],[37.73442,48.342778],[37.734538,48.342673],[37.733019,48.342593],[37.732875,48.343802]]]}},{"type":"Feature","properties":{"cadnum":"1422485500:46:000:0029"},"geometry":{"type":"Polygon","coordinates":[[[37.736374,48.346196],[37.737223,48.3463],[37.737313,48.346112],[37.737456,48.346121],[37.737848,48.346145],[37.738123,48.345633],[37.738123,48.345632],[37.738181,48.345525],[37.737951,48.345497],[37.737951,48.345498],[37.737148,48.345399],[37.736607,48.345333],[37.736589,48.345399],[37.73659,48.345399],[37.736374,48.346196]]]}},{"type":"Feature","properties":{"cadnum":"1422485500:46:000:0030"},"geometry":{"type":"Polygon","coordinates":[[[37.732557,48.344838],[37.734995,48.345136],[37.7354,48.345187],[37.735759,48.34451],[37.732669,48.344131],[37.732557,48.344838]]]}},{"type":"Feature","properties":{"cadnum":"1422485500:46:000:0028"},"geometry":{"type":"Polygon","coordinates":[[[37.734758,48.345999],[37.735808,48.346127],[37.7362,48.346176],[37.736374,48.346196],[37.736607,48.345333],[37.7354,48.345187],[37.734995,48.345136],[37.734955,48.345285],[37.734954,48.345285],[37.734758,48.345999]]]}},{"type":"Feature","properties":{"cadnum":"1422485500:46:000:0035"},"geometry":{"type":"Polygon","coordinates":[[[37.733019,48.342593],[37.734538,48.342673],[37.734749,48.342479],[37.735521,48.342169],[37.734801,48.341637],[37.734798,48.341635],[37.734408,48.341748],[37.73412,48.341832],[37.733949,48.341748],[37.733168,48.341363],[37.733135,48.341634],[37.733134,48.341634],[37.733019,48.342593]]]}},{"type":"Feature","properties":{"cadnum":"1422485500:46:000:0005"},"geometry":{"type":"Polygon","coordinates":[[[37.729879,48.347552],[37.732095,48.347745],[37.732467,48.345399],[37.732468,48.345399],[37.732669,48.344131],[37.732458,48.344113],[37.730621,48.343952],[37.730322,48.345399],[37.729879,48.347552]]]}},{"type":"Feature","properties":{"cadnum":"1422485500:17:000:0012"},"geometry":{"type":"Polygon","coordinates":[[[37.671166,48.313196],[37.672033,48.313199],[37.672033,48.3132],[37.673779,48.313205],[37.673885,48.312416],[37.674362,48.308877],[37.674362,48.308876],[37.674363,48.308876],[37.674504,48.307834],[37.674207,48.307801],[37.673593,48.308762],[37.673466,48.308963],[37.672205,48.31118],[37.671437,48.31253],[37.671229,48.312897],[37.671166,48.313196]]]}},{"type":"Feature","properties":{"cadnum":"1422485500:17:000:0013"},"geometry":{"type":"Polygon","coordinates":[[[37.673779,48.313205],[37.675339,48.313208],[37.67543,48.31253],[37.675922,48.308877],[37.675922,48.308876],[37.675923,48.308876],[37.676039,48.308013],[37.674504,48.307834],[37.674378,48.308762],[37.673869,48.31253],[37.67387,48.31253],[37.673779,48.313205]]]}},{"type":"Feature","properties":{"cadnum":"1422485500:17:000:0014"},"geometry":{"type":"Polygon","coordinates":[[[37.675339,48.313208],[37.676955,48.313214],[37.677062,48.312416],[37.677538,48.308877],[37.677538,48.308876],[37.67754,48.308876],[37.67763,48.308201],[37.676039,48.308013],[37.675938,48.308762],[37.675937,48.308762],[37.675446,48.312416],[37.675445,48.312416],[37.675339,48.313208]]]}},{"type":"Feature","properties":{"cadnum":"1422485500:21:000:0022"},"geometry":{"type":"Polygon","coordinates":[[[37.628832,48.316159],[37.628835,48.316183],[37.628836,48.316183],[37.628887,48.31652],[37.628958,48.317219],[37.629039,48.318002],[37.629125,48.3188],[37.629205,48.319573],[37.62922,48.319722],[37.629231,48.319831],[37.629232,48.319836],[37.629287,48.320355],[37.629371,48.321141],[37.629453,48.321924],[37.629538,48.322715],[37.629606,48.323374],[37.629606,48.323375],[37.629704,48.324306],[37.629784,48.325096],[37.62987,48.325878],[37.630041,48.325893],[37.62996,48.325071],[37.62988,48.324265],[37.629803,48.32348],[37.629727,48.322715],[37.629654,48.321971],[37.629583,48.321222],[37.629511,48.32049],[37.629438,48.31977],[37.629367,48.319059],[37.629295,48.318313],[37.629219,48.317536],[37.629147,48.316783],[37.629102,48.316312],[37.629088,48.316183],[37.629075,48.316055],[37.629042,48.316069],[37.628832,48.316159]]]}},{"type":"Feature","properties":{"cadnum":"1422485500:21:000:0010"},"geometry":{"type":"Polygon","coordinates":[[[37.623182,48.326699],[37.623186,48.326747],[37.623215,48.327027],[37.623214,48.327027],[37.623263,48.327484],[37.624838,48.327101],[37.628088,48.326312],[37.62987,48.325878],[37.629784,48.325096],[37.62826,48.325467],[37.62826,48.325466],[37.623182,48.326699]]]}},{"type":"Feature","properties":{"cadnum":"1422485500:21:000:0012"},"geometry":{"type":"Polygon","coordinates":[[[37.622931,48.324319],[37.622945,48.324462],[37.623096,48.325913],[37.628088,48.324699],[37.628088,48.3247],[37.629704,48.324306],[37.629618,48.323489],[37.629538,48.322715],[37.628088,48.323067],[37.626821,48.323375],[37.626819,48.323375],[37.622931,48.324319]]]}},{"type":"Feature","properties":{"cadnum":"1422485500:21:000:0011"},"geometry":{"type":"Polygon","coordinates":[[[37.623096,48.325913],[37.623182,48.326699],[37.628088,48.325508],[37.629784,48.325096],[37.629704,48.324306],[37.62826,48.324658],[37.623096,48.325913]]]}},{"type":"Feature","properties":{"cadnum":"1422485500:33:000:0007"},"geometry":{"type":"Polygon","coordinates":[[[37.671575,48.278871],[37.672033,48.278922],[37.677171,48.279487],[37.677427,48.278865],[37.677526,48.278618],[37.677647,48.278318],[37.672205,48.277719],[37.671974,48.277693],[37.671575,48.278871]]]}},{"type":"Feature","properties":{"cadnum":"1422485500:33:000:0030"},"geometry":{"type":"Polygon","coordinates":[[[37.676556,48.281002],[37.677698,48.281119],[37.680791,48.281432],[37.68116,48.279561],[37.677526,48.279193],[37.677301,48.27917],[37.677171,48.279487],[37.677155,48.279525],[37.677144,48.279552],[37.677108,48.279639],[37.677109,48.279639],[37.677109,48.27964],[37.676708,48.280631],[37.676556,48.281002]]]}},{"type":"Feature","properties":{"cadnum":"1422485500:33:000:0008"},"geometry":{"type":"Polygon","coordinates":[[[37.671974,48.277693],[37.672033,48.277699],[37.672033,48.2777],[37.677526,48.278304],[37.677526,48.278305],[37.677647,48.278318],[37.677698,48.278193],[37.677698,48.278192],[37.678096,48.277209],[37.677698,48.277165],[37.677698,48.277164],[37.672357,48.276563],[37.672205,48.277011],[37.671974,48.277693]]]}},{"type":"Feature","properties":{"cadnum":"1422485500:33:000:0031"},"geometry":{"type":"Polygon","coordinates":[[[37.677301,48.27917],[37.677698,48.279211],[37.677698,48.27921],[37.68116,48.279561],[37.681555,48.277546],[37.678106,48.277197],[37.678096,48.277209],[37.677647,48.278318],[37.677301,48.27917]]]}},{"type":"Feature","properties":{"cadnum":"1422485500:27:000:0053"},"geometry":{"type":"Polygon","coordinates":[[[37.629259,48.292105],[37.629507,48.293118],[37.629929,48.29308],[37.630522,48.293022],[37.630301,48.292066],[37.629259,48.292105]]]}},{"type":"Feature","properties":{"cadnum":"1422485500:27:000:0031"},"geometry":{"type":"Polygon","coordinates":[[[37.629929,48.29308],[37.630176,48.294107],[37.63049,48.294072],[37.63124,48.293991],[37.630993,48.292978],[37.630522,48.293022],[37.629929,48.29308]]]}},{"type":"Feature","properties":{"cadnum":"1422485500:27:000:0081"},"geometry":{"type":"Polygon","coordinates":[[[37.631128,48.290883],[37.63115,48.290949],[37.631465,48.291857],[37.633581,48.291782],[37.639074,48.291585],[37.639239,48.291579],[37.638813,48.290608],[37.633753,48.290789],[37.631128,48.290883]]]}},{"type":"Feature","properties":{"cadnum":"1422485500:27:000:0030"},"geometry":{"type":"Polygon","coordinates":[[[37.630993,48.292978],[37.63124,48.293991],[37.632593,48.293844],[37.63235,48.292849],[37.631604,48.292921],[37.630993,48.292978]]]}},{"type":"Feature","properties":{"cadnum":"1422485500:27:000:0055"},"geometry":{"type":"Polygon","coordinates":[[[37.631415,48.292024],[37.631604,48.292921],[37.63235,48.292849],[37.632781,48.292807],[37.632601,48.291983],[37.631415,48.292024]]]}},{"type":"Feature","properties":{"cadnum":"1422485500:27:000:0098"},"geometry":{"type":"Polygon","coordinates":[[[37.624907,48.292117],[37.625016,48.292203],[37.626389,48.292147],[37.627566,48.292111],[37.628088,48.292091],[37.628088,48.292092],[37.629259,48.292045],[37.630293,48.291995],[37.631406,48.291983],[37.632587,48.291913],[37.633581,48.291884],[37.633581,48.291885],[37.63372,48.29188],[37.633753,48.291879],[37.633975,48.291872],[37.636436,48.291782],[37.638782,48.291693],[37.638845,48.291591],[37.636168,48.291689],[37.633753,48.291776],[37.63349,48.291785],[37.631465,48.291857],[37.628788,48.291962],[37.62826,48.291983],[37.626111,48.292069],[37.624907,48.292117]]]}},{"type":"Feature","properties":{"cadnum":"1422485500:27:000:0074"},"geometry":{"type":"Polygon","coordinates":[[[37.623035,48.290336],[37.623106,48.290605],[37.623107,48.290605],[37.623281,48.291257],[37.623605,48.291244],[37.624826,48.291197],[37.62826,48.291066],[37.62826,48.291065],[37.631155,48.290954],[37.631128,48.290883],[37.630993,48.290491],[37.63084,48.290043],[37.628088,48.290147],[37.62457,48.290279],[37.623968,48.290303],[37.623987,48.29038],[37.623937,48.290387],[37.623914,48.290303],[37.623353,48.290324],[37.623035,48.290336]]]}},{"type":"Feature","properties":{"cadnum":"1422485500:27:000:0073"},"geometry":{"type":"Polygon","coordinates":[[[37.623281,48.291257],[37.623515,48.292117],[37.623855,48.292159],[37.62826,48.291985],[37.62826,48.291984],[37.631465,48.291857],[37.631155,48.290954],[37.62826,48.291066],[37.623281,48.291257]]]}},{"type":"Feature","properties":{"cadnum":"1422485500:27:000:0032"},"geometry":{"type":"Polygon","coordinates":[[[37.62696,48.293363],[37.627175,48.294146],[37.627251,48.294421],[37.627859,48.294355],[37.628088,48.294331],[37.628226,48.294316],[37.62826,48.294313],[37.628989,48.294233],[37.628991,48.294232],[37.630176,48.294107],[37.629929,48.29308],[37.629507,48.293118],[37.628576,48.293208],[37.628088,48.293254],[37.628088,48.293255],[37.627544,48.293306],[37.62696,48.293363]]]}},{"type":"Feature","properties":{"cadnum":"1422485500:27:000:0051"},"geometry":{"type":"Polygon","coordinates":[[[37.627257,48.29218],[37.627544,48.293306],[37.62826,48.293238],[37.628576,48.293208],[37.62824,48.292144],[37.627257,48.29218]]]}},{"type":"Feature","properties":{"cadnum":"1422485500:27:000:0029"},"geometry":{"type":"Polygon","coordinates":[[[37.63235,48.292849],[37.632593,48.293844],[37.633753,48.29372],[37.633979,48.293695],[37.633979,48.292694],[37.633581,48.292732],[37.632781,48.292807],[37.63235,48.292849]]]}},{"type":"Feature","properties":{"cadnum":"1422485500:27:000:0056"},"geometry":{"type":"Polygon","coordinates":[[[37.632601,48.291983],[37.632781,48.292807],[37.633753,48.292716],[37.633979,48.292694],[37.633975,48.291932],[37.633581,48.291947],[37.632601,48.291983]]]}},{"type":"Feature","properties":{"cadnum":"1422485500:27:000:0026"},"geometry":{"type":"Polygon","coordinates":[[[37.63049,48.294072],[37.630534,48.29426],[37.630535,48.29426],[37.63071,48.294983],[37.630763,48.294974],[37.630764,48.294974],[37.631505,48.294648],[37.633753,48.29433],[37.633753,48.294329],[37.634115,48.294278],[37.634084,48.294146],[37.634083,48.294146],[37.633979,48.293695],[37.633581,48.293738],[37.633581,48.293739],[37.632593,48.293844],[37.63124,48.293991],[37.63049,48.294072]]]}},{"type":"Feature","properties":{"cadnum":"1422485500:27:000:0052"},"geometry":{"type":"Polygon","coordinates":[[[37.62824,48.292144],[37.628576,48.293208],[37.629507,48.293118],[37.629259,48.292105],[37.62824,48.292144]]]}},{"type":"Feature","properties":{"cadnum":"1422485500:42:000:0030"},"geometry":{"type":"Polygon","coordinates":[[[37.734919,48.374757],[37.735378,48.374673],[37.736177,48.37453],[37.736793,48.37442],[37.737376,48.374599],[37.737426,48.374614],[37.737686,48.374784],[37.737951,48.374751],[37.737951,48.374752],[37.738072,48.374737],[37.738123,48.37473],[37.738292,48.374709],[37.738261,48.374861],[37.739645,48.374912],[37.740638,48.374951],[37.74007,48.374485],[37.739865,48.374315],[37.738374,48.374258],[37.738079,48.374248],[37.737816,48.374238],[37.735877,48.374166],[37.735584,48.374267],[37.735289,48.374485],[37.735288,48.374485],[37.734919,48.374757]]]}},{"type":"Feature","properties":{"cadnum":"1422485500:42:000:0035"},"geometry":{"type":"Polygon","coordinates":[[[37.735877,48.374166],[37.737816,48.374238],[37.737951,48.373763],[37.738051,48.373415],[37.736734,48.373367],[37.736617,48.373781],[37.736733,48.373864],[37.736733,48.373865],[37.735877,48.374166]]]}},{"type":"Feature","properties":{"cadnum":"1422485500:42:000:0036"},"geometry":{"type":"Polygon","coordinates":[[[37.737816,48.374238],[37.738123,48.37425],[37.739865,48.374315],[37.73881,48.373444],[37.738051,48.373415],[37.737816,48.374238]]]}},{"type":"Feature","properties":{"cadnum":"1422485500:42:000:0037"},"geometry":{"type":"Polygon","coordinates":[[[37.736734,48.373367],[37.737951,48.373411],[37.737951,48.373412],[37.738045,48.373415],[37.738123,48.373418],[37.73881,48.373444],[37.737991,48.372771],[37.737781,48.372597],[37.736963,48.372564],[37.736734,48.373367]]]}},{"type":"Feature","properties":{"cadnum":"1422485500:09:000:0067"},"geometry":{"type":"Polygon","coordinates":[[[37.735427,48.340515],[37.737875,48.340748],[37.737951,48.340481],[37.738096,48.339975],[37.738123,48.339881],[37.738148,48.339792],[37.737982,48.339777],[37.735642,48.339557],[37.735427,48.340515]]]}},{"type":"Feature","properties":{"cadnum":"1422485500:09:000:0066"},"geometry":{"type":"Polygon","coordinates":[[[37.735642,48.339557],[37.737951,48.339774],[37.737982,48.339777],[37.738123,48.339791],[37.738123,48.33979],[37.738148,48.339792],[37.738414,48.338861],[37.738045,48.338827],[37.735854,48.338619],[37.735642,48.339557]]]}},{"type":"Feature","properties":{"cadnum":"1422485500:49:000:0014"},"geometry":{"type":"Polygon","coordinates":[[[37.694593,48.321443],[37.697276,48.32279],[37.699499,48.321982],[37.699499,48.321983],[37.69956,48.32196],[37.699671,48.32192],[37.700078,48.321771],[37.700146,48.321723],[37.699499,48.3214],[37.699499,48.321401],[37.697033,48.320168],[37.694593,48.321443]]]}},{"type":"Feature","properties":{"cadnum":"1422485500:50:000:0014"},"geometry":{"type":"Polygon","coordinates":[[[37.689209,48.319039],[37.690549,48.319836],[37.693727,48.321727],[37.694006,48.321579],[37.695263,48.320914],[37.694178,48.320269],[37.693259,48.319722],[37.690475,48.318065],[37.689519,48.318743],[37.689209,48.319039]]]}},{"type":"Feature","properties":{"cadnum":"1422485500:49:000:0041"},"geometry":{"type":"Polygon","coordinates":[[[37.699333,48.32224],[37.699499,48.322396],[37.699499,48.322397],[37.699662,48.322549],[37.699671,48.322558],[37.699727,48.32261],[37.700522,48.322312],[37.701497,48.321541],[37.702427,48.320801],[37.703132,48.320111],[37.703649,48.319854],[37.704064,48.319722],[37.704233,48.319668],[37.704021,48.319471],[37.703451,48.319684],[37.703395,48.319722],[37.703332,48.319766],[37.703229,48.319836],[37.701178,48.321249],[37.700205,48.321917],[37.699499,48.322179],[37.699333,48.32224]]]}},{"type":"Feature","properties":{"cadnum":"1422485500:49:000:0055"},"geometry":{"type":"Polygon","coordinates":[[[37.696849,48.323733],[37.697312,48.324086],[37.699188,48.323375],[37.699188,48.323374],[37.699499,48.323257],[37.701197,48.322613],[37.700702,48.32224],[37.700568,48.322345],[37.699499,48.322746],[37.697518,48.323489],[37.697519,48.323489],[37.697289,48.323575],[37.696849,48.323733]]]}},{"type":"Feature","properties":{"cadnum":"1422485500:49:000:0013"},"geometry":{"type":"Polygon","coordinates":[[[37.692303,48.324596],[37.694006,48.323978],[37.69413,48.323933],[37.694178,48.323916],[37.695442,48.323456],[37.697276,48.32279],[37.694593,48.321443],[37.694006,48.321751],[37.693054,48.322249],[37.692693,48.323374],[37.692693,48.323375],[37.692303,48.324596]]]}},{"type":"Feature","properties":{"cadnum":"1422485500:05:000:0043"},"geometry":{"type":"Polygon","coordinates":[[[37.655015,48.337203],[37.655498,48.337983],[37.655497,48.337983],[37.655554,48.338073],[37.655554,48.338074],[37.65607,48.338905],[37.657143,48.338649],[37.656809,48.337983],[37.656808,48.337983],[37.656375,48.337114],[37.656281,48.337126],[37.65616,48.336774],[37.655726,48.336884],[37.655725,48.336884],[37.655725,48.336883],[37.655126,48.337034],[37.655015,48.337203]]]}},{"type":"Feature","properties":{"cadnum":"1422485500:05:000:0039"},"geometry":{"type":"Polygon","coordinates":[[[37.652126,48.336944],[37.653055,48.337637],[37.653734,48.337455],[37.65456,48.337368],[37.653531,48.335475],[37.652764,48.335681],[37.653388,48.336579],[37.652126,48.336944]]]}},{"type":"Feature","properties":{"cadnum":"1422485500:05:000:0032"},"geometry":{"type":"Polygon","coordinates":[[[37.650535,48.336282],[37.651183,48.337216],[37.652126,48.336944],[37.653388,48.336579],[37.652764,48.335681],[37.650535,48.336282]]]}},{"type":"Feature","properties":{"cadnum":"1422485500:05:000:0049"},"geometry":{"type":"Polygon","coordinates":[[[37.64056,48.33964],[37.640637,48.340064],[37.64074,48.340635],[37.640861,48.34145],[37.641571,48.341297],[37.642698,48.341055],[37.643826,48.340814],[37.644567,48.340668],[37.644584,48.340665],[37.644739,48.340634],[37.644962,48.340589],[37.645119,48.340557],[37.646094,48.340363],[37.647235,48.340139],[37.648376,48.339912],[37.648501,48.339888],[37.649543,48.339679],[37.649522,48.339604],[37.650232,48.339463],[37.650635,48.339383],[37.651803,48.339237],[37.652678,48.33913],[37.653151,48.339016],[37.654354,48.33873],[37.655028,48.338568],[37.654669,48.338165],[37.654657,48.337983],[37.654637,48.337643],[37.65456,48.337368],[37.653734,48.337455],[37.653055,48.337637],[37.651778,48.337983],[37.651777,48.337983],[37.651459,48.338069],[37.651356,48.338097],[37.650432,48.338347],[37.650232,48.338198],[37.650098,48.338097],[37.6501,48.338097],[37.650061,48.338068],[37.65006,48.338068],[37.649728,48.337819],[37.649516,48.337696],[37.649,48.337395],[37.647761,48.337028],[37.647405,48.337081],[37.646943,48.336807],[37.646556,48.336953],[37.646462,48.337156],[37.64785,48.337983],[37.647851,48.337983],[37.647904,48.338015],[37.648042,48.338097],[37.648043,48.338097],[37.648394,48.338305],[37.64838,48.338589],[37.645677,48.339002],[37.644739,48.339112],[37.643247,48.339288],[37.64149,48.339497],[37.641382,48.339511],[37.641382,48.339512],[37.64114,48.339664],[37.64101,48.339571],[37.64056,48.33964]],[[37.647015,48.340053],[37.646988,48.340177],[37.646799,48.340157],[37.646826,48.340031],[37.647015,48.340053]],[[37.643224,48.339652],[37.643197,48.339777],[37.643008,48.339757],[37.643035,48.339631],[37.643224,48.339652]]]}},{"type":"Feature","properties":{"cadnum":"1422485500:05:000:0040"},"geometry":{"type":"Polygon","coordinates":[[[37.649516,48.337696],[37.649728,48.337819],[37.649946,48.337982],[37.649946,48.337983],[37.649945,48.337983],[37.650061,48.338069],[37.650432,48.338347],[37.651459,48.338069],[37.653055,48.337637],[37.652126,48.336944],[37.651183,48.337216],[37.650061,48.33754],[37.649516,48.337696]]]}},{"type":"Feature","properties":{"cadnum":"1422485500:05:000:0031"},"geometry":{"type":"Polygon","coordinates":[[[37.647761,48.337028],[37.64794,48.337079],[37.649,48.337395],[37.649516,48.337696],[37.650232,48.337491],[37.650232,48.33749],[37.651183,48.337216],[37.650535,48.336282],[37.650197,48.336373],[37.647761,48.337028]]]}},{"type":"Feature","properties":{"cadnum":"1422485500:05:000:0044"},"geometry":{"type":"Polygon","coordinates":[[[37.654862,48.337524],[37.65496,48.337968],[37.654966,48.337983],[37.654965,48.337983],[37.655105,48.338282],[37.655554,48.338937],[37.655621,48.339035],[37.655725,48.339005],[37.655725,48.339004],[37.655726,48.339004],[37.65607,48.338905],[37.655725,48.33835],[37.655568,48.338097],[37.655569,48.338097],[37.655015,48.337203],[37.654969,48.337273],[37.654862,48.337524]]]}},{"type":"Feature","properties":{"cadnum":"1422485500:15:000:0060"},"geometry":{"type":"Polygon","coordinates":[[[37.654822,48.335072],[37.654862,48.335236],[37.655256,48.335968],[37.655554,48.335905],[37.656061,48.335798],[37.656375,48.335741],[37.655894,48.334699],[37.655702,48.334766],[37.654822,48.335072]]]}},{"type":"Feature","properties":{"cadnum":"1422485500:05:000:0011"},"geometry":{"type":"Polygon","coordinates":[[[37.646184,48.335084],[37.647069,48.336687],[37.647572,48.336971],[37.650061,48.336312],[37.650091,48.336304],[37.650232,48.336267],[37.650232,48.336266],[37.650715,48.336138],[37.650572,48.334594],[37.650232,48.334632],[37.646184,48.335084]]]}},{"type":"Feature","properties":{"cadnum":"1422485500:56:000:0035"},"geometry":{"type":"Polygon","coordinates":[[[37.691616,48.288501],[37.694006,48.288065],[37.694006,48.288066],[37.695664,48.287762],[37.69578,48.287141],[37.694006,48.287466],[37.691733,48.287882],[37.691639,48.288382],[37.691616,48.288501]]]}},{"type":"Feature","properties":{"cadnum":"1422485500:56:000:0054"},"geometry":{"type":"Polygon","coordinates":[[[37.695635,48.288654],[37.699499,48.288123],[37.699499,48.288124],[37.704623,48.287419],[37.70466,48.28715],[37.699499,48.287851],[37.699499,48.287852],[37.695681,48.288369],[37.695635,48.288654]]]}},{"type":"Feature","properties":{"cadnum":"1422485500:56:000:0052"},"geometry":{"type":"Polygon","coordinates":[[[37.695739,48.288092],[37.698381,48.287733],[37.699671,48.287558],[37.701017,48.287374],[37.703658,48.287015],[37.704664,48.286878],[37.704713,48.2866],[37.703717,48.286734],[37.702968,48.286836],[37.702967,48.286836],[37.701075,48.287093],[37.699499,48.287307],[37.695794,48.28781],[37.695739,48.288092]]]}},{"type":"Feature","properties":{"cadnum":"1422485500:56:000:0077"},"geometry":{"type":"Polygon","coordinates":[[[37.695794,48.28781],[37.699671,48.287284],[37.702958,48.286836],[37.703092,48.286818],[37.704713,48.2866],[37.704767,48.286307],[37.703146,48.286532],[37.700951,48.286836],[37.70095,48.286836],[37.700771,48.286861],[37.700127,48.28695],[37.699671,48.287014],[37.695842,48.287545],[37.695794,48.28781]]]}},{"type":"Feature","properties":{"cadnum":"1422485500:56:000:0055"},"geometry":{"type":"Polygon","coordinates":[[[37.695681,48.288369],[37.698322,48.28801],[37.699499,48.287851],[37.69954,48.287846],[37.699671,48.287828],[37.700964,48.287652],[37.703604,48.287294],[37.704619,48.287156],[37.704664,48.286878],[37.704134,48.28695],[37.703658,48.287015],[37.701017,48.287374],[37.699499,48.287581],[37.698381,48.287733],[37.695739,48.288092],[37.695681,48.288369]]]}},{"type":"Feature","properties":{"cadnum":"1422485500:56:000:0031"},"geometry":{"type":"Polygon","coordinates":[[[37.691136,48.290984],[37.693252,48.290598],[37.694006,48.290462],[37.694049,48.290454],[37.694178,48.29043],[37.695182,48.290247],[37.695304,48.289625],[37.694006,48.289862],[37.691257,48.290363],[37.691234,48.290482],[37.691232,48.290491],[37.691231,48.290491],[37.691136,48.290984]]]}},{"type":"Feature","properties":{"cadnum":"1422485500:56:000:0032"},"geometry":{"type":"Polygon","coordinates":[[[37.691257,48.290363],[37.694178,48.289831],[37.695304,48.289625],[37.695421,48.289003],[37.694006,48.289262],[37.691373,48.289744],[37.691337,48.289939],[37.691257,48.290363]]]}},{"type":"Feature","properties":{"cadnum":"1422485500:56:000:0034"},"geometry":{"type":"Polygon","coordinates":[[[37.691494,48.289122],[37.694178,48.288633],[37.695542,48.288384],[37.695664,48.287762],[37.694178,48.288034],[37.691616,48.288501],[37.69154,48.288889],[37.691494,48.289122]]]}},{"type":"Feature","properties":{"cadnum":"1422485500:56:000:0061"},"geometry":{"type":"Polygon","coordinates":[[[37.695331,48.290595],[37.699671,48.290006],[37.699671,48.290005],[37.704268,48.289379],[37.70431,48.289102],[37.699499,48.289758],[37.695381,48.290318],[37.69535,48.290491],[37.695348,48.290491],[37.695331,48.290595]]]}},{"type":"Feature","properties":{"cadnum":"1422485500:56:000:0053"},"geometry":{"type":"Polygon","coordinates":[[[37.695614,48.288931],[37.699499,48.288393],[37.704583,48.287688],[37.704623,48.287419],[37.699671,48.2881],[37.695635,48.288654],[37.695614,48.288931]]]}},{"type":"Feature","properties":{"cadnum":"1422485500:56:000:0064"},"geometry":{"type":"Polygon","coordinates":[[[37.695492,48.28964],[37.699671,48.28907],[37.704413,48.288423],[37.704453,48.288142],[37.699671,48.288797],[37.699671,48.288796],[37.695538,48.289361],[37.695492,48.28964]]]}},{"type":"Feature","properties":{"cadnum":"1422485500:56:000:0033"},"geometry":{"type":"Polygon","coordinates":[[[37.691373,48.289744],[37.694178,48.289231],[37.695421,48.289003],[37.695542,48.288384],[37.694006,48.288664],[37.691494,48.289122],[37.69144,48.289407],[37.691373,48.289744]]]}},{"type":"Feature","properties":{"cadnum":"1422485500:56:000:0065"},"geometry":{"type":"Polygon","coordinates":[[[37.695381,48.290318],[37.699671,48.289734],[37.70431,48.289102],[37.704413,48.288423],[37.699499,48.289094],[37.695492,48.28964],[37.695381,48.290318]]]}},{"type":"Feature","properties":{"cadnum":"1422485500:56:000:0059"},"geometry":{"type":"Polygon","coordinates":[[[37.695538,48.289361],[37.699499,48.28882],[37.699499,48.288821],[37.704453,48.288142],[37.70452,48.287694],[37.699499,48.288391],[37.699499,48.288392],[37.695614,48.288931],[37.695538,48.289361]]]}},{"type":"Feature","properties":{"cadnum":"1422485500:24:000:0008"},"geometry":{"type":"Polygon","coordinates":[[[37.649239,48.305819],[37.650232,48.30585],[37.655076,48.305996],[37.65508,48.305223],[37.655082,48.305049],[37.655082,48.304834],[37.650061,48.304683],[37.649239,48.304658],[37.649239,48.305819]]]}},{"type":"Feature","properties":{"cadnum":"1422485500:24:000:0013"},"geometry":{"type":"Polygon","coordinates":[[[37.655082,48.305049],[37.655554,48.305063],[37.655554,48.305064],[37.66,48.305199],[37.660579,48.303938],[37.6596,48.303713],[37.655554,48.303594],[37.655082,48.30358],[37.655082,48.305049]]]}},{"type":"Feature","properties":{"cadnum":"1422485500:24:000:0007"},"geometry":{"type":"Polygon","coordinates":[[[37.649239,48.304658],[37.650232,48.304688],[37.655082,48.304834],[37.655082,48.30358],[37.650061,48.303428],[37.649243,48.303403],[37.649243,48.30435],[37.649239,48.304658]]]}},{"type":"Feature","properties":{"cadnum":"1422485500:24:000:0040"},"geometry":{"type":"Polygon","coordinates":[[[37.642927,48.303029],[37.644567,48.303082],[37.644567,48.303083],[37.650232,48.303265],[37.650232,48.303264],[37.65373,48.303376],[37.65394,48.303241],[37.650232,48.303105],[37.644739,48.302902],[37.642937,48.302836],[37.642927,48.303029]]]}},{"type":"Feature","properties":{"cadnum":"1422485500:24:000:0042"},"geometry":{"type":"Polygon","coordinates":[[[37.642945,48.302644],[37.644567,48.302711],[37.644567,48.302712],[37.644739,48.302719],[37.650232,48.302947],[37.654166,48.30311],[37.654386,48.302984],[37.650061,48.302785],[37.644567,48.30253],[37.642954,48.302455],[37.642945,48.302644]]]}},{"type":"Feature","properties":{"cadnum":"1422485500:24:000:0014"},"geometry":{"type":"Polygon","coordinates":[[[37.655076,48.306629],[37.655554,48.306645],[37.655595,48.306646],[37.655725,48.30665],[37.655726,48.30665],[37.657139,48.306692],[37.659609,48.306767],[37.659749,48.305737],[37.66,48.305199],[37.657042,48.305109],[37.657026,48.305109],[37.655726,48.305069],[37.655725,48.305069],[37.655725,48.305068],[37.655082,48.305049],[37.655081,48.305108],[37.655081,48.305109],[37.65508,48.305109],[37.655076,48.305996],[37.655076,48.306629]]]}},{"type":"Feature","properties":{"cadnum":"1422485500:24:000:0039"},"geometry":{"type":"Polygon","coordinates":[[[37.642918,48.303208],[37.644739,48.303265],[37.649243,48.303403],[37.650061,48.303427],[37.650061,48.303428],[37.653573,48.303531],[37.653671,48.303412],[37.65373,48.303376],[37.650061,48.303258],[37.650061,48.303259],[37.644739,48.303088],[37.642927,48.303029],[37.642918,48.303208]]]}},{"type":"Feature","properties":{"cadnum":"1422485500:24:000:0041"},"geometry":{"type":"Polygon","coordinates":[[[37.642937,48.302836],[37.644567,48.302896],[37.650061,48.303099],[37.65394,48.303241],[37.654013,48.303194],[37.654166,48.30311],[37.650061,48.30294],[37.644739,48.302719],[37.642945,48.302644],[37.642937,48.302836]]]}},{"type":"Feature","properties":{"cadnum":"1422485500:28:000:0032"},"geometry":{"type":"Polygon","coordinates":[[[37.644751,48.273361],[37.644765,48.273478],[37.64622,48.273325],[37.648331,48.273101],[37.649386,48.272982],[37.649804,48.272835],[37.649805,48.272835],[37.649925,48.272925],[37.650061,48.272909],[37.652566,48.272614],[37.65521,48.272321],[37.655212,48.272321],[37.655554,48.272283],[37.655554,48.272284],[37.65611,48.27222],[37.656843,48.272138],[37.658445,48.271962],[37.660045,48.271783],[37.660755,48.271744],[37.660749,48.271573],[37.6592,48.271633],[37.65752,48.271798],[37.657403,48.271989],[37.656932,48.27204],[37.656124,48.272019],[37.655725,48.27207],[37.654617,48.272213],[37.654615,48.272213],[37.654084,48.272282],[37.65373,48.272327],[37.65373,48.272328],[37.65369,48.272333],[37.652248,48.272477],[37.651007,48.272602],[37.650061,48.272718],[37.649606,48.272772],[37.647141,48.273095],[37.644751,48.273361]]]}},{"type":"Feature","properties":{"cadnum":"1422485500:07:000:0008"},"geometry":{"type":"Polygon","coordinates":[[[37.688777,48.272171],[37.688816,48.272327],[37.688817,48.272327],[37.688817,48.272328],[37.688863,48.272506],[37.68892,48.272818],[37.688921,48.272818],[37.689037,48.272754],[37.688948,48.272309],[37.688926,48.272195],[37.689182,48.27077],[37.689446,48.269492],[37.689195,48.26966],[37.688997,48.270746],[37.688777,48.272171]]]}},{"type":"Feature","properties":{"cadnum":"1422485500:58:000:0013"},"geometry":{"type":"Polygon","coordinates":[[[37.689442,48.273224],[37.689949,48.2736],[37.690592,48.274183],[37.69079,48.274524],[37.69088,48.274662],[37.691033,48.275361],[37.69105,48.275807],[37.691027,48.275984],[37.691028,48.275984],[37.69097,48.276456],[37.690704,48.277899],[37.690601,48.278293],[37.690255,48.27946],[37.690251,48.279525],[37.69025,48.279525],[37.690232,48.279813],[37.690321,48.279564],[37.690425,48.279281],[37.690817,48.278243],[37.691001,48.277223],[37.69119,48.276208],[37.691193,48.275984],[37.691194,48.275984],[37.691203,48.275528],[37.691018,48.274614],[37.690601,48.274034],[37.689595,48.273224],[37.689442,48.273224]]]}},{"type":"Feature","properties":{"cadnum":"1422485500:58:000:0012"},"geometry":{"type":"Polygon","coordinates":[[[37.689258,48.272928],[37.689352,48.273009],[37.691463,48.273208],[37.693593,48.273409],[37.694006,48.273448],[37.694006,48.273449],[37.694131,48.27346],[37.694178,48.273465],[37.696247,48.273657],[37.698901,48.273908],[37.699499,48.273965],[37.701444,48.274147],[37.701507,48.27415],[37.701524,48.274016],[37.699499,48.273843],[37.698865,48.273789],[37.696207,48.273565],[37.694006,48.273376],[37.694006,48.273377],[37.693624,48.273343],[37.691737,48.273143],[37.689258,48.272928]]]}},{"type":"Feature","properties":{"cadnum":"1422485500:54:000:0022"},"geometry":{"type":"Polygon","coordinates":[[[37.684385,48.270755],[37.684798,48.272031],[37.684806,48.272213],[37.68481,48.272304],[37.684811,48.272327],[37.684811,48.272328],[37.684829,48.272694],[37.685381,48.273824],[37.686383,48.274683],[37.687161,48.275352],[37.687161,48.275353],[37.687498,48.275753],[37.687519,48.275869],[37.687525,48.275898],[37.687541,48.275984],[37.687624,48.276414],[37.687538,48.276658],[37.687515,48.276952],[37.686895,48.277696],[37.68663,48.27795],[37.68646,48.278344],[37.68611,48.27833],[37.68576,48.278951],[37.68571,48.279199],[37.685781,48.279456],[37.685741,48.279525],[37.685678,48.279636],[37.685679,48.279639],[37.685737,48.279786],[37.685696,48.28052],[37.6861,48.280861],[37.687182,48.28096],[37.688194,48.281025],[37.688513,48.281023],[37.688513,48.281024],[37.688561,48.281023],[37.688684,48.280988],[37.688684,48.280987],[37.688685,48.280987],[37.689114,48.280865],[37.690205,48.280099],[37.690232,48.279813],[37.690243,48.279639],[37.690255,48.27946],[37.690358,48.279113],[37.690318,48.279071],[37.690385,48.278674],[37.690538,48.278512],[37.690601,48.278293],[37.690704,48.277899],[37.690771,48.277535],[37.690722,48.277418],[37.690708,48.276957],[37.690911,48.276757],[37.69096,48.276494],[37.690964,48.276288],[37.690888,48.276034],[37.690877,48.275869],[37.690861,48.275606],[37.690677,48.275128],[37.690484,48.274396],[37.690192,48.274109],[37.689689,48.273813],[37.689182,48.273516],[37.688746,48.27337],[37.688558,48.273102],[37.688238,48.272643],[37.687975,48.272328],[37.687975,48.272327],[37.687834,48.272157],[37.687439,48.271756],[37.687331,48.271439],[37.687282,48.271164],[37.687291,48.270806],[37.687119,48.27056],[37.687695,48.269645],[37.687372,48.269056],[37.686608,48.268844],[37.685318,48.26894],[37.685117,48.269887],[37.684815,48.270273],[37.684385,48.270755]]]}},{"type":"Feature","properties":{"cadnum":"1422485500:44:002:0009"},"geometry":{"type":"Polygon","coordinates":[[[37.720344,48.364305],[37.720363,48.364388],[37.721472,48.364344],[37.721472,48.364345],[37.721566,48.36434],[37.721516,48.364104],[37.720587,48.36414],[37.720344,48.364305]]]}},{"type":"Feature","properties":{"cadnum":"1422485500:39:001:0017"},"geometry":{"type":"Polygon","coordinates":[[[37.720074,48.365582],[37.720093,48.365662],[37.72017,48.366134],[37.720744,48.366077],[37.720623,48.365656],[37.720596,48.365531],[37.720074,48.365582]]]}},{"type":"Feature","properties":{"cadnum":"1422485500:44:002:0008"},"geometry":{"type":"Polygon","coordinates":[[[37.721516,48.364104],[37.721566,48.36434],[37.721643,48.364338],[37.721644,48.364338],[37.721898,48.364328],[37.722841,48.36429],[37.722787,48.364054],[37.721516,48.364104]]]}},{"type":"Feature","properties":{"cadnum":"1422485500:39:001:0006"},"geometry":{"type":"Polygon","coordinates":[[[37.719751,48.366405],[37.719877,48.366999],[37.7199,48.36711],[37.720331,48.36707],[37.72025,48.366776],[37.720196,48.366367],[37.719751,48.366405]]]}},{"type":"Feature","properties":{"cadnum":"1422485500:39:001:0018"},"geometry":{"type":"Polygon","coordinates":[[[37.719877,48.364621],[37.719921,48.364832],[37.720074,48.365582],[37.720596,48.365531],[37.720447,48.36491],[37.72042,48.364785],[37.72039,48.364651],[37.720357,48.364564],[37.720164,48.364591],[37.719877,48.364621]],[[37.72021,48.36466],[37.72021,48.364659],[37.720223,48.364659],[37.720223,48.36466],[37.720223,48.364668],[37.720214,48.364668],[37.72021,48.36466]]]}},{"type":"Feature","properties":{"cadnum":"1422485500:39:001:0026"},"geometry":{"type":"Polygon","coordinates":[[[37.718476,48.366188],[37.718493,48.366259],[37.718588,48.36625],[37.71857,48.366179],[37.718476,48.366188]]]}},{"type":"Feature","properties":{"cadnum":"1422485500:15:003:0056"},"geometry":{"type":"Polygon","coordinates":[[[37.716266,48.366692],[37.716423,48.367148],[37.716431,48.367186],[37.716457,48.3673],[37.716504,48.3675],[37.71685,48.367459],[37.716795,48.367218],[37.716782,48.36716],[37.716751,48.367029],[37.716671,48.366644],[37.716266,48.366692]]]}},{"type":"Feature","properties":{"cadnum":"1422485500:39:001:0005"},"geometry":{"type":"Polygon","coordinates":[[[37.718485,48.364699],[37.718646,48.365606],[37.719208,48.365566],[37.719046,48.364659],[37.718485,48.364699]]]}},{"type":"Feature","properties":{"cadnum":"1422485500:39:001:0004"},"geometry":{"type":"Polygon","coordinates":[[[37.718646,48.365606],[37.718673,48.365743],[37.718789,48.365734],[37.71879,48.365734],[37.718826,48.365973],[37.718866,48.366235],[37.719315,48.366203],[37.719208,48.365566],[37.718646,48.365606]]]}},{"type":"Feature","properties":{"cadnum":"1422485500:15:003:0079"},"geometry":{"type":"Polygon","coordinates":[[[37.719252,48.36645],[37.719378,48.367044],[37.719877,48.366999],[37.719751,48.366405],[37.719252,48.36645]]]}},{"type":"Feature","properties":{"cadnum":"1422485500:44:002:0062"},"geometry":{"type":"Polygon","coordinates":[[[37.719055,48.364704],[37.719189,48.365447],[37.719589,48.36542],[37.719472,48.364666],[37.719055,48.364704]]]}},{"type":"Feature","properties":{"cadnum":"1422485500:15:003:0080"},"geometry":{"type":"Polygon","coordinates":[[[37.719378,48.367044],[37.719431,48.3673],[37.719432,48.3673],[37.719527,48.367757],[37.72003,48.367712],[37.719941,48.3673],[37.719942,48.3673],[37.719877,48.366999],[37.719378,48.367044]]]}},{"type":"Feature","properties":{"cadnum":"1422485500:44:002:0061"},"geometry":{"type":"Polygon","coordinates":[[[37.719189,48.365447],[37.719217,48.365593],[37.719315,48.366203],[37.719711,48.366172],[37.719644,48.365752],[37.719589,48.36542],[37.719189,48.365447]]]}},{"type":"Feature","properties":{"cadnum":"1422485500:39:001:0012"},"geometry":{"type":"Polygon","coordinates":[[[37.720784,48.36634],[37.720856,48.366763],[37.720879,48.366942],[37.721359,48.366918],[37.721342,48.366793],[37.721292,48.366298],[37.720784,48.36634]]]}},{"type":"Feature","properties":{"cadnum":"1422485500:39:001:0001"},"geometry":{"type":"Polygon","coordinates":[[[37.717147,48.366617],[37.717227,48.366951],[37.717577,48.366904],[37.717491,48.366584],[37.717147,48.366617]]]}},{"type":"Feature","properties":{"cadnum":"1422485500:39:001:0013"},"geometry":{"type":"Polygon","coordinates":[[[37.720879,48.366942],[37.72091,48.367186],[37.720914,48.367219],[37.720925,48.3673],[37.72095,48.367486],[37.720964,48.367601],[37.721453,48.36759],[37.721407,48.367267],[37.721359,48.366918],[37.720879,48.366942]]]}},{"type":"Feature","properties":{"cadnum":"1422485500:39:001:0007"},"geometry":{"type":"Polygon","coordinates":[[[37.7199,48.36711],[37.719916,48.367186],[37.719919,48.367199],[37.71994,48.3673],[37.719941,48.3673],[37.72003,48.367712],[37.720487,48.367667],[37.72039,48.3673],[37.720391,48.3673],[37.720331,48.36707],[37.7199,48.36711]]]}},{"type":"Feature","properties":{"cadnum":"1422485500:44:002:0017"},"geometry":{"type":"Polygon","coordinates":[[[37.715574,48.365946],[37.71561,48.366134],[37.715736,48.366551],[37.715979,48.366524],[37.716116,48.366509],[37.71615,48.366505],[37.716235,48.366495],[37.716086,48.366015],[37.716059,48.365907],[37.715574,48.365946]]]}},{"type":"Feature","properties":{"cadnum":"1422485500:18:000:0032"},"geometry":{"type":"Polygon","coordinates":[[[37.638956,48.323802],[37.638979,48.324146],[37.639074,48.324135],[37.639874,48.324044],[37.640574,48.323963],[37.641046,48.323907],[37.640786,48.323489],[37.640457,48.32296],[37.640008,48.323214],[37.63972,48.323375],[37.639719,48.323375],[37.639598,48.323443],[37.639516,48.323489],[37.639237,48.323645],[37.638956,48.323802]]]}},{"type":"Feature","properties":{"cadnum":"1422485500:18:000:0029"},"geometry":{"type":"Polygon","coordinates":[[[37.638979,48.324146],[37.639033,48.324985],[37.639074,48.32498],[37.639074,48.324981],[37.639922,48.32488],[37.640623,48.3248],[37.640574,48.323963],[37.639874,48.324044],[37.639246,48.324116],[37.638979,48.324146]],[[37.639572,48.324596],[37.639572,48.324372],[37.639841,48.324375],[37.639841,48.3246],[37.639572,48.324596]]]}},{"type":"Feature","properties":{"cadnum":"1422485500:18:000:0001"},"geometry":{"type":"Polygon","coordinates":[[[37.639128,48.325827],[37.63927,48.327141],[37.639339,48.327768],[37.64087,48.327589],[37.640808,48.327027],[37.64066,48.325651],[37.639128,48.325827]]]}},{"type":"Feature","properties":{"cadnum":"1422485500:18:000:0021"},"geometry":{"type":"Polygon","coordinates":[[[37.639033,48.324985],[37.639073,48.325632],[37.639074,48.325632],[37.639103,48.325629],[37.639246,48.325614],[37.639246,48.325613],[37.639963,48.325532],[37.639922,48.32488],[37.639246,48.32496],[37.639033,48.324985]]]}},{"type":"Feature","properties":{"cadnum":"1422485500:49:000:0029"},"geometry":{"type":"Polygon","coordinates":[[[37.711141,48.323704],[37.7126,48.32388],[37.713243,48.323958],[37.71337,48.323489],[37.714357,48.319874],[37.713236,48.319747],[37.71225,48.319635],[37.712227,48.319722],[37.712226,48.319722],[37.71123,48.323374],[37.71123,48.323375],[37.711209,48.323451],[37.711199,48.323489],[37.711141,48.323704]]]}},{"type":"Feature","properties":{"cadnum":"1422485500:49:000:0046"},"geometry":{"type":"Polygon","coordinates":[[[37.708562,48.317348],[37.709115,48.317569],[37.70943,48.317294],[37.710657,48.316996],[37.711321,48.316834],[37.710579,48.316511],[37.709313,48.316825],[37.708562,48.317348]]]}},{"type":"Feature","properties":{"cadnum":"1422485500:49:000:0030"},"geometry":{"type":"Polygon","coordinates":[[[37.708648,48.323402],[37.710485,48.323625],[37.711141,48.323704],[37.711209,48.323451],[37.712195,48.319836],[37.71225,48.319635],[37.711312,48.319531],[37.711333,48.319722],[37.711344,48.319812],[37.711346,48.319836],[37.711347,48.319836],[37.711365,48.319994],[37.710485,48.319904],[37.709763,48.31983],[37.708657,48.323374],[37.708657,48.323375],[37.708656,48.323375],[37.708648,48.323402]]]}},{"type":"Feature","properties":{"cadnum":"1422485500:49:000:0019"},"geometry":{"type":"Polygon","coordinates":[[[37.706694,48.315114],[37.708832,48.316183],[37.709574,48.316553],[37.710485,48.316345],[37.710584,48.316323],[37.710657,48.316306],[37.711669,48.316074],[37.712017,48.315995],[37.712191,48.315732],[37.710485,48.314876],[37.710485,48.314877],[37.708778,48.31402],[37.706694,48.315114]]]}},{"type":"Feature","properties":{"cadnum":"1422485500:49:000:0044"},"geometry":{"type":"Polygon","coordinates":[[[37.705981,48.31874],[37.707579,48.319181],[37.708015,48.319221],[37.708945,48.319361],[37.709803,48.319531],[37.709797,48.319668],[37.710657,48.319762],[37.710813,48.319779],[37.711092,48.319809],[37.711059,48.319633],[37.710657,48.319534],[37.707776,48.318823],[37.706801,48.318429],[37.705981,48.31874]]]}},{"type":"Feature","properties":{"cadnum":"1422485500:49:000:0047"},"geometry":{"type":"Polygon","coordinates":[[[37.710579,48.316511],[37.711321,48.316834],[37.713903,48.316204],[37.713671,48.31614],[37.712394,48.315789],[37.712204,48.316069],[37.712203,48.316069],[37.71217,48.31612],[37.711912,48.316183],[37.710579,48.316511]]]}},{"type":"Feature","properties":{"cadnum":"1422485500:49:000:0048"},"geometry":{"type":"Polygon","coordinates":[[[37.712394,48.315789],[37.713412,48.316069],[37.713671,48.31614],[37.713827,48.316183],[37.713828,48.316183],[37.713903,48.316204],[37.714454,48.316069],[37.715346,48.315851],[37.715323,48.3158],[37.713319,48.315248],[37.713319,48.315247],[37.713392,48.315165],[37.712902,48.31503],[37.712394,48.315789]]]}},{"type":"Feature","properties":{"cadnum":"1422485500:49:000:0009"},"geometry":{"type":"Polygon","coordinates":[[[37.712641,48.319635],[37.713404,48.319722],[37.714127,48.319804],[37.714412,48.319836],[37.714806,48.319881],[37.714843,48.319722],[37.714842,48.319722],[37.715649,48.316183],[37.71565,48.316183],[37.715704,48.315949],[37.7157,48.315959],[37.715248,48.316069],[37.713355,48.316529],[37.712641,48.319635]]]}},{"type":"Feature","properties":{"cadnum":"1422485500:49:000:0006"},"geometry":{"type":"Polygon","coordinates":[[[37.70814,48.318727],[37.710657,48.319364],[37.710988,48.319447],[37.712641,48.319635],[37.713355,48.316529],[37.710657,48.317183],[37.709591,48.317441],[37.70814,48.318727]]]}},{"type":"Feature","properties":{"cadnum":"1422485500:06:000:0011"},"geometry":{"type":"Polygon","coordinates":[[[37.705522,48.284155],[37.710485,48.283881],[37.715413,48.283608],[37.715479,48.283295],[37.71548,48.283295],[37.716063,48.28058],[37.710485,48.280177],[37.706358,48.279878],[37.705712,48.283181],[37.705711,48.283181],[37.705522,48.284155]]]}},{"type":"Feature","properties":{"cadnum":"1422485500:06:000:0009"},"geometry":{"type":"Polygon","coordinates":[[[37.70532,48.285434],[37.710657,48.285097],[37.710657,48.285096],[37.715166,48.28481],[37.715413,48.283608],[37.710657,48.283872],[37.710657,48.283871],[37.705522,48.284155],[37.70532,48.285434]]]}},{"type":"Feature","properties":{"cadnum":"1422485500:31:000:0001"},"geometry":{"type":"Polygon","coordinates":[[[37.663292,48.299029],[37.663759,48.299408],[37.663912,48.299605],[37.666229,48.300564],[37.66654,48.300594],[37.66654,48.300595],[37.667011,48.300639],[37.668175,48.300645],[37.66932,48.300373],[37.66654,48.298469],[37.665565,48.2978],[37.665435,48.297711],[37.66529,48.2978],[37.665289,48.2978],[37.663292,48.299029]]]}},{"type":"Feature","properties":{"cadnum":"1422485500:31:000:0036"},"geometry":{"type":"Polygon","coordinates":[[[37.665435,48.297711],[37.665731,48.297915],[37.665732,48.297915],[37.666712,48.298586],[37.66932,48.300373],[37.669445,48.300343],[37.669904,48.300072],[37.6705,48.299665],[37.670999,48.29931],[37.66885,48.2978],[37.668849,48.2978],[37.667187,48.296632],[37.666712,48.296925],[37.665435,48.297711]]]}},{"type":"Feature","properties":{"cadnum":"1422485500:31:000:0003"},"geometry":{"type":"Polygon","coordinates":[[[37.667187,48.296632],[37.669012,48.297915],[37.670999,48.29931],[37.671516,48.298939],[37.67193,48.298482],[37.671966,48.2978],[37.67197,48.297729],[37.672087,48.297684],[37.669118,48.295443],[37.667187,48.296632]]]}},{"type":"Feature","properties":{"cadnum":"1422485500:25:000:0010"},"geometry":{"type":"Polygon","coordinates":[[[37.606734,48.299381],[37.606927,48.300247],[37.61178,48.299282],[37.613125,48.299014],[37.612986,48.29844],[37.612915,48.29815],[37.611609,48.298411],[37.611608,48.298411],[37.606734,48.299381]]]}},{"type":"Feature","properties":{"cadnum":"1422485500:25:000:0008"},"geometry":{"type":"Polygon","coordinates":[[[37.60668,48.301165],[37.606741,48.301454],[37.606741,48.301455],[37.60674,48.301455],[37.60675,48.301501],[37.606764,48.301569],[37.606765,48.301569],[37.606846,48.301948],[37.608756,48.301568],[37.61178,48.300967],[37.613517,48.300621],[37.613414,48.3002],[37.613328,48.299842],[37.611609,48.300184],[37.611608,48.300184],[37.60668,48.301165]]]}},{"type":"Feature","properties":{"cadnum":"1422485500:25:000:0007"},"geometry":{"type":"Polygon","coordinates":[[[37.606846,48.301948],[37.607013,48.302719],[37.61178,48.301768],[37.61178,48.301767],[37.613288,48.301466],[37.613705,48.301383],[37.613628,48.301082],[37.613517,48.300621],[37.611609,48.301001],[37.611608,48.301001],[37.611608,48.301002],[37.609327,48.301455],[37.609326,48.301455],[37.608756,48.301568],[37.608752,48.301569],[37.606846,48.301948]]]}},{"type":"Feature","properties":{"cadnum":"1422485500:25:000:0023"},"geometry":{"type":"Polygon","coordinates":[[[37.60554,48.297179],[37.605717,48.297915],[37.605718,48.297915],[37.605903,48.298682],[37.606287,48.300405],[37.606397,48.300899],[37.606622,48.300887],[37.606892,48.300807],[37.606783,48.300256],[37.606617,48.29939],[37.606397,48.298515],[37.606287,48.297923],[37.606287,48.297917],[37.606274,48.29785],[37.606186,48.29737],[37.60607,48.297227],[37.60554,48.297179]]]}},{"type":"Feature","properties":{"cadnum":"1422485500:25:000:0009"},"geometry":{"type":"Polygon","coordinates":[[[37.606622,48.300887],[37.60668,48.301165],[37.61178,48.30015],[37.613328,48.299842],[37.613194,48.299297],[37.613125,48.299014],[37.611609,48.299316],[37.611608,48.299316],[37.606927,48.300247],[37.607049,48.300821],[37.606622,48.300887]]]}},{"type":"Feature","properties":{"cadnum":"1422485500:35:000:0016"},"geometry":{"type":"Polygon","coordinates":[[[37.676542,48.393156],[37.676884,48.394415],[37.677526,48.394538],[37.67763,48.394558],[37.677698,48.394258],[37.677903,48.393359],[37.677526,48.393303],[37.676542,48.393156]]]}},{"type":"Feature","properties":{"cadnum":"1422485500:35:000:0022"},"geometry":{"type":"Polygon","coordinates":[[[37.674521,48.39239],[37.674628,48.39247],[37.675059,48.392726],[37.675923,48.393237],[37.676425,48.393016],[37.67625,48.39284],[37.67541,48.391996],[37.674521,48.39239]]]}},{"type":"Feature","properties":{"cadnum":"1422485500:35:000:0023"},"geometry":{"type":"Polygon","coordinates":[[[37.675783,48.394301],[37.675787,48.394307],[37.676884,48.394415],[37.676542,48.393156],[37.676533,48.393123],[37.676429,48.393016],[37.675923,48.393237],[37.676106,48.39335],[37.676098,48.393803],[37.675783,48.394301]]]}},{"type":"Feature","properties":{"cadnum":"1422485500:45:000:0031"},"geometry":{"type":"Polygon","coordinates":[[[37.733414,48.362281],[37.736221,48.362096],[37.736267,48.36189],[37.736294,48.361673],[37.733464,48.361857],[37.733437,48.362102],[37.733414,48.362281]]]}},{"type":"Feature","properties":{"cadnum":"1422485500:45:000:0028"},"geometry":{"type":"Polygon","coordinates":[[[37.733406,48.363209],[37.733414,48.363239],[37.733472,48.363537],[37.733471,48.363537],[37.73355,48.36394],[37.733563,48.363997],[37.734749,48.364042],[37.734776,48.363901],[37.735098,48.363547],[37.735118,48.363525],[37.734739,48.363114],[37.733644,48.363305],[37.733563,48.363209],[37.733406,48.363209]]]}},{"type":"Feature","properties":{"cadnum":"1422485500:45:000:0035"},"geometry":{"type":"Polygon","coordinates":[[[37.733531,48.361335],[37.73638,48.361147],[37.736429,48.361025],[37.736581,48.360893],[37.736607,48.360879],[37.736527,48.360645],[37.733594,48.36084],[37.733531,48.361335]],[[37.733986,48.361067],[37.734007,48.360926],[37.735844,48.360798],[37.735885,48.360923],[37.733986,48.361067]]]}},{"type":"Feature","properties":{"cadnum":"1422485500:42:000:0058"},"geometry":{"type":"Polygon","coordinates":[[[37.735458,48.363451],[37.736936,48.363534],[37.736936,48.363472],[37.736873,48.362696],[37.736649,48.362123],[37.736536,48.361741],[37.736504,48.361911],[37.736393,48.362415],[37.735458,48.363451]]]}},{"type":"Feature","properties":{"cadnum":"1422485500:45:000:0029"},"geometry":{"type":"Polygon","coordinates":[[[37.733324,48.362779],[37.733378,48.363066],[37.734766,48.362974],[37.734699,48.363087],[37.734762,48.363087],[37.734739,48.363114],[37.735118,48.363525],[37.736001,48.362538],[37.733338,48.362711],[37.733324,48.362779]]]}},{"type":"Feature","properties":{"cadnum":"1422485500:45:000:0032"},"geometry":{"type":"Polygon","coordinates":[[[37.733464,48.361857],[37.736294,48.361673],[37.736303,48.361562],[37.736316,48.361463],[37.73632,48.361425],[37.736343,48.361249],[37.736334,48.361251],[37.73638,48.361147],[37.733531,48.361335],[37.733464,48.361857]],[[37.734659,48.361556],[37.733671,48.361437],[37.73367,48.361437],[37.73367,48.361436],[37.73367,48.361338],[37.733671,48.361338],[37.734682,48.361416],[37.735202,48.361338],[37.735867,48.361242],[37.735907,48.361341],[37.734659,48.361556]]]}},{"type":"Feature","properties":{"cadnum":"1422485500:42:000:0057"},"geometry":{"type":"Polygon","coordinates":[[[37.734978,48.364095],[37.7369,48.364203],[37.736927,48.364066],[37.736933,48.363651],[37.736936,48.363534],[37.735458,48.363451],[37.735381,48.363537],[37.73538,48.363537],[37.735005,48.363956],[37.734978,48.364095]]]}},{"type":"Feature","properties":{"cadnum":"1422485500:45:000:0077"},"geometry":{"type":"Polygon","coordinates":[[[37.723174,48.360881],[37.726965,48.361],[37.727018,48.361002],[37.727137,48.361005],[37.727369,48.361012],[37.727365,48.36115],[37.732435,48.361329],[37.732458,48.361234],[37.732512,48.361009],[37.73263,48.360521],[37.732638,48.360488],[37.732458,48.36048],[37.732382,48.360476],[37.73146,48.360431],[37.728164,48.360273],[37.726965,48.360214],[37.726516,48.360192],[37.724678,48.360103],[37.723367,48.360034],[37.723174,48.360881]]]}},{"type":"Feature","properties":{"cadnum":"1422485500:45:000:0030"},"geometry":{"type":"Polygon","coordinates":[[[37.733338,48.362711],[37.736001,48.362538],[37.736186,48.362365],[37.736221,48.362096],[37.733414,48.362281],[37.733406,48.362344],[37.733338,48.362711]]]}},{"type":"Feature","properties":{"cadnum":"1422485500:45:000:0034"},"geometry":{"type":"Polygon","coordinates":[[[37.733594,48.36084],[37.736527,48.360645],[37.736504,48.36058],[37.736353,48.36012],[37.736311,48.360001],[37.7362,48.359678],[37.736097,48.359094],[37.736221,48.358939],[37.734869,48.358601],[37.734169,48.359225],[37.73381,48.359081],[37.733711,48.359887],[37.733711,48.359888],[37.733696,48.360001],[37.733648,48.360389],[37.733594,48.36084]],[[37.735462,48.359661],[37.734246,48.359231],[37.734502,48.359204],[37.735468,48.359521],[37.735615,48.359467],[37.734862,48.35918],[37.735032,48.359081],[37.73562,48.359213],[37.73593,48.359508],[37.736115,48.359887],[37.736114,48.359887],[37.736186,48.360034],[37.735985,48.35993],[37.735462,48.359661]],[[37.734196,48.359944],[37.734294,48.359887],[37.73438,48.359837],[37.734818,48.359887],[37.735426,48.359956],[37.735431,48.359956],[37.735537,48.360001],[37.735538,48.360001],[37.736083,48.360228],[37.73606,48.360401],[37.734166,48.359962],[37.734196,48.359944]],[[37.73412,48.360565],[37.735745,48.360434],[37.735979,48.360536],[37.73416,48.360705],[37.73412,48.360565]]]}},{"type":"Feature","properties":{"cadnum":"1422485500:45:000:0023"},"geometry":{"type":"Polygon","coordinates":[[[37.732494,48.362054],[37.73263,48.362061],[37.733437,48.362102],[37.733464,48.361857],[37.733531,48.361335],[37.733594,48.36084],[37.733648,48.360389],[37.732661,48.360338],[37.732592,48.360947],[37.732494,48.362054]]]}},{"type":"Feature","properties":{"cadnum":"1422485500:45:000:0022"},"geometry":{"type":"Polygon","coordinates":[[[37.732472,48.362296],[37.732713,48.363651],[37.732759,48.363901],[37.73355,48.36394],[37.733492,48.363651],[37.733406,48.363209],[37.732885,48.36323],[37.732822,48.363102],[37.733131,48.363081],[37.733378,48.363066],[37.733324,48.362779],[37.733338,48.362711],[37.733406,48.362344],[37.733414,48.362281],[37.733437,48.362102],[37.732494,48.362054],[37.732472,48.362296]]]}},{"type":"Feature","properties":{"cadnum":"1422485500:45:000:0024"},"geometry":{"type":"Polygon","coordinates":[[[37.732661,48.360338],[37.733648,48.360389],[37.733711,48.359888],[37.73381,48.359081],[37.733854,48.358724],[37.732858,48.358676],[37.732804,48.359052],[37.732804,48.359064],[37.732711,48.359887],[37.73271,48.359887],[37.732661,48.360338]]]}},{"type":"Feature","properties":{"cadnum":"1422485500:47:000:0023"},"geometry":{"type":"Polygon","coordinates":[[[37.734448,48.332928],[37.73655,48.333102],[37.737046,48.330793],[37.737215,48.330008],[37.735118,48.329808],[37.73493,48.330679],[37.734448,48.332928]]]}},{"type":"Feature","properties":{"cadnum":"1422485500:09:000:0048"},"geometry":{"type":"Polygon","coordinates":[[[37.737582,48.330913],[37.737951,48.330948],[37.743444,48.331469],[37.743467,48.331471],[37.743485,48.331414],[37.743597,48.331071],[37.740654,48.330793],[37.740302,48.33076],[37.739441,48.330679],[37.73944,48.330679],[37.738123,48.330555],[37.737672,48.330512],[37.737608,48.330793],[37.737609,48.330793],[37.737582,48.330913]]]}},{"type":"Feature","properties":{"cadnum":"1422485500:03:000:0016"},"geometry":{"type":"Polygon","coordinates":[[[37.73077,48.329399],[37.732458,48.329557],[37.732507,48.329562],[37.73263,48.329574],[37.73263,48.329573],[37.733037,48.329611],[37.735118,48.329808],[37.737215,48.330008],[37.737456,48.330032],[37.737439,48.329975],[37.737269,48.329877],[37.734619,48.329602],[37.732759,48.32941],[37.73263,48.329397],[37.7309,48.329216],[37.73077,48.329399]]]}},{"type":"Feature","properties":{"cadnum":"1422485500:09:000:0069"},"geometry":{"type":"Polygon","coordinates":[[[37.736253,48.336087],[37.73642,48.336102],[37.73646,48.335908],[37.736559,48.335481],[37.736653,48.335057],[37.736747,48.334633],[37.736793,48.334427],[37.736842,48.334212],[37.736936,48.333791],[37.73703,48.333376],[37.737125,48.332958],[37.737219,48.332546],[37.737309,48.332134],[37.737403,48.331725],[37.737493,48.331318],[37.737582,48.330913],[37.737635,48.330679],[37.737634,48.330679],[37.737672,48.330512],[37.737735,48.33024],[37.737515,48.330229],[37.737429,48.330679],[37.737428,48.330679],[37.737277,48.331474],[37.736959,48.333006],[37.736697,48.33408],[37.736643,48.334331],[37.736642,48.334331],[37.736483,48.335072],[37.736253,48.336087]]]}},{"type":"Feature","properties":{"cadnum":"1422485500:47:000:0025"},"geometry":{"type":"Polygon","coordinates":[[[37.728244,48.332414],[37.729852,48.332549],[37.732112,48.332734],[37.732364,48.332755],[37.732458,48.332317],[37.732489,48.332173],[37.73263,48.331515],[37.73263,48.331514],[37.732784,48.330793],[37.733037,48.329611],[37.73263,48.329573],[37.730976,48.329417],[37.728927,48.329222],[37.728615,48.330679],[37.728244,48.332414]]]}},{"type":"Feature","properties":{"cadnum":"1422485500:47:000:0024"},"geometry":{"type":"Polygon","coordinates":[[[37.732364,48.332755],[37.732458,48.332763],[37.734295,48.332916],[37.734448,48.332928],[37.734905,48.330793],[37.734906,48.330793],[37.735118,48.329808],[37.733037,48.329611],[37.732808,48.330679],[37.732489,48.332173],[37.732364,48.332755]]]}},{"type":"Feature","properties":{"cadnum":"1422485500:15:002:0109"},"geometry":{"type":"Polygon","coordinates":[[[37.67303,48.328682],[37.673322,48.330037],[37.673523,48.330008],[37.673462,48.32962],[37.673313,48.328941],[37.673255,48.328664],[37.67303,48.328682]]]}},{"type":"Feature","properties":{"cadnum":"1422485500:15:001:0012"},"geometry":{"type":"Polygon","coordinates":[[[37.674548,48.328279],[37.674651,48.328562],[37.674911,48.328536],[37.6748,48.328257],[37.674548,48.328279]]]}},{"type":"Feature","properties":{"cadnum":"1422485500:15:001:0029"},"geometry":{"type":"Polygon","coordinates":[[[37.67603,48.328753],[37.676116,48.329106],[37.676242,48.329658],[37.676561,48.329614],[37.676466,48.329169],[37.676372,48.328726],[37.67603,48.328753]]]}},{"type":"Feature","properties":{"cadnum":"1422485500:15:001:0023"},"geometry":{"type":"Polygon","coordinates":[[[37.675657,48.328306],[37.675716,48.328661],[37.675743,48.328658],[37.67568,48.328303],[37.675657,48.328306]]]}},{"type":"Feature","properties":{"cadnum":"1422485500:15:001:0127"},"geometry":{"type":"Polygon","coordinates":[[[37.677248,48.328413],[37.677477,48.32939],[37.677526,48.329382],[37.677526,48.329383],[37.677619,48.329367],[37.677698,48.329355],[37.677698,48.329354],[37.67776,48.329344],[37.677557,48.328365],[37.677248,48.328413]]]}},{"type":"Feature","properties":{"cadnum":"1422485500:15:002:0006"},"geometry":{"type":"Polygon","coordinates":[[[37.676475,48.330754],[37.676479,48.330793],[37.676515,48.331137],[37.676588,48.331686],[37.676978,48.331638],[37.676965,48.331542],[37.676838,48.330727],[37.676717,48.330736],[37.676475,48.330754]]]}},{"type":"Feature","properties":{"cadnum":"1422485500:15:001:0014"},"geometry":{"type":"Polygon","coordinates":[[[37.675936,48.330351],[37.675945,48.330515],[37.675979,48.330793],[37.67598,48.330793],[37.676053,48.331384],[37.676291,48.331351],[37.676225,48.330787],[37.676173,48.330336],[37.676093,48.329945],[37.675959,48.329948],[37.676043,48.330339],[37.675936,48.330351]]]}},{"type":"Feature","properties":{"cadnum":"1422485500:15:001:0080"},"geometry":{"type":"Polygon","coordinates":[[[37.67519,48.327684],[37.67524,48.327959],[37.676326,48.327863],[37.676273,48.327589],[37.67519,48.327684]]]}},{"type":"Feature","properties":{"cadnum":"1422485500:15:001:0138"},"geometry":{"type":"Polygon","coordinates":[[[37.674957,48.330121],[37.675045,48.330679],[37.675044,48.330679],[37.67506,48.330778],[37.675062,48.330793],[37.675063,48.330793],[37.675078,48.330886],[37.67546,48.33082],[37.675452,48.330767],[37.67541,48.330455],[37.675339,48.330056],[37.674957,48.330121]]]}},{"type":"Feature","properties":{"cadnum":"1422485500:15:002:0007"},"geometry":{"type":"Polygon","coordinates":[[[37.676332,48.329912],[37.676443,48.330506],[37.676465,48.330679],[37.676464,48.330679],[37.676475,48.330754],[37.676717,48.330736],[37.676838,48.330727],[37.676785,48.330399],[37.676655,48.329862],[37.676332,48.329912]]]}},{"type":"Feature","properties":{"cadnum":"1422485500:15:001:0128"},"geometry":{"type":"Polygon","coordinates":[[[37.67718,48.328133],[37.677248,48.328413],[37.677557,48.328365],[37.677508,48.328102],[37.67718,48.328133]]]}},{"type":"Feature","properties":{"cadnum":"1422485500:15:001:0074"},"geometry":{"type":"Polygon","coordinates":[[[37.672985,48.330387],[37.673011,48.330679],[37.67301,48.330679],[37.673043,48.331059],[37.673089,48.331617],[37.673349,48.331581],[37.673345,48.331561],[37.673282,48.330969],[37.673252,48.33072],[37.673209,48.330354],[37.672985,48.330387]]]}},{"type":"Feature","properties":{"cadnum":"1422485500:15:001:0136"},"geometry":{"type":"Polygon","coordinates":[[[37.676093,48.329945],[37.676173,48.330336],[37.676213,48.330679],[37.676212,48.330679],[37.676269,48.331166],[37.676515,48.331137],[37.676475,48.330793],[37.676443,48.330506],[37.676332,48.329912],[37.676093,48.329945]]]}},{"type":"Feature","properties":{"cadnum":"1422485500:15:001:0185"},"geometry":{"type":"Polygon","coordinates":[[[37.676808,48.328742],[37.676829,48.329064],[37.676951,48.329524],[37.677333,48.329458],[37.677162,48.328715],[37.676808,48.328742]]]}},{"type":"Feature","properties":{"cadnum":"1422485500:15:001:0125"},"geometry":{"type":"Polygon","coordinates":[[[37.674724,48.330157],[37.674787,48.330679],[37.674817,48.330924],[37.674863,48.331322],[37.675146,48.331276],[37.67506,48.330778],[37.674957,48.330121],[37.674724,48.330157]]]}},{"type":"Feature","properties":{"cadnum":"1422485500:15:001:0011"},"geometry":{"type":"Polygon","coordinates":[[[37.674651,48.328562],[37.674876,48.329198],[37.675033,48.329775],[37.675263,48.329742],[37.675074,48.329198],[37.675159,48.329187],[37.674911,48.328536],[37.674651,48.328562]]]}},{"type":"Feature","properties":{"cadnum":"1422485500:20:002:0039"},"geometry":{"type":"Polygon","coordinates":[[[37.674188,48.330225],[37.674245,48.330679],[37.674305,48.331157],[37.674624,48.331134],[37.674567,48.330679],[37.674566,48.330679],[37.674504,48.330181],[37.674188,48.330225]]]}},{"type":"Feature","properties":{"cadnum":"1422485500:15:001:0022"},"geometry":{"type":"Polygon","coordinates":[[[37.67568,48.328303],[37.675743,48.328658],[37.675927,48.32864],[37.676269,48.328611],[37.676632,48.328574],[37.676565,48.328264],[37.676192,48.32829],[37.676183,48.328255],[37.67568,48.328303]]]}},{"type":"Feature","properties":{"cadnum":"1422485500:15:001:0186"},"geometry":{"type":"Polygon","coordinates":[[[37.676767,48.328228],[37.676789,48.328538],[37.676808,48.328742],[37.677162,48.328715],[37.677108,48.328479],[37.677041,48.328204],[37.676767,48.328228]]]}},{"type":"Feature","properties":{"cadnum":"1422485500:15:001:0030"},"geometry":{"type":"Polygon","coordinates":[[[37.675999,48.328616],[37.67603,48.328753],[37.676372,48.328726],[37.676345,48.328589],[37.675999,48.328616]]]}},{"type":"Feature","properties":{"cadnum":"1422485500:15:001:0175"},"geometry":{"type":"Polygon","coordinates":[[[37.677611,48.329647],[37.677698,48.33018],[37.677737,48.330417],[37.678127,48.33039],[37.67806,48.3299],[37.677871,48.329919],[37.677871,48.329918],[37.677863,48.329864],[37.678029,48.329846],[37.677989,48.329581],[37.677611,48.329647]]]}},{"type":"Feature","properties":{"cadnum":"1422485500:15:001:0079"},"geometry":{"type":"Polygon","coordinates":[[[37.676466,48.327553],[37.676515,48.327825],[37.677081,48.327821],[37.677058,48.32755],[37.676466,48.327553]]]}},{"type":"Feature","properties":{"cadnum":"1422485500:15:001:0081"},"geometry":{"type":"Polygon","coordinates":[[[37.67467,48.327732],[37.674714,48.328007],[37.675213,48.327962],[37.67524,48.327959],[37.67519,48.327684],[37.67467,48.327732]]]}},{"type":"Feature","properties":{"cadnum":"1422485500:15:001:0156"},"geometry":{"type":"Polygon","coordinates":[[[37.67497,48.32744],[37.675007,48.327702],[37.67519,48.327684],[37.676183,48.327595],[37.676146,48.32735],[37.67497,48.32744]]]}},{"type":"Feature","properties":{"cadnum":"1422485500:15:001:0180"},"geometry":{"type":"Polygon","coordinates":[[[37.677167,48.327571],[37.677184,48.327732],[37.677225,48.328049],[37.677498,48.328027],[37.677458,48.32761],[37.677337,48.32761],[37.677337,48.327565],[37.677167,48.327571]]]}},{"type":"Feature","properties":{"cadnum":"1422485500:15:001:0179"},"geometry":{"type":"Polygon","coordinates":[[[37.677458,48.32761],[37.677498,48.328027],[37.677526,48.328026],[37.677549,48.328024],[37.677698,48.328014],[37.677698,48.328013],[37.678249,48.327974],[37.678213,48.327592],[37.677611,48.327604],[37.677458,48.32761]]]}},{"type":"Feature","properties":{"cadnum":"1422485500:53:001:0003"},"geometry":{"type":"Polygon","coordinates":[[[37.675221,48.297992],[37.676754,48.298557],[37.676919,48.298345],[37.675632,48.29789],[37.675303,48.297774],[37.675293,48.2978],[37.675292,48.2978],[37.675272,48.297855],[37.675249,48.297915],[37.67525,48.297915],[37.675221,48.297992]]]}},{"type":"Feature","properties":{"cadnum":"1422485500:31:000:0033"},"geometry":{"type":"Polygon","coordinates":[[[37.675347,48.297833],[37.675374,48.29784],[37.675487,48.297651],[37.67546,48.297645],[37.675347,48.297833]]]}},{"type":"Feature","properties":{"cadnum":"1422485500:53:001:0002"},"geometry":{"type":"Polygon","coordinates":[[[37.676336,48.297089],[37.677368,48.297415],[37.677477,48.297137],[37.676511,48.296847],[37.676336,48.297089]]]}},{"type":"Feature","properties":{"cadnum":"1422485500:31:004:0023"},"geometry":{"type":"Polygon","coordinates":[[[37.676955,48.295434],[37.677526,48.295604],[37.677575,48.295618],[37.677698,48.295655],[37.677698,48.295654],[37.678137,48.295784],[37.678223,48.295556],[37.677642,48.295381],[37.677045,48.295201],[37.676955,48.295434]]]}},{"type":"Feature","properties":{"cadnum":"1422485500:53:001:0001"},"geometry":{"type":"Polygon","coordinates":[[[37.675374,48.29784],[37.675375,48.29784],[37.67567,48.297915],[37.675672,48.297915],[37.676951,48.298237],[37.677037,48.29809],[37.676416,48.297915],[37.675487,48.297651],[37.675398,48.2978],[37.675397,48.2978],[37.675374,48.29784]]]}},{"type":"Feature","properties":{"cadnum":"1422485500:31:004:0021"},"geometry":{"type":"Polygon","coordinates":[[[37.676026,48.296701],[37.677477,48.297137],[37.677557,48.296952],[37.676079,48.296513],[37.676026,48.296701]]]}},{"type":"Feature","properties":{"cadnum":"1422485500:31:000:0041"},"geometry":{"type":"Polygon","coordinates":[[[37.669118,48.295443],[37.672033,48.297644],[37.672087,48.297684],[37.672205,48.297639],[37.672205,48.297638],[37.672917,48.297361],[37.673618,48.296803],[37.673829,48.296052],[37.673775,48.294917],[37.67281,48.295467],[37.672391,48.295404],[37.672033,48.295042],[37.671974,48.294983],[37.671226,48.294147],[37.671225,48.294146],[37.671038,48.29426],[37.671039,48.29426],[37.669118,48.295443]]]}},{"type":"Feature","properties":{"cadnum":"1422485500:31:000:0034"},"geometry":{"type":"Polygon","coordinates":[[[37.674162,48.297379],[37.675131,48.297756],[37.67529,48.297532],[37.674315,48.297134],[37.674162,48.297379]]]}},{"type":"Feature","properties":{"cadnum":"1422485500:31:004:0024"},"geometry":{"type":"Polygon","coordinates":[[[37.675697,48.295063],[37.676955,48.295434],[37.677045,48.295201],[37.675806,48.294827],[37.675697,48.295063]]]}},{"type":"Feature","properties":{"cadnum":"1422485500:20:000:0012"},"geometry":{"type":"Polygon","coordinates":[[[37.628815,48.31342],[37.628882,48.31408],[37.633581,48.312969],[37.633581,48.31297],[37.635916,48.312417],[37.637169,48.31212],[37.637088,48.311463],[37.633753,48.312253],[37.633062,48.312416],[37.633061,48.312416],[37.632646,48.312514],[37.632578,48.31253],[37.628815,48.31342]]]}},{"type":"Feature","properties":{"cadnum":"1422485500:20:000:0029"},"geometry":{"type":"Polygon","coordinates":[[[37.628738,48.310576],[37.628936,48.310549],[37.633753,48.309908],[37.636635,48.309524],[37.636837,48.309497],[37.636621,48.309396],[37.636562,48.309369],[37.635184,48.309578],[37.634358,48.309674],[37.633581,48.309765],[37.631905,48.30996],[37.62939,48.310343],[37.628788,48.310433],[37.628738,48.310576]]]}},{"type":"Feature","properties":{"cadnum":"1422485500:20:000:0028"},"geometry":{"type":"Polygon","coordinates":[[[37.628541,48.310602],[37.628662,48.311833],[37.633581,48.310711],[37.636895,48.309955],[37.636837,48.309497],[37.633753,48.309909],[37.633753,48.309908],[37.628541,48.310602]]]}},{"type":"Feature","properties":{"cadnum":"1422485500:20:000:0014"},"geometry":{"type":"Polygon","coordinates":[[[37.628662,48.311833],[37.62873,48.31253],[37.628731,48.31253],[37.628738,48.312604],[37.629577,48.312416],[37.633581,48.311517],[37.633581,48.311518],[37.636998,48.31075],[37.636895,48.309955],[37.633753,48.310672],[37.628662,48.311833]]]}},{"type":"Feature","properties":{"cadnum":"1422485500:20:000:0013"},"geometry":{"type":"Polygon","coordinates":[[[37.628738,48.312604],[37.628815,48.31342],[37.632646,48.312514],[37.633581,48.312293],[37.633581,48.312294],[37.637088,48.311463],[37.636998,48.31075],[37.633753,48.311479],[37.633753,48.311478],[37.629067,48.31253],[37.628738,48.312604]]]}},{"type":"Feature","properties":{"cadnum":"1422485500:22:000:0019"},"geometry":{"type":"Polygon","coordinates":[[[37.619473,48.311603],[37.619746,48.311962],[37.619953,48.312236],[37.622595,48.311697],[37.622595,48.311698],[37.62826,48.310541],[37.628276,48.310537],[37.628266,48.310465],[37.628121,48.310295],[37.627786,48.309904],[37.622595,48.310965],[37.622595,48.310966],[37.619473,48.311603]]]}},{"type":"Feature","properties":{"cadnum":"1422485500:22:000:0017"},"geometry":{"type":"Polygon","coordinates":[[[37.620429,48.312867],[37.620626,48.313127],[37.620922,48.313515],[37.622766,48.313139],[37.622767,48.313139],[37.625743,48.31253],[37.625744,48.31253],[37.62826,48.312016],[37.628419,48.311983],[37.628348,48.311251],[37.628088,48.311304],[37.628088,48.311305],[37.622643,48.312416],[37.622639,48.312416],[37.622097,48.312526],[37.62208,48.31253],[37.620429,48.312867]]]}},{"type":"Feature","properties":{"cadnum":"1422485500:22:000:0018"},"geometry":{"type":"Polygon","coordinates":[[[37.619953,48.312236],[37.620174,48.31253],[37.620175,48.31253],[37.620186,48.312544],[37.620429,48.312867],[37.622097,48.312526],[37.622595,48.312426],[37.622766,48.312391],[37.622767,48.312391],[37.622767,48.31239],[37.62826,48.31127],[37.62826,48.311269],[37.628348,48.311251],[37.628276,48.310537],[37.628088,48.310576],[37.622767,48.311663],[37.622766,48.311663],[37.622766,48.311662],[37.619953,48.312236]]]}},{"type":"Feature","properties":{"cadnum":"1422485500:22:000:0016"},"geometry":{"type":"Polygon","coordinates":[[[37.620922,48.313515],[37.621067,48.31371],[37.621427,48.314184],[37.622766,48.313911],[37.622766,48.31391],[37.622767,48.31391],[37.62826,48.312787],[37.62826,48.312786],[37.628492,48.312739],[37.628471,48.31253],[37.628472,48.31253],[37.628419,48.311983],[37.628088,48.312051],[37.626303,48.312416],[37.626302,48.312416],[37.622595,48.313174],[37.620922,48.313515]]]}},{"type":"Feature","properties":{"cadnum":"1422485500:22:000:0037"},"geometry":{"type":"Polygon","coordinates":[[[37.628266,48.310462],[37.628276,48.310537],[37.628348,48.311251],[37.628419,48.311983],[37.628461,48.312416],[37.628459,48.312416],[37.628492,48.312739],[37.628649,48.314322],[37.628738,48.3152],[37.628823,48.316069],[37.628832,48.316159],[37.629075,48.316055],[37.629008,48.315353],[37.628945,48.314716],[37.628882,48.31408],[37.628815,48.31342],[37.628738,48.312604],[37.62872,48.312416],[37.628719,48.312416],[37.628662,48.311833],[37.628541,48.310602],[37.628266,48.310462]]]}},{"type":"Feature","properties":{"cadnum":"1422485500:46:000:0037"},"geometry":{"type":"Polygon","coordinates":[[[37.736877,48.357132],[37.737286,48.357351],[37.737345,48.357647],[37.737367,48.357861],[37.738123,48.357351],[37.738123,48.35735],[37.738374,48.357181],[37.738171,48.356813],[37.737951,48.356868],[37.736877,48.357132]]]}},{"type":"Feature","properties":{"cadnum":"1422485500:46:000:0038"},"geometry":{"type":"Polygon","coordinates":[[[37.736546,48.356718],[37.736594,48.356981],[37.736877,48.357132],[37.738123,48.356826],[37.738123,48.356825],[37.738171,48.356813],[37.738083,48.356657],[37.737924,48.356375],[37.736546,48.356718]]]}},{"type":"Feature","properties":{"cadnum":"1422485500:37:000:0022"},"geometry":{"type":"Polygon","coordinates":[[[37.692165,48.374441],[37.692592,48.374485],[37.694178,48.374647],[37.694178,48.374646],[37.694297,48.374658],[37.696436,48.374877],[37.696458,48.37476],[37.696373,48.374751],[37.694396,48.374557],[37.694238,48.374542],[37.69404,48.374523],[37.693657,48.374485],[37.693652,48.374485],[37.692419,48.374363],[37.692232,48.374348],[37.692199,48.37439],[37.692165,48.374441]]]}},{"type":"Feature","properties":{"cadnum":"1422485500:38:000:0054"},"geometry":{"type":"Polygon","coordinates":[[[37.698071,48.372781],[37.699671,48.37297],[37.699979,48.373006],[37.702639,48.373316],[37.705164,48.373612],[37.705845,48.373692],[37.707147,48.373026],[37.706883,48.372967],[37.705859,48.372847],[37.705164,48.372766],[37.704048,48.372635],[37.702818,48.372493],[37.70218,48.372418],[37.700253,48.372194],[37.700155,48.372182],[37.699499,48.372105],[37.698241,48.371958],[37.698071,48.372781]]]}},{"type":"Feature","properties":{"cadnum":"1422485500:18:000:0066"},"geometry":{"type":"Polygon","coordinates":[[[37.646256,48.321517],[37.646395,48.321727],[37.647675,48.32167],[37.648631,48.321592],[37.650061,48.321421],[37.650061,48.321422],[37.650329,48.321389],[37.652912,48.320896],[37.655459,48.320412],[37.655428,48.320266],[37.653676,48.320562],[37.652109,48.320854],[37.650558,48.321156],[37.650061,48.321225],[37.650061,48.321226],[37.648438,48.321452],[37.647352,48.321529],[37.646256,48.321517]]]}},{"type":"Feature","properties":{"cadnum":"1422485500:56:000:0027"},"geometry":{"type":"Polygon","coordinates":[[[37.690655,48.293468],[37.694178,48.292826],[37.694706,48.29273],[37.694823,48.292108],[37.694006,48.292257],[37.690777,48.292846],[37.690664,48.293438],[37.690655,48.293468]]]}},{"type":"Feature","properties":{"cadnum":"1422485500:02:000:0029"},"geometry":{"type":"Polygon","coordinates":[[[37.693983,48.29405],[37.693989,48.29426],[37.694037,48.295811],[37.694178,48.295794],[37.694178,48.295793],[37.694765,48.295721],[37.694725,48.294146],[37.694719,48.293919],[37.694097,48.294031],[37.693983,48.29405]]]}},{"type":"Feature","properties":{"cadnum":"1422485500:56:000:0050"},"geometry":{"type":"Polygon","coordinates":[[[37.690974,48.29281],[37.691176,48.292774],[37.691306,48.292152],[37.691104,48.292189],[37.690974,48.29281]]]}},{"type":"Feature","properties":{"cadnum":"1422485500:56:000:0007"},"geometry":{"type":"Polygon","coordinates":[[[37.693606,48.292329],[37.693813,48.292293],[37.693934,48.291672],[37.693731,48.291707],[37.693606,48.292329]]]}},{"type":"Feature","properties":{"cadnum":"1422485500:56:000:0017"},"geometry":{"type":"Polygon","coordinates":[[[37.686635,48.290951],[37.686643,48.291472],[37.688513,48.291069],[37.691051,48.290522],[37.691234,48.290482],[37.691257,48.290363],[37.691337,48.289939],[37.688774,48.290491],[37.688772,48.290491],[37.688513,48.290547],[37.688242,48.290605],[37.688244,48.290605],[37.686635,48.290951]]]}},{"type":"Feature","properties":{"cadnum":"1422485500:56:000:0040"},"geometry":{"type":"Polygon","coordinates":[[[37.692999,48.29244],[37.693201,48.292404],[37.693327,48.291782],[37.693125,48.291818],[37.692999,48.29244]]]}},{"type":"Feature","properties":{"cadnum":"1422485500:56:000:0048"},"geometry":{"type":"Polygon","coordinates":[[[37.691377,48.292739],[37.69158,48.292699],[37.69171,48.292078],[37.691509,48.292114],[37.691377,48.292739]]]}},{"type":"Feature","properties":{"cadnum":"1422485500:56:000:0046"},"geometry":{"type":"Polygon","coordinates":[[[37.691782,48.292664],[37.691989,48.292625],[37.692115,48.292003],[37.691913,48.292039],[37.691782,48.292664]]]}},{"type":"Feature","properties":{"cadnum":"1422485500:56:000:0013"},"geometry":{"type":"Polygon","coordinates":[[[37.686675,48.293115],[37.686685,48.293695],[37.688684,48.293266],[37.688685,48.293266],[37.690785,48.292814],[37.690897,48.292227],[37.690901,48.292203],[37.688513,48.292719],[37.686675,48.293115]]]}},{"type":"Feature","properties":{"cadnum":"1422485500:56:000:0010"},"geometry":{"type":"Polygon","coordinates":[[[37.686702,48.294911],[37.686716,48.295554],[37.688513,48.295167],[37.690408,48.294759],[37.690504,48.29426],[37.690538,48.29409],[37.690538,48.294086],[37.69026,48.294146],[37.690259,48.294146],[37.68977,48.294251],[37.689729,48.29426],[37.688685,48.294485],[37.688684,48.294485],[37.686702,48.294911]]]}},{"type":"Feature","properties":{"cadnum":"1422485500:56:000:0016"},"geometry":{"type":"Polygon","coordinates":[[[37.686643,48.291472],[37.686653,48.292003],[37.688684,48.291567],[37.688685,48.291567],[37.691127,48.291042],[37.691136,48.290984],[37.691209,48.290605],[37.69121,48.290605],[37.691234,48.290482],[37.691192,48.290491],[37.691051,48.290522],[37.690663,48.290605],[37.688685,48.291032],[37.688684,48.291032],[37.686643,48.291472]]]}},{"type":"Feature","properties":{"cadnum":"1422485500:56:000:0029"},"geometry":{"type":"Polygon","coordinates":[[[37.690897,48.292227],[37.694178,48.291628],[37.694945,48.291487],[37.695061,48.290868],[37.695061,48.290865],[37.694006,48.291059],[37.691014,48.291606],[37.691014,48.291615],[37.690901,48.292203],[37.690897,48.292227]]]}},{"type":"Feature","properties":{"cadnum":"1422485500:56:000:0045"},"geometry":{"type":"Polygon","coordinates":[[[37.691989,48.292625],[37.692191,48.292589],[37.692316,48.291968],[37.692115,48.292003],[37.691989,48.292625]]]}},{"type":"Feature","properties":{"cadnum":"1422485500:56:000:0008"},"geometry":{"type":"Polygon","coordinates":[[[37.693404,48.292368],[37.693606,48.292329],[37.693731,48.291707],[37.69353,48.291746],[37.693404,48.292368]]]}},{"type":"Feature","properties":{"cadnum":"1422485500:56:000:0026"},"geometry":{"type":"Polygon","coordinates":[[[37.690538,48.29409],[37.694178,48.293423],[37.694585,48.293348],[37.694706,48.29273],[37.694006,48.292857],[37.690655,48.293468],[37.690538,48.294086],[37.690538,48.29409]]]}},{"type":"Feature","properties":{"cadnum":"1422485500:56:000:0005"},"geometry":{"type":"Polygon","coordinates":[[[37.694014,48.292254],[37.694178,48.292226],[37.694178,48.292225],[37.694217,48.292218],[37.694339,48.291597],[37.694136,48.291636],[37.694014,48.292254]]]}},{"type":"Feature","properties":{"cadnum":"1422485500:56:000:0047"},"geometry":{"type":"Polygon","coordinates":[[[37.69158,48.292699],[37.691782,48.292664],[37.691913,48.292039],[37.691912,48.292039],[37.69171,48.292078],[37.69158,48.292699]]]}},{"type":"Feature","properties":{"cadnum":"1422485500:56:000:0015"},"geometry":{"type":"Polygon","coordinates":[[[37.686653,48.292003],[37.686662,48.29255],[37.688513,48.292153],[37.691014,48.291615],[37.691014,48.291606],[37.691127,48.291042],[37.688513,48.291604],[37.686653,48.292003]]]}},{"type":"Feature","properties":{"cadnum":"1422485500:56:000:0042"},"geometry":{"type":"Polygon","coordinates":[[[37.692595,48.292515],[37.692798,48.292478],[37.692924,48.291857],[37.692721,48.291893],[37.692595,48.292515]]]}},{"type":"Feature","properties":{"cadnum":"1422485500:56:000:0044"},"geometry":{"type":"Polygon","coordinates":[[[37.692191,48.292589],[37.692393,48.292553],[37.692519,48.291928],[37.692316,48.291968],[37.692191,48.292589]]]}},{"type":"Feature","properties":{"cadnum":"1422485500:56:000:0025"},"geometry":{"type":"Polygon","coordinates":[[[37.690408,48.294759],[37.692339,48.294343],[37.692858,48.294248],[37.694006,48.29404],[37.694021,48.294037],[37.694178,48.294008],[37.694469,48.293955],[37.694585,48.293348],[37.694006,48.293454],[37.694006,48.293455],[37.690538,48.29409],[37.690527,48.294146],[37.690526,48.294146],[37.690408,48.294759]]]}},{"type":"Feature","properties":{"cadnum":"1422485500:56:000:0049"},"geometry":{"type":"Polygon","coordinates":[[[37.691176,48.292774],[37.691377,48.292739],[37.691509,48.292114],[37.691306,48.292152],[37.691176,48.292774]]]}},{"type":"Feature","properties":{"cadnum":"1422485500:56:000:0009"},"geometry":{"type":"Polygon","coordinates":[[[37.693201,48.292404],[37.693404,48.292368],[37.69353,48.291746],[37.693327,48.291782],[37.693201,48.292404]]]}},{"type":"Feature","properties":{"cadnum":"1422485500:56:000:0043"},"geometry":{"type":"Polygon","coordinates":[[[37.692393,48.292553],[37.692595,48.292515],[37.692721,48.291893],[37.692519,48.291928],[37.692393,48.292553]]]}},{"type":"Feature","properties":{"cadnum":"1422485500:56:000:0012"},"geometry":{"type":"Polygon","coordinates":[[[37.686685,48.293695],[37.686692,48.29426],[37.686693,48.294292],[37.686959,48.294235],[37.688684,48.293865],[37.688684,48.293864],[37.688685,48.293864],[37.690664,48.293438],[37.690777,48.292846],[37.690785,48.292814],[37.688513,48.293303],[37.686685,48.293695]]]}},{"type":"Feature","properties":{"cadnum":"1422485500:56:000:0041"},"geometry":{"type":"Polygon","coordinates":[[[37.692798,48.292478],[37.692999,48.29244],[37.693125,48.291818],[37.692924,48.291857],[37.692798,48.292478]]]}},{"type":"Feature","properties":{"cadnum":"1422485500:56:000:0051"},"geometry":{"type":"Polygon","coordinates":[[[37.690777,48.292846],[37.690974,48.29281],[37.691104,48.292189],[37.690897,48.292227],[37.690785,48.292814],[37.690777,48.292846]]]}},{"type":"Feature","properties":{"cadnum":"1422485500:56:000:0011"},"geometry":{"type":"Polygon","coordinates":[[[37.686693,48.294292],[37.686702,48.294911],[37.688513,48.294522],[37.68977,48.294251],[37.690538,48.294086],[37.690655,48.293468],[37.690664,48.293438],[37.688513,48.293901],[37.688513,48.293902],[37.687374,48.294146],[37.687373,48.294146],[37.686959,48.294235],[37.686842,48.29426],[37.686693,48.294292]]]}},{"type":"Feature","properties":{"cadnum":"1422485500:56:000:0014"},"geometry":{"type":"Polygon","coordinates":[[[37.686662,48.29255],[37.686675,48.293115],[37.688684,48.292682],[37.688685,48.292682],[37.690901,48.292203],[37.691014,48.291615],[37.688685,48.292116],[37.688684,48.292116],[37.686662,48.29255]]]}},{"type":"Feature","properties":{"cadnum":"1422485500:56:000:0006"},"geometry":{"type":"Polygon","coordinates":[[[37.693813,48.292293],[37.694006,48.292256],[37.694014,48.292254],[37.694136,48.291636],[37.693934,48.291672],[37.693813,48.292293]]]}},{"type":"Feature","properties":{"cadnum":"1422485500:07:000:0001"},"geometry":{"type":"Polygon","coordinates":[[[37.70487,48.274342],[37.704992,48.27435],[37.707381,48.2745],[37.708302,48.274181],[37.708971,48.272273],[37.709425,48.271424],[37.706218,48.271045],[37.70574,48.272213],[37.705739,48.272213],[37.705002,48.274019],[37.70487,48.274342]]]}},{"type":"Feature","properties":{"cadnum":"1422485500:28:000:0030"},"geometry":{"type":"Polygon","coordinates":[[[37.644679,48.273508],[37.644912,48.27421],[37.644985,48.274429],[37.645115,48.274784],[37.645258,48.27517],[37.645537,48.275984],[37.645591,48.276139],[37.645744,48.27659],[37.646202,48.277935],[37.64652,48.279179],[37.646575,48.279639],[37.646576,48.279639],[37.646579,48.279666],[37.646589,48.279702],[37.646709,48.279744],[37.646803,48.279746],[37.647019,48.279589],[37.647715,48.279197],[37.647258,48.277672],[37.646965,48.276715],[37.646724,48.275926],[37.646619,48.275583],[37.646277,48.274455],[37.645954,48.273385],[37.644679,48.273508]]]}},{"type":"Feature","properties":{"cadnum":"1422485500:28:000:0027"},"geometry":{"type":"Polygon","coordinates":[[[37.650059,48.272946],[37.650061,48.27295],[37.650061,48.272951],[37.650211,48.273446],[37.650232,48.273517],[37.650541,48.274536],[37.650945,48.275869],[37.650944,48.275869],[37.650973,48.275963],[37.650979,48.275984],[37.651007,48.276075],[37.651371,48.27728],[37.65147,48.27723],[37.651749,48.276997],[37.652099,48.276357],[37.652369,48.276213],[37.652862,48.276106],[37.652816,48.275954],[37.652391,48.274551],[37.652126,48.273678],[37.651843,48.272736],[37.651358,48.272796],[37.650132,48.272938],[37.650059,48.272946]]]}},{"type":"Feature","properties":{"cadnum":"1422485500:28:000:0028"},"geometry":{"type":"Polygon","coordinates":[[[37.647216,48.273254],[37.647513,48.274234],[37.647851,48.275335],[37.648012,48.275869],[37.648011,48.275869],[37.648088,48.276121],[37.648447,48.277307],[37.64883,48.278568],[37.649535,48.278171],[37.649768,48.278114],[37.650046,48.277956],[37.649952,48.277645],[37.649665,48.276695],[37.649449,48.275984],[37.649149,48.274994],[37.648866,48.27407],[37.648573,48.273108],[37.647216,48.273254]]]}},{"type":"Feature","properties":{"cadnum":"1422485500:28:000:0025"},"geometry":{"type":"Polygon","coordinates":[[[37.648573,48.273108],[37.648866,48.27407],[37.649149,48.274994],[37.649414,48.275869],[37.649665,48.276695],[37.649952,48.277645],[37.650046,48.277956],[37.650061,48.277948],[37.650411,48.277746],[37.650774,48.277582],[37.651371,48.27728],[37.651007,48.276075],[37.650973,48.275963],[37.650541,48.274536],[37.650211,48.273446],[37.650059,48.272946],[37.64988,48.272967],[37.648573,48.273108]]]}},{"type":"Feature","properties":{"cadnum":"1422485500:28:000:0029"},"geometry":{"type":"Polygon","coordinates":[[[37.645954,48.273385],[37.646277,48.274455],[37.646619,48.275583],[37.646707,48.275869],[37.646724,48.275926],[37.646741,48.275984],[37.646742,48.275984],[37.646965,48.276715],[37.647258,48.277672],[37.647715,48.279197],[37.64883,48.278568],[37.648447,48.277307],[37.648088,48.276121],[37.648046,48.275984],[37.647851,48.275335],[37.647513,48.274234],[37.647216,48.273254],[37.646516,48.273332],[37.645954,48.273385]]]}},{"type":"Feature","properties":{"cadnum":"1422485500:39:001:0014"},"geometry":{"type":"Polygon","coordinates":[[[37.715596,48.366882],[37.715676,48.3673],[37.715879,48.368371],[37.715979,48.368361],[37.716077,48.368351],[37.715979,48.367827],[37.715979,48.367828],[37.715978,48.367828],[37.715879,48.3673],[37.715799,48.366865],[37.715596,48.366882]]]}},{"type":"Feature","properties":{"cadnum":"1422485500:39:001:0016"},"geometry":{"type":"Polygon","coordinates":[[[37.71522,48.366862],[37.715274,48.367186],[37.715273,48.367186],[37.715293,48.367299],[37.715293,48.3673],[37.715296,48.367316],[37.715359,48.367656],[37.715736,48.367623],[37.715675,48.3673],[37.715676,48.3673],[37.715587,48.366826],[37.71522,48.366862]]]}},{"type":"Feature","properties":{"cadnum":"1422485500:38:000:0024"},"geometry":{"type":"Polygon","coordinates":[[[37.70665,48.369049],[37.710485,48.369402],[37.710485,48.369403],[37.710623,48.369415],[37.710657,48.369418],[37.710669,48.369419],[37.710835,48.367853],[37.710485,48.367812],[37.706987,48.367402],[37.70665,48.369049]]]}},{"type":"Feature","properties":{"cadnum":"1422485500:39:001:0015"},"geometry":{"type":"Polygon","coordinates":[[[37.715359,48.367656],[37.715556,48.368607],[37.715906,48.368524],[37.715879,48.368371],[37.715736,48.367623],[37.715359,48.367656]]]}},{"type":"Feature","properties":{"cadnum":"1422485500:39:000:0012"},"geometry":{"type":"Polygon","coordinates":[[[37.711136,48.371779],[37.711392,48.371463],[37.713579,48.371108],[37.714267,48.371332],[37.714257,48.370836],[37.714256,48.370836],[37.714208,48.368557],[37.713634,48.368703],[37.711788,48.369046],[37.71136,48.370836],[37.711136,48.371779]]]}},{"type":"Feature","properties":{"cadnum":"1422485500:39:001:0002"},"geometry":{"type":"Polygon","coordinates":[[[37.713302,48.367064],[37.71331,48.367106],[37.713351,48.367101],[37.713365,48.367186],[37.713375,48.367246],[37.713384,48.3673],[37.713418,48.367506],[37.713526,48.368094],[37.713822,48.368067],[37.713818,48.368043],[37.713715,48.367566],[37.713651,48.367232],[37.713612,48.36702],[37.713337,48.367044],[37.713342,48.367061],[37.713342,48.367062],[37.713302,48.367064]]]}},{"type":"Feature","properties":{"cadnum":"1422485500:39:000:0013"},"geometry":{"type":"Polygon","coordinates":[[[37.714208,48.368557],[37.714258,48.37095],[37.714259,48.37095],[37.714267,48.371332],[37.714344,48.371359],[37.71464,48.371454],[37.715835,48.371505],[37.71615,48.371514],[37.716235,48.371516],[37.716504,48.371525],[37.716512,48.37095],[37.716553,48.368375],[37.715979,48.368508],[37.715979,48.368509],[37.715296,48.368667],[37.714208,48.368557]]]}},{"type":"Feature","properties":{"cadnum":"1422485500:38:000:0022"},"geometry":{"type":"Polygon","coordinates":[[[37.705859,48.372847],[37.706883,48.372967],[37.71048,48.371191],[37.710499,48.371021],[37.710506,48.37095],[37.710507,48.37095],[37.710655,48.369554],[37.710657,48.369533],[37.710669,48.369419],[37.710623,48.369415],[37.70665,48.369049],[37.706587,48.369335],[37.706252,48.37095],[37.705859,48.372847]]]}},{"type":"Feature","properties":{"cadnum":"1422485500:39:001:0003"},"geometry":{"type":"Polygon","coordinates":[[[37.713526,48.368094],[37.71362,48.368616],[37.713908,48.368508],[37.713822,48.368067],[37.713526,48.368094]]]}},{"type":"Feature","properties":{"cadnum":"1422485500:48:000:0011"},"geometry":{"type":"Polygon","coordinates":[[[37.714914,48.335406],[37.715979,48.335508],[37.717617,48.335663],[37.717878,48.334457],[37.716559,48.334331],[37.715979,48.334276],[37.715187,48.3342],[37.715157,48.334331],[37.714914,48.335406]]]}},{"type":"Feature","properties":{"cadnum":"1422485500:48:000:0004"},"geometry":{"type":"Polygon","coordinates":[[[37.714365,48.337795],[37.715979,48.337949],[37.717105,48.338055],[37.717617,48.335663],[37.71615,48.335524],[37.71491,48.335406],[37.714365,48.337795]]]}},{"type":"Feature","properties":{"cadnum":"1422485500:48:000:0005"},"geometry":{"type":"Polygon","coordinates":[[[37.713827,48.340153],[37.71615,48.340377],[37.716602,48.34042],[37.717105,48.338055],[37.716342,48.337983],[37.716338,48.337983],[37.71615,48.337965],[37.714365,48.337795],[37.714296,48.338097],[37.713827,48.340153]]]}},{"type":"Feature","properties":{"cadnum":"1422485500:10:000:0038"},"geometry":{"type":"Polygon","coordinates":[[[37.709956,48.309034],[37.71004,48.309121],[37.710147,48.308762],[37.710229,48.308494],[37.710346,48.308097],[37.710485,48.307626],[37.710652,48.307063],[37.710657,48.307045],[37.710813,48.306519],[37.711234,48.305109],[37.711233,48.305109],[37.711233,48.305108],[37.711285,48.304938],[37.711554,48.303591],[37.711455,48.303406],[37.711212,48.303456],[37.711105,48.30363],[37.71079,48.30496],[37.710763,48.305108],[37.710763,48.305109],[37.710755,48.305153],[37.710743,48.305223],[37.710687,48.305551],[37.710522,48.306136],[37.710319,48.306895],[37.710359,48.307158],[37.710247,48.307511],[37.71013,48.307684],[37.710063,48.307953],[37.709977,48.308365],[37.709996,48.308611],[37.709981,48.308762],[37.709972,48.308861],[37.70997,48.308876],[37.709971,48.308877],[37.709956,48.309034]]]}},{"type":"Feature","properties":{"cadnum":"1422485500:10:000:0035"},"geometry":{"type":"Polygon","coordinates":[[[37.703146,48.308637],[37.704992,48.308775],[37.704992,48.308776],[37.709753,48.30913],[37.709836,48.308762],[37.709906,48.308458],[37.710054,48.307812],[37.710657,48.30519],[37.710657,48.305188],[37.711491,48.301563],[37.710657,48.301552],[37.705069,48.301481],[37.705045,48.301569],[37.70417,48.30482],[37.704063,48.305223],[37.704064,48.305223],[37.704,48.305464],[37.703146,48.308637]],[[37.708688,48.307508],[37.708639,48.307478],[37.708684,48.307442],[37.708734,48.307472],[37.708688,48.307508]],[[37.706757,48.306528],[37.706704,48.306498],[37.706748,48.306465],[37.706801,48.306492],[37.706757,48.306528]],[[37.704826,48.305491],[37.70478,48.305527],[37.704727,48.305498],[37.704727,48.305497],[37.704772,48.305464],[37.704826,48.305491]]]}},{"type":"Feature","properties":{"cadnum":"1422485500:17:000:0011"},"geometry":{"type":"Polygon","coordinates":[[[37.670577,48.315929],[37.670608,48.316069],[37.670616,48.316107],[37.670633,48.316183],[37.670634,48.316183],[37.671225,48.318793],[37.671984,48.318796],[37.672205,48.31715],[37.672205,48.317148],[37.67235,48.316069],[37.672349,48.316069],[37.672729,48.313246],[37.672205,48.313245],[37.672205,48.313244],[37.671156,48.313241],[37.670577,48.315929]]]}},{"type":"Feature","properties":{"cadnum":"1422485500:52:000:0024"},"geometry":{"type":"Polygon","coordinates":[[[37.67202,48.318524],[37.672033,48.31854],[37.672298,48.318853],[37.674158,48.318844],[37.674162,48.318802],[37.674378,48.317189],[37.67453,48.316069],[37.674598,48.315579],[37.67475,48.314414],[37.674907,48.313252],[37.672729,48.313246],[37.672571,48.314408],[37.672414,48.31557],[37.672331,48.316183],[37.672332,48.316183],[37.672198,48.317184],[37.67202,48.318524]]]}},{"type":"Feature","properties":{"cadnum":"1422485500:26:000:0021"},"geometry":{"type":"Polygon","coordinates":[[[37.602877,48.286588],[37.602993,48.28695],[37.602994,48.28695],[37.603154,48.287443],[37.606287,48.287076],[37.606287,48.287075],[37.607939,48.286881],[37.610261,48.286609],[37.610022,48.285757],[37.606287,48.286192],[37.602877,48.286588]]]}},{"type":"Feature","properties":{"cadnum":"1422485500:26:000:0037"},"geometry":{"type":"Polygon","coordinates":[[[37.609819,48.28501],[37.610022,48.285757],[37.610031,48.285775],[37.611608,48.285598],[37.611609,48.285598],[37.616706,48.285025],[37.616513,48.284224],[37.61178,48.28478],[37.609819,48.28501]]]}},{"type":"Feature","properties":{"cadnum":"1422485500:26:000:0016"},"geometry":{"type":"Polygon","coordinates":[[[37.603204,48.287602],[37.603469,48.288489],[37.606115,48.288173],[37.606226,48.288159],[37.606287,48.288152],[37.610516,48.287646],[37.610287,48.286851],[37.610265,48.286774],[37.609732,48.286836],[37.609731,48.286836],[37.609366,48.286879],[37.608757,48.28695],[37.606287,48.287241],[37.606287,48.28724],[37.603204,48.287602]]]}},{"type":"Feature","properties":{"cadnum":"1422485500:26:000:0064"},"geometry":{"type":"Polygon","coordinates":[[[37.610031,48.285775],[37.610261,48.286609],[37.611608,48.286451],[37.611609,48.286451],[37.612911,48.286298],[37.615565,48.285985],[37.616907,48.285829],[37.616706,48.285025],[37.615345,48.285177],[37.612685,48.285476],[37.611609,48.285597],[37.611609,48.285598],[37.611608,48.285598],[37.610031,48.285775]]]}},{"type":"Feature","properties":{"cadnum":"1422485500:26:000:0044"},"geometry":{"type":"Polygon","coordinates":[[[37.602351,48.284983],[37.602598,48.285739],[37.606287,48.285315],[37.609793,48.284911],[37.609726,48.284576],[37.609653,48.284221],[37.609596,48.283994],[37.60929,48.284045],[37.608275,48.284215],[37.606287,48.284473],[37.602351,48.284983]]]}},{"type":"Feature","properties":{"cadnum":"1422485500:26:000:0050"},"geometry":{"type":"Polygon","coordinates":[[[37.603154,48.287443],[37.603204,48.287602],[37.606115,48.28726],[37.606115,48.287261],[37.609366,48.286879],[37.610265,48.286774],[37.611608,48.286616],[37.611609,48.286616],[37.616934,48.28599],[37.616907,48.285829],[37.611609,48.286451],[37.611609,48.286452],[37.611608,48.286452],[37.610261,48.286609],[37.608327,48.286836],[37.607939,48.286881],[37.607353,48.28695],[37.606115,48.287096],[37.603154,48.287443]]]}},{"type":"Feature","properties":{"cadnum":"1422485500:26:000:0039"},"geometry":{"type":"Polygon","coordinates":[[[37.609653,48.284221],[37.609793,48.284911],[37.609819,48.28501],[37.611608,48.2848],[37.611609,48.2848],[37.616513,48.284224],[37.616333,48.283435],[37.61178,48.283972],[37.61178,48.283971],[37.609653,48.284221]]]}},{"type":"Feature","properties":{"cadnum":"1422485500:26:000:0022"},"geometry":{"type":"Polygon","coordinates":[[[37.602598,48.285739],[37.602877,48.286588],[37.606115,48.286212],[37.610022,48.285757],[37.609819,48.28501],[37.609793,48.284911],[37.606115,48.285335],[37.602598,48.285739]]]}},{"type":"Feature","properties":{"cadnum":"1422485500:30:000:0031"},"geometry":{"type":"Polygon","coordinates":[[[37.664537,48.28593],[37.66654,48.286153],[37.668548,48.286376],[37.668722,48.286032],[37.669082,48.284959],[37.666712,48.284583],[37.665112,48.284328],[37.664537,48.28593]]]}},{"type":"Feature","properties":{"cadnum":"1422485500:32:000:0008"},"geometry":{"type":"Polygon","coordinates":[[[37.668888,48.286875],[37.672033,48.287305],[37.675433,48.287768],[37.675626,48.28695],[37.675662,48.286798],[37.675684,48.286716],[37.672205,48.286296],[37.669135,48.285925],[37.668899,48.286836],[37.668898,48.286836],[37.668888,48.286875]]]}},{"type":"Feature","properties":{"cadnum":"1422485500:32:000:0009"},"geometry":{"type":"Polygon","coordinates":[[[37.667537,48.292285],[37.667793,48.292318],[37.667923,48.292132],[37.668014,48.290605],[37.668026,48.290411],[37.668062,48.28984],[37.668471,48.288121],[37.668678,48.287329],[37.668781,48.286929],[37.668978,48.286229],[37.668659,48.286155],[37.668548,48.286376],[37.668498,48.286459],[37.668422,48.286747],[37.668397,48.286836],[37.668396,48.286836],[37.668313,48.287144],[37.668175,48.287676],[37.667896,48.288737],[37.667775,48.289197],[37.667685,48.29038],[37.667676,48.290491],[37.667673,48.290533],[37.667667,48.290605],[37.66759,48.291564],[37.667537,48.292285]]]}},{"type":"Feature","properties":{"cadnum":"1422485500:33:000:0001"},"geometry":{"type":"Polygon","coordinates":[[[37.669217,48.285859],[37.672205,48.28619],[37.672205,48.286189],[37.674351,48.286426],[37.674831,48.285249],[37.672033,48.28494],[37.669617,48.284672],[37.669217,48.285859]]]}},{"type":"Feature","properties":{"cadnum":"1422485500:32:000:0007"},"geometry":{"type":"Polygon","coordinates":[[[37.668638,48.287868],[37.669424,48.287978],[37.671911,48.288331],[37.672033,48.288348],[37.672033,48.288349],[37.675186,48.288796],[37.675433,48.287768],[37.672205,48.287329],[37.669437,48.28695],[37.668888,48.286875],[37.66887,48.28695],[37.668705,48.287611],[37.668638,48.287868]],[[37.66994,48.287644],[37.669997,48.287664],[37.669854,48.287819],[37.6698,48.287795],[37.66994,48.287644]]]}},{"type":"Feature","properties":{"cadnum":"1422485500:33:000:0002"},"geometry":{"type":"Polygon","coordinates":[[[37.669617,48.284672],[37.672205,48.284959],[37.674831,48.285249],[37.675298,48.284098],[37.672033,48.28373],[37.670011,48.283501],[37.669617,48.284672]]]}},{"type":"Feature","properties":{"cadnum":"1422485500:30:000:0036"},"geometry":{"type":"Polygon","coordinates":[[[37.662856,48.28579],[37.66287,48.285832],[37.663579,48.285921],[37.665107,48.286086],[37.66654,48.28625],[37.66654,48.286251],[37.666571,48.286253],[37.666712,48.28627],[37.666871,48.286289],[37.667689,48.286376],[37.668309,48.286439],[37.668349,48.2864],[37.667567,48.286313],[37.66654,48.286199],[37.666437,48.286187],[37.663791,48.285895],[37.662856,48.28579]]]}},{"type":"Feature","properties":{"cadnum":"1422485500:42:000:0001"},"geometry":{"type":"Polygon","coordinates":[[[37.732026,48.378716],[37.732458,48.378748],[37.732458,48.378749],[37.733657,48.378838],[37.733793,48.378247],[37.733794,48.378247],[37.733827,48.378104],[37.73263,48.378015],[37.732193,48.377982],[37.732158,48.378133],[37.732026,48.378716]]]}},{"type":"Feature","properties":{"cadnum":"1422485500:42:000:0069"},"geometry":{"type":"Polygon","coordinates":[[[37.733657,48.378838],[37.735341,48.378964],[37.735512,48.378146],[37.733846,48.378024],[37.733827,48.378104],[37.733821,48.378133],[37.73382,48.378133],[37.733819,48.378133],[37.733657,48.378838]]]}},{"type":"Feature","properties":{"cadnum":"1422485500:42:000:0008"},"geometry":{"type":"Polygon","coordinates":[[[37.735341,48.378964],[37.73624,48.379047],[37.737951,48.379206],[37.738108,48.37922],[37.738123,48.379149],[37.738194,48.378805],[37.737951,48.378847],[37.737655,48.378898],[37.73765,48.378677],[37.738123,48.378509],[37.73827,48.378457],[37.738336,48.378133],[37.738391,48.377865],[37.738091,48.378056],[37.737786,48.378247],[37.737787,48.378247],[37.737787,48.378248],[37.737623,48.378352],[37.737506,48.378265],[37.737632,48.378174],[37.737951,48.377942],[37.738007,48.377901],[37.738123,48.377817],[37.738175,48.377779],[37.738099,48.377692],[37.736443,48.378086],[37.736248,48.378133],[37.736247,48.378133],[37.73616,48.378155],[37.73616,48.378154],[37.736487,48.377878],[37.736487,48.377865],[37.736649,48.377096],[37.735751,48.377013],[37.735678,48.377361],[37.735514,48.378133],[37.735513,48.378133],[37.735512,48.378146],[37.73549,48.378247],[37.735491,48.378247],[37.735491,48.378248],[37.735341,48.378964]]]}},{"type":"Feature","properties":{"cadnum":"1422485500:36:000:0026"},"geometry":{"type":"Polygon","coordinates":[[[37.676708,48.379649],[37.676775,48.379724],[37.677005,48.379942],[37.677526,48.379812],[37.677624,48.379788],[37.677698,48.37977],[37.678047,48.379682],[37.6778,48.379474],[37.677655,48.379412],[37.676745,48.379017],[37.676708,48.379649]]]}},{"type":"Feature","properties":{"cadnum":"1422485500:36:000:0005"},"geometry":{"type":"Polygon","coordinates":[[[37.674884,48.377129],[37.675873,48.378133],[37.676745,48.379017],[37.677526,48.379356],[37.677655,48.379412],[37.677698,48.37943],[37.6778,48.379474],[37.678609,48.380162],[37.678609,48.380163],[37.678923,48.38067],[37.679148,48.380691],[37.67971,48.378133],[37.679709,48.378133],[37.679825,48.377609],[37.677698,48.377403],[37.677698,48.377402],[37.674885,48.377129],[37.674884,48.377129]]]}},{"type":"Feature","properties":{"cadnum":"1422485500:36:000:0025"},"geometry":{"type":"Polygon","coordinates":[[[37.677005,48.379942],[37.677698,48.380682],[37.677698,48.380681],[37.677777,48.380766],[37.677804,48.380903],[37.6789,48.380631],[37.678609,48.380162],[37.678047,48.379682],[37.677624,48.379788],[37.677005,48.379942]]]}},{"type":"Feature","properties":{"cadnum":"1422485500:46:000:0023"},"geometry":{"type":"Polygon","coordinates":[[[37.732198,48.347086],[37.732458,48.34715],[37.73261,48.347187],[37.73263,48.347192],[37.733284,48.347351],[37.733302,48.347355],[37.733307,48.346975],[37.733711,48.346614],[37.734183,48.346411],[37.732458,48.346201],[37.732458,48.346202],[37.732341,48.346187],[37.732198,48.347086]]]}},{"type":"Feature","properties":{"cadnum":"1422485500:46:000:0021"},"geometry":{"type":"Polygon","coordinates":[[[37.734232,48.349095],[37.734326,48.349116],[37.735063,48.349268],[37.735745,48.349408],[37.735956,48.348958],[37.736001,48.348862],[37.736083,48.348692],[37.734565,48.348375],[37.734305,48.348936],[37.734268,48.349016],[37.734253,48.34905],[37.734232,48.349095]]]}},{"type":"Feature","properties":{"cadnum":"1422485500:46:000:0018"},"geometry":{"type":"Polygon","coordinates":[[[37.731955,48.348623],[37.732458,48.348728],[37.732628,48.348763],[37.73263,48.34876],[37.733284,48.347351],[37.73261,48.347187],[37.732198,48.347086],[37.731955,48.348623]]]}},{"type":"Feature","properties":{"cadnum":"1422485500:46:000:0024"},"geometry":{"type":"Polygon","coordinates":[[[37.732341,48.346187],[37.73263,48.346223],[37.73263,48.346222],[37.734183,48.346411],[37.734263,48.346378],[37.734959,48.346381],[37.735355,48.346501],[37.735683,48.346603],[37.735808,48.346127],[37.734758,48.345999],[37.732524,48.345726],[37.732418,48.345713],[37.732341,48.346187]]]}},{"type":"Feature","properties":{"cadnum":"1422485500:46:000:0048"},"geometry":{"type":"Polygon","coordinates":[[[37.736842,48.347406],[37.737359,48.347546],[37.737848,48.346145],[37.737829,48.346143],[37.737456,48.346121],[37.736842,48.347406]]]}},{"type":"Feature","properties":{"cadnum":"1422485500:46:000:0025"},"geometry":{"type":"Polygon","coordinates":[[[37.734124,48.347521],[37.734896,48.347668],[37.736424,48.347964],[37.736756,48.347283],[37.737223,48.3463],[37.736374,48.346196],[37.735808,48.346127],[37.735683,48.346603],[37.735894,48.346665],[37.736033,48.347002],[37.735764,48.34716],[37.735602,48.347259],[37.735135,48.347271],[37.734483,48.347337],[37.734124,48.347521]]]}},{"type":"Feature","properties":{"cadnum":"1422485500:46:000:0022"},"geometry":{"type":"Polygon","coordinates":[[[37.734565,48.348375],[37.736083,48.348692],[37.736424,48.347964],[37.734896,48.347668],[37.734565,48.348375]]]}},{"type":"Feature","properties":{"cadnum":"1422485500:46:000:0046"},"geometry":{"type":"Polygon","coordinates":[[[37.735957,48.349259],[37.736689,48.349462],[37.736872,48.348936],[37.736994,48.348587],[37.736361,48.348411],[37.736111,48.348936],[37.73611,48.348936],[37.735957,48.349259]]]}},{"type":"Feature","properties":{"cadnum":"1422485500:46:000:0020"},"geometry":{"type":"Polygon","coordinates":[[[37.733464,48.348937],[37.733513,48.348947],[37.734015,48.34905],[37.734232,48.349095],[37.734268,48.349016],[37.734565,48.348375],[37.734896,48.347668],[37.734124,48.347521],[37.733464,48.348936],[37.733464,48.348937]]]}},{"type":"Feature","properties":{"cadnum":"1422485500:46:000:0019"},"geometry":{"type":"Polygon","coordinates":[[[37.732628,48.348763],[37.732678,48.348772],[37.733428,48.348931],[37.733464,48.348937],[37.734124,48.347521],[37.733302,48.347355],[37.733284,48.347351],[37.732628,48.348763]]]}},{"type":"Feature","properties":{"cadnum":"1422485500:52:000:0004"},"geometry":{"type":"Polygon","coordinates":[[[37.677521,48.313886],[37.677526,48.313885],[37.677526,48.313886],[37.677575,48.313884],[37.677698,48.313879],[37.679053,48.313826],[37.679259,48.312416],[37.679794,48.308762],[37.679852,48.308372],[37.67832,48.308431],[37.678272,48.308762],[37.678271,48.308762],[37.677736,48.312416],[37.677527,48.313843],[37.677521,48.313886]]]}},{"type":"Feature","properties":{"cadnum":"1422485500:17:000:0008"},"geometry":{"type":"Polygon","coordinates":[[[37.674162,48.318802],[37.674903,48.318805],[37.676542,48.318811],[37.676376,48.317524],[37.676572,48.316069],[37.676571,48.316069],[37.676951,48.313259],[37.675649,48.313256],[37.674907,48.313252],[37.674528,48.316069],[37.674162,48.318802]]]}},{"type":"Feature","properties":{"cadnum":"1422485500:33:000:0029"},"geometry":{"type":"Polygon","coordinates":[[[37.675877,48.282676],[37.677526,48.282843],[37.680446,48.283139],[37.680527,48.282795],[37.680791,48.281432],[37.677526,48.281101],[37.677526,48.281102],[37.676556,48.281002],[37.676232,48.2818],[37.675877,48.282676]]]}},{"type":"Feature","properties":{"cadnum":"1422485500:23:000:0055"},"geometry":{"type":"Polygon","coordinates":[[[37.628195,48.297239],[37.628327,48.2978],[37.628342,48.297867],[37.628354,48.297915],[37.628909,48.300274],[37.630373,48.300116],[37.633581,48.29977],[37.635071,48.299609],[37.634674,48.297915],[37.634564,48.297439],[37.633693,48.297575],[37.632245,48.2978],[37.632244,48.2978],[37.631922,48.297851],[37.63151,48.297915],[37.629444,48.298237],[37.629444,48.298236],[37.629347,48.297915],[37.629111,48.297122],[37.628195,48.297239]]]}},{"type":"Feature","properties":{"cadnum":"1422485500:23:000:0032"},"geometry":{"type":"Polygon","coordinates":[[[37.625415,48.297592],[37.625469,48.2978],[37.625496,48.297915],[37.625497,48.297915],[37.626142,48.300577],[37.628088,48.300364],[37.628107,48.300362],[37.62826,48.300346],[37.628855,48.30028],[37.628909,48.300274],[37.628559,48.298783],[37.628336,48.297839],[37.62826,48.297514],[37.62826,48.297513],[37.628195,48.297239],[37.626713,48.297427],[37.625415,48.297592]],[[37.62826,48.299331],[37.62826,48.29933],[37.628379,48.299315],[37.628392,48.299306],[37.628352,48.299157],[37.628406,48.299151],[37.628446,48.299301],[37.628459,48.299306],[37.628599,48.299292],[37.628604,48.29931],[37.628465,48.299324],[37.628455,48.299337],[37.628492,48.299485],[37.628492,48.299486],[37.628438,48.299492],[37.628402,48.299342],[37.628383,48.299333],[37.628245,48.299352],[37.62824,48.299333],[37.62826,48.299331]]]}},{"type":"Feature","properties":{"cadnum":"1422485500:42:000:0016"},"geometry":{"type":"Polygon","coordinates":[[[37.740808,48.376816],[37.741095,48.377684],[37.742056,48.377723],[37.742578,48.377743],[37.74206,48.377394],[37.741764,48.376514],[37.740808,48.376816]]]}},{"type":"Feature","properties":{"cadnum":"1422485500:42:000:0028"},"geometry":{"type":"Polygon","coordinates":[[[37.73946,48.375717],[37.739789,48.375711],[37.740642,48.375697],[37.741486,48.375679],[37.740638,48.374951],[37.739645,48.374912],[37.73946,48.375717]]]}},{"type":"Feature","properties":{"cadnum":"1422485500:42:000:0018"},"geometry":{"type":"Polygon","coordinates":[[[37.736487,48.377878],[37.736504,48.377863],[37.73651,48.377856],[37.737299,48.3776],[37.7373,48.3776],[37.737951,48.377472],[37.738055,48.377452],[37.738123,48.377439],[37.738123,48.377438],[37.738181,48.377427],[37.738688,48.377329],[37.738764,48.376962],[37.738123,48.376904],[37.738123,48.376903],[37.736716,48.376774],[37.736649,48.377096],[37.736487,48.377865],[37.736487,48.377878]]]}},{"type":"Feature","properties":{"cadnum":"1422485500:42:000:0024"},"geometry":{"type":"Polygon","coordinates":[[[37.732997,48.375669],[37.733275,48.375682],[37.734187,48.375715],[37.734376,48.375724],[37.735179,48.375753],[37.736007,48.375783],[37.73673,48.375771],[37.736837,48.375768],[37.736927,48.375766],[37.737951,48.375747],[37.738077,48.375744],[37.738123,48.375526],[37.738123,48.375525],[37.738261,48.374861],[37.738292,48.374709],[37.738072,48.374737],[37.737686,48.374784],[37.737035,48.374924],[37.736168,48.375109],[37.735328,48.375115],[37.734776,48.375118],[37.73421,48.375422],[37.734034,48.375273],[37.734317,48.375058],[37.733607,48.375058],[37.733145,48.375023],[37.732997,48.375669]]]}},{"type":"Feature","properties":{"cadnum":"1422485500:42:000:0027"},"geometry":{"type":"Polygon","coordinates":[[[37.738077,48.375744],[37.739024,48.375726],[37.73946,48.375718],[37.73946,48.375717],[37.739645,48.374912],[37.738261,48.374861],[37.738077,48.375744]]]}},{"type":"Feature","properties":{"cadnum":"1422485500:42:000:0013"},"geometry":{"type":"Polygon","coordinates":[[[37.739213,48.37848],[37.741037,48.378647],[37.74185,48.378722],[37.741947,48.378247],[37.741948,48.378247],[37.742056,48.377723],[37.741095,48.377684],[37.740638,48.377666],[37.739687,48.378247],[37.739687,48.378248],[37.739496,48.378364],[37.739213,48.37848]]]}},{"type":"Feature","properties":{"cadnum":"1422485500:42:000:0020"},"geometry":{"type":"Polygon","coordinates":[[[37.736833,48.376213],[37.737951,48.376315],[37.737951,48.376316],[37.738881,48.376401],[37.739024,48.375726],[37.738077,48.375744],[37.736927,48.375766],[37.736833,48.376213]]]}},{"type":"Feature","properties":{"cadnum":"1422485500:42:000:0021"},"geometry":{"type":"Polygon","coordinates":[[[37.738688,48.377329],[37.739483,48.377177],[37.73977,48.375807],[37.739789,48.375711],[37.739716,48.375715],[37.73946,48.375718],[37.739024,48.375726],[37.738881,48.376401],[37.738764,48.376962],[37.738688,48.377329]]]}},{"type":"Feature","properties":{"cadnum":"1422485500:42:000:0023"},"geometry":{"type":"Polygon","coordinates":[[[37.740381,48.376953],[37.740808,48.376816],[37.741764,48.376514],[37.741486,48.375679],[37.740642,48.375697],[37.740381,48.376953]]]}},{"type":"Feature","properties":{"cadnum":"1422485500:42:000:0015"},"geometry":{"type":"Polygon","coordinates":[[[37.73827,48.378457],[37.739119,48.378149],[37.739762,48.377696],[37.740452,48.377454],[37.740638,48.377666],[37.741095,48.377684],[37.740808,48.376816],[37.740381,48.376953],[37.739873,48.377111],[37.740066,48.377194],[37.740066,48.377195],[37.738494,48.3778],[37.738391,48.377865],[37.738312,48.378247],[37.738313,48.378247],[37.738313,48.378248],[37.73827,48.378457]]]}},{"type":"Feature","properties":{"cadnum":"1422485500:42:000:0019"},"geometry":{"type":"Polygon","coordinates":[[[37.736716,48.376774],[37.737951,48.376887],[37.737951,48.376888],[37.738764,48.376962],[37.738881,48.376401],[37.738123,48.376332],[37.738123,48.376331],[37.736833,48.376213],[37.736716,48.376774]]]}},{"type":"Feature","properties":{"cadnum":"1422485500:05:000:0047"},"geometry":{"type":"Polygon","coordinates":[[[37.653151,48.339016],[37.653554,48.340449],[37.653667,48.340858],[37.654525,48.340661],[37.654898,48.340595],[37.654933,48.340589],[37.654354,48.33873],[37.653151,48.339016]]]}},{"type":"Feature","properties":{"cadnum":"1422485500:05:000:0041"},"geometry":{"type":"Polygon","coordinates":[[[37.648376,48.339912],[37.649005,48.341748],[37.649006,48.341748],[37.649059,48.341901],[37.650172,48.341677],[37.649543,48.339679],[37.648376,48.339912]]]}},{"type":"Feature","properties":{"cadnum":"1422485500:05:000:0048"},"geometry":{"type":"Polygon","coordinates":[[[37.650635,48.339383],[37.650908,48.340175],[37.651101,48.34073],[37.651323,48.341366],[37.652522,48.341124],[37.652422,48.340865],[37.652212,48.340309],[37.651803,48.339237],[37.650635,48.339383]]]}},{"type":"Feature","properties":{"cadnum":"1422485500:05:000:0046"},"geometry":{"type":"Polygon","coordinates":[[[37.651803,48.339237],[37.652212,48.340309],[37.652422,48.340865],[37.652522,48.341124],[37.653248,48.340957],[37.653667,48.340858],[37.653554,48.340449],[37.653151,48.339016],[37.652678,48.33913],[37.651803,48.339237]],[[37.652634,48.340786],[37.652459,48.340736],[37.652535,48.34062],[37.652709,48.34067],[37.652634,48.340786]]]}},{"type":"Feature","properties":{"cadnum":"1422485500:05:000:0045"},"geometry":{"type":"Polygon","coordinates":[[[37.649522,48.339604],[37.64966,48.340044],[37.649835,48.340602],[37.650061,48.34132],[37.650149,48.341602],[37.650232,48.341586],[37.650232,48.341585],[37.651323,48.341366],[37.651101,48.34073],[37.650908,48.340175],[37.650635,48.339383],[37.650061,48.339497],[37.649522,48.339604]]]}},{"type":"Feature","properties":{"cadnum":"1422485500:51:000:0012"},"geometry":{"type":"Polygon","coordinates":[[[37.688912,48.310659],[37.694006,48.310512],[37.696943,48.310427],[37.697239,48.309411],[37.697394,48.308877],[37.697394,48.308876],[37.697395,48.308876],[37.6975,48.308518],[37.694178,48.308272],[37.692541,48.30815],[37.692429,48.308739],[37.692386,48.308762],[37.690857,48.309596],[37.688912,48.310659]]]}},{"type":"Feature","properties":{"cadnum":"1422485500:51:000:0015"},"geometry":{"type":"Polygon","coordinates":[[[37.687492,48.311603],[37.688306,48.310932],[37.688513,48.310819],[37.688642,48.310748],[37.688684,48.310725],[37.688685,48.310725],[37.690457,48.309758],[37.690533,48.308796],[37.690542,48.308685],[37.690893,48.308679],[37.69097,48.308066],[37.688685,48.30811],[37.688684,48.30811],[37.688684,48.308109],[37.687762,48.308126],[37.687703,48.308876],[37.687703,48.308877],[37.687492,48.311603]]]}},{"type":"Feature","properties":{"cadnum":"1422485500:51:000:0014"},"geometry":{"type":"Polygon","coordinates":[[[37.690467,48.309754],[37.692268,48.308775],[37.690893,48.308679],[37.690547,48.308685],[37.690541,48.308762],[37.690467,48.309754]]]}},{"type":"Feature","properties":{"cadnum":"1422485500:51:000:0011"},"geometry":{"type":"Polygon","coordinates":[[[37.687654,48.311541],[37.688513,48.311516],[37.688513,48.311517],[37.694006,48.311357],[37.696606,48.311281],[37.696773,48.311006],[37.696943,48.310427],[37.694178,48.310507],[37.688912,48.310659],[37.688607,48.310825],[37.688355,48.310961],[37.687654,48.311541]]]}},{"type":"Feature","properties":{"cadnum":"1422485500:51:000:0009"},"geometry":{"type":"Polygon","coordinates":[[[37.685718,48.313133],[37.688684,48.313048],[37.688685,48.313048],[37.694006,48.312894],[37.694006,48.312895],[37.695654,48.312847],[37.695892,48.312455],[37.696121,48.312081],[37.694006,48.312143],[37.688513,48.312302],[37.688513,48.312303],[37.686662,48.312356],[37.686589,48.312416],[37.686588,48.312416],[37.685718,48.313133]]]}},{"type":"Feature","properties":{"cadnum":"1422485500:51:000:0010"},"geometry":{"type":"Polygon","coordinates":[[[37.686662,48.312356],[37.688684,48.312298],[37.688685,48.312297],[37.694178,48.312138],[37.696121,48.312081],[37.696606,48.311281],[37.694178,48.311352],[37.688685,48.311512],[37.688684,48.311512],[37.688684,48.311511],[37.687654,48.311541],[37.686662,48.312356]]]}},{"type":"Feature","properties":{"cadnum":"1422485500:49:000:0033"},"geometry":{"type":"Polygon","coordinates":[[[37.706105,48.323874],[37.708428,48.3241],[37.708648,48.323402],[37.709763,48.31983],[37.709653,48.319823],[37.707422,48.319675],[37.707407,48.319722],[37.707406,48.319722],[37.706262,48.323374],[37.706262,48.323375],[37.706261,48.323375],[37.706105,48.323874]]]}},{"type":"Feature","properties":{"cadnum":"1422485500:49:000:0025"},"geometry":{"type":"Polygon","coordinates":[[[37.707579,48.326816],[37.709753,48.327078],[37.710485,48.324387],[37.710588,48.324011],[37.710657,48.323755],[37.710687,48.323647],[37.710485,48.323622],[37.710485,48.323623],[37.709369,48.323489],[37.70937,48.323489],[37.708648,48.323402],[37.70862,48.323489],[37.708621,48.323489],[37.708428,48.3241],[37.707579,48.326816]]]}},{"type":"Feature","properties":{"cadnum":"1422485500:49:000:0024"},"geometry":{"type":"Polygon","coordinates":[[[37.709753,48.327078],[37.709759,48.327078],[37.710279,48.327141],[37.710485,48.327166],[37.711667,48.327308],[37.711743,48.327027],[37.711742,48.327027],[37.7126,48.32388],[37.711141,48.323704],[37.710687,48.323647],[37.710588,48.324011],[37.709767,48.327027],[37.709753,48.327078]]]}},{"type":"Feature","properties":{"cadnum":"1422485500:18:000:0064"},"geometry":{"type":"Polygon","coordinates":[[[37.648237,48.324471],[37.6483,48.324569],[37.648321,48.324605],[37.650232,48.324414],[37.650977,48.324339],[37.653627,48.32405],[37.655725,48.323841],[37.655726,48.323841],[37.656078,48.323805],[37.656051,48.323697],[37.655908,48.323655],[37.655726,48.323675],[37.655725,48.323675],[37.653258,48.323936],[37.650608,48.32422],[37.650232,48.32426],[37.648237,48.324471]]]}},{"type":"Feature","properties":{"cadnum":"1422485500:18:000:0017"},"geometry":{"type":"Polygon","coordinates":[[[37.64953,48.324627],[37.649646,48.32615],[37.650061,48.326102],[37.655725,48.325447],[37.655726,48.325447],[37.656208,48.325391],[37.656097,48.323868],[37.655554,48.323931],[37.650232,48.324546],[37.650232,48.324545],[37.64953,48.324627]]]}},{"type":"Feature","properties":{"cadnum":"1422485500:18:000:0010"},"geometry":{"type":"Polygon","coordinates":[[[37.644463,48.326938],[37.644469,48.327027],[37.644468,48.327027],[37.644553,48.328159],[37.644567,48.328158],[37.64975,48.327559],[37.649719,48.327114],[37.64966,48.326338],[37.644654,48.326916],[37.644463,48.326938]]]}},{"type":"Feature","properties":{"cadnum":"1422485500:18:000:0028"},"geometry":{"type":"Polygon","coordinates":[[[37.643201,48.323557],[37.644126,48.32505],[37.644739,48.32498],[37.644739,48.324979],[37.645048,48.324943],[37.644739,48.324497],[37.644023,48.323462],[37.643201,48.323557]]]}},{"type":"Feature","properties":{"cadnum":"1422485500:18:000:0037"},"geometry":{"type":"Polygon","coordinates":[[[37.644103,48.323578],[37.644567,48.324252],[37.644585,48.324277],[37.644739,48.32426],[37.644739,48.324259],[37.646116,48.3241],[37.646004,48.323939],[37.645631,48.323402],[37.644879,48.323489],[37.644882,48.323489],[37.644622,48.323519],[37.644103,48.323578]]]}},{"type":"Feature","properties":{"cadnum":"1422485500:18:000:0053"},"geometry":{"type":"Polygon","coordinates":[[[37.643529,48.322745],[37.643963,48.323374],[37.643963,48.323375],[37.644023,48.323461],[37.644023,48.323462],[37.64404,48.323489],[37.644042,48.323489],[37.644103,48.323578],[37.644567,48.323525],[37.644622,48.323519],[37.644739,48.323506],[37.644739,48.323505],[37.645631,48.323402],[37.645298,48.322921],[37.644739,48.322865],[37.643529,48.322745]]]}},{"type":"Feature","properties":{"cadnum":"1422485500:18:000:0011"},"geometry":{"type":"Polygon","coordinates":[[[37.644338,48.325227],[37.644468,48.326935],[37.644567,48.326924],[37.64469,48.32691],[37.644739,48.326905],[37.64966,48.326338],[37.649646,48.32615],[37.64953,48.324627],[37.644632,48.325193],[37.644338,48.325227]]]}},{"type":"Feature","properties":{"cadnum":"1422485500:18:000:0040"},"geometry":{"type":"Polygon","coordinates":[[[37.645298,48.322921],[37.645612,48.323374],[37.645612,48.323375],[37.645611,48.323375],[37.645631,48.323402],[37.64569,48.323489],[37.645691,48.323489],[37.646004,48.323939],[37.647747,48.323739],[37.647577,48.323489],[37.647329,48.323121],[37.646107,48.322999],[37.645298,48.322921]]]}},{"type":"Feature","properties":{"cadnum":"1422485500:18:000:0016"},"geometry":{"type":"Polygon","coordinates":[[[37.649646,48.32615],[37.64966,48.326338],[37.649712,48.327027],[37.649719,48.327114],[37.649983,48.327084],[37.650232,48.327056],[37.650232,48.327055],[37.655725,48.326421],[37.655725,48.32642],[37.655726,48.32642],[37.656285,48.326356],[37.656208,48.325391],[37.655554,48.325466],[37.655554,48.325467],[37.650232,48.326082],[37.649646,48.32615]]]}},{"type":"Feature","properties":{"cadnum":"1422485500:18:000:0036"},"geometry":{"type":"Polygon","coordinates":[[[37.644585,48.324277],[37.644739,48.324499],[37.645048,48.324943],[37.646575,48.324767],[37.646116,48.3241],[37.644585,48.324277]]]}},{"type":"Feature","properties":{"cadnum":"1422485500:18:000:0039"},"geometry":{"type":"Polygon","coordinates":[[[37.646004,48.323939],[37.646116,48.3241],[37.646575,48.324767],[37.6483,48.324569],[37.647747,48.323739],[37.646004,48.323939]]]}},{"type":"Feature","properties":{"cadnum":"1422485500:28:000:0023"},"geometry":{"type":"Polygon","coordinates":[[[37.641413,48.288931],[37.641813,48.289496],[37.642092,48.289824],[37.642339,48.290097],[37.642799,48.290605],[37.6428,48.290605],[37.642824,48.290632],[37.643323,48.29114],[37.643704,48.291299],[37.643696,48.29197],[37.643696,48.292019],[37.644739,48.291951],[37.644739,48.29195],[37.645977,48.291869],[37.646251,48.291851],[37.646216,48.291716],[37.646193,48.29163],[37.646184,48.29163],[37.646183,48.29163],[37.646174,48.2916],[37.646188,48.291597],[37.646166,48.291507],[37.645901,48.290491],[37.6459,48.290491],[37.645851,48.2903],[37.64587,48.289998],[37.645793,48.289774],[37.645124,48.289499],[37.644665,48.289296],[37.644176,48.28909],[37.643462,48.288779],[37.641413,48.288931]],[[37.64608,48.291609],[37.64609,48.291638],[37.64609,48.291639],[37.646044,48.291645],[37.646036,48.291615],[37.64608,48.291609]],[[37.646027,48.291738],[37.646031,48.291767],[37.645986,48.291773],[37.645977,48.291744],[37.646027,48.291738]],[[37.645919,48.291636],[37.645923,48.291665],[37.645878,48.291671],[37.64587,48.291642],[37.645919,48.291636]],[[37.645487,48.291824],[37.645488,48.291824],[37.645497,48.291853],[37.645497,48.291854],[37.645447,48.29186],[37.645438,48.29183],[37.645487,48.291824]],[[37.645294,48.291818],[37.645304,48.291848],[37.645254,48.291854],[37.645254,48.291853],[37.645245,48.291824],[37.645294,48.291818]],[[37.644962,48.29189],[37.644971,48.291923],[37.644926,48.291928],[37.644918,48.291896],[37.644918,48.291895],[37.644962,48.29189]],[[37.644908,48.29186],[37.644917,48.29189],[37.644868,48.291895],[37.644859,48.291866],[37.644908,48.29186]]]}},{"type":"Feature","properties":{"cadnum":"1422485500:31:000:0043"},"geometry":{"type":"Polygon","coordinates":[[[37.648942,48.29007],[37.649208,48.290491],[37.649216,48.290504],[37.649244,48.290605],[37.649245,48.290605],[37.649426,48.291239],[37.650061,48.292147],[37.650061,48.292148],[37.650384,48.29261],[37.650923,48.293321],[37.651233,48.293722],[37.651394,48.293656],[37.650432,48.291983],[37.650154,48.291496],[37.649862,48.290984],[37.649643,48.290605],[37.649644,48.290605],[37.649287,48.289986],[37.648942,48.29007]]]}},{"type":"Feature","properties":{"cadnum":"1422485500:58:000:0004"},"geometry":{"type":"Polygon","coordinates":[[[37.645608,48.293181],[37.645654,48.293181],[37.647059,48.29319],[37.648174,48.293193],[37.648155,48.291693],[37.647612,48.291698],[37.647446,48.292398],[37.647445,48.292398],[37.646709,48.29304],[37.645614,48.293121],[37.645608,48.293181]]]}},{"type":"Feature","properties":{"cadnum":"1422485500:02:000:0030"},"geometry":{"type":"Polygon","coordinates":[[[37.708078,48.291448],[37.708132,48.293005],[37.709025,48.292786],[37.708935,48.291382],[37.708078,48.291448]]]}},{"type":"Feature","properties":{"cadnum":"1422485500:10:000:0039"},"geometry":{"type":"Polygon","coordinates":[[[37.702849,48.308491],[37.703025,48.30856],[37.703501,48.306797],[37.703815,48.305626],[37.703905,48.305274],[37.703944,48.305113],[37.704004,48.304869],[37.704444,48.303107],[37.704484,48.302934],[37.704807,48.301467],[37.704992,48.300555],[37.705124,48.299908],[37.705164,48.299709],[37.705164,48.299708],[37.705167,48.299695],[37.705522,48.29792],[37.705546,48.2978],[37.705545,48.2978],[37.705801,48.296551],[37.706191,48.294783],[37.706299,48.294289],[37.706155,48.2942],[37.706134,48.29426],[37.706034,48.294544],[37.705675,48.296136],[37.705463,48.297295],[37.705348,48.2978],[37.705063,48.299064],[37.704947,48.299587],[37.704669,48.300896],[37.704549,48.301454],[37.704549,48.301455],[37.704548,48.301455],[37.704538,48.301505],[37.704524,48.301569],[37.704525,48.301569],[37.704373,48.302333],[37.704157,48.303092],[37.703958,48.303836],[37.703775,48.304607],[37.703744,48.304738],[37.703656,48.305108],[37.703656,48.305109],[37.703655,48.305109],[37.703649,48.305142],[37.703628,48.305223],[37.70363,48.305223],[37.703585,48.305414],[37.703371,48.306277],[37.703205,48.307197],[37.702849,48.308491]]]}},{"type":"Feature","properties":{"cadnum":"1422485500:10:000:0036"},"geometry":{"type":"Polygon","coordinates":[[[37.705837,48.296555],[37.708526,48.296672],[37.710485,48.296756],[37.712561,48.296846],[37.71306,48.295078],[37.713267,48.294146],[37.713455,48.293299],[37.713783,48.291815],[37.712441,48.292032],[37.710941,48.292336],[37.710657,48.292416],[37.709928,48.292619],[37.707823,48.293168],[37.707605,48.293775],[37.707605,48.293776],[37.707074,48.294146],[37.707048,48.294163],[37.70691,48.29426],[37.706911,48.29426],[37.706826,48.29432],[37.70638,48.294686],[37.705867,48.296452],[37.705837,48.296555]]]}},{"type":"Feature","properties":{"cadnum":"1422485500:02:000:0020"},"geometry":{"type":"Polygon","coordinates":[[[37.709811,48.291259],[37.709928,48.292619],[37.710485,48.292463],[37.71056,48.292442],[37.710657,48.292415],[37.710939,48.292335],[37.710746,48.29108],[37.710485,48.29113],[37.710485,48.291131],[37.709811,48.291259]]]}},{"type":"Feature","properties":{"cadnum":"1422485500:44:000:0014"},"geometry":{"type":"Polygon","coordinates":[[[37.714231,48.357028],[37.715979,48.357219],[37.715979,48.35722],[37.715983,48.35722],[37.71615,48.356431],[37.71615,48.356427],[37.716169,48.356337],[37.716769,48.353519],[37.716082,48.353444],[37.715017,48.353327],[37.714399,48.356237],[37.714231,48.357028]]]}},{"type":"Feature","properties":{"cadnum":"1422485500:43:000:0007"},"geometry":{"type":"Polygon","coordinates":[[[37.709924,48.356789],[37.710657,48.35685],[37.713185,48.357055],[37.713335,48.356351],[37.713468,48.35573],[37.713908,48.353689],[37.71075,48.353435],[37.710644,48.353863],[37.710247,48.355468],[37.710029,48.356351],[37.71003,48.356351],[37.709924,48.356789]]]}},{"type":"Feature","properties":{"cadnum":"1422485500:44:000:0019"},"geometry":{"type":"Polygon","coordinates":[[[37.715026,48.353289],[37.715979,48.353389],[37.715979,48.35339],[37.716104,48.353402],[37.71615,48.353407],[37.716531,48.353447],[37.716778,48.352701],[37.717133,48.351629],[37.717726,48.349832],[37.71615,48.349666],[37.71569,48.349617],[37.715663,48.349749],[37.715131,48.352701],[37.715132,48.352701],[37.715026,48.353289]]]}},{"type":"Feature","properties":{"cadnum":"1422485500:43:000:0005"},"geometry":{"type":"Polygon","coordinates":[[[37.710755,48.353459],[37.713916,48.353677],[37.714123,48.352587],[37.714122,48.352587],[37.714122,48.352586],[37.714312,48.35159],[37.714711,48.349459],[37.71168,48.34925],[37.711212,48.351375],[37.710946,48.352587],[37.710945,48.352587],[37.710755,48.353459]]]}},{"type":"Feature","properties":{"cadnum":"1422485500:49:000:0028"},"geometry":{"type":"Polygon","coordinates":[[[37.713243,48.323958],[37.714474,48.324107],[37.715008,48.324173],[37.715194,48.323489],[37.715978,48.320616],[37.715979,48.320616],[37.716126,48.320075],[37.714357,48.319874],[37.713401,48.323374],[37.713401,48.323375],[37.713243,48.323958]]]}},{"type":"Feature","properties":{"cadnum":"1422485500:15:000:0002"},"geometry":{"type":"Polygon","coordinates":[[[37.666009,48.336004],[37.666391,48.336855],[37.66654,48.336813],[37.667757,48.336466],[37.667865,48.335953],[37.66773,48.335988],[37.667407,48.336081],[37.667406,48.336081],[37.667326,48.335914],[37.667016,48.33601],[37.666629,48.335897],[37.666265,48.335791],[37.666009,48.336004]]]}},{"type":"Feature","properties":{"cadnum":"1422485500:15:000:0003"},"geometry":{"type":"Polygon","coordinates":[[[37.666338,48.336869],[37.66654,48.337263],[37.666689,48.337552],[37.666712,48.337597],[37.666728,48.337628],[37.667779,48.337506],[37.667793,48.336649],[37.667775,48.336556],[37.667734,48.336475],[37.66654,48.336812],[37.666338,48.336869]]]}},{"type":"Feature","properties":{"cadnum":"1422485500:15:001:0132"},"geometry":{"type":"Polygon","coordinates":[[[37.665605,48.337535],[37.665753,48.337819],[37.66654,48.337665],[37.666627,48.337648],[37.666712,48.337631],[37.666728,48.337628],[37.666584,48.337347],[37.665605,48.337535]]]}},{"type":"Feature","properties":{"cadnum":"1422485500:15:000:0027"},"geometry":{"type":"Polygon","coordinates":[[[37.668907,48.334096],[37.669041,48.334331],[37.66904,48.334331],[37.669198,48.334607],[37.669544,48.334905],[37.670124,48.334759],[37.669881,48.334332],[37.669643,48.33391],[37.668907,48.334096]]]}},{"type":"Feature","properties":{"cadnum":"1422485500:15:000:0024"},"geometry":{"type":"Polygon","coordinates":[[[37.671053,48.333555],[37.671497,48.334331],[37.671538,48.334403],[37.671597,48.334388],[37.671701,48.334361],[37.672041,48.334171],[37.671992,48.333316],[37.671386,48.333469],[37.671251,48.333505],[37.671206,48.333516],[37.671152,48.333529],[37.671085,48.333546],[37.671076,48.333549],[37.671058,48.333552],[37.671053,48.333555]]]}},{"type":"Feature","properties":{"cadnum":"1422485500:24:001:0017"},"geometry":{"type":"Polygon","coordinates":[[[37.668345,48.304415],[37.669418,48.304433],[37.669428,48.304165],[37.668359,48.304147],[37.668345,48.304415]]]}},{"type":"Feature","properties":{"cadnum":"1422485500:24:001:0016"},"geometry":{"type":"Polygon","coordinates":[[[37.667258,48.304422],[37.668345,48.304415],[37.668359,48.304147],[37.667271,48.304135],[37.667258,48.304422]]]}},{"type":"Feature","properties":{"cadnum":"1422485500:24:000:0080"},"geometry":{"type":"Polygon","coordinates":[[[37.666782,48.303017],[37.667038,48.303038],[37.667065,48.303042],[37.66759,48.30308],[37.667604,48.302886],[37.666804,48.302814],[37.666782,48.303017]]]}},{"type":"Feature","properties":{"cadnum":"1422485500:24:001:0025"},"geometry":{"type":"Polygon","coordinates":[[[37.665722,48.304135],[37.665722,48.304373],[37.665745,48.304373],[37.66654,48.30436],[37.66706,48.30435],[37.667047,48.304167],[37.666692,48.304176],[37.666692,48.304105],[37.665722,48.304135]]]}},{"type":"Feature","properties":{"cadnum":"1422485500:25:000:0003"},"geometry":{"type":"Polygon","coordinates":[[[37.607646,48.305697],[37.607804,48.306432],[37.611608,48.305675],[37.611609,48.305675],[37.611609,48.305676],[37.61425,48.305149],[37.614603,48.305079],[37.614599,48.305052],[37.614423,48.304347],[37.611609,48.304908],[37.611608,48.304908],[37.6106,48.305109],[37.610488,48.305131],[37.610026,48.305223],[37.607646,48.305697]]]}},{"type":"Feature","properties":{"cadnum":"1422485500:25:000:0006"},"geometry":{"type":"Polygon","coordinates":[[[37.607013,48.302719],[37.607169,48.303474],[37.61178,48.302556],[37.613884,48.302136],[37.61384,48.301951],[37.613748,48.301569],[37.613749,48.301569],[37.613705,48.301383],[37.613347,48.301455],[37.613288,48.301466],[37.612774,48.301569],[37.611609,48.301802],[37.611608,48.301802],[37.607013,48.302719]]]}},{"type":"Feature","properties":{"cadnum":"1422485500:25:000:0004"},"geometry":{"type":"Polygon","coordinates":[[[37.607489,48.30496],[37.60752,48.305108],[37.60752,48.305109],[37.607519,48.305109],[37.607531,48.305163],[37.607544,48.305223],[37.607646,48.305697],[37.610488,48.305131],[37.61178,48.304874],[37.614423,48.304347],[37.614415,48.304311],[37.614244,48.303612],[37.611609,48.304138],[37.611608,48.304138],[37.607489,48.30496]]]}},{"type":"Feature","properties":{"cadnum":"1422485500:25:000:0005"},"geometry":{"type":"Polygon","coordinates":[[[37.607169,48.303474],[37.607489,48.30496],[37.61178,48.304104],[37.614244,48.303612],[37.614236,48.303564],[37.613884,48.302136],[37.611609,48.30259],[37.611608,48.30259],[37.607169,48.303474]]]}},{"type":"Feature","properties":{"cadnum":"1422485500:30:000:0035"},"geometry":{"type":"Polygon","coordinates":[[[37.665812,48.271188],[37.66654,48.271109],[37.66667,48.271095],[37.666712,48.27109],[37.668251,48.270922],[37.669963,48.270733],[37.671242,48.270593],[37.672033,48.270504],[37.673456,48.270342],[37.674311,48.270214],[37.674481,48.270115],[37.674508,48.26998],[37.673919,48.269998],[37.672205,48.270198],[37.671278,48.270306],[37.67011,48.270443],[37.668659,48.270626],[37.667284,48.270823],[37.66654,48.270879],[37.665911,48.270925],[37.665812,48.271188]]]}},{"type":"Feature","properties":{"cadnum":"1422485500:30:000:0021"},"geometry":{"type":"Polygon","coordinates":[[[37.665403,48.272286],[37.665406,48.272286],[37.66654,48.272469],[37.666616,48.272482],[37.666712,48.272497],[37.66759,48.272638],[37.667731,48.272283],[37.668259,48.270967],[37.666655,48.271143],[37.665799,48.271236],[37.66543,48.272213],[37.665403,48.272286]]]}},{"type":"Feature","properties":{"cadnum":"1422485500:30:000:0022"},"geometry":{"type":"Polygon","coordinates":[[[37.66759,48.272638],[37.669212,48.272898],[37.669457,48.272213],[37.669495,48.272109],[37.669971,48.270779],[37.668259,48.270967],[37.667759,48.272213],[37.667731,48.272283],[37.667714,48.272327],[37.667714,48.272328],[37.66759,48.272638]]]}},{"type":"Feature","properties":{"cadnum":"1422485500:42:000:0064"},"geometry":{"type":"Polygon","coordinates":[[[37.732818,48.366259],[37.733185,48.366694],[37.733534,48.367186],[37.733837,48.36761],[37.734506,48.367327],[37.734412,48.367196],[37.733994,48.366629],[37.733414,48.365832],[37.733204,48.365922],[37.733123,48.365958],[37.733028,48.365978],[37.732818,48.366259]]]}},{"type":"Feature","properties":{"cadnum":"1422485500:45:000:0027"},"geometry":{"type":"Polygon","coordinates":[[[37.733563,48.363997],[37.733684,48.364621],[37.733724,48.36534],[37.733729,48.365367],[37.733674,48.365546],[37.733967,48.365432],[37.734605,48.364755],[37.734749,48.364042],[37.733563,48.363997]]]}},{"type":"Feature","properties":{"cadnum":"1422485500:42:000:0051"},"geometry":{"type":"Polygon","coordinates":[[[37.735422,48.36657],[37.735651,48.36719],[37.736353,48.367187],[37.736334,48.367106],[37.737525,48.367136],[37.737269,48.366444],[37.736617,48.366533],[37.735911,48.366551],[37.735422,48.36657]]]}},{"type":"Feature","properties":{"cadnum":"1422485500:45:000:0058"},"geometry":{"type":"Polygon","coordinates":[[[37.73164,48.364836],[37.732458,48.364909],[37.732541,48.364916],[37.73263,48.364924],[37.732642,48.364925],[37.732557,48.364537],[37.732498,48.364242],[37.731672,48.364224],[37.73164,48.364836]]]}},{"type":"Feature","properties":{"cadnum":"1422485500:42:000:0052"},"geometry":{"type":"Polygon","coordinates":[[[37.734915,48.365787],[37.735221,48.366579],[37.735422,48.36657],[37.735911,48.366551],[37.735755,48.366385],[37.735755,48.366384],[37.73663,48.366376],[37.737215,48.366313],[37.73712,48.366062],[37.737053,48.365761],[37.735714,48.366029],[37.735651,48.365865],[37.734915,48.365787]]]}},{"type":"Feature","properties":{"cadnum":"1422485500:42:000:0050"},"geometry":{"type":"Polygon","coordinates":[[[37.733994,48.366629],[37.734412,48.367196],[37.735651,48.36719],[37.735422,48.36657],[37.735221,48.366579],[37.733994,48.366629]]]}},{"type":"Feature","properties":{"cadnum":"1422485500:42:000:0053"},"geometry":{"type":"Polygon","coordinates":[[[37.733414,48.365832],[37.733994,48.366629],[37.735221,48.366579],[37.734915,48.365787],[37.733819,48.365674],[37.733414,48.365832]]]}},{"type":"Feature","properties":{"cadnum":"1422485500:42:000:0056"},"geometry":{"type":"Polygon","coordinates":[[[37.734856,48.36469],[37.736846,48.364803],[37.736819,48.364675],[37.7369,48.364203],[37.734978,48.364095],[37.734856,48.36469]]]}},{"type":"Feature","properties":{"cadnum":"1422485500:42:000:0067"},"geometry":{"type":"Polygon","coordinates":[[[37.734412,48.367196],[37.734486,48.3673],[37.734487,48.3673],[37.734506,48.367327],[37.734641,48.367503],[37.736038,48.367497],[37.73743,48.367488],[37.737479,48.3673],[37.736366,48.36728],[37.736361,48.367243],[37.736353,48.367187],[37.735651,48.36719],[37.734412,48.367196]]]}},{"type":"Feature","properties":{"cadnum":"1422485500:42:000:0054"},"geometry":{"type":"Polygon","coordinates":[[[37.733819,48.365674],[37.735651,48.365865],[37.735764,48.365838],[37.736451,48.365701],[37.737013,48.365573],[37.736909,48.365095],[37.735651,48.365313],[37.735458,48.365334],[37.735337,48.365277],[37.735359,48.365564],[37.734183,48.365498],[37.734133,48.365549],[37.733819,48.365674]]]}},{"type":"Feature","properties":{"cadnum":"1422485500:42:000:0055"},"geometry":{"type":"Polygon","coordinates":[[[37.734183,48.365498],[37.735359,48.365564],[37.735337,48.365277],[37.735338,48.365277],[37.735418,48.365223],[37.735683,48.365155],[37.736882,48.364961],[37.736846,48.364803],[37.734856,48.36469],[37.734829,48.364809],[37.734183,48.365498]]]}},{"type":"Feature","properties":{"cadnum":"1422485500:47:000:0022"},"geometry":{"type":"Polygon","coordinates":[[[37.733644,48.335881],[37.735974,48.336081],[37.736289,48.334445],[37.73629,48.334445],[37.73655,48.333102],[37.734448,48.332928],[37.734295,48.332916],[37.733959,48.334445],[37.733644,48.335881]]]}},{"type":"Feature","properties":{"cadnum":"1422485500:09:000:0049"},"geometry":{"type":"Polygon","coordinates":[[[37.737493,48.331318],[37.737951,48.331362],[37.743345,48.331871],[37.743467,48.331471],[37.738123,48.330965],[37.738123,48.330964],[37.737582,48.330913],[37.737493,48.331318]]]}},{"type":"Feature","properties":{"cadnum":"1422485500:09:000:0050"},"geometry":{"type":"Polygon","coordinates":[[[37.737403,48.331725],[37.737951,48.331777],[37.737951,48.331778],[37.743224,48.332274],[37.743225,48.332274],[37.743345,48.331871],[37.738123,48.331378],[37.737493,48.331318],[37.737403,48.331725]]]}},{"type":"Feature","properties":{"cadnum":"1422485500:09:000:0051"},"geometry":{"type":"Polygon","coordinates":[[[37.737309,48.332134],[37.737951,48.332195],[37.743102,48.33268],[37.743225,48.332274],[37.743224,48.332274],[37.738123,48.331794],[37.737403,48.331725],[37.737309,48.332134]]]}},{"type":"Feature","properties":{"cadnum":"1422485500:09:000:0052"},"geometry":{"type":"Polygon","coordinates":[[[37.737219,48.332546],[37.737951,48.332615],[37.737951,48.332616],[37.742978,48.333089],[37.743102,48.33268],[37.738123,48.332211],[37.737309,48.332134],[37.737219,48.332546]]]}},{"type":"Feature","properties":{"cadnum":"1422485500:09:000:0053"},"geometry":{"type":"Polygon","coordinates":[[[37.737125,48.332958],[37.738123,48.333053],[37.742852,48.333502],[37.742978,48.333089],[37.738123,48.332632],[37.737219,48.332546],[37.737125,48.332958]]]}},{"type":"Feature","properties":{"cadnum":"1422485500:09:000:0055"},"geometry":{"type":"Polygon","coordinates":[[[37.736936,48.333791],[37.738123,48.333904],[37.738123,48.333903],[37.742613,48.334328],[37.74273,48.333914],[37.738123,48.33348],[37.73703,48.333376],[37.736936,48.333791]]]}},{"type":"Feature","properties":{"cadnum":"1422485500:09:000:0054"},"geometry":{"type":"Polygon","coordinates":[[[37.73703,48.333376],[37.737951,48.333463],[37.737951,48.333464],[37.74273,48.333914],[37.742798,48.333686],[37.742852,48.333502],[37.737951,48.333036],[37.737951,48.333037],[37.737125,48.332958],[37.73703,48.333376]]]}},{"type":"Feature","properties":{"cadnum":"1422485500:47:000:0021"},"geometry":{"type":"Polygon","coordinates":[[[37.731429,48.335699],[37.732458,48.335784],[37.732471,48.335785],[37.73263,48.335798],[37.733644,48.335881],[37.733984,48.334331],[37.734295,48.332916],[37.73263,48.332777],[37.732364,48.332755],[37.732112,48.332734],[37.731744,48.334331],[37.731743,48.334331],[37.731429,48.335699]]]}},{"type":"Feature","properties":{"cadnum":"1422485500:15:000:0021"},"geometry":{"type":"Polygon","coordinates":[[[37.675446,48.332179],[37.67568,48.333549],[37.67577,48.333538],[37.675864,48.333768],[37.676551,48.333662],[37.676282,48.332062],[37.675532,48.332173],[37.675446,48.332179]]]}},{"type":"Feature","properties":{"cadnum":"1422485500:15:000:0020"},"geometry":{"type":"Polygon","coordinates":[[[37.674557,48.332265],[37.674795,48.333671],[37.67568,48.333549],[37.675446,48.332179],[37.674557,48.332265]]]}},{"type":"Feature","properties":{"cadnum":"1422485500:15:001:0126"},"geometry":{"type":"Polygon","coordinates":[[[37.674863,48.331322],[37.674898,48.33159],[37.67498,48.332241],[37.67529,48.332086],[37.675146,48.331276],[37.674863,48.331322]]]}},{"type":"Feature","properties":{"cadnum":"1422485500:15:001:0015"},"geometry":{"type":"Polygon","coordinates":[[[37.676053,48.331384],[37.676093,48.331721],[37.676332,48.331689],[37.676291,48.331351],[37.676053,48.331384]]]}},{"type":"Feature","properties":{"cadnum":"1422485500:00:000:0126"},"geometry":{"type":"Polygon","coordinates":[[[37.675194,48.331247],[37.675334,48.332166],[37.675644,48.332008],[37.675477,48.331202],[37.675194,48.331247]]]}},{"type":"Feature","properties":{"cadnum":"1422485500:15:000:0017"},"geometry":{"type":"Polygon","coordinates":[[[37.671934,48.332516],[37.671974,48.332967],[37.671974,48.332979],[37.671992,48.333316],[37.672033,48.334032],[37.672041,48.334171],[37.672205,48.334154],[37.672985,48.334075],[37.672711,48.332442],[37.672205,48.332488],[37.671997,48.332507],[37.671934,48.332516]]]}},{"type":"Feature","properties":{"cadnum":"1422485500:15:001:0137"},"geometry":{"type":"Polygon","coordinates":[[[37.676269,48.331166],[37.676332,48.331689],[37.676349,48.33185],[37.676605,48.331829],[37.676596,48.331749],[37.676515,48.331137],[37.676269,48.331166]]]}},{"type":"Feature","properties":{"cadnum":"1422485500:20:002:0040"},"geometry":{"type":"Polygon","coordinates":[[[37.674305,48.331157],[37.674368,48.331662],[37.674687,48.331614],[37.674624,48.331134],[37.674305,48.331157]]]}},{"type":"Feature","properties":{"cadnum":"1422485500:15:000:0019"},"geometry":{"type":"Polygon","coordinates":[[[37.673682,48.332349],[37.673955,48.333974],[37.674508,48.333919],[37.674458,48.333717],[37.674795,48.333671],[37.674557,48.332265],[37.673682,48.332349]]]}},{"type":"Feature","properties":{"cadnum":"1422485500:15:000:0022"},"geometry":{"type":"Polygon","coordinates":[[[37.676282,48.332062],[37.676551,48.333662],[37.677526,48.333515],[37.677678,48.333492],[37.677297,48.332588],[37.677127,48.332373],[37.677471,48.331889],[37.677471,48.331877],[37.676282,48.332062]]]}},{"type":"Feature","properties":{"cadnum":"1422485500:15:000:0018"},"geometry":{"type":"Polygon","coordinates":[[[37.672711,48.332442],[37.672985,48.334075],[37.673955,48.333974],[37.673682,48.332349],[37.672711,48.332442]]]}},{"type":"Feature","properties":{"cadnum":"1422485500:15:000:0023"},"geometry":{"type":"Polygon","coordinates":[[[37.677297,48.332588],[37.677526,48.333132],[37.677526,48.333133],[37.677678,48.333492],[37.677698,48.333489],[37.67863,48.333346],[37.678452,48.332265],[37.678366,48.331892],[37.67828,48.331913],[37.6781,48.33223],[37.677687,48.332564],[37.677297,48.332588]]]}},{"type":"Feature","properties":{"cadnum":"1422485500:15:001:0075"},"geometry":{"type":"Polygon","coordinates":[[[37.673089,48.331617],[37.673137,48.332217],[37.673412,48.332166],[37.673349,48.331581],[37.673089,48.331617]]]}},{"type":"Feature","properties":{"cadnum":"1422485500:20:000:0011"},"geometry":{"type":"Polygon","coordinates":[[[37.628882,48.31408],[37.628945,48.314716],[37.633581,48.313619],[37.633581,48.31362],[37.63725,48.312751],[37.637211,48.312455],[37.637169,48.31212],[37.63592,48.312416],[37.635916,48.312417],[37.635437,48.31253],[37.633753,48.312929],[37.628882,48.31408]]]}},{"type":"Feature","properties":{"cadnum":"1422485500:20:000:0009"},"geometry":{"type":"Polygon","coordinates":[[[37.629008,48.315353],[37.629075,48.316055],[37.633753,48.31495],[37.633753,48.314949],[37.637417,48.314083],[37.637327,48.313384],[37.633581,48.314271],[37.629008,48.315353]]]}},{"type":"Feature","properties":{"cadnum":"1422485500:20:000:0010"},"geometry":{"type":"Polygon","coordinates":[[[37.628945,48.314716],[37.629008,48.315353],[37.633753,48.314231],[37.633753,48.31423],[37.637327,48.313384],[37.63725,48.312751],[37.633753,48.313579],[37.628945,48.314716]]]}},{"type":"Feature","properties":{"cadnum":"1422485500:20:000:0008"},"geometry":{"type":"Polygon","coordinates":[[[37.629075,48.316055],[37.629076,48.316069],[37.629087,48.316183],[37.629088,48.316183],[37.629147,48.316783],[37.631684,48.316183],[37.631685,48.316183],[37.633581,48.315735],[37.637507,48.314806],[37.637417,48.314083],[37.633581,48.31499],[37.629075,48.316055]]]}},{"type":"Feature","properties":{"cadnum":"1422485500:22:000:0014"},"geometry":{"type":"Polygon","coordinates":[[[37.622486,48.315583],[37.622595,48.315726],[37.622679,48.315837],[37.622766,48.315953],[37.622767,48.315953],[37.622832,48.31604],[37.622854,48.316069],[37.622939,48.316182],[37.622939,48.316183],[37.62294,48.316183],[37.62307,48.316356],[37.624478,48.316069],[37.62826,48.315298],[37.628738,48.3152],[37.628649,48.314322],[37.628088,48.314437],[37.622767,48.315526],[37.622766,48.315526],[37.622486,48.315583]]]}},{"type":"Feature","properties":{"cadnum":"1422485500:22:000:0013"},"geometry":{"type":"Polygon","coordinates":[[[37.62307,48.316356],[37.623272,48.316622],[37.623717,48.317204],[37.62826,48.316277],[37.62826,48.316276],[37.62883,48.31616],[37.628832,48.316159],[37.628738,48.3152],[37.628088,48.315333],[37.623917,48.316183],[37.62307,48.316356]]]}},{"type":"Feature","properties":{"cadnum":"1422485500:22:000:0015"},"geometry":{"type":"Polygon","coordinates":[[[37.621427,48.314184],[37.621511,48.314292],[37.621951,48.314875],[37.622392,48.315457],[37.622486,48.315583],[37.622595,48.315561],[37.62826,48.314402],[37.628649,48.314322],[37.628492,48.312739],[37.628088,48.312822],[37.622595,48.313945],[37.622595,48.313946],[37.621427,48.314184]]]}},{"type":"Feature","properties":{"cadnum":"1422485500:53:000:0028"},"geometry":{"type":"Polygon","coordinates":[[[37.683752,48.298001],[37.685511,48.298879],[37.687282,48.299767],[37.687362,48.299286],[37.68773,48.2978],[37.687729,48.2978],[37.687728,48.2978],[37.688018,48.296635],[37.68805,48.296456],[37.687313,48.296597],[37.686429,48.296716],[37.685821,48.296799],[37.683949,48.296946],[37.683789,48.2978],[37.683788,48.2978],[37.683752,48.298001]]]}},{"type":"Feature","properties":{"cadnum":"1422485500:01:000:0047"},"geometry":{"type":"Polygon","coordinates":[[[37.688031,48.298506],[37.688684,48.29855],[37.688684,48.298549],[37.688685,48.298549],[37.690574,48.298673],[37.691899,48.298763],[37.691935,48.298548],[37.692012,48.298094],[37.692059,48.2978],[37.692348,48.296019],[37.688517,48.2965],[37.68844,48.296817],[37.688278,48.297496],[37.688203,48.2978],[37.688202,48.297806],[37.688175,48.297915],[37.688031,48.298506]],[[37.691171,48.298569],[37.691171,48.298568],[37.691239,48.298568],[37.691239,48.298569],[37.691239,48.298613],[37.691171,48.29861],[37.691171,48.298569]],[[37.689136,48.29755],[37.689069,48.29755],[37.689069,48.297549],[37.689069,48.297505],[37.689142,48.297505],[37.689136,48.29755]]]}},{"type":"Feature","properties":{"cadnum":"1422485500:53:000:0031"},"geometry":{"type":"Polygon","coordinates":[[[37.686244,48.307687],[37.686379,48.307654],[37.68641,48.307176],[37.686635,48.305393],[37.686654,48.305223],[37.686836,48.303606],[37.686932,48.302584],[37.686976,48.302076],[37.687125,48.30205],[37.687182,48.301729],[37.687235,48.301455],[37.687234,48.301455],[37.687234,48.301454],[37.687519,48.299964],[37.687794,48.298715],[37.687995,48.2978],[37.688117,48.297251],[37.688207,48.296841],[37.688251,48.296635],[37.688077,48.296653],[37.688041,48.296757],[37.687892,48.297137],[37.687728,48.2978],[37.687724,48.297817],[37.6877,48.297915],[37.687628,48.29821],[37.687362,48.299286],[37.687282,48.299767],[37.686913,48.301339],[37.686865,48.301569],[37.686765,48.302061],[37.686712,48.302736],[37.68667,48.303301],[37.68645,48.304592],[37.686433,48.305017],[37.686428,48.305108],[37.686428,48.305109],[37.686427,48.305109],[37.686383,48.306011],[37.686366,48.306313],[37.686244,48.307687]]]}},{"type":"Feature","properties":{"cadnum":"1422485500:01:000:0051"},"geometry":{"type":"Polygon","coordinates":[[[37.687367,48.302151],[37.687368,48.302151],[37.688513,48.3022],[37.691243,48.302315],[37.691377,48.301569],[37.691503,48.300869],[37.69153,48.300487],[37.688685,48.300347],[37.688684,48.300347],[37.687601,48.300293],[37.68744,48.301569],[37.687367,48.302151]]]}},{"type":"Feature","properties":{"cadnum":"1422485500:53:000:0032"},"geometry":{"type":"Polygon","coordinates":[[[37.683203,48.303029],[37.684825,48.303158],[37.685074,48.301475],[37.68509,48.301368],[37.685355,48.299578],[37.685458,48.298856],[37.683752,48.298001],[37.683706,48.298006],[37.683361,48.301454],[37.683361,48.301455],[37.68336,48.301455],[37.683351,48.301559],[37.68335,48.301569],[37.683347,48.301598],[37.683203,48.303029]]]}},{"type":"Feature","properties":{"cadnum":"1422485500:53:000:0036"},"geometry":{"type":"Polygon","coordinates":[[[37.684825,48.303158],[37.68667,48.303301],[37.686712,48.302736],[37.686765,48.302061],[37.686889,48.301455],[37.686889,48.301454],[37.686913,48.301339],[37.687282,48.299764],[37.685458,48.298856],[37.685355,48.299578],[37.68509,48.301368],[37.685077,48.301454],[37.685077,48.301455],[37.685074,48.301475],[37.685059,48.301569],[37.68506,48.301569],[37.684825,48.303158]]]}},{"type":"Feature","properties":{"cadnum":"1422485500:23:000:0021"},"geometry":{"type":"Polygon","coordinates":[[[37.62572,48.300648],[37.625915,48.301454],[37.625915,48.301455],[37.625914,48.301455],[37.626654,48.304512],[37.628088,48.304387],[37.628088,48.304388],[37.628217,48.304376],[37.62826,48.304373],[37.62826,48.304372],[37.628379,48.304362],[37.628088,48.303158],[37.628088,48.303159],[37.627703,48.301569],[37.627436,48.300462],[37.62572,48.300648]]]}},{"type":"Feature","properties":{"cadnum":"1422485500:23:000:0022"},"geometry":{"type":"Polygon","coordinates":[[[37.627436,48.300462],[37.627676,48.301454],[37.627676,48.301455],[37.627675,48.301455],[37.62826,48.303869],[37.628379,48.304362],[37.630094,48.304216],[37.629424,48.301455],[37.629423,48.301455],[37.629423,48.301454],[37.629138,48.300278],[37.62826,48.300373],[37.627436,48.300462]]]}},{"type":"Feature","properties":{"cadnum":"1422485500:23:000:0031"},"geometry":{"type":"Polygon","coordinates":[[[37.622203,48.298557],[37.622595,48.30012],[37.622718,48.300612],[37.622783,48.300869],[37.624332,48.30077],[37.624714,48.300729],[37.626142,48.300577],[37.625493,48.297915],[37.625415,48.297592],[37.62519,48.297618],[37.62521,48.2978],[37.62522,48.297885],[37.625223,48.297915],[37.625224,48.297915],[37.625262,48.29824],[37.622693,48.298506],[37.622203,48.298557]]]}},{"type":"Feature","properties":{"cadnum":"1422485500:23:000:0030"},"geometry":{"type":"Polygon","coordinates":[[[37.62033,48.29875],[37.620959,48.300983],[37.622595,48.300882],[37.622619,48.30088],[37.622766,48.300871],[37.622766,48.30087],[37.622767,48.30087],[37.622783,48.300869],[37.622718,48.300612],[37.622595,48.30012],[37.622203,48.298557],[37.62033,48.29875]]]}},{"type":"Feature","properties":{"cadnum":"1422485500:23:000:0020"},"geometry":{"type":"Polygon","coordinates":[[[37.624058,48.300816],[37.624238,48.301569],[37.624979,48.304654],[37.626654,48.304512],[37.625942,48.301569],[37.62572,48.300648],[37.624332,48.300798],[37.624058,48.300816]]]}},{"type":"Feature","properties":{"cadnum":"1422485500:15:000:0053"},"geometry":{"type":"Polygon","coordinates":[[[37.687048,48.328688],[37.688436,48.329629],[37.688513,48.329548],[37.688596,48.329459],[37.688684,48.329365],[37.690098,48.327858],[37.690165,48.327619],[37.688796,48.328097],[37.688513,48.328166],[37.687781,48.328341],[37.687528,48.328437],[37.687048,48.328688]]]}},{"type":"Feature","properties":{"cadnum":"1422485500:05:000:0033"},"geometry":{"type":"Polygon","coordinates":[[[37.646094,48.340363],[37.646567,48.341748],[37.646776,48.34236],[37.647918,48.342131],[37.647747,48.341634],[37.647235,48.340139],[37.646094,48.340363]]]}},{"type":"Feature","properties":{"cadnum":"1422485500:05:000:0034"},"geometry":{"type":"Polygon","coordinates":[[[37.644962,48.340589],[37.645314,48.341634],[37.645313,48.341634],[37.645636,48.34259],[37.646776,48.34236],[37.646528,48.341634],[37.646094,48.340363],[37.644962,48.340589]]]}},{"type":"Feature","properties":{"cadnum":"1422485500:05:000:0042"},"geometry":{"type":"Polygon","coordinates":[[[37.647235,48.340139],[37.647786,48.341748],[37.647918,48.342131],[37.649059,48.341901],[37.648966,48.341634],[37.648376,48.339912],[37.647415,48.340103],[37.647235,48.340139]]]}},{"type":"Feature","properties":{"cadnum":"1422485500:02:000:0018"},"geometry":{"type":"Polygon","coordinates":[[[37.689528,48.295075],[37.689779,48.295631],[37.690601,48.295473],[37.690844,48.295428],[37.690565,48.294821],[37.690184,48.294899],[37.689528,48.295075]]]}},{"type":"Feature","properties":{"cadnum":"1422485500:02:000:0003"},"geometry":{"type":"Polygon","coordinates":[[[37.692209,48.295165],[37.692232,48.295521],[37.693547,48.295377],[37.693331,48.29495],[37.692815,48.295049],[37.692209,48.295165]]]}},{"type":"Feature","properties":{"cadnum":"1422485500:02:000:0004"},"geometry":{"type":"Polygon","coordinates":[[[37.690565,48.294821],[37.690844,48.295428],[37.691876,48.295231],[37.69158,48.294624],[37.691383,48.294657],[37.690565,48.294821]]]}},{"type":"Feature","properties":{"cadnum":"1422485500:02:000:0028"},"geometry":{"type":"Polygon","coordinates":[[[37.688355,48.295317],[37.688513,48.295676],[37.688593,48.295858],[37.688684,48.295841],[37.688685,48.295841],[37.689779,48.295631],[37.689528,48.295075],[37.68884,48.295257],[37.688653,48.295281],[37.688355,48.295317]]]}},{"type":"Feature","properties":{"cadnum":"1422485500:02:000:0022"},"geometry":{"type":"Polygon","coordinates":[[[37.686262,48.296303],[37.68636,48.296575],[37.687574,48.296342],[37.688513,48.296163],[37.688557,48.296154],[37.688684,48.29613],[37.688685,48.29613],[37.688727,48.296121],[37.68857,48.295862],[37.687488,48.29607],[37.687138,48.296136],[37.686284,48.2963],[37.686262,48.296303]]]}},{"type":"Feature","properties":{"cadnum":"1422485500:02:000:0002"},"geometry":{"type":"Polygon","coordinates":[[[37.692249,48.295721],[37.692259,48.295858],[37.693696,48.295664],[37.693641,48.295554],[37.692249,48.295721]]]}},{"type":"Feature","properties":{"cadnum":"1422485500:02:000:0021"},"geometry":{"type":"Polygon","coordinates":[[[37.690601,48.295473],[37.690798,48.295846],[37.69224,48.295643],[37.692232,48.295521],[37.692209,48.295165],[37.691876,48.295231],[37.690844,48.295428],[37.690601,48.295473]]]}},{"type":"Feature","properties":{"cadnum":"1422485500:02:000:0014"},"geometry":{"type":"Polygon","coordinates":[[[37.69158,48.294624],[37.691876,48.295231],[37.692209,48.295165],[37.692815,48.295049],[37.692702,48.294418],[37.69158,48.294624]]]}},{"type":"Feature","properties":{"cadnum":"1422485500:50:000:0002"},"geometry":{"type":"Polygon","coordinates":[[[37.706119,48.30996],[37.709708,48.312094],[37.710657,48.311057],[37.710849,48.310848],[37.710485,48.310692],[37.710224,48.310579],[37.710657,48.310045],[37.710657,48.310044],[37.710768,48.309907],[37.710657,48.309855],[37.709434,48.309286],[37.707556,48.309235],[37.706119,48.30996]]]}},{"type":"Feature","properties":{"cadnum":"1422485500:51:000:0041"},"geometry":{"type":"Polygon","coordinates":[[[37.70527,48.309381],[37.705849,48.309937],[37.707333,48.309198],[37.705904,48.308978],[37.70527,48.309381]]]}},{"type":"Feature","properties":{"cadnum":"1422485500:50:000:0001"},"geometry":{"type":"Polygon","coordinates":[[[37.709708,48.312094],[37.71025,48.312416],[37.710249,48.312416],[37.710485,48.312556],[37.710531,48.312582],[37.710657,48.312657],[37.71075,48.312712],[37.711309,48.312416],[37.713598,48.311204],[37.711891,48.310451],[37.711334,48.31106],[37.710849,48.310848],[37.710485,48.311245],[37.709708,48.312094]]]}},{"type":"Feature","properties":{"cadnum":"1422485500:50:000:0022"},"geometry":{"type":"Polygon","coordinates":[[[37.709897,48.309501],[37.710485,48.309775],[37.710485,48.309776],[37.710768,48.309907],[37.711891,48.310451],[37.713598,48.311204],[37.713841,48.311087],[37.71265,48.310519],[37.711405,48.309946],[37.710657,48.309601],[37.710162,48.309372],[37.709897,48.309501]]]}},{"type":"Feature","properties":{"cadnum":"1422485500:24:000:0032"},"geometry":{"type":"Polygon","coordinates":[[[37.648025,48.311828],[37.648467,48.31253],[37.648468,48.31253],[37.648469,48.31253],[37.648623,48.312774],[37.650099,48.312488],[37.650101,48.312488],[37.650055,48.312473],[37.649535,48.3123],[37.649629,48.312076],[37.64886,48.311663],[37.648025,48.311828]]]}},{"type":"Feature","properties":{"cadnum":"1422485500:24:000:0082"},"geometry":{"type":"Polygon","coordinates":[[[37.649741,48.310098],[37.650061,48.310807],[37.650061,48.310808],[37.650074,48.310837],[37.650232,48.311189],[37.650233,48.311189],[37.650267,48.311266],[37.652139,48.310866],[37.651902,48.310387],[37.650694,48.310394],[37.650114,48.310214],[37.649741,48.310098]]]}},{"type":"Feature","properties":{"cadnum":"1422485500:24:000:0029"},"geometry":{"type":"Polygon","coordinates":[[[37.645677,48.312285],[37.645829,48.31253],[37.64583,48.31253],[37.646444,48.313507],[37.647365,48.313458],[37.646707,48.312416],[37.646706,48.312416],[37.64652,48.31212],[37.645677,48.312285]]]}},{"type":"Feature","properties":{"cadnum":"1422485500:24:000:0012"},"geometry":{"type":"Polygon","coordinates":[[[37.649229,48.309913],[37.650061,48.310087],[37.650211,48.310118],[37.650232,48.310123],[37.650232,48.310122],[37.650761,48.310232],[37.654539,48.310307],[37.655068,48.310131],[37.655072,48.309226],[37.650061,48.309077],[37.649229,48.309052],[37.649229,48.309913]]]}},{"type":"Feature","properties":{"cadnum":"1422485500:19:000:0016"},"geometry":{"type":"Polygon","coordinates":[[[37.64458,48.311284],[37.644739,48.311485],[37.644739,48.311484],[37.645061,48.311888],[37.64507,48.309635],[37.644585,48.309492],[37.64458,48.311284]]]}},{"type":"Feature","properties":{"cadnum":"1422485500:24:000:0006"},"geometry":{"type":"Polygon","coordinates":[[[37.646547,48.309355],[37.649229,48.309913],[37.649229,48.308876],[37.649233,48.307977],[37.649233,48.307275],[37.646696,48.307197],[37.646579,48.308876],[37.646579,48.308877],[37.646547,48.309355]]]}},{"type":"Feature","properties":{"cadnum":"1422485500:24:000:0031"},"geometry":{"type":"Polygon","coordinates":[[[37.647302,48.311968],[37.647584,48.312416],[37.648214,48.313414],[37.649,48.313375],[37.648623,48.312774],[37.648396,48.312416],[37.648395,48.312416],[37.648025,48.311828],[37.647302,48.311968]]]}},{"type":"Feature","properties":{"cadnum":"1422485500:24:000:0030"},"geometry":{"type":"Polygon","coordinates":[[[37.64652,48.31212],[37.646778,48.31253],[37.646779,48.31253],[37.647365,48.313458],[37.648214,48.313414],[37.647656,48.31253],[37.647302,48.311968],[37.64652,48.31212]]]}},{"type":"Feature","properties":{"cadnum":"1422485500:24:000:0096"},"geometry":{"type":"Polygon","coordinates":[[[37.647948,48.309674],[37.647981,48.309924],[37.648353,48.309993],[37.648277,48.310484],[37.648771,48.310773],[37.649184,48.311048],[37.649652,48.311227],[37.650232,48.311377],[37.650232,48.311376],[37.650281,48.311388],[37.650788,48.311287],[37.650527,48.311212],[37.650267,48.311266],[37.650222,48.311164],[37.649512,48.311018],[37.64904,48.310666],[37.648644,48.310504],[37.648484,48.310364],[37.648577,48.309904],[37.648403,48.309802],[37.647948,48.309674]]]}},{"type":"Feature","properties":{"cadnum":"1422485500:24:000:0081"},"geometry":{"type":"Polygon","coordinates":[[[37.64074,48.308064],[37.642092,48.308314],[37.642887,48.308461],[37.64308,48.308496],[37.64308,48.308497],[37.643101,48.308762],[37.6431,48.308762],[37.643124,48.309065],[37.643807,48.309264],[37.644567,48.309487],[37.644585,48.309492],[37.644739,48.309537],[37.64507,48.309635],[37.645451,48.309745],[37.647136,48.310238],[37.647981,48.309924],[37.647948,48.309674],[37.64772,48.309811],[37.647306,48.309957],[37.646893,48.309955],[37.646547,48.309916],[37.64604,48.309814],[37.645573,48.309683],[37.645231,48.309545],[37.645034,48.309497],[37.644791,48.309426],[37.644695,48.309348],[37.644558,48.309238],[37.644006,48.309172],[37.643664,48.309038],[37.643503,48.308968],[37.643299,48.308813],[37.64321,48.308744],[37.643394,48.308479],[37.642572,48.308082],[37.641382,48.307876],[37.64074,48.308064]]]}},{"type":"Feature","properties":{"cadnum":"1422485500:24:000:0011"},"geometry":{"type":"Polygon","coordinates":[[[37.649229,48.309052],[37.650232,48.309082],[37.655072,48.309226],[37.655072,48.30815],[37.650061,48.308002],[37.649233,48.307977],[37.64923,48.308762],[37.649229,48.308762],[37.649229,48.309052]]]}},{"type":"Feature","properties":{"cadnum":"1422485500:24:000:0087"},"geometry":{"type":"Polygon","coordinates":[[[37.64772,48.311884],[37.648025,48.311828],[37.648766,48.311682],[37.648771,48.310773],[37.648277,48.310484],[37.648353,48.309993],[37.647981,48.309924],[37.64772,48.310024],[37.64772,48.311884]]]}},{"type":"Feature","properties":{"cadnum":"1422485500:24:000:0005"},"geometry":{"type":"Polygon","coordinates":[[[37.642608,48.308066],[37.644158,48.308762],[37.644361,48.308853],[37.644413,48.308876],[37.644553,48.308939],[37.644567,48.308942],[37.646547,48.309355],[37.646587,48.308762],[37.646696,48.307197],[37.644567,48.307133],[37.644567,48.307134],[37.642608,48.307075],[37.642608,48.308066]]]}},{"type":"Feature","properties":{"cadnum":"1422485500:11:000:0018"},"geometry":{"type":"Polygon","coordinates":[[[37.689536,48.26447],[37.69048,48.264632],[37.690528,48.264646],[37.691014,48.263258],[37.691566,48.261692],[37.691473,48.261683],[37.690848,48.262054],[37.690628,48.262404],[37.690241,48.262918],[37.689783,48.263761],[37.689536,48.26447]]]}},{"type":"Feature","properties":{"cadnum":"1422485500:11:000:0025"},"geometry":{"type":"Polygon","coordinates":[[[37.691014,48.263258],[37.692505,48.26342],[37.693054,48.261853],[37.691566,48.261692],[37.691014,48.263258]]]}},{"type":"Feature","properties":{"cadnum":"1422485500:11:000:0010"},"geometry":{"type":"Polygon","coordinates":[[[37.689335,48.265283],[37.691023,48.266667],[37.691463,48.264993],[37.691459,48.264992],[37.690448,48.264763],[37.689486,48.264646],[37.689425,48.2649],[37.689398,48.265012],[37.689398,48.265015],[37.689335,48.265283]]]}},{"type":"Feature","properties":{"cadnum":"1422485500:11:000:0020"},"geometry":{"type":"Polygon","coordinates":[[[37.69198,48.265071],[37.692595,48.265248],[37.693314,48.265292],[37.693451,48.2649],[37.693916,48.263573],[37.692555,48.263426],[37.691998,48.265015],[37.691999,48.265015],[37.69198,48.265071]]]}},{"type":"Feature","properties":{"cadnum":"1422485500:11:000:0027"},"geometry":{"type":"Polygon","coordinates":[[[37.693997,48.263582],[37.694006,48.263583],[37.694141,48.263598],[37.694178,48.263602],[37.695295,48.263723],[37.695492,48.263743],[37.696035,48.262188],[37.694545,48.262018],[37.694136,48.263186],[37.693997,48.263582]]]}},{"type":"Feature","properties":{"cadnum":"1422485500:11:000:0026"},"geometry":{"type":"Polygon","coordinates":[[[37.692505,48.26342],[37.692555,48.263426],[37.693916,48.263573],[37.693997,48.263582],[37.694006,48.263555],[37.694006,48.263556],[37.694136,48.263186],[37.694178,48.263067],[37.694178,48.263066],[37.694545,48.262018],[37.694046,48.261961],[37.693054,48.261853],[37.692505,48.26342]]]}},{"type":"Feature","properties":{"cadnum":"1422485500:11:000:0019"},"geometry":{"type":"Polygon","coordinates":[[[37.690528,48.264646],[37.691396,48.2649],[37.691537,48.264942],[37.691786,48.265015],[37.691787,48.265015],[37.69198,48.265071],[37.692039,48.2649],[37.692038,48.2649],[37.692555,48.263426],[37.692505,48.26342],[37.691014,48.263258],[37.690528,48.264646]]]}},{"type":"Feature","properties":{"cadnum":"1422485500:28:000:0021"},"geometry":{"type":"Polygon","coordinates":[[[37.643943,48.276972],[37.644739,48.277278],[37.644739,48.277277],[37.644765,48.277287],[37.645222,48.277861],[37.645438,48.278359],[37.646153,48.278276],[37.645627,48.276742],[37.644739,48.276864],[37.643943,48.276972]]]}},{"type":"Feature","properties":{"cadnum":"1422485500:26:000:0013"},"geometry":{"type":"Polygon","coordinates":[[[37.604003,48.290252],[37.604075,48.290491],[37.604074,48.290491],[37.604269,48.291137],[37.606115,48.290917],[37.606197,48.290907],[37.606287,48.290896],[37.609484,48.290513],[37.611267,48.2903],[37.611014,48.289416],[37.606287,48.28998],[37.604003,48.290252]]]}},{"type":"Feature","properties":{"cadnum":"1422485500:26:000:0049"},"geometry":{"type":"Polygon","coordinates":[[[37.604299,48.292126],[37.604794,48.294146],[37.60554,48.297179],[37.6062,48.297239],[37.605993,48.2964],[37.605781,48.295554],[37.605567,48.294684],[37.60546,48.29426],[37.605461,48.29426],[37.605347,48.293802],[37.605126,48.292918],[37.604906,48.292028],[37.604533,48.292024],[37.604299,48.292126]]]}},{"type":"Feature","properties":{"cadnum":"1422485500:26:000:0010"},"geometry":{"type":"Polygon","coordinates":[[[37.604269,48.291137],[37.604533,48.292024],[37.606115,48.291836],[37.611517,48.291191],[37.611352,48.290603],[37.611267,48.2903],[37.60967,48.290491],[37.609669,48.290491],[37.609484,48.290513],[37.608714,48.290605],[37.606197,48.290907],[37.604269,48.291137]]]}},{"type":"Feature","properties":{"cadnum":"1422485500:39:000:0010"},"geometry":{"type":"Polygon","coordinates":[[[37.710597,48.375306],[37.713575,48.375509],[37.713844,48.374485],[37.713843,48.374485],[37.713843,48.374484],[37.714128,48.3734],[37.71464,48.371454],[37.714344,48.371359],[37.713579,48.371108],[37.711392,48.371463],[37.711136,48.371779],[37.710921,48.373181],[37.710722,48.374485],[37.710721,48.374485],[37.710717,48.374515],[37.710704,48.374599],[37.710597,48.375306]]]}},{"type":"Feature","properties":{"cadnum":"1422485500:39:000:0033"},"geometry":{"type":"Polygon","coordinates":[[[37.71304,48.377544],[37.713392,48.377553],[37.713426,48.377347],[37.713427,48.377347],[37.713952,48.375589],[37.714186,48.374632],[37.714231,48.374518],[37.714497,48.374116],[37.714595,48.373441],[37.715008,48.372931],[37.714654,48.372889],[37.715063,48.371472],[37.714784,48.37146],[37.714294,48.372988],[37.713908,48.374369],[37.713874,48.374485],[37.713873,48.374485],[37.713575,48.375509],[37.713337,48.37641],[37.713103,48.377311],[37.71304,48.377544]]]}},{"type":"Feature","properties":{"cadnum":"1422485500:26:000:0015"},"geometry":{"type":"Polygon","coordinates":[[[37.603469,48.288489],[37.603734,48.28937],[37.606115,48.289086],[37.606272,48.289068],[37.606287,48.289066],[37.610764,48.288531],[37.610516,48.287646],[37.606226,48.288159],[37.603469,48.288489]]]}},{"type":"Feature","properties":{"cadnum":"1422485500:26:000:0014"},"geometry":{"type":"Polygon","coordinates":[[[37.603734,48.28937],[37.604003,48.290252],[37.606115,48.29],[37.611014,48.289416],[37.610764,48.288531],[37.606272,48.289068],[37.603734,48.28937]]]}},{"type":"Feature","properties":{"cadnum":"1422485500:32:000:0004"},"geometry":{"type":"Polygon","coordinates":[[[37.667976,48.292359],[37.668951,48.292437],[37.669993,48.292449],[37.669994,48.292449],[37.670753,48.292664],[37.671301,48.292732],[37.671628,48.290542],[37.668188,48.290079],[37.66815,48.290491],[37.668149,48.290491],[37.668147,48.290513],[37.668139,48.290605],[37.667976,48.292359]]]}},{"type":"Feature","properties":{"cadnum":"1422485500:32:000:0006"},"geometry":{"type":"Polygon","coordinates":[[[37.668363,48.28897],[37.672033,48.289431],[37.672105,48.28944],[37.672205,48.289452],[37.672343,48.289469],[37.674948,48.289795],[37.675186,48.288796],[37.672205,48.288373],[37.671911,48.288331],[37.669424,48.287978],[37.668638,48.287868],[37.668363,48.28897]],[[37.671799,48.288814],[37.671943,48.288663],[37.671944,48.288663],[37.671997,48.288686],[37.671858,48.288838],[37.671799,48.288814]]]}},{"type":"Feature","properties":{"cadnum":"1422485500:30:000:0019"},"geometry":{"type":"Polygon","coordinates":[[[37.66429,48.275442],[37.666712,48.275835],[37.666712,48.275834],[37.667637,48.275984],[37.667638,48.275984],[37.66808,48.276055],[37.668105,48.275984],[37.668646,48.274471],[37.66654,48.274133],[37.664842,48.273861],[37.66429,48.275442]]]}},{"type":"Feature","properties":{"cadnum":"1422485500:30:000:0018"},"geometry":{"type":"Polygon","coordinates":[[[37.663714,48.277026],[37.666712,48.277509],[37.66751,48.277637],[37.667846,48.276704],[37.66808,48.276055],[37.666932,48.275869],[37.66654,48.275806],[37.66654,48.275807],[37.66429,48.275442],[37.664267,48.27551],[37.664136,48.275869],[37.663714,48.277026]]]}},{"type":"Feature","properties":{"cadnum":"1422485500:30:000:0020"},"geometry":{"type":"Polygon","coordinates":[[[37.664842,48.273861],[37.666712,48.274161],[37.668646,48.274471],[37.668942,48.273642],[37.669212,48.272898],[37.66759,48.272638],[37.666616,48.272482],[37.665403,48.272286],[37.665229,48.272749],[37.664842,48.273861]]]}},{"type":"Feature","properties":{"cadnum":"1422485500:29:000:0008"},"geometry":{"type":"Polygon","coordinates":[[[37.660571,48.285223],[37.660705,48.285234],[37.661219,48.283795],[37.661219,48.283794],[37.661298,48.283572],[37.661433,48.283187],[37.662047,48.281448],[37.662676,48.279707],[37.662742,48.279525],[37.663305,48.277968],[37.663938,48.276228],[37.664022,48.275984],[37.664023,48.275984],[37.664541,48.274486],[37.665147,48.272743],[37.665291,48.272328],[37.665291,48.272327],[37.665292,48.272327],[37.665682,48.271212],[37.665345,48.271238],[37.665013,48.272213],[37.665002,48.272245],[37.664974,48.272327],[37.664974,48.272328],[37.664752,48.272982],[37.664154,48.274728],[37.663763,48.275869],[37.663558,48.27647],[37.662965,48.278216],[37.662516,48.279525],[37.662515,48.279525],[37.662367,48.279962],[37.66177,48.281707],[37.661288,48.283116],[37.661266,48.283181],[37.661251,48.283224],[37.661227,48.283295],[37.661158,48.283501],[37.660571,48.285223]]]}},{"type":"Feature","properties":{"cadnum":"1422485500:45:000:0047"},"geometry":{"type":"Polygon","coordinates":[[[37.733707,48.353656],[37.736091,48.353157],[37.736083,48.353074],[37.73598,48.352886],[37.734843,48.352644],[37.734676,48.352608],[37.734439,48.352557],[37.734425,48.352587],[37.734424,48.352587],[37.734313,48.352829],[37.734951,48.352984],[37.734586,48.353234],[37.733913,48.353053],[37.733707,48.353656]]]}},{"type":"Feature","properties":{"cadnum":"1422485500:46:000:0011"},"geometry":{"type":"Polygon","coordinates":[[[37.734676,48.352608],[37.734843,48.352644],[37.735111,48.352701],[37.73598,48.352886],[37.735917,48.352701],[37.735737,48.352166],[37.735952,48.351566],[37.735252,48.351375],[37.734686,48.352587],[37.734676,48.352608]]]}},{"type":"Feature","properties":{"cadnum":"1422485500:46:000:0016"},"geometry":{"type":"Polygon","coordinates":[[[37.734299,48.350868],[37.734502,48.350909],[37.734978,48.351008],[37.735207,48.35053],[37.735745,48.349408],[37.735063,48.349268],[37.734299,48.350868]]]}},{"type":"Feature","properties":{"cadnum":"1422485500:46:000:0009"},"geometry":{"type":"Polygon","coordinates":[[[37.733037,48.351948],[37.733931,48.35213],[37.734502,48.350909],[37.734299,48.350868],[37.733607,48.350725],[37.733037,48.351948]]]}},{"type":"Feature","properties":{"cadnum":"1422485500:46:000:0010"},"geometry":{"type":"Polygon","coordinates":[[[37.733931,48.35213],[37.734326,48.352214],[37.73434,48.352537],[37.734439,48.352557],[37.734676,48.352608],[37.735252,48.351375],[37.734982,48.351301],[37.734861,48.351265],[37.734869,48.351238],[37.734978,48.351008],[37.734502,48.350909],[37.733931,48.35213]]]}},{"type":"Feature","properties":{"cadnum":"1422485500:47:000:0014"},"geometry":{"type":"Polygon","coordinates":[[[37.728223,48.340004],[37.729695,48.340127],[37.730147,48.337983],[37.730634,48.335678],[37.729175,48.335556],[37.728655,48.337983],[37.728223,48.340004]]]}},{"type":"Feature","properties":{"cadnum":"1422485500:47:000:0020"},"geometry":{"type":"Polygon","coordinates":[[[37.729256,48.335138],[37.729502,48.335156],[37.729682,48.335185],[37.729754,48.33529],[37.729736,48.335392],[37.72961,48.335502],[37.729376,48.335529],[37.731429,48.335699],[37.731717,48.334445],[37.731718,48.334445],[37.732112,48.332734],[37.729852,48.332549],[37.729441,48.334331],[37.729256,48.335138]]]}},{"type":"Feature","properties":{"cadnum":"1422485500:47:000:0012"},"geometry":{"type":"Polygon","coordinates":[[[37.731425,48.339688],[37.731843,48.339748],[37.732458,48.339969],[37.73252,48.339991],[37.73263,48.34003],[37.733194,48.340232],[37.733624,48.338081],[37.734047,48.335965],[37.732458,48.335835],[37.732143,48.335809],[37.731719,48.338097],[37.73172,48.338097],[37.731425,48.339688]]]}},{"type":"Feature","properties":{"cadnum":"1422485500:47:000:0013"},"geometry":{"type":"Polygon","coordinates":[[[37.729695,48.340127],[37.729862,48.340139],[37.731676,48.340288],[37.731843,48.339748],[37.731426,48.339688],[37.731425,48.339688],[37.731741,48.337983],[37.73174,48.337983],[37.732143,48.335806],[37.730634,48.335678],[37.730123,48.338097],[37.729695,48.340127]]]}},{"type":"Feature","properties":{"cadnum":"1422485500:22:000:0035"},"geometry":{"type":"Polygon","coordinates":[[[37.615875,48.318835],[37.616037,48.319137],[37.617273,48.318885],[37.622253,48.31787],[37.622766,48.317766],[37.622767,48.317766],[37.62826,48.316649],[37.62826,48.316648],[37.628887,48.31652],[37.628838,48.316186],[37.628088,48.316339],[37.623735,48.317228],[37.622767,48.317427],[37.622766,48.317427],[37.622766,48.317426],[37.617102,48.318585],[37.615875,48.318835]]]}},{"type":"Feature","properties":{"cadnum":"1422485500:21:000:0020"},"geometry":{"type":"Polygon","coordinates":[[[37.622253,48.31787],[37.622351,48.318814],[37.622766,48.318714],[37.622767,48.318714],[37.62826,48.317389],[37.62826,48.317388],[37.628958,48.317219],[37.628887,48.31652],[37.628088,48.316683],[37.628088,48.316684],[37.622595,48.317801],[37.622253,48.31787]],[[37.625779,48.317414],[37.626385,48.317416],[37.626385,48.317417],[37.626375,48.31782],[37.625775,48.317813],[37.625779,48.317414]]]}},{"type":"Feature","properties":{"cadnum":"1422485500:21:000:0019"},"geometry":{"type":"Polygon","coordinates":[[[37.622351,48.318814],[37.622427,48.319513],[37.622437,48.319606],[37.622766,48.319527],[37.622766,48.319526],[37.622767,48.319526],[37.628088,48.318233],[37.629039,48.318002],[37.628958,48.317219],[37.628088,48.31743],[37.622595,48.318755],[37.622351,48.318814]]]}},{"type":"Feature","properties":{"cadnum":"1422485500:22:000:0001"},"geometry":{"type":"Polygon","coordinates":[[[37.615412,48.318229],[37.615852,48.318811],[37.617273,48.318521],[37.622595,48.317434],[37.623717,48.317204],[37.623272,48.316622],[37.622767,48.316726],[37.622766,48.316726],[37.622766,48.316725],[37.617102,48.317884],[37.615412,48.318229]]]}},{"type":"Feature","properties":{"cadnum":"1422485500:22:000:0002"},"geometry":{"type":"Polygon","coordinates":[[[37.614972,48.317647],[37.615412,48.318229],[37.617273,48.317849],[37.622595,48.31676],[37.622595,48.316761],[37.623272,48.316622],[37.62307,48.316356],[37.622939,48.316182],[37.622832,48.31604],[37.62269,48.316069],[37.622687,48.316069],[37.617102,48.317211],[37.617102,48.317212],[37.614972,48.317647]]]}},{"type":"Feature","properties":{"cadnum":"1422485500:51:000:0022"},"geometry":{"type":"Polygon","coordinates":[[[37.685943,48.319609],[37.686249,48.319722],[37.686315,48.319746],[37.686557,48.319836],[37.686558,48.319836],[37.687722,48.320266],[37.688286,48.319722],[37.688414,48.3196],[37.686836,48.319017],[37.685943,48.319609]]]}},{"type":"Feature","properties":{"cadnum":"1422485500:51:000:0023"},"geometry":{"type":"Polygon","coordinates":[[[37.686836,48.319017],[37.688414,48.3196],[37.688684,48.319339],[37.689272,48.318772],[37.688513,48.318493],[37.687941,48.318282],[37.686836,48.319017]]]}},{"type":"Feature","properties":{"cadnum":"1422485500:50:000:0015"},"geometry":{"type":"Polygon","coordinates":[[[37.688014,48.320188],[37.688513,48.320485],[37.692075,48.322601],[37.693727,48.321727],[37.690357,48.319722],[37.689209,48.319039],[37.688544,48.319678],[37.688499,48.319722],[37.688498,48.319722],[37.688014,48.320188]]]}},{"type":"Feature","properties":{"cadnum":"1422485500:51:000:0045"},"geometry":{"type":"Polygon","coordinates":[[[37.683496,48.319881],[37.68575,48.32008],[37.68575,48.319737],[37.685754,48.319504],[37.683603,48.319567],[37.68355,48.319722],[37.683549,48.319722],[37.68353,48.31978],[37.68351,48.319836],[37.683511,48.319836],[37.683496,48.319881]]]}},{"type":"Feature","properties":{"cadnum":"1422485500:51:000:0055"},"geometry":{"type":"Polygon","coordinates":[[[37.685408,48.322503],[37.685566,48.322551],[37.686666,48.321488],[37.687974,48.320168],[37.688314,48.319836],[37.688513,48.319643],[37.689155,48.319017],[37.689519,48.318743],[37.690475,48.318065],[37.69175,48.317162],[37.692991,48.316285],[37.693297,48.316069],[37.693296,48.316069],[37.694006,48.315568],[37.694006,48.315569],[37.694176,48.315448],[37.693197,48.315971],[37.693058,48.316069],[37.691823,48.316945],[37.690498,48.317879],[37.689379,48.318668],[37.689272,48.318772],[37.688513,48.319504],[37.688414,48.3196],[37.688167,48.319836],[37.687722,48.320266],[37.686855,48.321102],[37.686572,48.321371],[37.686266,48.321658],[37.686333,48.321687],[37.685408,48.322503]]]}},{"type":"Feature","properties":{"cadnum":"1422485500:51:000:0005"},"geometry":{"type":"Polygon","coordinates":[[[37.683559,48.316529],[37.688513,48.316388],[37.690557,48.316329],[37.690846,48.316139],[37.692088,48.31532],[37.688685,48.315419],[37.688684,48.315419],[37.683846,48.315559],[37.683695,48.316069],[37.683694,48.316069],[37.683559,48.316529]]]}},{"type":"Feature","properties":{"cadnum":"1422485500:51:000:0024"},"geometry":{"type":"Polygon","coordinates":[[[37.687941,48.318282],[37.688684,48.318556],[37.688685,48.318556],[37.689272,48.318772],[37.689379,48.318668],[37.690498,48.317879],[37.689249,48.317416],[37.688576,48.317862],[37.687941,48.318282]]]}},{"type":"Feature","properties":{"cadnum":"1422485500:51:000:0004"},"geometry":{"type":"Polygon","coordinates":[[[37.68337,48.317724],[37.688513,48.317576],[37.688513,48.317577],[37.68867,48.317572],[37.688684,48.317563],[37.688684,48.317562],[37.688685,48.317562],[37.690557,48.316329],[37.688685,48.316383],[37.688684,48.316383],[37.683559,48.316529],[37.68341,48.31704],[37.68337,48.317724]]]}},{"type":"Feature","properties":{"cadnum":"1422485500:51:000:0021"},"geometry":{"type":"Polygon","coordinates":[[[37.685808,48.320401],[37.686855,48.321102],[37.687722,48.320266],[37.686315,48.319746],[37.685943,48.319609],[37.685808,48.319699],[37.685808,48.320401]]]}},{"type":"Feature","properties":{"cadnum":"1422485500:57:000:0015"},"geometry":{"type":"Polygon","coordinates":[[[37.680693,48.282948],[37.683191,48.283207],[37.684268,48.283318],[37.684345,48.283181],[37.684412,48.283061],[37.68302,48.282915],[37.680746,48.282676],[37.680693,48.282948]]]}},{"type":"Feature","properties":{"cadnum":"1422485500:27:000:0079"},"geometry":{"type":"Polygon","coordinates":[[[37.622054,48.285692],[37.622266,48.286699],[37.622766,48.286688],[37.622767,48.286688],[37.622767,48.286687],[37.628088,48.286564],[37.628088,48.286565],[37.629632,48.286528],[37.629287,48.285527],[37.628088,48.285554],[37.628088,48.285555],[37.622767,48.285676],[37.622766,48.285676],[37.622054,48.285692]]]}},{"type":"Feature","properties":{"cadnum":"1422485500:27:000:0067"},"geometry":{"type":"Polygon","coordinates":[[[37.623973,48.283196],[37.623975,48.283295],[37.623976,48.283295],[37.623982,48.283566],[37.627113,48.283456],[37.627108,48.283295],[37.627104,48.283172],[37.625944,48.283181],[37.625245,48.283186],[37.623973,48.283196]]]}},{"type":"Feature","properties":{"cadnum":"1422485500:27:000:0080"},"geometry":{"type":"Polygon","coordinates":[[[37.621853,48.284741],[37.622054,48.285692],[37.622595,48.28568],[37.62826,48.285551],[37.629287,48.285527],[37.628968,48.284607],[37.62826,48.28462],[37.622767,48.284724],[37.622766,48.284724],[37.621853,48.284741]]]}},{"type":"Feature","properties":{"cadnum":"1422485500:27:000:0059"},"geometry":{"type":"Polygon","coordinates":[[[37.621475,48.283169],[37.621478,48.283181],[37.621479,48.283185],[37.621505,48.283295],[37.621506,48.283295],[37.621578,48.283593],[37.622766,48.28358],[37.622767,48.28358],[37.623982,48.283566],[37.623973,48.283196],[37.623973,48.283142],[37.622604,48.283157],[37.621475,48.283169]]]}},{"type":"Feature","properties":{"cadnum":"1422485500:23:000:0029"},"geometry":{"type":"Polygon","coordinates":[[[37.639715,48.299133],[37.640279,48.301454],[37.640279,48.301455],[37.640731,48.303314],[37.642537,48.303161],[37.642541,48.301569],[37.642545,48.300155],[37.641199,48.300131],[37.64035,48.299925],[37.64012,48.299091],[37.639715,48.299133]]]}},{"type":"Feature","properties":{"cadnum":"1422485500:24:000:0095"},"geometry":{"type":"Polygon","coordinates":[[[37.642537,48.303161],[37.642595,48.303191],[37.642667,48.301622],[37.642677,48.301455],[37.642676,48.301455],[37.642676,48.301454],[37.642744,48.300269],[37.642807,48.299232],[37.642964,48.299217],[37.64295,48.299067],[37.642811,48.298948],[37.642868,48.298156],[37.643017,48.298168],[37.643053,48.297824],[37.642744,48.297809],[37.64273,48.297915],[37.642717,48.298025],[37.642631,48.299089],[37.642545,48.300155],[37.642541,48.301454],[37.642541,48.301455],[37.642537,48.303161]]]}},{"type":"Feature","properties":{"cadnum":"1422485500:24:000:0051"},"geometry":{"type":"Polygon","coordinates":[[[37.643,48.301347],[37.644739,48.301418],[37.647091,48.301512],[37.647432,48.298088],[37.644739,48.297887],[37.644739,48.297886],[37.643183,48.297771],[37.643182,48.2978],[37.643181,48.2978],[37.643,48.301347]]]}},{"type":"Feature","properties":{"cadnum":"1422485500:23:000:0057"},"geometry":{"type":"Polygon","coordinates":[[[37.640977,48.299793],[37.641275,48.300105],[37.641845,48.300123],[37.642434,48.30011],[37.642352,48.299184],[37.642371,48.299089],[37.642352,48.298939],[37.642222,48.29858],[37.642172,48.29852],[37.642056,48.298518],[37.641207,48.298816],[37.640983,48.298939],[37.640983,48.29919],[37.640977,48.299793]]]}},{"type":"Feature","properties":{"cadnum":"1422485500:24:000:0050"},"geometry":{"type":"Polygon","coordinates":[[[37.642954,48.302455],[37.644739,48.302538],[37.649072,48.302739],[37.649166,48.301598],[37.648442,48.301569],[37.648433,48.301568],[37.645632,48.301455],[37.645624,48.301455],[37.644567,48.301412],[37.643,48.301347],[37.643,48.301348],[37.642995,48.301454],[37.642995,48.301455],[37.642994,48.301455],[37.642954,48.302455]]]}},{"type":"Feature","properties":{"cadnum":"1422485500:23:000:0041"},"geometry":{"type":"Polygon","coordinates":[[[37.634564,48.297439],[37.634648,48.2978],[37.634647,48.2978],[37.635071,48.299609],[37.639074,48.299177],[37.640111,48.299064],[37.640861,48.29873],[37.640788,48.2978],[37.640709,48.29677],[37.639905,48.296764],[37.639904,48.296764],[37.639904,48.296763],[37.639918,48.296602],[37.639074,48.296734],[37.634564,48.297439]]]}},{"type":"Feature","properties":{"cadnum":"1422485500:37:000:0013"},"geometry":{"type":"Polygon","coordinates":[[[37.691253,48.379315],[37.694178,48.379599],[37.694178,48.379598],[37.69613,48.379787],[37.696449,48.3784],[37.694867,48.378247],[37.694006,48.378165],[37.693684,48.378133],[37.693679,48.378133],[37.691557,48.377928],[37.691512,48.378133],[37.69128,48.3792],[37.691253,48.379315]]]}},{"type":"Feature","properties":{"cadnum":"1422485500:37:000:0012"},"geometry":{"type":"Polygon","coordinates":[[[37.690888,48.380998],[37.694178,48.381319],[37.694178,48.381318],[37.694473,48.381347],[37.69471,48.380354],[37.695977,48.380461],[37.69613,48.379787],[37.694006,48.379582],[37.691253,48.379315],[37.690943,48.380748],[37.690888,48.380998]]]}},{"type":"Feature","properties":{"cadnum":"1422485500:37:000:0011"},"geometry":{"type":"Polygon","coordinates":[[[37.690287,48.383755],[37.690431,48.383728],[37.691473,48.383528],[37.692528,48.383328],[37.694006,48.383045],[37.694006,48.383046],[37.694073,48.383032],[37.694178,48.382592],[37.694178,48.382591],[37.694369,48.381782],[37.694473,48.381347],[37.694006,48.381302],[37.690888,48.380998],[37.690717,48.381782],[37.690716,48.381782],[37.690605,48.382296],[37.690287,48.383755]]]}},{"type":"Feature","properties":{"cadnum":"1422485500:37:000:0007"},"geometry":{"type":"Polygon","coordinates":[[[37.686423,48.380309],[37.688684,48.380529],[37.688684,48.380528],[37.688685,48.380528],[37.690943,48.380748],[37.691253,48.379315],[37.69128,48.3792],[37.691487,48.378247],[37.691557,48.377928],[37.691616,48.377648],[37.688685,48.377366],[37.688684,48.377366],[37.688684,48.377365],[37.687098,48.377212],[37.687089,48.377242],[37.68687,48.378247],[37.686871,48.378247],[37.686871,48.378248],[37.68676,48.37876],[37.686423,48.380309]]]}},{"type":"Feature","properties":{"cadnum":"1422485500:43:000:0003"},"geometry":{"type":"Polygon","coordinates":[[[37.707933,48.365346],[37.710657,48.365582],[37.710657,48.365581],[37.71146,48.36565],[37.711847,48.363651],[37.711848,48.363651],[37.711918,48.363293],[37.710657,48.363526],[37.710657,48.363525],[37.710594,48.363537],[37.710593,48.363537],[37.708244,48.36397],[37.707933,48.365346]]]}},{"type":"Feature","properties":{"cadnum":"1422485500:43:000:0031"},"geometry":{"type":"Polygon","coordinates":[[[37.70757,48.365722],[37.707835,48.365761],[37.707933,48.365346],[37.708244,48.36397],[37.708235,48.363651],[37.70823,48.363442],[37.708184,48.363537],[37.708183,48.363537],[37.707956,48.364003],[37.70757,48.365722]]]}},{"type":"Feature","properties":{"cadnum":"1422485500:43:000:0011"},"geometry":{"type":"Polygon","coordinates":[[[37.708818,48.362248],[37.710485,48.361934],[37.710485,48.361935],[37.711667,48.361711],[37.712067,48.359887],[37.71212,48.359645],[37.710657,48.359546],[37.709434,48.359461],[37.70934,48.359887],[37.709339,48.359887],[37.708818,48.362248]]]}},{"type":"Feature","properties":{"cadnum":"1422485500:43:000:0032"},"geometry":{"type":"Polygon","coordinates":[[[37.708244,48.36397],[37.710472,48.363558],[37.710485,48.363468],[37.710719,48.36189],[37.710485,48.361935],[37.708818,48.362248],[37.708652,48.362272],[37.708348,48.363537],[37.708244,48.36397]]]}},{"type":"Feature","properties":{"cadnum":"1422485500:51:000:0026"},"geometry":{"type":"Polygon","coordinates":[[[37.690632,48.316505],[37.691823,48.316945],[37.692897,48.316183],[37.693197,48.315971],[37.692069,48.315555],[37.691119,48.316183],[37.690632,48.316505]]]}},{"type":"Feature","properties":{"cadnum":"1422485500:51:000:0028"},"geometry":{"type":"Polygon","coordinates":[[[37.693538,48.314585],[37.694006,48.314758],[37.694006,48.314759],[37.694603,48.314979],[37.694958,48.314728],[37.696297,48.314226],[37.694876,48.313704],[37.694178,48.314164],[37.693538,48.314585]]]}},{"type":"Feature","properties":{"cadnum":"1422485500:51:000:0008"},"geometry":{"type":"Polygon","coordinates":[[[37.684798,48.31391],[37.688684,48.313797],[37.688685,48.313797],[37.694006,48.313642],[37.694656,48.313622],[37.695532,48.313046],[37.695654,48.312847],[37.694178,48.31289],[37.694178,48.312889],[37.688513,48.313053],[37.685718,48.313133],[37.684798,48.31391]]]}},{"type":"Feature","properties":{"cadnum":"1422485500:51:000:0006"},"geometry":{"type":"Polygon","coordinates":[[[37.683846,48.315559],[37.688513,48.315424],[37.692088,48.31532],[37.693427,48.314435],[37.688685,48.314573],[37.688684,48.314573],[37.688684,48.314572],[37.684097,48.314704],[37.683846,48.315559]]]}},{"type":"Feature","properties":{"cadnum":"1422485500:51:000:0027"},"geometry":{"type":"Polygon","coordinates":[[[37.692069,48.315555],[37.693197,48.315971],[37.694006,48.315401],[37.694151,48.315298],[37.694178,48.31528],[37.694603,48.314979],[37.694178,48.314822],[37.693538,48.314585],[37.692069,48.315555]]]}},{"type":"Feature","properties":{"cadnum":"1422485500:51:000:0007"},"geometry":{"type":"Polygon","coordinates":[[[37.684097,48.314704],[37.688513,48.314577],[37.688513,48.314578],[37.693427,48.314435],[37.694178,48.313939],[37.694656,48.313622],[37.694178,48.313637],[37.688513,48.313802],[37.684798,48.31391],[37.684178,48.31443],[37.684097,48.314704]]]}},{"type":"Feature","properties":{"cadnum":"1422485500:18:000:0008"},"geometry":{"type":"Polygon","coordinates":[[[37.644643,48.329381],[37.644739,48.330567],[37.644742,48.330599],[37.649939,48.330001],[37.649866,48.32907],[37.649845,48.32878],[37.644643,48.329381]]]}},{"type":"Feature","properties":{"cadnum":"1422485500:18:000:0007"},"geometry":{"type":"Polygon","coordinates":[[[37.644742,48.330599],[37.644748,48.330679],[37.644747,48.330679],[37.644836,48.331832],[37.650028,48.331229],[37.649996,48.330793],[37.649948,48.33013],[37.649939,48.330001],[37.644742,48.330599]]]}},{"type":"Feature","properties":{"cadnum":"1422485500:18:000:0009"},"geometry":{"type":"Polygon","coordinates":[[[37.644553,48.328159],[37.644567,48.328349],[37.644648,48.329381],[37.644739,48.329371],[37.644739,48.32937],[37.649845,48.32878],[37.649791,48.328082],[37.64975,48.327559],[37.644739,48.328139],[37.644739,48.328138],[37.644553,48.328159]]]}},{"type":"Feature","properties":{"cadnum":"1422485500:24:002:0048"},"geometry":{"type":"Polygon","coordinates":[[[37.643902,48.295986],[37.644401,48.296064],[37.644567,48.295709],[37.644665,48.295499],[37.644167,48.295422],[37.644166,48.295422],[37.643902,48.295986]]]}},{"type":"Feature","properties":{"cadnum":"1422485500:24:002:0045"},"geometry":{"type":"Polygon","coordinates":[[[37.649239,48.297831],[37.649471,48.297915],[37.649472,48.297915],[37.649522,48.297932],[37.649617,48.2978],[37.649616,48.2978],[37.650132,48.297089],[37.649849,48.296988],[37.649261,48.2978],[37.64926,48.2978],[37.649239,48.297831]]]}},{"type":"Feature","properties":{"cadnum":"1422485500:24:002:0029"},"geometry":{"type":"Polygon","coordinates":[[[37.645048,48.296351],[37.64529,48.296411],[37.645681,48.295682],[37.645428,48.295616],[37.645048,48.296351]]]}},{"type":"Feature","properties":{"cadnum":"1422485500:11:000:0047"},"geometry":{"type":"Polygon","coordinates":[[[37.705279,48.263934],[37.708594,48.264231],[37.708595,48.264231],[37.708877,48.263564],[37.705589,48.263193],[37.705279,48.263934]]]}},{"type":"Feature","properties":{"cadnum":"1422485500:11:000:0053"},"geometry":{"type":"Polygon","coordinates":[[[37.708535,48.264368],[37.710657,48.264535],[37.710657,48.264534],[37.711478,48.264599],[37.711554,48.264434],[37.711837,48.263815],[37.710657,48.263716],[37.708971,48.263573],[37.708877,48.263564],[37.708595,48.264231],[37.708535,48.264368]]]}},{"type":"Feature","properties":{"cadnum":"1422485500:26:000:0058"},"geometry":{"type":"Polygon","coordinates":[[[37.602831,48.278359],[37.603138,48.279639],[37.603139,48.279639],[37.603523,48.281235],[37.605498,48.280876],[37.605174,48.279525],[37.605173,48.279525],[37.604835,48.278111],[37.602831,48.278359]]]}},{"type":"Feature","properties":{"cadnum":"1422485500:26:000:0055"},"geometry":{"type":"Polygon","coordinates":[[[37.600729,48.278619],[37.600946,48.279525],[37.600945,48.279525],[37.601447,48.281612],[37.603523,48.281235],[37.603111,48.279525],[37.602831,48.278359],[37.600729,48.278619]]]}},{"type":"Feature","properties":{"cadnum":"1422485500:44:000:0039"},"geometry":{"type":"Polygon","coordinates":[[[37.713549,48.360243],[37.715566,48.360461],[37.715674,48.359945],[37.715906,48.358855],[37.713889,48.358634],[37.713624,48.359887],[37.713614,48.359932],[37.7136,48.360001],[37.713549,48.360243]]]}},{"type":"Feature","properties":{"cadnum":"1422485500:44:000:0008"},"geometry":{"type":"Polygon","coordinates":[[[37.713889,48.358634],[37.715979,48.358864],[37.717919,48.359076],[37.717973,48.358819],[37.71826,48.35747],[37.71773,48.357411],[37.715983,48.35722],[37.714231,48.357028],[37.713889,48.358634]]]}},{"type":"Feature","properties":{"cadnum":"1422485500:43:000:0012"},"geometry":{"type":"Polygon","coordinates":[[[37.711487,48.361708],[37.712254,48.361565],[37.712584,48.359887],[37.712623,48.359691],[37.711958,48.359643],[37.711902,48.359887],[37.711487,48.361708]]]}},{"type":"Feature","properties":{"cadnum":"1422485500:43:000:0009"},"geometry":{"type":"Polygon","coordinates":[[[37.709596,48.358115],[37.710485,48.358186],[37.710485,48.358187],[37.712902,48.35838],[37.71304,48.35773],[37.713185,48.357055],[37.710485,48.356836],[37.709924,48.356789],[37.709757,48.357464],[37.709596,48.358115]]]}},{"type":"Feature","properties":{"cadnum":"1422485500:44:000:0015"},"geometry":{"type":"Polygon","coordinates":[[[37.715983,48.35722],[37.71615,48.357239],[37.71615,48.357238],[37.71773,48.357411],[37.717958,48.356332],[37.718516,48.353709],[37.716769,48.353519],[37.716191,48.356237],[37.716169,48.356337],[37.716166,48.356351],[37.715983,48.35722]]]}},{"type":"Feature","properties":{"cadnum":"1422485500:43:000:0013"},"geometry":{"type":"Polygon","coordinates":[[[37.709434,48.359461],[37.710485,48.359534],[37.71212,48.359645],[37.712785,48.359694],[37.71291,48.359022],[37.713023,48.35844],[37.713032,48.358377],[37.710657,48.358215],[37.709721,48.358151],[37.709686,48.358306],[37.70956,48.358884],[37.709434,48.359461]]]}},{"type":"Feature","properties":{"cadnum":"1422485500:49:000:0023"},"geometry":{"type":"Polygon","coordinates":[[[37.711667,48.327308],[37.713539,48.327535],[37.713646,48.327141],[37.714474,48.324107],[37.713243,48.323958],[37.7126,48.32388],[37.711711,48.327141],[37.711712,48.327141],[37.711667,48.327308]]]}},{"type":"Feature","properties":{"cadnum":"1422485500:24:001:0008"},"geometry":{"type":"Polygon","coordinates":[[[37.668506,48.307639],[37.669611,48.307637],[37.669607,48.307373],[37.668516,48.307371],[37.668506,48.307639]]]}},{"type":"Feature","properties":{"cadnum":"1422485500:24:001:0014"},"geometry":{"type":"Polygon","coordinates":[[[37.668395,48.306492],[37.669544,48.306453],[37.669598,48.306226],[37.668403,48.306235],[37.668395,48.306492]]]}},{"type":"Feature","properties":{"cadnum":"1422485500:24:001:0032"},"geometry":{"type":"Polygon","coordinates":[[[37.668412,48.306824],[37.669741,48.306857],[37.669783,48.306561],[37.668426,48.306531],[37.668412,48.306824]]]}},{"type":"Feature","properties":{"cadnum":"1422485500:24:001:0004"},"geometry":{"type":"Polygon","coordinates":[[[37.668493,48.307944],[37.668498,48.308213],[37.668762,48.308213],[37.668758,48.307944],[37.668493,48.307944]]]}},{"type":"Feature","properties":{"cadnum":"1422485500:24:001:0013"},"geometry":{"type":"Polygon","coordinates":[[[37.667263,48.306507],[37.667976,48.306507],[37.668395,48.306492],[37.668403,48.306235],[37.667982,48.306241],[37.667271,48.306232],[37.667263,48.306507]]]}},{"type":"Feature","properties":{"cadnum":"1422485500:24:001:0003"},"geometry":{"type":"Polygon","coordinates":[[[37.66737,48.307944],[37.667374,48.308216],[37.668318,48.308213],[37.668498,48.308213],[37.668493,48.307944],[37.66737,48.307944]]]}},{"type":"Feature","properties":{"cadnum":"1422485500:24:001:0031"},"geometry":{"type":"Polygon","coordinates":[[[37.667374,48.3068],[37.668412,48.306824],[37.668426,48.306531],[37.667389,48.30651],[37.667374,48.3068]]]}},{"type":"Feature","properties":{"cadnum":"1422485500:24:001:0007"},"geometry":{"type":"Polygon","coordinates":[[[37.66738,48.307645],[37.668506,48.307639],[37.668516,48.307371],[37.667407,48.307371],[37.667406,48.307371],[37.66738,48.307645]]]}},{"type":"Feature","properties":{"cadnum":"1422485500:30:000:0001"},"geometry":{"type":"Polygon","coordinates":[[[37.658351,48.292377],[37.658801,48.292858],[37.660032,48.293447],[37.661047,48.293501],[37.664357,48.293674],[37.665749,48.293064],[37.661047,48.292311],[37.658644,48.291926],[37.658351,48.292377]]]}},{"type":"Feature","properties":{"cadnum":"1422485500:30:000:0003"},"geometry":{"type":"Polygon","coordinates":[[[37.659128,48.291173],[37.661047,48.291453],[37.66654,48.292255],[37.666631,48.292268],[37.666712,48.29228],[37.667339,48.292371],[37.667537,48.292285],[37.66759,48.291564],[37.666712,48.291436],[37.661219,48.290632],[37.661038,48.290605],[37.66104,48.290605],[37.659627,48.290398],[37.659568,48.290491],[37.659566,48.290491],[37.65956,48.290503],[37.65956,48.290504],[37.659494,48.290605],[37.659128,48.291173]]]}},{"type":"Feature","properties":{"cadnum":"1422485500:31:000:0039"},"geometry":{"type":"Polygon","coordinates":[[[37.664132,48.293966],[37.664373,48.294146],[37.666712,48.295879],[37.667483,48.29645],[37.669001,48.295514],[37.667267,48.29426],[37.666712,48.293859],[37.666712,48.293858],[37.665789,48.29319],[37.664541,48.293755],[37.664132,48.293966]]]}},{"type":"Feature","properties":{"cadnum":"1422485500:31:000:0038"},"geometry":{"type":"Polygon","coordinates":[[[37.665789,48.29319],[37.66654,48.293734],[37.667109,48.294146],[37.669001,48.295514],[37.669118,48.295443],[37.670829,48.294391],[37.670517,48.294146],[37.670516,48.294146],[37.66839,48.292475],[37.667909,48.292383],[37.666854,48.292708],[37.666571,48.292837],[37.665789,48.29319]]]}},{"type":"Feature","properties":{"cadnum":"1422485500:30:000:0002"},"geometry":{"type":"Polygon","coordinates":[[[37.658644,48.291926],[37.661219,48.292339],[37.665749,48.293064],[37.66654,48.29272],[37.667339,48.292371],[37.666631,48.292268],[37.661219,48.291478],[37.659128,48.291173],[37.658644,48.291926]]]}},{"type":"Feature","properties":{"cadnum":"1422485500:31:000:0040"},"geometry":{"type":"Polygon","coordinates":[[[37.662613,48.294756],[37.666112,48.29729],[37.66654,48.297028],[37.66654,48.297029],[37.667187,48.296632],[37.667483,48.29645],[37.66654,48.295752],[37.664527,48.29426],[37.664132,48.293966],[37.663787,48.294146],[37.663786,48.294146],[37.662613,48.294756]]]}},{"type":"Feature","properties":{"cadnum":"1422485500:45:000:0008"},"geometry":{"type":"Polygon","coordinates":[[[37.728164,48.360273],[37.73146,48.360431],[37.731519,48.359887],[37.731518,48.359887],[37.73191,48.356318],[37.73109,48.356294],[37.730908,48.356289],[37.729426,48.356243],[37.728644,48.35622],[37.728642,48.356237],[37.728641,48.356237],[37.72821,48.359887],[37.728209,48.359887],[37.728164,48.360273]]]}},{"type":"Feature","properties":{"cadnum":"1422485500:45:000:0014"},"geometry":{"type":"Polygon","coordinates":[[[37.728007,48.356154],[37.728653,48.356175],[37.730585,48.35348],[37.730567,48.352754],[37.729363,48.352647],[37.728007,48.356154]]]}},{"type":"Feature","properties":{"cadnum":"1422485500:45:000:0048"},"geometry":{"type":"Polygon","coordinates":[[[37.73217,48.353444],[37.73263,48.353532],[37.7335,48.353698],[37.733707,48.353656],[37.733913,48.353053],[37.73297,48.352802],[37.73263,48.352757],[37.732364,48.352721],[37.732364,48.352727],[37.73217,48.353444]]]}},{"type":"Feature","properties":{"cadnum":"1422485500:45:000:0015"},"geometry":{"type":"Polygon","coordinates":[[[37.728653,48.356175],[37.732458,48.356289],[37.732614,48.356294],[37.732925,48.356303],[37.733204,48.354152],[37.73263,48.354005],[37.73263,48.354004],[37.730585,48.35348],[37.728653,48.356175]]]}},{"type":"Feature","properties":{"cadnum":"1422485500:03:000:0009"},"geometry":{"type":"Polygon","coordinates":[[[37.732378,48.321341],[37.732458,48.321349],[37.732474,48.321351],[37.73263,48.321366],[37.734066,48.321503],[37.734214,48.320815],[37.732647,48.320108],[37.732558,48.320517],[37.732378,48.321341]]]}},{"type":"Feature","properties":{"cadnum":"1422485500:12:000:0026"},"geometry":{"type":"Polygon","coordinates":[[[37.730414,48.329112],[37.730437,48.329366],[37.730701,48.32939],[37.73072,48.329028],[37.730957,48.327927],[37.731152,48.327027],[37.731151,48.327027],[37.73155,48.325191],[37.731932,48.32342],[37.732156,48.32238],[37.732378,48.321341],[37.732458,48.320974],[37.732558,48.320517],[37.73263,48.320188],[37.732647,48.320108],[37.7325,48.320035],[37.732435,48.320003],[37.732413,48.320075],[37.732018,48.321508],[37.731753,48.322783],[37.731605,48.323489],[37.731487,48.324056],[37.731218,48.325326],[37.730953,48.326592],[37.730839,48.327141],[37.73084,48.327141],[37.730693,48.327854],[37.730414,48.329112]]]}},{"type":"Feature","properties":{"cadnum":"1422485500:53:000:0030"},"geometry":{"type":"Polygon","coordinates":[[[37.685027,48.307843],[37.685624,48.307825],[37.686236,48.307807],[37.686383,48.306011],[37.686422,48.305223],[37.686433,48.305017],[37.686238,48.305109],[37.686156,48.305148],[37.685997,48.305223],[37.685108,48.305644],[37.685094,48.306044],[37.685027,48.307843]]]}},{"type":"Feature","properties":{"cadnum":"1422485500:01:000:0054"},"geometry":{"type":"Polygon","coordinates":[[[37.68668,48.305852],[37.688684,48.305952],[37.688685,48.305952],[37.690655,48.30605],[37.690803,48.305136],[37.690951,48.304185],[37.688513,48.304062],[37.686945,48.303983],[37.68685,48.304672],[37.686769,48.305223],[37.68677,48.305223],[37.68668,48.305852]]]}},{"type":"Feature","properties":{"cadnum":"1422485500:01:000:0002"},"geometry":{"type":"Polygon","coordinates":[[[37.687026,48.303988],[37.688684,48.304072],[37.688685,48.304072],[37.690951,48.304185],[37.691018,48.303764],[37.691243,48.302315],[37.688685,48.302208],[37.688684,48.302208],[37.688684,48.302207],[37.687368,48.302151],[37.687367,48.302151],[37.687089,48.30363],[37.687026,48.303988]]]}},{"type":"Feature","properties":{"cadnum":"1422485500:23:000:0007"},"geometry":{"type":"Polygon","coordinates":[[[37.624413,48.304732],[37.624731,48.305223],[37.624732,48.305223],[37.626767,48.308356],[37.62749,48.308312],[37.625473,48.305109],[37.625472,48.305109],[37.625195,48.304667],[37.624413,48.304732]]]}},{"type":"Feature","properties":{"cadnum":"1422485500:22:000:0034"},"geometry":{"type":"Polygon","coordinates":[[[37.623402,48.304942],[37.623527,48.305108],[37.623527,48.305109],[37.626058,48.308482],[37.626699,48.308359],[37.624585,48.305109],[37.624354,48.304753],[37.623402,48.304942]]]}},{"type":"Feature","properties":{"cadnum":"1422485500:19:000:0047"},"geometry":{"type":"Polygon","coordinates":[[[37.643597,48.319221],[37.643807,48.319343],[37.644128,48.319722],[37.644133,48.319728],[37.644224,48.319836],[37.644225,48.319836],[37.644567,48.32024],[37.644719,48.320418],[37.644739,48.320423],[37.644739,48.320422],[37.646233,48.320693],[37.646097,48.319754],[37.64609,48.319701],[37.645965,48.319722],[37.645918,48.31973],[37.645272,48.319836],[37.645111,48.319863],[37.644978,48.319722],[37.644739,48.319469],[37.644373,48.31908],[37.643597,48.319221]]]}},{"type":"Feature","properties":{"cadnum":"1422485500:19:000:0031"},"geometry":{"type":"Polygon","coordinates":[[[37.640224,48.316562],[37.640816,48.316772],[37.644342,48.318703],[37.644567,48.318942],[37.644681,48.319063],[37.644739,48.319124],[37.64525,48.319666],[37.645685,48.319588],[37.645084,48.316312],[37.644739,48.316329],[37.640224,48.316562]]]}},{"type":"Feature","properties":{"cadnum":"1422485500:19:000:0046"},"geometry":{"type":"Polygon","coordinates":[[[37.640906,48.317682],[37.643597,48.319221],[37.644373,48.31908],[37.64414,48.318823],[37.641769,48.317527],[37.640906,48.317682]]]}},{"type":"Feature","properties":{"cadnum":"1422485500:54:000:0020"},"geometry":{"type":"Polygon","coordinates":[[[37.683909,48.270168],[37.684192,48.270165],[37.68416,48.2694],[37.684232,48.268969],[37.683909,48.269005],[37.683909,48.270168]]]}},{"type":"Feature","properties":{"cadnum":"1422485500:54:000:0021"},"geometry":{"type":"Polygon","coordinates":[[[37.687381,48.271555],[37.688513,48.271668],[37.688533,48.27167],[37.688684,48.271685],[37.688684,48.271684],[37.688685,48.271684],[37.688719,48.271687],[37.688903,48.270476],[37.689106,48.269268],[37.688622,48.269221],[37.687991,48.269158],[37.687664,48.270354],[37.687381,48.271555]]]}},{"type":"Feature","properties":{"cadnum":"1422485500:49:000:0020"},"geometry":{"type":"Polygon","coordinates":[[[37.708778,48.31402],[37.710657,48.314963],[37.712191,48.315732],[37.713396,48.313928],[37.713396,48.313927],[37.711132,48.312792],[37.710657,48.31304],[37.708778,48.31402]]]}},{"type":"Feature","properties":{"cadnum":"1422485500:19:000:0036"},"geometry":{"type":"Polygon","coordinates":[[[37.644832,48.31457],[37.645007,48.315526],[37.650061,48.315303],[37.650061,48.315304],[37.652531,48.315194],[37.652355,48.314238],[37.650232,48.314332],[37.644832,48.31457]]]}},{"type":"Feature","properties":{"cadnum":"1422485500:24:000:0033"},"geometry":{"type":"Polygon","coordinates":[[[37.648623,48.312774],[37.649,48.313375],[37.650232,48.313309],[37.650388,48.3133],[37.650698,48.312574],[37.650311,48.312559],[37.650101,48.312488],[37.648623,48.312774]]]}},{"type":"Feature","properties":{"cadnum":"1422485500:19:000:0055"},"geometry":{"type":"Polygon","coordinates":[[[37.644738,48.314059],[37.644832,48.31457],[37.650061,48.314339],[37.650061,48.31434],[37.652355,48.314238],[37.652279,48.31382],[37.651923,48.313742],[37.650232,48.313817],[37.644738,48.314059]]]}},{"type":"Feature","properties":{"cadnum":"1422485500:06:000:0018"},"geometry":{"type":"Polygon","coordinates":[[[37.706362,48.279878],[37.709025,48.28007],[37.709956,48.280138],[37.710485,48.280177],[37.710485,48.280178],[37.710596,48.280186],[37.710657,48.28019],[37.712623,48.280332],[37.714298,48.280452],[37.715973,48.280575],[37.716019,48.280362],[37.713351,48.280171],[37.710687,48.279979],[37.710593,48.279973],[37.710207,48.279946],[37.707539,48.279753],[37.706394,48.279672],[37.706362,48.279878]]]}},{"type":"Feature","properties":{"cadnum":"1422485500:39:000:0034"},"geometry":{"type":"Polygon","coordinates":[[[37.711841,48.381246],[37.71203,48.381261],[37.712543,48.380327],[37.712843,48.379318],[37.713144,48.378313],[37.713191,48.378161],[37.713207,48.378113],[37.712924,48.377985],[37.712886,48.378133],[37.712885,48.378133],[37.712862,48.378226],[37.712857,48.378247],[37.712857,48.378248],[37.712847,48.378287],[37.712511,48.379572],[37.71251,48.379572],[37.712224,48.379763],[37.711841,48.381246]]]}},{"type":"Feature","properties":{"cadnum":"1422485500:57:000:0002"},"geometry":{"type":"Polygon","coordinates":[[[37.680404,48.287892],[37.680926,48.287882],[37.681645,48.287321],[37.680571,48.287246],[37.680404,48.287892]]]}},{"type":"Feature","properties":{"cadnum":"1422485500:57:000:0001"},"geometry":{"type":"Polygon","coordinates":[[[37.679687,48.287901],[37.680404,48.287892],[37.680571,48.287246],[37.679835,48.287192],[37.679687,48.287901]]]}},{"type":"Feature","properties":{"cadnum":"1422485500:57:000:0027"},"geometry":{"type":"Polygon","coordinates":[[[37.67881,48.290207],[37.679039,48.290136],[37.679368,48.289906],[37.679678,48.289645],[37.679884,48.28946],[37.680104,48.28926],[37.68036,48.289086],[37.6808,48.288704],[37.679421,48.288695],[37.679322,48.288997],[37.67881,48.290207]]]}},{"type":"Feature","properties":{"cadnum":"1422485500:24:000:0062"},"geometry":{"type":"Polygon","coordinates":[[[37.665233,48.310301],[37.666712,48.310184],[37.668166,48.310068],[37.668988,48.309202],[37.668844,48.308909],[37.66654,48.308936],[37.665448,48.308948],[37.665233,48.310301]]]}},{"type":"Feature","properties":{"cadnum":"1422485500:16:000:0009"},"geometry":{"type":"Polygon","coordinates":[[[37.665906,48.313886],[37.66654,48.314022],[37.66654,48.314023],[37.666684,48.314053],[37.666712,48.313944],[37.666712,48.313943],[37.667097,48.312437],[37.667168,48.312162],[37.666814,48.312004],[37.666712,48.312215],[37.666614,48.312416],[37.665906,48.313886]]]}},{"type":"Feature","properties":{"cadnum":"1422485500:24:000:0086"},"geometry":{"type":"Polygon","coordinates":[[[37.66243,48.314695],[37.663912,48.315182],[37.664967,48.315472],[37.664058,48.316183],[37.664059,48.316183],[37.664028,48.316207],[37.664747,48.316914],[37.664917,48.316772],[37.66508,48.31614],[37.665246,48.315502],[37.665345,48.315054],[37.665906,48.313886],[37.666319,48.313031],[37.66656,48.31253],[37.666562,48.31253],[37.666814,48.312004],[37.666885,48.311857],[37.66654,48.311787],[37.665183,48.311508],[37.663894,48.311242],[37.663354,48.31253],[37.663171,48.312966],[37.66243,48.314695]]]}},{"type":"Feature","properties":{"cadnum":"1422485500:30:000:0017"},"geometry":{"type":"Polygon","coordinates":[[[37.663144,48.278605],[37.66654,48.279153],[37.666556,48.279155],[37.666712,48.279181],[37.666712,48.27918],[37.666944,48.279217],[37.667294,48.278237],[37.66751,48.277637],[37.66654,48.277481],[37.663714,48.277026],[37.663144,48.278605]]]}},{"type":"Feature","properties":{"cadnum":"1422485500:27:000:0045"},"geometry":{"type":"Polygon","coordinates":[[[37.620892,48.292311],[37.621278,48.293904],[37.621861,48.293847],[37.621471,48.29224],[37.620892,48.292311]]]}},{"type":"Feature","properties":{"cadnum":"1422485500:26:000:0035"},"geometry":{"type":"Polygon","coordinates":[[[37.618305,48.29122],[37.618632,48.292559],[37.622595,48.292035],[37.622595,48.292036],[37.623398,48.291928],[37.62307,48.290605],[37.622767,48.290645],[37.622766,48.290645],[37.622766,48.290644],[37.618305,48.29122]]]}},{"type":"Feature","properties":{"cadnum":"1422485500:27:000:0046"},"geometry":{"type":"Polygon","coordinates":[[[37.621471,48.29224],[37.621861,48.293847],[37.622014,48.293833],[37.62245,48.293791],[37.622064,48.292203],[37.621777,48.292201],[37.621471,48.29224]]]}},{"type":"Feature","properties":{"cadnum":"1422485500:27:000:0047"},"geometry":{"type":"Polygon","coordinates":[[[37.622064,48.292203],[37.62245,48.293791],[37.622595,48.293777],[37.622682,48.293768],[37.622766,48.29376],[37.622767,48.29376],[37.62285,48.293751],[37.623125,48.293727],[37.622756,48.292216],[37.622064,48.292203]]]}},{"type":"Feature","properties":{"cadnum":"1422485500:27:000:0044"},"geometry":{"type":"Polygon","coordinates":[[[37.620348,48.29238],[37.620729,48.293955],[37.621278,48.293904],[37.620892,48.292311],[37.620348,48.29238]]]}},{"type":"Feature","properties":{"cadnum":"1422485500:41:000:0006"},"geometry":{"type":"Polygon","coordinates":[[[37.728657,48.378531],[37.730284,48.37863],[37.730356,48.378247],[37.730357,48.378247],[37.731003,48.374849],[37.731061,48.374541],[37.73112,48.374229],[37.730127,48.374223],[37.729889,48.374107],[37.72975,48.374599],[37.729751,48.374599],[37.728735,48.378247],[37.728736,48.378247],[37.728736,48.378248],[37.728657,48.378531]]]}},{"type":"Feature","properties":{"cadnum":"1422485500:41:000:0007"},"geometry":{"type":"Polygon","coordinates":[[[37.727288,48.37845],[37.728657,48.378531],[37.728767,48.378133],[37.729783,48.374485],[37.729782,48.374485],[37.729782,48.374484],[37.729889,48.374107],[37.729498,48.373913],[37.729493,48.373734],[37.728631,48.373629],[37.72836,48.374599],[37.727376,48.378133],[37.727375,48.378133],[37.727288,48.37845]]]}},{"type":"Feature","properties":{"cadnum":"1422485500:35:000:0037"},"geometry":{"type":"Polygon","coordinates":[[[37.687488,48.385914],[37.687848,48.386982],[37.688513,48.386861],[37.688683,48.38683],[37.688684,48.38683],[37.688685,48.38683],[37.689065,48.386762],[37.688706,48.38569],[37.688605,48.385709],[37.687848,48.385849],[37.687488,48.385914]]]}},{"type":"Feature","properties":{"cadnum":"1422485500:35:000:0031"},"geometry":{"type":"Polygon","coordinates":[[[37.68663,48.387206],[37.686769,48.38762],[37.687947,48.387609],[37.688238,48.387605],[37.688684,48.387602],[37.688685,48.387602],[37.688939,48.3876],[37.688683,48.38683],[37.687848,48.386982],[37.687762,48.387],[37.68663,48.387206]]]}},{"type":"Feature","properties":{"cadnum":"1422485500:35:000:0028"},"geometry":{"type":"Polygon","coordinates":[[[37.68354,48.386636],[37.683882,48.387644],[37.684622,48.387638],[37.684915,48.387635],[37.684519,48.386457],[37.684263,48.386505],[37.68354,48.386636]]]}},{"type":"Feature","properties":{"cadnum":"1422485500:35:000:0005"},"geometry":{"type":"Polygon","coordinates":[[[37.685628,48.391409],[37.686393,48.391483],[37.687335,48.391579],[37.687877,48.389192],[37.688238,48.387605],[37.686769,48.38762],[37.686492,48.38762],[37.686132,48.389192],[37.686133,48.389192],[37.685628,48.391409]]]}},{"type":"Feature","properties":{"cadnum":"1422485500:35:000:0030"},"geometry":{"type":"Polygon","coordinates":[[[37.685422,48.386293],[37.685871,48.387626],[37.686492,48.38762],[37.686769,48.38762],[37.68663,48.387211],[37.68663,48.387206],[37.68627,48.386138],[37.685467,48.386284],[37.685422,48.386293]]]}},{"type":"Feature","properties":{"cadnum":"1422485500:35:000:0004"},"geometry":{"type":"Polygon","coordinates":[[[37.687335,48.391579],[37.688188,48.391665],[37.688513,48.391698],[37.688513,48.391699],[37.688975,48.391745],[37.689554,48.389192],[37.689555,48.389192],[37.689918,48.387593],[37.688939,48.3876],[37.688513,48.387603],[37.688238,48.387605],[37.687903,48.389078],[37.687335,48.391579]]]}},{"type":"Feature","properties":{"cadnum":"1422485500:35:000:0029"},"geometry":{"type":"Polygon","coordinates":[[[37.684519,48.386457],[37.684915,48.387635],[37.685871,48.387626],[37.685422,48.386293],[37.684519,48.386457]]]}},{"type":"Feature","properties":{"cadnum":"1422485500:35:000:0036"},"geometry":{"type":"Polygon","coordinates":[[[37.68627,48.386138],[37.68663,48.387206],[37.687762,48.387],[37.687848,48.386982],[37.687488,48.385914],[37.686643,48.38607],[37.68627,48.386138]]]}},{"type":"Feature","properties":{"cadnum":"1422485500:35:000:0006"},"geometry":{"type":"Polygon","coordinates":[[[37.683806,48.391223],[37.684586,48.391301],[37.685628,48.391409],[37.686159,48.389078],[37.686158,48.389078],[37.686492,48.38762],[37.685871,48.387626],[37.684915,48.387635],[37.684622,48.387638],[37.684294,48.389078],[37.683806,48.391223]]]}},{"type":"Feature","properties":{"cadnum":"1422485500:46:000:0032"},"geometry":{"type":"Polygon","coordinates":[[[37.731605,48.340527],[37.731789,48.340628],[37.732013,48.340709],[37.732103,48.340604],[37.732458,48.340569],[37.732458,48.34057],[37.732619,48.340554],[37.73263,48.340557],[37.733365,48.340766],[37.734227,48.34113],[37.73456,48.341354],[37.734875,48.3415],[37.734951,48.34108],[37.734888,48.340879],[37.734749,48.34081],[37.733194,48.340232],[37.73263,48.340029],[37.731847,48.339748],[37.731676,48.340292],[37.731605,48.340527]]]}},{"type":"Feature","properties":{"cadnum":"1422485500:47:000:0009"},"geometry":{"type":"Polygon","coordinates":[[[37.727265,48.343339],[37.72921,48.343501],[37.729549,48.341748],[37.729862,48.340139],[37.729695,48.340127],[37.728223,48.340004],[37.727917,48.33998],[37.727596,48.341634],[37.727595,48.341634],[37.727265,48.343339]]]}},{"type":"Feature","properties":{"cadnum":"1422485500:21:000:0014"},"geometry":{"type":"Polygon","coordinates":[[[37.622765,48.322745],[37.622779,48.322873],[37.622844,48.323489],[37.622845,48.323489],[37.62285,48.323531],[37.623491,48.323375],[37.628088,48.322256],[37.629453,48.321924],[37.629371,48.321141],[37.62826,48.321411],[37.622765,48.322745]]]}},{"type":"Feature","properties":{"cadnum":"1422485500:21:000:0013"},"geometry":{"type":"Polygon","coordinates":[[[37.62285,48.323531],[37.622863,48.323673],[37.622931,48.324319],[37.626349,48.323489],[37.62635,48.323489],[37.62826,48.323026],[37.62826,48.323025],[37.629538,48.322715],[37.629453,48.321924],[37.62826,48.322214],[37.623021,48.323489],[37.62285,48.323531]]]}},{"type":"Feature","properties":{"cadnum":"1422485500:21:000:0015"},"geometry":{"type":"Polygon","coordinates":[[[37.622683,48.321962],[37.622693,48.322061],[37.622765,48.322745],[37.628088,48.321453],[37.629371,48.321141],[37.629287,48.320355],[37.62826,48.320606],[37.622683,48.321962]]]}},{"type":"Feature","properties":{"cadnum":"1422485500:50:000:0016"},"geometry":{"type":"Polygon","coordinates":[[[37.686666,48.321488],[37.688513,48.322585],[37.690034,48.323489],[37.690205,48.32359],[37.690613,48.323375],[37.690613,48.323374],[37.692075,48.322601],[37.688685,48.320587],[37.688684,48.320587],[37.688014,48.320188],[37.686666,48.321488]]]}},{"type":"Feature","properties":{"cadnum":"1422485500:51:000:0044"},"geometry":{"type":"Polygon","coordinates":[[[37.683347,48.320305],[37.685517,48.320496],[37.68575,48.320379],[37.68575,48.32008],[37.683496,48.319881],[37.683347,48.320305]]]}},{"type":"Feature","properties":{"cadnum":"1422485500:51:000:0020"},"geometry":{"type":"Polygon","coordinates":[[[37.684695,48.321078],[37.685427,48.32135],[37.686266,48.321658],[37.686572,48.321371],[37.686855,48.321102],[37.685808,48.320401],[37.685431,48.320594],[37.684951,48.320846],[37.684695,48.321078]]]}},{"type":"Feature","properties":{"cadnum":"1422485500:51:000:0019"},"geometry":{"type":"Polygon","coordinates":[[[37.683679,48.321867],[37.684528,48.32218],[37.685427,48.32135],[37.684695,48.321078],[37.684232,48.321496],[37.684232,48.321497],[37.683859,48.321663],[37.683679,48.321867]],[[37.684353,48.322048],[37.683989,48.32187],[37.684326,48.321628],[37.684622,48.321786],[37.684353,48.322048]]]}},{"type":"Feature","properties":{"cadnum":"1422485500:50:000:0017"},"geometry":{"type":"Polygon","coordinates":[[[37.685566,48.322551],[37.686284,48.323489],[37.687471,48.325038],[37.688513,48.324487],[37.688655,48.324412],[37.688684,48.324396],[37.688685,48.324396],[37.690205,48.32359],[37.689842,48.323375],[37.689841,48.323375],[37.688685,48.322687],[37.688684,48.322687],[37.686666,48.321488],[37.685566,48.322551]]]}},{"type":"Feature","properties":{"cadnum":"1422485500:15:002:0112"},"geometry":{"type":"Polygon","coordinates":[[[37.684565,48.323423],[37.684646,48.323489],[37.684647,48.323489],[37.684865,48.323664],[37.685112,48.323527],[37.685002,48.323444],[37.684888,48.323357],[37.684811,48.323301],[37.684662,48.323375],[37.684661,48.323375],[37.684565,48.323423]]]}},{"type":"Feature","properties":{"cadnum":"1422485500:05:000:0002"},"geometry":{"type":"Polygon","coordinates":[[[37.64044,48.338485],[37.640547,48.339518],[37.644739,48.338988],[37.647967,48.33858],[37.647246,48.337983],[37.647245,48.337983],[37.646876,48.337676],[37.644567,48.337967],[37.644439,48.337983],[37.644433,48.337983],[37.64044,48.338485]]]}},{"type":"Feature","properties":{"cadnum":"1422485500:05:000:0004"},"geometry":{"type":"Polygon","coordinates":[[[37.640197,48.336234],[37.640318,48.337332],[37.640377,48.337323],[37.641364,48.337201],[37.644739,48.336775],[37.644739,48.336774],[37.646893,48.336502],[37.646323,48.335463],[37.644739,48.335664],[37.644739,48.335663],[37.641229,48.336105],[37.640241,48.336231],[37.640197,48.336234]]]}},{"type":"Feature","properties":{"cadnum":"1422485500:05:000:0005"},"geometry":{"type":"Polygon","coordinates":[[[37.640084,48.335171],[37.640197,48.336234],[37.640241,48.336231],[37.641229,48.336105],[37.644567,48.335685],[37.646323,48.335463],[37.645766,48.334454],[37.644567,48.334606],[37.641099,48.335042],[37.640111,48.335167],[37.640084,48.335171]]]}},{"type":"Feature","properties":{"cadnum":"1422485500:05:000:0003"},"geometry":{"type":"Polygon","coordinates":[[[37.640318,48.337332],[37.640386,48.337983],[37.64039,48.338022],[37.640398,48.338097],[37.64044,48.338485],[37.643525,48.338097],[37.644739,48.337945],[37.646876,48.337676],[37.64617,48.33709],[37.64701,48.336711],[37.646893,48.336502],[37.644739,48.336774],[37.640318,48.337332]],[[37.640484,48.337389],[37.640753,48.337389],[37.640749,48.337616],[37.64048,48.337613],[37.640484,48.337389]]]}},{"type":"Feature","properties":{"cadnum":"1422485500:56:000:0023"},"geometry":{"type":"Polygon","coordinates":[[[37.687838,48.288151],[37.688513,48.288006],[37.688513,48.288007],[37.691849,48.287288],[37.691853,48.287261],[37.691937,48.286836],[37.691936,48.286836],[37.691976,48.286639],[37.691989,48.286567],[37.690739,48.286836],[37.689029,48.287204],[37.688513,48.287597],[37.688072,48.287933],[37.687838,48.288151]]]}},{"type":"Feature","properties":{"cadnum":"1422485500:56:000:0018"},"geometry":{"type":"Polygon","coordinates":[[[37.686626,48.290444],[37.686627,48.290491],[37.686626,48.290491],[37.686635,48.290951],[37.688684,48.290511],[37.688684,48.29051],[37.688685,48.29051],[37.691337,48.289939],[37.691373,48.289744],[37.69144,48.289407],[37.688513,48.290038],[37.686626,48.290444]]]}},{"type":"Feature","properties":{"cadnum":"1422485500:56:000:0019"},"geometry":{"type":"Polygon","coordinates":[[[37.686616,48.289948],[37.686626,48.290444],[37.688684,48.290001],[37.688685,48.290001],[37.69144,48.289407],[37.691494,48.289122],[37.69154,48.288889],[37.688685,48.289504],[37.688684,48.289504],[37.688684,48.289503],[37.686616,48.289948]]]}},{"type":"Feature","properties":{"cadnum":"1422485500:56:000:0020"},"geometry":{"type":"Polygon","coordinates":[[[37.686612,48.28946],[37.686616,48.289948],[37.688513,48.28954],[37.688513,48.289541],[37.69154,48.288889],[37.691616,48.288501],[37.691639,48.288382],[37.688513,48.289053],[37.686612,48.28946]]]}},{"type":"Feature","properties":{"cadnum":"1422485500:56:000:0021"},"geometry":{"type":"Polygon","coordinates":[[[37.686608,48.289278],[37.686612,48.28946],[37.688684,48.289016],[37.688685,48.289016],[37.691639,48.288382],[37.691733,48.287882],[37.691737,48.287868],[37.688685,48.288526],[37.688684,48.288526],[37.688684,48.288525],[37.687048,48.288878],[37.686608,48.289278]]]}},{"type":"Feature","properties":{"cadnum":"1422485500:56:000:0022"},"geometry":{"type":"Polygon","coordinates":[[[37.687048,48.288878],[37.688513,48.288562],[37.688513,48.288563],[37.691737,48.287868],[37.691849,48.287288],[37.688685,48.28797],[37.688684,48.28797],[37.688684,48.287969],[37.687838,48.288151],[37.687834,48.288151],[37.687048,48.288878]]]}},{"type":"Feature","properties":{"cadnum":"1422485500:57:000:0032"},"geometry":{"type":"Polygon","coordinates":[[[37.679848,48.293133],[37.680993,48.293713],[37.681609,48.293348],[37.682094,48.293062],[37.683019,48.292193],[37.68302,48.292193],[37.683657,48.291594],[37.684857,48.290491],[37.685242,48.290139],[37.686599,48.288856],[37.686962,48.288193],[37.685517,48.287712],[37.684488,48.288874],[37.683406,48.290094],[37.683261,48.290491],[37.683221,48.290602],[37.683217,48.290605],[37.683218,48.290605],[37.683092,48.290748],[37.682202,48.291755],[37.681186,48.292347],[37.680468,48.292768],[37.679848,48.293133]]]}},{"type":"Feature","properties":{"cadnum":"1422485500:56:000:0080"},"geometry":{"type":"Polygon","coordinates":[[[37.679835,48.29481],[37.679915,48.294923],[37.680337,48.295025],[37.680997,48.295341],[37.681308,48.295554],[37.681645,48.295945],[37.682121,48.296184],[37.682615,48.296292],[37.68302,48.296249],[37.68302,48.29625],[37.683437,48.296205],[37.68531,48.295846],[37.686047,48.295688],[37.686716,48.295554],[37.686702,48.294911],[37.686693,48.294292],[37.68669,48.294146],[37.686685,48.293695],[37.686675,48.293115],[37.686662,48.29255],[37.686653,48.292003],[37.686643,48.291472],[37.686635,48.290951],[37.686628,48.290605],[37.686629,48.290605],[37.686626,48.290444],[37.686616,48.289948],[37.686612,48.28946],[37.686608,48.289278],[37.686603,48.288997],[37.685041,48.290462],[37.685008,48.290491],[37.685007,48.290491],[37.684887,48.2906],[37.684881,48.290605],[37.683441,48.291911],[37.683191,48.292145],[37.682116,48.293157],[37.681695,48.29347],[37.681232,48.293764],[37.680423,48.29426],[37.680176,48.294412],[37.679852,48.294696],[37.679835,48.29481]],[[37.685112,48.295518],[37.685112,48.295473],[37.68518,48.295473],[37.68518,48.295518],[37.685112,48.295518]],[[37.683284,48.294595],[37.683284,48.294594],[37.683284,48.294549],[37.683351,48.294549],[37.683351,48.294594],[37.683351,48.294595],[37.683284,48.294595]]]}},{"type":"Feature","properties":{"cadnum":"1422485500:27:000:0075"},"geometry":{"type":"Polygon","coordinates":[[[37.622792,48.289407],[37.623021,48.290336],[37.623353,48.290324],[37.62457,48.290279],[37.62826,48.29014],[37.63084,48.290043],[37.630809,48.289948],[37.630526,48.289131],[37.62826,48.289212],[37.624314,48.289352],[37.623106,48.289394],[37.622792,48.289407]],[[37.623807,48.290163],[37.623991,48.290141],[37.624027,48.290267],[37.623838,48.290288],[37.623807,48.290163]]]}},{"type":"Feature","properties":{"cadnum":"1422485500:24:000:0003"},"geometry":{"type":"Polygon","coordinates":[[[37.642614,48.30608],[37.644567,48.306139],[37.644567,48.30614],[37.649239,48.30628],[37.649239,48.305303],[37.646568,48.305223],[37.646576,48.305223],[37.644739,48.305168],[37.644739,48.305167],[37.642614,48.305103],[37.642614,48.30608]]]}},{"type":"Feature","properties":{"cadnum":"1422485500:24:000:0002"},"geometry":{"type":"Polygon","coordinates":[[[37.642614,48.305103],[37.644567,48.305161],[37.644567,48.305162],[37.644567,48.305163],[37.649239,48.305303],[37.649239,48.304658],[37.649243,48.30435],[37.644567,48.304209],[37.642618,48.30415],[37.642614,48.305103]]]}},{"type":"Feature","properties":{"cadnum":"1422485500:23:000:0015"},"geometry":{"type":"Polygon","coordinates":[[[37.64104,48.307761],[37.642541,48.308013],[37.642546,48.305223],[37.64255,48.303206],[37.64105,48.303334],[37.641046,48.305108],[37.641046,48.305109],[37.64104,48.307761]]]}},{"type":"Feature","properties":{"cadnum":"1422485500:24:000:0001"},"geometry":{"type":"Polygon","coordinates":[[[37.642618,48.30415],[37.644739,48.304215],[37.644739,48.304214],[37.649243,48.30435],[37.649243,48.303403],[37.644567,48.30326],[37.642618,48.303199],[37.642618,48.30415]]]}},{"type":"Feature","properties":{"cadnum":"1422485500:35:000:0053"},"geometry":{"type":"Polygon","coordinates":[[[37.691477,48.383528],[37.692136,48.385061],[37.692362,48.385019],[37.693188,48.384867],[37.692528,48.383328],[37.691477,48.383528]]]}},{"type":"Feature","properties":{"cadnum":"1422485500:35:000:0038"},"geometry":{"type":"Polygon","coordinates":[[[37.688706,48.38569],[37.689065,48.386762],[37.690134,48.386565],[37.690287,48.386537],[37.689928,48.385467],[37.689505,48.385544],[37.688953,48.385646],[37.688706,48.38569]]]}},{"type":"Feature","properties":{"cadnum":"1422485500:35:000:0054"},"geometry":{"type":"Polygon","coordinates":[[[37.692528,48.383328],[37.693188,48.384867],[37.693897,48.384739],[37.694073,48.383032],[37.692528,48.383328]]]}},{"type":"Feature","properties":{"cadnum":"1422485500:35:000:0051"},"geometry":{"type":"Polygon","coordinates":[[[37.689375,48.38393],[37.690031,48.385449],[37.69109,48.385252],[37.690435,48.383728],[37.690295,48.383755],[37.689532,48.383901],[37.689375,48.38393]]]}},{"type":"Feature","properties":{"cadnum":"1422485500:35:000:0052"},"geometry":{"type":"Polygon","coordinates":[[[37.690435,48.383728],[37.69109,48.385252],[37.691144,48.385243],[37.692136,48.385061],[37.691477,48.383528],[37.690435,48.383728]]]}},{"type":"Feature","properties":{"cadnum":"1422485500:35:000:0040"},"geometry":{"type":"Polygon","coordinates":[[[37.691144,48.385243],[37.691206,48.38543],[37.691503,48.386314],[37.692289,48.386171],[37.692721,48.38609],[37.692537,48.385544],[37.692362,48.38502],[37.692362,48.385019],[37.692136,48.385061],[37.691144,48.385243]]]}},{"type":"Feature","properties":{"cadnum":"1422485500:37:000:0024"},"geometry":{"type":"Polygon","coordinates":[[[37.689928,48.385467],[37.689953,48.385544],[37.689954,48.385544],[37.690287,48.386537],[37.691293,48.386353],[37.691503,48.386314],[37.691244,48.385544],[37.691245,48.385544],[37.691144,48.385243],[37.69109,48.385252],[37.690132,48.38543],[37.690049,48.385446],[37.690031,48.385449],[37.689928,48.385467]]]}},{"type":"Feature","properties":{"cadnum":"1422485500:12:000:0016"},"geometry":{"type":"Polygon","coordinates":[[[37.725545,48.32735],[37.727137,48.327507],[37.730693,48.327854],[37.730864,48.327027],[37.730863,48.327027],[37.730953,48.326592],[37.726965,48.326202],[37.725824,48.32609],[37.725593,48.327141],[37.725594,48.327141],[37.72555,48.327341],[37.725545,48.32735]]]}},{"type":"Feature","properties":{"cadnum":"1422485500:12:000:0014"},"geometry":{"type":"Polygon","coordinates":[[[37.726103,48.324824],[37.727137,48.324925],[37.731218,48.325326],[37.731487,48.324056],[37.726965,48.323614],[37.726386,48.323557],[37.726107,48.324808],[37.726103,48.324824]]]}},{"type":"Feature","properties":{"cadnum":"1422485500:12:000:0015"},"geometry":{"type":"Polygon","coordinates":[[[37.725824,48.32609],[37.727137,48.326219],[37.730953,48.326592],[37.731218,48.325326],[37.726965,48.324908],[37.726103,48.324824],[37.725828,48.326075],[37.725824,48.32609]]]}},{"type":"Feature","properties":{"cadnum":"1422485500:24:003:0057"},"geometry":{"type":"Polygon","coordinates":[[[37.656173,48.299106],[37.656541,48.299255],[37.656797,48.2989],[37.656456,48.298772],[37.656173,48.299106]]]}},{"type":"Feature","properties":{"cadnum":"1422485500:24:002:0068"},"geometry":{"type":"Polygon","coordinates":[[[37.660611,48.30092],[37.660885,48.301031],[37.661047,48.300858],[37.661064,48.300839],[37.661219,48.300672],[37.661235,48.300654],[37.661644,48.300212],[37.661378,48.300107],[37.661219,48.300276],[37.660965,48.300544],[37.660804,48.300717],[37.660611,48.30092]]]}},{"type":"Feature","properties":{"cadnum":"1422485500:24:003:0004"},"geometry":{"type":"Polygon","coordinates":[[[37.655809,48.298225],[37.656223,48.298389],[37.656361,48.29824],[37.655935,48.298072],[37.655809,48.298225]]]}},{"type":"Feature","properties":{"cadnum":"1422485500:24:003:0064"},"geometry":{"type":"Polygon","coordinates":[[[37.658051,48.298963],[37.658378,48.299104],[37.6585,48.298965],[37.658162,48.298832],[37.658051,48.298963]]]}},{"type":"Feature","properties":{"cadnum":"1422485500:24:003:0063"},"geometry":{"type":"Polygon","coordinates":[[[37.657472,48.299618],[37.657812,48.299764],[37.658378,48.299104],[37.658051,48.298963],[37.657472,48.299618]]]}},{"type":"Feature","properties":{"cadnum":"1422485500:24:002:0066"},"geometry":{"type":"Polygon","coordinates":[[[37.659501,48.301688],[37.659856,48.301813],[37.660213,48.301459],[37.660439,48.301234],[37.660022,48.301084],[37.659603,48.301569],[37.659501,48.301688]]]}},{"type":"Feature","properties":{"cadnum":"1422485500:24:003:0065"},"geometry":{"type":"Polygon","coordinates":[[[37.656789,48.299346],[37.657152,48.299483],[37.657705,48.298856],[37.65734,48.298718],[37.656789,48.299346]]]}},{"type":"Feature","properties":{"cadnum":"1422485500:24:000:0085"},"geometry":{"type":"Polygon","coordinates":[[[37.655845,48.302214],[37.656451,48.302946],[37.658042,48.30348],[37.659057,48.302635],[37.658154,48.302025],[37.657722,48.30184],[37.656804,48.301497],[37.656802,48.301496],[37.656706,48.301569],[37.655845,48.302214]]]}},{"type":"Feature","properties":{"cadnum":"1422485500:24:002:0070"},"geometry":{"type":"Polygon","coordinates":[[[37.660885,48.301031],[37.661047,48.301093],[37.661199,48.30115],[37.661219,48.301124],[37.661887,48.300263],[37.661675,48.300179],[37.661047,48.300856],[37.660885,48.301031]]]}},{"type":"Feature","properties":{"cadnum":"1422485500:24:002:0063"},"geometry":{"type":"Polygon","coordinates":[[[37.656541,48.299255],[37.656747,48.299352],[37.656829,48.299387],[37.656873,48.299412],[37.657309,48.298801],[37.656977,48.298646],[37.656797,48.2989],[37.656541,48.299255]]]}},{"type":"Feature","properties":{"cadnum":"1422485500:24:002:0043"},"geometry":{"type":"Polygon","coordinates":[[[37.656298,48.30069],[37.656527,48.300785],[37.657327,48.300006],[37.657099,48.29991],[37.656298,48.30069]]]}},{"type":"Feature","properties":{"cadnum":"1422485500:24:002:0059"},"geometry":{"type":"Polygon","coordinates":[[[37.655904,48.300729],[37.656147,48.300836],[37.656298,48.30069],[37.657099,48.29991],[37.656887,48.29982],[37.655904,48.300729]]]}},{"type":"Feature","properties":{"cadnum":"1422485500:24:002:0071"},"geometry":{"type":"Polygon","coordinates":[[[37.655688,48.298954],[37.655988,48.299076],[37.656294,48.29875],[37.656676,48.298336],[37.65638,48.298219],[37.656361,48.29824],[37.656223,48.298389],[37.655688,48.298954]]]}},{"type":"Feature","properties":{"cadnum":"1422485500:53:000:0016"},"geometry":{"type":"Polygon","coordinates":[[[37.67489,48.307469],[37.675487,48.307672],[37.676915,48.307615],[37.677526,48.3075],[37.677526,48.307501],[37.678869,48.307248],[37.678666,48.306893],[37.677813,48.307072],[37.677663,48.307101],[37.676313,48.307358],[37.675976,48.307394],[37.67489,48.307469]]]}},{"type":"Feature","properties":{"cadnum":"1422485500:52:000:0025"},"geometry":{"type":"Polygon","coordinates":[[[37.67833,48.308201],[37.67899,48.308222],[37.679336,48.308201],[37.680144,48.30818],[37.680616,48.308219],[37.681978,48.308201],[37.682871,48.30815],[37.68302,48.308169],[37.68314,48.308183],[37.683191,48.308182],[37.684573,48.308141],[37.684569,48.307986],[37.683191,48.308012],[37.682633,48.308022],[37.681083,48.30804],[37.679597,48.308051],[37.678334,48.308055],[37.67833,48.308201]]]}},{"type":"Feature","properties":{"cadnum":"1422485500:53:000:0015"},"geometry":{"type":"Polygon","coordinates":[[[37.675487,48.307672],[37.676502,48.307858],[37.677337,48.307932],[37.677526,48.307935],[37.678383,48.30795],[37.683191,48.307873],[37.685027,48.307843],[37.685108,48.305644],[37.684748,48.305885],[37.684748,48.305886],[37.683899,48.306083],[37.683567,48.30616],[37.68302,48.306233],[37.68302,48.306234],[37.681793,48.306397],[37.681433,48.306486],[37.680154,48.306902],[37.678869,48.307248],[37.677698,48.307469],[37.677698,48.307468],[37.676915,48.307615],[37.675487,48.307672]]]}},{"type":"Feature","properties":{"cadnum":"1422485500:52:000:0003"},"geometry":{"type":"Polygon","coordinates":[[[37.679053,48.313826],[37.679691,48.313802],[37.680643,48.313763],[37.680822,48.31253],[37.680823,48.31253],[37.681355,48.308877],[37.681355,48.308876],[37.681438,48.308308],[37.679852,48.308372],[37.679777,48.308876],[37.679778,48.308876],[37.679778,48.308877],[37.679242,48.31253],[37.679053,48.313826]]]}},{"type":"Feature","properties":{"cadnum":"1422485500:52:000:0002"},"geometry":{"type":"Polygon","coordinates":[[[37.680643,48.313763],[37.681793,48.313719],[37.682291,48.313701],[37.682461,48.31253],[37.682462,48.31253],[37.682994,48.308877],[37.682994,48.308876],[37.683087,48.308243],[37.681438,48.308308],[37.681372,48.308762],[37.681371,48.308762],[37.68084,48.312416],[37.680839,48.312416],[37.680643,48.313763]]]}},{"type":"Feature","properties":{"cadnum":"1422485500:52:000:0001"},"geometry":{"type":"Polygon","coordinates":[[[37.682291,48.313701],[37.68302,48.313672],[37.68416,48.313626],[37.684245,48.31253],[37.68454,48.308762],[37.684586,48.308186],[37.683087,48.308243],[37.683011,48.308762],[37.68301,48.308762],[37.682478,48.312416],[37.682291,48.313701]]]}},{"type":"Feature","properties":{"cadnum":"1422485500:33:000:0034"},"geometry":{"type":"Polygon","coordinates":[[[37.678919,48.275194],[37.681955,48.275502],[37.682049,48.275018],[37.679169,48.274575],[37.679085,48.274781],[37.678919,48.275194]]]}},{"type":"Feature","properties":{"cadnum":"1422485500:54:000:0016"},"geometry":{"type":"Polygon","coordinates":[[[37.681227,48.280413],[37.681272,48.280449],[37.681743,48.280515],[37.682678,48.280577],[37.683191,48.280649],[37.683191,48.280648],[37.683396,48.280676],[37.683752,48.280712],[37.685198,48.28064],[37.685458,48.280628],[37.685287,48.27972],[37.68522,48.279525],[37.685077,48.279107],[37.685494,48.278261],[37.685844,48.277657],[37.686064,48.276988],[37.686226,48.276423],[37.686299,48.275986],[37.686299,48.275454],[37.686289,48.275194],[37.68627,48.275012],[37.685611,48.274954],[37.684645,48.274991],[37.683023,48.274951],[37.682471,48.274937],[37.682404,48.274931],[37.682211,48.274907],[37.682165,48.275167],[37.682089,48.27555],[37.682043,48.275869],[37.682039,48.2759],[37.682027,48.275984],[37.682028,48.275984],[37.682018,48.276055],[37.681762,48.277478],[37.681465,48.27911],[37.681367,48.279639],[37.681368,48.279639],[37.681227,48.280413]]]}},{"type":"Feature","properties":{"cadnum":"1422485500:33:000:0032"},"geometry":{"type":"Polygon","coordinates":[[[37.678106,48.277197],[37.681555,48.277546],[37.681882,48.275869],[37.681955,48.275502],[37.678919,48.275194],[37.678597,48.275984],[37.678569,48.276055],[37.678253,48.276829],[37.678106,48.277197]]]}},{"type":"Feature","properties":{"cadnum":"1422485500:54:000:0017"},"geometry":{"type":"Polygon","coordinates":[[[37.681007,48.280347],[37.681227,48.280413],[37.681388,48.279525],[37.681387,48.279525],[37.68155,48.278637],[37.681874,48.276862],[37.681986,48.276231],[37.682012,48.275984],[37.682098,48.275194],[37.682022,48.275158],[37.681955,48.275502],[37.681881,48.275869],[37.681876,48.275893],[37.681858,48.275984],[37.681859,48.275984],[37.681752,48.276524],[37.681555,48.277546],[37.681357,48.278554],[37.681167,48.279525],[37.681166,48.279525],[37.68116,48.279561],[37.681143,48.279639],[37.681144,48.279639],[37.681007,48.280347]]]}},{"type":"Feature","properties":{"cadnum":"1422485500:54:000:0004"},"geometry":{"type":"Polygon","coordinates":[[[37.679259,48.273807],[37.679269,48.274515],[37.681874,48.274862],[37.681869,48.273804],[37.679259,48.273807]]]}},{"type":"Feature","properties":{"cadnum":"1422485500:54:000:0005"},"geometry":{"type":"Polygon","coordinates":[[[37.679255,48.272925],[37.679259,48.273807],[37.681869,48.273804],[37.681869,48.272922],[37.679255,48.272925]]]}},{"type":"Feature","properties":{"cadnum":"1422485500:26:000:0027"},"geometry":{"type":"Polygon","coordinates":[[[37.615974,48.281656],[37.616324,48.2831],[37.617273,48.282975],[37.617273,48.282974],[37.621062,48.282469],[37.620712,48.281044],[37.617273,48.281489],[37.615974,48.281656]]]}},{"type":"Feature","properties":{"cadnum":"1422485500:26:000:0026"},"geometry":{"type":"Polygon","coordinates":[[[37.615565,48.279988],[37.615974,48.281656],[37.617102,48.281512],[37.620712,48.281047],[37.620363,48.279634],[37.620299,48.279367],[37.619095,48.279525],[37.619013,48.279536],[37.618224,48.279639],[37.618225,48.279639],[37.618225,48.27964],[37.617273,48.279765],[37.617273,48.279764],[37.615565,48.279988]]]}},{"type":"Feature","properties":{"cadnum":"1422485500:26:000:0028"},"geometry":{"type":"Polygon","coordinates":[[[37.616324,48.2831],[37.616343,48.283181],[37.61666,48.284487],[37.617273,48.284407],[37.617273,48.284406],[37.621408,48.283859],[37.621239,48.283181],[37.621062,48.282469],[37.617102,48.282997],[37.616324,48.2831]]]}},{"type":"Feature","properties":{"cadnum":"1422485500:16:000:0010"},"geometry":{"type":"Polygon","coordinates":[[[37.66525,48.328998],[37.665422,48.330793],[37.665426,48.330826],[37.666189,48.330679],[37.66654,48.330611],[37.66654,48.330612],[37.666837,48.330554],[37.666651,48.328726],[37.66525,48.328998]]]}},{"type":"Feature","properties":{"cadnum":"1422485500:08:000:0075"},"geometry":{"type":"Polygon","coordinates":[[[37.663076,48.32996],[37.663143,48.330679],[37.663146,48.330705],[37.663154,48.330793],[37.663193,48.331194],[37.664451,48.331555],[37.665223,48.331537],[37.665144,48.330679],[37.665143,48.330679],[37.66507,48.329877],[37.663076,48.32996]]]}},{"type":"Feature","properties":{"cadnum":"1422485500:16:000:0023"},"geometry":{"type":"Polygon","coordinates":[[[37.665129,48.327661],[37.66525,48.328998],[37.66654,48.328748],[37.66654,48.328749],[37.666651,48.328726],[37.666712,48.328715],[37.667133,48.328634],[37.666814,48.327335],[37.66654,48.327388],[37.665129,48.327661]]]}},{"type":"Feature","properties":{"cadnum":"1422485500:22:000:0021"},"geometry":{"type":"Polygon","coordinates":[[[37.618458,48.310263],[37.618867,48.310797],[37.618987,48.310961],[37.622766,48.310189],[37.622767,48.310189],[37.627247,48.309273],[37.62685,48.308811],[37.626744,48.308688],[37.626354,48.308762],[37.625862,48.308856],[37.625753,48.308876],[37.622595,48.309477],[37.618458,48.310263]]]}},{"type":"Feature","properties":{"cadnum":"1422485500:22:000:0020"},"geometry":{"type":"Polygon","coordinates":[[[37.618987,48.310961],[37.619306,48.311379],[37.619473,48.311603],[37.622766,48.310931],[37.622766,48.31093],[37.622767,48.31093],[37.627786,48.309904],[37.627247,48.309273],[37.622595,48.310224],[37.618987,48.310961]]]}},{"type":"Feature","properties":{"cadnum":"1422485500:45:000:0010"},"geometry":{"type":"Polygon","coordinates":[[[37.73146,48.360431],[37.732382,48.360476],[37.732443,48.360001],[37.732458,48.35989],[37.732458,48.359891],[37.732622,48.358633],[37.73263,48.358577],[37.732921,48.356348],[37.732458,48.356335],[37.73191,48.356318],[37.731506,48.360001],[37.731507,48.360001],[37.73146,48.360431]]]}},{"type":"Feature","properties":{"cadnum":"1422485500:36:000:0013"},"geometry":{"type":"Polygon","coordinates":[[[37.682924,48.377865],[37.68302,48.377875],[37.68313,48.377886],[37.683191,48.377892],[37.684842,48.378053],[37.685624,48.374485],[37.685624,48.374484],[37.685733,48.373993],[37.683814,48.373805],[37.683639,48.374599],[37.68364,48.374599],[37.683141,48.376876],[37.682924,48.377865]]]}},{"type":"Feature","properties":{"cadnum":"1422485500:37:000:0010"},"geometry":{"type":"Polygon","coordinates":[[[37.687421,48.375664],[37.688684,48.375787],[37.688685,48.375787],[37.691953,48.376102],[37.692169,48.375115],[37.692295,48.37453],[37.692253,48.374527],[37.692245,48.374527],[37.69174,48.374485],[37.691739,48.374485],[37.688685,48.374231],[37.688684,48.374231],[37.68774,48.374151],[37.687669,48.374485],[37.687658,48.374539],[37.687645,48.374599],[37.687421,48.375664]]]}},{"type":"Feature","properties":{"cadnum":"1422485500:36:000:0012"},"geometry":{"type":"Polygon","coordinates":[[[37.684842,48.378053],[37.685671,48.378133],[37.686601,48.378223],[37.686639,48.378227],[37.687432,48.374599],[37.687433,48.374599],[37.687528,48.374166],[37.685733,48.373993],[37.685599,48.374599],[37.684842,48.378053]]]}},{"type":"Feature","properties":{"cadnum":"1422485500:51:000:0016"},"geometry":{"type":"Polygon","coordinates":[[[37.685651,48.313121],[37.686507,48.312416],[37.686506,48.312416],[37.687492,48.311603],[37.687712,48.308762],[37.687762,48.308126],[37.686042,48.308159],[37.685985,48.308876],[37.685985,48.308877],[37.685696,48.31253],[37.685697,48.31253],[37.685651,48.313121]]]}},{"type":"Feature","properties":{"cadnum":"1422485500:01:000:0003"},"geometry":{"type":"Polygon","coordinates":[[[37.686437,48.307827],[37.688513,48.307813],[37.688513,48.307814],[37.69039,48.307801],[37.690587,48.306463],[37.690655,48.30605],[37.688513,48.305943],[37.688513,48.305944],[37.68668,48.305852],[37.686437,48.307827]]]}},{"type":"Feature","properties":{"cadnum":"1422485500:51:000:0054"},"geometry":{"type":"Polygon","coordinates":[[[37.684672,48.308147],[37.686042,48.308159],[37.687762,48.308126],[37.688684,48.30811],[37.688685,48.30811],[37.689366,48.308097],[37.69097,48.308066],[37.692541,48.30815],[37.694006,48.308259],[37.695205,48.308347],[37.6975,48.308518],[37.69754,48.308389],[37.694872,48.308192],[37.694006,48.308127],[37.694006,48.308128],[37.692559,48.308018],[37.690974,48.307923],[37.689339,48.307909],[37.688513,48.307923],[37.687767,48.307935],[37.686037,48.307974],[37.684695,48.307977],[37.684672,48.308147]]]}},{"type":"Feature","properties":{"cadnum":"1422485500:51:000:0017"},"geometry":{"type":"Polygon","coordinates":[[[37.684097,48.314403],[37.685651,48.313121],[37.685706,48.312416],[37.685994,48.308762],[37.686042,48.308159],[37.684586,48.308186],[37.684531,48.308876],[37.684531,48.308877],[37.684243,48.31253],[37.684097,48.314403]]]}},{"type":"Feature","properties":{"cadnum":"1422485500:18:000:0020"},"geometry":{"type":"Polygon","coordinates":[[[37.644006,48.320633],[37.644113,48.321368],[37.644199,48.321353],[37.644739,48.321332],[37.645182,48.321315],[37.646314,48.321269],[37.646233,48.320693],[37.644719,48.320418],[37.644612,48.320448],[37.644006,48.320633]]]}},{"type":"Feature","properties":{"cadnum":"1422485500:18:000:0041"},"geometry":{"type":"Polygon","coordinates":[[[37.642864,48.321786],[37.643529,48.322745],[37.644567,48.322848],[37.644611,48.322852],[37.644739,48.322864],[37.646107,48.322999],[37.64507,48.321499],[37.644739,48.321513],[37.644243,48.321532],[37.644006,48.321574],[37.642864,48.321786]]]}},{"type":"Feature","properties":{"cadnum":"1422485500:18:000:0035"},"geometry":{"type":"Polygon","coordinates":[[[37.642034,48.321939],[37.642924,48.323374],[37.642924,48.323375],[37.642923,48.323375],[37.643048,48.323575],[37.643201,48.323557],[37.643996,48.323465],[37.644023,48.323462],[37.644023,48.323461],[37.643529,48.322745],[37.642864,48.321786],[37.642034,48.321939]]]}},{"type":"Feature","properties":{"cadnum":"1422485500:18:000:0034"},"geometry":{"type":"Polygon","coordinates":[[[37.64117,48.322097],[37.642033,48.323489],[37.642034,48.323489],[37.642151,48.323677],[37.64264,48.32362],[37.643048,48.323575],[37.642994,48.323489],[37.642034,48.321939],[37.64117,48.322097]]]}},{"type":"Feature","properties":{"cadnum":"1422485500:18:000:0019"},"geometry":{"type":"Polygon","coordinates":[[[37.641921,48.321266],[37.642231,48.32172],[37.644113,48.321368],[37.644006,48.320633],[37.641921,48.321266]]]}},{"type":"Feature","properties":{"cadnum":"1422485500:11:000:0044"},"geometry":{"type":"Polygon","coordinates":[[[37.704386,48.266048],[37.705164,48.266117],[37.7077,48.266341],[37.707857,48.265977],[37.707996,48.265639],[37.704992,48.265371],[37.704683,48.265343],[37.704682,48.265343],[37.704386,48.266048]]]}},{"type":"Feature","properties":{"cadnum":"1422485500:11:000:0041"},"geometry":{"type":"Polygon","coordinates":[[[37.703492,48.26816],[37.704992,48.268293],[37.706767,48.26845],[37.706807,48.268452],[37.707107,48.26775],[37.705164,48.267579],[37.705164,48.267578],[37.703788,48.267457],[37.703492,48.26816]]]}},{"type":"Feature","properties":{"cadnum":"1422485500:11:000:0036"},"geometry":{"type":"Polygon","coordinates":[[[37.701151,48.26792],[37.703492,48.26816],[37.703788,48.267457],[37.70391,48.267167],[37.70157,48.266928],[37.70157,48.26693],[37.701151,48.26792]]]}},{"type":"Feature","properties":{"cadnum":"1422485500:11:000:0037"},"geometry":{"type":"Polygon","coordinates":[[[37.70157,48.266928],[37.70391,48.267167],[37.70409,48.266751],[37.704331,48.266174],[37.701991,48.265938],[37.701987,48.265944],[37.70157,48.266928]]]}},{"type":"Feature","properties":{"cadnum":"1422485500:11:000:0042"},"geometry":{"type":"Polygon","coordinates":[[[37.703788,48.267457],[37.704992,48.267563],[37.704992,48.267564],[37.707107,48.26775],[37.707161,48.267618],[37.707404,48.267047],[37.705164,48.266847],[37.70409,48.266751],[37.70391,48.267167],[37.703788,48.267457]]]}},{"type":"Feature","properties":{"cadnum":"1422485500:11:000:0043"},"geometry":{"type":"Polygon","coordinates":[[[37.70409,48.266751],[37.704992,48.266832],[37.707404,48.267047],[37.707512,48.266793],[37.7077,48.266341],[37.704992,48.266102],[37.704386,48.266048],[37.704331,48.266174],[37.70409,48.266751]]]}},{"type":"Feature","properties":{"cadnum":"1422485500:40:000:0020"},"geometry":{"type":"Polygon","coordinates":[[[37.721629,48.379742],[37.723829,48.379945],[37.724283,48.378316],[37.722022,48.37818],[37.722002,48.378179],[37.721984,48.378247],[37.721985,48.378247],[37.721985,48.378248],[37.721629,48.379742]],[[37.723421,48.379021],[37.72342,48.379021],[37.72342,48.37902],[37.723426,48.378796],[37.723695,48.378796],[37.72369,48.379023],[37.723421,48.379021]]]}},{"type":"Feature","properties":{"cadnum":"1422485500:46:000:0003"},"geometry":{"type":"Polygon","coordinates":[[[37.726066,48.34722],[37.727137,48.347314],[37.727881,48.347378],[37.728309,48.345285],[37.728308,48.345285],[37.728617,48.343778],[37.726965,48.343634],[37.726803,48.34362],[37.726632,48.34445],[37.726461,48.345285],[37.726103,48.347047],[37.726066,48.34722]]]}},{"type":"Feature","properties":{"cadnum":"1422485500:44:000:0034"},"geometry":{"type":"Polygon","coordinates":[[[37.723592,48.346838],[37.724185,48.346886],[37.725101,48.346964],[37.726103,48.347047],[37.726437,48.345399],[37.726438,48.345399],[37.726632,48.34445],[37.72413,48.344223],[37.723887,48.345399],[37.723888,48.345399],[37.723592,48.346838]]]}},{"type":"Feature","properties":{"cadnum":"1422485500:44:000:0033"},"geometry":{"type":"Polygon","coordinates":[[[37.721728,48.346683],[37.722315,48.346731],[37.723592,48.346838],[37.723911,48.345285],[37.72413,48.344223],[37.724292,48.343435],[37.722814,48.343328],[37.722828,48.343109],[37.722401,48.343074],[37.721967,48.345399],[37.721728,48.346683]]]}},{"type":"Feature","properties":{"cadnum":"1422485500:47:000:0006"},"geometry":{"type":"Polygon","coordinates":[[[37.721598,48.34296],[37.723093,48.343085],[37.723758,48.343029],[37.723973,48.341939],[37.721858,48.341736],[37.721598,48.34296]]]}},{"type":"Feature","properties":{"cadnum":"1422485500:44:000:0035"},"geometry":{"type":"Polygon","coordinates":[[[37.72413,48.344223],[37.726632,48.34445],[37.726803,48.34362],[37.724292,48.343435],[37.72413,48.344223]]]}},{"type":"Feature","properties":{"cadnum":"1422485500:08:000:0073"},"geometry":{"type":"Polygon","coordinates":[[[37.659676,48.317993],[37.659739,48.31851],[37.661047,48.3184],[37.661365,48.318373],[37.661392,48.318369],[37.661738,48.318193],[37.661931,48.317853],[37.661841,48.317859],[37.661159,48.317902],[37.659676,48.317993]]]}},{"type":"Feature","properties":{"cadnum":"1422485500:08:000:0024"},"geometry":{"type":"Polygon","coordinates":[[[37.658424,48.318059],[37.658491,48.318614],[37.659739,48.31851],[37.659676,48.317993],[37.658424,48.318059]]]}},{"type":"Feature","properties":{"cadnum":"1422485500:08:000:0022"},"geometry":{"type":"Polygon","coordinates":[[[37.656187,48.318178],[37.656263,48.3188],[37.657336,48.31871],[37.657269,48.318121],[37.656187,48.318178]]]}},{"type":"Feature","properties":{"cadnum":"1422485500:08:000:0023"},"geometry":{"type":"Polygon","coordinates":[[[37.657269,48.318121],[37.657336,48.31871],[37.658491,48.318614],[37.658424,48.318059],[37.657269,48.318121]]]}},{"type":"Feature","properties":{"cadnum":"1422485500:08:000:0079"},"geometry":{"type":"Polygon","coordinates":[[[37.655864,48.320355],[37.656451,48.320277],[37.657147,48.320188],[37.657852,48.320098],[37.658567,48.320006],[37.65929,48.319914],[37.66002,48.319819],[37.660022,48.319818],[37.660325,48.319779],[37.660764,48.319722],[37.661219,48.319665],[37.661219,48.319664],[37.661514,48.319626],[37.662273,48.319528],[37.663045,48.319429],[37.663701,48.319346],[37.663714,48.319185],[37.663485,48.31911],[37.662137,48.319296],[37.661176,48.319431],[37.660539,48.319519],[37.658968,48.319722],[37.658967,48.319722],[37.658941,48.319725],[37.65894,48.319725],[37.65809,48.319836],[37.657336,48.319934],[37.655935,48.320173],[37.655864,48.320355]]]}},{"type":"Feature","properties":{"cadnum":"1422485500:15:001:0153"},"geometry":{"type":"Polygon","coordinates":[[[37.679825,48.327272],[37.679991,48.327693],[37.680234,48.328335],[37.68063,48.328216],[37.680513,48.327923],[37.68037,48.327556],[37.680124,48.327056],[37.680122,48.327051],[37.680005,48.327141],[37.679928,48.327201],[37.679825,48.327272]]]}},{"type":"Feature","properties":{"cadnum":"1422485500:15:002:0114"},"geometry":{"type":"Polygon","coordinates":[[[37.682157,48.325812],[37.682584,48.326108],[37.682871,48.325979],[37.682278,48.325532],[37.682157,48.325812]]]}},{"type":"Feature","properties":{"cadnum":"1422485500:15:001:0171"},"geometry":{"type":"Polygon","coordinates":[[[37.682337,48.325233],[37.68302,48.325737],[37.68302,48.325738],[37.68315,48.325833],[37.683191,48.32581],[37.683427,48.325678],[37.683191,48.325496],[37.682633,48.325065],[37.682337,48.325233]]]}},{"type":"Feature","properties":{"cadnum":"1422485500:15:002:0133"},"geometry":{"type":"Polygon","coordinates":[[[37.682422,48.324898],[37.682525,48.324979],[37.68279,48.32485],[37.682682,48.324764],[37.682422,48.324898]]]}},{"type":"Feature","properties":{"cadnum":"1422485500:15:002:0136"},"geometry":{"type":"Polygon","coordinates":[[[37.681892,48.326081],[37.682184,48.326329],[37.682584,48.326108],[37.682192,48.325839],[37.681892,48.326081]]]}},{"type":"Feature","properties":{"cadnum":"1422485500:15:001:0169"},"geometry":{"type":"Polygon","coordinates":[[[37.680563,48.324035],[37.680657,48.324635],[37.68097,48.324459],[37.680899,48.323949],[37.680563,48.324035]]]}},{"type":"Feature","properties":{"cadnum":"1422485500:15:001:0139"},"geometry":{"type":"Polygon","coordinates":[[[37.680203,48.32482],[37.680253,48.325444],[37.680383,48.325871],[37.680626,48.325654],[37.680553,48.325358],[37.680504,48.325361],[37.680468,48.324578],[37.680203,48.32482]]]}},{"type":"Feature","properties":{"cadnum":"1422485500:15:001:0170"},"geometry":{"type":"Polygon","coordinates":[[[37.682247,48.325164],[37.682337,48.325233],[37.682633,48.325065],[37.682498,48.324958],[37.682247,48.325164]]]}},{"type":"Feature","properties":{"cadnum":"1422485500:15:002:0113"},"geometry":{"type":"Polygon","coordinates":[[[37.682691,48.326254],[37.682884,48.326499],[37.683019,48.326428],[37.68302,48.326428],[37.683055,48.326409],[37.683191,48.326341],[37.68327,48.326302],[37.68341,48.32623],[37.683136,48.326015],[37.682691,48.326254]]]}},{"type":"Feature","properties":{"cadnum":"1422485500:15:002:0132"},"geometry":{"type":"Polygon","coordinates":[[[37.682525,48.324979],[37.68302,48.325362],[37.683427,48.325678],[37.683693,48.325549],[37.68316,48.325137],[37.68279,48.32485],[37.682525,48.324979]]]}},{"type":"Feature","properties":{"cadnum":"1422485500:15:001:0135"},"geometry":{"type":"Polygon","coordinates":[[[37.68093,48.323939],[37.680976,48.324193],[37.68107,48.324692],[37.681492,48.324459],[37.681447,48.324274],[37.681335,48.323682],[37.68093,48.323939]]]}},{"type":"Feature","properties":{"cadnum":"1422485500:15:001:0129"},"geometry":{"type":"Polygon","coordinates":[[[37.680154,48.324118],[37.680203,48.32482],[37.680468,48.324578],[37.680441,48.324009],[37.680154,48.324118]]]}},{"type":"Feature","properties":{"cadnum":"1422485500:15:001:0168"},"geometry":{"type":"Polygon","coordinates":[[[37.680657,48.324635],[37.680756,48.325242],[37.680957,48.325495],[37.68116,48.325384],[37.681039,48.32491],[37.68097,48.324459],[37.680657,48.324635]]]}},{"type":"Feature","properties":{"cadnum":"1422485500:15:001:0149"},"geometry":{"type":"Polygon","coordinates":[[[37.67899,48.324788],[37.679053,48.325104],[37.679116,48.325406],[37.679389,48.325328],[37.679255,48.324642],[37.67899,48.324788]]]}},{"type":"Feature","properties":{"cadnum":"1422485500:15:001:0134"},"geometry":{"type":"Polygon","coordinates":[[[37.68107,48.324692],[37.681115,48.32494],[37.681213,48.325373],[37.681636,48.324997],[37.681591,48.324826],[37.681492,48.324459],[37.68107,48.324692]]]}},{"type":"Feature","properties":{"cadnum":"1422485500:15:002:0098"},"geometry":{"type":"Polygon","coordinates":[[[37.678393,48.327219],[37.678496,48.327717],[37.679183,48.327589],[37.679169,48.327568],[37.6789,48.327278],[37.67868,48.32704],[37.67868,48.327039],[37.678516,48.327141],[37.678517,48.327141],[37.678393,48.327219]]]}},{"type":"Feature","properties":{"cadnum":"1422485500:15:001:0158"},"geometry":{"type":"Polygon","coordinates":[[[37.67868,48.327039],[37.67868,48.32704],[37.678772,48.327141],[37.678773,48.327141],[37.6789,48.327278],[37.679079,48.327469],[37.679561,48.327261],[37.679389,48.327097],[37.679389,48.327096],[37.679138,48.326785],[37.678702,48.327027],[37.678701,48.327027],[37.67868,48.327039]]]}},{"type":"Feature","properties":{"cadnum":"1422485500:15:001:0148"},"geometry":{"type":"Polygon","coordinates":[[[37.679116,48.325406],[37.679265,48.32609],[37.679345,48.326481],[37.679619,48.326314],[37.679521,48.325955],[37.679389,48.325328],[37.679116,48.325406]]]}},{"type":"Feature","properties":{"cadnum":"1422485500:30:000:0013"},"geometry":{"type":"Polygon","coordinates":[[[37.660709,48.28542],[37.661047,48.285462],[37.661047,48.285463],[37.661163,48.285477],[37.661219,48.285484],[37.662743,48.285673],[37.662744,48.285673],[37.662776,48.285737],[37.664537,48.28593],[37.665112,48.284328],[37.665196,48.284089],[37.661397,48.283482],[37.661219,48.283985],[37.660709,48.28542]]]}},{"type":"Feature","properties":{"cadnum":"1422485500:30:000:0012"},"geometry":{"type":"Polygon","coordinates":[[[37.660579,48.28591],[37.661219,48.286005],[37.662479,48.286191],[37.662632,48.285847],[37.662695,48.285697],[37.661219,48.285536],[37.660732,48.285482],[37.660579,48.28591]]]}},{"type":"Feature","properties":{"cadnum":"1422485500:29:000:0001"},"geometry":{"type":"Polygon","coordinates":[[[37.655809,48.287706],[37.659703,48.288142],[37.660162,48.286869],[37.659929,48.286833],[37.66,48.286621],[37.656029,48.286211],[37.655919,48.28695],[37.655809,48.287706]]]}},{"type":"Feature","properties":{"cadnum":"1422485500:30:000:0011"},"geometry":{"type":"Polygon","coordinates":[[[37.660413,48.286376],[37.661047,48.286467],[37.662286,48.286645],[37.662479,48.286191],[37.661047,48.285979],[37.661047,48.28598],[37.660579,48.28591],[37.660413,48.286376]]]}},{"type":"Feature","properties":{"cadnum":"1422485500:29:000:0002"},"geometry":{"type":"Polygon","coordinates":[[[37.656029,48.286211],[37.66,48.286621],[37.660476,48.285223],[37.656254,48.284675],[37.656029,48.286211]]]}},{"type":"Feature","properties":{"cadnum":"1422485500:29:000:0004"},"geometry":{"type":"Polygon","coordinates":[[[37.659996,48.286822],[37.660179,48.286851],[37.660346,48.286367],[37.660516,48.285898],[37.660665,48.285482],[37.660642,48.285422],[37.660701,48.285252],[37.660562,48.285234],[37.659996,48.286822]]]}},{"type":"Feature","properties":{"cadnum":"1422485500:25:000:0020"},"geometry":{"type":"Polygon","coordinates":[[[37.613194,48.299297],[37.613328,48.299842],[37.613414,48.3002],[37.617273,48.299433],[37.617273,48.299432],[37.617307,48.299426],[37.618601,48.299169],[37.620119,48.298865],[37.619899,48.297962],[37.618314,48.298276],[37.617119,48.298516],[37.61702,48.298535],[37.613194,48.299297]],[[37.617536,48.298879],[37.618129,48.298805],[37.618238,48.299199],[37.618237,48.299199],[37.617645,48.299273],[37.617536,48.298879]]]}},{"type":"Feature","properties":{"cadnum":"1422485500:25:000:0019"},"geometry":{"type":"Polygon","coordinates":[[[37.613414,48.3002],[37.61349,48.300504],[37.613628,48.301082],[37.617273,48.300355],[37.617273,48.300354],[37.620335,48.299743],[37.620119,48.298865],[37.617102,48.299466],[37.613414,48.3002]]]}},{"type":"Feature","properties":{"cadnum":"1422485500:25:000:0018"},"geometry":{"type":"Polygon","coordinates":[[[37.613628,48.301082],[37.61372,48.301454],[37.61372,48.301455],[37.613719,48.301455],[37.613731,48.3015],[37.613748,48.301569],[37.61384,48.301951],[37.616325,48.301455],[37.617102,48.3013],[37.620546,48.300612],[37.620335,48.299743],[37.617102,48.300388],[37.617102,48.300389],[37.613628,48.301082]]]}},{"type":"Feature","properties":{"cadnum":"1422485500:24:000:0092"},"geometry":{"type":"Polygon","coordinates":[[[37.663338,48.315687],[37.663996,48.316183],[37.664028,48.316207],[37.664204,48.316069],[37.664967,48.315472],[37.663912,48.315182],[37.663346,48.315588],[37.663338,48.315687]]]}},{"type":"Feature","properties":{"cadnum":"1422485500:16:000:0008"},"geometry":{"type":"Polygon","coordinates":[[[37.665345,48.315054],[37.666368,48.315272],[37.66654,48.314608],[37.666684,48.314053],[37.665906,48.313886],[37.665345,48.315054]]]}},{"type":"Feature","properties":{"cadnum":"1422485500:08:000:0019"},"geometry":{"type":"Polygon","coordinates":[[[37.662003,48.317521],[37.663076,48.317432],[37.663288,48.316419],[37.662526,48.316069],[37.662326,48.315977],[37.662307,48.316069],[37.662306,48.316069],[37.662293,48.316132],[37.662282,48.316183],[37.662003,48.317521]]]}},{"type":"Feature","properties":{"cadnum":"1422485500:24:000:0027"},"geometry":{"type":"Polygon","coordinates":[[[37.661495,48.315592],[37.662169,48.315732],[37.662426,48.315809],[37.662426,48.31581],[37.662326,48.315977],[37.662774,48.316183],[37.662775,48.316183],[37.663288,48.316419],[37.663938,48.316717],[37.663944,48.316721],[37.663948,48.316708],[37.663965,48.316544],[37.663625,48.316216],[37.663587,48.316183],[37.662969,48.315636],[37.662879,48.315564],[37.661944,48.315021],[37.661495,48.315592]]]}},{"type":"Feature","properties":{"cadnum":"1422485500:09:000:0017"},"geometry":{"type":"Polygon","coordinates":[[[37.746035,48.326734],[37.746534,48.326932],[37.746925,48.326185],[37.748326,48.323489],[37.748421,48.323306],[37.748637,48.322891],[37.748052,48.322829],[37.747833,48.32325],[37.747768,48.323375],[37.747767,48.323375],[37.746444,48.32594],[37.746035,48.326734]]]}},{"type":"Feature","properties":{"cadnum":"1422485500:30:000:0015"},"geometry":{"type":"Polygon","coordinates":[[[37.661999,48.281779],[37.665808,48.282392],[37.666198,48.281295],[37.666378,48.280792],[37.662569,48.280183],[37.66242,48.280595],[37.661999,48.281779]]]}},{"type":"Feature","properties":{"cadnum":"1422485500:30:000:0014"},"geometry":{"type":"Polygon","coordinates":[[[37.661397,48.283482],[37.665196,48.284089],[37.665522,48.283181],[37.665655,48.282813],[37.665808,48.282392],[37.661999,48.281779],[37.661503,48.283181],[37.661478,48.283252],[37.661463,48.283295],[37.661397,48.283482]]]}},{"type":"Feature","properties":{"cadnum":"1422485500:27:000:0008"},"geometry":{"type":"Polygon","coordinates":[[[37.622406,48.296334],[37.622595,48.297093],[37.622595,48.297094],[37.622733,48.297649],[37.622766,48.297645],[37.622766,48.297644],[37.622767,48.297644],[37.623416,48.297559],[37.623142,48.296267],[37.623083,48.296274],[37.622698,48.296308],[37.622406,48.296334]]]}},{"type":"Feature","properties":{"cadnum":"1422485500:27:000:0090"},"geometry":{"type":"Polygon","coordinates":[[[37.619634,48.296584],[37.619928,48.2978],[37.619927,48.2978],[37.619954,48.29791],[37.619956,48.297915],[37.619957,48.29792],[37.620512,48.297864],[37.620515,48.297864],[37.620582,48.297857],[37.620649,48.297851],[37.620326,48.296522],[37.619634,48.296584]]]}},{"type":"Feature","properties":{"cadnum":"1422485500:27:000:0007"},"geometry":{"type":"Polygon","coordinates":[[[37.621718,48.296396],[37.622033,48.297732],[37.622243,48.297714],[37.622595,48.297667],[37.622733,48.297649],[37.622406,48.296334],[37.621718,48.296396]]]}},{"type":"Feature","properties":{"cadnum":"1422485500:27:000:0016"},"geometry":{"type":"Polygon","coordinates":[[[37.621391,48.295051],[37.621718,48.296396],[37.622406,48.296334],[37.622595,48.296317],[37.622698,48.296308],[37.622766,48.296302],[37.622767,48.296302],[37.623083,48.296274],[37.622746,48.294905],[37.622306,48.294953],[37.621391,48.295051]]]}},{"type":"Feature","properties":{"cadnum":"1422485500:41:000:0005"},"geometry":{"type":"Polygon","coordinates":[[[37.730284,48.37863],[37.732026,48.378716],[37.732132,48.378247],[37.732193,48.377982],[37.732372,48.377203],[37.732458,48.376828],[37.732458,48.376827],[37.732552,48.376416],[37.73263,48.376082],[37.73263,48.376081],[37.732728,48.37566],[37.732862,48.375079],[37.732458,48.375029],[37.731003,48.374849],[37.730378,48.378133],[37.730284,48.37863]]]}},{"type":"Feature","properties":{"cadnum":"1422485500:42:000:0003"},"geometry":{"type":"Polygon","coordinates":[[[37.732372,48.377203],[37.732458,48.37721],[37.734007,48.377325],[37.734026,48.377239],[37.734187,48.376538],[37.732552,48.376416],[37.732372,48.377203]]]}},{"type":"Feature","properties":{"cadnum":"1422485500:35:000:0011"},"geometry":{"type":"Polygon","coordinates":[[[37.683716,48.395127],[37.685521,48.395298],[37.686108,48.392726],[37.686393,48.391483],[37.685628,48.391409],[37.684586,48.391301],[37.684264,48.392726],[37.68416,48.393192],[37.683716,48.395127]]]}},{"type":"Feature","properties":{"cadnum":"1422485500:35:000:0010"},"geometry":{"type":"Polygon","coordinates":[[[37.685521,48.395298],[37.686949,48.395428],[37.687335,48.395411],[37.68792,48.39284],[37.688188,48.391665],[37.687335,48.391579],[37.686393,48.391483],[37.686081,48.39284],[37.686082,48.39284],[37.685521,48.395298]]]}},{"type":"Feature","properties":{"cadnum":"1422485500:46:000:0004"},"geometry":{"type":"Polygon","coordinates":[[[37.727881,48.347378],[37.728267,48.347411],[37.729879,48.347552],[37.730346,48.345285],[37.730345,48.345285],[37.730621,48.343952],[37.728617,48.343778],[37.728285,48.345399],[37.727881,48.347378]]]}},{"type":"Feature","properties":{"cadnum":"1422485500:15:001:0165"},"geometry":{"type":"Polygon","coordinates":[[[37.684475,48.327195],[37.684911,48.327535],[37.684941,48.32752],[37.68558,48.328084],[37.685794,48.327977],[37.685085,48.327394],[37.684718,48.327078],[37.684717,48.327078],[37.684585,48.327141],[37.684586,48.327141],[37.684475,48.327195]]]}},{"type":"Feature","properties":{"cadnum":"1422485500:15:002:0137"},"geometry":{"type":"Polygon","coordinates":[[[37.683464,48.325815],[37.683842,48.326072],[37.684097,48.325911],[37.683706,48.325669],[37.683464,48.325815]]]}},{"type":"Feature","properties":{"cadnum":"1422485500:15:001:0143"},"geometry":{"type":"Polygon","coordinates":[[[37.685274,48.326702],[37.685601,48.32698],[37.685793,48.327141],[37.685794,48.327141],[37.686042,48.32735],[37.686325,48.32721],[37.686118,48.327027],[37.686117,48.327027],[37.685939,48.326869],[37.685557,48.326546],[37.685274,48.326702]]]}},{"type":"Feature","properties":{"cadnum":"1422485500:15:001:0147"},"geometry":{"type":"Polygon","coordinates":[[[37.683203,48.325973],[37.6835,48.32617],[37.683756,48.326015],[37.683464,48.325815],[37.683203,48.325973]]]}},{"type":"Feature","properties":{"cadnum":"1422485500:15:002:0111"},"geometry":{"type":"Polygon","coordinates":[[[37.684865,48.323664],[37.685764,48.324388],[37.686006,48.324244],[37.685701,48.323996],[37.685112,48.323527],[37.684865,48.323664]]]}},{"type":"Feature","properties":{"cadnum":"1422485500:15:001:0163"},"geometry":{"type":"Polygon","coordinates":[[[37.686429,48.324656],[37.68646,48.324692],[37.6865,48.324746],[37.68681,48.324623],[37.686725,48.324525],[37.686429,48.324656]]]}},{"type":"Feature","properties":{"cadnum":"1422485500:15:001:0160"},"geometry":{"type":"Polygon","coordinates":[[[37.684718,48.327078],[37.68479,48.327141],[37.684791,48.327141],[37.685085,48.327394],[37.685525,48.327753],[37.6858,48.327595],[37.685341,48.327228],[37.6852,48.327112],[37.684995,48.326944],[37.684823,48.327027],[37.684822,48.327027],[37.684718,48.327078]]]}},{"type":"Feature","properties":{"cadnum":"1422485500:15:002:0116"},"geometry":{"type":"Polygon","coordinates":[[[37.683945,48.325504],[37.684349,48.325782],[37.684573,48.325621],[37.684173,48.32534],[37.683945,48.325504]]]}},{"type":"Feature","properties":{"cadnum":"1422485500:15:002:0127"},"geometry":{"type":"Polygon","coordinates":[[[37.684731,48.325092],[37.685035,48.325307],[37.685131,48.325253],[37.685274,48.325167],[37.684978,48.324946],[37.684731,48.325092]]]}},{"type":"Feature","properties":{"cadnum":"1422485500:15:002:0115"},"geometry":{"type":"Polygon","coordinates":[[[37.685202,48.324791],[37.685588,48.325063],[37.6858,48.324931],[37.685418,48.32466],[37.685202,48.324791]]]}},{"type":"Feature","properties":{"cadnum":"1422485500:15:002:0011"},"geometry":{"type":"Polygon","coordinates":[[[37.6858,48.324931],[37.686343,48.325284],[37.686743,48.325567],[37.686981,48.325424],[37.686603,48.325161],[37.686077,48.324761],[37.685857,48.324901],[37.6858,48.324931]]]}},{"type":"Feature","properties":{"cadnum":"1422485500:15:002:0146"},"geometry":{"type":"Polygon","coordinates":[[[37.685503,48.32514],[37.685974,48.325532],[37.68632,48.325815],[37.686482,48.325725],[37.686177,48.325459],[37.685683,48.32503],[37.685503,48.32514]]]}},{"type":"Feature","properties":{"cadnum":"1422485500:15:002:0126"},"geometry":{"type":"Polygon","coordinates":[[[37.683706,48.325669],[37.684097,48.325911],[37.6842,48.325853],[37.684349,48.325782],[37.683945,48.325504],[37.683706,48.325669]]]}},{"type":"Feature","properties":{"cadnum":"1422485500:15:001:0162"},"geometry":{"type":"Polygon","coordinates":[[[37.6865,48.324746],[37.687043,48.325444],[37.687385,48.325262],[37.68681,48.324623],[37.6865,48.324746]]]}},{"type":"Feature","properties":{"cadnum":"1422485500:49:000:0079"},"geometry":{"type":"Polygon","coordinates":[[[37.68796,48.325307],[37.687974,48.32537],[37.688513,48.32531],[37.689568,48.325191],[37.689603,48.325543],[37.69118,48.325417],[37.691557,48.325107],[37.691674,48.324901],[37.69167,48.324686],[37.691211,48.324683],[37.690205,48.324815],[37.689541,48.324901],[37.689555,48.324963],[37.689555,48.324964],[37.688957,48.325023],[37.688984,48.325191],[37.688983,48.325191],[37.688685,48.325225],[37.688684,48.325225],[37.68796,48.325307]]]}},{"type":"Feature","properties":{"cadnum":"1422485500:15:002:0128"},"geometry":{"type":"Polygon","coordinates":[[[37.684978,48.324946],[37.68531,48.325191],[37.685341,48.325167],[37.685548,48.325032],[37.685202,48.324791],[37.684978,48.324946]]]}},{"type":"Feature","properties":{"cadnum":"1422485500:15:002:0129"},"geometry":{"type":"Polygon","coordinates":[[[37.685418,48.32466],[37.6858,48.324931],[37.685857,48.324901],[37.686033,48.324788],[37.685651,48.32451],[37.685418,48.32466]]]}},{"type":"Feature","properties":{"cadnum":"1422485500:15:002:0134"},"geometry":{"type":"Polygon","coordinates":[[[37.684286,48.323874],[37.685287,48.324644],[37.685521,48.324522],[37.684515,48.323748],[37.684286,48.323874]]]}},{"type":"Feature","properties":{"cadnum":"1422485500:15:002:0135"},"geometry":{"type":"Polygon","coordinates":[[[37.683936,48.323605],[37.684286,48.323874],[37.684515,48.323748],[37.684165,48.32348],[37.683936,48.323605]]]}},{"type":"Feature","properties":{"cadnum":"1422485500:15:002:0110"},"geometry":{"type":"Polygon","coordinates":[[[37.684443,48.325196],[37.684834,48.325475],[37.684915,48.32543],[37.685077,48.325337],[37.684685,48.325059],[37.684443,48.325196]]]}},{"type":"Feature","properties":{"cadnum":"1422485500:05:000:0051"},"geometry":{"type":"Polygon","coordinates":[[[37.641706,48.339372],[37.641736,48.339467],[37.643547,48.339252],[37.644567,48.339132],[37.644567,48.339133],[37.645677,48.339002],[37.647023,48.338796],[37.648201,48.338586],[37.6483,48.338518],[37.648353,48.338323],[37.648264,48.338258],[37.647908,48.338051],[37.64772,48.337942],[37.647172,48.337681],[37.64688,48.337672],[37.647609,48.338097],[37.64761,48.338097],[37.648124,48.338395],[37.647824,48.338464],[37.647967,48.33858],[37.645331,48.338915],[37.644567,48.339011],[37.643071,48.339199],[37.641706,48.339372]]]}},{"type":"Feature","properties":{"cadnum":"1422485500:05:000:0018"},"geometry":{"type":"Polygon","coordinates":[[[37.641571,48.341297],[37.641686,48.341634],[37.641685,48.341634],[37.641712,48.341713],[37.641724,48.341748],[37.642258,48.34331],[37.643377,48.343065],[37.642931,48.341748],[37.642698,48.341055],[37.641571,48.341297]]]}},{"type":"Feature","properties":{"cadnum":"1422485500:05:000:0019"},"geometry":{"type":"Polygon","coordinates":[[[37.642698,48.341055],[37.642893,48.341634],[37.642892,48.341634],[37.643377,48.343065],[37.644499,48.342817],[37.644139,48.341748],[37.64414,48.341748],[37.643826,48.340814],[37.642698,48.341055]]]}},{"type":"Feature","properties":{"cadnum":"1422485500:05:000:0017"},"geometry":{"type":"Polygon","coordinates":[[[37.640646,48.341498],[37.640695,48.341634],[37.640694,48.341634],[37.641373,48.343503],[37.642258,48.34331],[37.641712,48.341713],[37.641571,48.341297],[37.640646,48.341498]]]}},{"type":"Feature","properties":{"cadnum":"1422485500:19:000:0013"},"geometry":{"type":"Polygon","coordinates":[[[37.641948,48.31019],[37.64277,48.31034],[37.642833,48.310364],[37.642875,48.308877],[37.642875,48.308876],[37.642887,48.308461],[37.642092,48.308314],[37.642048,48.308876],[37.642048,48.308877],[37.641948,48.31019]]]}},{"type":"Feature","properties":{"cadnum":"1422485500:19:000:0011"},"geometry":{"type":"Polygon","coordinates":[[[37.639195,48.30959],[37.640322,48.309838],[37.640405,48.308877],[37.640405,48.308876],[37.640406,48.308876],[37.64047,48.308153],[37.639635,48.308407],[37.639308,48.308416],[37.639274,48.308762],[37.639195,48.30959]]]}},{"type":"Feature","properties":{"cadnum":"1422485500:19:000:0014"},"geometry":{"type":"Polygon","coordinates":[[[37.642833,48.310364],[37.643803,48.310722],[37.643807,48.309264],[37.643125,48.309065],[37.643124,48.309065],[37.643109,48.308877],[37.643109,48.308876],[37.64311,48.308876],[37.64308,48.3085],[37.642887,48.308461],[37.642878,48.308762],[37.642833,48.310364]]]}},{"type":"Feature","properties":{"cadnum":"1422485500:24:000:0004"},"geometry":{"type":"Polygon","coordinates":[[[37.642608,48.307075],[37.644739,48.307139],[37.646696,48.307197],[37.649233,48.307275],[37.649233,48.306899],[37.649239,48.30628],[37.644739,48.306145],[37.644739,48.306144],[37.642614,48.30608],[37.642608,48.307075]]]}},{"type":"Feature","properties":{"cadnum":"1422485500:49:000:0082"},"geometry":{"type":"Polygon","coordinates":[[[37.70364,48.319916],[37.704821,48.32081],[37.704992,48.32071],[37.705089,48.320653],[37.705164,48.320609],[37.705239,48.320565],[37.704992,48.320379],[37.704153,48.319747],[37.704151,48.319746],[37.703863,48.319836],[37.703685,48.319892],[37.70364,48.319916]]]}},{"type":"Feature","properties":{"cadnum":"1422485500:49:000:0017"},"geometry":{"type":"Polygon","coordinates":[[[37.702032,48.317554],[37.704817,48.318949],[37.705164,48.31882],[37.707058,48.318116],[37.707396,48.317877],[37.704992,48.316672],[37.704341,48.316345],[37.702032,48.317554]]]}},{"type":"Feature","properties":{"cadnum":"1422485500:49:000:0043"},"geometry":{"type":"Polygon","coordinates":[[[37.704021,48.319471],[37.704233,48.319668],[37.704992,48.319428],[37.705159,48.319376],[37.705164,48.319375],[37.705801,48.319268],[37.705944,48.319245],[37.706258,48.31923],[37.706514,48.319214],[37.707436,48.319167],[37.707579,48.319181],[37.705981,48.31874],[37.705164,48.319045],[37.704021,48.319471]]]}},{"type":"Feature","properties":{"cadnum":"1422485500:49:000:0051"},"geometry":{"type":"Polygon","coordinates":[[[37.704727,48.319564],[37.705086,48.319836],[37.705087,48.319836],[37.705698,48.320296],[37.706525,48.319807],[37.70682,48.319633],[37.706883,48.319474],[37.709734,48.319659],[37.709744,48.319662],[37.709744,48.319552],[37.708927,48.319405],[37.708002,48.319263],[37.70743,48.319212],[37.706518,48.319259],[37.705953,48.319289],[37.70518,48.319418],[37.704992,48.319478],[37.704727,48.319564]]]}},{"type":"Feature","properties":{"cadnum":"1422485500:49:000:0083"},"geometry":{"type":"Polygon","coordinates":[[[37.704151,48.319746],[37.704153,48.319747],[37.704271,48.319836],[37.705164,48.320508],[37.705239,48.320565],[37.705698,48.320296],[37.705164,48.319894],[37.704936,48.319722],[37.704935,48.319722],[37.704727,48.319564],[37.704228,48.319722],[37.704227,48.319722],[37.704152,48.319746],[37.704151,48.319746]]]}},{"type":"Feature","properties":{"cadnum":"1422485500:47:000:0034"},"geometry":{"type":"Polygon","coordinates":[[[37.719239,48.338279],[37.720573,48.338404],[37.720663,48.337983],[37.720662,48.337983],[37.721417,48.334445],[37.721472,48.334189],[37.721472,48.334192],[37.721611,48.333538],[37.720277,48.333412],[37.72008,48.334331],[37.719276,48.338097],[37.719277,48.338097],[37.719278,48.338097],[37.719239,48.338279]]]}},{"type":"Feature","properties":{"cadnum":"1422485500:47:000:0033"},"geometry":{"type":"Polygon","coordinates":[[[37.717906,48.33815],[37.719239,48.338279],[37.719302,48.337983],[37.719301,48.337983],[37.720055,48.334445],[37.720056,48.334445],[37.720277,48.333412],[37.718942,48.333286],[37.718719,48.334331],[37.718718,48.334331],[37.717941,48.337983],[37.717934,48.338016],[37.717917,48.338097],[37.717906,48.33815]]]}},{"type":"Feature","properties":{"cadnum":"1422485500:48:000:0012"},"geometry":{"type":"Polygon","coordinates":[[[37.715187,48.3342],[37.71615,48.334293],[37.71615,48.334292],[37.717756,48.334445],[37.717878,48.334457],[37.717903,48.334333],[37.718134,48.333242],[37.71615,48.333054],[37.71615,48.333053],[37.715462,48.332987],[37.715187,48.3342]]]}},{"type":"Feature","properties":{"cadnum":"1422485500:47:000:0032"},"geometry":{"type":"Polygon","coordinates":[[[37.718942,48.333286],[37.721472,48.333524],[37.721472,48.333525],[37.721611,48.333538],[37.721643,48.333541],[37.721644,48.333541],[37.722944,48.333666],[37.724279,48.333791],[37.725586,48.333916],[37.725783,48.332938],[37.725783,48.332937],[37.721644,48.332545],[37.721643,48.332545],[37.721643,48.332544],[37.719149,48.332307],[37.718942,48.333286]]]}},{"type":"Feature","properties":{"cadnum":"1422485500:28:000:0022"},"geometry":{"type":"Polygon","coordinates":[[[37.639092,48.292183],[37.639199,48.292724],[37.639246,48.292725],[37.641243,48.292795],[37.642945,48.293264],[37.642968,48.291762],[37.641656,48.291911],[37.641482,48.291992],[37.64066,48.291884],[37.639092,48.292183]]]}},{"type":"Feature","properties":{"cadnum":"1422485500:27:000:0027"},"geometry":{"type":"Polygon","coordinates":[[[37.633975,48.291932],[37.633979,48.292694],[37.633979,48.293695],[37.63411,48.29426],[37.634111,48.29426],[37.634115,48.294278],[37.634445,48.29423],[37.634448,48.29423],[37.634928,48.293199],[37.635157,48.293112],[37.634932,48.291895],[37.633975,48.291932]]]}},{"type":"Feature","properties":{"cadnum":"1422485500:45:000:0080"},"geometry":{"type":"Polygon","coordinates":[[[37.726129,48.361789],[37.727137,48.361803],[37.727137,48.361802],[37.727271,48.361804],[37.727365,48.36115],[37.727369,48.361012],[37.727093,48.361004],[37.726353,48.36098],[37.726183,48.361299],[37.726129,48.361789]]]}},{"type":"Feature","properties":{"cadnum":"1422485500:45:000:0079"},"geometry":{"type":"Polygon","coordinates":[[[37.722711,48.362687],[37.723986,48.362615],[37.724674,48.363421],[37.725631,48.363412],[37.725676,48.362452],[37.725676,48.362451],[37.726938,48.362472],[37.726889,48.363439],[37.726965,48.363441],[37.727098,48.363445],[37.727137,48.363446],[37.728879,48.36349],[37.728923,48.362842],[37.729058,48.361255],[37.729062,48.361209],[37.727365,48.36115],[37.727271,48.361804],[37.726965,48.3618],[37.72613,48.361789],[37.72613,48.361788],[37.726129,48.361788],[37.726183,48.361299],[37.726353,48.36098],[37.723174,48.360881],[37.72294,48.361723],[37.722711,48.362687]]]}},{"type":"Feature","properties":{"cadnum":"1422485500:45:000:0073"},"geometry":{"type":"Polygon","coordinates":[[[37.724732,48.365358],[37.726965,48.365336],[37.727016,48.365335],[37.727137,48.365334],[37.727361,48.365331],[37.727355,48.364504],[37.727355,48.363487],[37.726965,48.36349],[37.724737,48.363502],[37.724737,48.363537],[37.724736,48.363537],[37.724732,48.364907],[37.724732,48.365358]],[[37.726906,48.364874],[37.726893,48.364874],[37.726893,48.364865],[37.726906,48.364865],[37.726906,48.364874]],[[37.725065,48.365009],[37.725078,48.365011],[37.725078,48.36502],[37.725065,48.365018],[37.725065,48.365009]]]}},{"type":"Feature","properties":{"cadnum":"1422485500:37:000:0025"},"geometry":{"type":"Polygon","coordinates":[[[37.679148,48.380691],[37.681416,48.380912],[37.682027,48.378133],[37.682094,48.37783],[37.679825,48.377609],[37.679684,48.378247],[37.679685,48.378247],[37.679685,48.378248],[37.679148,48.380691]]]}},{"type":"Feature","properties":{"cadnum":"1422485500:36:000:0007"},"geometry":{"type":"Polygon","coordinates":[[[37.681416,48.380912],[37.681909,48.38096],[37.68302,48.381068],[37.683689,48.381133],[37.684338,48.378156],[37.684362,48.378051],[37.683191,48.377937],[37.682094,48.37783],[37.682002,48.378247],[37.682002,48.378248],[37.681416,48.380912]]]}},{"type":"Feature","properties":{"cadnum":"1422485500:15:001:0182"},"geometry":{"type":"Polygon","coordinates":[[[37.65616,48.336774],[37.656281,48.337126],[37.656375,48.337114],[37.656564,48.337493],[37.656923,48.337413],[37.656766,48.337162],[37.656726,48.337079],[37.656541,48.336678],[37.65616,48.336774]]]}},{"type":"Feature","properties":{"cadnum":"1422485500:15:001:0151"},"geometry":{"type":"Polygon","coordinates":[[[37.656726,48.337079],[37.656766,48.337162],[37.657152,48.337771],[37.657398,48.337983],[37.657426,48.338007],[37.657453,48.338097],[37.657454,48.338097],[37.657602,48.338575],[37.657906,48.338413],[37.657743,48.337983],[37.657742,48.337983],[37.657355,48.336959],[37.656726,48.337079]]]}},{"type":"Feature","properties":{"cadnum":"1422485500:15:001:0150"},"geometry":{"type":"Polygon","coordinates":[[[37.656527,48.336645],[37.656726,48.337079],[37.657355,48.336959],[37.657193,48.336523],[37.656527,48.336645]]]}},{"type":"Feature","properties":{"cadnum":"1422485500:05:000:0050"},"geometry":{"type":"Polygon","coordinates":[[[37.656564,48.337493],[37.65681,48.337983],[37.656847,48.338055],[37.656868,48.338097],[37.657013,48.338383],[37.657516,48.338296],[37.657426,48.338007],[37.657152,48.337771],[37.656923,48.337413],[37.656564,48.337493]]]}},{"type":"Feature","properties":{"cadnum":"1422485500:15:001:0146"},"geometry":{"type":"Polygon","coordinates":[[[37.658334,48.336694],[37.658872,48.337983],[37.659038,48.338378],[37.65981,48.338216],[37.659713,48.337983],[37.659712,48.337983],[37.65911,48.336532],[37.658334,48.336694]]]}},{"type":"Feature","properties":{"cadnum":"1422485500:15:001:0184"},"geometry":{"type":"Polygon","coordinates":[[[37.659883,48.334992],[37.660246,48.335693],[37.660629,48.335598],[37.660273,48.334923],[37.659883,48.334992]]]}},{"type":"Feature","properties":{"cadnum":"1422485500:15:001:0183"},"geometry":{"type":"Polygon","coordinates":[[[37.660273,48.334923],[37.660629,48.335598],[37.661011,48.335526],[37.660696,48.334833],[37.660273,48.334923]]]}},{"type":"Feature","properties":{"cadnum":"1422485500:15:001:0145"},"geometry":{"type":"Polygon","coordinates":[[[37.658185,48.336332],[37.658334,48.336694],[37.65911,48.336532],[37.658958,48.336171],[37.658185,48.336332]]]}},{"type":"Feature","properties":{"cadnum":"1422485500:15:000:0064"},"geometry":{"type":"Polygon","coordinates":[[[37.660242,48.334863],[37.660273,48.334923],[37.660696,48.334833],[37.660669,48.334773],[37.660242,48.334863]]]}},{"type":"Feature","properties":{"cadnum":"1422485500:47:000:0027"},"geometry":{"type":"Polygon","coordinates":[[[37.726237,48.33225],[37.726965,48.332311],[37.72698,48.332312],[37.727137,48.332325],[37.727652,48.332367],[37.728244,48.332414],[37.72859,48.330793],[37.728927,48.329222],[37.727137,48.329054],[37.726866,48.329028],[37.726543,48.330679],[37.726237,48.33225]]]}},{"type":"Feature","properties":{"cadnum":"1422485500:24:002:0040"},"geometry":{"type":"Polygon","coordinates":[[[37.660606,48.302674],[37.660804,48.302752],[37.661047,48.302485],[37.661137,48.302385],[37.661219,48.302296],[37.661707,48.301757],[37.661504,48.301682],[37.661047,48.302187],[37.660606,48.302674]]]}},{"type":"Feature","properties":{"cadnum":"1422485500:24:002:0067"},"geometry":{"type":"Polygon","coordinates":[[[37.659141,48.302106],[37.659456,48.302214],[37.659856,48.301813],[37.659501,48.301688],[37.659141,48.302106]]]}},{"type":"Feature","properties":{"cadnum":"1422485500:26:000:0030"},"geometry":{"type":"Polygon","coordinates":[[[37.616961,48.285706],[37.617102,48.286289],[37.617102,48.28629],[37.617236,48.286845],[37.617273,48.28684],[37.621987,48.28622],[37.62171,48.285082],[37.617273,48.285666],[37.617273,48.285665],[37.616961,48.285706]]]}},{"type":"Feature","properties":{"cadnum":"1422485500:26:000:0029"},"geometry":{"type":"Polygon","coordinates":[[[37.61666,48.284487],[37.616961,48.285706],[37.617102,48.285688],[37.62171,48.285082],[37.621408,48.283859],[37.617102,48.284429],[37.61666,48.284487]]]}},{"type":"Feature","properties":{"cadnum":"1422485500:28:000:0020"},"geometry":{"type":"Polygon","coordinates":[[[37.654044,48.272477],[37.654718,48.275083],[37.655032,48.274871],[37.655279,48.274688],[37.655554,48.274327],[37.655584,48.274287],[37.655725,48.274101],[37.656137,48.273558],[37.656699,48.273071],[37.657223,48.272818],[37.657224,48.272818],[37.658176,48.272689],[37.658675,48.272521],[37.659341,48.272213],[37.659847,48.27198],[37.660045,48.271783],[37.655554,48.272302],[37.655554,48.272303],[37.654044,48.272477]]]}},{"type":"Feature","properties":{"cadnum":"1422485500:29:000:0005"},"geometry":{"type":"Polygon","coordinates":[[[37.660948,48.27178],[37.661047,48.271768],[37.661047,48.271769],[37.663584,48.271454],[37.665345,48.271238],[37.665552,48.271224],[37.665546,48.271065],[37.662902,48.271346],[37.661164,48.27153],[37.661024,48.271544],[37.660948,48.27178]]]}},{"type":"Feature","properties":{"cadnum":"1422485500:16:001:0004"},"geometry":{"type":"Polygon","coordinates":[[[37.666481,48.332773],[37.66654,48.332777],[37.666694,48.332787],[37.666712,48.332789],[37.666871,48.332799],[37.666908,48.332584],[37.666712,48.332536],[37.666521,48.332489],[37.666481,48.332773]]]}},{"type":"Feature","properties":{"cadnum":"1422485500:08:000:0049"},"geometry":{"type":"Polygon","coordinates":[[[37.663781,48.332701],[37.66406,48.333406],[37.664243,48.334331],[37.664252,48.334374],[37.664266,48.334445],[37.664271,48.334469],[37.664946,48.334356],[37.665269,48.334302],[37.665512,48.332442],[37.663781,48.332701]]]}},{"type":"Feature","properties":{"cadnum":"1422485500:08:000:0074"},"geometry":{"type":"Polygon","coordinates":[[[37.662533,48.331892],[37.662537,48.331991],[37.662587,48.332707],[37.663661,48.332558],[37.663414,48.331937],[37.664105,48.331895],[37.66393,48.331621],[37.662533,48.331892]]]}},{"type":"Feature","properties":{"cadnum":"1422485500:08:000:0013"},"geometry":{"type":"Polygon","coordinates":[[[37.662344,48.333093],[37.663185,48.332841],[37.664195,48.33242],[37.665223,48.331827],[37.663414,48.331937],[37.663661,48.332558],[37.662587,48.332707],[37.662537,48.331991],[37.662376,48.332002],[37.662344,48.333093]]]}},{"type":"Feature","properties":{"cadnum":"1422485500:16:001:0005"},"geometry":{"type":"Polygon","coordinates":[[[37.665726,48.332722],[37.666481,48.332773],[37.666521,48.332489],[37.666212,48.332414],[37.665892,48.332206],[37.665785,48.332197],[37.665726,48.332722]]]}},{"type":"Feature","properties":{"cadnum":"1422485500:24:002:0069"},"geometry":{"type":"Polygon","coordinates":[[[37.661378,48.300107],[37.661644,48.300212],[37.662017,48.299811],[37.661756,48.299704],[37.661378,48.300107]]]}},{"type":"Feature","properties":{"cadnum":"1422485500:27:000:0062"},"geometry":{"type":"Polygon","coordinates":[[[37.621062,48.28151],[37.621179,48.281971],[37.622595,48.281957],[37.623941,48.281944],[37.623941,48.28188],[37.623928,48.281474],[37.622595,48.281491],[37.622595,48.281492],[37.621062,48.28151]]]}},{"type":"Feature","properties":{"cadnum":"1422485500:37:000:0009"},"geometry":{"type":"Polygon","coordinates":[[[37.687098,48.377212],[37.688513,48.377349],[37.691616,48.377648],[37.691953,48.376102],[37.688513,48.37577],[37.687421,48.375664],[37.687098,48.377212]]]}},{"type":"Feature","properties":{"cadnum":"1422485500:36:000:0008"},"geometry":{"type":"Polygon","coordinates":[[[37.683689,48.381133],[37.684223,48.381186],[37.685957,48.381353],[37.686626,48.378274],[37.68595,48.378207],[37.684362,48.378051],[37.684343,48.378133],[37.684338,48.378156],[37.684318,48.378247],[37.684318,48.378248],[37.683689,48.381133]]]}},{"type":"Feature","properties":{"cadnum":"1422485500:01:000:0043"},"geometry":{"type":"Polygon","coordinates":[[[37.690461,48.307783],[37.690785,48.307789],[37.691769,48.307854],[37.694006,48.308007],[37.695546,48.308111],[37.695578,48.307941],[37.69569,48.306755],[37.694068,48.306663],[37.690668,48.306468],[37.690461,48.307783]]]}},{"type":"Feature","properties":{"cadnum":"1422485500:01:000:0059"},"geometry":{"type":"Polygon","coordinates":[[[37.695968,48.306591],[37.698457,48.306779],[37.699499,48.306869],[37.701134,48.307009],[37.703205,48.307197],[37.703371,48.306277],[37.70139,48.306113],[37.699499,48.305959],[37.698713,48.305894],[37.696035,48.305677],[37.695968,48.306591]]]}},{"type":"Feature","properties":{"cadnum":"1422485500:01:000:0062"},"geometry":{"type":"Polygon","coordinates":[[[37.695712,48.308124],[37.698251,48.308303],[37.698457,48.306779],[37.695968,48.306591],[37.695802,48.307654],[37.695712,48.308124]]]}},{"type":"Feature","properties":{"cadnum":"1422485500:01:000:0060"},"geometry":{"type":"Polygon","coordinates":[[[37.698251,48.308303],[37.699499,48.308403],[37.699499,48.308404],[37.700927,48.308518],[37.7028,48.308667],[37.703205,48.307197],[37.701134,48.307009],[37.699671,48.306884],[37.698457,48.306779],[37.698251,48.308303]]]}},{"type":"Feature","properties":{"cadnum":"1422485500:01:000:0057"},"geometry":{"type":"Polygon","coordinates":[[[37.690587,48.306463],[37.694006,48.306659],[37.69569,48.306755],[37.695914,48.305497],[37.694006,48.305363],[37.692027,48.305223],[37.692026,48.305223],[37.690803,48.305136],[37.690789,48.305223],[37.690655,48.30605],[37.690587,48.306463]]]}},{"type":"Feature","properties":{"cadnum":"1422485500:29:000:0006"},"geometry":{"type":"Polygon","coordinates":[[[37.650994,48.287144],[37.651088,48.287312],[37.651443,48.28735],[37.65408,48.28767],[37.655725,48.28787],[37.655726,48.28787],[37.656721,48.28799],[37.658091,48.288158],[37.659466,48.288322],[37.659514,48.288121],[37.656873,48.287826],[37.655809,48.287706],[37.655554,48.287677],[37.653168,48.287398],[37.650994,48.287144]]]}},{"type":"Feature","properties":{"cadnum":"1422485500:38:000:0020"},"geometry":{"type":"Polygon","coordinates":[[[37.70218,48.372418],[37.704048,48.372635],[37.70442,48.370836],[37.704419,48.370836],[37.704419,48.370835],[37.704754,48.369225],[37.704664,48.369219],[37.702868,48.369109],[37.702484,48.37095],[37.702485,48.37095],[37.70218,48.372418]]]}},{"type":"Feature","properties":{"cadnum":"1422485500:38:000:0021"},"geometry":{"type":"Polygon","coordinates":[[[37.704048,48.372635],[37.704992,48.372746],[37.704992,48.372747],[37.705859,48.372847],[37.706276,48.370836],[37.706275,48.370836],[37.706275,48.370835],[37.706587,48.369335],[37.705164,48.36925],[37.704754,48.369225],[37.704396,48.37095],[37.704048,48.372635]]]}},{"type":"Feature","properties":{"cadnum":"1422485500:44:000:0021"},"geometry":{"type":"Polygon","coordinates":[[[37.716531,48.353447],[37.7183,48.353641],[37.71865,48.352587],[37.718649,48.352587],[37.718649,48.352586],[37.718893,48.351856],[37.717133,48.351629],[37.716816,48.352587],[37.716815,48.352587],[37.716531,48.353447]]]}},{"type":"Feature","properties":{"cadnum":"1422485500:44:000:0020"},"geometry":{"type":"Polygon","coordinates":[[[37.717133,48.351629],[37.718893,48.351856],[37.719495,48.350026],[37.717726,48.349832],[37.717133,48.351629]]]}},{"type":"Feature","properties":{"cadnum":"1422485500:44:000:0028"},"geometry":{"type":"Polygon","coordinates":[[[37.721183,48.350167],[37.721643,48.350217],[37.721643,48.350216],[37.721644,48.350216],[37.72304,48.350366],[37.72351,48.348936],[37.724185,48.346886],[37.723592,48.346838],[37.722315,48.346731],[37.72159,48.348936],[37.721588,48.348936],[37.721183,48.350167]]]}},{"type":"Feature","properties":{"cadnum":"1422485500:44:000:0022"},"geometry":{"type":"Polygon","coordinates":[[[37.7183,48.353641],[37.72007,48.353835],[37.720444,48.352701],[37.720445,48.352701],[37.721265,48.35022],[37.719495,48.350026],[37.718893,48.351856],[37.718611,48.352701],[37.718612,48.352701],[37.7183,48.353641]]]}},{"type":"Feature","properties":{"cadnum":"1422485500:19:000:0026"},"geometry":{"type":"Polygon","coordinates":[[[37.637533,48.311204],[37.637658,48.312306],[37.639074,48.312234],[37.644279,48.311965],[37.644077,48.310866],[37.639246,48.311115],[37.637533,48.311204]]]}},{"type":"Feature","properties":{"cadnum":"1422485500:19:000:0025"},"geometry":{"type":"Polygon","coordinates":[[[37.637299,48.309178],[37.637533,48.311204],[37.639074,48.311124],[37.644077,48.310866],[37.644036,48.310648],[37.639173,48.309587],[37.637299,48.309178]],[[37.638639,48.310967],[37.638638,48.310967],[37.638642,48.310743],[37.638643,48.310743],[37.638912,48.310743],[37.638907,48.31097],[37.638639,48.310967]]]}},{"type":"Feature","properties":{"cadnum":"1422485500:35:000:0015"},"geometry":{"type":"Polygon","coordinates":[[[37.677706,48.394525],[37.680018,48.394761],[37.680131,48.394278],[37.677813,48.394042],[37.677706,48.394525]]]}},{"type":"Feature","properties":{"cadnum":"1422485500:44:000:0029"},"geometry":{"type":"Polygon","coordinates":[[[37.72304,48.350366],[37.723103,48.350375],[37.723973,48.350471],[37.724466,48.348936],[37.725101,48.346964],[37.724185,48.346886],[37.723473,48.34905],[37.72304,48.350366]]]}},{"type":"Feature","properties":{"cadnum":"1422485500:44:000:0026"},"geometry":{"type":"Polygon","coordinates":[[[37.723973,48.350471],[37.724814,48.350561],[37.725315,48.34905],[37.725644,48.348062],[37.7259,48.348014],[37.726066,48.34722],[37.726103,48.347047],[37.725101,48.346964],[37.724429,48.34905],[37.72443,48.34905],[37.723973,48.350471]]]}},{"type":"Feature","properties":{"cadnum":"1422485500:12:000:0018"},"geometry":{"type":"Polygon","coordinates":[[[37.72273,48.315884],[37.723097,48.315938],[37.723785,48.31604],[37.72409,48.315872],[37.723187,48.315514],[37.722828,48.315454],[37.722791,48.315597],[37.72273,48.315884]],[[37.723088,48.315926],[37.722967,48.315887],[37.723048,48.315765],[37.723174,48.315803],[37.723088,48.315926]]]}},{"type":"Feature","properties":{"cadnum":"1422485500:08:000:0066"},"geometry":{"type":"Polygon","coordinates":[[[37.658567,48.320006],[37.65916,48.323306],[37.659874,48.323172],[37.65929,48.319914],[37.658567,48.320006]]]}},{"type":"Feature","properties":{"cadnum":"1422485500:08:000:0067"},"geometry":{"type":"Polygon","coordinates":[[[37.65929,48.319914],[37.659874,48.323172],[37.660602,48.323037],[37.660022,48.319818],[37.65929,48.319914]]]}},{"type":"Feature","properties":{"cadnum":"1422485500:08:000:0062"},"geometry":{"type":"Polygon","coordinates":[[[37.655864,48.320355],[37.656223,48.323374],[37.656223,48.323375],[37.656222,48.323375],[37.656277,48.323826],[37.656434,48.323811],[37.657063,48.323695],[37.657005,48.323375],[37.657005,48.323374],[37.656451,48.320277],[37.655864,48.320355]]]}},{"type":"Feature","properties":{"cadnum":"1422485500:08:000:0063"},"geometry":{"type":"Polygon","coordinates":[[[37.656451,48.320277],[37.657025,48.323489],[37.657063,48.323695],[37.657755,48.323566],[37.65772,48.323375],[37.657719,48.323375],[37.657719,48.323374],[37.657147,48.320188],[37.656451,48.320277]]]}},{"type":"Feature","properties":{"cadnum":"1422485500:08:000:0065"},"geometry":{"type":"Polygon","coordinates":[[[37.657852,48.320098],[37.658443,48.323374],[37.658443,48.323375],[37.658455,48.323438],[37.65916,48.323306],[37.658567,48.320006],[37.657852,48.320098]]]}},{"type":"Feature","properties":{"cadnum":"1422485500:08:000:0064"},"geometry":{"type":"Polygon","coordinates":[[[37.657147,48.320188],[37.65774,48.323489],[37.657755,48.323566],[37.658453,48.323438],[37.658455,48.323438],[37.657852,48.320098],[37.657147,48.320188]]]}},{"type":"Feature","properties":{"cadnum":"1422485500:15:001:0174"},"geometry":{"type":"Polygon","coordinates":[[[37.677737,48.330417],[37.67778,48.330679],[37.677782,48.330691],[37.677799,48.330793],[37.677867,48.331194],[37.678253,48.331247],[37.678186,48.330793],[37.678127,48.33039],[37.677737,48.330417]]]}},{"type":"Feature","properties":{"cadnum":"1422485500:15:002:0099"},"geometry":{"type":"Polygon","coordinates":[[[37.678496,48.327717],[37.678536,48.327914],[37.679093,48.32798],[37.679183,48.327929],[37.679224,48.327876],[37.679295,48.327903],[37.679399,48.327872],[37.679183,48.327589],[37.678496,48.327717]]]}},{"type":"Feature","properties":{"cadnum":"1422485500:15:001:0154"},"geometry":{"type":"Polygon","coordinates":[[[37.67763,48.328106],[37.677697,48.328434],[37.677768,48.328428],[37.6778,48.328634],[37.678303,48.328592],[37.678231,48.328055],[37.67763,48.328106]]]}},{"type":"Feature","properties":{"cadnum":"1422485500:15:001:0155"},"geometry":{"type":"Polygon","coordinates":[[[37.6778,48.328634],[37.677813,48.328718],[37.678312,48.328673],[37.678303,48.328592],[37.6778,48.328634]]]}},{"type":"Feature","properties":{"cadnum":"1422485500:15:001:0157"},"geometry":{"type":"Polygon","coordinates":[[[37.681555,48.327314],[37.681928,48.327768],[37.682211,48.328117],[37.682404,48.328013],[37.682139,48.327664],[37.681762,48.327228],[37.681555,48.327314]]]}},{"type":"Feature","properties":{"cadnum":"1422485500:15:001:0181"},"geometry":{"type":"Polygon","coordinates":[[[37.680513,48.329473],[37.680549,48.32953],[37.68063,48.329509],[37.680594,48.32945],[37.680513,48.329473]]]}},{"type":"Feature","properties":{"cadnum":"1422485500:15:001:0152"},"geometry":{"type":"Polygon","coordinates":[[[37.680234,48.328335],[37.680284,48.32847],[37.68049,48.328956],[37.680598,48.328948],[37.680756,48.328894],[37.680819,48.328867],[37.680957,48.32881],[37.680714,48.328419],[37.68063,48.328216],[37.680234,48.328335]]]}},{"type":"Feature","properties":{"cadnum":"1422485500:15:002:0003"},"geometry":{"type":"Polygon","coordinates":[[[37.679431,48.329583],[37.679475,48.329808],[37.679489,48.329804],[37.679637,48.32979],[37.679808,48.329769],[37.679785,48.329652],[37.679762,48.329548],[37.679452,48.329581],[37.679431,48.329583]]]}},{"type":"Feature","properties":{"cadnum":"1422485500:15:001:0141"},"geometry":{"type":"Polygon","coordinates":[[[37.68076,48.329339],[37.6808,48.329386],[37.681039,48.329689],[37.681447,48.329551],[37.681209,48.329244],[37.681173,48.329195],[37.68076,48.329339]]]}},{"type":"Feature","properties":{"cadnum":"1422485500:15:001:0159"},"geometry":{"type":"Polygon","coordinates":[[[37.679079,48.327469],[37.679169,48.327568],[37.679534,48.327425],[37.679668,48.327359],[37.679561,48.327261],[37.679079,48.327469]]]}},{"type":"Feature","properties":{"cadnum":"1422485500:15:001:0140"},"geometry":{"type":"Polygon","coordinates":[[[37.681429,48.329067],[37.681806,48.329587],[37.682255,48.329441],[37.682192,48.329354],[37.682444,48.329273],[37.682129,48.32884],[37.681829,48.328939],[37.681798,48.328948],[37.681429,48.329067]]]}},{"type":"Feature","properties":{"cadnum":"1422485500:15:001:0172"},"geometry":{"type":"Polygon","coordinates":[[[37.679534,48.327425],[37.679651,48.327726],[37.679821,48.328246],[37.680176,48.32818],[37.679991,48.327693],[37.679825,48.327272],[37.679668,48.327359],[37.679534,48.327425]]]}},{"type":"Feature","properties":{"cadnum":"1422485500:15:001:0089"},"geometry":{"type":"Polygon","coordinates":[[[37.683046,48.327998],[37.683191,48.32815],[37.683387,48.328356],[37.684308,48.329129],[37.684492,48.329038],[37.683572,48.328264],[37.68315,48.327941],[37.683046,48.327998]]]}},{"type":"Feature","properties":{"cadnum":"1422485500:15:000:0015"},"geometry":{"type":"Polygon","coordinates":[[[37.680176,48.329919],[37.680328,48.330381],[37.68041,48.330641],[37.680423,48.330679],[37.680428,48.330692],[37.680463,48.330793],[37.680464,48.330793],[37.680657,48.331331],[37.68151,48.331345],[37.682309,48.330915],[37.682678,48.330717],[37.682911,48.330593],[37.682081,48.330369],[37.681343,48.330417],[37.680854,48.32993],[37.680827,48.329924],[37.680176,48.329919]]]}},{"type":"Feature","properties":{"cadnum":"1422485500:15:001:0021"},"geometry":{"type":"Polygon","coordinates":[[[37.677871,48.328992],[37.677913,48.329315],[37.67832,48.329258],[37.67828,48.328936],[37.677871,48.328992]]]}},{"type":"Feature","properties":{"cadnum":"1422485500:15:000:0014"},"geometry":{"type":"Polygon","coordinates":[[[37.679085,48.330847],[37.679183,48.331417],[37.679152,48.331426],[37.679175,48.331599],[37.679672,48.331522],[37.679655,48.331486],[37.680163,48.331364],[37.68019,48.331441],[37.680683,48.331364],[37.680657,48.331331],[37.680428,48.330692],[37.68041,48.330641],[37.679428,48.330793],[37.679085,48.330847]]]}},{"type":"Feature","properties":{"cadnum":"1422485500:15:001:0173"},"geometry":{"type":"Polygon","coordinates":[[[37.679821,48.328246],[37.679965,48.328643],[37.680091,48.329022],[37.68049,48.328956],[37.680284,48.32847],[37.680234,48.328335],[37.680176,48.32818],[37.679821,48.328246]]]}},{"type":"Feature","properties":{"cadnum":"1422485500:15:001:0178"},"geometry":{"type":"Polygon","coordinates":[[[37.681213,48.329237],[37.681429,48.329518],[37.681515,48.329488],[37.681295,48.329211],[37.681213,48.329237]]]}},{"type":"Feature","properties":{"cadnum":"1422485500:30:000:0008"},"geometry":{"type":"Polygon","coordinates":[[[37.658585,48.290234],[37.65956,48.290504],[37.659627,48.290398],[37.659707,48.290276],[37.660804,48.289069],[37.659533,48.28886],[37.658585,48.290234]]]}},{"type":"Feature","properties":{"cadnum":"1422485500:30:000:0007"},"geometry":{"type":"Polygon","coordinates":[[[37.657831,48.29134],[37.658032,48.291946],[37.658351,48.292377],[37.658644,48.291926],[37.659128,48.291173],[37.65956,48.290504],[37.658585,48.290234],[37.658409,48.290491],[37.657831,48.29134]]]}},{"type":"Feature","properties":{"cadnum":"1422485500:25:000:0044"},"geometry":{"type":"Polygon","coordinates":[[[37.610965,48.305802],[37.611131,48.306534],[37.61178,48.306406],[37.61178,48.306405],[37.614783,48.305808],[37.614779,48.305793],[37.614636,48.305214],[37.614603,48.305079],[37.614455,48.305109],[37.614454,48.305109],[37.614255,48.305148],[37.613879,48.305223],[37.611609,48.305674],[37.611608,48.305674],[37.610965,48.305802]]]}},{"type":"Feature","properties":{"cadnum":"1422485500:02:000:0017"},"geometry":{"type":"Polygon","coordinates":[[[37.681164,48.296641],[37.681676,48.296832],[37.682129,48.296949],[37.682561,48.296331],[37.681595,48.296118],[37.681164,48.296641]]]}},{"type":"Feature","properties":{"cadnum":"1422485500:53:001:0004"},"geometry":{"type":"Polygon","coordinates":[[[37.678096,48.296256],[37.679215,48.29671],[37.679349,48.296504],[37.678209,48.296028],[37.678096,48.296256]]]}},{"type":"Feature","properties":{"cadnum":"1422485500:53:001:0006"},"geometry":{"type":"Polygon","coordinates":[[[37.677913,48.296776],[37.678913,48.297149],[37.679058,48.296925],[37.678007,48.2965],[37.677913,48.296776]]]}},{"type":"Feature","properties":{"cadnum":"1422485500:02:000:0012"},"geometry":{"type":"Polygon","coordinates":[[[37.680127,48.296259],[37.680211,48.296283],[37.681164,48.296641],[37.681595,48.296118],[37.680953,48.295975],[37.680378,48.295742],[37.680127,48.296259]]]}},{"type":"Feature","properties":{"cadnum":"1422485500:53:001:0005"},"geometry":{"type":"Polygon","coordinates":[[[37.678007,48.2965],[37.679058,48.296925],[37.679215,48.29671],[37.678096,48.296256],[37.678007,48.2965]]]}},{"type":"Feature","properties":{"cadnum":"1422485500:49:000:0056"},"geometry":{"type":"Polygon","coordinates":[[[37.693264,48.325023],[37.693578,48.325155],[37.693408,48.325433],[37.693758,48.325415],[37.694006,48.32533],[37.694055,48.325313],[37.694178,48.325271],[37.694221,48.325256],[37.697312,48.324086],[37.696849,48.323733],[37.694297,48.324651],[37.694156,48.324701],[37.69353,48.324925],[37.693264,48.325023]]]}},{"type":"Feature","properties":{"cadnum":"1422485500:49:000:0037"},"geometry":{"type":"Polygon","coordinates":[[[37.692448,48.324545],[37.692855,48.324919],[37.692896,48.324904],[37.693058,48.324949],[37.693228,48.324976],[37.693498,48.324886],[37.694006,48.324705],[37.694099,48.324672],[37.694178,48.324643],[37.694266,48.324611],[37.69467,48.324465],[37.694289,48.324113],[37.694153,48.32416],[37.694113,48.324175],[37.693934,48.324238],[37.692748,48.324647],[37.692654,48.324468],[37.692448,48.324545]]]}},{"type":"Feature","properties":{"cadnum":"1422485500:02:000:0010"},"geometry":{"type":"Polygon","coordinates":[[[37.694715,48.293793],[37.694727,48.29426],[37.694728,48.29426],[37.694765,48.29561],[37.695484,48.295479],[37.695443,48.29426],[37.695444,48.29426],[37.695425,48.293653],[37.694715,48.293793]]]}},{"type":"Feature","properties":{"cadnum":"1422485500:02:000:0016"},"geometry":{"type":"Polygon","coordinates":[[[37.697666,48.293507],[37.697675,48.294146],[37.697674,48.294146],[37.697675,48.294164],[37.697677,48.29426],[37.697685,48.294792],[37.698461,48.294666],[37.698455,48.294222],[37.698448,48.293408],[37.697666,48.293507]]]}},{"type":"Feature","properties":{"cadnum":"1422485500:02:000:0015"},"geometry":{"type":"Polygon","coordinates":[[[37.696171,48.294334],[37.696171,48.295013],[37.696727,48.294938],[37.697685,48.294792],[37.697675,48.294164],[37.696824,48.29426],[37.696171,48.294334]]]}},{"type":"Feature","properties":{"cadnum":"1422485500:56:000:0003"},"geometry":{"type":"Polygon","coordinates":[[[37.694419,48.292183],[37.69462,48.292144],[37.694742,48.291525],[37.69454,48.291561],[37.694419,48.292183]]]}},{"type":"Feature","properties":{"cadnum":"1422485500:56:000:0004"},"geometry":{"type":"Polygon","coordinates":[[[37.694217,48.292218],[37.694419,48.292183],[37.69454,48.291561],[37.694339,48.291597],[37.694217,48.292218]]]}},{"type":"Feature","properties":{"cadnum":"1422485500:56:000:0002"},"geometry":{"type":"Polygon","coordinates":[[[37.69462,48.292144],[37.694823,48.292108],[37.694945,48.291487],[37.694742,48.291525],[37.69462,48.292144]]]}},{"type":"Feature","properties":{"cadnum":"1422485500:24:000:0009"},"geometry":{"type":"Polygon","coordinates":[[[37.649233,48.306899],[37.650232,48.306929],[37.655076,48.307075],[37.655076,48.305996],[37.650061,48.305844],[37.650061,48.305845],[37.649239,48.305819],[37.649239,48.30628],[37.649233,48.306899]]]}},{"type":"Feature","properties":{"cadnum":"1422485500:24:000:0015"},"geometry":{"type":"Polygon","coordinates":[[[37.655072,48.30815],[37.655725,48.308173],[37.655725,48.308172],[37.655726,48.308172],[37.657134,48.308219],[37.657139,48.306692],[37.655595,48.306646],[37.655076,48.306629],[37.655076,48.307075],[37.655072,48.30815]]]}},{"type":"Feature","properties":{"cadnum":"1422485500:24:000:0010"},"geometry":{"type":"Polygon","coordinates":[[[37.649233,48.307977],[37.650232,48.308008],[37.650232,48.308007],[37.655072,48.30815],[37.655076,48.307075],[37.650061,48.306924],[37.649233,48.306899],[37.649233,48.307977]]]}},{"type":"Feature","properties":{"cadnum":"1422485500:28:000:0026"},"geometry":{"type":"Polygon","coordinates":[[[37.651843,48.272736],[37.652126,48.273678],[37.652391,48.274551],[37.65279,48.275869],[37.652816,48.275954],[37.652825,48.275984],[37.652862,48.276106],[37.652868,48.276102],[37.653172,48.275984],[37.65378,48.275747],[37.654718,48.275083],[37.65438,48.273789],[37.654044,48.272477],[37.651843,48.272736]]]}},{"type":"Feature","properties":{"cadnum":"1422485500:15:003:0055"},"geometry":{"type":"Polygon","coordinates":[[[37.716504,48.3675],[37.716706,48.368342],[37.717034,48.368271],[37.71685,48.367459],[37.716504,48.3675]]]}},{"type":"Feature","properties":{"cadnum":"1422485500:39:000:0029"},"geometry":{"type":"Polygon","coordinates":[[[37.718646,48.370269],[37.718709,48.370669],[37.719841,48.370604],[37.719734,48.370207],[37.718646,48.370269]]]}},{"type":"Feature","properties":{"cadnum":"1422485500:39:001:0010"},"geometry":{"type":"Polygon","coordinates":[[[37.720569,48.369359],[37.720646,48.369852],[37.720757,48.369843],[37.72077,48.369912],[37.721216,48.369857],[37.721094,48.3693],[37.720569,48.369359]]]}},{"type":"Feature","properties":{"cadnum":"1422485500:39:000:0014"},"geometry":{"type":"Polygon","coordinates":[[[37.716504,48.371525],[37.717541,48.371562],[37.718525,48.371595],[37.718736,48.371003],[37.718692,48.371003],[37.718667,48.37085],[37.718233,48.36799],[37.717487,48.368157],[37.717371,48.368187],[37.717034,48.368271],[37.716553,48.368375],[37.716514,48.370836],[37.716504,48.371525]]]}},{"type":"Feature","properties":{"cadnum":"1422485500:39:000:0030"},"geometry":{"type":"Polygon","coordinates":[[[37.718305,48.368008],[37.718485,48.369211],[37.718646,48.370269],[37.719734,48.370207],[37.719541,48.369481],[37.719401,48.369497],[37.719401,48.369496],[37.719361,48.369339],[37.719495,48.36932],[37.719455,48.369156],[37.719172,48.368118],[37.718795,48.367954],[37.718305,48.368008]]]}},{"type":"Feature","properties":{"cadnum":"1422485500:39:001:0011"},"geometry":{"type":"Polygon","coordinates":[[[37.72077,48.369912],[37.720896,48.370535],[37.721355,48.370496],[37.721216,48.369857],[37.72077,48.369912]]]}},{"type":"Feature","properties":{"cadnum":"1422485500:49:000:0054"},"geometry":{"type":"Polygon","coordinates":[[[37.700702,48.32224],[37.701197,48.322613],[37.702585,48.322085],[37.702786,48.322007],[37.703222,48.321753],[37.702243,48.321016],[37.700702,48.32224]]]}},{"type":"Feature","properties":{"cadnum":"1422485500:49:000:0081"},"geometry":{"type":"Polygon","coordinates":[[[37.703218,48.320126],[37.70443,48.321043],[37.704821,48.32081],[37.70364,48.319916],[37.703218,48.320126]]]}},{"type":"Feature","properties":{"cadnum":"1422485500:49:000:0053"},"geometry":{"type":"Polygon","coordinates":[[[37.702243,48.321016],[37.703222,48.321753],[37.70443,48.321043],[37.703218,48.320126],[37.703182,48.320144],[37.702482,48.320828],[37.702243,48.321016]]]}},{"type":"Feature","properties":{"cadnum":"1422485500:24:003:0068"},"geometry":{"type":"Polygon","coordinates":[[[37.638516,48.294352],[37.63852,48.294899],[37.638786,48.294887],[37.638786,48.29434],[37.638516,48.294352]]]}},{"type":"Feature","properties":{"cadnum":"1422485500:39:001:0019"},"geometry":{"type":"Polygon","coordinates":[[[37.72272,48.366181],[37.722797,48.36656],[37.722833,48.366754],[37.723344,48.366721],[37.723227,48.366122],[37.72272,48.366181]]]}},{"type":"Feature","properties":{"cadnum":"1422485500:44:002:0065"},"geometry":{"type":"Polygon","coordinates":[[[37.723219,48.36525],[37.723282,48.365555],[37.72387,48.365495],[37.723803,48.365194],[37.723219,48.36525]]]}},{"type":"Feature","properties":{"cadnum":"1422485500:05:000:0036"},"geometry":{"type":"Polygon","coordinates":[[[37.656065,48.339724],[37.656434,48.340398],[37.659546,48.339604],[37.659259,48.338909],[37.656065,48.339724]]]}},{"type":"Feature","properties":{"cadnum":"1422485500:24:000:0016"},"geometry":{"type":"Polygon","coordinates":[[[37.657134,48.308219],[37.658931,48.308275],[37.658921,48.307827],[37.659591,48.306917],[37.659609,48.306767],[37.657139,48.306692],[37.657134,48.308219]]]}},{"type":"Feature","properties":{"cadnum":"1422485500:53:001:0007"},"geometry":{"type":"Polygon","coordinates":[[[37.676955,48.298535],[37.677526,48.298759],[37.677637,48.298802],[37.677698,48.298826],[37.677804,48.298867],[37.677934,48.298739],[37.677698,48.298651],[37.677045,48.298404],[37.676955,48.298535]]]}},{"type":"Feature","properties":{"cadnum":"1422485500:38:000:0057"},"geometry":{"type":"Polygon","coordinates":[[[37.696081,48.380312],[37.696238,48.380327],[37.696346,48.379835],[37.696719,48.378435],[37.696785,48.378133],[37.697015,48.37709],[37.697312,48.375748],[37.69741,48.374739],[37.69723,48.374784],[37.697302,48.374936],[37.697159,48.375598],[37.69684,48.377004],[37.696579,48.378133],[37.696578,48.378133],[37.696517,48.378406],[37.696197,48.379796],[37.696081,48.380312]]]}},{"type":"Feature","properties":{"cadnum":"1422485500:37:000:0016"},"geometry":{"type":"Polygon","coordinates":[[[37.692169,48.375115],[37.694178,48.37531],[37.697096,48.375592],[37.697243,48.374945],[37.694178,48.374689],[37.693111,48.374599],[37.692295,48.37453],[37.692279,48.374599],[37.69228,48.374599],[37.692169,48.375115]]]}},{"type":"Feature","properties":{"cadnum":"1422485500:37:000:0014"},"geometry":{"type":"Polygon","coordinates":[[[37.691557,48.377928],[37.694178,48.378181],[37.696449,48.3784],[37.696484,48.378247],[37.696773,48.377],[37.697096,48.375592],[37.694006,48.375293],[37.694006,48.375294],[37.692169,48.375115],[37.691953,48.376102],[37.691859,48.376526],[37.691616,48.377648],[37.691557,48.377928]]]}},{"type":"Feature","properties":{"cadnum":"1422485500:51:000:0032"},"geometry":{"type":"Polygon","coordinates":[[[37.696997,48.311069],[37.698591,48.31112],[37.698685,48.311012],[37.699077,48.310101],[37.697302,48.310044],[37.697006,48.311054],[37.696997,48.311069]]]}},{"type":"Feature","properties":{"cadnum":"1422485500:51:000:0029"},"geometry":{"type":"Polygon","coordinates":[[[37.694876,48.313704],[37.696297,48.314226],[37.697968,48.313605],[37.696889,48.313128],[37.696889,48.313127],[37.697249,48.312661],[37.697443,48.312437],[37.697715,48.312123],[37.696377,48.312081],[37.696172,48.312416],[37.696138,48.312471],[37.696102,48.31253],[37.695815,48.313002],[37.695735,48.313136],[37.694876,48.313704]]]}},{"type":"Feature","properties":{"cadnum":"1422485500:51:000:0031"},"geometry":{"type":"Polygon","coordinates":[[[37.696377,48.312081],[37.697715,48.312123],[37.697962,48.311842],[37.698591,48.31112],[37.696997,48.311069],[37.696377,48.312081]]]}},{"type":"Feature","properties":{"cadnum":"1422485500:44:000:0016"},"geometry":{"type":"Polygon","coordinates":[[[37.71773,48.357411],[37.71826,48.35747],[37.719478,48.357601],[37.719767,48.356237],[37.719766,48.356237],[37.720263,48.3539],[37.718516,48.353709],[37.717978,48.356237],[37.717958,48.356332],[37.717954,48.356351],[37.71773,48.357411]]]}},{"type":"Feature","properties":{"cadnum":"1422485500:44:000:0036"},"geometry":{"type":"Polygon","coordinates":[[[37.719478,48.357601],[37.720654,48.35773],[37.720959,48.356237],[37.721413,48.354026],[37.720263,48.3539],[37.719742,48.356351],[37.719743,48.356351],[37.719478,48.357601]]]}},{"type":"Feature","properties":{"cadnum":"1422485500:25:000:0001"},"geometry":{"type":"Polygon","coordinates":[[[37.607961,48.307167],[37.608114,48.307899],[37.61178,48.30717],[37.614959,48.306537],[37.614783,48.305808],[37.61178,48.306407],[37.61178,48.306406],[37.607961,48.307167]]]}},{"type":"Feature","properties":{"cadnum":"1422485500:52:000:0015"},"geometry":{"type":"Polygon","coordinates":[[[37.672653,48.319495],[37.672876,48.319722],[37.672945,48.319792],[37.672988,48.319836],[37.673192,48.320042],[37.675213,48.320012],[37.676911,48.319985],[37.676887,48.319832],[37.676829,48.319436],[37.674808,48.319465],[37.672653,48.319495]]]}},{"type":"Feature","properties":{"cadnum":"1422485500:52:000:0019"},"geometry":{"type":"Polygon","coordinates":[[[37.67241,48.318988],[37.672653,48.319495],[37.674808,48.319465],[37.676829,48.319436],[37.676718,48.318931],[37.674691,48.318946],[37.67241,48.318988]]]}},{"type":"Feature","properties":{"cadnum":"1422485500:23:000:0024"},"geometry":{"type":"Polygon","coordinates":[[[37.630845,48.300092],[37.631173,48.301454],[37.631173,48.301455],[37.631299,48.301975],[37.631806,48.304069],[37.633203,48.30395],[37.633499,48.303923],[37.633405,48.303516],[37.633109,48.302232],[37.632956,48.301569],[37.632574,48.299907],[37.631887,48.299979],[37.631083,48.300065],[37.630845,48.300092]],[[37.631488,48.301481],[37.631514,48.301479],[37.631515,48.301479],[37.63154,48.301569],[37.631541,48.301569],[37.631541,48.301571],[37.631555,48.30158],[37.631772,48.301554],[37.631779,48.301554],[37.631781,48.301569],[37.631783,48.301569],[37.631788,48.301589],[37.631564,48.301616],[37.631555,48.301625],[37.631578,48.301718],[37.631577,48.301718],[37.631551,48.30172],[37.631528,48.301629],[37.631509,48.301622],[37.631285,48.301646],[37.631276,48.301611],[37.631501,48.301587],[37.631515,48.301574],[37.631488,48.301481]]]}},{"type":"Feature","properties":{"cadnum":"1422485500:23:000:0023"},"geometry":{"type":"Polygon","coordinates":[[[37.629138,48.300278],[37.629451,48.301569],[37.630094,48.304216],[37.631806,48.304069],[37.631174,48.301455],[37.631173,48.301455],[37.631173,48.301454],[37.630845,48.300092],[37.629138,48.300278]]]}},{"type":"Feature","properties":{"cadnum":"1422485500:42:000:0010"},"geometry":{"type":"Polygon","coordinates":[[[37.738108,48.37922],[37.740861,48.379474],[37.741037,48.378647],[37.739213,48.37848],[37.738557,48.378745],[37.738194,48.378805],[37.738108,48.37922]]]}},{"type":"Feature","properties":{"cadnum":"1422485500:24:000:0020"},"geometry":{"type":"Polygon","coordinates":[[[37.652778,48.312736],[37.652925,48.312789],[37.653531,48.312822],[37.653877,48.3129],[37.653973,48.312957],[37.654398,48.312416],[37.654677,48.312061],[37.654057,48.312039],[37.653613,48.311678],[37.65303,48.312416],[37.652778,48.312736]]]}},{"type":"Feature","properties":{"cadnum":"1422485500:24:000:0028"},"geometry":{"type":"Polygon","coordinates":[[[37.651277,48.311195],[37.653042,48.311547],[37.653411,48.311421],[37.653694,48.311323],[37.653594,48.310719],[37.651277,48.311195]]]}},{"type":"Feature","properties":{"cadnum":"1422485500:24:000:0019"},"geometry":{"type":"Polygon","coordinates":[[[37.651646,48.312488],[37.652099,48.312491],[37.652206,48.31253],[37.652208,48.31253],[37.652778,48.312736],[37.65294,48.31253],[37.653613,48.311678],[37.65351,48.311598],[37.65351,48.31155],[37.653074,48.311726],[37.652359,48.311583],[37.651703,48.312416],[37.651702,48.312416],[37.651646,48.312488]]]}},{"type":"Feature","properties":{"cadnum":"1422485500:24:000:0090"},"geometry":{"type":"Polygon","coordinates":[[[37.653573,48.310567],[37.653594,48.310719],[37.653694,48.311323],[37.653725,48.311493],[37.654556,48.311377],[37.654304,48.310385],[37.653573,48.310567]]]}},{"type":"Feature","properties":{"cadnum":"1422485500:24:000:0089"},"geometry":{"type":"Polygon","coordinates":[[[37.654304,48.310385],[37.654556,48.311377],[37.655365,48.311263],[37.654952,48.310223],[37.654304,48.310385]]]}},{"type":"Feature","properties":{"cadnum":"1422485500:24:000:0098"},"geometry":{"type":"Polygon","coordinates":[[[37.650711,48.311469],[37.650734,48.311974],[37.653617,48.311941],[37.653751,48.311529],[37.653218,48.310325],[37.652885,48.310337],[37.652881,48.310504],[37.65311,48.310507],[37.653195,48.311144],[37.652862,48.311658],[37.652243,48.311747],[37.651233,48.311571],[37.650711,48.311469]]]}},{"type":"Feature","properties":{"cadnum":"1422485500:11:000:0028"},"geometry":{"type":"Polygon","coordinates":[[[37.695492,48.263743],[37.696736,48.263878],[37.696997,48.263905],[37.69754,48.262359],[37.696035,48.262188],[37.695492,48.263743]]]}},{"type":"Feature","properties":{"cadnum":"1422485500:11:000:0029"},"geometry":{"type":"Polygon","coordinates":[[[37.696997,48.263905],[37.698511,48.264069],[37.698587,48.263857],[37.69905,48.262529],[37.69754,48.262359],[37.696997,48.263905]]]}},{"type":"Feature","properties":{"cadnum":"1422485500:47:000:0038"},"geometry":{"type":"Polygon","coordinates":[[[37.719055,48.340533],[37.720556,48.340661],[37.721018,48.338491],[37.719518,48.338351],[37.719055,48.340533]]]}},{"type":"Feature","properties":{"cadnum":"1422485500:02:000:0031"},"geometry":{"type":"Polygon","coordinates":[[[37.711977,48.290927],[37.71208,48.292165],[37.713099,48.292063],[37.713032,48.290799],[37.712507,48.290862],[37.711977,48.290927]]]}},{"type":"Feature","properties":{"cadnum":"1422485500:25:000:0041"},"geometry":{"type":"Polygon","coordinates":[[[37.610332,48.30593],[37.610498,48.306662],[37.610655,48.306629],[37.610494,48.305898],[37.610332,48.30593]]]}},{"type":"Feature","properties":{"cadnum":"1422485500:25:000:0043"},"geometry":{"type":"Polygon","coordinates":[[[37.610808,48.305835],[37.610974,48.306567],[37.611131,48.306534],[37.610965,48.305802],[37.610808,48.305835]]]}},{"type":"Feature","properties":{"cadnum":"1422485500:25:000:0040"},"geometry":{"type":"Polygon","coordinates":[[[37.610175,48.30596],[37.610336,48.306692],[37.610498,48.306662],[37.610332,48.30593],[37.610175,48.30596]]]}},{"type":"Feature","properties":{"cadnum":"1422485500:25:000:0032"},"geometry":{"type":"Polygon","coordinates":[[[37.608908,48.306211],[37.60907,48.306946],[37.609227,48.306913],[37.60907,48.306182],[37.608908,48.306211]]]}},{"type":"Feature","properties":{"cadnum":"1422485500:25:000:0038"},"geometry":{"type":"Polygon","coordinates":[[[37.60986,48.306023],[37.610022,48.306755],[37.610179,48.306725],[37.610018,48.305993],[37.60986,48.306023]]]}},{"type":"Feature","properties":{"cadnum":"1422485500:25:000:0045"},"geometry":{"type":"Polygon","coordinates":[[[37.610651,48.305865],[37.610812,48.3066],[37.610974,48.306567],[37.610808,48.305835],[37.610651,48.305865]]]}},{"type":"Feature","properties":{"cadnum":"1422485500:25:000:0034"},"geometry":{"type":"Polygon","coordinates":[[[37.609227,48.306149],[37.609389,48.306884],[37.609546,48.306851],[37.609384,48.306118],[37.609227,48.306149]]]}},{"type":"Feature","properties":{"cadnum":"1422485500:25:000:0035"},"geometry":{"type":"Polygon","coordinates":[[[37.609384,48.306118],[37.609546,48.306851],[37.609703,48.30682],[37.609542,48.306086],[37.609384,48.306118]]]}},{"type":"Feature","properties":{"cadnum":"1422485500:25:000:0031"},"geometry":{"type":"Polygon","coordinates":[[[37.608751,48.306244],[37.608913,48.306976],[37.60907,48.306946],[37.608908,48.306211],[37.608751,48.306244]]]}},{"type":"Feature","properties":{"cadnum":"1422485500:25:000:0033"},"geometry":{"type":"Polygon","coordinates":[[[37.60907,48.306182],[37.609227,48.306913],[37.609389,48.306884],[37.609227,48.306149],[37.60907,48.306182]]]}},{"type":"Feature","properties":{"cadnum":"1422485500:25:000:0036"},"geometry":{"type":"Polygon","coordinates":[[[37.609542,48.306086],[37.609703,48.30682],[37.60986,48.306788],[37.609699,48.306056],[37.609542,48.306086]]]}},{"type":"Feature","properties":{"cadnum":"1422485500:22:000:0023"},"geometry":{"type":"Polygon","coordinates":[[[37.607659,48.308069],[37.608178,48.308762],[37.610261,48.311541],[37.611661,48.311269],[37.609783,48.308762],[37.609782,48.308762],[37.609056,48.307792],[37.607659,48.308069]]]}},{"type":"Feature","properties":{"cadnum":"1422485500:25:000:0025"},"geometry":{"type":"Polygon","coordinates":[[[37.607804,48.306432],[37.607961,48.307167],[37.608118,48.307134],[37.607961,48.306403],[37.607804,48.306432]]]}},{"type":"Feature","properties":{"cadnum":"1422485500:25:000:0027"},"geometry":{"type":"Polygon","coordinates":[[[37.608118,48.30637],[37.608275,48.307105],[37.608437,48.307072],[37.608275,48.30634],[37.608118,48.30637]]]}},{"type":"Feature","properties":{"cadnum":"1422485500:25:000:0037"},"geometry":{"type":"Polygon","coordinates":[[[37.609699,48.306056],[37.60986,48.306788],[37.610022,48.306755],[37.60986,48.306023],[37.609699,48.306056]]]}},{"type":"Feature","properties":{"cadnum":"1422485500:25:000:0026"},"geometry":{"type":"Polygon","coordinates":[[[37.607961,48.306403],[37.608118,48.307134],[37.608275,48.307105],[37.608118,48.30637],[37.607961,48.306403]]]}},{"type":"Feature","properties":{"cadnum":"1422485500:25:000:0028"},"geometry":{"type":"Polygon","coordinates":[[[37.608275,48.30634],[37.608437,48.307072],[37.608594,48.307042],[37.608437,48.306307],[37.608275,48.30634]]]}},{"type":"Feature","properties":{"cadnum":"1422485500:25:000:0030"},"geometry":{"type":"Polygon","coordinates":[[[37.608594,48.306277],[37.608751,48.307009],[37.608913,48.306976],[37.608751,48.306244],[37.608594,48.306277]]]}},{"type":"Feature","properties":{"cadnum":"1422485500:25:000:0039"},"geometry":{"type":"Polygon","coordinates":[[[37.610018,48.305993],[37.610179,48.306725],[37.610336,48.306692],[37.610175,48.30596],[37.610018,48.305993]]]}},{"type":"Feature","properties":{"cadnum":"1422485500:25:000:0042"},"geometry":{"type":"Polygon","coordinates":[[[37.610494,48.305898],[37.610655,48.306629],[37.610812,48.3066],[37.610651,48.305865],[37.610494,48.305898]]]}},{"type":"Feature","properties":{"cadnum":"1422485500:25:000:0029"},"geometry":{"type":"Polygon","coordinates":[[[37.608437,48.306307],[37.608594,48.307042],[37.608751,48.307009],[37.608594,48.306277],[37.608437,48.306307]]]}},{"type":"Feature","properties":{"cadnum":"1422485500:42:000:0062"},"geometry":{"type":"Polygon","coordinates":[[[37.734219,48.370248],[37.735041,48.370311],[37.735179,48.369852],[37.735409,48.369103],[37.735468,48.368921],[37.734479,48.368846],[37.734219,48.370248]]]}},{"type":"Feature","properties":{"cadnum":"1422485500:42:000:0048"},"geometry":{"type":"Polygon","coordinates":[[[37.734636,48.36751],[37.735095,48.368103],[37.735202,48.368262],[37.736743,48.368404],[37.736752,48.368402],[37.736909,48.368339],[37.736959,48.368318],[37.737695,48.368028],[37.737659,48.367966],[37.73641,48.367972],[37.736177,48.367975],[37.736316,48.367853],[37.736339,48.367835],[37.737601,48.367858],[37.737422,48.367533],[37.73743,48.367488],[37.736038,48.367497],[37.734636,48.367503],[37.734636,48.36751]]]}},{"type":"Feature","properties":{"cadnum":"1422485500:42:000:0072"},"geometry":{"type":"Polygon","coordinates":[[[37.735814,48.371018],[37.736298,48.371084],[37.736869,48.371045],[37.736904,48.370874],[37.736932,48.370744],[37.736842,48.37072],[37.736146,48.370714],[37.736118,48.370591],[37.735907,48.370574],[37.735851,48.370836],[37.735845,48.370867],[37.735827,48.37095],[37.735828,48.37095],[37.735814,48.371018]]]}},{"type":"Feature","properties":{"cadnum":"1422485500:42:000:0065"},"geometry":{"type":"Polygon","coordinates":[[[37.734007,48.371275],[37.734812,48.37135],[37.734821,48.371296],[37.734902,48.370893],[37.734978,48.370529],[37.734982,48.370502],[37.735041,48.370311],[37.734219,48.370248],[37.73416,48.370556],[37.73416,48.370633],[37.734082,48.37095],[37.734083,48.37095],[37.734034,48.371153],[37.734007,48.371275]]]}},{"type":"Feature","properties":{"cadnum":"1422485500:42:000:0071"},"geometry":{"type":"Polygon","coordinates":[[[37.734902,48.370893],[37.735315,48.37095],[37.735316,48.37095],[37.735814,48.371018],[37.735845,48.370867],[37.735907,48.370574],[37.734982,48.370502],[37.734978,48.370529],[37.734914,48.370836],[37.734912,48.370836],[37.734902,48.370893]]]}},{"type":"Feature","properties":{"cadnum":"1422485500:42:000:0075"},"geometry":{"type":"Polygon","coordinates":[[[37.732844,48.375446],[37.732961,48.37544],[37.733114,48.375023],[37.733237,48.374519],[37.733338,48.374112],[37.733567,48.373199],[37.73359,48.373089],[37.733778,48.372281],[37.733882,48.371821],[37.734007,48.371275],[37.734034,48.371153],[37.73411,48.370836],[37.73411,48.370835],[37.73416,48.370633],[37.73416,48.370556],[37.734219,48.370248],[37.734313,48.369386],[37.734192,48.369505],[37.733957,48.370547],[37.733873,48.37095],[37.733874,48.37095],[37.733837,48.371131],[37.733428,48.372901],[37.733177,48.373993],[37.733039,48.374599],[37.73304,48.374599],[37.73293,48.375085],[37.732844,48.375446]]]}},{"type":"Feature","properties":{"cadnum":"1422485500:42:000:0042"},"geometry":{"type":"Polygon","coordinates":[[[37.734982,48.370502],[37.736118,48.370591],[37.73611,48.370568],[37.73611,48.370567],[37.736923,48.370434],[37.736967,48.370273],[37.73668,48.370216],[37.73668,48.370215],[37.736747,48.370091],[37.737008,48.370147],[37.737066,48.369953],[37.737076,48.369926],[37.735179,48.369852],[37.735041,48.370311],[37.734982,48.370502]]]}},{"type":"Feature","properties":{"cadnum":"1422485500:42:000:0063"},"geometry":{"type":"Polygon","coordinates":[[[37.733837,48.36761],[37.734529,48.368581],[37.734479,48.368846],[37.735468,48.368921],[37.735521,48.368736],[37.735202,48.368264],[37.735202,48.368262],[37.735089,48.3681],[37.734856,48.367802],[37.734816,48.367751],[37.734708,48.367601],[37.734641,48.36751],[37.734636,48.367503],[37.734506,48.367327],[37.733837,48.36761]]]}},{"type":"Feature","properties":{"cadnum":"1422485500:47:000:0011"},"geometry":{"type":"Polygon","coordinates":[[[37.733194,48.340232],[37.734749,48.340814],[37.73537,48.337983],[37.735369,48.337983],[37.735781,48.336111],[37.734047,48.335965],[37.733644,48.337983],[37.733624,48.338081],[37.733621,48.338097],[37.733194,48.340232]]]}},{"type":"Feature","properties":{"cadnum":"1422485500:09:000:0070"},"geometry":{"type":"Polygon","coordinates":[[[37.735139,48.341136],[37.735278,48.341181],[37.735427,48.340515],[37.735642,48.339557],[37.735854,48.338619],[37.73597,48.338097],[37.73606,48.337703],[37.736173,48.337203],[37.736267,48.336771],[37.736366,48.336338],[37.73642,48.336102],[37.736253,48.336087],[37.735877,48.337861],[37.73585,48.337983],[37.735498,48.339631],[37.735139,48.341136]]]}},{"type":"Feature","properties":{"cadnum":"1422485500:31:004:0003"},"geometry":{"type":"Polygon","coordinates":[[[37.674602,48.302294],[37.675024,48.302405],[37.675064,48.302477],[37.675496,48.302623],[37.67572,48.302315],[37.674754,48.302056],[37.674602,48.302294]]]}},{"type":"Feature","properties":{"cadnum":"1422485500:53:000:0022"},"geometry":{"type":"Polygon","coordinates":[[[37.673775,48.305916],[37.675945,48.307358],[37.676127,48.305223],[37.676128,48.305223],[37.676156,48.304902],[37.676295,48.303272],[37.675909,48.303161],[37.674355,48.302555],[37.674054,48.302662],[37.673844,48.305108],[37.673844,48.305109],[37.673775,48.305916]]]}},{"type":"Feature","properties":{"cadnum":"1422485500:51:000:0035"},"geometry":{"type":"Polygon","coordinates":[[[37.696889,48.313127],[37.697968,48.313605],[37.699377,48.313077],[37.698753,48.312482],[37.698125,48.312774],[37.698124,48.312774],[37.697249,48.312661],[37.696889,48.313127]]]}},{"type":"Feature","properties":{"cadnum":"1422485500:24:003:0049"},"geometry":{"type":"Polygon","coordinates":[[[37.652193,48.29757],[37.652526,48.297708],[37.653141,48.297074],[37.652795,48.296931],[37.652193,48.29757]]]}},{"type":"Feature","properties":{"cadnum":"1422485500:24:003:0050"},"geometry":{"type":"Polygon","coordinates":[[[37.652795,48.296931],[37.653141,48.297074],[37.653514,48.296692],[37.653164,48.29654],[37.652795,48.296931]]]}},{"type":"Feature","properties":{"cadnum":"1422485500:11:000:0074"},"geometry":{"type":"Polygon","coordinates":[[[37.691023,48.266667],[37.69127,48.266868],[37.691463,48.266879],[37.69154,48.266886],[37.691603,48.266888],[37.69166,48.266895],[37.691723,48.266897],[37.691782,48.266901],[37.691845,48.266906],[37.691903,48.26691],[37.691966,48.266912],[37.692029,48.266919],[37.692088,48.266921],[37.69215,48.266928],[37.692209,48.26693],[37.692272,48.266934],[37.69233,48.266939],[37.692595,48.265248],[37.691463,48.264993],[37.691023,48.266667]]]}},{"type":"Feature","properties":{"cadnum":"1422485500:11:000:0073"},"geometry":{"type":"Polygon","coordinates":[[[37.69224,48.267131],[37.692299,48.267137],[37.69233,48.266939],[37.692272,48.266934],[37.69224,48.267131]]]}},{"type":"Feature","properties":{"cadnum":"1422485500:11:000:0062"},"geometry":{"type":"Polygon","coordinates":[[[37.691509,48.267062],[37.691536,48.267083],[37.691571,48.267086],[37.691603,48.266888],[37.69154,48.266886],[37.691509,48.267062]]]}},{"type":"Feature","properties":{"cadnum":"1422485500:11:000:0061"},"geometry":{"type":"Polygon","coordinates":[[[37.691436,48.267005],[37.691509,48.267062],[37.69154,48.266886],[37.691463,48.266879],[37.691436,48.267005]]]}},{"type":"Feature","properties":{"cadnum":"1422485500:11:000:0012"},"geometry":{"type":"Polygon","coordinates":[[[37.692299,48.267137],[37.693557,48.267245],[37.693857,48.265328],[37.693314,48.265292],[37.692595,48.265248],[37.692299,48.267137]]]}},{"type":"Feature","properties":{"cadnum":"1422485500:11:000:0060"},"geometry":{"type":"Polygon","coordinates":[[[37.69127,48.266868],[37.691436,48.267005],[37.691463,48.266879],[37.69127,48.266868]]]}},{"type":"Feature","properties":{"cadnum":"1422485500:11:000:0070"},"geometry":{"type":"Polygon","coordinates":[[[37.692056,48.267119],[37.692119,48.267122],[37.69215,48.266928],[37.692088,48.266921],[37.692056,48.267119]]]}},{"type":"Feature","properties":{"cadnum":"1422485500:11:000:0063"},"geometry":{"type":"Polygon","coordinates":[[[37.691571,48.267086],[37.69163,48.267089],[37.69166,48.266895],[37.691603,48.266888],[37.691571,48.267086]]]}},{"type":"Feature","properties":{"cadnum":"1422485500:11:000:0072"},"geometry":{"type":"Polygon","coordinates":[[[37.692178,48.267128],[37.69224,48.267131],[37.692272,48.266934],[37.692209,48.26693],[37.692178,48.267128]]]}},{"type":"Feature","properties":{"cadnum":"1422485500:11:000:0066"},"geometry":{"type":"Polygon","coordinates":[[[37.691813,48.267104],[37.691876,48.267107],[37.691903,48.26691],[37.691845,48.266906],[37.691813,48.267104]]]}},{"type":"Feature","properties":{"cadnum":"1422485500:11:000:0069"},"geometry":{"type":"Polygon","coordinates":[[[37.691998,48.267116],[37.692056,48.267119],[37.692088,48.266921],[37.692029,48.266919],[37.691998,48.267116]]]}},{"type":"Feature","properties":{"cadnum":"1422485500:11:000:0064"},"geometry":{"type":"Polygon","coordinates":[[[37.69163,48.267089],[37.691693,48.267095],[37.691723,48.266897],[37.69166,48.266895],[37.69163,48.267089]]]}},{"type":"Feature","properties":{"cadnum":"1422485500:11:000:0067"},"geometry":{"type":"Polygon","coordinates":[[[37.691876,48.267107],[37.691935,48.26711],[37.691966,48.266912],[37.691903,48.26691],[37.691876,48.267107]]]}},{"type":"Feature","properties":{"cadnum":"1422485500:11:000:0068"},"geometry":{"type":"Polygon","coordinates":[[[37.691935,48.26711],[37.691998,48.267116],[37.692029,48.266919],[37.691966,48.266912],[37.691935,48.26711]]]}},{"type":"Feature","properties":{"cadnum":"1422485500:11:000:0071"},"geometry":{"type":"Polygon","coordinates":[[[37.692119,48.267122],[37.692178,48.267128],[37.692209,48.26693],[37.69215,48.266928],[37.692119,48.267122]]]}},{"type":"Feature","properties":{"cadnum":"1422485500:11:000:0065"},"geometry":{"type":"Polygon","coordinates":[[[37.691693,48.267095],[37.69175,48.267098],[37.691782,48.266901],[37.691723,48.266897],[37.691693,48.267095]]]}},{"type":"Feature","properties":{"cadnum":"1422485500:11:000:0075"},"geometry":{"type":"Polygon","coordinates":[[[37.69175,48.267098],[37.691813,48.267104],[37.691845,48.266906],[37.691782,48.266901],[37.69175,48.267098]]]}},{"type":"Feature","properties":{"cadnum":"1422485500:43:000:0002"},"geometry":{"type":"Polygon","coordinates":[[[37.71265,48.34485],[37.715543,48.34505],[37.715973,48.342763],[37.713149,48.342566],[37.71265,48.34485]]]}},{"type":"Feature","properties":{"cadnum":"1422485500:43:000:0030"},"geometry":{"type":"Polygon","coordinates":[[[37.713149,48.342566],[37.714564,48.342664],[37.715973,48.342763],[37.716009,48.342682],[37.714648,48.342521],[37.713292,48.34236],[37.713149,48.342566]]]}},{"type":"Feature","properties":{"cadnum":"1422485500:43:000:0033"},"geometry":{"type":"Polygon","coordinates":[[[37.71216,48.347074],[37.712161,48.347074],[37.71512,48.34728],[37.715476,48.345399],[37.715543,48.34505],[37.71265,48.34485],[37.712554,48.345285],[37.712553,48.345285],[37.712224,48.346791],[37.71216,48.347074]]]}},{"type":"Feature","properties":{"cadnum":"1422485500:49:000:0011"},"geometry":{"type":"Polygon","coordinates":[[[37.711132,48.312792],[37.712237,48.313345],[37.713396,48.313927],[37.714078,48.312903],[37.714752,48.312416],[37.715309,48.312013],[37.714581,48.311649],[37.713935,48.311326],[37.711632,48.31253],[37.711132,48.312792]]]}},{"type":"Feature","properties":{"cadnum":"1422485500:49:000:0050"},"geometry":{"type":"Polygon","coordinates":[[[37.713998,48.313399],[37.714658,48.313686],[37.715749,48.312416],[37.715331,48.312236],[37.714922,48.31253],[37.714258,48.313008],[37.713998,48.313399]]]}},{"type":"Feature","properties":{"cadnum":"1422485500:16:000:0002"},"geometry":{"type":"Polygon","coordinates":[[[37.666678,48.326798],[37.666735,48.327027],[37.666745,48.327068],[37.666763,48.327141],[37.667133,48.328634],[37.668395,48.328389],[37.668088,48.327141],[37.667946,48.326559],[37.666678,48.326798]]]}},{"type":"Feature","properties":{"cadnum":"1422485500:16:000:0003"},"geometry":{"type":"Polygon","coordinates":[[[37.667946,48.326559],[37.66806,48.327027],[37.668395,48.328389],[37.669638,48.328147],[37.669653,48.328007],[37.669385,48.327027],[37.669384,48.327027],[37.669194,48.326325],[37.667946,48.326559]]]}},{"type":"Feature","properties":{"cadnum":"1422485500:16:000:0005"},"geometry":{"type":"Polygon","coordinates":[[[37.669198,48.325576],[37.669234,48.325773],[37.669531,48.326654],[37.669656,48.327027],[37.669692,48.327135],[37.669694,48.327141],[37.669783,48.327401],[37.669831,48.327541],[37.669854,48.327693],[37.671349,48.327482],[37.671367,48.327084],[37.671378,48.326872],[37.670133,48.326896],[37.670011,48.326586],[37.670007,48.326577],[37.670133,48.325696],[37.670722,48.325663],[37.6705,48.325504],[37.669198,48.325576]]]}},{"type":"Feature","properties":{"cadnum":"1422485500:31:000:0037"},"geometry":{"type":"Polygon","coordinates":[[[37.66839,48.292475],[37.670661,48.29426],[37.670662,48.29426],[37.670829,48.294391],[37.671225,48.294146],[37.670622,48.293483],[37.669976,48.292673],[37.669271,48.29255],[37.668575,48.292511],[37.66839,48.292475]]]}},{"type":"Feature","properties":{"cadnum":"1422485500:36:000:0018"},"geometry":{"type":"Polygon","coordinates":[[[37.674418,48.388435],[37.67545,48.388467],[37.675886,48.388],[37.676754,48.387844],[37.677423,48.387564],[37.677437,48.387477],[37.675918,48.387432],[37.675905,48.387739],[37.675905,48.38774],[37.67545,48.388086],[37.674718,48.388259],[37.674418,48.388435]]]}},{"type":"Feature","properties":{"cadnum":"1422485500:36:000:0019"},"geometry":{"type":"Polygon","coordinates":[[[37.675918,48.387432],[37.677437,48.387477],[37.677521,48.386875],[37.675945,48.386824],[37.675945,48.386908],[37.675918,48.387432]]]}},{"type":"Feature","properties":{"cadnum":"1422485500:35:000:0019"},"geometry":{"type":"Polygon","coordinates":[[[37.672882,48.390346],[37.676479,48.390887],[37.676962,48.389192],[37.677162,48.388491],[37.67564,48.388261],[37.67545,48.388467],[37.674418,48.388435],[37.673745,48.388975],[37.67368,48.389078],[37.673679,48.389078],[37.672882,48.390346]]]}},{"type":"Feature","properties":{"cadnum":"1422485500:36:000:0004"},"geometry":{"type":"Polygon","coordinates":[[[37.67564,48.388261],[37.677162,48.388491],[37.677423,48.387564],[37.676754,48.387844],[37.675886,48.388],[37.67564,48.388261]]]}},{"type":"Feature","properties":{"cadnum":"1422485500:45:000:0043"},"geometry":{"type":"Polygon","coordinates":[[[37.734223,48.355742],[37.736388,48.355798],[37.736325,48.355241],[37.734282,48.355187],[37.734277,48.355324],[37.734223,48.355742]]]}},{"type":"Feature","properties":{"cadnum":"1422485500:46:000:0039"},"geometry":{"type":"Polygon","coordinates":[[[37.736447,48.356205],[37.736453,48.356237],[37.736452,48.356237],[37.736546,48.356718],[37.737924,48.356375],[37.737865,48.356272],[37.737659,48.355904],[37.736447,48.356205]]]}},{"type":"Feature","properties":{"cadnum":"1422485500:45:000:0026"},"geometry":{"type":"Polygon","coordinates":[[[37.733101,48.356984],[37.734061,48.357032],[37.73408,48.356882],[37.734143,48.356393],[37.73416,48.356252],[37.734183,48.356074],[37.734223,48.355742],[37.734277,48.355324],[37.733324,48.355271],[37.73319,48.356237],[37.733185,48.356276],[37.733189,48.356351],[37.73319,48.356351],[37.73319,48.356357],[37.733101,48.356984]]]}},{"type":"Feature","properties":{"cadnum":"1422485500:46:000:0041"},"geometry":{"type":"Polygon","coordinates":[[[37.736276,48.35479],[37.736366,48.35559],[37.737349,48.355345],[37.73699,48.35461],[37.736276,48.35479]]]}},{"type":"Feature","properties":{"cadnum":"1422485500:45:000:0052"},"geometry":{"type":"Polygon","coordinates":[[[37.734183,48.356074],[37.734196,48.356076],[37.73424,48.356004],[37.734241,48.356004],[37.734869,48.356136],[37.736078,48.355876],[37.736181,48.35599],[37.735831,48.356092],[37.73642,48.356076],[37.73642,48.356064],[37.736388,48.355798],[37.734223,48.355742],[37.734183,48.356074]]]}},{"type":"Feature","properties":{"cadnum":"1422485500:45:000:0075"},"geometry":{"type":"Polygon","coordinates":[[[37.733123,48.35479],[37.734829,48.354835],[37.734852,48.354447],[37.733693,48.354554],[37.73372,48.354393],[37.733198,48.354175],[37.733123,48.35479]]]}},{"type":"Feature","properties":{"cadnum":"1422485500:46:000:0040"},"geometry":{"type":"Polygon","coordinates":[[[37.736366,48.35559],[37.736388,48.355798],[37.73642,48.356076],[37.736447,48.356205],[37.737659,48.355904],[37.737349,48.355345],[37.736366,48.35559]]]}},{"type":"Feature","properties":{"cadnum":"1422485500:45:000:0076"},"geometry":{"type":"Polygon","coordinates":[[[37.733198,48.354175],[37.73372,48.354393],[37.734861,48.354247],[37.734883,48.353873],[37.733657,48.35384],[37.733729,48.353909],[37.733275,48.354169],[37.733204,48.354152],[37.733198,48.354175]]]}},{"type":"Feature","properties":{"cadnum":"1422485500:46:000:0042"},"geometry":{"type":"Polygon","coordinates":[[[37.736083,48.353074],[37.736276,48.35479],[37.73699,48.35461],[37.736514,48.35365],[37.736496,48.35362],[37.736083,48.353074]]]}},{"type":"Feature","properties":{"cadnum":"1422485500:45:000:0046"},"geometry":{"type":"Polygon","coordinates":[[[37.7335,48.353698],[37.733657,48.35384],[37.734883,48.353873],[37.736177,48.353909],[37.736101,48.353205],[37.736091,48.353157],[37.733707,48.353656],[37.7335,48.353698]]]}},{"type":"Feature","properties":{"cadnum":"1422485500:45:000:0044"},"geometry":{"type":"Polygon","coordinates":[[[37.73306,48.355256],[37.733324,48.355271],[37.734277,48.355324],[37.734282,48.355187],[37.736325,48.355241],[37.736284,48.354873],[37.734829,48.354835],[37.733123,48.35479],[37.73306,48.355256]]]}},{"type":"Feature","properties":{"cadnum":"1422485500:45:000:0042"},"geometry":{"type":"Polygon","coordinates":[[[37.734143,48.356393],[37.736491,48.356455],[37.73646,48.356296],[37.73642,48.356076],[37.735831,48.356092],[37.735321,48.356237],[37.73532,48.356237],[37.735036,48.356318],[37.735034,48.356318],[37.734668,48.356214],[37.734196,48.356076],[37.734183,48.356074],[37.734161,48.356237],[37.73416,48.356252],[37.734147,48.356351],[37.734148,48.356351],[37.734143,48.356393]]]}},{"type":"Feature","properties":{"cadnum":"1422485500:52:000:0016"},"geometry":{"type":"Polygon","coordinates":[[[37.673192,48.320042],[37.673492,48.32035],[37.673793,48.320669],[37.675815,48.320627],[37.677018,48.320603],[37.676911,48.319985],[37.675213,48.320012],[37.673192,48.320042]]]}},{"type":"Feature","properties":{"cadnum":"1422485500:52:000:0018"},"geometry":{"type":"Polygon","coordinates":[[[37.674292,48.321386],[37.674628,48.32178],[37.6751,48.321846],[37.675208,48.321995],[37.674993,48.322306],[37.677265,48.322213],[37.677121,48.321323],[37.675779,48.321353],[37.674292,48.321386]]]}},{"type":"Feature","properties":{"cadnum":"1422485500:52:000:0017"},"geometry":{"type":"Polygon","coordinates":[[[37.673793,48.320669],[37.674058,48.32101],[37.674292,48.321386],[37.675779,48.321353],[37.677121,48.321323],[37.677018,48.320603],[37.675815,48.320627],[37.673793,48.320669]]]}},{"type":"Feature","properties":{"cadnum":"1422485500:52:000:0023"},"geometry":{"type":"Polygon","coordinates":[[[37.674961,48.322975],[37.675083,48.32325],[37.677423,48.323136],[37.677265,48.322213],[37.674993,48.322306],[37.67506,48.322533],[37.674961,48.322975]]]}},{"type":"Feature","properties":{"cadnum":"1422485500:24:000:0034"},"geometry":{"type":"Polygon","coordinates":[[[37.650388,48.3133],[37.650397,48.3133],[37.650688,48.313292],[37.652095,48.313593],[37.652476,48.312805],[37.652302,48.312718],[37.651839,48.312667],[37.651439,48.312637],[37.65104,48.312577],[37.650784,48.312577],[37.650698,48.312574],[37.650388,48.3133]]]}},{"type":"Feature","properties":{"cadnum":"1422485500:24:000:0035"},"geometry":{"type":"Polygon","coordinates":[[[37.652095,48.313593],[37.653635,48.313921],[37.654013,48.313139],[37.65395,48.313037],[37.653869,48.312984],[37.653438,48.312912],[37.652984,48.312903],[37.652688,48.312912],[37.652476,48.312805],[37.652095,48.313593]]]}},{"type":"Feature","properties":{"cadnum":"1422485500:51:000:0025"},"geometry":{"type":"Polygon","coordinates":[[[37.689249,48.317416],[37.690498,48.317879],[37.691823,48.316945],[37.690632,48.316505],[37.689249,48.317416]]]}},{"type":"Feature","properties":{"cadnum":"1422485500:56:000:0024"},"geometry":{"type":"Polygon","coordinates":[[[37.689029,48.287204],[37.690208,48.28695],[37.691989,48.286567],[37.692092,48.28602],[37.692213,48.285398],[37.690677,48.285679],[37.690327,48.286215],[37.689512,48.286836],[37.689511,48.286836],[37.689029,48.287204]]]}},{"type":"Feature","properties":{"cadnum":"1422485500:24:000:0099"},"geometry":{"type":"Polygon","coordinates":[[[37.647091,48.301512],[37.648459,48.301569],[37.64846,48.301569],[37.649166,48.301598],[37.649346,48.301607],[37.649362,48.301502],[37.64953,48.300418],[37.649593,48.29867],[37.647432,48.298088],[37.647252,48.299883],[37.647097,48.301454],[37.647097,48.301455],[37.647091,48.301512]]]}},{"type":"Feature","properties":{"cadnum":"1422485500:11:000:0049"},"geometry":{"type":"Polygon","coordinates":[[[37.707161,48.267618],[37.709987,48.267839],[37.710355,48.267041],[37.710363,48.267017],[37.707512,48.266793],[37.707404,48.267047],[37.707161,48.267618]]]}},{"type":"Feature","properties":{"cadnum":"1422485500:11:000:0048"},"geometry":{"type":"Polygon","coordinates":[[[37.706807,48.268452],[37.709569,48.268671],[37.709571,48.268671],[37.709604,48.268674],[37.70965,48.268572],[37.709987,48.267839],[37.707161,48.267618],[37.707107,48.26775],[37.706807,48.268452]]]}},{"type":"Feature","properties":{"cadnum":"1422485500:11:000:0058"},"geometry":{"type":"Polygon","coordinates":[[[37.711554,48.264434],[37.715021,48.264694],[37.715718,48.26406],[37.711837,48.263815],[37.711554,48.264434]]]}},{"type":"Feature","properties":{"cadnum":"1422485500:30:000:0026"},"geometry":{"type":"Polygon","coordinates":[[[37.667294,48.278237],[37.671219,48.278862],[37.671768,48.277331],[37.667846,48.276704],[37.66751,48.277637],[37.667294,48.278237]]]}},{"type":"Feature","properties":{"cadnum":"1422485500:42:000:0029"},"geometry":{"type":"Polygon","coordinates":[[[37.733607,48.375058],[37.734317,48.375058],[37.734645,48.374808],[37.734919,48.374757],[37.735134,48.374599],[37.735584,48.374267],[37.735539,48.374151],[37.733953,48.374092],[37.733882,48.374485],[37.733881,48.374485],[37.733868,48.374566],[37.733867,48.374567],[37.73385,48.374599],[37.733607,48.375058]]]}},{"type":"Feature","properties":{"cadnum":"1422485500:42:000:0039"},"geometry":{"type":"Polygon","coordinates":[[[37.734645,48.372477],[37.735808,48.372522],[37.735997,48.37175],[37.735588,48.371704],[37.735248,48.371609],[37.735328,48.371505],[37.735351,48.371317],[37.734821,48.371296],[37.734806,48.37137],[37.734735,48.371728],[37.734735,48.371887],[37.734731,48.372119],[37.734682,48.372325],[37.734645,48.372477]]]}},{"type":"Feature","properties":{"cadnum":"1422485500:42:000:0059"},"geometry":{"type":"Polygon","coordinates":[[[37.733145,48.375023],[37.733607,48.375058],[37.733867,48.374567],[37.733868,48.374566],[37.733953,48.374092],[37.733976,48.373948],[37.734326,48.373629],[37.734416,48.37331],[37.73443,48.373265],[37.733567,48.373199],[37.733269,48.374485],[37.733268,48.374485],[37.733145,48.375023]]]}},{"type":"Feature","properties":{"cadnum":"1422485500:42:000:0040"},"geometry":{"type":"Polygon","coordinates":[[[37.734821,48.371296],[37.735351,48.371317],[37.735328,48.371505],[37.735863,48.371493],[37.737332,48.371624],[37.737588,48.37126],[37.7373,48.371219],[37.737299,48.371219],[37.736276,48.37129],[37.736298,48.371084],[37.737313,48.371018],[37.734902,48.370893],[37.734821,48.371296]]]}},{"type":"Feature","properties":{"cadnum":"1422485500:42:000:0066"},"geometry":{"type":"Polygon","coordinates":[[[37.733778,48.372281],[37.734682,48.372325],[37.734731,48.372119],[37.734735,48.371887],[37.734735,48.371728],[37.734812,48.37135],[37.734007,48.371275],[37.733882,48.371821],[37.733778,48.372281]]]}},{"type":"Feature","properties":{"cadnum":"1422485500:42:000:0038"},"geometry":{"type":"Polygon","coordinates":[[[37.735808,48.372522],[37.736963,48.372564],[37.737781,48.372597],[37.737678,48.372513],[37.737291,48.371896],[37.735997,48.37175],[37.735808,48.372522]]]}},{"type":"Feature","properties":{"cadnum":"1422485500:42:000:0060"},"geometry":{"type":"Polygon","coordinates":[[[37.733567,48.373199],[37.73443,48.373265],[37.734645,48.372477],[37.734682,48.372325],[37.733778,48.372281],[37.73359,48.373089],[37.733567,48.373199]]]}},{"type":"Feature","properties":{"cadnum":"1422485500:42:000:0032"},"geometry":{"type":"Polygon","coordinates":[[[37.733953,48.374092],[37.735539,48.374151],[37.735481,48.374014],[37.735634,48.37396],[37.735804,48.373364],[37.734416,48.37331],[37.734326,48.373629],[37.733976,48.373948],[37.733953,48.374092]]]}},{"type":"Feature","properties":{"cadnum":"1422485500:42:000:0033"},"geometry":{"type":"Polygon","coordinates":[[[37.734416,48.37331],[37.735804,48.373364],[37.735634,48.37396],[37.736469,48.373674],[37.736617,48.373781],[37.736734,48.373367],[37.736963,48.372564],[37.735808,48.372522],[37.734645,48.372477],[37.73443,48.373265],[37.734416,48.37331]]]}},{"type":"Feature","properties":{"cadnum":"1422485500:54:000:0019"},"geometry":{"type":"Polygon","coordinates":[[[37.68393,48.274638],[37.684628,48.274638],[37.684645,48.274991],[37.685611,48.274954],[37.686356,48.27485],[37.686307,48.27465],[37.685953,48.274563],[37.684884,48.274632],[37.684353,48.274321],[37.684339,48.274004],[37.684421,48.272602],[37.684213,48.27262],[37.684133,48.27262],[37.684035,48.273631],[37.68393,48.274638]]]}},{"type":"Feature","properties":{"cadnum":"1422485500:54:000:0018"},"geometry":{"type":"Polygon","coordinates":[[[37.685077,48.279107],[37.685259,48.279639],[37.68526,48.279639],[37.685287,48.27972],[37.685458,48.280628],[37.685696,48.28052],[37.685737,48.279786],[37.685665,48.279607],[37.685544,48.279298],[37.685593,48.278987],[37.685786,48.278542],[37.685939,48.278258],[37.686266,48.277885],[37.6865,48.277023],[37.686563,48.276354],[37.686668,48.275945],[37.686706,48.275798],[37.686685,48.275098],[37.686469,48.275122],[37.686289,48.275203],[37.686299,48.275454],[37.686299,48.275986],[37.686226,48.276423],[37.686064,48.276988],[37.685844,48.277657],[37.685494,48.278261],[37.685077,48.279107]]]}},{"type":"Feature","properties":{"cadnum":"1422485500:49:000:0045"},"geometry":{"type":"Polygon","coordinates":[[[37.706801,48.318429],[37.707776,48.318823],[37.707996,48.31853],[37.709115,48.317569],[37.708562,48.317348],[37.707247,48.318262],[37.706801,48.318429]]]}},{"type":"Feature","properties":{"cadnum":"1422485500:18:000:0044"},"geometry":{"type":"Polygon","coordinates":[[[37.64609,48.319701],[37.646092,48.319722],[37.646097,48.319754],[37.646108,48.319836],[37.646109,48.319836],[37.646233,48.320693],[37.646314,48.321269],[37.647365,48.321231],[37.647148,48.319722],[37.647118,48.319516],[37.64609,48.319701]]]}},{"type":"Feature","properties":{"cadnum":"1422485500:18:000:0045"},"geometry":{"type":"Polygon","coordinates":[[[37.647118,48.319516],[37.647164,48.319836],[37.647365,48.321231],[37.648321,48.321195],[37.648122,48.319836],[37.648123,48.319836],[37.648052,48.319346],[37.647118,48.319516]]]}},{"type":"Feature","properties":{"cadnum":"1422485500:18:000:0046"},"geometry":{"type":"Polygon","coordinates":[[[37.648052,48.319346],[37.648106,48.319722],[37.648105,48.319722],[37.648321,48.321195],[37.64899,48.321167],[37.649216,48.321123],[37.649013,48.319722],[37.648937,48.319188],[37.648052,48.319346]]]}},{"type":"Feature","properties":{"cadnum":"1422485500:39:000:0001"},"geometry":{"type":"Polygon","coordinates":[[[37.711819,48.381675],[37.711967,48.381679],[37.711971,48.38158],[37.711824,48.381577],[37.711819,48.381675]]]}},{"type":"Feature","properties":{"cadnum":"1422485500:43:000:0004"},"geometry":{"type":"Polygon","coordinates":[[[37.71168,48.34925],[37.714711,48.349459],[37.714809,48.348936],[37.71512,48.34728],[37.712161,48.347074],[37.71216,48.347074],[37.711723,48.34905],[37.711724,48.34905],[37.71168,48.34925]]]}},{"type":"Feature","properties":{"cadnum":"1422485500:49:000:0049"},"geometry":{"type":"Polygon","coordinates":[[[37.712902,48.31503],[37.713392,48.315165],[37.714658,48.313686],[37.713998,48.313399],[37.712902,48.31503]]]}},{"type":"Feature","properties":{"cadnum":"1422485500:16:000:0016"},"geometry":{"type":"Polygon","coordinates":[[[37.668062,48.328454],[37.668242,48.330282],[37.669464,48.330043],[37.669638,48.328147],[37.668395,48.328389],[37.668062,48.328454]]]}},{"type":"Feature","properties":{"cadnum":"1422485500:16:000:0040"},"geometry":{"type":"Polygon","coordinates":[[[37.66981,48.330829],[37.670058,48.330793],[37.670455,48.330736],[37.670703,48.330701],[37.670613,48.329014],[37.669854,48.329121],[37.669813,48.330679],[37.669812,48.330679],[37.669812,48.330719],[37.66981,48.330793],[37.66981,48.330829]]]}},{"type":"Feature","properties":{"cadnum":"1422485500:16:000:0015"},"geometry":{"type":"Polygon","coordinates":[[[37.666651,48.328726],[37.666837,48.330554],[37.668242,48.330282],[37.668062,48.328454],[37.667133,48.328634],[37.666651,48.328726]]]}},{"type":"Feature","properties":{"cadnum":"1422485500:16:000:0004"},"geometry":{"type":"Polygon","coordinates":[[[37.669854,48.329121],[37.670613,48.329014],[37.670569,48.328175],[37.671318,48.328135],[37.671319,48.328135],[37.671349,48.327482],[37.669854,48.327693],[37.669867,48.32781],[37.669886,48.327947],[37.669854,48.329121]]]}},{"type":"Feature","properties":{"cadnum":"1422485500:35:000:0018"},"geometry":{"type":"Polygon","coordinates":[[[37.672819,48.390442],[37.673183,48.390905],[37.675343,48.391927],[37.67555,48.391292],[37.676336,48.391396],[37.676479,48.390887],[37.672882,48.390346],[37.672819,48.390442]]]}},{"type":"Feature","properties":{"cadnum":"1422485500:35:000:0021"},"geometry":{"type":"Polygon","coordinates":[[[37.673183,48.390905],[37.674081,48.392053],[37.674521,48.39239],[37.67541,48.391996],[37.675343,48.391927],[37.673973,48.39128],[37.673183,48.390905]]]}},{"type":"Feature","properties":{"cadnum":"1422485500:45:000:0037"},"geometry":{"type":"Polygon","coordinates":[[[37.73381,48.359081],[37.734169,48.359225],[37.734869,48.358601],[37.734493,48.358509],[37.734493,48.358508],[37.735171,48.35836],[37.73642,48.358705],[37.736613,48.35853],[37.735701,48.358303],[37.733963,48.357873],[37.733854,48.358724],[37.73381,48.359081]]]}},{"type":"Feature","properties":{"cadnum":"1422485500:45:000:0039"},"geometry":{"type":"Polygon","coordinates":[[[37.73399,48.35767],[37.73411,48.357676],[37.734969,48.357787],[37.735508,48.357756],[37.736078,48.357787],[37.737367,48.357861],[37.737345,48.357647],[37.737291,48.357384],[37.734026,48.357297],[37.733994,48.35755],[37.734053,48.357509],[37.735189,48.357628],[37.73616,48.357536],[37.736307,48.357664],[37.736307,48.357665],[37.734955,48.357738],[37.734816,48.357718],[37.733999,48.357599],[37.73399,48.35767]]]}},{"type":"Feature","properties":{"cadnum":"1422485500:45:000:0033"},"geometry":{"type":"Polygon","coordinates":[[[37.735701,48.358303],[37.735867,48.358344],[37.736613,48.35853],[37.737139,48.358064],[37.737367,48.357861],[37.736078,48.357787],[37.736047,48.357831],[37.736846,48.357918],[37.736797,48.358141],[37.736796,48.358141],[37.735988,48.357935],[37.735701,48.358303]]]}},{"type":"Feature","properties":{"cadnum":"1422485500:45:000:0041"},"geometry":{"type":"Polygon","coordinates":[[[37.73408,48.356882],[37.73659,48.356948],[37.736546,48.356718],[37.736491,48.356455],[37.734143,48.356393],[37.73408,48.356882]]]}},{"type":"Feature","properties":{"cadnum":"1422485500:45:000:0040"},"geometry":{"type":"Polygon","coordinates":[[[37.734026,48.357297],[37.737291,48.357384],[37.737286,48.357351],[37.736594,48.356981],[37.73659,48.356948],[37.73408,48.356882],[37.734061,48.357032],[37.734026,48.357297]]]}},{"type":"Feature","properties":{"cadnum":"1422485500:45:000:0038"},"geometry":{"type":"Polygon","coordinates":[[[37.733963,48.357873],[37.735701,48.358303],[37.735988,48.357935],[37.735961,48.35793],[37.735221,48.358061],[37.735584,48.357784],[37.736047,48.357831],[37.736078,48.357787],[37.735508,48.357756],[37.734969,48.357787],[37.73411,48.357676],[37.73399,48.35767],[37.733963,48.357873]]]}},{"type":"Feature","properties":{"cadnum":"1422485500:45:000:0025"},"geometry":{"type":"Polygon","coordinates":[[[37.732858,48.358676],[37.733854,48.358724],[37.733963,48.357873],[37.73399,48.35767],[37.733999,48.357599],[37.733994,48.35755],[37.734026,48.357297],[37.734061,48.357032],[37.733101,48.356984],[37.732858,48.358676]]]}},{"type":"Feature","properties":{"cadnum":"1422485500:27:000:0034"},"geometry":{"type":"Polygon","coordinates":[[[37.625396,48.293501],[37.62557,48.294146],[37.625569,48.294146],[37.625689,48.294588],[37.626251,48.294529],[37.626654,48.294484],[37.626594,48.29426],[37.626367,48.293408],[37.625968,48.293447],[37.625396,48.293501]]]}},{"type":"Feature","properties":{"cadnum":"1422485500:27:000:0035"},"geometry":{"type":"Polygon","coordinates":[[[37.623695,48.293674],[37.62382,48.294146],[37.623819,48.294146],[37.623987,48.294774],[37.624085,48.294761],[37.624754,48.29469],[37.624836,48.294681],[37.624724,48.29426],[37.624725,48.29426],[37.624547,48.29359],[37.623695,48.293674]]]}},{"type":"Feature","properties":{"cadnum":"1422485500:27:000:0049"},"geometry":{"type":"Polygon","coordinates":[[[37.6248,48.29224],[37.625119,48.293527],[37.625513,48.293488],[37.626416,48.293402],[37.626115,48.29221],[37.62515,48.292249],[37.6248,48.29224]]]}},{"type":"Feature","properties":{"cadnum":"1422485500:35:000:0003"},"geometry":{"type":"Polygon","coordinates":[[[37.688975,48.391745],[37.690044,48.391853],[37.690557,48.391906],[37.691174,48.389192],[37.691175,48.389192],[37.691544,48.387578],[37.69048,48.387587],[37.689918,48.387593],[37.689581,48.389078],[37.68958,48.389078],[37.688975,48.391745]]]}},{"type":"Feature","properties":{"cadnum":"1422485500:35:000:0032"},"geometry":{"type":"Polygon","coordinates":[[[37.688683,48.38683],[37.688939,48.3876],[37.689918,48.387593],[37.69048,48.387587],[37.690134,48.386565],[37.689065,48.386762],[37.688683,48.38683]]]}},{"type":"Feature","properties":{"cadnum":"1422485500:35:000:0056"},"geometry":{"type":"Polygon","coordinates":[[[37.692411,48.386532],[37.692555,48.386964],[37.693417,48.386806],[37.69353,48.386326],[37.692411,48.386532]]]}},{"type":"Feature","properties":{"cadnum":"1422485500:35:000:0035"},"geometry":{"type":"Polygon","coordinates":[[[37.692289,48.386171],[37.692411,48.386532],[37.69353,48.386326],[37.693624,48.385924],[37.692721,48.38609],[37.692289,48.386171]]]}},{"type":"Feature","properties":{"cadnum":"1422485500:35:000:0033"},"geometry":{"type":"Polygon","coordinates":[[[37.690134,48.386565],[37.69048,48.387587],[37.691544,48.387578],[37.691706,48.387578],[37.691293,48.386353],[37.690287,48.386537],[37.690134,48.386565]]]}},{"type":"Feature","properties":{"cadnum":"1422485500:35:000:0034"},"geometry":{"type":"Polygon","coordinates":[[[37.691293,48.386353],[37.691706,48.387578],[37.692757,48.387567],[37.692555,48.386964],[37.692411,48.386532],[37.692289,48.386171],[37.691503,48.386314],[37.691293,48.386353]]]}},{"type":"Feature","properties":{"cadnum":"1422485500:35:000:0057"},"geometry":{"type":"Polygon","coordinates":[[[37.692555,48.386964],[37.692757,48.387567],[37.693238,48.387564],[37.693417,48.386806],[37.692555,48.386964]]]}},{"type":"Feature","properties":{"cadnum":"1422485500:44:002:0001"},"geometry":{"type":"Polygon","coordinates":[[[37.712093,48.366948],[37.712776,48.366882],[37.712673,48.366423],[37.712673,48.366393],[37.712143,48.366438],[37.712138,48.366456],[37.712093,48.366948]]]}},{"type":"Feature","properties":{"cadnum":"1422485500:44:002:0037"},"geometry":{"type":"Polygon","coordinates":[[[37.714738,48.36594],[37.714914,48.366674],[37.715313,48.366635],[37.715147,48.365898],[37.714738,48.36594]]]}},{"type":"Feature","properties":{"cadnum":"1422485500:44:002:0003"},"geometry":{"type":"Polygon","coordinates":[[[37.714568,48.365217],[37.714738,48.36594],[37.715147,48.365898],[37.714986,48.365175],[37.714568,48.365217]]]}},{"type":"Feature","properties":{"cadnum":"1422485500:44:002:0018"},"geometry":{"type":"Polygon","coordinates":[[[37.71538,48.36506],[37.715574,48.365946],[37.716059,48.365907],[37.715826,48.365011],[37.71538,48.365059],[37.71538,48.36506]]]}},{"type":"Feature","properties":{"cadnum":"1422485500:44:002:0002"},"geometry":{"type":"Polygon","coordinates":[[[37.712143,48.366438],[37.712673,48.366393],[37.71269,48.365263],[37.712493,48.365248],[37.712287,48.365969],[37.712143,48.366438]]]}},{"type":"Feature","properties":{"cadnum":"1422485500:39:001:0022"},"geometry":{"type":"Polygon","coordinates":[[[37.71331,48.36596],[37.713369,48.366325],[37.713455,48.366802],[37.713818,48.366767],[37.713719,48.36628],[37.713656,48.365925],[37.71331,48.36596]]]}},{"type":"Feature","properties":{"cadnum":"1422485500:39:001:0021"},"geometry":{"type":"Polygon","coordinates":[[[37.713203,48.365301],[37.71331,48.36596],[37.713656,48.365925],[37.713545,48.365274],[37.713203,48.365301]]]}},{"type":"Feature","properties":{"cadnum":"1422485500:42:000:0017"},"geometry":{"type":"Polygon","coordinates":[[[37.735751,48.377013],[37.736649,48.377096],[37.736716,48.376774],[37.736833,48.376213],[37.736927,48.375766],[37.736007,48.375783],[37.73584,48.376586],[37.735751,48.377013]]]}},{"type":"Feature","properties":{"cadnum":"1422485500:42:000:0074"},"geometry":{"type":"Polygon","coordinates":[[[37.732552,48.376416],[37.734187,48.376538],[37.734376,48.375724],[37.732997,48.375669],[37.732736,48.375628],[37.732552,48.376416]]]}},{"type":"Feature","properties":{"cadnum":"1422485500:42:000:0005"},"geometry":{"type":"Polygon","coordinates":[[[37.733846,48.378024],[37.735512,48.378146],[37.735678,48.377361],[37.734026,48.377239],[37.734007,48.377325],[37.733846,48.378024]]]}},{"type":"Feature","properties":{"cadnum":"1422485500:42:000:0006"},"geometry":{"type":"Polygon","coordinates":[[[37.734026,48.377239],[37.735678,48.377361],[37.735751,48.377013],[37.73584,48.376586],[37.736007,48.375783],[37.735179,48.375753],[37.734376,48.375724],[37.734206,48.376463],[37.734187,48.376538],[37.734026,48.377239]]]}},{"type":"Feature","properties":{"cadnum":"1422485500:36:000:0027"},"geometry":{"type":"Polygon","coordinates":[[[37.67312,48.375676],[37.673219,48.375801],[37.673686,48.376144],[37.673749,48.376237],[37.674099,48.376412],[37.674261,48.376496],[37.674274,48.376476],[37.674498,48.376069],[37.673322,48.375491],[37.67312,48.375676]]]}},{"type":"Feature","properties":{"cadnum":"1422485500:36:000:0028"},"geometry":{"type":"Polygon","coordinates":[[[37.673322,48.375491],[37.674498,48.376069],[37.674984,48.375189],[37.675226,48.375088],[37.674504,48.374968],[37.673938,48.374977],[37.673533,48.375306],[37.673322,48.375491]]]}},{"type":"Feature","properties":{"cadnum":"1422485500:45:000:0020"},"geometry":{"type":"Polygon","coordinates":[[[37.731672,48.364224],[37.732498,48.364242],[37.73239,48.363651],[37.732391,48.363651],[37.732355,48.363451],[37.731716,48.363418],[37.731703,48.363651],[37.731704,48.363651],[37.731672,48.364224]]]}},{"type":"Feature","properties":{"cadnum":"1422485500:45:000:0018"},"geometry":{"type":"Polygon","coordinates":[[[37.730176,48.364704],[37.730913,48.36477],[37.730979,48.363561],[37.73099,48.363383],[37.730248,48.363343],[37.730231,48.363651],[37.730176,48.364704]]]}},{"type":"Feature","properties":{"cadnum":"1422485500:45:000:0019"},"geometry":{"type":"Polygon","coordinates":[[[37.730913,48.36477],[37.73164,48.364836],[37.731672,48.364224],[37.73171,48.363537],[37.731716,48.363418],[37.73099,48.363383],[37.73098,48.363537],[37.730979,48.363561],[37.730974,48.363651],[37.730913,48.36477]]]}},{"type":"Feature","properties":{"cadnum":"1422485500:45:000:0009"},"geometry":{"type":"Polygon","coordinates":[[[37.728923,48.362842],[37.732278,48.36297],[37.732215,48.362311],[37.732431,48.361374],[37.729058,48.361255],[37.728923,48.362842]]]}},{"type":"Feature","properties":{"cadnum":"1422485500:45:000:0017"},"geometry":{"type":"Polygon","coordinates":[[[37.729416,48.364635],[37.730176,48.364704],[37.730237,48.363537],[37.730248,48.363343],[37.729489,48.363305],[37.729469,48.363651],[37.729416,48.364635]]]}},{"type":"Feature","properties":{"cadnum":"1422485500:18:000:0026"},"geometry":{"type":"Polygon","coordinates":[[[37.642088,48.323686],[37.643017,48.325178],[37.643566,48.325113],[37.64264,48.32362],[37.642151,48.323677],[37.642088,48.323686]]]}},{"type":"Feature","properties":{"cadnum":"1422485500:18:000:0031"},"geometry":{"type":"Polygon","coordinates":[[[37.640812,48.324779],[37.640853,48.325426],[37.64104,48.325406],[37.641912,48.325304],[37.641535,48.324695],[37.640812,48.324779]]]}},{"type":"Feature","properties":{"cadnum":"1422485500:18:000:0027"},"geometry":{"type":"Polygon","coordinates":[[[37.64264,48.32362],[37.643566,48.325113],[37.644126,48.32505],[37.643201,48.323557],[37.643048,48.323575],[37.64264,48.32362]]]}},{"type":"Feature","properties":{"cadnum":"1422485500:18:000:0025"},"geometry":{"type":"Polygon","coordinates":[[[37.641539,48.323748],[37.642465,48.325242],[37.643017,48.325178],[37.642088,48.323686],[37.641539,48.323748]]]}},{"type":"Feature","properties":{"cadnum":"1422485500:18:000:0002"},"geometry":{"type":"Polygon","coordinates":[[[37.64066,48.325651],[37.64082,48.327141],[37.640821,48.327141],[37.64087,48.327589],[37.644419,48.327179],[37.644407,48.327027],[37.644406,48.327027],[37.64427,48.325233],[37.64066,48.325651]]]}},{"type":"Feature","properties":{"cadnum":"1422485500:24:003:0067"},"geometry":{"type":"Polygon","coordinates":[[[37.642451,48.294935],[37.642654,48.294944],[37.642766,48.29426],[37.642801,48.29405],[37.642532,48.294039],[37.642522,48.294146],[37.642521,48.294146],[37.642451,48.294935]]]}},{"type":"Feature","properties":{"cadnum":"1422485500:24:003:0053"},"geometry":{"type":"Polygon","coordinates":[[[37.640744,48.294845],[37.64117,48.294869],[37.641236,48.294146],[37.641239,48.294116],[37.640866,48.294099],[37.640858,48.294146],[37.640848,48.294207],[37.640839,48.29426],[37.640744,48.294845]]]}},{"type":"Feature","properties":{"cadnum":"1422485500:31:000:0002"},"geometry":{"type":"Polygon","coordinates":[[[37.639289,48.291367],[37.639424,48.291669],[37.640304,48.291839],[37.641482,48.291992],[37.643323,48.29114],[37.642824,48.290632],[37.639289,48.291367]]]}},{"type":"Feature","properties":{"cadnum":"1422485500:24:003:0052"},"geometry":{"type":"Polygon","coordinates":[[[37.641606,48.294893],[37.641805,48.294905],[37.641878,48.294174],[37.641885,48.29411],[37.641688,48.294101],[37.641683,48.294146],[37.641676,48.294208],[37.641671,48.29426],[37.641606,48.294893]]]}},{"type":"Feature","properties":{"cadnum":"1422485500:18:000:0043"},"geometry":{"type":"Polygon","coordinates":[[[37.64507,48.321499],[37.646107,48.322999],[37.647329,48.323121],[37.646216,48.321455],[37.64507,48.321499]]]}},{"type":"Feature","properties":{"cadnum":"1422485500:15:000:0028"},"geometry":{"type":"Polygon","coordinates":[[[37.668804,48.333474],[37.668817,48.333934],[37.668907,48.334096],[37.669643,48.33391],[37.669863,48.333854],[37.669854,48.333842],[37.669854,48.333839],[37.669841,48.333815],[37.669837,48.333809],[37.669831,48.333803],[37.669827,48.333797],[37.669823,48.333788],[37.669796,48.333737],[37.669783,48.333717],[37.669383,48.333006],[37.669234,48.333056],[37.669212,48.333179],[37.668804,48.333474]]]}},{"type":"Feature","properties":{"cadnum":"1422485500:16:001:0001"},"geometry":{"type":"Polygon","coordinates":[[[37.668332,48.331564],[37.668588,48.332119],[37.669078,48.33202],[37.668844,48.331462],[37.668332,48.331564]]]}},{"type":"Feature","properties":{"cadnum":"1422485500:16:001:0002"},"geometry":{"type":"Polygon","coordinates":[[[37.667258,48.331776],[37.667474,48.332271],[37.668045,48.332161],[37.667816,48.331665],[37.667258,48.331776]]]}},{"type":"Feature","properties":{"cadnum":"1422485500:16:001:0003"},"geometry":{"type":"Polygon","coordinates":[[[37.667474,48.332271],[37.667492,48.332313],[37.66812,48.332328],[37.668045,48.332161],[37.667474,48.332271]]]}},{"type":"Feature","properties":{"cadnum":"1422485500:15:000:0031"},"geometry":{"type":"Polygon","coordinates":[[[37.670708,48.332635],[37.671206,48.333516],[37.671251,48.333505],[37.671386,48.333469],[37.671992,48.333316],[37.671974,48.332979],[37.671965,48.332961],[37.671772,48.33283],[37.670825,48.332635],[37.670708,48.332635]]]}},{"type":"Feature","properties":{"cadnum":"1422485500:15:000:0029"},"geometry":{"type":"Polygon","coordinates":[[[37.669383,48.333006],[37.669863,48.333854],[37.670349,48.333731],[37.670546,48.33368],[37.671053,48.333555],[37.671206,48.333516],[37.670708,48.332635],[37.67047,48.332641],[37.669383,48.333006]]]}},{"type":"Feature","properties":{"cadnum":"1422485500:15:000:0025"},"geometry":{"type":"Polygon","coordinates":[[[37.67086,48.333215],[37.671345,48.334063],[37.672051,48.333887],[37.671565,48.333036],[37.67086,48.333215]]]}},{"type":"Feature","properties":{"cadnum":"1422485500:08:000:0020"},"geometry":{"type":"Polygon","coordinates":[[[37.663076,48.317432],[37.663625,48.317386],[37.664877,48.317282],[37.664671,48.316876],[37.664437,48.316658],[37.664145,48.316386],[37.66402,48.316377],[37.663975,48.316476],[37.663965,48.316544],[37.663948,48.316708],[37.663944,48.316721],[37.663938,48.316717],[37.663288,48.316419],[37.663076,48.317432]]]}},{"type":"Feature","properties":{"cadnum":"1422485500:15:002:0092"},"geometry":{"type":"Polygon","coordinates":[[[37.684919,48.328166],[37.685867,48.328983],[37.686091,48.328867],[37.685171,48.328037],[37.684919,48.328166]]]}},{"type":"Feature","properties":{"cadnum":"1422485500:15:001:0161"},"geometry":{"type":"Polygon","coordinates":[[[37.685525,48.327753],[37.685794,48.327977],[37.686519,48.328571],[37.686792,48.328383],[37.6858,48.327595],[37.685525,48.327753]]]}},{"type":"Feature","properties":{"cadnum":"1422485500:15:001:0144"},"geometry":{"type":"Polygon","coordinates":[[[37.686042,48.32735],[37.687119,48.32824],[37.687349,48.328115],[37.686325,48.32721],[37.686042,48.32735]]]}},{"type":"Feature","properties":{"cadnum":"1422485500:15:001:0176"},"geometry":{"type":"Polygon","coordinates":[[[37.68315,48.327941],[37.683572,48.328264],[37.684236,48.328822],[37.684439,48.328715],[37.683846,48.328216],[37.68337,48.327821],[37.68315,48.327941]]]}},{"type":"Feature","properties":{"cadnum":"1422485500:15:001:0167"},"geometry":{"type":"Polygon","coordinates":[[[37.684308,48.327285],[37.684731,48.32764],[37.685354,48.328204],[37.685355,48.328204],[37.685584,48.328091],[37.684941,48.32752],[37.684911,48.327535],[37.684475,48.327195],[37.684308,48.327285]]]}},{"type":"Feature","properties":{"cadnum":"1422485500:15:001:0166"},"geometry":{"type":"Polygon","coordinates":[[[37.685355,48.328204],[37.68611,48.328885],[37.686347,48.328768],[37.685584,48.328091],[37.685355,48.328204]]]}},{"type":"Feature","properties":{"cadnum":"1422485500:15:001:0090"},"geometry":{"type":"Polygon","coordinates":[[[37.684308,48.329129],[37.684848,48.329583],[37.685035,48.329497],[37.684492,48.329038],[37.684308,48.329129]]]}},{"type":"Feature","properties":{"cadnum":"1422485500:15:001:0164"},"geometry":{"type":"Polygon","coordinates":[[[37.68558,48.328084],[37.685584,48.328091],[37.686347,48.328768],[37.686586,48.328631],[37.685794,48.327977],[37.68558,48.328084]]]}},{"type":"Feature","properties":{"cadnum":"1422485500:15:002:0091"},"geometry":{"type":"Polygon","coordinates":[[[37.684066,48.327394],[37.684475,48.327783],[37.684821,48.328082],[37.684919,48.328166],[37.685171,48.328037],[37.684731,48.32764],[37.684308,48.327285],[37.684066,48.327394]]]}},{"type":"Feature","properties":{"cadnum":"1422485500:15:001:0177"},"geometry":{"type":"Polygon","coordinates":[[[37.684236,48.328822],[37.684492,48.329038],[37.685031,48.329491],[37.685228,48.32939],[37.684439,48.328715],[37.684236,48.328822]]]}},{"type":"Feature","properties":{"cadnum":"1422485500:15:000:0057"},"geometry":{"type":"Polygon","coordinates":[[[37.685777,48.329354],[37.687561,48.330566],[37.688436,48.329629],[37.687048,48.328688],[37.685777,48.329354]]]}},{"type":"Feature","properties":{"cadnum":"1422485500:49:000:0097"},"geometry":{"type":"Polygon","coordinates":[[[37.687219,48.295527],[37.687488,48.29607],[37.688593,48.295858],[37.688355,48.295317],[37.68787,48.295374],[37.687219,48.295527]]]}},{"type":"Feature","properties":{"cadnum":"1422485500:02:000:0013"},"geometry":{"type":"Polygon","coordinates":[[[37.683311,48.296336],[37.683553,48.296826],[37.683926,48.296748],[37.684964,48.296551],[37.684744,48.296103],[37.684012,48.296267],[37.683756,48.296327],[37.683311,48.296336]]]}},{"type":"Feature","properties":{"cadnum":"1422485500:02:000:0026"},"geometry":{"type":"Polygon","coordinates":[[[37.686042,48.295807],[37.686284,48.2963],[37.687138,48.296136],[37.687488,48.29607],[37.687219,48.29553],[37.686312,48.295745],[37.686042,48.295807]]]}},{"type":"Feature","properties":{"cadnum":"1422485500:02:000:0027"},"geometry":{"type":"Polygon","coordinates":[[[37.684744,48.296103],[37.684964,48.296551],[37.685974,48.296358],[37.686284,48.2963],[37.686042,48.295807],[37.685215,48.295995],[37.684744,48.296103]]]}},{"type":"Feature","properties":{"cadnum":"1422485500:27:000:0021"},"geometry":{"type":"Polygon","coordinates":[[[37.625402,48.294621],[37.625706,48.295912],[37.625972,48.295882],[37.62643,48.295796],[37.626125,48.294544],[37.625805,48.294577],[37.625402,48.294621]]]}},{"type":"Feature","properties":{"cadnum":"1422485500:27:000:0010"},"geometry":{"type":"Polygon","coordinates":[[[37.623874,48.296202],[37.62413,48.297466],[37.624876,48.297368],[37.624611,48.296136],[37.624417,48.296154],[37.623874,48.296202]]]}},{"type":"Feature","properties":{"cadnum":"1422485500:27:000:0009"},"geometry":{"type":"Polygon","coordinates":[[[37.623142,48.296267],[37.623416,48.297559],[37.62413,48.297466],[37.623874,48.296202],[37.623748,48.296214],[37.623142,48.296267]]]}},{"type":"Feature","properties":{"cadnum":"1422485500:27:000:0020"},"geometry":{"type":"Polygon","coordinates":[[[37.624754,48.29469],[37.625105,48.296092],[37.625366,48.296068],[37.626029,48.296014],[37.625972,48.295882],[37.625706,48.295912],[37.625402,48.294621],[37.624836,48.294681],[37.624754,48.29469]]]}},{"type":"Feature","properties":{"cadnum":"1422485500:27:000:0012"},"geometry":{"type":"Polygon","coordinates":[[[37.625366,48.296068],[37.625635,48.297269],[37.626534,48.297153],[37.626029,48.296014],[37.625366,48.296068]]]}},{"type":"Feature","properties":{"cadnum":"1422485500:38:000:0030"},"geometry":{"type":"Polygon","coordinates":[[[37.706883,48.372967],[37.707147,48.373026],[37.708092,48.372543],[37.708562,48.372573],[37.710377,48.371535],[37.71048,48.371191],[37.706883,48.372967]]]}},{"type":"Feature","properties":{"cadnum":"1422485500:49:000:0075"},"geometry":{"type":"Polygon","coordinates":[[[37.688723,48.324742],[37.68879,48.325038],[37.688813,48.325036],[37.689429,48.324976],[37.689555,48.324964],[37.689541,48.324901],[37.689542,48.324901],[37.689954,48.324848],[37.690205,48.324815],[37.691211,48.324683],[37.692195,48.324692],[37.692199,48.324692],[37.6922,48.324692],[37.692303,48.324596],[37.692425,48.323587],[37.692142,48.323581],[37.691171,48.323575],[37.690714,48.323593],[37.689519,48.324286],[37.688723,48.324742]],[[37.691446,48.324313],[37.691419,48.324226],[37.691629,48.324199],[37.69163,48.324199],[37.691656,48.324286],[37.691446,48.324313]]]}},{"type":"Feature","properties":{"cadnum":"1422485500:49:000:0038"},"geometry":{"type":"Polygon","coordinates":[[[37.690853,48.325895],[37.691117,48.325959],[37.691593,48.325663],[37.692322,48.325113],[37.692855,48.324919],[37.692448,48.324545],[37.692303,48.324596],[37.690853,48.325895]]]}},{"type":"Feature","properties":{"cadnum":"1422485500:57:000:0021"},"geometry":{"type":"Polygon","coordinates":[[[37.682198,48.282042],[37.683191,48.282149],[37.683191,48.282148],[37.683289,48.282159],[37.683504,48.281202],[37.683293,48.281217],[37.68302,48.281238],[37.682274,48.281292],[37.682198,48.282042]]]}},{"type":"Feature","properties":{"cadnum":"1422485500:57:000:0017"},"geometry":{"type":"Polygon","coordinates":[[[37.6808,48.282394],[37.68302,48.28265],[37.68302,48.282651],[37.684542,48.282825],[37.684681,48.282574],[37.683191,48.282407],[37.680846,48.282144],[37.6808,48.282394]]]}},{"type":"Feature","properties":{"cadnum":"1422485500:57:000:0022"},"geometry":{"type":"Polygon","coordinates":[[[37.680894,48.281904],[37.682198,48.282042],[37.682274,48.281292],[37.682301,48.281173],[37.68102,48.281235],[37.680894,48.281904]]]}},{"type":"Feature","properties":{"cadnum":"1422485500:57:000:0016"},"geometry":{"type":"Polygon","coordinates":[[[37.680746,48.282676],[37.683191,48.282933],[37.684412,48.283061],[37.684542,48.282825],[37.683191,48.28267],[37.6808,48.282394],[37.680746,48.282676]]]}},{"type":"Feature","properties":{"cadnum":"1422485500:57:000:0018"},"geometry":{"type":"Polygon","coordinates":[[[37.680846,48.282144],[37.68302,48.282388],[37.684681,48.282574],[37.684825,48.282323],[37.684228,48.282261],[37.683289,48.282159],[37.68302,48.28213],[37.682198,48.282042],[37.680894,48.281904],[37.680846,48.282144]]]}},{"type":"Feature","properties":{"cadnum":"1422485500:57:000:0023"},"geometry":{"type":"Polygon","coordinates":[[[37.68102,48.281235],[37.682301,48.281173],[37.682274,48.281292],[37.683191,48.281225],[37.683293,48.281217],[37.683343,48.28073],[37.68302,48.280746],[37.681092,48.280841],[37.68102,48.281235]]]}},{"type":"Feature","properties":{"cadnum":"1422485500:15:003:0002"},"geometry":{"type":"Polygon","coordinates":[[[37.663072,48.336006],[37.663575,48.337129],[37.66398,48.337031],[37.66393,48.336873],[37.663489,48.335923],[37.663072,48.336006]]]}},{"type":"Feature","properties":{"cadnum":"1422485500:15:000:0001"},"geometry":{"type":"Polygon","coordinates":[[[37.664388,48.336747],[37.664626,48.337276],[37.666338,48.336869],[37.666391,48.336855],[37.666009,48.336004],[37.665529,48.336395],[37.664388,48.336747]]]}},{"type":"Feature","properties":{"cadnum":"1422485500:15:001:0131"},"geometry":{"type":"Polygon","coordinates":[[[37.665223,48.33572],[37.665529,48.336395],[37.665772,48.336194],[37.665542,48.335651],[37.665223,48.33572]]]}},{"type":"Feature","properties":{"cadnum":"1422485500:15:001:0133"},"geometry":{"type":"Polygon","coordinates":[[[37.665422,48.337189],[37.665605,48.337535],[37.666584,48.337347],[37.666418,48.337028],[37.665422,48.337189]]]}},{"type":"Feature","properties":{"cadnum":"1422485500:15:001:0130"},"geometry":{"type":"Polygon","coordinates":[[[37.664846,48.334896],[37.665223,48.33572],[37.665542,48.335651],[37.665192,48.334821],[37.664846,48.334896]]]}},{"type":"Feature","properties":{"cadnum":"1422485500:15:003:0001"},"geometry":{"type":"Polygon","coordinates":[[[37.662776,48.335338],[37.663072,48.336006],[37.663489,48.335923],[37.663175,48.335245],[37.662776,48.335338]]]}},{"type":"Feature","properties":{"cadnum":"1422485500:24:000:0065"},"geometry":{"type":"Polygon","coordinates":[[[37.663674,48.303819],[37.663845,48.303997],[37.663965,48.303947],[37.663997,48.303976],[37.664051,48.303952],[37.664024,48.303923],[37.664559,48.303695],[37.664388,48.303516],[37.663674,48.303819]]]}},{"type":"Feature","properties":{"cadnum":"1422485500:18:000:0004"},"geometry":{"type":"Polygon","coordinates":[[[37.639478,48.329022],[37.639612,48.33028],[37.644608,48.329703],[37.644513,48.328443],[37.639478,48.329022]]]}},{"type":"Feature","properties":{"cadnum":"1422485500:18:000:0003"},"geometry":{"type":"Polygon","coordinates":[[[37.639339,48.327768],[37.639478,48.329022],[37.644513,48.328443],[37.644419,48.327179],[37.64087,48.327589],[37.639339,48.327768]],[[37.640102,48.32829],[37.639832,48.328288],[37.639837,48.328064],[37.639838,48.328064],[37.640107,48.328067],[37.640102,48.32829]]]}},{"type":"Feature","properties":{"cadnum":"1422485500:57:000:0019"},"geometry":{"type":"Polygon","coordinates":[[[37.684228,48.282261],[37.684825,48.282323],[37.685534,48.281053],[37.684461,48.281131],[37.684228,48.282261]]]}},{"type":"Feature","properties":{"cadnum":"1422485500:57:000:0024"},"geometry":{"type":"Polygon","coordinates":[[[37.683293,48.281217],[37.683504,48.281202],[37.684461,48.281131],[37.685534,48.281053],[37.685458,48.280628],[37.683343,48.28073],[37.683293,48.281217]]]}},{"type":"Feature","properties":{"cadnum":"1422485500:57:000:0020"},"geometry":{"type":"Polygon","coordinates":[[[37.683289,48.282159],[37.684228,48.282261],[37.684461,48.281131],[37.683504,48.281202],[37.683289,48.282159]]]}},{"type":"Feature","properties":{"cadnum":"1422485500:27:000:0070"},"geometry":{"type":"Polygon","coordinates":[[[37.623941,48.28188],[37.623941,48.281944],[37.623955,48.282445],[37.627077,48.282403],[37.627063,48.28188],[37.627037,48.281847],[37.623941,48.28188]]]}},{"type":"Feature","properties":{"cadnum":"1422485500:27:000:0068"},"geometry":{"type":"Polygon","coordinates":[[[37.623964,48.282867],[37.623973,48.283142],[37.623973,48.283196],[37.627104,48.283172],[37.627094,48.28284],[37.623964,48.282867]]]}},{"type":"Feature","properties":{"cadnum":"1422485500:27:000:0072"},"geometry":{"type":"Polygon","coordinates":[[[37.623847,48.280608],[37.623919,48.281122],[37.623928,48.281406],[37.626668,48.281381],[37.626578,48.281271],[37.624857,48.280847],[37.623847,48.280608]]]}},{"type":"Feature","properties":{"cadnum":"1422485500:24:003:0066"},"geometry":{"type":"Polygon","coordinates":[[[37.644046,48.295096],[37.644486,48.295153],[37.644616,48.294388],[37.644293,48.294355],[37.644235,48.294677],[37.644235,48.294678],[37.644122,48.294669],[37.644046,48.295096]]]}},{"type":"Feature","properties":{"cadnum":"1422485500:24:002:0056"},"geometry":{"type":"Polygon","coordinates":[[[37.642841,48.296092],[37.643165,48.296145],[37.64365,48.295315],[37.643237,48.295261],[37.643107,48.295661],[37.642841,48.296092]]]}},{"type":"Feature","properties":{"cadnum":"1422485500:24:002:0057"},"geometry":{"type":"Polygon","coordinates":[[[37.642415,48.296779],[37.642757,48.296845],[37.643165,48.296145],[37.642841,48.296092],[37.642415,48.296779]]]}},{"type":"Feature","properties":{"cadnum":"1422485500:24:002:0049"},"geometry":{"type":"Polygon","coordinates":[[[37.643745,48.296327],[37.644243,48.296405],[37.644401,48.296064],[37.643902,48.295986],[37.643745,48.296327]]]}},{"type":"Feature","properties":{"cadnum":"1422485500:15:000:0043"},"geometry":{"type":"Polygon","coordinates":[[[37.679592,48.331599],[37.679848,48.332152],[37.680643,48.331987],[37.680391,48.331438],[37.679592,48.331599]]]}},{"type":"Feature","properties":{"cadnum":"1422485500:15:000:0041"},"geometry":{"type":"Polygon","coordinates":[[[37.679718,48.33368],[37.679741,48.333722],[37.68059,48.333543],[37.680653,48.333529],[37.680687,48.333615],[37.680626,48.33363],[37.680877,48.334195],[37.682039,48.333961],[37.681708,48.333221],[37.680553,48.333469],[37.680567,48.333498],[37.679718,48.33368]]]}},{"type":"Feature","properties":{"cadnum":"1422485500:15:000:0042"},"geometry":{"type":"Polygon","coordinates":[[[37.679314,48.332394],[37.679578,48.333244],[37.679808,48.33363],[37.680553,48.333469],[37.681708,48.333221],[37.681874,48.333188],[37.681362,48.331916],[37.679314,48.332394]]]}}]}