{"type":"FeatureCollection","features":[{"type":"Feature","properties":{"cadnum":"1424287900:07:000:0409"},"geometry":{"type":"Polygon","coordinates":[[[37.806973,48.747444],[37.807587,48.748934],[37.808999,48.752354],[37.808995,48.752555],[37.808995,48.752556],[37.808995,48.752736],[37.80899,48.752911],[37.80832,48.754241],[37.80842,48.754374],[37.809534,48.755946],[37.809698,48.756177],[37.810171,48.756844],[37.81107,48.75629],[37.814192,48.754368],[37.814852,48.754015],[37.813869,48.752669],[37.81387,48.752669],[37.81123,48.749047],[37.811231,48.749047],[37.809362,48.746482],[37.809265,48.746348],[37.808559,48.746648],[37.807184,48.747337],[37.806973,48.747444]],[[37.809192,48.752662],[37.809192,48.752663],[37.809165,48.752668],[37.809156,48.75265],[37.809183,48.752645],[37.809192,48.752662]],[[37.808712,48.751478],[37.808684,48.751484],[37.80868,48.751466],[37.808703,48.75146],[37.808712,48.751478]],[[37.808437,48.754217],[37.808424,48.754232],[37.808401,48.754223],[37.80842,48.754208],[37.808437,48.754217]],[[37.808249,48.750308],[37.808223,48.750314],[37.808222,48.750314],[37.808213,48.750296],[37.80824,48.75029],[37.808249,48.750308]],[[37.807768,48.74912],[37.807741,48.749126],[37.807737,48.749109],[37.80776,48.749103],[37.807768,48.74912]],[[37.807332,48.748007],[37.807341,48.748024],[37.807341,48.748025],[37.807315,48.748027],[37.807305,48.74801],[37.807332,48.748007]]]}},{"type":"Feature","properties":{"cadnum":"1424287900:07:000:0348"},"geometry":{"type":"Polygon","coordinates":[[[37.819527,48.761528],[37.819649,48.761631],[37.819815,48.761791],[37.820349,48.762348],[37.821153,48.763186],[37.821536,48.763533],[37.822446,48.764356],[37.822936,48.764797],[37.82466,48.766552],[37.825312,48.767153],[37.825313,48.767153],[37.825631,48.767446],[37.825842,48.767651],[37.825895,48.767703],[37.826014,48.767818],[37.828937,48.770661],[37.829876,48.771573],[37.831335,48.773038],[37.831457,48.772982],[37.831507,48.773027],[37.831507,48.773026],[37.831838,48.773322],[37.832499,48.773967],[37.832382,48.774021],[37.832746,48.774394],[37.833541,48.775208],[37.835729,48.777366],[37.836309,48.778014],[37.83631,48.778014],[37.836474,48.778197],[37.836838,48.7781],[37.836705,48.777973],[37.835916,48.777214],[37.834646,48.775957],[37.833064,48.774394],[37.833065,48.774394],[37.832679,48.774012],[37.831335,48.772688],[37.831335,48.772689],[37.830702,48.772064],[37.829403,48.770774],[37.828744,48.770119],[37.826368,48.767775],[37.825842,48.76725],[37.825745,48.767154],[37.825745,48.767153],[37.824153,48.765563],[37.823205,48.764672],[37.821904,48.763419],[37.821355,48.76289],[37.820884,48.762212],[37.820349,48.761794],[37.819865,48.761415],[37.819595,48.761448],[37.819527,48.761528]]]}},{"type":"Feature","properties":{"cadnum":"1424287900:07:000:0273"},"geometry":{"type":"Polygon","coordinates":[[[37.819899,48.768692],[37.82052,48.769293],[37.820838,48.769601],[37.825631,48.767446],[37.82519,48.76704],[37.825189,48.76704],[37.82466,48.766552],[37.823322,48.767153],[37.823322,48.767154],[37.820349,48.768491],[37.819899,48.768692]]]}},{"type":"Feature","properties":{"cadnum":"1424287900:07:000:0364"},"geometry":{"type":"Polygon","coordinates":[[[37.818903,48.767722],[37.819899,48.768692],[37.82052,48.768414],[37.823574,48.76704],[37.82466,48.766552],[37.823938,48.765815],[37.823708,48.765942],[37.822878,48.765934],[37.820521,48.766995],[37.82052,48.766995],[37.82052,48.766994],[37.820418,48.76704],[37.820417,48.76704],[37.818903,48.767722]]]}},{"type":"Feature","properties":{"cadnum":"1424287900:07:000:0320"},"geometry":{"type":"Polygon","coordinates":[[[37.817654,48.766511],[37.8182,48.76704],[37.818903,48.767722],[37.820166,48.767153],[37.820349,48.767072],[37.822878,48.765934],[37.822873,48.765934],[37.821831,48.765247],[37.822936,48.764797],[37.822446,48.764356],[37.821411,48.763419],[37.821153,48.763186],[37.82052,48.762527],[37.819815,48.761791],[37.819649,48.761631],[37.818035,48.763254],[37.818205,48.763419],[37.818204,48.763419],[37.820205,48.765361],[37.820205,48.765362],[37.817654,48.766511]]]}},{"type":"Feature","properties":{"cadnum":"1424287900:05:000:0062"},"geometry":{"type":"Polygon","coordinates":[[[37.866814,48.84642],[37.869787,48.846614],[37.869787,48.846615],[37.871783,48.846745],[37.87528,48.846973],[37.875309,48.846975],[37.875372,48.846745],[37.875373,48.846745],[37.875433,48.846529],[37.875452,48.846432],[37.875483,48.846272],[37.87528,48.846259],[37.869787,48.845898],[37.869787,48.845899],[37.866923,48.84571],[37.866814,48.84642]]]}},{"type":"Feature","properties":{"cadnum":"1424287900:05:000:0061"},"geometry":{"type":"Polygon","coordinates":[[[37.866697,48.847206],[37.869959,48.84742],[37.874823,48.847738],[37.874881,48.847602],[37.875102,48.847354],[37.875286,48.847064],[37.875309,48.846975],[37.870054,48.846632],[37.870045,48.846632],[37.869959,48.846626],[37.866814,48.84642],[37.866783,48.846632],[37.866782,48.846632],[37.866697,48.847206]]]}},{"type":"Feature","properties":{"cadnum":"1424287900:05:000:0063"},"geometry":{"type":"Polygon","coordinates":[[[37.866923,48.84571],[37.869959,48.84591],[37.875452,48.84627],[37.875483,48.846272],[37.875533,48.846024],[37.875668,48.845619],[37.875452,48.845605],[37.869787,48.845233],[37.867021,48.845051],[37.866923,48.84571]]]}},{"type":"Feature","properties":{"cadnum":"1424287900:05:000:0358"},"geometry":{"type":"Polygon","coordinates":[[[37.867542,48.843798],[37.869787,48.843945],[37.875452,48.844315],[37.875735,48.844333],[37.875739,48.844335],[37.875716,48.844232],[37.875766,48.844067],[37.875758,48.843875],[37.875452,48.843909],[37.875012,48.843958],[37.874881,48.843916],[37.874774,48.843854],[37.874773,48.843854],[37.874804,48.843763],[37.874867,48.843641],[37.874944,48.84355],[37.875052,48.843452],[37.875102,48.843414],[37.871154,48.843313],[37.869787,48.843277],[37.869787,48.843278],[37.868122,48.843233],[37.867713,48.84334],[37.867641,48.843446],[37.867542,48.843798]]]}},{"type":"Feature","properties":{"cadnum":"1424287900:05:000:0064"},"geometry":{"type":"Polygon","coordinates":[[[37.867021,48.845051],[37.869959,48.845244],[37.87528,48.845593],[37.87528,48.845594],[37.875668,48.845619],[37.875712,48.845468],[37.875815,48.844992],[37.87528,48.844958],[37.869787,48.844597],[37.869787,48.844598],[37.867116,48.844422],[37.867021,48.845051]]]}},{"type":"Feature","properties":{"cadnum":"1424287900:05:000:0065"},"geometry":{"type":"Polygon","coordinates":[[[37.867116,48.844422],[37.869959,48.844609],[37.875452,48.844969],[37.875815,48.844992],[37.875874,48.844729],[37.875793,48.844463],[37.875735,48.844333],[37.87528,48.844304],[37.869959,48.843956],[37.867542,48.843798],[37.867506,48.843925],[37.867336,48.844111],[37.86716,48.84412],[37.867116,48.844422]]]}},{"type":"Feature","properties":{"cadnum":"1424287900:05:000:0370"},"geometry":{"type":"Polygon","coordinates":[[[37.871347,48.843091],[37.871504,48.843097],[37.872789,48.84313],[37.87279,48.84313],[37.873485,48.843147],[37.873517,48.843017],[37.874154,48.840446],[37.872016,48.840378],[37.871365,48.843017],[37.871364,48.843017],[37.871347,48.843091]]]}},{"type":"Feature","properties":{"cadnum":"1424287900:05:000:0357"},"geometry":{"type":"Polygon","coordinates":[[[37.873485,48.843147],[37.87528,48.843194],[37.875345,48.843196],[37.875452,48.843199],[37.876121,48.843215],[37.87617,48.843017],[37.876169,48.843017],[37.876412,48.842033],[37.876544,48.841501],[37.876678,48.841515],[37.876921,48.840537],[37.875452,48.840489],[37.874154,48.840446],[37.873489,48.84313],[37.873485,48.843147]]]}},{"type":"Feature","properties":{"cadnum":"1424287900:05:000:0356"},"geometry":{"type":"Polygon","coordinates":[[[37.869047,48.842545],[37.869787,48.842554],[37.869932,48.842556],[37.869876,48.843017],[37.869873,48.843044],[37.869959,48.843048],[37.869959,48.843047],[37.870791,48.843073],[37.871347,48.843091],[37.872016,48.840378],[37.869833,48.840305],[37.86972,48.840301],[37.869712,48.840478],[37.869047,48.842545]]]}},{"type":"Feature","properties":{"cadnum":"1424287900:05:000:0438"},"geometry":{"type":"Polygon","coordinates":[[[37.868122,48.812251],[37.869213,48.813188],[37.869787,48.812881],[37.874041,48.810603],[37.873899,48.81047],[37.873898,48.81047],[37.873898,48.810469],[37.872389,48.80905],[37.870088,48.81047],[37.87004,48.810499],[37.870039,48.8105],[37.870041,48.8105],[37.870183,48.810583],[37.870332,48.810668],[37.869787,48.811073],[37.868557,48.811984],[37.868122,48.812251]]]}},{"type":"Feature","properties":{"cadnum":"1424287900:05:000:0439"},"geometry":{"type":"Polygon","coordinates":[[[37.868112,48.811747],[37.868557,48.811984],[37.869959,48.810946],[37.869959,48.810945],[37.870332,48.810668],[37.870041,48.8105],[37.870039,48.8105],[37.8699,48.810417],[37.869828,48.810469],[37.869828,48.81047],[37.869827,48.81047],[37.868112,48.811747]]]}},{"type":"Feature","properties":{"cadnum":"1424287900:05:000:0431"},"geometry":{"type":"Polygon","coordinates":[[[37.874364,48.810739],[37.87528,48.811665],[37.875303,48.811688],[37.875452,48.8116],[37.877159,48.810583],[37.880523,48.808579],[37.879521,48.807666],[37.875452,48.810092],[37.875452,48.810091],[37.874626,48.810583],[37.874364,48.810739]]]}},{"type":"Feature","properties":{"cadnum":"1424287900:05:000:0429"},"geometry":{"type":"Polygon","coordinates":[[[37.875357,48.811656],[37.875452,48.811824],[37.875456,48.81183],[37.875716,48.81165],[37.877221,48.810739],[37.877668,48.81047],[37.877668,48.810469],[37.880639,48.808677],[37.880773,48.808648],[37.880774,48.808648],[37.880775,48.808647],[37.880945,48.808546],[37.880945,48.808545],[37.883772,48.806852],[37.886276,48.805352],[37.886056,48.805266],[37.883218,48.806965],[37.880774,48.808429],[37.880773,48.808429],[37.880626,48.808518],[37.877349,48.81047],[37.877348,48.81047],[37.875357,48.811656]]]}},{"type":"Feature","properties":{"cadnum":"1424287900:05:000:0315"},"geometry":{"type":"Polygon","coordinates":[[[37.885001,48.828513],[37.885318,48.828554],[37.885319,48.828554],[37.885347,48.828557],[37.886267,48.828636],[37.890041,48.828954],[37.890817,48.829031],[37.890733,48.82856],[37.890377,48.828102],[37.890063,48.827795],[37.889601,48.827457],[37.889318,48.827274],[37.889003,48.82712],[37.888626,48.827005],[37.886475,48.826523],[37.886296,48.826491],[37.885549,48.826352],[37.885001,48.828513]]]}},{"type":"Feature","properties":{"cadnum":"1424287900:05:000:0428"},"geometry":{"type":"Polygon","coordinates":[[[37.865862,48.819299],[37.866544,48.8207],[37.866905,48.821321],[37.866904,48.821321],[37.866923,48.821351],[37.867002,48.821434],[37.867003,48.821434],[37.867389,48.821833],[37.867951,48.822123],[37.869787,48.822606],[37.869864,48.822626],[37.869959,48.822651],[37.869976,48.822655],[37.872519,48.823282],[37.874791,48.823826],[37.87528,48.823948],[37.87528,48.823949],[37.877338,48.824462],[37.879318,48.824915],[37.879427,48.824937],[37.879427,48.824938],[37.880773,48.825219],[37.880774,48.825219],[37.880774,48.82522],[37.881452,48.825361],[37.883963,48.825911],[37.886267,48.826413],[37.886272,48.826414],[37.886438,48.826446],[37.887966,48.826739],[37.888243,48.826804],[37.888244,48.826804],[37.88854,48.826898],[37.88854,48.826899],[37.889691,48.827416],[37.891532,48.828256],[37.891932,48.828432],[37.892286,48.828587],[37.892425,48.828451],[37.891843,48.828197],[37.891666,48.82812],[37.889834,48.827283],[37.888662,48.826756],[37.888333,48.826653],[37.888041,48.826585],[37.886343,48.826257],[37.884044,48.825757],[37.881525,48.825207],[37.880774,48.82505],[37.880773,48.82505],[37.879395,48.824761],[37.877423,48.824312],[37.87528,48.823774],[37.874877,48.823672],[37.872609,48.823128],[37.870102,48.822513],[37.869804,48.822435],[37.868072,48.821981],[37.867578,48.82173],[37.867201,48.821342],[37.867137,48.821277],[37.866779,48.82065],[37.866114,48.819354],[37.865862,48.819299]]]}},{"type":"Feature","properties":{"cadnum":"1424287900:05:000:0173"},"geometry":{"type":"Polygon","coordinates":[[[37.82957,48.825772],[37.830442,48.826284],[37.831335,48.825619],[37.831454,48.825531],[37.831507,48.825491],[37.832153,48.825009],[37.83461,48.823179],[37.834157,48.822912],[37.833738,48.822667],[37.831507,48.824329],[37.830537,48.825051],[37.830538,48.825051],[37.82957,48.825772]]]}},{"type":"Feature","properties":{"cadnum":"1424287900:05:000:0174"},"geometry":{"type":"Polygon","coordinates":[[[37.828698,48.825261],[37.82957,48.825772],[37.83069,48.824938],[37.830689,48.824938],[37.830689,48.824937],[37.831335,48.824457],[37.833738,48.822667],[37.832975,48.822221],[37.832867,48.822158],[37.831507,48.823171],[37.829132,48.824938],[37.828997,48.825038],[37.82898,48.825051],[37.828698,48.825261]]]}},{"type":"Feature","properties":{"cadnum":"1424287900:05:000:0175"},"geometry":{"type":"Polygon","coordinates":[[[37.827823,48.824752],[37.828336,48.825051],[37.828337,48.825051],[37.828698,48.825261],[37.828997,48.825038],[37.831335,48.823299],[37.832867,48.822158],[37.831996,48.821647],[37.831507,48.822011],[37.827823,48.824752]]]}},{"type":"Feature","properties":{"cadnum":"1424287900:05:000:0111"},"geometry":{"type":"Polygon","coordinates":[[[37.830442,48.826284],[37.831314,48.826795],[37.831335,48.826779],[37.831507,48.826652],[37.833809,48.824938],[37.833809,48.824937],[37.835486,48.82369],[37.835337,48.823602],[37.83461,48.823179],[37.832249,48.824938],[37.832248,48.824938],[37.832153,48.825009],[37.832097,48.825051],[37.831454,48.825531],[37.830442,48.826284]]]}},{"type":"Feature","properties":{"cadnum":"1424287900:05:000:0163"},"geometry":{"type":"Polygon","coordinates":[[[37.822769,48.827357],[37.823205,48.827615],[37.823647,48.827869],[37.826014,48.826102],[37.827421,48.825051],[37.827422,48.825051],[37.827782,48.824781],[37.826907,48.82427],[37.826012,48.824938],[37.826011,48.824938],[37.822769,48.827357]]]}},{"type":"Feature","properties":{"cadnum":"1424287900:05:000:0161"},"geometry":{"type":"Polygon","coordinates":[[[37.826282,48.829409],[37.827167,48.829927],[37.827639,48.830201],[37.827859,48.829891],[37.828815,48.828785],[37.829574,48.828693],[37.831151,48.828554],[37.831241,48.828546],[37.831335,48.828548],[37.831335,48.828549],[37.831393,48.82855],[37.831507,48.828553],[37.832809,48.828584],[37.833805,48.828516],[37.83417,48.828513],[37.831507,48.826958],[37.830419,48.826322],[37.827276,48.828667],[37.826282,48.829409]]]}},{"type":"Feature","properties":{"cadnum":"1424287900:05:000:0164"},"geometry":{"type":"Polygon","coordinates":[[[37.82189,48.826843],[37.822267,48.827064],[37.822769,48.827357],[37.825842,48.825064],[37.825842,48.825065],[37.825861,48.825051],[37.82599,48.824954],[37.826014,48.824937],[37.826014,48.824936],[37.826907,48.82427],[37.826027,48.823755],[37.825858,48.823882],[37.824442,48.824938],[37.824404,48.824966],[37.82429,48.825051],[37.82189,48.826843]]]}},{"type":"Feature","properties":{"cadnum":"1424287900:05:000:0172"},"geometry":{"type":"Polygon","coordinates":[[[37.831314,48.826795],[37.831335,48.826808],[37.831495,48.826902],[37.831507,48.826909],[37.832337,48.827396],[37.835488,48.825051],[37.83651,48.82429],[37.835926,48.82395],[37.835486,48.82369],[37.833657,48.825051],[37.831335,48.826779],[37.831314,48.826795]]]}},{"type":"Feature","properties":{"cadnum":"1424287900:05:000:0162"},"geometry":{"type":"Polygon","coordinates":[[[37.823647,48.827869],[37.824167,48.828173],[37.824526,48.828383],[37.824816,48.828554],[37.824882,48.828593],[37.825008,48.828667],[37.825009,48.828667],[37.82515,48.82875],[37.825402,48.828897],[37.825842,48.829154],[37.825965,48.829226],[37.826014,48.829254],[37.826148,48.829332],[37.826282,48.829409],[37.827427,48.828554],[37.830419,48.826322],[37.828086,48.824959],[37.827782,48.824781],[37.827573,48.824938],[37.827572,48.824938],[37.825842,48.82623],[37.823647,48.827869]]]}},{"type":"Feature","properties":{"cadnum":"1424287900:07:000:0186"},"geometry":{"type":"Polygon","coordinates":[[[37.82361,48.79376],[37.824459,48.794027],[37.825043,48.79427],[37.825842,48.79382],[37.826817,48.79327],[37.826557,48.793169],[37.826144,48.792935],[37.825989,48.792919],[37.825411,48.792858],[37.825061,48.792947],[37.825056,48.792941],[37.82361,48.79376]]]}},{"type":"Feature","properties":{"cadnum":"1424287900:07:000:0246"},"geometry":{"type":"Polygon","coordinates":[[[37.823524,48.798968],[37.82498,48.799466],[37.826014,48.798358],[37.826014,48.798357],[37.828151,48.796065],[37.828148,48.796065],[37.826561,48.795711],[37.826188,48.79611],[37.826188,48.796111],[37.825842,48.796482],[37.825842,48.796483],[37.823524,48.798968]]]}},{"type":"Feature","properties":{"cadnum":"1424287900:05:000:0303"},"geometry":{"type":"Polygon","coordinates":[[[37.82198,48.798435],[37.823524,48.798968],[37.826014,48.796299],[37.826014,48.796298],[37.826294,48.795997],[37.826561,48.795711],[37.826174,48.795624],[37.825946,48.795593],[37.82493,48.79545],[37.825469,48.79487],[37.825344,48.794823],[37.824144,48.79611],[37.824145,48.79611],[37.824145,48.796111],[37.82198,48.798435]]]}},{"type":"Feature","properties":{"cadnum":"1424287900:07:000:0243"},"geometry":{"type":"Polygon","coordinates":[[[37.826606,48.793187],[37.826817,48.79327],[37.82736,48.793483],[37.827357,48.793369],[37.8274,48.793303],[37.827431,48.793502],[37.827914,48.793623],[37.828107,48.793492],[37.828249,48.793315],[37.828252,48.793415],[37.828023,48.793708],[37.828118,48.793783],[37.828326,48.793946],[37.828445,48.793718],[37.82859,48.793707],[37.82859,48.793708],[37.828462,48.793842],[37.828401,48.793986],[37.82894,48.794269],[37.82934,48.794456],[37.829856,48.794222],[37.830392,48.793896],[37.830683,48.793493],[37.830851,48.793202],[37.831005,48.792824],[37.831104,48.792666],[37.831255,48.792758],[37.831154,48.793432],[37.831024,48.793656],[37.830611,48.793956],[37.829487,48.794548],[37.830226,48.794972],[37.83054,48.795257],[37.831507,48.795583],[37.831507,48.795582],[37.832598,48.79595],[37.832908,48.795714],[37.833093,48.794813],[37.832977,48.794593],[37.833171,48.794727],[37.833205,48.794987],[37.833167,48.795586],[37.833123,48.795733],[37.832837,48.795997],[37.832836,48.795997],[37.8328,48.796032],[37.832807,48.796041],[37.832861,48.79611],[37.832943,48.796215],[37.833096,48.796264],[37.833269,48.796321],[37.833782,48.796023],[37.833734,48.79611],[37.833735,48.79611],[37.833735,48.796111],[37.833557,48.79644],[37.834353,48.79682],[37.834468,48.796327],[37.83464,48.7965],[37.834519,48.797027],[37.836095,48.796774],[37.83527,48.796235],[37.835011,48.796111],[37.835011,48.79611],[37.834483,48.795856],[37.835843,48.794366],[37.835283,48.794534],[37.834747,48.794696],[37.834547,48.794685],[37.83421,48.794668],[37.833679,48.794467],[37.831426,48.792542],[37.83144,48.79248],[37.831507,48.792167],[37.831507,48.792166],[37.831672,48.791395],[37.831381,48.79123],[37.831088,48.791389],[37.830831,48.791722],[37.830691,48.79222],[37.830519,48.792379],[37.830518,48.792379],[37.830487,48.792408],[37.830395,48.792492],[37.829995,48.79286],[37.829474,48.793032],[37.829281,48.793031],[37.82928,48.793031],[37.828611,48.792846],[37.828159,48.79266],[37.827958,48.792488],[37.827695,48.792263],[37.827461,48.792379],[37.827235,48.792491],[37.827233,48.792492],[37.827124,48.792546],[37.827029,48.792941],[37.826606,48.793187]]]}},{"type":"Feature","properties":{"cadnum":"1424287900:07:000:0325"},"geometry":{"type":"Polygon","coordinates":[[[37.825159,48.791924],[37.825245,48.792042],[37.825354,48.792492],[37.825355,48.792492],[37.825379,48.792592],[37.825842,48.792801],[37.825842,48.792802],[37.825851,48.792805],[37.826081,48.792654],[37.826215,48.792926],[37.826476,48.793003],[37.827339,48.792492],[37.82734,48.792492],[37.827855,48.792187],[37.827778,48.792113],[37.827446,48.791828],[37.82692,48.791373],[37.826641,48.791029],[37.825842,48.791512],[37.825159,48.791924]]]}},{"type":"Feature","properties":{"cadnum":"1424287900:07:000:0366"},"geometry":{"type":"Polygon","coordinates":[[[37.825047,48.79427],[37.825591,48.794494],[37.825591,48.794495],[37.825515,48.795018],[37.826014,48.794949],[37.826014,48.794948],[37.826062,48.794942],[37.828119,48.793784],[37.828021,48.793707],[37.827913,48.793622],[37.827432,48.793503],[37.82736,48.793483],[37.826817,48.79327],[37.826014,48.793724],[37.825047,48.79427]]]}},{"type":"Feature","properties":{"cadnum":"1424287900:07:000:0133"},"geometry":{"type":"Polygon","coordinates":[[[37.827725,48.791932],[37.827868,48.792205],[37.828166,48.792492],[37.828167,48.792492],[37.828263,48.792584],[37.828672,48.792781],[37.8294,48.792891],[37.830006,48.792411],[37.830012,48.792403],[37.83063,48.791651],[37.830899,48.791269],[37.831335,48.791102],[37.831385,48.791082],[37.831507,48.791134],[37.831507,48.791133],[37.831677,48.791204],[37.831865,48.791352],[37.834744,48.790077],[37.833675,48.789023],[37.831404,48.790134],[37.827725,48.791932]]]}},{"type":"Feature","properties":{"cadnum":"1424287900:03:000:0156"},"geometry":{"type":"Polygon","coordinates":[[[37.834031,48.886901],[37.834394,48.886992],[37.834574,48.887001],[37.834695,48.88699],[37.834784,48.886998],[37.834798,48.886889],[37.834821,48.886786],[37.834857,48.886653],[37.834843,48.886626],[37.834228,48.886479],[37.834031,48.886901]]]}},{"type":"Feature","properties":{"cadnum":"1424287900:03:000:0037"},"geometry":{"type":"Polygon","coordinates":[[[37.836694,48.887639],[37.836815,48.887627],[37.836828,48.887626],[37.837184,48.887592],[37.837193,48.887421],[37.837197,48.887288],[37.837201,48.88722],[37.837021,48.887217],[37.836877,48.887201],[37.836784,48.887191],[37.836788,48.887261],[37.836698,48.887489],[37.836694,48.887639]]]}},{"type":"Feature","properties":{"cadnum":"1424287900:03:000:0118"},"geometry":{"type":"Polygon","coordinates":[[[37.83514,48.887917],[37.835144,48.888035],[37.835212,48.88802],[37.835962,48.887861],[37.836034,48.887817],[37.835903,48.887781],[37.835855,48.887766],[37.8358,48.887754],[37.835602,48.887832],[37.8354,48.887881],[37.83514,48.887917]]]}},{"type":"Feature","properties":{"cadnum":"1424287900:03:000:0102"},"geometry":{"type":"Polygon","coordinates":[[[37.836658,48.886434],[37.836688,48.886437],[37.836828,48.886449],[37.836828,48.88645],[37.836927,48.886458],[37.836928,48.886458],[37.837,48.886464],[37.837296,48.886488],[37.837323,48.886237],[37.836972,48.886237],[37.836743,48.88638],[37.836742,48.88638],[37.836658,48.886434]]]}},{"type":"Feature","properties":{"cadnum":"1424287900:03:000:0110"},"geometry":{"type":"Polygon","coordinates":[[[37.832602,48.889804],[37.83262,48.889831],[37.832725,48.889992],[37.832724,48.889992],[37.832776,48.89007],[37.832798,48.890105],[37.833011,48.89043],[37.833132,48.890608],[37.833276,48.890829],[37.833429,48.89079],[37.833231,48.890445],[37.833163,48.89033],[37.832997,48.890032],[37.832853,48.889778],[37.832845,48.889763],[37.832602,48.889804]]]}},{"type":"Feature","properties":{"cadnum":"1424287900:03:000:0141"},"geometry":{"type":"Polygon","coordinates":[[[37.835019,48.88906],[37.835405,48.889713],[37.83571,48.889618],[37.835333,48.889036],[37.835019,48.88906]]]}},{"type":"Feature","properties":{"cadnum":"1424287900:03:000:0154"},"geometry":{"type":"Polygon","coordinates":[[[37.833186,48.888744],[37.833459,48.889311],[37.833555,48.889505],[37.833958,48.889352],[37.833622,48.88896],[37.833356,48.888653],[37.833186,48.888744]]]}},{"type":"Feature","properties":{"cadnum":"1424287900:03:000:0175"},"geometry":{"type":"Polygon","coordinates":[[[37.833887,48.888395],[37.83399,48.888502],[37.834165,48.888428],[37.834067,48.888321],[37.833887,48.888395]]]}},{"type":"Feature","properties":{"cadnum":"1424287900:03:000:0016"},"geometry":{"type":"Polygon","coordinates":[[[37.835333,48.889036],[37.835652,48.889529],[37.835899,48.889432],[37.835692,48.889078],[37.835633,48.888975],[37.835369,48.889027],[37.835333,48.889036]]]}},{"type":"Feature","properties":{"cadnum":"1424287900:03:000:0055"},"geometry":{"type":"Polygon","coordinates":[[[37.833019,48.888835],[37.833245,48.889358],[37.833335,48.889564],[37.833555,48.889505],[37.833459,48.889311],[37.833186,48.888744],[37.833019,48.888835]]]}},{"type":"Feature","properties":{"cadnum":"1424287900:03:000:0125"},"geometry":{"type":"Polygon","coordinates":[[[37.833878,48.888649],[37.833968,48.888885],[37.833968,48.888886],[37.834012,48.888924],[37.834062,48.888924],[37.834673,48.888771],[37.834408,48.888454],[37.833878,48.888649]]]}},{"type":"Feature","properties":{"cadnum":"1424287900:03:000:0036"},"geometry":{"type":"Polygon","coordinates":[[[37.835665,48.88849],[37.8358,48.888673],[37.835944,48.888865],[37.836222,48.888856],[37.836411,48.888835],[37.836421,48.888555],[37.836434,48.888301],[37.836109,48.888354],[37.835723,48.888472],[37.835665,48.88849]]]}},{"type":"Feature","properties":{"cadnum":"1424287900:03:000:0217"},"geometry":{"type":"Polygon","coordinates":[[[37.834516,48.889199],[37.83496,48.889751],[37.835014,48.889813],[37.83514,48.889973],[37.835189,48.890032],[37.835383,48.88996],[37.835239,48.889763],[37.835405,48.889713],[37.83536,48.889636],[37.835153,48.889715],[37.83474,48.889137],[37.834516,48.889199]]]}},{"type":"Feature","properties":{"cadnum":"1424287900:03:000:0159"},"geometry":{"type":"Polygon","coordinates":[[[37.832333,48.889887],[37.83239,48.889992],[37.832389,48.889992],[37.832436,48.890076],[37.832451,48.890105],[37.832452,48.890105],[37.832656,48.890481],[37.832822,48.890457],[37.832629,48.890044],[37.832539,48.889848],[37.832333,48.889887]]]}},{"type":"Feature","properties":{"cadnum":"1424287900:03:000:0015"},"geometry":{"type":"Polygon","coordinates":[[[37.835266,48.889801],[37.835409,48.889999],[37.836061,48.889757],[37.835939,48.889594],[37.835746,48.889654],[37.835266,48.889801]]]}},{"type":"Feature","properties":{"cadnum":"1424287900:01:000:0122"},"geometry":{"type":"Polygon","coordinates":[[[37.835046,48.890153],[37.835315,48.890527],[37.836429,48.890188],[37.836414,48.890105],[37.836339,48.889669],[37.835175,48.890105],[37.835136,48.89012],[37.835046,48.890153]]]}},{"type":"Feature","properties":{"cadnum":"1424287900:03:000:0048"},"geometry":{"type":"Polygon","coordinates":[[[37.831686,48.890094],[37.831693,48.890105],[37.831784,48.890256],[37.831794,48.890273],[37.831933,48.890584],[37.83231,48.890519],[37.83214,48.890173],[37.83213,48.89015],[37.832069,48.890032],[37.83204,48.889975],[37.83199,48.889992],[37.831686,48.890094]]]}},{"type":"Feature","properties":{"cadnum":"1424287900:03:000:0123"},"geometry":{"type":"Polygon","coordinates":[[[37.831002,48.88818],[37.831201,48.88839],[37.831304,48.888318],[37.831335,48.888298],[37.831434,48.88823],[37.831507,48.888262],[37.831597,48.888301],[37.832073,48.888159],[37.831906,48.88789],[37.831811,48.88792],[37.831483,48.888026],[37.831188,48.888121],[37.831002,48.88818]]]}},{"type":"Feature","properties":{"cadnum":"1424287900:03:000:0206"},"geometry":{"type":"Polygon","coordinates":[[[37.833729,48.889087],[37.833958,48.889352],[37.834385,48.889196],[37.834121,48.888945],[37.833729,48.889087]]]}},{"type":"Feature","properties":{"cadnum":"1424287900:03:000:0253"},"geometry":{"type":"Polygon","coordinates":[[[37.830958,48.888889],[37.831061,48.889021],[37.831201,48.889196],[37.831335,48.889152],[37.831335,48.889153],[37.831654,48.889048],[37.831421,48.888738],[37.831389,48.888744],[37.830958,48.888889]]]}},{"type":"Feature","properties":{"cadnum":"1424287900:03:000:0092"},"geometry":{"type":"Polygon","coordinates":[[[37.831568,48.888865],[37.831735,48.889078],[37.831964,48.889016],[37.832207,48.888945],[37.832224,48.888951],[37.832804,48.888735],[37.833042,48.888634],[37.833176,48.888561],[37.832983,48.888472],[37.832293,48.888714],[37.831735,48.88883],[37.831568,48.888865]]]}},{"type":"Feature","properties":{"cadnum":"1424287900:03:000:0265"},"geometry":{"type":"Polygon","coordinates":[[[37.832306,48.889069],[37.832647,48.889715],[37.832935,48.889656],[37.832652,48.889095],[37.83262,48.889045],[37.832549,48.889063],[37.832526,48.889004],[37.832306,48.889069]]]}},{"type":"Feature","properties":{"cadnum":"1424287900:03:000:0252"},"geometry":{"type":"Polygon","coordinates":[[[37.831444,48.888667],[37.831601,48.888856],[37.832297,48.88867],[37.83218,48.88852],[37.832144,48.888467],[37.831444,48.888667]]]}},{"type":"Feature","properties":{"cadnum":"1424287900:03:000:0126"},"geometry":{"type":"Polygon","coordinates":[[[37.833968,48.889435],[37.834371,48.889905],[37.834601,48.889822],[37.834214,48.889343],[37.833968,48.889435]]]}},{"type":"Feature","properties":{"cadnum":"1424287900:03:000:0030"},"geometry":{"type":"Polygon","coordinates":[[[37.834308,48.889299],[37.834398,48.889411],[37.834771,48.889869],[37.834978,48.889792],[37.83461,48.889332],[37.83452,48.889222],[37.834308,48.889299]]]}},{"type":"Feature","properties":{"cadnum":"1424287900:03:000:0053"},"geometry":{"type":"Polygon","coordinates":[[[37.835342,48.88859],[37.835688,48.888885],[37.835944,48.888865],[37.8358,48.888673],[37.835665,48.88849],[37.835342,48.88859]]]}},{"type":"Feature","properties":{"cadnum":"1424287900:03:000:0239"},"geometry":{"type":"Polygon","coordinates":[[[37.830989,48.889923],[37.83103,48.889992],[37.831029,48.889992],[37.831052,48.890028],[37.831065,48.890049],[37.831075,48.890064],[37.831125,48.890105],[37.831214,48.890129],[37.831318,48.890146],[37.831335,48.890142],[37.831502,48.890097],[37.831507,48.890095],[37.8316,48.89007],[37.831601,48.89007],[37.831488,48.889778],[37.830989,48.889923]]]}},{"type":"Feature","properties":{"cadnum":"1424287900:03:000:0213"},"geometry":{"type":"Polygon","coordinates":[[[37.835796,48.888244],[37.835876,48.888378],[37.836451,48.888215],[37.836415,48.888135],[37.836455,48.888132],[37.836425,48.888073],[37.836362,48.888088],[37.836358,48.888106],[37.836357,48.888106],[37.835796,48.888244]]]}},{"type":"Feature","properties":{"cadnum":"1424287900:03:000:0197"},"geometry":{"type":"Polygon","coordinates":[[[37.83143,48.889568],[37.831574,48.889992],[37.831601,48.89007],[37.831665,48.890049],[37.831762,48.890017],[37.831794,48.890002],[37.831843,48.889987],[37.831977,48.889943],[37.8317,48.889505],[37.83143,48.889568]]]}},{"type":"Feature","properties":{"cadnum":"1424287900:03:000:0077"},"geometry":{"type":"Polygon","coordinates":[[[37.832073,48.888292],[37.832144,48.888467],[37.83218,48.88852],[37.832252,48.888498],[37.83235,48.888472],[37.832584,48.888384],[37.832696,48.888304],[37.832696,48.888303],[37.832777,48.888227],[37.832849,48.888177],[37.832885,48.88815],[37.83293,48.888124],[37.832535,48.887849],[37.832446,48.887908],[37.832423,48.887923],[37.832323,48.88799],[37.832356,48.888029],[37.832423,48.888115],[37.832346,48.888177],[37.832144,48.888272],[37.832073,48.888292]]]}},{"type":"Feature","properties":{"cadnum":"1424287900:03:000:0230"},"geometry":{"type":"Polygon","coordinates":[[[37.833446,48.889597],[37.83367,48.889992],[37.833687,48.890022],[37.833734,48.890105],[37.833735,48.890105],[37.833761,48.89015],[37.833912,48.89009],[37.833918,48.890087],[37.833581,48.889559],[37.833446,48.889597]]]}},{"type":"Feature","properties":{"cadnum":"1424287900:03:000:0011"},"geometry":{"type":"Polygon","coordinates":[[[37.83461,48.888561],[37.834771,48.888765],[37.835315,48.888587],[37.835316,48.888587],[37.835324,48.888594],[37.835723,48.888472],[37.83562,48.888325],[37.83461,48.888561]]]}},{"type":"Feature","properties":{"cadnum":"1424287900:03:000:0072"},"geometry":{"type":"Polygon","coordinates":[[[37.831735,48.889078],[37.831817,48.889211],[37.831977,48.889166],[37.83223,48.889098],[37.832301,48.889069],[37.832224,48.888951],[37.832207,48.888945],[37.831964,48.889016],[37.831735,48.889078]]]}},{"type":"Feature","properties":{"cadnum":"1424287900:03:000:0248"},"geometry":{"type":"Polygon","coordinates":[[[37.833639,48.889544],[37.833931,48.890032],[37.834426,48.889967],[37.834371,48.889905],[37.833968,48.889435],[37.833639,48.889544]]]}},{"type":"Feature","properties":{"cadnum":"1424287900:01:000:0121"},"geometry":{"type":"Polygon","coordinates":[[[37.836339,48.889669],[37.836394,48.889992],[37.836429,48.890188],[37.836945,48.890028],[37.837,48.890018],[37.837,48.890017],[37.837489,48.889919],[37.837331,48.889293],[37.836828,48.889483],[37.836828,48.889484],[37.836339,48.889669]]]}},{"type":"Feature","properties":{"cadnum":"1424287900:03:000:0111"},"geometry":{"type":"Polygon","coordinates":[[[37.836771,48.888572],[37.836815,48.88875],[37.836828,48.888763],[37.836964,48.888894],[37.837,48.888882],[37.837,48.888881],[37.837341,48.888759],[37.8373,48.888555],[37.837251,48.888298],[37.83718,48.888233],[37.836954,48.888357],[37.836771,48.888572]]]}},{"type":"Feature","properties":{"cadnum":"1424287900:03:000:0117"},"geometry":{"type":"Polygon","coordinates":[[[37.832224,48.888951],[37.832301,48.889069],[37.832526,48.889004],[37.832549,48.889063],[37.832773,48.889001],[37.832769,48.88896],[37.832859,48.888907],[37.833029,48.888818],[37.833298,48.888673],[37.833325,48.888634],[37.833209,48.888579],[37.833176,48.888561],[37.833042,48.888634],[37.832804,48.888735],[37.832224,48.888951]]]}},{"type":"Feature","properties":{"cadnum":"1424287900:03:000:0008"},"geometry":{"type":"Polygon","coordinates":[[[37.834314,48.888301],[37.834538,48.888522],[37.834731,48.888463],[37.835324,48.888369],[37.835167,48.888192],[37.835063,48.888192],[37.834695,48.888185],[37.834314,48.888301]]]}},{"type":"Feature","properties":{"cadnum":"1424287900:03:000:0027"},"geometry":{"type":"Polygon","coordinates":[[[37.832853,48.889778],[37.832974,48.889992],[37.832997,48.890032],[37.833037,48.890105],[37.833038,48.890105],[37.833163,48.89033],[37.833388,48.890271],[37.833343,48.890203],[37.833269,48.890047],[37.833235,48.889973],[37.833115,48.889713],[37.832853,48.889778]]]}},{"type":"Feature","properties":{"cadnum":"1424287900:03:000:0107"},"geometry":{"type":"Polygon","coordinates":[[[37.832467,48.88843],[37.832593,48.888608],[37.83306,48.888439],[37.833253,48.888266],[37.832993,48.888091],[37.832948,48.888121],[37.832912,48.888147],[37.832845,48.888198],[37.832777,48.888266],[37.832769,48.888274],[37.832656,48.888354],[37.832467,48.88843]]]}},{"type":"Feature","properties":{"cadnum":"1424287900:03:000:0264"},"geometry":{"type":"Polygon","coordinates":[[[37.832849,48.888995],[37.832849,48.88906],[37.833105,48.889624],[37.83328,48.889583],[37.833335,48.889571],[37.833335,48.889565],[37.833335,48.889564],[37.833245,48.889358],[37.833069,48.888951],[37.832849,48.888995]]]}},{"type":"Feature","properties":{"cadnum":"1424287900:03:000:0216"},"geometry":{"type":"Polygon","coordinates":[[[37.83474,48.889137],[37.835153,48.889715],[37.83536,48.889636],[37.835019,48.88906],[37.83474,48.889137]]]}},{"type":"Feature","properties":{"cadnum":"1424287900:03:000:0012"},"geometry":{"type":"Polygon","coordinates":[[[37.83204,48.889975],[37.832049,48.889992],[37.832069,48.890032],[37.832106,48.890105],[37.832107,48.890105],[37.83213,48.89015],[37.83231,48.890519],[37.83266,48.890486],[37.832436,48.890076],[37.832333,48.889887],[37.83204,48.889975]]]}},{"type":"Feature","properties":{"cadnum":"1424287900:03:000:0009"},"geometry":{"type":"Polygon","coordinates":[[[37.835212,48.88802],[37.835392,48.888351],[37.835526,48.888312],[37.836285,48.888109],[37.836235,48.888035],[37.836205,48.887985],[37.836159,48.887911],[37.836105,48.887923],[37.836105,48.887922],[37.836056,48.887843],[37.835212,48.88802]]]}},{"type":"Feature","properties":{"cadnum":"1424287900:03:000:0254"},"geometry":{"type":"Polygon","coordinates":[[[37.830815,48.889639],[37.830998,48.889923],[37.831335,48.889821],[37.831497,48.889772],[37.83143,48.889574],[37.831304,48.889542],[37.830815,48.889639]]]}},{"type":"Feature","properties":{"cadnum":"1424287900:03:000:0160"},"geometry":{"type":"Polygon","coordinates":[[[37.832539,48.889848],[37.832605,48.889992],[37.832629,48.890044],[37.832657,48.890105],[37.832658,48.890105],[37.832822,48.890457],[37.833011,48.89043],[37.832776,48.89007],[37.83262,48.889831],[37.832539,48.889848]]]}},{"type":"Feature","properties":{"cadnum":"1424287900:03:000:0031"},"geometry":{"type":"Polygon","coordinates":[[[37.834817,48.889946],[37.83485,48.889992],[37.834876,48.890027],[37.834933,48.890105],[37.834934,48.890105],[37.834973,48.890159],[37.835216,48.890073],[37.835046,48.889863],[37.834817,48.889946]]]}},{"type":"Feature","properties":{"cadnum":"1424287900:03:000:0205"},"geometry":{"type":"Polygon","coordinates":[[[37.833388,48.888224],[37.833563,48.888266],[37.833742,48.888259],[37.833918,48.888242],[37.833652,48.887973],[37.833388,48.888224]]]}},{"type":"Feature","properties":{"cadnum":"1424287900:03:000:0127"},"geometry":{"type":"Polygon","coordinates":[[[37.834205,48.889338],[37.834214,48.889343],[37.834601,48.889822],[37.834673,48.889908],[37.834771,48.889869],[37.834398,48.889411],[37.834308,48.889299],[37.834205,48.889338]]]}},{"type":"Feature","properties":{"cadnum":"1424287900:03:000:0235"},"geometry":{"type":"Polygon","coordinates":[[[37.833356,48.888653],[37.833622,48.88896],[37.833685,48.889034],[37.834012,48.888924],[37.833968,48.888886],[37.833968,48.888885],[37.833878,48.888649],[37.833756,48.888318],[37.833681,48.888327],[37.833648,48.888331],[37.833612,48.888333],[37.833618,48.88834],[37.833617,48.88834],[37.833514,48.888351],[37.833469,48.888408],[37.833384,48.888614],[37.833356,48.888653]]]}},{"type":"Feature","properties":{"cadnum":"1424287900:03:000:0085"},"geometry":{"type":"Polygon","coordinates":[[[37.835364,48.886889],[37.835472,48.887123],[37.835576,48.887359],[37.83571,48.887326],[37.835998,48.887255],[37.836258,48.887167],[37.836109,48.88696],[37.836006,48.886815],[37.835535,48.886871],[37.835364,48.886889]]]}},{"type":"Feature","properties":{"cadnum":"1424287900:03:000:0167"},"geometry":{"type":"Polygon","coordinates":[[[37.835576,48.887359],[37.835719,48.887651],[37.836213,48.887784],[37.836379,48.887743],[37.836308,48.88755],[37.836317,48.88743],[37.836227,48.887178],[37.835998,48.887255],[37.83571,48.887326],[37.835576,48.887359]]]}},{"type":"Feature","properties":{"cadnum":"1424287900:03:000:0267"},"geometry":{"type":"Polygon","coordinates":[[[37.831847,48.887819],[37.83214,48.888174],[37.832163,48.888262],[37.832346,48.888177],[37.832423,48.888115],[37.832356,48.888029],[37.832324,48.887991],[37.832324,48.88799],[37.832423,48.887923],[37.832446,48.887908],[37.832535,48.887849],[37.832584,48.887819],[37.832203,48.887572],[37.831847,48.887819]]]}},{"type":"Feature","properties":{"cadnum":"1424287900:03:000:0155"},"geometry":{"type":"Polygon","coordinates":[[[37.833999,48.886892],[37.834031,48.886901],[37.834228,48.886479],[37.834197,48.88647],[37.833999,48.886892]]]}},{"type":"Feature","properties":{"cadnum":"1424287900:03:000:0196"},"geometry":{"type":"Polygon","coordinates":[[[37.833775,48.887108],[37.834727,48.887309],[37.834754,48.887246],[37.834784,48.886998],[37.834695,48.88699],[37.834574,48.887001],[37.834394,48.886992],[37.834031,48.886901],[37.833999,48.886892],[37.833922,48.886871],[37.833775,48.887108]]]}},{"type":"Feature","properties":{"cadnum":"1424287900:03:000:0238"},"geometry":{"type":"Polygon","coordinates":[[[37.834255,48.88638],[37.834255,48.886384],[37.834274,48.88639],[37.834607,48.886493],[37.834608,48.886493],[37.834627,48.886499],[37.835,48.886573],[37.835019,48.886464],[37.834964,48.886216],[37.834564,48.886251],[37.834291,48.886284],[37.834256,48.88638],[37.834255,48.88638]]]}},{"type":"Feature","properties":{"cadnum":"1424287900:03:000:0057"},"geometry":{"type":"Polygon","coordinates":[[[37.834457,48.888005],[37.834709,48.888032],[37.834695,48.888185],[37.835063,48.888192],[37.835067,48.88805],[37.835077,48.88774],[37.835006,48.887736],[37.834996,48.887692],[37.83465,48.887654],[37.834597,48.887751],[37.834457,48.888005]]]}},{"type":"Feature","properties":{"cadnum":"1424287900:03:000:0212"},"geometry":{"type":"Polygon","coordinates":[[[37.833025,48.888003],[37.833266,48.888165],[37.833329,48.8882],[37.833388,48.888224],[37.833652,48.887973],[37.833945,48.887707],[37.833563,48.887604],[37.833025,48.888003]]]}},{"type":"Feature","properties":{"cadnum":"1424287900:03:000:0172"},"geometry":{"type":"Polygon","coordinates":[[[37.83262,48.887728],[37.833025,48.888003],[37.833563,48.887604],[37.833209,48.887432],[37.833159,48.887423],[37.832926,48.887533],[37.83262,48.887728]]]}},{"type":"Feature","properties":{"cadnum":"1424287900:03:000:0097"},"geometry":{"type":"Polygon","coordinates":[[[37.831061,48.88746],[37.831196,48.887521],[37.831335,48.887584],[37.831335,48.887585],[37.83143,48.887627],[37.831507,48.887662],[37.831686,48.887745],[37.83218,48.887521],[37.83187,48.887391],[37.831627,48.887291],[37.831479,48.887229],[37.831367,48.887173],[37.831061,48.88746]],[[37.831421,48.887518],[37.831417,48.887533],[37.831394,48.887533],[37.831394,48.887518],[37.831421,48.887518]]]}},{"type":"Feature","properties":{"cadnum":"1424287900:03:000:0210"},"geometry":{"type":"Polygon","coordinates":[[[37.836447,48.886635],[37.836662,48.886641],[37.836595,48.886765],[37.836828,48.886865],[37.836878,48.886886],[37.837,48.886899],[37.837,48.886898],[37.837251,48.886922],[37.837318,48.886632],[37.836899,48.886601],[37.836469,48.886567],[37.836447,48.886635]]]}},{"type":"Feature","properties":{"cadnum":"1424287900:03:000:0168"},"geometry":{"type":"Polygon","coordinates":[[[37.836227,48.887178],[37.836317,48.88743],[37.836398,48.887335],[37.836379,48.887237],[37.836258,48.887167],[37.836227,48.887178]]]}},{"type":"Feature","properties":{"cadnum":"1424287900:03:000:0218"},"geometry":{"type":"Polygon","coordinates":[[[37.832193,48.887406],[37.83262,48.887728],[37.832926,48.887533],[37.833159,48.887423],[37.832989,48.887303],[37.832813,48.8874],[37.832476,48.887252],[37.832193,48.887406]]]}},{"type":"Feature","properties":{"cadnum":"1424287900:01:000:0017"},"geometry":{"type":"Polygon","coordinates":[[[37.835755,48.856447],[37.835836,48.856451],[37.835836,48.856397],[37.835759,48.856397],[37.835755,48.856447]]]}},{"type":"Feature","properties":{"cadnum":"1424287900:05:000:0274"},"geometry":{"type":"Polygon","coordinates":[[[37.831362,48.854226],[37.836828,48.854259],[37.838262,48.854267],[37.838267,48.853974],[37.838275,48.853564],[37.837,48.853557],[37.831371,48.853525],[37.831366,48.853861],[37.831365,48.85395],[37.831365,48.853974],[37.831362,48.854226]]]}},{"type":"Feature","properties":{"cadnum":"1424287900:01:000:0210"},"geometry":{"type":"Polygon","coordinates":[[[37.833298,48.856587],[37.833398,48.857588],[37.833473,48.85833],[37.834214,48.858295],[37.83426,48.85885],[37.834924,48.85857],[37.835796,48.858097],[37.836828,48.857702],[37.836828,48.857703],[37.837058,48.857615],[37.837268,48.85758],[37.837269,48.85758],[37.837111,48.856357],[37.836828,48.856378],[37.834564,48.856545],[37.833298,48.856587]]]}},{"type":"Feature","properties":{"cadnum":"1424287900:05:000:0119"},"geometry":{"type":"Polygon","coordinates":[[[37.831331,48.856596],[37.831335,48.856596],[37.833675,48.856477],[37.835729,48.856368],[37.836828,48.856284],[37.838239,48.856176],[37.838243,48.855671],[37.837,48.855664],[37.832983,48.855641],[37.831344,48.855632],[37.83134,48.85596],[37.831331,48.856596]]]}},{"type":"Feature","properties":{"cadnum":"1424287900:05:000:0120"},"geometry":{"type":"Polygon","coordinates":[[[37.831344,48.855632],[37.831507,48.855633],[37.832983,48.855641],[37.836828,48.855663],[37.838243,48.855671],[37.838248,48.855389],[37.838252,48.855118],[37.838252,48.854967],[37.837,48.85496],[37.831354,48.854926],[37.831354,48.854955],[37.831348,48.855157],[37.831344,48.855449],[37.831344,48.855632]],[[37.835419,48.855389],[37.835392,48.855389],[37.835387,48.855369],[37.835419,48.855369],[37.835419,48.855389]],[[37.832293,48.855517],[37.832297,48.855538],[37.832266,48.85554],[37.83226,48.85552],[37.832261,48.85552],[37.832293,48.855517]]]}},{"type":"Feature","properties":{"cadnum":"1424287900:01:000:0236"},"geometry":{"type":"Polygon","coordinates":[[[37.82966,48.85682],[37.829725,48.857475],[37.829724,48.857475],[37.829826,48.858487],[37.831031,48.858434],[37.831507,48.858413],[37.833473,48.858327],[37.833386,48.857475],[37.833385,48.857475],[37.833302,48.856655],[37.831507,48.856737],[37.82966,48.85682]]]}},{"type":"Feature","properties":{"cadnum":"1424287900:01:000:0197"},"geometry":{"type":"Polygon","coordinates":[[[37.849931,48.868855],[37.851094,48.869399],[37.852154,48.870693],[37.853308,48.870203],[37.853308,48.870204],[37.856533,48.868832],[37.856592,48.868462],[37.85621,48.868409],[37.856156,48.868252],[37.856407,48.868129],[37.85639,48.868072],[37.856282,48.868084],[37.856111,48.868004],[37.855918,48.86767],[37.855608,48.867245],[37.855302,48.867142],[37.855002,48.86684],[37.854112,48.867218],[37.853308,48.867542],[37.852549,48.867847],[37.851444,48.868317],[37.85136,48.868353],[37.851359,48.868353],[37.851141,48.86843],[37.85114,48.86843],[37.849931,48.868855]]]}},{"type":"Feature","properties":{"cadnum":"1424287900:01:000:0092"},"geometry":{"type":"Polygon","coordinates":[[[37.833811,48.859332],[37.834012,48.860712],[37.834595,48.861202],[37.834596,48.861202],[37.835405,48.861882],[37.835796,48.862955],[37.836828,48.863884],[37.836846,48.8639],[37.837,48.864038],[37.837413,48.864409],[37.837444,48.864816],[37.837445,48.864816],[37.837457,48.864973],[37.836972,48.865427],[37.836604,48.865771],[37.835998,48.867514],[37.836828,48.867827],[37.837952,48.86825],[37.838222,48.868317],[37.838385,48.868357],[37.838676,48.86843],[37.838677,48.86843],[37.839128,48.868542],[37.837184,48.870947],[37.836969,48.871165],[37.8361,48.872043],[37.836101,48.872043],[37.835543,48.872607],[37.834776,48.874572],[37.835035,48.875656],[37.835036,48.875656],[37.835122,48.876014],[37.835073,48.877806],[37.835261,48.879156],[37.83526,48.879156],[37.835459,48.880566],[37.83649,48.882881],[37.836491,48.882881],[37.836604,48.883135],[37.836738,48.883443],[37.836828,48.883472],[37.836828,48.883473],[37.836935,48.883508],[37.837,48.883529],[37.838122,48.883897],[37.838356,48.883862],[37.839577,48.88367],[37.83987,48.883623],[37.840503,48.883522],[37.840597,48.884474],[37.839847,48.886015],[37.838248,48.886],[37.838226,48.886493],[37.838145,48.888289],[37.838149,48.888292],[37.838333,48.888262],[37.838387,48.888393],[37.838666,48.888511],[37.839551,48.888885],[37.842493,48.88788],[37.843162,48.887651],[37.846944,48.886431],[37.847814,48.886099],[37.847815,48.886099],[37.847815,48.8861],[37.849962,48.88528],[37.852082,48.884869],[37.853479,48.884599],[37.853479,48.884598],[37.85466,48.88437],[37.856074,48.883375],[37.856914,48.882881],[37.858285,48.882075],[37.858973,48.881671],[37.859762,48.881206],[37.860571,48.880864],[37.862817,48.879907],[37.864294,48.879279],[37.864357,48.879252],[37.864466,48.879206],[37.86513,48.878923],[37.865081,48.877641],[37.864294,48.876627],[37.863453,48.875543],[37.860652,48.87193],[37.860651,48.87193],[37.860265,48.871432],[37.860265,48.871431],[37.864169,48.869623],[37.864294,48.869615],[37.865632,48.869523],[37.865795,48.869514],[37.869787,48.869237],[37.869787,48.869238],[37.870735,48.869171],[37.871531,48.869119],[37.871867,48.869095],[37.871894,48.868891],[37.871971,48.868317],[37.87197,48.868317],[37.872321,48.865697],[37.872438,48.864816],[37.872439,48.864816],[37.872582,48.863752],[37.872659,48.863185],[37.872685,48.862981],[37.872748,48.862514],[37.872793,48.862181],[37.872846,48.861785],[37.872865,48.861646],[37.872924,48.861202],[37.873072,48.860112],[37.873116,48.859769],[37.873135,48.859649],[37.873148,48.859551],[37.873196,48.859163],[37.873422,48.857475],[37.873421,48.857475],[37.873624,48.855963],[37.869959,48.855809],[37.869783,48.855801],[37.86963,48.854592],[37.866131,48.854692],[37.864466,48.855523],[37.864187,48.855661],[37.864196,48.856084],[37.862445,48.856114],[37.861797,48.856125],[37.861766,48.855809],[37.85886,48.855703],[37.85691,48.856306],[37.85585,48.856888],[37.854975,48.857069],[37.854197,48.857475],[37.854182,48.857483],[37.853981,48.857588],[37.853981,48.857589],[37.853609,48.857783],[37.853308,48.85794],[37.852518,48.858351],[37.852128,48.858552],[37.850025,48.85914],[37.853191,48.860011],[37.853308,48.860132],[37.854343,48.861202],[37.854344,48.861202],[37.855374,48.862266],[37.857045,48.863277],[37.857854,48.863989],[37.858592,48.864816],[37.858973,48.865242],[37.859795,48.866163],[37.858802,48.866598],[37.856745,48.867496],[37.856614,48.868317],[37.856533,48.868832],[37.85348,48.870131],[37.853479,48.870131],[37.853479,48.87013],[37.852154,48.870693],[37.851094,48.869399],[37.849828,48.868808],[37.848883,48.869266],[37.847815,48.869021],[37.847814,48.869021],[37.84711,48.868858],[37.846688,48.868764],[37.846919,48.86843],[37.847814,48.867136],[37.847815,48.867136],[37.847853,48.86708],[37.847986,48.866888],[37.848718,48.86583],[37.849016,48.864816],[37.849017,48.864816],[37.849018,48.864816],[37.849522,48.863108],[37.847986,48.861955],[37.846984,48.861203],[37.846984,48.861202],[37.846512,48.860848],[37.847078,48.860168],[37.846126,48.860041],[37.845556,48.859926],[37.844599,48.860035],[37.843508,48.859971],[37.843126,48.859834],[37.842614,48.858995],[37.842591,48.858637],[37.842407,48.858496],[37.842071,48.858236],[37.840377,48.857834],[37.839859,48.857589],[37.839859,48.857588],[37.839541,48.857438],[37.838881,48.857475],[37.83888,48.857475],[37.83779,48.857538],[37.837789,48.857538],[37.837487,48.857588],[37.837487,48.857589],[37.83708,48.857656],[37.836828,48.857752],[37.836828,48.857753],[37.835832,48.858132],[37.834964,48.858608],[37.834264,48.858904],[37.833811,48.859332]]]}},{"type":"Feature","properties":{"cadnum":"1424287900:01:000:0049"},"geometry":{"type":"Polygon","coordinates":[[[37.847514,48.868551],[37.847986,48.868737],[37.848183,48.868814],[37.848466,48.868826],[37.848615,48.868932],[37.848916,48.869018],[37.849279,48.86892],[37.849657,48.868701],[37.85056,48.868317],[37.851031,48.868116],[37.851107,48.868087],[37.849145,48.86632],[37.849082,48.866445],[37.847967,48.867824],[37.847694,48.868176],[37.847626,48.868317],[37.847625,48.868317],[37.847578,48.868416],[37.847572,48.86843],[37.847514,48.868551]]]}},{"type":"Feature","properties":{"cadnum":"1424287900:01:000:0115"},"geometry":{"type":"Polygon","coordinates":[[[37.791675,48.87197],[37.791676,48.87197],[37.791927,48.872043],[37.791928,48.872043],[37.792735,48.872277],[37.792883,48.872319],[37.792973,48.872345],[37.792986,48.872318],[37.793009,48.872285],[37.793055,48.872211],[37.793055,48.87221],[37.793156,48.872043],[37.793157,48.872043],[37.793722,48.871116],[37.79406,48.870569],[37.793009,48.870279],[37.79299,48.870276],[37.792739,48.870601],[37.791706,48.87193],[37.791705,48.87193],[37.791675,48.871969],[37.791675,48.87197]],[[37.792887,48.870811],[37.792887,48.870829],[37.79286,48.870829],[37.79286,48.870811],[37.792887,48.870811]],[[37.792887,48.871346],[37.792887,48.871364],[37.79286,48.871364],[37.79286,48.871346],[37.792887,48.871346]],[[37.792887,48.871792],[37.792887,48.87181],[37.792866,48.87181],[37.792865,48.87181],[37.792865,48.871792],[37.792866,48.871792],[37.792887,48.871792]],[[37.792883,48.8723],[37.79286,48.8723],[37.79286,48.872283],[37.792883,48.872283],[37.792883,48.8723]]]}},{"type":"Feature","properties":{"cadnum":"1424287900:01:000:0220"},"geometry":{"type":"Polygon","coordinates":[[[37.774283,48.870453],[37.776403,48.871815],[37.77656,48.871916],[37.776575,48.87192],[37.776609,48.87193],[37.776814,48.871989],[37.776998,48.872043],[37.777405,48.872161],[37.777711,48.872087],[37.777773,48.872015],[37.777954,48.871804],[37.777751,48.871006],[37.77864,48.86968],[37.778402,48.869579],[37.778923,48.869178],[37.778923,48.868896],[37.780675,48.869526],[37.77992,48.870058],[37.779336,48.869872],[37.778919,48.870028],[37.778885,48.87193],[37.778884,48.87193],[37.778878,48.872382],[37.780315,48.872501],[37.781896,48.872486],[37.781897,48.872486],[37.782002,48.872485],[37.782068,48.872484],[37.782143,48.872483],[37.783625,48.872351],[37.784124,48.872531],[37.784386,48.873414],[37.784323,48.873845],[37.784434,48.873954],[37.78491,48.873957],[37.785202,48.873848],[37.785499,48.87373],[37.786973,48.873024],[37.78739,48.872858],[37.78739,48.872859],[37.787619,48.872767],[37.787988,48.872643],[37.788688,48.87243],[37.788837,48.872386],[37.789987,48.87193],[37.790992,48.871532],[37.792057,48.871083],[37.792627,48.870654],[37.792833,48.870481],[37.792883,48.870416],[37.79299,48.870276],[37.793055,48.870166],[37.793055,48.870165],[37.794114,48.868344],[37.794468,48.867889],[37.795565,48.866763],[37.796808,48.865532],[37.79702,48.865469],[37.797707,48.864736],[37.798376,48.864023],[37.798376,48.864024],[37.799328,48.863008],[37.798992,48.862603],[37.798376,48.862601],[37.797105,48.862595],[37.795803,48.862544],[37.794464,48.862586],[37.793089,48.862381],[37.79289,48.862449],[37.789717,48.863525],[37.789932,48.863844],[37.789434,48.86422],[37.789074,48.864645],[37.788956,48.864703],[37.788955,48.864703],[37.787911,48.865218],[37.7874,48.865275],[37.787242,48.865292],[37.786959,48.865322],[37.785495,48.865478],[37.78482,48.865061],[37.784502,48.865083],[37.782068,48.865851],[37.782068,48.86585],[37.780895,48.86622],[37.778986,48.866743],[37.777759,48.867286],[37.776575,48.868106],[37.776269,48.868317],[37.776239,48.868338],[37.776106,48.86843],[37.775491,48.868855],[37.774283,48.870453]]]}},{"type":"Feature","properties":{"cadnum":"1424287900:01:000:0151"},"geometry":{"type":"Polygon","coordinates":[[[37.788688,48.87243],[37.789816,48.872454],[37.79021,48.872463],[37.792227,48.872504],[37.792267,48.872141],[37.791681,48.871972],[37.791675,48.87197],[37.791675,48.871969],[37.792833,48.870481],[37.792627,48.870654],[37.792057,48.871083],[37.790992,48.871532],[37.789678,48.872043],[37.789617,48.872067],[37.789464,48.872128],[37.789375,48.872165],[37.788837,48.872386],[37.788688,48.87243]],[[37.789739,48.872259],[37.789739,48.872273],[37.789713,48.872273],[37.789713,48.872259],[37.789739,48.872259]]]}},{"type":"Feature","properties":{"cadnum":"1424287900:05:000:0073"},"geometry":{"type":"Polygon","coordinates":[[[37.893943,48.820455],[37.894638,48.821321],[37.895088,48.821881],[37.895371,48.82223],[37.895534,48.821945],[37.895951,48.821452],[37.89587,48.821351],[37.894752,48.819964],[37.893943,48.820455]]]}},{"type":"Feature","properties":{"cadnum":"1424287900:05:000:0408"},"geometry":{"type":"Polygon","coordinates":[[[37.894752,48.819964],[37.895845,48.821321],[37.89587,48.821351],[37.895936,48.821434],[37.895937,48.821434],[37.895951,48.821452],[37.896061,48.821321],[37.896916,48.820305],[37.896023,48.819196],[37.895983,48.819213],[37.894752,48.819964]]]}},{"type":"Feature","properties":{"cadnum":"1424287900:05:000:0414"},"geometry":{"type":"Polygon","coordinates":[[[37.89296,48.821868],[37.893077,48.822324],[37.895314,48.822335],[37.895371,48.82223],[37.895088,48.821881],[37.894226,48.821875],[37.89296,48.821868]]]}},{"type":"Feature","properties":{"cadnum":"1424287900:05:000:0395"},"geometry":{"type":"Polygon","coordinates":[[[37.893364,48.820804],[37.89378,48.821321],[37.894226,48.821875],[37.895088,48.821881],[37.894729,48.821434],[37.893943,48.820455],[37.893364,48.820804]]]}},{"type":"Feature","properties":{"cadnum":"1424287900:05:000:0183"},"geometry":{"type":"Polygon","coordinates":[[[37.832975,48.822221],[37.833738,48.822667],[37.834157,48.822912],[37.83614,48.821434],[37.836828,48.820922],[37.836828,48.820923],[37.837233,48.820621],[37.83685,48.820397],[37.836052,48.819928],[37.834182,48.821321],[37.832975,48.822221]]]}},{"type":"Feature","properties":{"cadnum":"1424287900:05:000:0171"},"geometry":{"type":"Polygon","coordinates":[[[37.832337,48.827396],[37.833343,48.827984],[37.836828,48.825391],[37.837285,48.825051],[37.837286,48.825051],[37.837516,48.824879],[37.837,48.824579],[37.836689,48.824397],[37.83651,48.82429],[37.83564,48.824938],[37.832337,48.827396]]]}},{"type":"Feature","properties":{"cadnum":"1424287900:05:000:0182"},"geometry":{"type":"Polygon","coordinates":[[[37.834157,48.822912],[37.83461,48.823179],[37.835337,48.823602],[37.836828,48.822493],[37.836828,48.822494],[37.838404,48.821321],[37.838415,48.821313],[37.837233,48.820621],[37.837,48.820795],[37.836292,48.821321],[37.834157,48.822912]]]}},{"type":"Feature","properties":{"cadnum":"1424287900:05:000:0184"},"geometry":{"type":"Polygon","coordinates":[[[37.831681,48.821463],[37.831996,48.821647],[37.832867,48.822158],[37.832975,48.822221],[37.834031,48.821434],[37.836052,48.819928],[37.834763,48.819172],[37.833455,48.820141],[37.83249,48.820863],[37.831872,48.821321],[37.831744,48.821416],[37.83172,48.821434],[37.831681,48.821463]]]}},{"type":"Feature","properties":{"cadnum":"1424287900:05:000:0249"},"geometry":{"type":"Polygon","coordinates":[[[37.835337,48.823602],[37.835486,48.82369],[37.835926,48.82395],[37.837,48.823152],[37.839008,48.821658],[37.838455,48.821337],[37.838415,48.821313],[37.838251,48.821434],[37.838252,48.821434],[37.837,48.822366],[37.835337,48.823602]]]}},{"type":"Feature","properties":{"cadnum":"1424287900:05:000:0176"},"geometry":{"type":"Polygon","coordinates":[[[37.826952,48.824237],[37.827823,48.824752],[37.831335,48.822139],[37.831996,48.821647],[37.831681,48.821463],[37.831631,48.821434],[37.831507,48.821361],[37.831125,48.821136],[37.830722,48.821434],[37.830723,48.821434],[37.826952,48.824237]]]}},{"type":"Feature","properties":{"cadnum":"1424287900:05:000:0185"},"geometry":{"type":"Polygon","coordinates":[[[37.82953,48.8202],[37.829673,48.820286],[37.830182,48.820585],[37.831125,48.821136],[37.831335,48.82126],[37.831439,48.821321],[37.831438,48.821321],[37.831681,48.821463],[37.831744,48.821416],[37.83249,48.820863],[37.831412,48.820231],[37.830679,48.819801],[37.830536,48.819718],[37.830423,48.819766],[37.829574,48.820177],[37.82961,48.820213],[37.829588,48.820222],[37.829553,48.820186],[37.82953,48.8202]],[[37.830433,48.819775],[37.830451,48.819766],[37.830465,48.819781],[37.830446,48.81979],[37.830433,48.819775]]]}},{"type":"Feature","properties":{"cadnum":"1424287900:05:000:0179"},"geometry":{"type":"Polygon","coordinates":[[[37.836689,48.824397],[37.836828,48.824479],[37.837516,48.824879],[37.837615,48.824937],[37.837615,48.824938],[37.837614,48.824938],[37.838436,48.825421],[37.839105,48.825811],[37.839388,48.825314],[37.839583,48.825051],[37.839753,48.82482],[37.840076,48.82453],[37.840188,48.824362],[37.838257,48.823229],[37.837,48.824166],[37.836689,48.824397]]]}},{"type":"Feature","properties":{"cadnum":"1424287900:05:000:0181"},"geometry":{"type":"Polygon","coordinates":[[[37.835926,48.82395],[37.83651,48.82429],[37.836689,48.824397],[37.836828,48.824294],[37.838257,48.823229],[37.839771,48.822105],[37.839008,48.821658],[37.836828,48.823279],[37.836828,48.82328],[37.835926,48.82395]]]}},{"type":"Feature","properties":{"cadnum":"1424287900:05:000:0422"},"geometry":{"type":"Polygon","coordinates":[[[37.849019,48.839482],[37.849176,48.839473],[37.850262,48.839514],[37.850263,48.839514],[37.851512,48.839562],[37.851522,48.839427],[37.851522,48.839426],[37.851562,48.838965],[37.849086,48.838684],[37.849026,48.839401],[37.849019,48.839482]]]}},{"type":"Feature","properties":{"cadnum":"1424287900:05:000:0423"},"geometry":{"type":"Polygon","coordinates":[[[37.847204,48.839567],[37.847986,48.839531],[37.849016,48.839482],[37.849019,48.839482],[37.849086,48.838684],[37.848759,48.838649],[37.847875,48.838695],[37.847275,48.838725],[37.847218,48.839401],[37.847214,48.839453],[37.847208,48.839514],[37.847209,48.839514],[37.847209,48.839515],[37.847204,48.839567]]]}},{"type":"Feature","properties":{"cadnum":"1424287900:07:000:0333"},"geometry":{"type":"Polygon","coordinates":[[[37.827235,48.782397],[37.8274,48.782474],[37.830235,48.785253],[37.830236,48.785253],[37.830257,48.785274],[37.831335,48.786331],[37.832853,48.787819],[37.833931,48.788873],[37.833932,48.788873],[37.835476,48.790382],[37.836828,48.791729],[37.837247,48.792145],[37.837486,48.792378],[37.837486,48.792379],[37.837485,48.792379],[37.839071,48.79392],[37.839146,48.793823],[37.839124,48.793696],[37.838383,48.792988],[37.837861,48.792492],[37.8377,48.792338],[37.837628,48.792163],[37.837574,48.792024],[37.83753,48.791911],[37.837264,48.791654],[37.836863,48.791465],[37.836698,48.791387],[37.836501,48.791187],[37.835639,48.79031],[37.834794,48.789446],[37.834121,48.78876],[37.83412,48.78876],[37.83395,48.788586],[37.833096,48.787721],[37.832832,48.787449],[37.83222,48.786863],[37.83147,48.78615],[37.831331,48.786017],[37.830451,48.785173],[37.829566,48.784327],[37.828452,48.783264],[37.827446,48.782299],[37.827235,48.782397]]]}},{"type":"Feature","properties":{"cadnum":"1424287900:07:000:0132"},"geometry":{"type":"Polygon","coordinates":[[[37.831501,48.79253],[37.831969,48.792929],[37.832957,48.792492],[37.832958,48.792492],[37.835881,48.791198],[37.834744,48.790077],[37.831865,48.791352],[37.831879,48.791361],[37.83188,48.791361],[37.83155,48.792379],[37.831519,48.792475],[37.831513,48.792492],[37.831501,48.79253]]]}},{"type":"Feature","properties":{"cadnum":"1424287900:07:000:0154"},"geometry":{"type":"Polygon","coordinates":[[[37.83395,48.788586],[37.834231,48.788873],[37.834794,48.789446],[37.836091,48.788873],[37.836092,48.788873],[37.837,48.788472],[37.839075,48.787555],[37.838208,48.7867],[37.836828,48.787311],[37.83395,48.788586]]]}},{"type":"Feature","properties":{"cadnum":"1424287900:07:000:0151"},"geometry":{"type":"Polygon","coordinates":[[[37.836501,48.791187],[37.836698,48.791387],[37.836828,48.791449],[37.836863,48.791465],[37.837,48.79153],[37.837264,48.791654],[37.83753,48.791911],[37.837574,48.792024],[37.837876,48.791891],[37.841738,48.79018],[37.840817,48.789275],[37.83983,48.789713],[37.838518,48.790293],[37.836828,48.791042],[37.836501,48.791187]]]}},{"type":"Feature","properties":{"cadnum":"1424287900:07:000:0131"},"geometry":{"type":"Polygon","coordinates":[[[37.831969,48.792929],[37.833128,48.793924],[37.836361,48.792492],[37.836362,48.792492],[37.836828,48.792285],[37.836828,48.792286],[37.836937,48.792237],[37.835881,48.791198],[37.833213,48.792379],[37.831969,48.792929]]]}},{"type":"Feature","properties":{"cadnum":"1424287900:07:000:0153"},"geometry":{"type":"Polygon","coordinates":[[[37.834794,48.789446],[37.835639,48.79031],[37.836828,48.789784],[37.836934,48.789738],[37.837,48.789709],[37.837,48.789708],[37.839142,48.78876],[37.839142,48.788759],[37.839937,48.788408],[37.839075,48.787555],[37.836828,48.788548],[37.836349,48.78876],[37.836348,48.78876],[37.836347,48.78876],[37.834794,48.789446]]]}},{"type":"Feature","properties":{"cadnum":"1424287900:07:000:0225"},"geometry":{"type":"Polygon","coordinates":[[[37.833128,48.793924],[37.833725,48.794433],[37.834233,48.794624],[37.834564,48.794643],[37.834736,48.794652],[37.835585,48.794394],[37.836142,48.794229],[37.837,48.793811],[37.837,48.79381],[37.838023,48.793311],[37.837264,48.792562],[37.837079,48.792379],[37.837078,48.792379],[37.837,48.7923],[37.836937,48.792237],[37.836654,48.792361],[37.836614,48.792379],[37.833128,48.793924]]]}},{"type":"Feature","properties":{"cadnum":"1424287900:07:000:0362"},"geometry":{"type":"Polygon","coordinates":[[[37.805869,48.760393],[37.806955,48.761679],[37.808263,48.763206],[37.808444,48.763419],[37.808511,48.763499],[37.80854,48.763533],[37.809362,48.764495],[37.809395,48.764532],[37.809534,48.7647],[37.811482,48.76704],[37.811481,48.76704],[37.813356,48.769291],[37.813863,48.769805],[37.814096,48.769909],[37.814097,48.769909],[37.814565,48.770351],[37.814856,48.770629],[37.815007,48.770774],[37.815009,48.770774],[37.815444,48.771191],[37.816666,48.772352],[37.817519,48.773162],[37.817672,48.773307],[37.81836,48.773974],[37.818676,48.774281],[37.819195,48.774785],[37.820349,48.775908],[37.820349,48.775909],[37.820444,48.776001],[37.82052,48.776076],[37.820857,48.776407],[37.821687,48.777214],[37.822395,48.777901],[37.822398,48.777904],[37.822512,48.778014],[37.822513,48.778014],[37.822519,48.77802],[37.823687,48.779156],[37.82454,48.779985],[37.825478,48.780891],[37.826014,48.781408],[37.826131,48.781521],[37.82613,48.781521],[37.826413,48.781793],[37.826696,48.782063],[37.82736,48.782711],[37.828465,48.78378],[37.829291,48.784585],[37.829337,48.784741],[37.829856,48.785253],[37.829857,48.785253],[37.830774,48.786158],[37.831335,48.786712],[37.831507,48.786882],[37.832189,48.787555],[37.833406,48.788759],[37.833407,48.788759],[37.833407,48.78876],[37.833406,48.78876],[37.833419,48.788772],[37.83342,48.788772],[37.833521,48.788873],[37.833522,48.788873],[37.833675,48.789023],[37.834744,48.790077],[37.835881,48.791198],[37.836828,48.79213],[37.836937,48.792237],[37.837192,48.792492],[37.837193,48.792492],[37.837264,48.792562],[37.838023,48.793311],[37.83805,48.793299],[37.839236,48.794379],[37.839551,48.794687],[37.840333,48.795438],[37.8404,48.795486],[37.840736,48.795802],[37.840768,48.795793],[37.84097,48.795755],[37.840809,48.795586],[37.840319,48.795199],[37.840023,48.794962],[37.839582,48.794551],[37.839052,48.794003],[37.838109,48.79308],[37.837467,48.79247],[37.837466,48.79247],[37.837138,48.792148],[37.836896,48.791911],[37.836083,48.79111],[37.834947,48.789985],[37.833882,48.788935],[37.833819,48.788873],[37.832692,48.787759],[37.831694,48.786771],[37.831335,48.786402],[37.830243,48.78528],[37.830101,48.78514],[37.8274,48.782474],[37.827235,48.782397],[37.826956,48.782125],[37.826479,48.781634],[37.826014,48.781154],[37.825672,48.780802],[37.824612,48.779769],[37.823085,48.77828],[37.822737,48.777944],[37.821589,48.77683],[37.821058,48.776315],[37.82052,48.775791],[37.820282,48.775557],[37.819397,48.774696],[37.81897,48.774281],[37.818969,48.774281],[37.817874,48.773216],[37.816869,48.77226],[37.815696,48.771176],[37.81514,48.770661],[37.814856,48.770397],[37.814855,48.770397],[37.81429,48.769873],[37.813567,48.769208],[37.812286,48.767671],[37.81176,48.76704],[37.811029,48.766162],[37.809978,48.7649],[37.809605,48.764456],[37.809362,48.76417],[37.80882,48.763533],[37.808821,48.763533],[37.808473,48.763123],[37.807152,48.761578],[37.806039,48.760266],[37.805972,48.760316],[37.805869,48.760393]]]}},{"type":"Feature","properties":{"cadnum":"1424287900:07:000:0152"},"geometry":{"type":"Polygon","coordinates":[[[37.835639,48.79031],[37.836501,48.791187],[37.837,48.790966],[37.838518,48.790293],[37.83983,48.789713],[37.840817,48.789275],[37.840499,48.788961],[37.8403,48.788765],[37.84008,48.788547],[37.839937,48.788408],[37.838885,48.788873],[37.838886,48.788873],[37.836934,48.789738],[37.835639,48.79031]]]}},{"type":"Feature","properties":{"cadnum":"1424287900:07:000:0134"},"geometry":{"type":"Polygon","coordinates":[[[37.827477,48.791474],[37.827643,48.791769],[37.827725,48.791932],[37.831335,48.790168],[37.831404,48.790134],[37.831507,48.790084],[37.833675,48.789023],[37.83342,48.788772],[37.833419,48.788772],[37.833197,48.788873],[37.831335,48.78972],[37.827477,48.791474]]]}},{"type":"Feature","properties":{"cadnum":"1424287900:07:000:0144"},"geometry":{"type":"Polygon","coordinates":[[[37.827056,48.790707],[37.827477,48.791474],[37.829763,48.790437],[37.831335,48.789721],[37.832279,48.78929],[37.833419,48.788772],[37.831441,48.786819],[37.831291,48.786671],[37.82974,48.78514],[37.829337,48.784741],[37.828456,48.78514],[37.828214,48.78525],[37.828217,48.785253],[37.828218,48.785253],[37.829912,48.786928],[37.831335,48.78833],[37.831637,48.788627],[37.831444,48.788714],[37.831344,48.78876],[37.831343,48.78876],[37.831094,48.788872],[37.831094,48.788873],[37.830513,48.789136],[37.83014,48.789307],[37.829763,48.789476],[37.82939,48.789648],[37.828725,48.78995],[37.828268,48.790156],[37.827056,48.790707]]]}},{"type":"Feature","properties":{"cadnum":"1424287900:06:000:0180"},"geometry":{"type":"Polygon","coordinates":[[[37.852778,48.806961],[37.852785,48.806965],[37.852786,48.806965],[37.853308,48.807197],[37.853398,48.807237],[37.853479,48.807162],[37.853479,48.807161],[37.853693,48.806965],[37.853754,48.806908],[37.853766,48.806897],[37.85336,48.806685],[37.853246,48.806625],[37.85293,48.806852],[37.852778,48.806961]]]}},{"type":"Feature","properties":{"cadnum":"1424287900:07:000:0122"},"geometry":{"type":"Polygon","coordinates":[[[37.852594,48.803503],[37.853308,48.803987],[37.85339,48.804042],[37.853439,48.804092],[37.853479,48.804074],[37.855031,48.803347],[37.858801,48.801582],[37.859821,48.801104],[37.859133,48.800442],[37.858814,48.800592],[37.853479,48.803089],[37.85317,48.803234],[37.852594,48.803503]]]}},{"type":"Feature","properties":{"cadnum":"1424287900:07:000:0123"},"geometry":{"type":"Polygon","coordinates":[[[37.851759,48.802935],[37.852197,48.803234],[37.852256,48.803274],[37.852364,48.803347],[37.852594,48.803503],[37.852928,48.803347],[37.853308,48.803169],[37.858801,48.800598],[37.858814,48.800592],[37.858973,48.800518],[37.858973,48.800517],[37.859133,48.800442],[37.858927,48.800243],[37.858464,48.799797],[37.853479,48.802131],[37.851759,48.802935]]]}},{"type":"Feature","properties":{"cadnum":"1424287900:06:000:0181"},"geometry":{"type":"Polygon","coordinates":[[[37.853246,48.806625],[37.853308,48.806657],[37.853308,48.806658],[37.85336,48.806685],[37.853479,48.806748],[37.853479,48.806747],[37.85348,48.806747],[37.853766,48.806897],[37.854342,48.80637],[37.853964,48.806107],[37.853382,48.806527],[37.853246,48.806625]]]}},{"type":"Feature","properties":{"cadnum":"1424287900:06:000:0054"},"geometry":{"type":"Polygon","coordinates":[[[37.849688,48.80461],[37.850092,48.804666],[37.850155,48.804421],[37.850084,48.804409],[37.849881,48.804371],[37.849791,48.804356],[37.849719,48.804533],[37.849688,48.80461]]]}},{"type":"Feature","properties":{"cadnum":"1424287900:06:000:0159"},"geometry":{"type":"Polygon","coordinates":[[[37.848381,48.804536],[37.848525,48.804571],[37.848619,48.80443],[37.848772,48.804462],[37.849073,48.803832],[37.849086,48.803803],[37.848822,48.803744],[37.848808,48.803779],[37.848713,48.804009],[37.848381,48.804536]]]}},{"type":"Feature","properties":{"cadnum":"1424287900:06:000:0211"},"geometry":{"type":"Polygon","coordinates":[[[37.849432,48.805799],[37.849621,48.805852],[37.850218,48.804873],[37.850137,48.804856],[37.850021,48.804829],[37.849432,48.805799]]]}},{"type":"Feature","properties":{"cadnum":"1424287900:06:000:0113"},"geometry":{"type":"Polygon","coordinates":[[[37.848193,48.803468],[37.848449,48.803516],[37.848767,48.803575],[37.849028,48.803252],[37.849118,48.803137],[37.848583,48.80298],[37.84838,48.803234],[37.848379,48.803234],[37.848193,48.803468]]]}},{"type":"Feature","properties":{"cadnum":"1424287900:06:000:0053"},"geometry":{"type":"Polygon","coordinates":[[[37.849239,48.805719],[37.849396,48.805764],[37.849567,48.805462],[37.84994,48.804788],[37.850057,48.804811],[37.850092,48.804666],[37.849688,48.80461],[37.849365,48.805415],[37.849239,48.805719]]]}},{"type":"Feature","properties":{"cadnum":"1424287900:01:000:0078"},"geometry":{"type":"Polygon","coordinates":[[[37.79746,48.866445],[37.798548,48.866739],[37.8002,48.867186],[37.80047,48.866822],[37.800519,48.866758],[37.800582,48.866684],[37.80081,48.866426],[37.798548,48.865833],[37.798548,48.865832],[37.798147,48.865727],[37.79746,48.866445]]]}},{"type":"Feature","properties":{"cadnum":"1424287900:01:000:0075"},"geometry":{"type":"Polygon","coordinates":[[[37.795866,48.868655],[37.798548,48.869521],[37.798628,48.869546],[37.79874,48.869343],[37.799086,48.868705],[37.798548,48.86856],[37.797645,48.868317],[37.796422,48.867987],[37.796364,48.86807],[37.796057,48.86843],[37.796058,48.86843],[37.795959,48.868545],[37.795866,48.868655]]]}},{"type":"Feature","properties":{"cadnum":"1424287900:01:000:0079"},"geometry":{"type":"Polygon","coordinates":[[[37.798147,48.865727],[37.798376,48.865787],[37.80081,48.866426],[37.801282,48.865889],[37.801363,48.865797],[37.801462,48.865688],[37.801502,48.865655],[37.798925,48.865015],[37.798489,48.865375],[37.798147,48.865727]]]}},{"type":"Feature","properties":{"cadnum":"1424287900:01:000:0077"},"geometry":{"type":"Polygon","coordinates":[[[37.796944,48.867212],[37.798376,48.867596],[37.799638,48.867934],[37.799953,48.867511],[37.8002,48.867186],[37.798376,48.866693],[37.79746,48.866445],[37.797334,48.866631],[37.796944,48.867212]]]}},{"type":"Feature","properties":{"cadnum":"1424287900:01:000:0116"},"geometry":{"type":"Polygon","coordinates":[[[37.79299,48.870276],[37.793009,48.870279],[37.79406,48.870569],[37.794994,48.869041],[37.795233,48.868651],[37.794118,48.868345],[37.794114,48.868344],[37.794063,48.86843],[37.794064,48.86843],[37.79299,48.870276]]]}},{"type":"Feature","properties":{"cadnum":"1424287900:01:000:0117"},"geometry":{"type":"Polygon","coordinates":[[[37.794114,48.868344],[37.794118,48.868345],[37.794425,48.86843],[37.794426,48.86843],[37.795233,48.868651],[37.795344,48.86846],[37.79543,48.868317],[37.795429,48.868317],[37.79706,48.865611],[37.796984,48.865593],[37.796674,48.865865],[37.796234,48.866176],[37.795565,48.866763],[37.794468,48.867889],[37.794135,48.868317],[37.794134,48.868317],[37.794114,48.868344]]]}},{"type":"Feature","properties":{"cadnum":"1424287900:01:000:0227"},"geometry":{"type":"Polygon","coordinates":[[[37.79702,48.865469],[37.797258,48.865499],[37.798192,48.865611],[37.798376,48.865465],[37.798489,48.865375],[37.798548,48.865326],[37.798925,48.865015],[37.799172,48.864816],[37.799173,48.864816],[37.799854,48.864273],[37.800694,48.863566],[37.801328,48.862996],[37.801978,48.862479],[37.802234,48.862254],[37.803317,48.862231],[37.803869,48.86229],[37.80611,48.862527],[37.806403,48.861693],[37.806616,48.861089],[37.807045,48.859884],[37.807198,48.859356],[37.807378,48.858738],[37.807508,48.858667],[37.807512,48.858348],[37.805464,48.859687],[37.805078,48.85989],[37.804441,48.859985],[37.804292,48.859875],[37.804143,48.859834],[37.804026,48.860056],[37.803785,48.860219],[37.801646,48.861064],[37.801572,48.861089],[37.801571,48.861089],[37.801322,48.861176],[37.801348,48.861202],[37.801894,48.861764],[37.800757,48.862302],[37.801202,48.862795],[37.799665,48.863847],[37.799328,48.863008],[37.798548,48.86384],[37.797738,48.864703],[37.797707,48.864736],[37.797632,48.864816],[37.79702,48.865469]]]}},{"type":"Feature","properties":{"cadnum":"1424287900:01:000:0076"},"geometry":{"type":"Polygon","coordinates":[[[37.796422,48.867987],[37.798064,48.86843],[37.798376,48.868514],[37.799086,48.868705],[37.799141,48.868601],[37.799305,48.86838],[37.799305,48.868379],[37.799638,48.867934],[37.798548,48.867642],[37.796944,48.867212],[37.796422,48.867987]]]}},{"type":"Feature","properties":{"cadnum":"1424287900:01:000:0088"},"geometry":{"type":"Polygon","coordinates":[[[37.795344,48.86846],[37.79582,48.868616],[37.795979,48.86843],[37.79598,48.86843],[37.796301,48.868055],[37.797276,48.86661],[37.798192,48.865611],[37.797258,48.865499],[37.79706,48.865611],[37.795361,48.86843],[37.795362,48.86843],[37.795344,48.86846]]]}},{"type":"Feature","properties":{"cadnum":"1424287900:01:000:0199"},"geometry":{"type":"Polygon","coordinates":[[[37.856862,48.866388],[37.857179,48.866763],[37.857728,48.867068],[37.858973,48.866523],[37.85899,48.866515],[37.858919,48.866439],[37.858707,48.866211],[37.858801,48.866159],[37.858801,48.86616],[37.858814,48.866152],[37.85877,48.866054],[37.858801,48.866037],[37.858801,48.866038],[37.859395,48.865718],[37.859242,48.865543],[37.858977,48.865472],[37.858801,48.865535],[37.856965,48.866187],[37.856862,48.866388]]]}},{"type":"Feature","properties":{"cadnum":"1424287900:01:000:0200"},"geometry":{"type":"Polygon","coordinates":[[[37.852199,48.860124],[37.852621,48.860919],[37.852748,48.861089],[37.852747,48.861089],[37.853308,48.861842],[37.853443,48.862024],[37.853479,48.862065],[37.85348,48.862065],[37.854166,48.862849],[37.855015,48.863811],[37.855723,48.864703],[37.855797,48.864796],[37.855813,48.864816],[37.855931,48.864964],[37.856506,48.865685],[37.857952,48.865079],[37.857755,48.864788],[37.857099,48.863815],[37.855627,48.863053],[37.855626,48.863052],[37.854719,48.862349],[37.853556,48.861089],[37.853555,48.861089],[37.853479,48.861007],[37.853315,48.860828],[37.853308,48.86082],[37.852824,48.860295],[37.852199,48.860124]]]}},{"type":"Feature","properties":{"cadnum":"1424287900:01:000:0203"},"geometry":{"type":"Polygon","coordinates":[[[37.849145,48.86632],[37.851107,48.868087],[37.851956,48.867744],[37.852279,48.867588],[37.853308,48.867173],[37.85386,48.866949],[37.854449,48.866704],[37.854453,48.866521],[37.854369,48.8664],[37.85391,48.865998],[37.85373,48.865659],[37.853699,48.865564],[37.853847,48.86557],[37.854369,48.865983],[37.854688,48.866341],[37.854845,48.866426],[37.855137,48.866403],[37.856426,48.865821],[37.853923,48.865407],[37.85374,48.865378],[37.853308,48.864978],[37.853013,48.864703],[37.853012,48.864703],[37.852571,48.864293],[37.851921,48.863705],[37.850959,48.862836],[37.84985,48.862355],[37.849877,48.862553],[37.850195,48.863085],[37.850187,48.863439],[37.850065,48.863688],[37.849787,48.864586],[37.849743,48.864703],[37.849742,48.864703],[37.849432,48.865528],[37.849279,48.866057],[37.849145,48.86632]]]}},{"type":"Feature","properties":{"cadnum":"1424287900:01:000:0198"},"geometry":{"type":"Polygon","coordinates":[[[37.85524,48.866734],[37.855621,48.866988],[37.856074,48.867304],[37.856745,48.867496],[37.857674,48.867089],[37.857139,48.866813],[37.856852,48.866485],[37.856703,48.866261],[37.856399,48.866432],[37.856254,48.866279],[37.855401,48.866663],[37.85524,48.866734]]]}},{"type":"Feature","properties":{"cadnum":"1424287900:01:000:0153"},"geometry":{"type":"Polygon","coordinates":[[[37.851921,48.863705],[37.852571,48.864293],[37.853014,48.864703],[37.853267,48.864938],[37.853308,48.864975],[37.853308,48.864976],[37.85374,48.865378],[37.853923,48.865407],[37.855675,48.864739],[37.854952,48.863835],[37.854108,48.862869],[37.853308,48.863175],[37.851921,48.863705]]]}},{"type":"Feature","properties":{"cadnum":"1424287900:01:000:0183"},"geometry":{"type":"Polygon","coordinates":[[[37.801799,48.88346],[37.801921,48.883853],[37.802135,48.884124],[37.803116,48.883652],[37.803869,48.883222],[37.804103,48.883088],[37.804757,48.882768],[37.805118,48.882592],[37.806213,48.882104],[37.808051,48.881366],[37.809345,48.880843],[37.809362,48.880836],[37.809362,48.880837],[37.809974,48.880592],[37.810818,48.880173],[37.812238,48.879472],[37.812604,48.879269],[37.813463,48.87879],[37.813464,48.87879],[37.813697,48.878737],[37.813716,48.878578],[37.813733,48.878274],[37.81384,48.877983],[37.81424,48.877609],[37.814523,48.877254],[37.814762,48.876953],[37.814855,48.876791],[37.814856,48.876791],[37.814892,48.876727],[37.815027,48.876494],[37.815027,48.876493],[37.815045,48.876463],[37.815188,48.875949],[37.815228,48.875555],[37.815435,48.874661],[37.815574,48.874043],[37.815584,48.873455],[37.815385,48.873266],[37.815125,48.873231],[37.814856,48.873224],[37.814855,48.873224],[37.813787,48.873195],[37.813024,48.873231],[37.812641,48.873295],[37.812345,48.873402],[37.812242,48.873934],[37.812169,48.874701],[37.812031,48.875526],[37.812031,48.875543],[37.81203,48.875543],[37.812012,48.876014],[37.811586,48.876232],[37.810651,48.876531],[37.80952,48.876781],[37.80894,48.876908],[37.806628,48.877284],[37.805833,48.877437],[37.805504,48.87752],[37.804135,48.877698],[37.804089,48.878013],[37.803986,48.878409],[37.803529,48.878498],[37.802728,48.878557],[37.80225,48.879156],[37.802249,48.879156],[37.802215,48.879199],[37.802159,48.879269],[37.80216,48.879269],[37.802078,48.879373],[37.801992,48.879573],[37.801835,48.880725],[37.801862,48.881419],[37.802019,48.882131],[37.801858,48.882394],[37.801903,48.882768],[37.801902,48.882768],[37.801907,48.882802],[37.801894,48.882881],[37.801799,48.88346]]]}},{"type":"Feature","properties":{"cadnum":"1424287900:01:000:0232"},"geometry":{"type":"Polygon","coordinates":[[[37.799768,48.885422],[37.799774,48.885589],[37.800685,48.88499],[37.802104,48.884334],[37.803057,48.883885],[37.804041,48.883383],[37.804041,48.883382],[37.804345,48.883227],[37.805211,48.882781],[37.805316,48.882727],[37.806856,48.882075],[37.808976,48.881212],[37.809362,48.881048],[37.809816,48.880855],[37.810508,48.880547],[37.81151,48.880063],[37.813051,48.879269],[37.813052,48.879269],[37.813626,48.878973],[37.814595,48.878767],[37.814855,48.878714],[37.814856,48.878714],[37.814928,48.878699],[37.815027,48.87869],[37.815997,48.878601],[37.81716,48.878513],[37.817766,48.878491],[37.818049,48.878506],[37.819402,48.878583],[37.820241,48.878769],[37.820349,48.878815],[37.820349,48.878816],[37.820578,48.878914],[37.82101,48.879155],[37.82101,48.879156],[37.821201,48.879262],[37.821203,48.879263],[37.821206,48.879269],[37.821507,48.879732],[37.821953,48.880598],[37.823052,48.882158],[37.823612,48.882881],[37.82396,48.88333],[37.825165,48.884432],[37.825842,48.885053],[37.825842,48.885054],[37.826075,48.885267],[37.826669,48.88549],[37.826754,48.885424],[37.826817,48.885356],[37.826197,48.885123],[37.825842,48.884796],[37.82533,48.884325],[37.824167,48.883253],[37.823794,48.882768],[37.823793,48.882768],[37.823268,48.882084],[37.822177,48.880533],[37.821741,48.879686],[37.821391,48.87916],[37.821391,48.879159],[37.820884,48.878882],[37.820735,48.878805],[37.820578,48.878731],[37.820457,48.878672],[37.820272,48.878596],[37.819496,48.878421],[37.817748,48.878324],[37.817111,48.878353],[37.814905,48.878533],[37.81398,48.87871],[37.813657,48.878775],[37.813185,48.878973],[37.812838,48.879156],[37.812837,48.879156],[37.812238,48.879472],[37.810818,48.880173],[37.809974,48.880592],[37.809362,48.880855],[37.808846,48.881076],[37.80802,48.881407],[37.80602,48.882228],[37.804829,48.882768],[37.804828,48.882768],[37.804611,48.882867],[37.804583,48.882881],[37.804584,48.882881],[37.803869,48.883257],[37.803116,48.883652],[37.802301,48.884045],[37.802135,48.884124],[37.802024,48.884178],[37.801858,48.884255],[37.800496,48.884886],[37.799795,48.885392],[37.799768,48.885422]]]}},{"type":"Feature","properties":{"cadnum":"1424287900:05:000:0421"},"geometry":{"type":"Polygon","coordinates":[[[37.812395,48.856865],[37.812722,48.856874],[37.812749,48.856625],[37.812777,48.856357],[37.812861,48.855452],[37.813018,48.854314],[37.813081,48.853861],[37.813163,48.853286],[37.813293,48.852316],[37.813427,48.851367],[37.81354,48.85054],[37.813553,48.850419],[37.813569,48.850247],[37.813643,48.849467],[37.813693,48.848817],[37.813787,48.848512],[37.81384,48.848317],[37.814313,48.846745],[37.814314,48.846745],[37.814379,48.846529],[37.814699,48.845474],[37.814855,48.844956],[37.814856,48.844956],[37.814907,48.844786],[37.815027,48.844388],[37.815027,48.844387],[37.815031,48.844374],[37.815368,48.843251],[37.815439,48.843017],[37.815696,48.842175],[37.816006,48.841149],[37.816324,48.840091],[37.816498,48.839515],[37.816498,48.839514],[37.816657,48.838995],[37.817007,48.837832],[37.816913,48.837714],[37.81676,48.837847],[37.816634,48.838326],[37.816272,48.839514],[37.816273,48.839514],[37.816273,48.839515],[37.816248,48.839597],[37.815808,48.841075],[37.815242,48.842946],[37.815221,48.843017],[37.81522,48.843017],[37.814925,48.844008],[37.814357,48.845912],[37.814139,48.846632],[37.814138,48.846632],[37.813517,48.848693],[37.813418,48.849234],[37.813274,48.849884],[37.813214,48.850247],[37.813213,48.850254],[37.813195,48.85036],[37.812852,48.852449],[37.812694,48.853974],[37.812444,48.856392],[37.812417,48.856664],[37.812395,48.856865]]]}},{"type":"Feature","properties":{"cadnum":"1424287900:05:000:0081"},"geometry":{"type":"Polygon","coordinates":[[[37.813643,48.849467],[37.815027,48.849551],[37.819567,48.849825],[37.819698,48.848867],[37.814856,48.848577],[37.814855,48.848577],[37.813787,48.848512],[37.813693,48.848817],[37.813643,48.849467]]]}},{"type":"Feature","properties":{"cadnum":"1424287900:05:000:0080"},"geometry":{"type":"Polygon","coordinates":[[[37.813553,48.850419],[37.814855,48.850497],[37.814856,48.850497],[37.814856,48.850498],[37.819433,48.850773],[37.819504,48.850265],[37.819567,48.849825],[37.814856,48.849541],[37.814855,48.849541],[37.813643,48.849467],[37.813559,48.85036],[37.813553,48.850419]]]}},{"type":"Feature","properties":{"cadnum":"1424287900:05:000:0082"},"geometry":{"type":"Polygon","coordinates":[[[37.813787,48.848512],[37.815027,48.848588],[37.815027,48.848587],[37.819698,48.848867],[37.819972,48.846863],[37.816095,48.846632],[37.816088,48.846632],[37.815027,48.846569],[37.815027,48.846568],[37.814379,48.846529],[37.814348,48.846632],[37.814347,48.846632],[37.81384,48.848317],[37.813787,48.848512]]]}},{"type":"Feature","properties":{"cadnum":"1424287900:05:000:0327"},"geometry":{"type":"Polygon","coordinates":[[[37.866581,48.803113],[37.866701,48.803234],[37.866764,48.803297],[37.866814,48.803347],[37.866815,48.803347],[37.8676,48.804125],[37.868887,48.803315],[37.869959,48.802641],[37.872397,48.801107],[37.872038,48.800767],[37.871418,48.800193],[37.871144,48.800329],[37.871305,48.800471],[37.869914,48.801166],[37.868063,48.802089],[37.867892,48.80195],[37.867709,48.802042],[37.866581,48.803113]]]}},{"type":"Feature","properties":{"cadnum":"1424287900:07:000:0250"},"geometry":{"type":"Polygon","coordinates":[[[37.802648,48.803911],[37.802953,48.803903],[37.803869,48.803868],[37.803869,48.803869],[37.805944,48.80379],[37.806793,48.803909],[37.806907,48.803347],[37.807184,48.801988],[37.807076,48.801974],[37.806303,48.802705],[37.805756,48.80306],[37.804842,48.803234],[37.804675,48.803266],[37.804247,48.803347],[37.803923,48.803409],[37.803678,48.80331],[37.802837,48.802968],[37.802783,48.803234],[37.802782,48.803239],[37.80276,48.803347],[37.802648,48.803911]]]}},{"type":"Feature","properties":{"cadnum":"1424287900:07:000:0042"},"geometry":{"type":"Polygon","coordinates":[[[37.809196,48.804264],[37.809362,48.80429],[37.811532,48.804628],[37.811703,48.803782],[37.810863,48.803812],[37.810544,48.80345],[37.810551,48.803294],[37.810561,48.803089],[37.809475,48.802882],[37.809404,48.803234],[37.809196,48.804264]]]}},{"type":"Feature","properties":{"cadnum":"1424287900:07:000:0047"},"geometry":{"type":"Polygon","coordinates":[[[37.806793,48.803909],[37.808074,48.804089],[37.809196,48.804264],[37.809381,48.803347],[37.809383,48.803347],[37.809475,48.802882],[37.809106,48.802812],[37.808959,48.801823],[37.80903,48.800563],[37.809142,48.800161],[37.808986,48.799936],[37.808666,48.80006],[37.808311,48.801102],[37.808033,48.801729],[37.80762,48.802057],[37.807184,48.801988],[37.80693,48.803234],[37.806793,48.803909]]]}},{"type":"Feature","properties":{"cadnum":"1424287900:07:000:0093"},"geometry":{"type":"Polygon","coordinates":[[[37.80219,48.800613],[37.804041,48.801467],[37.806317,48.802516],[37.806605,48.802181],[37.807009,48.80192],[37.807345,48.801942],[37.807647,48.802033],[37.807795,48.801915],[37.807867,48.801681],[37.803869,48.799839],[37.803869,48.79984],[37.803629,48.799729],[37.803007,48.799442],[37.802874,48.799616],[37.802826,48.79968],[37.802788,48.799729],[37.802594,48.799986],[37.80219,48.800613]]]}},{"type":"Feature","properties":{"cadnum":"1424287900:07:000:0094"},"geometry":{"type":"Polygon","coordinates":[[[37.803007,48.799442],[37.803384,48.799616],[37.804041,48.799919],[37.804041,48.799918],[37.807867,48.801681],[37.80797,48.801356],[37.808347,48.800439],[37.80656,48.799616],[37.806559,48.799616],[37.803869,48.798376],[37.803722,48.798308],[37.803506,48.798433],[37.803653,48.798589],[37.803007,48.799442]]]}},{"type":"Feature","properties":{"cadnum":"1424287900:07:000:0098"},"geometry":{"type":"Polygon","coordinates":[[[37.809223,48.800814],[37.809255,48.801075],[37.809295,48.802832],[37.809362,48.802842],[37.809362,48.802843],[37.811334,48.803148],[37.811814,48.803234],[37.812143,48.803293],[37.812448,48.803347],[37.812449,48.803347],[37.812682,48.803388],[37.812704,48.803374],[37.812704,48.803373],[37.813261,48.803539],[37.813375,48.803347],[37.813909,48.802453],[37.809508,48.800915],[37.809223,48.800814]]]}},{"type":"Feature","properties":{"cadnum":"1424287900:07:000:0095"},"geometry":{"type":"Polygon","coordinates":[[[37.803722,48.798308],[37.804041,48.798456],[37.804041,48.798455],[37.806805,48.799729],[37.808347,48.800439],[37.8085,48.80006],[37.808653,48.800098],[37.808666,48.80006],[37.808986,48.799936],[37.809307,48.799616],[37.809362,48.799561],[37.809362,48.799562],[37.809403,48.799521],[37.809511,48.799415],[37.805257,48.797453],[37.804041,48.798131],[37.803722,48.798308]]]}},{"type":"Feature","properties":{"cadnum":"1424287900:07:000:0032"},"geometry":{"type":"Polygon","coordinates":[[[37.803003,48.766999],[37.803071,48.76704],[37.803079,48.767045],[37.803258,48.767153],[37.803259,48.767153],[37.803869,48.767522],[37.803869,48.767523],[37.80395,48.767571],[37.804041,48.76752],[37.804697,48.767153],[37.809299,48.764586],[37.808666,48.763837],[37.803869,48.766515],[37.803869,48.766516],[37.803003,48.766999]]]}},{"type":"Feature","properties":{"cadnum":"1424287900:07:000:0406"},"geometry":{"type":"Polygon","coordinates":[[[37.804058,48.767511],[37.805509,48.768396],[37.807121,48.769391],[37.807728,48.769818],[37.808442,48.770362],[37.808699,48.770661],[37.809362,48.771432],[37.809425,48.771505],[37.809534,48.771895],[37.809547,48.771942],[37.809678,48.772147],[37.812131,48.770774],[37.812132,48.770774],[37.813863,48.769805],[37.813356,48.769291],[37.811576,48.767154],[37.811576,48.767153],[37.811577,48.767153],[37.809395,48.764532],[37.809299,48.764586],[37.804902,48.76704],[37.804058,48.767511]]]}},{"type":"Feature","properties":{"cadnum":"1424287900:07:000:0330"},"geometry":{"type":"Polygon","coordinates":[[[37.82003,48.781876],[37.820349,48.782186],[37.820857,48.782678],[37.820964,48.782782],[37.823704,48.781634],[37.825478,48.780891],[37.824616,48.780059],[37.82454,48.779985],[37.820876,48.781521],[37.820811,48.781548],[37.820606,48.781634],[37.820607,48.781634],[37.820349,48.781743],[37.82003,48.781876]]]}},{"type":"Feature","properties":{"cadnum":"1424287900:07:000:0049"},"geometry":{"type":"Polygon","coordinates":[[[37.822842,48.784605],[37.823219,48.784969],[37.823395,48.78514],[37.823394,48.78514],[37.823489,48.785232],[37.823511,48.785253],[37.823997,48.785724],[37.824773,48.786478],[37.825842,48.786031],[37.827965,48.78514],[37.827964,48.78514],[37.82896,48.784723],[37.829291,48.784585],[37.82736,48.782711],[37.827023,48.78285],[37.826014,48.783274],[37.822842,48.784605]]]}},{"type":"Feature","properties":{"cadnum":"1424287900:07:000:0321"},"geometry":{"type":"Polygon","coordinates":[[[37.821899,48.783685],[37.822842,48.784605],[37.825842,48.783346],[37.825842,48.783347],[37.827023,48.78285],[37.827117,48.782812],[37.82736,48.782711],[37.826696,48.782063],[37.826413,48.781793],[37.82617,48.781894],[37.825842,48.782032],[37.821899,48.783685]]]}},{"type":"Feature","properties":{"cadnum":"1424287900:07:000:0286"},"geometry":{"type":"Polygon","coordinates":[[[37.815427,48.784957],[37.815616,48.78514],[37.81624,48.785739],[37.817425,48.785241],[37.820349,48.784015],[37.821666,48.783462],[37.820964,48.782782],[37.820857,48.782678],[37.820521,48.78282],[37.82052,48.78282],[37.819836,48.783107],[37.819855,48.783143],[37.819617,48.783486],[37.819616,48.783486],[37.818624,48.783732],[37.81844,48.783694],[37.815427,48.784957]]]}},{"type":"Feature","properties":{"cadnum":"1424287900:07:000:0284"},"geometry":{"type":"Polygon","coordinates":[[[37.81624,48.785739],[37.817802,48.787242],[37.82052,48.786102],[37.82052,48.786101],[37.822631,48.785215],[37.823219,48.784969],[37.822842,48.784605],[37.822442,48.784217],[37.821899,48.783685],[37.821666,48.783462],[37.820521,48.783943],[37.82052,48.783943],[37.817665,48.78514],[37.817425,48.785241],[37.817396,48.785253],[37.81624,48.785739]]]}},{"type":"Feature","properties":{"cadnum":"1424287900:07:000:0183"},"geometry":{"type":"Polygon","coordinates":[[[37.817802,48.787242],[37.818584,48.787994],[37.820349,48.787254],[37.823997,48.785724],[37.823489,48.785232],[37.823219,48.784969],[37.82281,48.78514],[37.822631,48.785215],[37.82254,48.785253],[37.82254,48.785254],[37.820349,48.786173],[37.820349,48.786174],[37.817802,48.787242]]]}},{"type":"Feature","properties":{"cadnum":"1424287900:07:000:0354"},"geometry":{"type":"Polygon","coordinates":[[[37.814316,48.783892],[37.814856,48.784409],[37.814856,48.78441],[37.815427,48.784957],[37.818194,48.783794],[37.817654,48.782942],[37.817811,48.782663],[37.819419,48.782163],[37.819823,48.782253],[37.820349,48.782891],[37.82052,48.78282],[37.82052,48.782819],[37.820857,48.782678],[37.82052,48.782353],[37.82052,48.782352],[37.82003,48.781876],[37.819756,48.78161],[37.815027,48.783594],[37.814316,48.783892]]]}},{"type":"Feature","properties":{"cadnum":"1424287900:07:000:0237"},"geometry":{"type":"Polygon","coordinates":[[[37.818857,48.752494],[37.81891,48.752555],[37.81891,48.752556],[37.818966,48.752621],[37.819006,48.752669],[37.819007,48.752669],[37.820349,48.754238],[37.820356,48.754246],[37.82052,48.754439],[37.820521,48.754439],[37.820942,48.75493],[37.822765,48.753832],[37.821886,48.752669],[37.820848,48.751294],[37.820369,48.751583],[37.818857,48.752494]]]}},{"type":"Feature","properties":{"cadnum":"1424287900:07:000:0343"},"geometry":{"type":"Polygon","coordinates":[[[37.815089,48.743753],[37.816064,48.744968],[37.816296,48.745311],[37.816296,48.745312],[37.816295,48.745312],[37.817007,48.746363],[37.816873,48.746603],[37.818713,48.748934],[37.818779,48.749017],[37.818802,48.749047],[37.818803,48.749047],[37.818871,48.749133],[37.820022,48.750738],[37.820349,48.750544],[37.820349,48.750545],[37.820664,48.750358],[37.820349,48.749959],[37.819629,48.749047],[37.81963,48.749047],[37.817601,48.746473],[37.816716,48.745312],[37.816715,48.745312],[37.815431,48.743626],[37.815089,48.743753]]]}},{"type":"Feature","properties":{"cadnum":"1424287900:07:000:0340"},"geometry":{"type":"Polygon","coordinates":[[[37.820848,48.751294],[37.8218,48.752555],[37.8218,48.752556],[37.822765,48.753832],[37.822798,48.753874],[37.823431,48.754711],[37.823597,48.754599],[37.822702,48.753361],[37.822186,48.752669],[37.821064,48.751161],[37.820848,48.751294]]]}},{"type":"Feature","properties":{"cadnum":"1424287900:07:000:0176"},"geometry":{"type":"Polygon","coordinates":[[[37.797451,48.764897],[37.797779,48.765116],[37.798376,48.764745],[37.798808,48.764477],[37.799005,48.764595],[37.800744,48.763533],[37.804041,48.76152],[37.804041,48.761519],[37.80581,48.760438],[37.805869,48.760393],[37.806039,48.760266],[37.806362,48.76002],[37.806543,48.759912],[37.809362,48.75822],[37.810382,48.757608],[37.810571,48.757495],[37.812767,48.756177],[37.814855,48.754924],[37.814856,48.754924],[37.814978,48.754851],[37.815027,48.754821],[37.815179,48.754729],[37.816953,48.753648],[37.818568,48.752669],[37.818857,48.752494],[37.820349,48.751595],[37.820369,48.751583],[37.82052,48.751492],[37.82052,48.751491],[37.820848,48.751294],[37.821198,48.751078],[37.821306,48.751013],[37.82083,48.750459],[37.820672,48.750554],[37.820521,48.750646],[37.82052,48.750646],[37.817369,48.752555],[37.817369,48.752556],[37.815027,48.753976],[37.815027,48.753975],[37.811395,48.756177],[37.811394,48.756177],[37.809362,48.75741],[37.80567,48.759647],[37.805509,48.759745],[37.805423,48.759798],[37.805422,48.759798],[37.803869,48.760747],[37.803869,48.760748],[37.799492,48.763419],[37.79934,48.763512],[37.799307,48.763533],[37.798548,48.763997],[37.798318,48.764136],[37.798376,48.764172],[37.798498,48.764246],[37.797451,48.764897]]]}},{"type":"Feature","properties":{"cadnum":"1424287900:07:000:0346"},"geometry":{"type":"Polygon","coordinates":[[[37.814865,48.753912],[37.814945,48.754024],[37.815027,48.753975],[37.817182,48.752669],[37.82052,48.750647],[37.82083,48.750459],[37.820664,48.750358],[37.820521,48.750443],[37.82052,48.750443],[37.820022,48.750738],[37.817676,48.752197],[37.816902,48.752669],[37.816903,48.752669],[37.814865,48.753912]]]}},{"type":"Feature","properties":{"cadnum":"1424287900:01:000:0228"},"geometry":{"type":"Polygon","coordinates":[[[37.824603,48.88071],[37.825842,48.881113],[37.82596,48.881151],[37.826014,48.881168],[37.826807,48.881425],[37.826808,48.881425],[37.827711,48.882101],[37.828928,48.882252],[37.830679,48.882749],[37.830747,48.882768],[37.830746,48.882768],[37.831507,48.882985],[37.831507,48.882984],[37.831996,48.883123],[37.833415,48.884012],[37.832809,48.883171],[37.833343,48.883135],[37.833246,48.882881],[37.832952,48.882099],[37.831457,48.881791],[37.830976,48.881496],[37.830832,48.881475],[37.828452,48.880244],[37.827436,48.879605],[37.826621,48.879156],[37.825842,48.878725],[37.825842,48.878726],[37.824729,48.87811],[37.82495,48.879269],[37.825056,48.879821],[37.825056,48.879822],[37.824603,48.88071]]]}},{"type":"Feature","properties":{"cadnum":"1424287900:05:000:0335"},"geometry":{"type":"Polygon","coordinates":[[[37.869244,48.832082],[37.869244,48.832136],[37.869252,48.83217],[37.86926,48.832202],[37.869279,48.832283],[37.869311,48.832416],[37.869437,48.832721],[37.869649,48.833057],[37.869787,48.833184],[37.869852,48.833243],[37.869959,48.833341],[37.869986,48.833365],[37.870408,48.833699],[37.870515,48.834034],[37.870668,48.834465],[37.873228,48.83487],[37.873422,48.83353],[37.873494,48.833025],[37.870149,48.832283],[37.869959,48.832241],[37.869959,48.83224],[37.869244,48.832082]]]}},{"type":"Feature","properties":{"cadnum":"1424287900:05:000:0309"},"geometry":{"type":"Polygon","coordinates":[[[37.873965,48.829782],[37.87528,48.830073],[37.878691,48.830828],[37.878901,48.829684],[37.87528,48.828881],[37.874131,48.828625],[37.874005,48.8295],[37.873965,48.829782]]]}},{"type":"Feature","properties":{"cadnum":"1424287900:05:000:0224"},"geometry":{"type":"Polygon","coordinates":[[[37.868351,48.829226],[37.868512,48.830136],[37.868571,48.830435],[37.869787,48.830705],[37.873705,48.831573],[37.873758,48.831198],[37.873871,48.830449],[37.869959,48.829583],[37.869959,48.829582],[37.868351,48.829226]]]}},{"type":"Feature","properties":{"cadnum":"1424287900:05:000:0409"},"geometry":{"type":"Polygon","coordinates":[[[37.873597,48.83234],[37.87528,48.832712],[37.878205,48.833359],[37.878393,48.832458],[37.878435,48.832233],[37.878434,48.832233],[37.875437,48.83157],[37.873758,48.831198],[37.873705,48.831573],[37.873604,48.832283],[37.873605,48.832283],[37.873597,48.83234]]]}},{"type":"Feature","properties":{"cadnum":"1424287900:05:000:0443"},"geometry":{"type":"Polygon","coordinates":[[[37.873758,48.831198],[37.87528,48.831535],[37.875437,48.83157],[37.875452,48.831573],[37.87815,48.83217],[37.878434,48.832233],[37.878435,48.832233],[37.878691,48.830828],[37.875452,48.830111],[37.873965,48.829782],[37.873871,48.830449],[37.873758,48.831198]]]}},{"type":"Feature","properties":{"cadnum":"1424287900:05:000:0310"},"geometry":{"type":"Polygon","coordinates":[[[37.874091,48.828496],[37.874353,48.828554],[37.874352,48.828554],[37.87528,48.82876],[37.878946,48.829572],[37.879176,48.828571],[37.879194,48.828498],[37.875452,48.827667],[37.874364,48.827425],[37.874297,48.827694],[37.874091,48.828496]]]}},{"type":"Feature","properties":{"cadnum":"1424287900:05:000:0442"},"geometry":{"type":"Polygon","coordinates":[[[37.868571,48.830435],[37.868642,48.830787],[37.869024,48.83097],[37.86919,48.831248],[37.869257,48.831591],[37.869244,48.832082],[37.869787,48.832202],[37.869787,48.832203],[37.873494,48.833025],[37.873548,48.832667],[37.873597,48.83234],[37.87362,48.83217],[37.873705,48.831573],[37.869959,48.830743],[37.868571,48.830435]]]}},{"type":"Feature","properties":{"cadnum":"1424287900:05:000:0225"},"geometry":{"type":"Polygon","coordinates":[[[37.868166,48.828205],[37.868249,48.828667],[37.868351,48.829226],[37.869787,48.829544],[37.873871,48.830449],[37.873965,48.829782],[37.874005,48.8295],[37.870246,48.828667],[37.870247,48.828667],[37.869931,48.828597],[37.869738,48.828554],[37.869736,48.828554],[37.868166,48.828205]]]}},{"type":"Feature","properties":{"cadnum":"1424287900:05:000:0272"},"geometry":{"type":"Polygon","coordinates":[[[37.871787,48.80024],[37.872177,48.800628],[37.87233,48.800782],[37.874784,48.799616],[37.87528,48.79938],[37.87528,48.799381],[37.87984,48.797214],[37.879727,48.797042],[37.879404,48.796548],[37.8754,48.798485],[37.873061,48.799616],[37.872885,48.799701],[37.872828,48.799729],[37.872827,48.799729],[37.872573,48.799852],[37.87241,48.799808],[37.871787,48.80024]],[[37.877123,48.797924],[37.877171,48.797898],[37.877217,48.797933],[37.877163,48.797957],[37.877123,48.797924]],[[37.874733,48.799057],[37.874783,48.799089],[37.874729,48.799113],[37.874688,48.79908],[37.874733,48.799057]]]}},{"type":"Feature","properties":{"cadnum":"1424287900:01:000:0217"},"geometry":{"type":"Polygon","coordinates":[[[37.780451,48.862919],[37.780499,48.863147],[37.782068,48.863031],[37.785256,48.862795],[37.78739,48.862675],[37.787413,48.862674],[37.787561,48.862665],[37.787562,48.862665],[37.787602,48.862663],[37.787879,48.862645],[37.7896,48.862547],[37.792479,48.862408],[37.793055,48.86221],[37.793378,48.862098],[37.794011,48.861853],[37.793705,48.861557],[37.792883,48.861511],[37.791181,48.861415],[37.790221,48.861203],[37.790221,48.861202],[37.789568,48.861058],[37.789078,48.860999],[37.789078,48.860998],[37.789101,48.860851],[37.78792,48.860815],[37.788015,48.860124],[37.787753,48.860068],[37.787534,48.860019],[37.786231,48.859731],[37.786118,48.860337],[37.785593,48.860234],[37.785535,48.860821],[37.784879,48.8607],[37.784498,48.861089],[37.784497,48.861089],[37.784317,48.861274],[37.784219,48.861737],[37.783294,48.861636],[37.783258,48.861947],[37.782067,48.8619],[37.781914,48.862024],[37.781956,48.862408],[37.78195,48.862713],[37.780451,48.862919]]]}},{"type":"Feature","properties":{"cadnum":"1424287900:01:000:0216"},"geometry":{"type":"Polygon","coordinates":[[[37.779678,48.862258],[37.779787,48.864703],[37.779862,48.866373],[37.781896,48.865747],[37.781897,48.865747],[37.784484,48.864949],[37.783939,48.864703],[37.782068,48.863857],[37.780499,48.863147],[37.780451,48.862919],[37.781896,48.86272],[37.781897,48.86272],[37.781897,48.862721],[37.78195,48.862713],[37.781956,48.862408],[37.781914,48.862024],[37.782067,48.8619],[37.782068,48.861901],[37.782068,48.8619],[37.783258,48.861947],[37.783294,48.861637],[37.783294,48.861636],[37.784219,48.861737],[37.784317,48.861274],[37.784387,48.861202],[37.784879,48.8607],[37.785535,48.860821],[37.785593,48.860234],[37.786118,48.860337],[37.786231,48.859731],[37.78739,48.859987],[37.787534,48.860019],[37.787561,48.860025],[37.787753,48.860068],[37.788015,48.860124],[37.787919,48.860815],[37.789101,48.860851],[37.789263,48.859882],[37.788306,48.859849],[37.788428,48.859012],[37.788275,48.858972],[37.788023,48.858904],[37.787561,48.858778],[37.786824,48.858576],[37.786298,48.859169],[37.786298,48.85917],[37.785648,48.859424],[37.785468,48.859312],[37.783841,48.860458],[37.783558,48.860786],[37.783027,48.861089],[37.783026,48.861089],[37.782903,48.86116],[37.782829,48.861202],[37.782829,48.861203],[37.782741,48.861253],[37.782363,48.861406],[37.781986,48.861462],[37.780751,48.861646],[37.780424,48.862228],[37.779678,48.862258]]]}},{"type":"Feature","properties":{"cadnum":"1424287900:05:000:0255"},"geometry":{"type":"Polygon","coordinates":[[[37.884274,48.811804],[37.884924,48.812389],[37.886267,48.811583],[37.88793,48.810583],[37.891932,48.808178],[37.891932,48.808177],[37.892039,48.808112],[37.891853,48.807901],[37.891518,48.80752],[37.891492,48.8075],[37.886513,48.81047],[37.886511,48.81047],[37.886293,48.8106],[37.884274,48.811804]]]}},{"type":"Feature","properties":{"cadnum":"1424287900:05:000:0251"},"geometry":{"type":"Polygon","coordinates":[[[37.887332,48.814564],[37.887826,48.815013],[37.889211,48.8142],[37.889212,48.8142],[37.891932,48.812604],[37.892865,48.812056],[37.892941,48.811188],[37.89176,48.811899],[37.89176,48.8119],[37.887935,48.8142],[37.887936,48.8142],[37.887332,48.814564]]]}},{"type":"Feature","properties":{"cadnum":"1424287900:05:000:0256"},"geometry":{"type":"Polygon","coordinates":[[[37.883639,48.811233],[37.884274,48.811804],[37.886267,48.810616],[37.886293,48.8106],[37.886323,48.810583],[37.891492,48.8075],[37.890809,48.806944],[37.886439,48.809559],[37.886438,48.809559],[37.884727,48.810583],[37.883639,48.811233]]]}},{"type":"Feature","properties":{"cadnum":"1424287900:05:000:0253"},"geometry":{"type":"Polygon","coordinates":[[[37.885584,48.812987],[37.886438,48.813759],[37.886439,48.813759],[37.886802,48.814087],[37.886865,48.814143],[37.891932,48.811069],[37.891932,48.811068],[37.892799,48.810542],[37.89301,48.810414],[37.893037,48.810107],[37.892825,48.809171],[37.892569,48.808805],[37.891932,48.809187],[37.891932,48.809186],[37.889599,48.810583],[37.886439,48.812476],[37.886438,48.812476],[37.885584,48.812987]]]}},{"type":"Feature","properties":{"cadnum":"1424287900:05:000:0254"},"geometry":{"type":"Polygon","coordinates":[[[37.884924,48.812389],[37.885584,48.812987],[37.886267,48.812579],[37.889788,48.81047],[37.889788,48.810469],[37.89176,48.809289],[37.89176,48.80929],[37.892569,48.808805],[37.892264,48.808367],[37.892039,48.808112],[37.89176,48.80828],[37.89176,48.808281],[37.888118,48.81047],[37.888117,48.81047],[37.886438,48.81148],[37.884924,48.812389]]]}},{"type":"Feature","properties":{"cadnum":"1424287900:05:000:0344"},"geometry":{"type":"Polygon","coordinates":[[[37.889628,48.814049],[37.889672,48.814084],[37.889675,48.814087],[37.889674,48.814087],[37.89176,48.815763],[37.891815,48.815807],[37.891932,48.815901],[37.891972,48.815933],[37.892754,48.815557],[37.892597,48.815368],[37.892834,48.815279],[37.892861,48.815255],[37.893643,48.814558],[37.89359,48.814087],[37.893446,48.812762],[37.893058,48.812188],[37.891932,48.8128],[37.891932,48.812799],[37.889628,48.814049]]]}},{"type":"Feature","properties":{"cadnum":"1424287900:05:000:0069"},"geometry":{"type":"Polygon","coordinates":[[[37.882314,48.81412],[37.882315,48.81412],[37.882406,48.8142],[37.883335,48.815016],[37.884062,48.814534],[37.884246,48.814696],[37.883509,48.815185],[37.88479,48.816418],[37.885603,48.815877],[37.885909,48.816105],[37.886267,48.815896],[37.886725,48.815628],[37.88766,48.815119],[37.886657,48.8142],[37.886438,48.814],[37.886438,48.813999],[37.88488,48.81257],[37.882369,48.814087],[37.882368,48.814087],[37.882315,48.814119],[37.882314,48.81412]]]}},{"type":"Feature","properties":{"cadnum":"1424287900:05:000:0381"},"geometry":{"type":"Polygon","coordinates":[[[37.886941,48.815569],[37.889102,48.817302],[37.89176,48.816034],[37.891863,48.815985],[37.891932,48.815952],[37.891972,48.815933],[37.891815,48.815807],[37.889815,48.8142],[37.889672,48.814084],[37.889667,48.814087],[37.889666,48.814087],[37.886941,48.815569]]]}},{"type":"Feature","properties":{"cadnum":"1424287900:05:000:0252"},"geometry":{"type":"Polygon","coordinates":[[[37.886865,48.814143],[37.886927,48.8142],[37.886928,48.8142],[37.887332,48.814564],[37.888124,48.814087],[37.888123,48.814087],[37.891932,48.811797],[37.891932,48.811796],[37.892941,48.811188],[37.893004,48.810477],[37.89301,48.810414],[37.892918,48.81047],[37.892917,48.81047],[37.892799,48.810542],[37.892731,48.810583],[37.89176,48.811173],[37.886958,48.814087],[37.886957,48.814087],[37.886865,48.814143]]]}},{"type":"Feature","properties":{"cadnum":"1424287900:07:000:0090"},"geometry":{"type":"Polygon","coordinates":[[[37.830976,48.807959],[37.831154,48.810469],[37.831154,48.81047],[37.831154,48.810472],[37.831162,48.810583],[37.831163,48.810583],[37.831169,48.810662],[37.831335,48.810664],[37.831335,48.810665],[37.833352,48.810689],[37.833336,48.81047],[37.833336,48.810469],[37.833249,48.809254],[37.833168,48.808098],[37.833006,48.808098],[37.833006,48.808015],[37.831507,48.807974],[37.830976,48.807959]]]}},{"type":"Feature","properties":{"cadnum":"1424287900:06:000:0166"},"geometry":{"type":"Polygon","coordinates":[[[37.831098,48.812981],[37.831111,48.813034],[37.831125,48.813115],[37.831228,48.813534],[37.831335,48.813511],[37.831475,48.813481],[37.831398,48.813014],[37.831394,48.81297],[37.831188,48.812975],[37.831098,48.812981]]]}},{"type":"Feature","properties":{"cadnum":"1424287900:07:000:0084"},"geometry":{"type":"Polygon","coordinates":[[[37.82233,48.811144],[37.822645,48.811573],[37.82366,48.813064],[37.824274,48.813017],[37.825312,48.812975],[37.825842,48.81295],[37.826008,48.812942],[37.825896,48.811396],[37.825869,48.811035],[37.82233,48.811144]]]}},{"type":"Feature","properties":{"cadnum":"1424287900:07:000:0192"},"geometry":{"type":"Polygon","coordinates":[[[37.825811,48.810204],[37.825829,48.810469],[37.825829,48.81047],[37.825828,48.81047],[37.825837,48.810582],[37.825837,48.810583],[37.825869,48.811035],[37.825896,48.811396],[37.826014,48.811392],[37.830356,48.811256],[37.830312,48.810651],[37.831102,48.810662],[37.831089,48.810498],[37.831057,48.810041],[37.825969,48.810199],[37.825811,48.810204]]]}},{"type":"Feature","properties":{"cadnum":"1424287900:07:000:0087"},"geometry":{"type":"Polygon","coordinates":[[[37.825896,48.811396],[37.826008,48.812942],[37.826014,48.812942],[37.826111,48.812937],[37.830455,48.812632],[37.830356,48.811256],[37.825896,48.811396]]]}},{"type":"Feature","properties":{"cadnum":"1424287900:07:000:0281"},"geometry":{"type":"Polygon","coordinates":[[[37.825964,48.78074],[37.826877,48.781634],[37.826878,48.781634],[37.826879,48.781634],[37.826884,48.781639],[37.826931,48.781613],[37.827639,48.781225],[37.828196,48.78106],[37.82741,48.78029],[37.825964,48.78074]]]}},{"type":"Feature","properties":{"cadnum":"1424287900:07:000:0278"},"geometry":{"type":"Polygon","coordinates":[[[37.823691,48.778535],[37.824832,48.779645],[37.826014,48.779114],[37.828712,48.777901],[37.829107,48.777723],[37.827966,48.776613],[37.826014,48.777492],[37.826014,48.777491],[37.824848,48.778014],[37.823691,48.778535]]]}},{"type":"Feature","properties":{"cadnum":"1424287900:07:000:0280"},"geometry":{"type":"Polygon","coordinates":[[[37.824832,48.779645],[37.825052,48.77986],[37.825842,48.780622],[37.825964,48.78074],[37.826014,48.780725],[37.826014,48.780724],[37.82741,48.78029],[37.828802,48.779858],[37.828968,48.779798],[37.83063,48.779201],[37.829407,48.778014],[37.829107,48.777723],[37.82846,48.778014],[37.825842,48.779191],[37.825842,48.779192],[37.824832,48.779645]]]}},{"type":"Feature","properties":{"cadnum":"1424287900:07:000:0175"},"geometry":{"type":"Polygon","coordinates":[[[37.831381,48.779882],[37.831507,48.780006],[37.833019,48.781501],[37.836828,48.779814],[37.836832,48.779813],[37.837,48.779738],[37.83765,48.779449],[37.837,48.778805],[37.836482,48.778292],[37.836407,48.778218],[37.834377,48.778736],[37.831381,48.779882]]]}},{"type":"Feature","properties":{"cadnum":"1424287900:07:000:0332"},"geometry":{"type":"Polygon","coordinates":[[[37.81354,48.769041],[37.813819,48.769361],[37.815027,48.770511],[37.815027,48.77051],[37.815186,48.770661],[37.815185,48.770661],[37.816869,48.77226],[37.817874,48.773216],[37.819085,48.774394],[37.819086,48.774394],[37.819087,48.774394],[37.819397,48.774696],[37.820349,48.775623],[37.821589,48.77683],[37.82269,48.777901],[37.824612,48.779769],[37.826014,48.781121],[37.826453,48.781545],[37.826683,48.781441],[37.825964,48.78074],[37.825052,48.77986],[37.824832,48.779645],[37.823691,48.778535],[37.823038,48.777901],[37.823037,48.777901],[37.822132,48.777023],[37.821827,48.776727],[37.821616,48.776519],[37.820601,48.775533],[37.820349,48.775288],[37.81963,48.774586],[37.819317,48.774281],[37.818656,48.773636],[37.818112,48.773109],[37.817672,48.772692],[37.816684,48.771753],[37.815607,48.770726],[37.815027,48.770177],[37.814595,48.769767],[37.814123,48.76932],[37.814012,48.769193],[37.813598,48.768995],[37.81354,48.769041]]]}},{"type":"Feature","properties":{"cadnum":"1424287900:07:000:0351"},"geometry":{"type":"Polygon","coordinates":[[[37.828968,48.779798],[37.829647,48.780465],[37.829795,48.780384],[37.831371,48.779781],[37.830738,48.779162],[37.830679,48.779183],[37.83063,48.779201],[37.828968,48.779798]]]}},{"type":"Feature","properties":{"cadnum":"1424287900:07:000:0161"},"geometry":{"type":"Polygon","coordinates":[[[37.826956,48.782125],[37.827235,48.782397],[37.827446,48.782299],[37.828452,48.783264],[37.831335,48.781988],[37.831353,48.78198],[37.831507,48.781912],[37.832152,48.781625],[37.832782,48.781347],[37.831335,48.779919],[37.831322,48.779905],[37.829876,48.780459],[37.82905,48.780906],[37.827787,48.781279],[37.827711,48.781302],[37.827603,48.781361],[37.827108,48.781634],[37.827109,48.781634],[37.827077,48.781652],[37.826956,48.782125]]]}},{"type":"Feature","properties":{"cadnum":"1424287900:07:000:0373"},"geometry":{"type":"Polygon","coordinates":[[[37.82741,48.78029],[37.828196,48.78106],[37.828977,48.780829],[37.829647,48.780465],[37.828968,48.779798],[37.828802,48.779858],[37.82741,48.78029]]]}},{"type":"Feature","properties":{"cadnum":"1424287900:07:000:0370"},"geometry":{"type":"Polygon","coordinates":[[[37.830738,48.779162],[37.831335,48.779745],[37.831371,48.779781],[37.831507,48.77973],[37.831507,48.779729],[37.833119,48.779112],[37.832431,48.77844],[37.831335,48.778944],[37.831291,48.778964],[37.830738,48.779162]]]}},{"type":"Feature","properties":{"cadnum":"1424287900:01:000:0109"},"geometry":{"type":"Polygon","coordinates":[[[37.834331,48.871745],[37.835023,48.87193],[37.835291,48.872001],[37.835446,48.872043],[37.835723,48.872117],[37.83584,48.871998],[37.836518,48.871313],[37.834817,48.870046],[37.834723,48.870412],[37.834331,48.871745]]]}},{"type":"Feature","properties":{"cadnum":"1424287900:01:000:0106"},"geometry":{"type":"Polygon","coordinates":[[[37.832989,48.876781],[37.834884,48.877322],[37.834731,48.876409],[37.83487,48.875863],[37.834114,48.875557],[37.833469,48.875296],[37.833389,48.875543],[37.833388,48.875543],[37.832989,48.876781]]]}},{"type":"Feature","properties":{"cadnum":"1424287900:01:000:0108"},"geometry":{"type":"Polygon","coordinates":[[[37.83408,48.874661],[37.834381,48.874663],[37.835149,48.872699],[37.835723,48.872117],[37.835291,48.872001],[37.834331,48.871745],[37.834277,48.87193],[37.834276,48.87193],[37.834121,48.872465],[37.834039,48.873056],[37.834025,48.87412],[37.83408,48.874661]]]}},{"type":"Feature","properties":{"cadnum":"1424287900:02:000:0030"},"geometry":{"type":"Polygon","coordinates":[[[37.787336,48.88906],[37.78739,48.889075],[37.78739,48.889076],[37.787503,48.889107],[37.787561,48.889124],[37.787561,48.889123],[37.787562,48.889123],[37.787579,48.889128],[37.787709,48.889166],[37.787722,48.889169],[37.787988,48.888617],[37.787655,48.888493],[37.78752,48.888445],[37.787484,48.88843],[37.787336,48.88906]]]}},{"type":"Feature","properties":{"cadnum":"1424287900:02:000:0076"},"geometry":{"type":"Polygon","coordinates":[[[37.792214,48.890599],[37.792587,48.890699],[37.792883,48.89029],[37.792896,48.890271],[37.792942,48.890221],[37.792977,48.890176],[37.793055,48.890058],[37.793076,48.890026],[37.793075,48.890026],[37.792891,48.889992],[37.792889,48.889992],[37.79265,48.889949],[37.79265,48.889955],[37.792625,48.889992],[37.792624,48.889992],[37.792569,48.890076],[37.792549,48.890105],[37.792214,48.890599]]]}},{"type":"Feature","properties":{"cadnum":"1424287900:02:000:0047"},"geometry":{"type":"Polygon","coordinates":[[[37.78787,48.888452],[37.788059,48.888528],[37.788166,48.88841],[37.787973,48.888333],[37.78787,48.888452]]]}},{"type":"Feature","properties":{"cadnum":"1424287900:02:000:0058"},"geometry":{"type":"Polygon","coordinates":[[[37.791805,48.89084],[37.792003,48.890903],[37.792569,48.890076],[37.79265,48.889955],[37.792426,48.889896],[37.792361,48.889992],[37.792346,48.890016],[37.792286,48.890105],[37.792287,48.890105],[37.792237,48.890182],[37.791805,48.89084]]]}},{"type":"Feature","properties":{"cadnum":"1424287900:02:000:0023"},"geometry":{"type":"Polygon","coordinates":[[[37.790996,48.891416],[37.791072,48.891434],[37.791162,48.890912],[37.79159,48.89028],[37.79178,48.890007],[37.791791,48.88999],[37.791877,48.889887],[37.791827,48.889869],[37.79177,48.889931],[37.791724,48.889992],[37.791721,48.889996],[37.79164,48.890105],[37.791641,48.890105],[37.791625,48.890126],[37.791518,48.890256],[37.791086,48.890888],[37.790996,48.891416]]]}},{"type":"Feature","properties":{"cadnum":"1424287900:02:000:0090"},"geometry":{"type":"Polygon","coordinates":[[[37.789761,48.889039],[37.790099,48.889163],[37.790156,48.889057],[37.790215,48.888936],[37.790395,48.888526],[37.790439,48.888416],[37.790057,48.888312],[37.78981,48.888927],[37.789761,48.889039]]]}},{"type":"Feature","properties":{"cadnum":"1424287900:02:000:0019"},"geometry":{"type":"Polygon","coordinates":[[[37.788822,48.890247],[37.789187,48.890365],[37.789454,48.890023],[37.789577,48.889866],[37.789195,48.889751],[37.789013,48.889992],[37.789012,48.889992],[37.788947,48.89008],[37.788928,48.890105],[37.788822,48.890247]]]}},{"type":"Feature","properties":{"cadnum":"1424287900:01:000:0231"},"geometry":{"type":"Polygon","coordinates":[[[37.780306,48.879582],[37.780353,48.882881],[37.780361,48.883419],[37.782068,48.885117],[37.782068,48.885116],[37.782319,48.885365],[37.783262,48.884691],[37.784619,48.884804],[37.784862,48.885385],[37.785472,48.885696],[37.785791,48.885882],[37.785971,48.885994],[37.786128,48.886136],[37.786535,48.886493],[37.786536,48.886493],[37.786833,48.886753],[37.786784,48.886804],[37.786631,48.886954],[37.786047,48.887539],[37.78734,48.888251],[37.78739,48.888246],[37.787493,48.888236],[37.787561,48.888229],[37.787562,48.888229],[37.788477,48.888139],[37.788994,48.888274],[37.789187,48.887894],[37.789187,48.887893],[37.791382,48.888354],[37.793055,48.888753],[37.793206,48.888788],[37.79724,48.889476],[37.796984,48.888667],[37.796206,48.888623],[37.796126,48.888259],[37.795892,48.888147],[37.796045,48.887858],[37.795938,48.887477],[37.795896,48.887474],[37.79587,48.887521],[37.795839,48.887592],[37.795793,48.887858],[37.795676,48.888132],[37.795709,48.888268],[37.795646,48.888298],[37.79552,48.888244],[37.795273,48.888126],[37.794707,48.887938],[37.794185,48.887707],[37.793957,48.887607],[37.793336,48.887409],[37.792883,48.887184],[37.792883,48.887185],[37.79268,48.887084],[37.792259,48.886954],[37.791868,48.886886],[37.791397,48.886901],[37.791086,48.886901],[37.790812,48.886942],[37.790565,48.886656],[37.790413,48.886479],[37.790412,48.886479],[37.789969,48.885956],[37.789906,48.88638],[37.789895,48.886454],[37.78989,48.886493],[37.789887,48.886514],[37.789873,48.886615],[37.789847,48.886795],[37.789837,48.886871],[37.789501,48.886928],[37.78933,48.886951],[37.789025,48.886954],[37.78885,48.887019],[37.788854,48.887066],[37.789281,48.887114],[37.789789,48.887232],[37.790871,48.887187],[37.79242,48.887344],[37.792596,48.887445],[37.792883,48.887513],[37.793009,48.887543],[37.793055,48.887554],[37.793152,48.887577],[37.793579,48.887684],[37.794248,48.887955],[37.794325,48.888091],[37.794338,48.888204],[37.793055,48.888064],[37.789721,48.887699],[37.78969,48.887902],[37.788405,48.887515],[37.787973,48.887264],[37.787749,48.887134],[37.78739,48.886925],[37.787282,48.886863],[37.786904,48.886403],[37.786904,48.886402],[37.786078,48.885658],[37.785269,48.884925],[37.785153,48.884816],[37.78456,48.884579],[37.781906,48.884332],[37.78196,48.883853],[37.782004,48.883452],[37.782049,48.883034],[37.782068,48.88287],[37.782068,48.882869],[37.782099,48.8826],[37.782153,48.882149],[37.782202,48.881676],[37.782265,48.881254],[37.782336,48.880755],[37.782409,48.880285],[37.782476,48.879809],[37.782548,48.879334],[37.782558,48.879269],[37.782619,48.878843],[37.782696,48.878324],[37.782805,48.878327],[37.783114,48.878338],[37.783191,48.878338],[37.783275,48.878028],[37.783325,48.877848],[37.783342,48.877789],[37.783518,48.877048],[37.78368,48.876374],[37.782006,48.877966],[37.780635,48.879269],[37.780306,48.879582]],[[37.793328,48.888448],[37.794105,48.888375],[37.79521,48.888452],[37.795938,48.888803],[37.796036,48.888938],[37.795709,48.889098],[37.795061,48.888658],[37.794397,48.88878],[37.793539,48.888634],[37.793328,48.888448]]]}},{"type":"Feature","properties":{"cadnum":"1424287900:02:000:0035"},"geometry":{"type":"Polygon","coordinates":[[[37.789514,48.890616],[37.789694,48.890676],[37.790248,48.889992],[37.790247,48.889992],[37.790458,48.889733],[37.790548,48.889621],[37.790602,48.889571],[37.790659,48.889529],[37.790718,48.889461],[37.790476,48.889382],[37.790256,48.889665],[37.79,48.889992],[37.789514,48.890616]]]}},{"type":"Feature","properties":{"cadnum":"1424287900:02:000:0066"},"geometry":{"type":"Polygon","coordinates":[[[37.790305,48.88924],[37.790506,48.889299],[37.790579,48.889139],[37.790633,48.889025],[37.790822,48.888638],[37.79061,48.888581],[37.790305,48.88924]]]}},{"type":"Feature","properties":{"cadnum":"1424287900:02:000:0098"},"geometry":{"type":"Polygon","coordinates":[[[37.791451,48.889579],[37.791581,48.889609],[37.79163,48.889515],[37.792101,48.888585],[37.791944,48.888549],[37.791571,48.889255],[37.791544,48.889311],[37.791495,48.889456],[37.791487,48.889503],[37.791451,48.889579]]]}},{"type":"Feature","properties":{"cadnum":"1424287900:01:000:0162"},"geometry":{"type":"Polygon","coordinates":[[[37.786904,48.886402],[37.786904,48.886403],[37.786978,48.886493],[37.786979,48.886493],[37.787282,48.886863],[37.787561,48.887026],[37.787561,48.887025],[37.787562,48.887025],[37.787749,48.887134],[37.787973,48.887264],[37.788405,48.887515],[37.78969,48.887902],[37.789721,48.887699],[37.789789,48.887232],[37.789281,48.887114],[37.788854,48.887066],[37.78885,48.887019],[37.789025,48.886954],[37.78933,48.886951],[37.789501,48.886928],[37.789837,48.886871],[37.789847,48.886795],[37.789873,48.886615],[37.789887,48.886514],[37.789236,48.88649],[37.78894,48.886479],[37.787813,48.886437],[37.78739,48.886421],[37.786904,48.886402]],[[37.789204,48.886685],[37.789236,48.886718],[37.789281,48.8867],[37.789294,48.886715],[37.789227,48.886742],[37.789182,48.886692],[37.789182,48.886691],[37.789204,48.886685]],[[37.788598,48.886983],[37.788575,48.886983],[37.788575,48.886966],[37.788598,48.886966],[37.788598,48.886983]]]}},{"type":"Feature","properties":{"cadnum":"1424287900:02:000:0081"},"geometry":{"type":"Polygon","coordinates":[[[37.792537,48.889813],[37.792829,48.889863],[37.792883,48.889734],[37.792883,48.889735],[37.792915,48.889656],[37.793055,48.88918],[37.793059,48.889166],[37.793067,48.889139],[37.793143,48.888853],[37.792902,48.888818],[37.792789,48.889087],[37.792717,48.889261],[37.792537,48.889813]]]}},{"type":"Feature","properties":{"cadnum":"1424287900:02:000:0114"},"geometry":{"type":"Polygon","coordinates":[[[37.788279,48.888561],[37.788625,48.888653],[37.788805,48.888224],[37.788508,48.888145],[37.788279,48.888561]]]}},{"type":"Feature","properties":{"cadnum":"1424287900:02:000:0082"},"geometry":{"type":"Polygon","coordinates":[[[37.790506,48.889299],[37.790844,48.889393],[37.790929,48.889196],[37.791248,48.888608],[37.790875,48.888526],[37.790822,48.888638],[37.790633,48.889025],[37.790579,48.889139],[37.790506,48.889299]]]}},{"type":"Feature","properties":{"cadnum":"1424287900:02:000:0036"},"geometry":{"type":"Polygon","coordinates":[[[37.789294,48.890418],[37.789388,48.890448],[37.789658,48.890105],[37.789659,48.890105],[37.790053,48.889606],[37.790189,48.889432],[37.790265,48.889311],[37.790089,48.889249],[37.790067,48.889275],[37.790009,48.889352],[37.790004,48.889361],[37.790103,48.889393],[37.790103,48.889394],[37.789959,48.889574],[37.78954,48.890105],[37.789294,48.890418]]]}},{"type":"Feature","properties":{"cadnum":"1424287900:02:000:0050"},"geometry":{"type":"Polygon","coordinates":[[[37.792829,48.889863],[37.792883,48.889872],[37.792883,48.889873],[37.793265,48.889937],[37.793269,48.889916],[37.793359,48.889544],[37.793512,48.889222],[37.793059,48.889166],[37.792915,48.889656],[37.792829,48.889863]]]}},{"type":"Feature","properties":{"cadnum":"1424287900:01:000:0126"},"geometry":{"type":"Polygon","coordinates":[[[37.789969,48.885956],[37.790329,48.88638],[37.790328,48.88638],[37.790412,48.886479],[37.790413,48.886479],[37.790425,48.886493],[37.790565,48.886656],[37.790812,48.886942],[37.791086,48.886901],[37.791397,48.886901],[37.791868,48.886886],[37.792259,48.886954],[37.79268,48.887084],[37.792501,48.886629],[37.79243,48.886449],[37.792074,48.885569],[37.791248,48.885711],[37.790592,48.885847],[37.79013,48.885893],[37.789982,48.885838],[37.789969,48.885956]],[[37.790741,48.886556],[37.790741,48.886573],[37.790713,48.886573],[37.790713,48.886556],[37.790741,48.886556]]]}},{"type":"Feature","properties":{"cadnum":"1424287900:02:000:0065"},"geometry":{"type":"Polygon","coordinates":[[[37.790099,48.889178],[37.790305,48.88924],[37.79061,48.888581],[37.790395,48.888526],[37.790215,48.888936],[37.790099,48.889178]]]}},{"type":"Feature","properties":{"cadnum":"1424287900:02:000:0091"},"geometry":{"type":"Polygon","coordinates":[[[37.790057,48.888312],[37.790439,48.888416],[37.790466,48.88836],[37.790512,48.888251],[37.79013,48.888141],[37.790057,48.888312]]]}},{"type":"Feature","properties":{"cadnum":"1424287900:02:000:0095"},"geometry":{"type":"Polygon","coordinates":[[[37.78933,48.890519],[37.789537,48.89059],[37.789913,48.890105],[37.789914,48.890105],[37.790256,48.889665],[37.790476,48.889382],[37.790287,48.889317],[37.790265,48.889311],[37.790252,48.889332],[37.790189,48.889432],[37.790053,48.889606],[37.789748,48.889992],[37.789747,48.889992],[37.789388,48.890448],[37.78933,48.890519]]]}},{"type":"Feature","properties":{"cadnum":"1424287900:02:000:0020"},"geometry":{"type":"Polygon","coordinates":[[[37.791477,48.890953],[37.791688,48.891018],[37.792237,48.890182],[37.792346,48.890016],[37.792426,48.889896],[37.792214,48.889857],[37.792122,48.889992],[37.792121,48.889992],[37.792096,48.89003],[37.792045,48.890105],[37.792046,48.890105],[37.792034,48.890123],[37.791477,48.890953]]]}},{"type":"Feature","properties":{"cadnum":"1424287900:01:000:0125"},"geometry":{"type":"Polygon","coordinates":[[[37.789721,48.887699],[37.792883,48.888045],[37.794338,48.888204],[37.794325,48.888091],[37.794248,48.887955],[37.793579,48.887684],[37.793152,48.887577],[37.793009,48.887543],[37.792596,48.887445],[37.79242,48.887344],[37.790871,48.887187],[37.789789,48.887232],[37.789721,48.887699]]]}},{"type":"Feature","properties":{"cadnum":"1424287900:02:000:0034"},"geometry":{"type":"Polygon","coordinates":[[[37.787304,48.889196],[37.78739,48.889249],[37.78739,48.88925],[37.787816,48.889515],[37.788015,48.889559],[37.788329,48.889632],[37.788526,48.889352],[37.787988,48.889231],[37.787722,48.889169],[37.787507,48.889109],[37.787336,48.88906],[37.787304,48.889196]]]}},{"type":"Feature","properties":{"cadnum":"1424287900:02:000:0083"},"geometry":{"type":"Polygon","coordinates":[[[37.790875,48.888526],[37.791248,48.888608],[37.791382,48.888354],[37.790996,48.888274],[37.790929,48.88841],[37.790875,48.888526]]]}},{"type":"Feature","properties":{"cadnum":"1424287900:02:000:0018"},"geometry":{"type":"Polygon","coordinates":[[[37.789195,48.889751],[37.789577,48.889866],[37.78999,48.889338],[37.790063,48.889243],[37.789676,48.889102],[37.7896,48.889205],[37.789195,48.889751]]]}},{"type":"Feature","properties":{"cadnum":"1424287900:02:000:0067"},"geometry":{"type":"Polygon","coordinates":[[[37.790395,48.888526],[37.79061,48.888581],[37.790822,48.888638],[37.790929,48.88841],[37.7907,48.888378],[37.790466,48.88836],[37.790395,48.888526]]]}},{"type":"Feature","properties":{"cadnum":"1424287900:01:000:0163"},"geometry":{"type":"Polygon","coordinates":[[[37.786078,48.885658],[37.786904,48.886402],[37.787561,48.886428],[37.787561,48.886427],[37.787562,48.886427],[37.787813,48.886437],[37.78894,48.886479],[37.789236,48.88649],[37.789308,48.886493],[37.789309,48.886493],[37.789887,48.886514],[37.789895,48.886454],[37.789969,48.885956],[37.789982,48.885838],[37.78991,48.885803],[37.788904,48.885764],[37.788598,48.885755],[37.787562,48.885716],[37.787561,48.885716],[37.787561,48.885715],[37.786078,48.885658]],[[37.788994,48.886304],[37.788967,48.886304],[37.788967,48.886287],[37.788994,48.886287],[37.788994,48.886304]],[[37.788782,48.88579],[37.78876,48.88579],[37.78876,48.885773],[37.788782,48.885773],[37.788782,48.88579]]]}},{"type":"Feature","properties":{"cadnum":"1424287900:01:000:0127"},"geometry":{"type":"Polygon","coordinates":[[[37.792074,48.885569],[37.792402,48.88638],[37.792401,48.88638],[37.79243,48.886449],[37.792446,48.886493],[37.792447,48.886493],[37.792501,48.886629],[37.79268,48.887084],[37.793055,48.88727],[37.793336,48.887409],[37.793957,48.887607],[37.794185,48.887707],[37.793751,48.886615],[37.793678,48.886434],[37.793242,48.88535],[37.792999,48.8854],[37.792623,48.885477],[37.792074,48.885569]]]}},{"type":"Feature","properties":{"cadnum":"1424287900:05:000:0025"},"geometry":{"type":"Polygon","coordinates":[[[37.851436,48.853823],[37.852011,48.853861],[37.853479,48.853958],[37.857279,48.854208],[37.857315,48.853974],[37.857365,48.853658],[37.857405,48.85338],[37.853308,48.853111],[37.85161,48.852999],[37.851436,48.853823]]]}},{"type":"Feature","properties":{"cadnum":"1424287900:01:000:0187"},"geometry":{"type":"Polygon","coordinates":[[[37.852307,48.855422],[37.852453,48.857475],[37.852454,48.857482],[37.852461,48.857588],[37.852462,48.857588],[37.852491,48.857996],[37.852518,48.858351],[37.853479,48.857851],[37.853609,48.857783],[37.854182,48.857483],[37.854975,48.857069],[37.85524,48.857001],[37.855109,48.855157],[37.853308,48.855328],[37.852307,48.855422]]]}},{"type":"Feature","properties":{"cadnum":"1424287900:05:000:0023"},"geometry":{"type":"Polygon","coordinates":[[[37.851112,48.855352],[37.851242,48.855393],[37.851436,48.855375],[37.851741,48.855372],[37.85285,48.855354],[37.853308,48.855305],[37.853308,48.855306],[37.854027,48.855227],[37.854466,48.855209],[37.855963,48.855059],[37.856493,48.854997],[37.853308,48.854789],[37.851256,48.854654],[37.851112,48.855352]]]}},{"type":"Feature","properties":{"cadnum":"1424287900:05:000:0024"},"geometry":{"type":"Polygon","coordinates":[[[37.851256,48.854654],[37.853479,48.8548],[37.856493,48.854997],[37.857171,48.854917],[37.857279,48.854208],[37.853479,48.853958],[37.853479,48.853957],[37.851436,48.853823],[37.851427,48.853861],[37.851426,48.853861],[37.851265,48.854607],[37.851256,48.854654]]]}},{"type":"Feature","properties":{"cadnum":"1424287900:05:000:0420"},"geometry":{"type":"Polygon","coordinates":[[[37.850658,48.855352],[37.851044,48.855325],[37.851166,48.85476],[37.851224,48.854486],[37.851333,48.853974],[37.851334,48.853974],[37.851906,48.851321],[37.852142,48.850247],[37.852415,48.849012],[37.852575,48.848237],[37.852231,48.848205],[37.851748,48.85036],[37.851592,48.85106],[37.850942,48.853974],[37.850824,48.854506],[37.850761,48.854778],[37.850658,48.855352]],[[37.850996,48.854642],[37.850968,48.854642],[37.850967,48.854642],[37.850967,48.854625],[37.850968,48.854625],[37.850968,48.854624],[37.850996,48.854624],[37.850996,48.854625],[37.850996,48.854642]]]}},{"type":"Feature","properties":{"cadnum":"1424287900:01:000:0212"},"geometry":{"type":"Polygon","coordinates":[[[37.849598,48.855608],[37.849769,48.856918],[37.849873,48.857588],[37.849874,48.857588],[37.849904,48.857781],[37.84994,48.858076],[37.852491,48.857996],[37.852454,48.857482],[37.852307,48.855422],[37.85148,48.85549],[37.851009,48.855523],[37.849598,48.855608]]]}},{"type":"Feature","properties":{"cadnum":"1424287900:05:000:0141"},"geometry":{"type":"Polygon","coordinates":[[[37.845596,48.854589],[37.847814,48.854601],[37.847815,48.854601],[37.848826,48.854607],[37.85073,48.854618],[37.850753,48.854504],[37.850895,48.853861],[37.850933,48.853694],[37.847986,48.853678],[37.845606,48.853664],[37.845606,48.853785],[37.845605,48.853861],[37.845604,48.853861],[37.845596,48.85445],[37.845596,48.854589]]]}},{"type":"Feature","properties":{"cadnum":"1424287900:01:000:0213"},"geometry":{"type":"Polygon","coordinates":[[[37.84199,48.857792],[37.842038,48.858182],[37.842111,48.8582],[37.842493,48.858498],[37.842654,48.858622],[37.842659,48.858635],[37.847986,48.858316],[37.849814,48.858206],[37.849755,48.85779],[37.849727,48.857589],[37.849727,48.857588],[37.849692,48.857332],[37.847986,48.857434],[37.847288,48.857475],[37.847282,48.857475],[37.845834,48.857562],[37.845824,48.857562],[37.845391,48.857588],[37.842493,48.857762],[37.84199,48.857792]]]}},{"type":"Feature","properties":{"cadnum":"1424287900:01:000:0209"},"geometry":{"type":"Polygon","coordinates":[[[37.845614,48.855847],[37.845823,48.857475],[37.845822,48.857475],[37.845834,48.857562],[37.847814,48.857444],[37.847815,48.857444],[37.847815,48.857445],[37.849692,48.857332],[37.849616,48.856929],[37.849464,48.855617],[37.847815,48.855716],[37.847814,48.855716],[37.845614,48.855847]]]}},{"type":"Feature","properties":{"cadnum":"1424287900:05:000:0140"},"geometry":{"type":"Polygon","coordinates":[[[37.845578,48.855727],[37.847986,48.855583],[37.847986,48.855582],[37.85055,48.855428],[37.850694,48.854775],[37.85073,48.854618],[37.84883,48.854607],[37.847986,48.854602],[37.845596,48.854589],[37.845592,48.854767],[37.845587,48.855038],[37.845587,48.855115],[37.845578,48.855727]],[[37.84786,48.854775],[37.847891,48.854772],[37.847891,48.854793],[37.84786,48.854796],[37.84786,48.854775]]]}},{"type":"Feature","properties":{"cadnum":"1424287900:01:000:0221"},"geometry":{"type":"Polygon","coordinates":[[[37.786365,48.857429],[37.786904,48.857474],[37.78739,48.857476],[37.787543,48.857476],[37.787561,48.857475],[37.787561,48.857474],[37.787562,48.857474],[37.788495,48.857367],[37.78933,48.85724],[37.789631,48.85623],[37.789806,48.855712],[37.789807,48.855712],[37.791751,48.856079],[37.792479,48.856202],[37.792627,48.855945],[37.792061,48.855499],[37.790319,48.855192],[37.789937,48.855165],[37.789034,48.855381],[37.788671,48.855851],[37.78867,48.855851],[37.787745,48.856353],[37.787539,48.856238],[37.786365,48.857429]]]}},{"type":"Feature","properties":{"cadnum":"1424287900:01:000:0218"},"geometry":{"type":"Polygon","coordinates":[[[37.785449,48.856935],[37.785889,48.857234],[37.785872,48.857385],[37.786365,48.857429],[37.78739,48.85639],[37.787539,48.856238],[37.787561,48.856252],[37.787561,48.856251],[37.787562,48.856251],[37.787745,48.856353],[37.788671,48.855851],[37.789034,48.855381],[37.789936,48.855165],[37.789937,48.855165],[37.790319,48.855192],[37.792061,48.855499],[37.792627,48.855945],[37.792479,48.856202],[37.793055,48.856305],[37.794208,48.85651],[37.79437,48.856244],[37.795286,48.856451],[37.795412,48.856031],[37.796013,48.856064],[37.796179,48.855325],[37.792977,48.854929],[37.790422,48.854287],[37.789254,48.854125],[37.78796,48.85419],[37.787642,48.855003],[37.78739,48.855225],[37.78739,48.855226],[37.785449,48.856935]]]}},{"type":"Feature","properties":{"cadnum":"1424287900:05:000:0212"},"geometry":{"type":"Polygon","coordinates":[[[37.852275,48.823045],[37.852315,48.824199],[37.853308,48.824182],[37.853308,48.824183],[37.858321,48.824098],[37.858277,48.822945],[37.853308,48.823029],[37.852275,48.823045]]]}},{"type":"Feature","properties":{"cadnum":"1424287900:05:000:0211"},"geometry":{"type":"Polygon","coordinates":[[[37.852315,48.824199],[37.852346,48.824937],[37.852346,48.824938],[37.852345,48.824938],[37.852356,48.825169],[37.853479,48.82515],[37.858357,48.825068],[37.858352,48.824938],[37.858352,48.824937],[37.858321,48.824098],[37.853479,48.82418],[37.853479,48.824179],[37.852315,48.824199]]]}},{"type":"Feature","properties":{"cadnum":"1424287900:05:000:0202"},"geometry":{"type":"Polygon","coordinates":[[[37.845834,48.823927],[37.845843,48.824176],[37.845875,48.824985],[37.847986,48.824951],[37.852271,48.824879],[37.852231,48.823821],[37.847815,48.823894],[37.847814,48.823894],[37.845834,48.823927]]]}},{"type":"Feature","properties":{"cadnum":"1424287900:05:000:0203"},"geometry":{"type":"Polygon","coordinates":[[[37.845785,48.822714],[37.845834,48.823927],[37.847986,48.823891],[37.852231,48.823821],[37.852185,48.822608],[37.847815,48.822681],[37.847814,48.822681],[37.845785,48.822714]]]}},{"type":"Feature","properties":{"cadnum":"1424287900:05:000:0213"},"geometry":{"type":"Polygon","coordinates":[[[37.852221,48.821649],[37.852275,48.823045],[37.853479,48.823026],[37.858277,48.822945],[37.858222,48.821552],[37.853479,48.82163],[37.853479,48.821629],[37.852221,48.821649]]]}},{"type":"Feature","properties":{"cadnum":"1424287900:05:000:0201"},"geometry":{"type":"Polygon","coordinates":[[[37.845875,48.824985],[37.845877,48.825051],[37.845878,48.825051],[37.845879,48.825092],[37.845906,48.825884],[37.84591,48.825938],[37.847814,48.825906],[37.847815,48.825906],[37.847815,48.825907],[37.852311,48.825831],[37.852277,48.825051],[37.852278,48.825051],[37.852271,48.824879],[37.848769,48.824938],[37.848753,48.824938],[37.847825,48.824953],[37.847815,48.824953],[37.847815,48.824954],[37.847814,48.824954],[37.845875,48.824985]]]}},{"type":"Feature","properties":{"cadnum":"1424287900:05:000:0204"},"geometry":{"type":"Polygon","coordinates":[[[37.84574,48.821493],[37.845785,48.822714],[37.847986,48.822678],[37.852185,48.822608],[37.852137,48.82133],[37.852122,48.820904],[37.851988,48.820908],[37.85135,48.821],[37.847965,48.821261],[37.847183,48.821321],[37.847004,48.821335],[37.846988,48.821336],[37.846056,48.821434],[37.84583,48.821458],[37.84574,48.821493]]]}},{"type":"Feature","properties":{"cadnum":"1424287900:01:000:0176"},"geometry":{"type":"Polygon","coordinates":[[[37.856394,48.884207],[37.856569,48.884213],[37.856766,48.884225],[37.857898,48.883525],[37.857711,48.883389],[37.856394,48.884207]]]}},{"type":"Feature","properties":{"cadnum":"1424287900:01:000:0178"},"geometry":{"type":"Polygon","coordinates":[[[37.857634,48.88429],[37.858051,48.884346],[37.858424,48.884437],[37.858801,48.884552],[37.85884,48.884564],[37.858973,48.884604],[37.859206,48.884674],[37.859628,48.88484],[37.860827,48.883962],[37.860122,48.883726],[37.85965,48.883437],[37.859408,48.883185],[37.858973,48.883457],[37.857634,48.88429]]]}},{"type":"Feature","properties":{"cadnum":"1424287900:01:000:0181"},"geometry":{"type":"Polygon","coordinates":[[[37.857711,48.883389],[37.857898,48.883525],[37.858973,48.882862],[37.858973,48.882861],[37.859089,48.882789],[37.858936,48.88263],[37.858714,48.882768],[37.857711,48.883389]]]}},{"type":"Feature","properties":{"cadnum":"1424287900:01:000:0175"},"geometry":{"type":"Polygon","coordinates":[[[37.854867,48.884222],[37.855137,48.884198],[37.855581,48.884187],[37.856044,48.884198],[37.858201,48.882853],[37.858814,48.882471],[37.858636,48.882187],[37.858631,48.882119],[37.858627,48.881874],[37.858424,48.881995],[37.858218,48.882114],[37.857105,48.882768],[37.857104,48.882768],[37.856995,48.882833],[37.856913,48.882881],[37.856074,48.883375],[37.854867,48.884222]]]}},{"type":"Feature","properties":{"cadnum":"1424287900:01:000:0180"},"geometry":{"type":"Polygon","coordinates":[[[37.856044,48.884198],[37.856394,48.884207],[37.857711,48.883389],[37.858531,48.882881],[37.858801,48.882714],[37.858801,48.882715],[37.858936,48.88263],[37.858814,48.882471],[37.858337,48.882768],[37.858201,48.882853],[37.858156,48.882881],[37.856044,48.884198]]]}},{"type":"Feature","properties":{"cadnum":"1424287900:01:000:0179"},"geometry":{"type":"Polygon","coordinates":[[[37.856766,48.884225],[37.857405,48.884264],[37.857634,48.88429],[37.858801,48.883564],[37.859408,48.883185],[37.85909,48.88279],[37.859089,48.882789],[37.85894,48.882881],[37.858801,48.882967],[37.858801,48.882968],[37.857898,48.883525],[37.856766,48.884225]]]}},{"type":"Feature","properties":{"cadnum":"1424287900:01:000:0192"},"geometry":{"type":"Polygon","coordinates":[[[37.805833,48.877437],[37.806628,48.877284],[37.80894,48.876908],[37.809362,48.876815],[37.809362,48.876816],[37.80952,48.876781],[37.809534,48.876778],[37.810651,48.876531],[37.811586,48.876232],[37.812012,48.876014],[37.812026,48.875656],[37.812031,48.875526],[37.812169,48.874701],[37.812242,48.873934],[37.812345,48.873402],[37.812641,48.873295],[37.813024,48.873231],[37.813787,48.873195],[37.815027,48.873229],[37.815027,48.873228],[37.815125,48.873231],[37.815385,48.873266],[37.815584,48.873455],[37.815624,48.873455],[37.815607,48.873266],[37.815552,48.872838],[37.815561,48.872058],[37.815595,48.87193],[37.815594,48.87193],[37.815821,48.871071],[37.815993,48.870354],[37.81611,48.86986],[37.816437,48.869021],[37.816697,48.868359],[37.817196,48.866964],[37.81738,48.866436],[37.817699,48.865523],[37.818072,48.86484],[37.818084,48.864773],[37.818291,48.863714],[37.818381,48.86325],[37.818431,48.86221],[37.818341,48.861936],[37.818337,48.861726],[37.818188,48.861492],[37.817963,48.861203],[37.817963,48.861202],[37.817811,48.861007],[37.817435,48.860679],[37.817156,48.860543],[37.817083,48.86049],[37.816419,48.86091],[37.816329,48.861089],[37.816328,48.861089],[37.816096,48.861551],[37.8157,48.861956],[37.815467,48.862349],[37.814864,48.86283],[37.814582,48.863055],[37.813867,48.863215],[37.813221,48.863797],[37.813253,48.864199],[37.812662,48.864703],[37.812592,48.864763],[37.812578,48.864816],[37.812498,48.865135],[37.813005,48.865168],[37.813167,48.865659],[37.81305,48.86627],[37.8131,48.866911],[37.812475,48.867422],[37.812471,48.867987],[37.81225,48.868317],[37.812192,48.868404],[37.812175,48.86843],[37.812116,48.868519],[37.811999,48.869224],[37.811869,48.869768],[37.811825,48.870643],[37.811465,48.870864],[37.81106,48.870843],[37.810028,48.87193],[37.810005,48.871955],[37.809704,48.871948],[37.809672,48.872043],[37.809673,48.872043],[37.809619,48.872209],[37.809636,48.872831],[37.809534,48.872965],[37.808536,48.874276],[37.808037,48.874661],[37.807458,48.874894],[37.807139,48.875331],[37.80699,48.875543],[37.806322,48.876495],[37.805972,48.87726],[37.805833,48.877437]]]}},{"type":"Feature","properties":{"cadnum":"1424287900:05:000:0246"},"geometry":{"type":"Polygon","coordinates":[[[37.857365,48.853658],[37.858973,48.853765],[37.861218,48.853912],[37.864466,48.854127],[37.865575,48.854199],[37.865624,48.853882],[37.865614,48.853882],[37.8653,48.853861],[37.865299,48.853861],[37.864294,48.853796],[37.858973,48.853448],[37.858973,48.853447],[37.857409,48.853345],[37.857405,48.85338],[37.857365,48.853658]]]}},{"type":"Feature","properties":{"cadnum":"1424287900:05:000:0380"},"geometry":{"type":"Polygon","coordinates":[[[37.866172,48.850684],[37.869959,48.850933],[37.874068,48.851202],[37.874091,48.851054],[37.874051,48.850703],[37.874091,48.850555],[37.871103,48.85036],[37.871106,48.85036],[37.869787,48.850274],[37.869377,48.850247],[37.869367,48.850247],[37.866271,48.850044],[37.866239,48.850247],[37.866226,48.850326],[37.866221,48.85036],[37.866172,48.850684]]]}},{"type":"Feature","properties":{"cadnum":"1424287900:05:000:0040"},"geometry":{"type":"Polygon","coordinates":[[[37.857818,48.850629],[37.858973,48.850706],[37.858973,48.850705],[37.864466,48.851066],[37.864785,48.851087],[37.864798,48.851007],[37.865013,48.850835],[37.865332,48.850756],[37.865674,48.8508],[37.865934,48.850951],[37.866028,48.851166],[37.866033,48.851172],[37.866127,48.850537],[37.864294,48.850417],[37.863421,48.85036],[37.862431,48.850295],[37.861699,48.850247],[37.861697,48.850247],[37.858801,48.850057],[37.857917,48.849999],[37.857878,48.850247],[37.857877,48.850247],[37.857862,48.850345],[37.857859,48.85036],[37.85786,48.85036],[37.857818,48.850629]]]}},{"type":"Feature","properties":{"cadnum":"1424287900:05:000:0053"},"geometry":{"type":"Polygon","coordinates":[[[37.865978,48.851976],[37.869787,48.852227],[37.86994,48.852237],[37.869959,48.852112],[37.870039,48.851577],[37.869787,48.851561],[37.869787,48.851562],[37.866882,48.85137],[37.867106,48.851439],[37.86721,48.851634],[37.867053,48.85179],[37.866711,48.851832],[37.866504,48.851672],[37.866558,48.851474],[37.866827,48.851367],[37.866078,48.851317],[37.865978,48.851976]]]}},{"type":"Feature","properties":{"cadnum":"1424287900:05:000:0037"},"geometry":{"type":"Polygon","coordinates":[[[37.857589,48.852147],[37.858801,48.852227],[37.858801,48.852228],[37.864466,48.852598],[37.865804,48.852686],[37.865848,48.852393],[37.864294,48.852291],[37.864294,48.852292],[37.858801,48.851932],[37.857634,48.851855],[37.857589,48.852147]]]}},{"type":"Feature","properties":{"cadnum":"1424287900:05:000:0051"},"geometry":{"type":"Polygon","coordinates":[[[37.865781,48.853286],[37.869787,48.853549],[37.869787,48.85355],[37.873521,48.853794],[37.873579,48.853555],[37.873668,48.853422],[37.873714,48.853132],[37.869787,48.852875],[37.865881,48.852618],[37.865781,48.853286]]]}},{"type":"Feature","properties":{"cadnum":"1424287900:05:000:0039"},"geometry":{"type":"Polygon","coordinates":[[[37.857724,48.851267],[37.858973,48.85135],[37.864466,48.851712],[37.864466,48.851711],[37.865934,48.851808],[37.866024,48.851211],[37.865885,48.851429],[37.865602,48.851542],[37.865246,48.851562],[37.864936,48.85145],[37.864757,48.85124],[37.864785,48.851087],[37.864294,48.851055],[37.858801,48.850694],[37.857818,48.850629],[37.857791,48.850818],[37.857724,48.851267]]]}},{"type":"Feature","properties":{"cadnum":"1424287900:05:000:0050"},"geometry":{"type":"Polygon","coordinates":[[[37.865628,48.854281],[37.867012,48.854258],[37.868355,48.854125],[37.869406,48.854158],[37.869787,48.854182],[37.870098,48.854202],[37.871674,48.854252],[37.87241,48.854264],[37.873116,48.854305],[37.873431,48.854364],[37.873485,48.854376],[37.873534,48.854349],[37.873479,48.854175],[37.873462,48.854095],[37.873494,48.853897],[37.873494,48.853896],[37.873521,48.853794],[37.869959,48.853561],[37.869959,48.85356],[37.865781,48.853286],[37.865675,48.853974],[37.865628,48.854281]]]}},{"type":"Feature","properties":{"cadnum":"1424287900:05:000:0052"},"geometry":{"type":"Polygon","coordinates":[[[37.865881,48.852618],[37.869959,48.852886],[37.873714,48.853132],[37.873762,48.852769],[37.873839,48.852493],[37.86994,48.852237],[37.865978,48.851976],[37.865881,48.852618]]]}},{"type":"Feature","properties":{"cadnum":"1424287900:05:000:0055"},"geometry":{"type":"Polygon","coordinates":[[[37.866078,48.851317],[37.866827,48.851367],[37.866882,48.85137],[37.869959,48.851573],[37.869959,48.851572],[37.870039,48.851577],[37.873974,48.851834],[37.874068,48.851202],[37.869787,48.850922],[37.866172,48.850684],[37.866078,48.851317]]]}},{"type":"Feature","properties":{"cadnum":"1424287900:05:000:0038"},"geometry":{"type":"Polygon","coordinates":[[[37.857634,48.851855],[37.858973,48.851944],[37.858973,48.851943],[37.864466,48.852303],[37.864466,48.852302],[37.865848,48.852393],[37.865934,48.851808],[37.864294,48.8517],[37.858801,48.851338],[37.857724,48.851267],[37.857656,48.851702],[37.857634,48.851855]]]}},{"type":"Feature","properties":{"cadnum":"1424287900:05:000:0036"},"geometry":{"type":"Polygon","coordinates":[[[37.857548,48.85244],[37.858973,48.852534],[37.864466,48.852894],[37.865759,48.852978],[37.865804,48.852686],[37.864294,48.852587],[37.858973,48.852239],[37.858973,48.852238],[37.857589,48.852147],[37.857548,48.85244]]]}},{"type":"Feature","properties":{"cadnum":"1424287900:05:000:0041"},"geometry":{"type":"Polygon","coordinates":[[[37.857917,48.849999],[37.858973,48.850068],[37.862431,48.850295],[37.864466,48.850428],[37.866127,48.850537],[37.86617,48.850247],[37.866217,48.849934],[37.864294,48.849808],[37.858801,48.849446],[37.858007,48.849393],[37.857935,48.84986],[37.857917,48.849999]]]}},{"type":"Feature","properties":{"cadnum":"1424287900:05:000:0035"},"geometry":{"type":"Polygon","coordinates":[[[37.857458,48.853034],[37.858973,48.853135],[37.864466,48.853497],[37.864466,48.853496],[37.865669,48.853575],[37.865759,48.852978],[37.864294,48.852883],[37.858801,48.852522],[37.858801,48.852523],[37.857548,48.85244],[37.857531,48.852544],[37.857458,48.853034]]]}},{"type":"Feature","properties":{"cadnum":"1424287900:05:000:0247"},"geometry":{"type":"Polygon","coordinates":[[[37.857409,48.853345],[37.858801,48.853436],[37.858801,48.853437],[37.864466,48.853807],[37.865624,48.853882],[37.865669,48.853575],[37.864294,48.853485],[37.858801,48.853123],[37.857458,48.853034],[37.857409,48.853345]]]}},{"type":"Feature","properties":{"cadnum":"1424287900:06:000:0197"},"geometry":{"type":"Polygon","coordinates":[[[37.869091,48.818642],[37.869469,48.818849],[37.869959,48.81834],[37.869959,48.818339],[37.870125,48.818166],[37.869856,48.818033],[37.869091,48.818642]]]}},{"type":"Feature","properties":{"cadnum":"1424287900:05:000:0244"},"geometry":{"type":"Polygon","coordinates":[[[37.862659,48.820842],[37.862683,48.821434],[37.862684,48.821434],[37.862745,48.822859],[37.862776,48.823504],[37.864294,48.823475],[37.86725,48.823418],[37.867179,48.822856],[37.867152,48.822614],[37.867143,48.822304],[37.867183,48.822108],[37.867277,48.821875],[37.866684,48.821686],[37.866064,48.821484],[37.86527,48.821321],[37.865269,48.821321],[37.864441,48.821151],[37.863535,48.820963],[37.862659,48.820842]]]}},{"type":"Feature","properties":{"cadnum":"1424287900:06:000:0196"},"geometry":{"type":"Polygon","coordinates":[[[37.868508,48.819196],[37.869064,48.819272],[37.869469,48.818849],[37.869091,48.818642],[37.868903,48.818793],[37.868508,48.819196]]]}},{"type":"Feature","properties":{"cadnum":"1424287900:07:000:0338"},"geometry":{"type":"Polygon","coordinates":[[[37.806829,48.821224],[37.806931,48.821321],[37.80699,48.821376],[37.80705,48.821434],[37.807051,48.821434],[37.808532,48.822833],[37.809362,48.823588],[37.809365,48.823591],[37.809534,48.823745],[37.809534,48.823744],[37.809712,48.823906],[37.810777,48.824876],[37.810842,48.824937],[37.810842,48.824938],[37.812291,48.826313],[37.812894,48.826869],[37.814322,48.827957],[37.814668,48.827753],[37.813225,48.826692],[37.811322,48.824938],[37.811321,48.824938],[37.810934,48.82458],[37.809534,48.823289],[37.807522,48.821434],[37.807135,48.821076],[37.806829,48.821224]]]}},{"type":"Feature","properties":{"cadnum":"1424287900:07:000:0248"},"geometry":{"type":"Polygon","coordinates":[[[37.808788,48.8189],[37.809183,48.819387],[37.809362,48.81926],[37.809362,48.819261],[37.809475,48.819181],[37.809475,48.81918],[37.809534,48.819165],[37.809875,48.819074],[37.810252,48.818841],[37.810544,48.818604],[37.811416,48.818228],[37.811582,48.818169],[37.811267,48.817784],[37.811196,48.817846],[37.810517,48.818264],[37.809362,48.818689],[37.808788,48.8189]]]}},{"type":"Feature","properties":{"cadnum":"1424287900:07:000:0337"},"geometry":{"type":"Polygon","coordinates":[[[37.807036,48.820813],[37.807152,48.82094],[37.809362,48.819795],[37.811312,48.818784],[37.813462,48.817704],[37.813603,48.817633],[37.813468,48.817519],[37.813106,48.817704],[37.813105,48.817704],[37.811555,48.818501],[37.809534,48.819538],[37.80829,48.820177],[37.807036,48.820813]]]}},{"type":"Feature","properties":{"cadnum":"1424287900:07:000:0336"},"geometry":{"type":"Polygon","coordinates":[[[37.806179,48.819535],[37.806389,48.819683],[37.808374,48.819],[37.809534,48.818575],[37.809534,48.818574],[37.810477,48.818228],[37.811141,48.817817],[37.81114,48.817816],[37.811051,48.817572],[37.810722,48.817704],[37.810721,48.817704],[37.81052,48.817785],[37.810441,48.817817],[37.809362,48.818252],[37.809362,48.818253],[37.806179,48.819535]]]}},{"type":"Feature","properties":{"cadnum":"1424287900:07:000:0260"},"geometry":{"type":"Polygon","coordinates":[[[37.807135,48.820985],[37.8075,48.821321],[37.80859,48.822324],[37.809534,48.821804],[37.810408,48.821321],[37.812664,48.820077],[37.81132,48.818843],[37.809534,48.819757],[37.807135,48.820985]]]}},{"type":"Feature","properties":{"cadnum":"1424287900:07:000:0291"},"geometry":{"type":"Polygon","coordinates":[[[37.806793,48.820751],[37.806865,48.82084],[37.808257,48.820127],[37.807745,48.81949],[37.806793,48.820751]]]}},{"type":"Feature","properties":{"cadnum":"1424287900:07:000:0057"},"geometry":{"type":"Polygon","coordinates":[[[37.804642,48.816826],[37.804938,48.817604],[37.805047,48.817817],[37.805554,48.818804],[37.805927,48.819586],[37.805976,48.819565],[37.80616,48.81949],[37.807319,48.819023],[37.808886,48.818394],[37.809534,48.818132],[37.809961,48.817959],[37.81035,48.817802],[37.810351,48.817802],[37.810148,48.816465],[37.809534,48.816506],[37.804642,48.816826]]]}},{"type":"Feature","properties":{"cadnum":"1424287900:07:000:0293"},"geometry":{"type":"Polygon","coordinates":[[[37.80558,48.819834],[37.8058,48.820298],[37.807521,48.819733],[37.807917,48.819198],[37.806295,48.819731],[37.805967,48.819663],[37.80558,48.819834]]]}},{"type":"Feature","properties":{"cadnum":"1424287900:07:000:0290"},"geometry":{"type":"Polygon","coordinates":[[[37.8058,48.820298],[37.805869,48.820434],[37.806703,48.821206],[37.806973,48.821068],[37.806753,48.820759],[37.807521,48.819733],[37.8058,48.820298]]]}},{"type":"Feature","properties":{"cadnum":"1424287900:07:000:0334"},"geometry":{"type":"Polygon","coordinates":[[[37.801188,48.804953],[37.801202,48.805048],[37.801282,48.805347],[37.801286,48.805364],[37.801422,48.805849],[37.801664,48.80674],[37.801689,48.806852],[37.802082,48.808612],[37.802091,48.80866],[37.802499,48.810469],[37.802499,48.81047],[37.802506,48.810502],[37.802524,48.810583],[37.802657,48.811171],[37.803294,48.814029],[37.80331,48.814087],[37.803322,48.814128],[37.803342,48.8142],[37.803343,48.8142],[37.803344,48.814203],[37.803695,48.815921],[37.803869,48.816338],[37.803869,48.816339],[37.803883,48.816371],[37.803909,48.816421],[37.803932,48.816469],[37.804041,48.816676],[37.804512,48.817572],[37.80458,48.817704],[37.804777,48.818083],[37.805163,48.818826],[37.80546,48.819346],[37.805774,48.819408],[37.805491,48.818819],[37.804974,48.817817],[37.804871,48.817616],[37.804129,48.815658],[37.803869,48.814471],[37.803785,48.814087],[37.803784,48.814087],[37.803613,48.813301],[37.803313,48.81131],[37.803108,48.81047],[37.803107,48.81047],[37.803107,48.810469],[37.802756,48.809026],[37.802263,48.806889],[37.802244,48.806802],[37.801758,48.805225],[37.801611,48.804926],[37.801188,48.804953]]]}},{"type":"Feature","properties":{"cadnum":"1424287900:05:000:0154"},"geometry":{"type":"Polygon","coordinates":[[[37.822532,48.832029],[37.822823,48.83217],[37.822938,48.832226],[37.823056,48.832283],[37.823057,48.832283],[37.823632,48.832561],[37.824027,48.832266],[37.825842,48.830915],[37.827167,48.829927],[37.826282,48.829409],[37.826148,48.829332],[37.825842,48.82956],[37.822532,48.832029]]]}},{"type":"Feature","properties":{"cadnum":"1424287900:05:000:0416"},"geometry":{"type":"Polygon","coordinates":[[[37.815031,48.828401],[37.815268,48.828554],[37.815267,48.828554],[37.816792,48.829537],[37.820349,48.831371],[37.821265,48.831843],[37.821929,48.83217],[37.823664,48.833025],[37.825016,48.833625],[37.825186,48.833537],[37.825052,48.833297],[37.822948,48.832283],[37.822163,48.831904],[37.821037,48.831308],[37.820349,48.830977],[37.820349,48.830978],[37.817156,48.829445],[37.815892,48.828667],[37.815192,48.828235],[37.815031,48.828401]]]}},{"type":"Feature","properties":{"cadnum":"1424287900:05:000:0153"},"geometry":{"type":"Polygon","coordinates":[[[37.823632,48.832561],[37.825425,48.833427],[37.825654,48.833004],[37.825842,48.832735],[37.825861,48.832707],[37.826014,48.832489],[37.826014,48.832488],[37.826235,48.83217],[37.82657,48.831689],[37.827639,48.830201],[37.827167,48.829927],[37.826014,48.830787],[37.824156,48.83217],[37.824027,48.832266],[37.824005,48.832283],[37.823632,48.832561]]]}},{"type":"Feature","properties":{"cadnum":"1424287900:06:000:0018"},"geometry":{"type":"Polygon","coordinates":[[[37.80042,48.785833],[37.802976,48.788434],[37.803295,48.788759],[37.803295,48.78876],[37.803382,48.788848],[37.803407,48.788873],[37.803869,48.789342],[37.803869,48.789343],[37.804319,48.789799],[37.804502,48.789719],[37.805374,48.789346],[37.804855,48.788819],[37.804041,48.787991],[37.801349,48.785254],[37.801349,48.785253],[37.801093,48.784993],[37.800975,48.78514],[37.800974,48.78514],[37.80042,48.785833]]]}},{"type":"Feature","properties":{"cadnum":"1424287900:07:000:0222"},"geometry":{"type":"Polygon","coordinates":[[[37.801714,48.784223],[37.802615,48.78514],[37.803869,48.786416],[37.806173,48.788759],[37.806173,48.78876],[37.806222,48.788809],[37.806285,48.788873],[37.80634,48.788928],[37.806594,48.788819],[37.807166,48.788573],[37.807242,48.788541],[37.803899,48.78514],[37.803898,48.78514],[37.802293,48.783507],[37.801714,48.784223]]]}},{"type":"Feature","properties":{"cadnum":"1424287900:07:000:0039"},"geometry":{"type":"Polygon","coordinates":[[[37.801093,48.784993],[37.801238,48.78514],[37.803869,48.787816],[37.803869,48.787817],[37.804796,48.788759],[37.804796,48.78876],[37.804855,48.788819],[37.804907,48.788873],[37.805374,48.789346],[37.806263,48.788961],[37.80634,48.788928],[37.806222,48.788809],[37.804041,48.786591],[37.804041,48.78659],[37.802727,48.785254],[37.802727,48.785253],[37.801714,48.784223],[37.801093,48.784993]]]}},{"type":"Feature","properties":{"cadnum":"1424287900:07:000:0327"},"geometry":{"type":"Polygon","coordinates":[[[37.807166,48.788573],[37.807348,48.788759],[37.807348,48.78876],[37.809362,48.790806],[37.809362,48.790807],[37.810909,48.792378],[37.810909,48.792379],[37.811905,48.793391],[37.812745,48.792915],[37.812261,48.792424],[37.809534,48.789652],[37.809534,48.789651],[37.808768,48.788873],[37.808087,48.78818],[37.807242,48.788541],[37.807166,48.788573]]]}},{"type":"Feature","properties":{"cadnum":"1424287900:07:000:0177"},"geometry":{"type":"Polygon","coordinates":[[[37.806263,48.788961],[37.809362,48.792113],[37.809362,48.792114],[37.809623,48.792378],[37.809623,48.792379],[37.811079,48.793858],[37.811905,48.793391],[37.81102,48.792492],[37.809534,48.790981],[37.807459,48.788873],[37.807166,48.788573],[37.806732,48.78876],[37.806731,48.78876],[37.806594,48.788819],[37.806468,48.788873],[37.80634,48.788928],[37.806263,48.788961]]]}},{"type":"Feature","properties":{"cadnum":"1424287900:07:000:0245"},"geometry":{"type":"Polygon","coordinates":[[[37.809089,48.788751],[37.809098,48.788759],[37.809098,48.78876],[37.809097,48.78876],[37.809534,48.78919],[37.809534,48.789189],[37.810427,48.790068],[37.812405,48.788873],[37.813293,48.788336],[37.811999,48.787067],[37.811955,48.78702],[37.809362,48.788586],[37.809089,48.788751]]]}},{"type":"Feature","properties":{"cadnum":"1424287900:05:000:0278"},"geometry":{"type":"Polygon","coordinates":[[[37.805074,48.7848],[37.805419,48.78514],[37.805418,48.78514],[37.806412,48.786118],[37.807841,48.785253],[37.807842,48.785253],[37.809278,48.784386],[37.80807,48.783199],[37.80794,48.783069],[37.807939,48.783069],[37.805074,48.7848]]]}},{"type":"Feature","properties":{"cadnum":"1424287900:07:000:0115"},"geometry":{"type":"Polygon","coordinates":[[[37.824419,48.802512],[37.825842,48.802988],[37.826675,48.803266],[37.826677,48.803267],[37.826679,48.803267],[37.826917,48.803347],[37.826918,48.803347],[37.827289,48.803471],[37.828151,48.803758],[37.828478,48.803347],[37.828479,48.803347],[37.830109,48.801306],[37.829484,48.801095],[37.828874,48.800894],[37.826054,48.799951],[37.825907,48.80018],[37.825322,48.801095],[37.825299,48.801131],[37.82454,48.802321],[37.824419,48.802512]],[[37.828515,48.801657],[37.82856,48.801675],[37.828532,48.801707],[37.828488,48.801687],[37.828515,48.801657]]]}},{"type":"Feature","properties":{"cadnum":"1424287900:07:000:0106"},"geometry":{"type":"Polygon","coordinates":[[[37.815745,48.799497],[37.816083,48.799616],[37.816175,48.799648],[37.816406,48.799729],[37.820349,48.801106],[37.820488,48.801155],[37.820551,48.80103],[37.820691,48.800812],[37.820349,48.800693],[37.81727,48.799616],[37.815951,48.799155],[37.815745,48.799497]]]}},{"type":"Feature","properties":{"cadnum":"1424287900:07:000:0105"},"geometry":{"type":"Polygon","coordinates":[[[37.815544,48.799838],[37.820309,48.801507],[37.820349,48.801428],[37.820488,48.801155],[37.816175,48.799648],[37.815745,48.799497],[37.815675,48.799616],[37.815674,48.799616],[37.815544,48.799838]]]}},{"type":"Feature","properties":{"cadnum":"1424287900:07:000:0111"},"geometry":{"type":"Polygon","coordinates":[[[37.819963,48.802329],[37.82052,48.802516],[37.820521,48.802516],[37.823012,48.803347],[37.823013,48.803347],[37.823731,48.803586],[37.823935,48.803267],[37.824419,48.802512],[37.82454,48.802321],[37.820632,48.801016],[37.820614,48.801048],[37.820521,48.801232],[37.82052,48.801232],[37.819963,48.802329]]]}},{"type":"Feature","properties":{"cadnum":"1424287900:07:000:0110"},"geometry":{"type":"Polygon","coordinates":[[[37.819572,48.80319],[37.819572,48.803468],[37.819653,48.804246],[37.820349,48.804391],[37.820459,48.804414],[37.82052,48.804426],[37.820521,48.804426],[37.820668,48.804456],[37.822029,48.804557],[37.824068,48.804894],[37.823475,48.803657],[37.8237,48.803631],[37.823731,48.803586],[37.822674,48.803234],[37.822673,48.803234],[37.820349,48.802458],[37.819963,48.802329],[37.819739,48.802779],[37.819572,48.80319]]]}},{"type":"Feature","properties":{"cadnum":"1424287900:07:000:0114"},"geometry":{"type":"Polygon","coordinates":[[[37.8237,48.803631],[37.824549,48.804589],[37.824823,48.804805],[37.825142,48.804947],[37.825169,48.804953],[37.825635,48.805012],[37.825842,48.80503],[37.825842,48.805031],[37.825882,48.805033],[37.826014,48.805043],[37.826278,48.805062],[37.827172,48.804985],[37.828151,48.803758],[37.827289,48.803471],[37.826679,48.803267],[37.826677,48.803267],[37.826675,48.803266],[37.82658,48.803234],[37.826579,48.803234],[37.826014,48.803046],[37.826014,48.803045],[37.824419,48.802512],[37.823956,48.803234],[37.823935,48.803267],[37.823884,48.803347],[37.823731,48.803586],[37.8237,48.803631]],[[37.826247,48.804161],[37.826291,48.804181],[37.826264,48.804211],[37.82622,48.804193],[37.826247,48.804161]]]}},{"type":"Feature","properties":{"cadnum":"1424287900:07:000:0107"},"geometry":{"type":"Polygon","coordinates":[[[37.815951,48.799155],[37.817593,48.799729],[37.82052,48.800753],[37.82052,48.800752],[37.820521,48.800752],[37.820691,48.800812],[37.820901,48.800471],[37.820349,48.800278],[37.818778,48.799729],[37.818734,48.799713],[37.818455,48.799616],[37.816154,48.798811],[37.815951,48.799155]]]}},{"type":"Feature","properties":{"cadnum":"1424287900:07:000:0112"},"geometry":{"type":"Polygon","coordinates":[[[37.820632,48.801016],[37.82454,48.802321],[37.825299,48.801131],[37.821377,48.799823],[37.820632,48.801016]]]}},{"type":"Feature","properties":{"cadnum":"1424287900:07:000:0113"},"geometry":{"type":"Polygon","coordinates":[[[37.821377,48.799823],[37.825299,48.801131],[37.825322,48.801095],[37.825842,48.800283],[37.825907,48.80018],[37.826014,48.800014],[37.826054,48.799951],[37.825842,48.79988],[37.825051,48.799616],[37.82505,48.799616],[37.822119,48.798637],[37.821507,48.799616],[37.821506,48.799616],[37.821377,48.799823]]]}},{"type":"Feature","properties":{"cadnum":"1424287900:07:000:0108"},"geometry":{"type":"Polygon","coordinates":[[[37.816154,48.798811],[37.818734,48.799713],[37.82052,48.800338],[37.820521,48.800338],[37.820901,48.800471],[37.821432,48.799616],[37.821486,48.79953],[37.820349,48.799133],[37.81672,48.797865],[37.816154,48.798811]]]}},{"type":"Feature","properties":{"cadnum":"1424287900:07:000:0401"},"geometry":{"type":"Polygon","coordinates":[[[37.82498,48.799466],[37.825417,48.799616],[37.826014,48.799821],[37.826014,48.79982],[37.826368,48.799942],[37.826671,48.799616],[37.82667,48.799616],[37.829647,48.79642],[37.829004,48.796255],[37.828146,48.796065],[37.825842,48.79854],[37.82498,48.799466]]]}},{"type":"Feature","properties":{"cadnum":"1424287900:07:000:0407"},"geometry":{"type":"Polygon","coordinates":[[[37.804404,48.757738],[37.804521,48.757871],[37.805716,48.759251],[37.805909,48.759254],[37.807418,48.758359],[37.809362,48.757197],[37.809365,48.757196],[37.809534,48.757095],[37.809934,48.756855],[37.809427,48.756177],[37.809426,48.756177],[37.809362,48.756092],[37.809362,48.756093],[37.808213,48.754555],[37.808137,48.754454],[37.806195,48.756177],[37.806145,48.756222],[37.806067,48.75629],[37.805496,48.756799],[37.804404,48.757738]],[[37.807229,48.755266],[37.807251,48.755277],[37.807234,48.755292],[37.807211,48.75528],[37.807229,48.755266]],[[37.806183,48.756234],[37.806179,48.756236],[37.806172,48.756234],[37.806156,48.756228],[37.806156,48.756227],[37.806173,48.756213],[37.806173,48.756212],[37.806196,48.756225],[37.806183,48.756234]],[[37.804888,48.757373],[37.804889,48.757373],[37.804911,48.757386],[37.804894,48.7574],[37.804875,48.757388],[37.804888,48.757373]]]}},{"type":"Feature","properties":{"cadnum":"1424287900:07:000:0339"},"geometry":{"type":"Polygon","coordinates":[[[37.808217,48.754465],[37.809362,48.756007],[37.809572,48.75629],[37.809573,48.75629],[37.810045,48.756926],[37.810171,48.756844],[37.809778,48.75629],[37.809362,48.755704],[37.80842,48.754374],[37.808383,48.754329],[37.808217,48.754465]]]}},{"type":"Feature","properties":{"cadnum":"1424287900:07:000:0369"},"geometry":{"type":"Polygon","coordinates":[[[37.820838,48.769601],[37.821737,48.770492],[37.826014,48.768573],[37.826543,48.768334],[37.826004,48.767808],[37.825631,48.767446],[37.820838,48.769601]]]}},{"type":"Feature","properties":{"cadnum":"1424287900:07:000:0037"},"geometry":{"type":"Polygon","coordinates":[[[37.816684,48.771753],[37.817672,48.772692],[37.82052,48.771412],[37.821953,48.770768],[37.821947,48.770762],[37.820982,48.769823],[37.820349,48.770107],[37.820349,48.770108],[37.819115,48.770661],[37.819035,48.770697],[37.818863,48.770774],[37.816684,48.771753]]]}},{"type":"Feature","properties":{"cadnum":"1424287900:07:000:0352"},"geometry":{"type":"Polygon","coordinates":[[[37.821737,48.770492],[37.82191,48.770661],[37.822645,48.771374],[37.824233,48.770661],[37.825842,48.769938],[37.825842,48.769939],[37.827442,48.769219],[37.826543,48.768334],[37.825842,48.76865],[37.821737,48.770492]]]}},{"type":"Feature","properties":{"cadnum":"1424287900:07:000:0372"},"geometry":{"type":"Polygon","coordinates":[[[37.822645,48.771374],[37.823557,48.772245],[37.825842,48.771216],[37.825842,48.771217],[37.827076,48.770661],[37.828344,48.77009],[37.827442,48.769219],[37.826014,48.769861],[37.82398,48.770774],[37.822645,48.771374]]]}},{"type":"Feature","properties":{"cadnum":"1424287900:05:000:0060"},"geometry":{"type":"Polygon","coordinates":[[[37.866577,48.848007],[37.869959,48.848229],[37.874639,48.848536],[37.874804,48.847779],[37.874823,48.847738],[37.869787,48.847408],[37.869787,48.847409],[37.866697,48.847206],[37.866577,48.848007]]]}},{"type":"Feature","properties":{"cadnum":"1424287900:05:000:0059"},"geometry":{"type":"Polygon","coordinates":[[[37.866468,48.848725],[37.869787,48.848944],[37.869787,48.848945],[37.874481,48.849254],[37.874639,48.848536],[37.869787,48.848218],[37.866577,48.848007],[37.866468,48.848725]]]}},{"type":"Feature","properties":{"cadnum":"1424287900:05:000:0058"},"geometry":{"type":"Polygon","coordinates":[[[37.866365,48.849393],[37.869959,48.84963],[37.874328,48.849917],[37.874481,48.849254],[37.874481,48.849251],[37.869787,48.848943],[37.866468,48.848725],[37.866365,48.849393]]]}},{"type":"Feature","properties":{"cadnum":"1424287900:05:000:0057"},"geometry":{"type":"Polygon","coordinates":[[[37.866271,48.850044],[37.869959,48.850285],[37.874091,48.850555],[37.87414,48.850375],[37.874193,48.850247],[37.874192,48.850247],[37.874328,48.849917],[37.869787,48.849618],[37.866365,48.849393],[37.866271,48.850044]]]}},{"type":"Feature","properties":{"cadnum":"1424287900:01:000:0225"},"geometry":{"type":"Polygon","coordinates":[[[37.825482,48.864722],[37.825512,48.864738],[37.825654,48.864816],[37.826014,48.865014],[37.827145,48.865635],[37.828008,48.86557],[37.827964,48.864703],[37.827963,48.864703],[37.827945,48.864317],[37.827868,48.862722],[37.826368,48.862958],[37.826145,48.864703],[37.826144,48.864703],[37.826138,48.864754],[37.826014,48.864748],[37.825482,48.864722]]]}},{"type":"Feature","properties":{"cadnum":"1424287900:01:000:0196"},"geometry":{"type":"Polygon","coordinates":[[[37.827989,48.865061],[37.828025,48.865315],[37.828394,48.865818],[37.828209,48.866064],[37.828322,48.866332],[37.828434,48.866722],[37.828524,48.866923],[37.828658,48.867041],[37.828843,48.86703],[37.828955,48.867165],[37.829193,48.867236],[37.829494,48.86754],[37.82979,48.867573],[37.830078,48.867405],[37.82996,48.867221],[37.83006,48.867074],[37.830702,48.867059],[37.830526,48.866852],[37.830652,48.866754],[37.830742,48.866618],[37.830343,48.866417],[37.830442,48.865948],[37.830882,48.865387],[37.828649,48.865446],[37.828217,48.864816],[37.828133,48.864693],[37.828012,48.864689],[37.828013,48.864703],[37.828012,48.864703],[37.828022,48.864805],[37.828023,48.864816],[37.828025,48.864843],[37.827989,48.865061]]]}},{"type":"Feature","properties":{"cadnum":"1424287900:01:000:0185"},"geometry":{"type":"Polygon","coordinates":[[[37.823044,48.87105],[37.823803,48.871042],[37.823915,48.869697],[37.824077,48.868521],[37.824158,48.868354],[37.825469,48.865667],[37.825482,48.864722],[37.825483,48.864722],[37.825842,48.86474],[37.826138,48.864754],[37.826368,48.862958],[37.825842,48.862995],[37.825842,48.862996],[37.824423,48.863094],[37.824316,48.863824],[37.824189,48.864703],[37.824188,48.864703],[37.82405,48.865664],[37.823608,48.868317],[37.823594,48.868398],[37.823589,48.86843],[37.823287,48.870247],[37.823044,48.87105]]]}},{"type":"Feature","properties":{"cadnum":"1424287900:01:000:0206"},"geometry":{"type":"Polygon","coordinates":[[[37.824463,48.86309],[37.825842,48.862995],[37.826368,48.862958],[37.827868,48.862722],[37.827945,48.864317],[37.828489,48.864703],[37.82864,48.86481],[37.828649,48.864816],[37.829004,48.865068],[37.831507,48.864985],[37.831507,48.864984],[37.833451,48.864919],[37.834451,48.864738],[37.835702,48.864512],[37.836109,48.863235],[37.835796,48.862955],[37.835405,48.861882],[37.834461,48.861089],[37.834012,48.860712],[37.833811,48.859332],[37.834264,48.858904],[37.834228,48.858484],[37.834214,48.858295],[37.831335,48.858433],[37.825842,48.858695],[37.82511,48.858729],[37.825083,48.858915],[37.824742,48.861202],[37.824743,48.861202],[37.824743,48.861203],[37.824463,48.86309]]]}},{"type":"Feature","properties":{"cadnum":"1424287900:05:000:0329"},"geometry":{"type":"Polygon","coordinates":[[[37.870273,48.817852],[37.871244,48.818515],[37.872323,48.81781],[37.872856,48.817462],[37.87184,48.816841],[37.870326,48.817817],[37.870327,48.817817],[37.870273,48.817852]]]}},{"type":"Feature","properties":{"cadnum":"1424287900:05:000:0359"},"geometry":{"type":"Polygon","coordinates":[[[37.873282,48.817578],[37.873475,48.817704],[37.873491,48.817714],[37.873648,48.817817],[37.873649,48.817817],[37.873798,48.817914],[37.874146,48.817704],[37.87528,48.81702],[37.87528,48.817021],[37.879257,48.814619],[37.878606,48.814087],[37.878605,48.814087],[37.877896,48.813505],[37.876931,48.814087],[37.87693,48.814087],[37.875452,48.81498],[37.874171,48.815752],[37.873831,48.816737],[37.873282,48.817578]]]}},{"type":"Feature","properties":{"cadnum":"1424287900:05:000:0330"},"geometry":{"type":"Polygon","coordinates":[[[37.869097,48.817048],[37.86981,48.817536],[37.87022,48.817817],[37.870221,48.817817],[37.870273,48.817852],[37.870502,48.817704],[37.87184,48.816841],[37.870552,48.816048],[37.869787,48.816574],[37.869097,48.817048]]]}},{"type":"Feature","properties":{"cadnum":"1424287900:05:000:0360"},"geometry":{"type":"Polygon","coordinates":[[[37.871244,48.816252],[37.872347,48.81696],[37.873282,48.817578],[37.873831,48.816737],[37.874171,48.815752],[37.874261,48.815436],[37.874171,48.814664],[37.87237,48.815638],[37.871244,48.816252]]]}},{"type":"Feature","properties":{"cadnum":"1424287900:05:000:0378"},"geometry":{"type":"Polygon","coordinates":[[[37.869716,48.815215],[37.869959,48.815387],[37.869959,48.815386],[37.870646,48.815871],[37.871244,48.816252],[37.87237,48.815638],[37.870816,48.814617],[37.869959,48.815083],[37.869716,48.815215]]]}},{"type":"Feature","properties":{"cadnum":"1424287900:05:000:0328"},"geometry":{"type":"Polygon","coordinates":[[[37.871244,48.818515],[37.872177,48.819154],[37.873839,48.818069],[37.873247,48.817704],[37.872856,48.817462],[37.872485,48.817704],[37.872484,48.817704],[37.872323,48.81781],[37.872311,48.817817],[37.871244,48.818515]]]}},{"type":"Feature","properties":{"cadnum":"1424287900:05:000:0407"},"geometry":{"type":"Polygon","coordinates":[[[37.873798,48.817914],[37.874081,48.818104],[37.87528,48.818823],[37.87528,48.818824],[37.876098,48.819314],[37.876727,48.819656],[37.876831,48.819677],[37.880096,48.817704],[37.880945,48.817192],[37.880945,48.817191],[37.881781,48.816687],[37.880774,48.815862],[37.880773,48.815862],[37.879257,48.814619],[37.875452,48.816917],[37.875452,48.816916],[37.873958,48.817817],[37.873959,48.817817],[37.873798,48.817914]]]}},{"type":"Feature","properties":{"cadnum":"1424287900:01:000:0029"},"geometry":{"type":"Polygon","coordinates":[[[37.784767,48.876418],[37.785409,48.876711],[37.787561,48.876498],[37.787562,48.876498],[37.793055,48.875954],[37.794235,48.875837],[37.794087,48.875763],[37.793785,48.875543],[37.792883,48.874885],[37.789304,48.875239],[37.788999,48.875543],[37.788998,48.875543],[37.788902,48.875639],[37.788885,48.875656],[37.788868,48.875673],[37.78739,48.875836],[37.786474,48.875936],[37.784973,48.876087],[37.784776,48.876218],[37.784767,48.876418]]]}},{"type":"Feature","properties":{"cadnum":"1424287900:01:000:0146"},"geometry":{"type":"Polygon","coordinates":[[[37.785302,48.875169],[37.785306,48.875529],[37.785306,48.875656],[37.785307,48.875656],[37.78531,48.876052],[37.786474,48.875936],[37.787561,48.875817],[37.787562,48.875817],[37.788868,48.875673],[37.788922,48.875619],[37.78929,48.875251],[37.787477,48.875214],[37.785302,48.875169]]]}},{"type":"Feature","properties":{"cadnum":"1424287900:01:000:0028"},"geometry":{"type":"Polygon","coordinates":[[[37.785409,48.876711],[37.786977,48.877425],[37.787561,48.877368],[37.787562,48.877368],[37.793055,48.876823],[37.793055,48.876822],[37.795672,48.876563],[37.795533,48.876468],[37.794235,48.875837],[37.792883,48.875971],[37.78739,48.876515],[37.785409,48.876711]]]}},{"type":"Feature","properties":{"cadnum":"1424287900:01:000:0140"},"geometry":{"type":"Polygon","coordinates":[[[37.782619,48.878843],[37.783149,48.878846],[37.783438,48.87885],[37.786357,48.878876],[37.787089,48.878882],[37.78739,48.878884],[37.78739,48.878885],[37.787529,48.878885],[37.787426,48.878377],[37.785189,48.878356],[37.784466,48.87835],[37.783191,48.878338],[37.783114,48.878338],[37.782805,48.878327],[37.782696,48.878324],[37.782619,48.878843]],[[37.786635,48.878841],[37.786635,48.878858],[37.786608,48.878858],[37.786608,48.878841],[37.786635,48.878841]],[[37.786137,48.878705],[37.786137,48.878722],[37.786137,48.878723],[37.78611,48.878723],[37.78611,48.878722],[37.78611,48.878705],[37.786137,48.878705]],[[37.785638,48.878569],[37.785638,48.878587],[37.785616,48.878587],[37.785615,48.878587],[37.785615,48.878569],[37.785616,48.878569],[37.785638,48.878569]],[[37.785382,48.878498],[37.785382,48.878515],[37.785359,48.878515],[37.785359,48.878498],[37.785382,48.878498]],[[37.785009,48.878392],[37.785009,48.878409],[37.784983,48.878409],[37.784982,48.878409],[37.784982,48.878392],[37.784983,48.878392],[37.785009,48.878392]]]}},{"type":"Feature","properties":{"cadnum":"1424287900:01:000:0143"},"geometry":{"type":"Polygon","coordinates":[[[37.783334,48.875564],[37.783435,48.875656],[37.783436,48.875656],[37.783541,48.87575],[37.783725,48.876122],[37.78368,48.876374],[37.783518,48.877048],[37.786042,48.877],[37.785409,48.876711],[37.784767,48.876418],[37.784776,48.876218],[37.784973,48.876087],[37.78531,48.876052],[37.785306,48.875543],[37.785306,48.875529],[37.784529,48.875543],[37.784149,48.87555],[37.783851,48.875555],[37.783572,48.875561],[37.783334,48.875564]],[[37.78372,48.875579],[37.783698,48.875579],[37.783698,48.875562],[37.783698,48.875561],[37.78372,48.875561],[37.78372,48.875562],[37.78372,48.875579]],[[37.783661,48.875828],[37.783661,48.875845],[37.78364,48.875845],[37.78364,48.875828],[37.783661,48.875828]]]}},{"type":"Feature","properties":{"cadnum":"1424287900:01:000:0141"},"geometry":{"type":"Polygon","coordinates":[[[37.783191,48.878338],[37.784466,48.87835],[37.785189,48.878356],[37.787426,48.878377],[37.787407,48.878274],[37.78739,48.878235],[37.787193,48.877715],[37.783342,48.877789],[37.783325,48.877848],[37.783275,48.878028],[37.783191,48.878338]],[[37.784606,48.878285],[37.784632,48.878285],[37.784632,48.878303],[37.784606,48.878303],[37.784606,48.878285]],[[37.784331,48.878211],[37.784353,48.878211],[37.784353,48.878226],[37.784331,48.878226],[37.784331,48.878211]],[[37.783954,48.878108],[37.783977,48.878108],[37.783977,48.878125],[37.783954,48.878125],[37.783954,48.878108]]]}},{"type":"Feature","properties":{"cadnum":"1424287900:01:000:0139"},"geometry":{"type":"Polygon","coordinates":[[[37.782548,48.879334],[37.787561,48.879375],[37.787562,48.879375],[37.787632,48.879375],[37.78761,48.879269],[37.78756,48.879036],[37.787529,48.878885],[37.782619,48.878843],[37.782574,48.879156],[37.782548,48.879334]]]}},{"type":"Feature","properties":{"cadnum":"1424287900:01:000:0142"},"geometry":{"type":"Polygon","coordinates":[[[37.783342,48.877789],[37.787193,48.877715],[37.787103,48.877484],[37.786977,48.877425],[37.786042,48.877],[37.783518,48.877048],[37.783342,48.877789]]]}},{"type":"Feature","properties":{"cadnum":"1424287900:05:000:0155"},"geometry":{"type":"Polygon","coordinates":[[[37.821481,48.831485],[37.822203,48.831869],[37.822532,48.832029],[37.826014,48.829432],[37.826148,48.829332],[37.825965,48.829226],[37.825402,48.828897],[37.82515,48.82875],[37.821481,48.831485]]]}},{"type":"Feature","properties":{"cadnum":"1424287900:07:000:0402"},"geometry":{"type":"Polygon","coordinates":[[[37.826368,48.799942],[37.827725,48.800409],[37.828462,48.799616],[37.831098,48.796784],[37.829647,48.79642],[37.826565,48.799729],[37.826368,48.799942]]]}},{"type":"Feature","properties":{"cadnum":"1424287900:05:000:0304"},"geometry":{"type":"Polygon","coordinates":[[[37.827725,48.800409],[37.828878,48.800806],[37.829121,48.800889],[37.8302,48.799729],[37.830738,48.799152],[37.830725,48.799152],[37.830734,48.799111],[37.830734,48.79911],[37.830774,48.799113],[37.831335,48.798511],[37.832521,48.797238],[37.832279,48.797155],[37.831448,48.796876],[37.831098,48.796784],[37.828356,48.799729],[37.828357,48.799729],[37.827725,48.800409]]]}},{"type":"Feature","properties":{"cadnum":"1424287900:05:000:0305"},"geometry":{"type":"Polygon","coordinates":[[[37.829121,48.800889],[37.829364,48.800971],[37.831106,48.801569],[37.831335,48.801323],[37.832923,48.799616],[37.833231,48.799284],[37.832782,48.798749],[37.832643,48.797448],[37.832625,48.797273],[37.832521,48.797238],[37.831507,48.798327],[37.830774,48.799113],[37.830801,48.799116],[37.830788,48.799157],[37.830738,48.799152],[37.830306,48.799616],[37.830305,48.799616],[37.829121,48.800889]]]}},{"type":"Feature","properties":{"cadnum":"1424287900:03:000:0162"},"geometry":{"type":"Polygon","coordinates":[[[37.832763,48.890628],[37.832867,48.890935],[37.833092,48.890876],[37.832975,48.890595],[37.832763,48.890628]]]}},{"type":"Feature","properties":{"cadnum":"1424287900:03:000:0185"},"geometry":{"type":"Polygon","coordinates":[[[37.831933,48.890584],[37.832036,48.890876],[37.832454,48.890799],[37.832391,48.890681],[37.83231,48.890519],[37.831933,48.890584]]]}},{"type":"Feature","properties":{"cadnum":"1424287900:03:000:0244"},"geometry":{"type":"Polygon","coordinates":[[[37.831214,48.891153],[37.831295,48.891275],[37.831335,48.891268],[37.831335,48.891269],[37.831385,48.89126],[37.831507,48.891213],[37.831578,48.891186],[37.831564,48.891071],[37.831335,48.891125],[37.831214,48.891153]]]}},{"type":"Feature","properties":{"cadnum":"1424287900:03:000:0231"},"geometry":{"type":"Polygon","coordinates":[[[37.833811,48.890218],[37.834058,48.890557],[37.834214,48.890492],[37.833964,48.890153],[37.833811,48.890218]]]}},{"type":"Feature","properties":{"cadnum":"1424287900:03:000:0161"},"geometry":{"type":"Polygon","coordinates":[[[37.832633,48.890649],[37.832737,48.890967],[37.832867,48.890935],[37.832763,48.890628],[37.832633,48.890649]]]}},{"type":"Feature","properties":{"cadnum":"1424287900:03:000:0028"},"geometry":{"type":"Polygon","coordinates":[[[37.833231,48.890445],[37.833429,48.89079],[37.833675,48.890717],[37.833482,48.89038],[37.833231,48.890445]]]}},{"type":"Feature","properties":{"cadnum":"1424287900:03:000:0249"},"geometry":{"type":"Polygon","coordinates":[[[37.834075,48.890209],[37.834201,48.890356],[37.834488,48.890268],[37.834398,48.890109],[37.834075,48.890209]]]}},{"type":"Feature","properties":{"cadnum":"1424287900:03:000:0243"},"geometry":{"type":"Polygon","coordinates":[[[37.830846,48.890531],[37.830909,48.89072],[37.831214,48.891153],[37.831507,48.891086],[37.831507,48.891085],[37.831564,48.891071],[37.831515,48.890681],[37.831511,48.890634],[37.831417,48.890634],[37.831327,48.89061],[37.831241,48.890545],[37.831161,48.89046],[37.830846,48.890531]]]}},{"type":"Feature","properties":{"cadnum":"1424287900:03:000:0188"},"geometry":{"type":"Polygon","coordinates":[[[37.830905,48.890486],[37.830909,48.890519],[37.831218,48.890448],[37.8313,48.890534],[37.831335,48.890559],[37.831385,48.890595],[37.831479,48.890622],[37.831507,48.890622],[37.831507,48.890621],[37.831568,48.890619],[37.831578,48.890669],[37.831664,48.890944],[37.831834,48.890914],[37.831748,48.890601],[37.831704,48.890448],[37.831631,48.890262],[37.831564,48.890153],[37.831412,48.890197],[37.831031,48.890345],[37.830918,48.890424],[37.830905,48.890486]]]}},{"type":"Feature","properties":{"cadnum":"1424287900:03:000:0013"},"geometry":{"type":"Polygon","coordinates":[[[37.832391,48.890681],[37.832549,48.890997],[37.832737,48.890967],[37.832629,48.890634],[37.832391,48.890681]]]}},{"type":"Feature","properties":{"cadnum":"1424287900:01:000:0124"},"geometry":{"type":"Polygon","coordinates":[[[37.8317,48.891089],[37.831708,48.891446],[37.832876,48.891243],[37.833842,48.890982],[37.835315,48.890527],[37.835046,48.890153],[37.834893,48.890206],[37.833675,48.890717],[37.833429,48.89079],[37.832737,48.890967],[37.832549,48.890997],[37.8317,48.891089]]]}},{"type":"Feature","properties":{"cadnum":"1424287900:01:000:0030"},"geometry":{"type":"Polygon","coordinates":[[[37.788818,48.874498],[37.789403,48.875139],[37.789304,48.875239],[37.792883,48.874885],[37.792776,48.874806],[37.792776,48.874805],[37.792717,48.874256],[37.791944,48.873254],[37.791577,48.873024],[37.79048,48.872687],[37.78999,48.872728],[37.788912,48.873328],[37.788818,48.874498]]]}},{"type":"Feature","properties":{"cadnum":"1424287900:01:000:0150"},"geometry":{"type":"Polygon","coordinates":[[[37.786973,48.873024],[37.787561,48.873037],[37.787561,48.873036],[37.787562,48.873036],[37.789367,48.873074],[37.78999,48.872728],[37.790197,48.872711],[37.79048,48.872687],[37.790606,48.872728],[37.791577,48.873024],[37.791944,48.873254],[37.792609,48.874114],[37.79251,48.873922],[37.79221,48.872673],[37.792227,48.872504],[37.79021,48.872463],[37.789816,48.872454],[37.788688,48.87243],[37.787988,48.872643],[37.787619,48.872767],[37.787562,48.87279],[37.787561,48.87279],[37.786973,48.873024]],[[37.790323,48.872651],[37.790323,48.872652],[37.790323,48.872666],[37.7903,48.872666],[37.7903,48.872652],[37.7903,48.872651],[37.790323,48.872651]]]}},{"type":"Feature","properties":{"cadnum":"1424287900:01:000:0158"},"geometry":{"type":"Polygon","coordinates":[[[37.792556,48.874013],[37.792573,48.87404],[37.792609,48.874114],[37.792717,48.874256],[37.792753,48.874578],[37.792776,48.874805],[37.792883,48.874885],[37.793055,48.87501],[37.79394,48.875656],[37.793941,48.875656],[37.794087,48.875763],[37.794235,48.875837],[37.794518,48.875975],[37.794887,48.875978],[37.795489,48.875984],[37.796607,48.875993],[37.795986,48.87575],[37.795108,48.875549],[37.794864,48.875494],[37.794571,48.875373],[37.794437,48.875316],[37.794343,48.875219],[37.794172,48.875045],[37.793575,48.874022],[37.793032,48.874016],[37.792757,48.874013],[37.792556,48.874013]],[[37.794743,48.875759],[37.794716,48.875759],[37.794716,48.875741],[37.794743,48.875741],[37.794743,48.875759]],[[37.794675,48.875588],[37.794675,48.87557],[37.794703,48.87557],[37.794703,48.875588],[37.794675,48.875588]],[[37.794365,48.875511],[37.794338,48.875511],[37.794338,48.875496],[37.794365,48.875496],[37.794365,48.875511]],[[37.794078,48.875171],[37.794078,48.875172],[37.794051,48.875172],[37.794051,48.875171],[37.794051,48.875154],[37.794078,48.875154],[37.794078,48.875171]],[[37.793898,48.875198],[37.793871,48.875198],[37.793871,48.87518],[37.793898,48.87518],[37.793898,48.875198]],[[37.793453,48.874758],[37.793432,48.874758],[37.793431,48.874758],[37.793431,48.87474],[37.793432,48.87474],[37.793453,48.874743],[37.793453,48.874758]],[[37.793323,48.874823],[37.793301,48.874823],[37.793301,48.874806],[37.793301,48.874805],[37.793323,48.874805],[37.793323,48.874806],[37.793323,48.874823]],[[37.792874,48.874537],[37.792874,48.874536],[37.792883,48.874534],[37.792883,48.874535],[37.79295,48.874515],[37.792959,48.87453],[37.792906,48.874545],[37.792923,48.874578],[37.792902,48.874584],[37.792874,48.874537]],[[37.792839,48.874327],[37.792839,48.874344],[37.792812,48.874344],[37.792812,48.874327],[37.792839,48.874327]]]}},{"type":"Feature","properties":{"cadnum":"1424287900:01:000:0148"},"geometry":{"type":"Polygon","coordinates":[[[37.785292,48.873848],[37.785296,48.874539],[37.78739,48.874582],[37.78742,48.874583],[37.787561,48.874586],[37.787562,48.874586],[37.788921,48.874613],[37.788818,48.874498],[37.788864,48.873922],[37.787423,48.873892],[37.785292,48.873848]]]}},{"type":"Feature","properties":{"cadnum":"1424287900:01:000:0159"},"geometry":{"type":"Polygon","coordinates":[[[37.79221,48.872673],[37.79251,48.873922],[37.792556,48.874013],[37.792757,48.874013],[37.792883,48.874015],[37.793032,48.874016],[37.793055,48.874017],[37.793055,48.874016],[37.793575,48.874022],[37.793709,48.873],[37.793944,48.872211],[37.793705,48.8722],[37.793265,48.872244],[37.793009,48.872312],[37.792986,48.872318],[37.792973,48.872344],[37.792735,48.872277],[37.792267,48.872141],[37.792227,48.872504],[37.79221,48.872673]],[[37.792906,48.873948],[37.792906,48.873963],[37.792883,48.873963],[37.792883,48.873948],[37.792906,48.873948]],[[37.792896,48.873177],[37.792896,48.873192],[37.79287,48.873192],[37.79287,48.873177],[37.792896,48.873177]],[[37.792896,48.873606],[37.792896,48.873623],[37.792896,48.873624],[37.792874,48.873624],[37.792874,48.873623],[37.792874,48.873606],[37.792896,48.873606]],[[37.792896,48.872708],[37.792892,48.872725],[37.792892,48.872726],[37.79287,48.872726],[37.79287,48.872725],[37.79287,48.872708],[37.792896,48.872708]]]}},{"type":"Feature","properties":{"cadnum":"1424287900:01:000:0147"},"geometry":{"type":"Polygon","coordinates":[[[37.785296,48.874539],[37.785296,48.874666],[37.785302,48.875169],[37.78739,48.875212],[37.787477,48.875214],[37.787561,48.875216],[37.78929,48.875251],[37.789304,48.875239],[37.789403,48.875139],[37.788921,48.874613],[37.78742,48.874583],[37.785296,48.874539]]]}},{"type":"Feature","properties":{"cadnum":"1424287900:01:000:0149"},"geometry":{"type":"Polygon","coordinates":[[[37.785202,48.873848],[37.785292,48.873848],[37.78739,48.873892],[37.787423,48.873892],[37.787561,48.873895],[37.788864,48.873922],[37.788912,48.873328],[37.789367,48.873074],[37.78739,48.873033],[37.786973,48.873024],[37.785499,48.87373],[37.785202,48.873848]]]}},{"type":"Feature","properties":{"cadnum":"1424287900:05:000:0437"},"geometry":{"type":"Polygon","coordinates":[[[37.850241,48.841403],[37.851216,48.841388],[37.851279,48.839597],[37.850308,48.839562],[37.850241,48.841403]]]}},{"type":"Feature","properties":{"cadnum":"1424287900:05:000:0319"},"geometry":{"type":"Polygon","coordinates":[[[37.848354,48.84143],[37.849292,48.841416],[37.84936,48.839526],[37.849176,48.839521],[37.848422,48.839556],[37.848354,48.84143]]]}},{"type":"Feature","properties":{"cadnum":"1424287900:05:000:0152"},"geometry":{"type":"Polygon","coordinates":[[[37.851552,48.845598],[37.853308,48.845607],[37.853394,48.845607],[37.853479,48.845537],[37.854045,48.845071],[37.854503,48.844079],[37.854629,48.843517],[37.854733,48.843049],[37.854822,48.842657],[37.853479,48.84265],[37.851592,48.842639],[37.851587,48.843017],[37.851552,48.845598]]]}},{"type":"Feature","properties":{"cadnum":"1424287900:05:000:0394"},"geometry":{"type":"Polygon","coordinates":[[[37.852221,48.841362],[37.853308,48.841319],[37.855833,48.84122],[37.858627,48.839875],[37.853308,48.839674],[37.853308,48.839675],[37.852284,48.839635],[37.852221,48.841362]]]}},{"type":"Feature","properties":{"cadnum":"1424287900:05:000:0151"},"geometry":{"type":"Polygon","coordinates":[[[37.849531,48.845586],[37.851552,48.845598],[37.851586,48.84313],[37.851592,48.842639],[37.851606,48.841462],[37.851242,48.841471],[37.849585,48.84151],[37.849565,48.843017],[37.849531,48.845586]]]}},{"type":"Feature","properties":{"cadnum":"1424287900:07:000:0178"},"geometry":{"type":"Polygon","coordinates":[[[37.851216,48.841388],[37.851755,48.841379],[37.852221,48.841362],[37.852284,48.839635],[37.851279,48.839597],[37.851216,48.841388]]]}},{"type":"Feature","properties":{"cadnum":"1424287900:05:000:0371"},"geometry":{"type":"Polygon","coordinates":[[[37.849292,48.841416],[37.849774,48.841416],[37.850241,48.841403],[37.850308,48.839562],[37.84936,48.839526],[37.849292,48.841416]]]}},{"type":"Feature","properties":{"cadnum":"1424287900:05:000:0150"},"geometry":{"type":"Polygon","coordinates":[[[37.847613,48.845575],[37.847814,48.845576],[37.847815,48.845576],[37.849531,48.845586],[37.849563,48.84313],[37.849585,48.84151],[37.849091,48.841522],[37.847986,48.841568],[37.847986,48.841567],[37.847667,48.841581],[37.847647,48.843017],[37.847613,48.845575]]]}},{"type":"Feature","properties":{"cadnum":"1424287900:05:000:0435"},"geometry":{"type":"Polygon","coordinates":[[[37.847401,48.841445],[37.847402,48.841445],[37.847434,48.841445],[37.847986,48.841436],[37.848354,48.84143],[37.848422,48.839556],[37.847905,48.83958],[37.847469,48.8396],[37.847401,48.841445]]]}},{"type":"Feature","properties":{"cadnum":"1424287900:05:000:0200"},"geometry":{"type":"Polygon","coordinates":[[[37.84591,48.825938],[37.845933,48.82662],[37.845937,48.82671],[37.847986,48.826676],[37.852338,48.826603],[37.852311,48.825831],[37.847986,48.825904],[37.847986,48.825903],[37.84591,48.825938]]]}},{"type":"Feature","properties":{"cadnum":"1424287900:05:000:0193"},"geometry":{"type":"Polygon","coordinates":[[[37.842776,48.826671],[37.84285,48.828667],[37.842866,48.829075],[37.843197,48.829167],[37.844715,48.8299],[37.844663,48.828554],[37.844591,48.826642],[37.842776,48.826671]]]}},{"type":"Feature","properties":{"cadnum":"1424287900:05:000:0199"},"geometry":{"type":"Polygon","coordinates":[[[37.845937,48.82671],[37.845969,48.827464],[37.847986,48.827432],[37.852365,48.82736],[37.852338,48.826603],[37.847815,48.826679],[37.847814,48.826679],[37.845937,48.82671]]]}},{"type":"Feature","properties":{"cadnum":"1424287900:05:000:0195"},"geometry":{"type":"Polygon","coordinates":[[[37.839146,48.826733],[37.840278,48.826712],[37.842493,48.826676],[37.842776,48.826671],[37.844591,48.826642],[37.845933,48.82662],[37.84591,48.825938],[37.845906,48.825884],[37.842321,48.825943],[37.83956,48.825988],[37.839146,48.826733]]]}},{"type":"Feature","properties":{"cadnum":"1424287900:05:000:0194"},"geometry":{"type":"Polygon","coordinates":[[[37.844591,48.826642],[37.844667,48.828667],[37.844715,48.8299],[37.84495,48.830012],[37.845287,48.830107],[37.84574,48.830435],[37.846086,48.830583],[37.846055,48.829732],[37.846023,48.828974],[37.846009,48.828609],[37.845996,48.82822],[37.845969,48.827464],[37.845937,48.82671],[37.845933,48.82662],[37.844591,48.826642]]]}},{"type":"Feature","properties":{"cadnum":"1424287900:05:000:0398"},"geometry":{"type":"Polygon","coordinates":[[[37.840278,48.826712],[37.840346,48.828554],[37.84035,48.828655],[37.840727,48.828643],[37.840868,48.828667],[37.842214,48.828895],[37.842321,48.828925],[37.842369,48.828938],[37.842493,48.828972],[37.842866,48.829075],[37.842846,48.828554],[37.842776,48.826671],[37.842321,48.826679],[37.840278,48.826712]]]}},{"type":"Feature","properties":{"cadnum":"1424287900:05:000:0197"},"geometry":{"type":"Polygon","coordinates":[[[37.845996,48.82822],[37.846007,48.828554],[37.846009,48.828609],[37.846011,48.828667],[37.846023,48.828974],[37.846055,48.829732],[37.846086,48.830583],[37.846427,48.830725],[37.846872,48.83076],[37.847438,48.830633],[37.847814,48.830531],[37.847815,48.830531],[37.847893,48.830509],[37.847986,48.830484],[37.849149,48.830166],[37.849944,48.830155],[37.851426,48.830423],[37.851983,48.83055],[37.852495,48.830672],[37.852413,48.828554],[37.852397,48.828114],[37.847815,48.82819],[37.847814,48.82819],[37.845996,48.82822]]]}},{"type":"Feature","properties":{"cadnum":"1424287900:05:000:0198"},"geometry":{"type":"Polygon","coordinates":[[[37.845969,48.827464],[37.845996,48.82822],[37.847986,48.828188],[37.847986,48.828187],[37.852397,48.828114],[37.852365,48.82736],[37.847815,48.827434],[37.847814,48.827434],[37.845969,48.827464]]]}},{"type":"Feature","properties":{"cadnum":"1424287900:01:000:0010"},"geometry":{"type":"Polygon","coordinates":[[[37.81729,48.893055],[37.817295,48.893077],[37.817312,48.893277],[37.817339,48.893525],[37.81845,48.893457],[37.819006,48.89346],[37.819393,48.893383],[37.819657,48.893466],[37.820182,48.893543],[37.820349,48.89357],[37.820451,48.893586],[37.82052,48.893598],[37.82052,48.893597],[37.820521,48.893597],[37.82083,48.893646],[37.821274,48.893617],[37.821431,48.893552],[37.821876,48.893537],[37.822335,48.893502],[37.823408,48.893348],[37.82436,48.893195],[37.824993,48.893038],[37.825842,48.8928],[37.825842,48.892801],[37.827333,48.892383],[37.827675,48.892414],[37.828438,48.892315],[37.828236,48.891901],[37.828159,48.891744],[37.828098,48.891608],[37.826979,48.891774],[37.826014,48.891973],[37.825739,48.892028],[37.82493,48.892182],[37.824316,48.892137],[37.823502,48.892302],[37.822267,48.892495],[37.822266,48.892495],[37.8218,48.892237],[37.82136,48.892311],[37.820897,48.892388],[37.820987,48.892565],[37.820844,48.892609],[37.820349,48.892725],[37.81919,48.892994],[37.818224,48.893017],[37.817439,48.892994],[37.81729,48.893055]]]}},{"type":"Feature","properties":{"cadnum":"1424287900:07:000:0148"},"geometry":{"type":"Polygon","coordinates":[[[37.838383,48.792988],[37.839124,48.793696],[37.839438,48.793562],[37.83986,48.793766],[37.83986,48.793767],[37.839851,48.793802],[37.842321,48.792711],[37.84239,48.79268],[37.842493,48.792635],[37.842826,48.792487],[37.843687,48.792106],[37.842659,48.791095],[37.842337,48.791238],[37.839759,48.792379],[37.838383,48.792988]]]}},{"type":"Feature","properties":{"cadnum":"1424287900:07:000:0145"},"geometry":{"type":"Polygon","coordinates":[[[37.841738,48.796187],[37.842493,48.796661],[37.842493,48.79666],[37.843103,48.797042],[37.844509,48.796477],[37.84582,48.796229],[37.846648,48.796122],[37.847285,48.79601],[37.847514,48.795882],[37.845937,48.794326],[37.842408,48.795891],[37.842167,48.795997],[37.842166,48.795997],[37.841931,48.796101],[37.841911,48.79611],[37.841738,48.796187]]]}},{"type":"Feature","properties":{"cadnum":"1424287900:07:000:0162"},"geometry":{"type":"Polygon","coordinates":[[[37.846292,48.794595],[37.847568,48.795852],[37.847986,48.795624],[37.847986,48.795623],[37.848592,48.79529],[37.849539,48.79477],[37.849392,48.794501],[37.851067,48.79385],[37.852015,48.793615],[37.850927,48.792545],[37.847986,48.793846],[37.846292,48.794595]]]}},{"type":"Feature","properties":{"cadnum":"1424287900:07:000:0255"},"geometry":{"type":"Polygon","coordinates":[[[37.845757,48.794069],[37.846292,48.794595],[37.847814,48.793922],[37.847815,48.793922],[37.850927,48.792545],[37.850758,48.792379],[37.850394,48.792018],[37.849322,48.792492],[37.84794,48.793104],[37.845757,48.794069]]]}},{"type":"Feature","properties":{"cadnum":"1424287900:07:000:0146"},"geometry":{"type":"Polygon","coordinates":[[[37.840319,48.795199],[37.840809,48.795586],[37.84097,48.795755],[37.841429,48.795997],[37.841428,48.795997],[37.841464,48.796016],[37.841465,48.796016],[37.841615,48.79611],[37.841738,48.796187],[37.841931,48.796101],[37.842321,48.795929],[37.842408,48.795891],[37.842493,48.795853],[37.845937,48.794326],[37.844805,48.793211],[37.842321,48.794312],[37.840319,48.795199]]]}},{"type":"Feature","properties":{"cadnum":"1424287900:07:000:0163"},"geometry":{"type":"Polygon","coordinates":[[[37.844155,48.792488],[37.844157,48.792492],[37.844158,48.792492],[37.845224,48.793542],[37.847738,48.79243],[37.847814,48.792396],[37.847815,48.792396],[37.847984,48.792321],[37.847986,48.79232],[37.849858,48.791491],[37.84879,48.790435],[37.847815,48.790867],[37.844402,48.792379],[37.844401,48.792379],[37.844155,48.792488]]]}},{"type":"Feature","properties":{"cadnum":"1424287900:07:000:0044"},"geometry":{"type":"Polygon","coordinates":[[[37.845084,48.797166],[37.845767,48.797808],[37.84592,48.798181],[37.846449,48.798784],[37.847986,48.798212],[37.84998,48.797468],[37.849832,48.797311],[37.850371,48.797093],[37.84929,48.795997],[37.848592,48.795291],[37.848592,48.79529],[37.847815,48.795717],[37.847568,48.795852],[37.847514,48.795882],[37.847307,48.795997],[37.847306,48.795997],[37.847285,48.79601],[37.847101,48.79611],[37.847101,48.796111],[37.845696,48.796882],[37.845722,48.796918],[37.845084,48.797166]]]}},{"type":"Feature","properties":{"cadnum":"1424287900:07:000:0164"},"geometry":{"type":"Polygon","coordinates":[[[37.843247,48.791592],[37.844043,48.792378],[37.844044,48.792378],[37.844044,48.792379],[37.844043,48.792379],[37.844153,48.792487],[37.844155,48.792488],[37.847986,48.790791],[37.84879,48.790435],[37.847883,48.789538],[37.843247,48.791592]]]}},{"type":"Feature","properties":{"cadnum":"1424287900:07:000:0254"},"geometry":{"type":"Polygon","coordinates":[[[37.845224,48.793542],[37.845757,48.794069],[37.847814,48.79316],[37.847815,48.79316],[37.84794,48.793104],[37.847986,48.793084],[37.849578,48.792379],[37.849578,48.792378],[37.850394,48.792018],[37.849858,48.791491],[37.847984,48.792321],[37.847854,48.792379],[37.847853,48.792379],[37.847738,48.79243],[37.847597,48.792492],[37.845224,48.793542]]]}},{"type":"Feature","properties":{"cadnum":"1424287900:07:000:0147"},"geometry":{"type":"Polygon","coordinates":[[[37.839582,48.794551],[37.840023,48.794962],[37.840319,48.795199],[37.842493,48.794236],[37.844805,48.793211],[37.843962,48.792379],[37.843961,48.792379],[37.843687,48.792106],[37.843071,48.792379],[37.84307,48.792379],[37.842826,48.792487],[37.842815,48.792492],[37.84239,48.79268],[37.839851,48.793802],[37.839704,48.794243],[37.839726,48.794465],[37.839582,48.794551]]]}},{"type":"Feature","properties":{"cadnum":"1424287900:07:000:0067"},"geometry":{"type":"Polygon","coordinates":[[[37.802445,48.807382],[37.802634,48.808198],[37.804041,48.808107],[37.804041,48.808106],[37.808846,48.807793],[37.808725,48.80697],[37.804041,48.807278],[37.802445,48.807382]]]}},{"type":"Feature","properties":{"cadnum":"1424287900:07:000:0068"},"geometry":{"type":"Polygon","coordinates":[[[37.802225,48.806509],[37.802311,48.806794],[37.802324,48.806852],[37.802323,48.806852],[37.802445,48.807382],[37.803869,48.807289],[37.808725,48.80697],[37.808709,48.806864],[37.80859,48.806092],[37.804041,48.806391],[37.802225,48.806509]]]}},{"type":"Feature","properties":{"cadnum":"1424287900:07:000:0065"},"geometry":{"type":"Polygon","coordinates":[[[37.802823,48.80902],[37.803178,48.810469],[37.803178,48.81047],[37.803177,48.81047],[37.803232,48.810692],[37.803869,48.81065],[37.803869,48.810651],[37.806452,48.81048],[37.809223,48.810298],[37.808972,48.808618],[37.804041,48.808941],[37.802823,48.80902]]]}},{"type":"Feature","properties":{"cadnum":"1424287900:07:000:0066"},"geometry":{"type":"Polygon","coordinates":[[[37.802634,48.808198],[37.802796,48.808912],[37.802823,48.80902],[37.803869,48.808952],[37.808972,48.808618],[37.808846,48.807793],[37.803869,48.808118],[37.802634,48.808198]]]}},{"type":"Feature","properties":{"cadnum":"1424287900:01:000:0039"},"geometry":{"type":"Polygon","coordinates":[[[37.800582,48.866684],[37.803869,48.867972],[37.804926,48.868385],[37.806879,48.86915],[37.807041,48.868959],[37.807378,48.868424],[37.807486,48.868373],[37.807548,48.868344],[37.804041,48.866971],[37.804041,48.86697],[37.801282,48.865889],[37.800582,48.866684]]]}},{"type":"Feature","properties":{"cadnum":"1424287900:01:000:0036"},"geometry":{"type":"Polygon","coordinates":[[[37.79874,48.869343],[37.804041,48.871418],[37.804386,48.871552],[37.804404,48.871538],[37.804741,48.870965],[37.804875,48.870764],[37.805024,48.870619],[37.804041,48.870235],[37.804041,48.870234],[37.799305,48.868379],[37.799141,48.868601],[37.799086,48.868705],[37.79874,48.869343]]]}},{"type":"Feature","properties":{"cadnum":"1424287900:01:000:0035"},"geometry":{"type":"Polygon","coordinates":[[[37.798183,48.870341],[37.798548,48.870485],[37.798548,48.870484],[37.802236,48.87193],[37.803573,48.872454],[37.80377,48.872306],[37.803869,48.872161],[37.80395,48.872043],[37.804014,48.871948],[37.804018,48.871942],[37.804041,48.871918],[37.804386,48.871552],[37.803869,48.87135],[37.803869,48.871351],[37.79874,48.869343],[37.79847,48.869836],[37.798183,48.870341]]]}},{"type":"Feature","properties":{"cadnum":"1424287900:01:000:0038"},"geometry":{"type":"Polygon","coordinates":[[[37.799953,48.867511],[37.802299,48.86843],[37.803869,48.869044],[37.80612,48.869925],[37.806242,48.869789],[37.806726,48.869328],[37.806879,48.86915],[37.805039,48.86843],[37.804926,48.868385],[37.80475,48.868317],[37.804041,48.868039],[37.800582,48.866684],[37.800519,48.866758],[37.80047,48.866822],[37.799953,48.867511]]]}},{"type":"Feature","properties":{"cadnum":"1424287900:01:000:0044"},"geometry":{"type":"Polygon","coordinates":[[[37.865742,48.871514],[37.86589,48.871702],[37.86607,48.87193],[37.866951,48.873038],[37.867871,48.872547],[37.869959,48.871937],[37.869959,48.871936],[37.87097,48.871641],[37.871169,48.870266],[37.871312,48.869596],[37.869826,48.870108],[37.865742,48.871514]]]}},{"type":"Feature","properties":{"cadnum":"1424287900:01:000:0161"},"geometry":{"type":"Polygon","coordinates":[[[37.867839,48.872524],[37.868773,48.873231],[37.868898,48.872516],[37.869298,48.872518],[37.86977,48.872439],[37.869787,48.872436],[37.869849,48.872426],[37.869959,48.872407],[37.870749,48.87227],[37.870836,48.87193],[37.870915,48.871626],[37.869959,48.871906],[37.869877,48.87193],[37.869874,48.87193],[37.867839,48.872524]]]}},{"type":"Feature","properties":{"cadnum":"1424287900:01:000:0045"},"geometry":{"type":"Polygon","coordinates":[[[37.864294,48.869745],[37.864466,48.869962],[37.865682,48.871499],[37.869787,48.870086],[37.869816,48.870076],[37.869959,48.870027],[37.871252,48.869582],[37.871477,48.868542],[37.870816,48.868408],[37.870196,48.868282],[37.869787,48.868383],[37.869787,48.868384],[37.869601,48.86843],[37.869602,48.86843],[37.864294,48.869745]]]}},{"type":"Feature","properties":{"cadnum":"1424287900:01:000:0046"},"geometry":{"type":"Polygon","coordinates":[[[37.861384,48.873242],[37.862642,48.874832],[37.864294,48.874293],[37.864833,48.874117],[37.86689,48.873024],[37.866111,48.872043],[37.865831,48.871688],[37.865139,48.87193],[37.865111,48.87194],[37.864816,48.872043],[37.864294,48.872225],[37.861384,48.873242]]]}},{"type":"Feature","properties":{"cadnum":"1424287900:05:000:0070"},"geometry":{"type":"Polygon","coordinates":[[[37.869667,48.838618],[37.869667,48.838619],[37.86977,48.839275],[37.869763,48.839401],[37.86972,48.840274],[37.869787,48.840276],[37.869787,48.840277],[37.869909,48.84028],[37.869959,48.840281],[37.870043,48.840283],[37.870259,48.839401],[37.870659,48.837776],[37.870022,48.837658],[37.869959,48.837828],[37.869667,48.838618]]]}},{"type":"Feature","properties":{"cadnum":"1424287900:05:000:0340"},"geometry":{"type":"Polygon","coordinates":[[[37.86871,48.839302],[37.86915,48.839289],[37.869519,48.837658],[37.869087,48.837637],[37.86871,48.839302]]]}},{"type":"Feature","properties":{"cadnum":"1424287900:05:000:0349"},"geometry":{"type":"Polygon","coordinates":[[[37.866487,48.839358],[37.866787,48.839348],[37.867165,48.83767],[37.866869,48.837678],[37.866487,48.839358]]]}},{"type":"Feature","properties":{"cadnum":"1424287900:05:000:0348"},"geometry":{"type":"Polygon","coordinates":[[[37.866204,48.839364],[37.866487,48.839358],[37.866869,48.837678],[37.866581,48.837685],[37.866204,48.839364]]]}},{"type":"Feature","properties":{"cadnum":"1424287900:05:000:0353"},"geometry":{"type":"Polygon","coordinates":[[[37.863104,48.842083],[37.864294,48.842098],[37.865561,48.842113],[37.866148,48.839505],[37.866181,48.839364],[37.865651,48.839379],[37.865544,48.839381],[37.865547,48.839401],[37.865559,48.839483],[37.865564,48.839514],[37.865564,48.839515],[37.865655,48.8401],[37.864873,48.840168],[37.864466,48.840202],[37.864277,48.840218],[37.863666,48.840268],[37.863508,48.840283],[37.863104,48.842083]]]}},{"type":"Feature","properties":{"cadnum":"1424287900:05:000:0316"},"geometry":{"type":"Polygon","coordinates":[[[37.864873,48.840168],[37.865655,48.8401],[37.865559,48.839483],[37.865544,48.839381],[37.865651,48.839379],[37.866015,48.837761],[37.865386,48.837897],[37.865045,48.839401],[37.865036,48.839444],[37.86502,48.839514],[37.86502,48.839515],[37.864873,48.840168]]]}},{"type":"Feature","properties":{"cadnum":"1424287900:05:000:0350"},"geometry":{"type":"Polygon","coordinates":[[[37.866787,48.839348],[37.867116,48.83934],[37.867493,48.837663],[37.867165,48.83767],[37.866787,48.839348]]]}},{"type":"Feature","properties":{"cadnum":"1424287900:05:000:0325"},"geometry":{"type":"Polygon","coordinates":[[[37.867865,48.839322],[37.868022,48.839319],[37.868269,48.839313],[37.868651,48.837637],[37.868242,48.837646],[37.867865,48.839322]]]}},{"type":"Feature","properties":{"cadnum":"1424287900:05:000:0424"},"geometry":{"type":"Polygon","coordinates":[[[37.867389,48.842137],[37.869101,48.842157],[37.869644,48.840475],[37.869689,48.839517],[37.86969,48.839509],[37.869697,48.839278],[37.86915,48.839289],[37.86871,48.839302],[37.868269,48.839313],[37.868028,48.839319],[37.868009,48.839401],[37.867389,48.842137]]]}},{"type":"Feature","properties":{"cadnum":"1424287900:05:000:0436"},"geometry":{"type":"Polygon","coordinates":[[[37.865561,48.842113],[37.867389,48.842137],[37.867983,48.839515],[37.867983,48.839514],[37.868028,48.839319],[37.867865,48.839322],[37.867475,48.839331],[37.867116,48.83934],[37.866787,48.839348],[37.866487,48.839358],[37.866204,48.839364],[37.866181,48.839364],[37.866172,48.839401],[37.866148,48.839505],[37.866146,48.839514],[37.866146,48.839515],[37.865561,48.842113]]]}},{"type":"Feature","properties":{"cadnum":"1424287900:05:000:0385"},"geometry":{"type":"Polygon","coordinates":[[[37.867116,48.83934],[37.867475,48.839331],[37.867856,48.837655],[37.867493,48.837663],[37.867116,48.83934]]]}},{"type":"Feature","properties":{"cadnum":"1424287900:05:000:0415"},"geometry":{"type":"Polygon","coordinates":[[[37.865651,48.839379],[37.866181,48.839364],[37.866204,48.839364],[37.866581,48.837685],[37.866343,48.837691],[37.866015,48.837761],[37.865651,48.839379]]]}},{"type":"Feature","properties":{"cadnum":"1424287900:05:000:0347"},"geometry":{"type":"Polygon","coordinates":[[[37.86915,48.839289],[37.869697,48.839278],[37.869599,48.838616],[37.869787,48.838109],[37.869945,48.837682],[37.869519,48.837658],[37.86915,48.839289]]]}},{"type":"Feature","properties":{"cadnum":"1424287900:05:000:0386"},"geometry":{"type":"Polygon","coordinates":[[[37.863666,48.840268],[37.864277,48.840218],[37.864294,48.840141],[37.864444,48.839476],[37.864466,48.839379],[37.864466,48.839378],[37.864766,48.838045],[37.864334,48.838246],[37.864097,48.838355],[37.863861,48.839401],[37.863859,48.839411],[37.863835,48.839514],[37.863835,48.839515],[37.863666,48.840268]]]}},{"type":"Feature","properties":{"cadnum":"1424287900:05:000:0326"},"geometry":{"type":"Polygon","coordinates":[[[37.867475,48.839331],[37.867865,48.839322],[37.868242,48.837646],[37.867856,48.837655],[37.867475,48.839331]]]}},{"type":"Feature","properties":{"cadnum":"1424287900:05:000:0375"},"geometry":{"type":"Polygon","coordinates":[[[37.868269,48.839313],[37.86871,48.839302],[37.869087,48.837637],[37.868953,48.837628],[37.868651,48.837637],[37.868269,48.839313]]]}},{"type":"Feature","properties":{"cadnum":"1424287900:05:000:0096"},"geometry":{"type":"Polygon","coordinates":[[[37.819446,48.851246],[37.82052,48.851312],[37.82052,48.851311],[37.820521,48.851311],[37.825096,48.851586],[37.824966,48.850688],[37.825047,48.850682],[37.825043,48.850504],[37.822641,48.85036],[37.822627,48.850359],[37.820766,48.850247],[37.82076,48.850247],[37.820349,48.850222],[37.819595,48.850176],[37.819585,48.850247],[37.819584,48.850247],[37.819577,48.850298],[37.819568,48.85036],[37.819569,48.85036],[37.819446,48.851246]]]}},{"type":"Feature","properties":{"cadnum":"1424287900:05:000:0097"},"geometry":{"type":"Polygon","coordinates":[[[37.819595,48.850176],[37.82052,48.850233],[37.82052,48.850232],[37.820521,48.850232],[37.822627,48.850359],[37.825043,48.850504],[37.825037,48.850247],[37.825036,48.850247],[37.82502,48.849378],[37.825016,48.849361],[37.820349,48.849081],[37.819752,48.849045],[37.819595,48.850176]]]}},{"type":"Feature","properties":{"cadnum":"1424287900:05:000:0094"},"geometry":{"type":"Polygon","coordinates":[[[37.81919,48.8531],[37.820349,48.85317],[37.825371,48.853472],[37.82524,48.852585],[37.820349,48.85229],[37.820349,48.852291],[37.819312,48.852228],[37.81919,48.8531]]]}},{"type":"Feature","properties":{"cadnum":"1424287900:05:000:0093"},"geometry":{"type":"Polygon","coordinates":[[[37.819083,48.853897],[37.82052,48.853984],[37.820521,48.853984],[37.825299,48.85427],[37.825339,48.853871],[37.820349,48.853572],[37.819136,48.853498],[37.819088,48.853861],[37.819087,48.853861],[37.819083,48.853897]]]}},{"type":"Feature","properties":{"cadnum":"1424287900:05:000:0117"},"geometry":{"type":"Polygon","coordinates":[[[37.825088,48.849459],[37.825105,48.850247],[37.825104,48.850247],[37.825106,48.850329],[37.825107,48.85036],[37.825115,48.850679],[37.825348,48.852301],[37.825842,48.852304],[37.825842,48.852305],[37.828677,48.852322],[37.828705,48.85036],[37.828708,48.850212],[37.828606,48.850247],[37.828605,48.850247],[37.828304,48.850348],[37.828298,48.85035],[37.828263,48.85036],[37.827599,48.850543],[37.826744,48.850596],[37.826031,48.850339],[37.826014,48.850326],[37.825991,48.850309],[37.825908,48.850247],[37.825907,48.850247],[37.825861,48.850212],[37.825088,48.849459]]]}},{"type":"Feature","properties":{"cadnum":"1424287900:05:000:0095"},"geometry":{"type":"Polygon","coordinates":[[[37.819312,48.852228],[37.82052,48.852301],[37.820521,48.852301],[37.82524,48.852585],[37.825096,48.851586],[37.820349,48.851301],[37.819446,48.851246],[37.819312,48.852228]]]}},{"type":"Feature","properties":{"cadnum":"1424287900:05:000:0115"},"geometry":{"type":"Polygon","coordinates":[[[37.825448,48.854272],[37.825842,48.854274],[37.825842,48.854275],[37.826794,48.854279],[37.826807,48.854267],[37.826808,48.854267],[37.826943,48.854228],[37.82709,48.854228],[37.827226,48.85427],[37.827239,48.854281],[37.831362,48.854302],[37.831362,48.854226],[37.831365,48.85395],[37.831371,48.853525],[37.831371,48.853457],[37.826014,48.853425],[37.825515,48.853422],[37.825528,48.853516],[37.825491,48.853861],[37.825486,48.853903],[37.825478,48.853974],[37.825479,48.853974],[37.825448,48.854272]]]}},{"type":"Feature","properties":{"cadnum":"1424287900:05:000:0116"},"geometry":{"type":"Polygon","coordinates":[[[37.825348,48.852301],[37.825515,48.853422],[37.825842,48.853424],[37.831371,48.853457],[37.831385,48.852337],[37.828677,48.852322],[37.826014,48.852306],[37.826014,48.852305],[37.825348,48.852301]]]}},{"type":"Feature","properties":{"cadnum":"1424287900:05:000:0019"},"geometry":{"type":"Polygon","coordinates":[[[37.868508,48.805077],[37.869487,48.806071],[37.869787,48.805886],[37.869959,48.80578],[37.869959,48.805779],[37.873896,48.803347],[37.87441,48.80303],[37.873391,48.802063],[37.871309,48.803347],[37.87131,48.803347],[37.869868,48.804238],[37.868508,48.805077]]]}},{"type":"Feature","properties":{"cadnum":"1424287900:05:000:0433"},"geometry":{"type":"Polygon","coordinates":[[[37.863374,48.809769],[37.863728,48.809949],[37.863864,48.810041],[37.864466,48.809694],[37.869199,48.806961],[37.869829,48.806597],[37.868647,48.805391],[37.866117,48.806852],[37.866062,48.806883],[37.865921,48.806965],[37.864294,48.807905],[37.864133,48.807997],[37.864537,48.808263],[37.864533,48.808408],[37.86442,48.808576],[37.864246,48.808837],[37.863374,48.809769]]]}},{"type":"Feature","properties":{"cadnum":"1424287900:05:000:0230"},"geometry":{"type":"Polygon","coordinates":[[[37.864915,48.804834],[37.866613,48.806503],[37.868567,48.805376],[37.867299,48.804134],[37.866751,48.804533],[37.866141,48.803939],[37.864915,48.804834]]]}},{"type":"Feature","properties":{"cadnum":"1424287900:05:000:0229"},"geometry":{"type":"Polygon","coordinates":[[[37.859327,48.807033],[37.860401,48.807906],[37.86107,48.80848],[37.861969,48.808281],[37.862588,48.808101],[37.864101,48.807952],[37.864466,48.807742],[37.865812,48.806965],[37.866613,48.806503],[37.864915,48.804834],[37.864573,48.805086],[37.864294,48.80519],[37.859814,48.806852],[37.859813,48.806852],[37.859664,48.806908],[37.859509,48.806965],[37.859327,48.807033]]]}},{"type":"Feature","properties":{"cadnum":"1424287900:05:000:0399"},"geometry":{"type":"Polygon","coordinates":[[[37.869487,48.806071],[37.869959,48.806563],[37.870236,48.806852],[37.870266,48.806882],[37.870345,48.806965],[37.870439,48.807062],[37.870596,48.806965],[37.87528,48.804073],[37.875416,48.803989],[37.874623,48.803234],[37.87441,48.80303],[37.87408,48.803234],[37.874079,48.803234],[37.869787,48.805886],[37.869487,48.806071]]]}},{"type":"Feature","properties":{"cadnum":"1424287900:07:000:0080"},"geometry":{"type":"Polygon","coordinates":[[[37.808609,48.805772],[37.80877,48.806852],[37.808877,48.807557],[37.809362,48.807525],[37.81089,48.807423],[37.810877,48.807355],[37.810961,48.807195],[37.811133,48.807068],[37.811424,48.806983],[37.811636,48.806985],[37.811842,48.807044],[37.812031,48.807202],[37.812102,48.807343],[37.814815,48.807166],[37.814776,48.806894],[37.814748,48.806698],[37.812452,48.806393],[37.81248,48.806314],[37.809534,48.805902],[37.808609,48.805772]]]}},{"type":"Feature","properties":{"cadnum":"1424287900:07:000:0069"},"geometry":{"type":"Polygon","coordinates":[[[37.801682,48.804921],[37.801825,48.805213],[37.802225,48.806509],[37.803869,48.806402],[37.80859,48.806092],[37.808546,48.805764],[37.805428,48.805329],[37.805401,48.805408],[37.805401,48.805409],[37.803869,48.805208],[37.801682,48.804921]]]}},{"type":"Feature","properties":{"cadnum":"1424287900:07:000:0308"},"geometry":{"type":"Polygon","coordinates":[[[37.806079,48.804465],[37.807378,48.804678],[37.809282,48.80493],[37.809362,48.804939],[37.809362,48.80494],[37.809456,48.80495],[37.809534,48.804959],[37.809672,48.804974],[37.809775,48.80453],[37.809362,48.804465],[37.809362,48.804466],[37.80802,48.804255],[37.806187,48.803998],[37.806079,48.804465]]]}},{"type":"Feature","properties":{"cadnum":"1424287900:07:000:0310"},"geometry":{"type":"Polygon","coordinates":[[[37.801489,48.803948],[37.801538,48.804216],[37.801942,48.804169],[37.802487,48.804152],[37.803529,48.804228],[37.804041,48.804254],[37.804611,48.804281],[37.805724,48.804409],[37.806079,48.804465],[37.806187,48.803998],[37.80589,48.803956],[37.805944,48.80379],[37.804041,48.803862],[37.802957,48.803903],[37.802648,48.803911],[37.801489,48.803948]]]}},{"type":"Feature","properties":{"cadnum":"1424287900:07:000:0249"},"geometry":{"type":"Polygon","coordinates":[[[37.801538,48.804216],[37.801592,48.80453],[37.804041,48.80488],[37.805487,48.805086],[37.809362,48.805677],[37.809362,48.805678],[37.810028,48.805779],[37.811244,48.80595],[37.811483,48.805222],[37.810396,48.805053],[37.809672,48.804974],[37.809456,48.80495],[37.809282,48.80493],[37.807378,48.804678],[37.806079,48.804465],[37.805724,48.804409],[37.804611,48.804281],[37.803869,48.804245],[37.803869,48.804246],[37.803529,48.804228],[37.802487,48.804152],[37.801942,48.804169],[37.801538,48.804216]]]}},{"type":"Feature","properties":{"cadnum":"1424287900:07:000:0224"},"geometry":{"type":"Polygon","coordinates":[[[37.819639,48.823185],[37.819761,48.823368],[37.820349,48.823788],[37.820411,48.823833],[37.82052,48.823911],[37.820521,48.823911],[37.82087,48.824161],[37.821387,48.824524],[37.823641,48.823229],[37.823201,48.822865],[37.82185,48.821754],[37.822249,48.821691],[37.821823,48.82136],[37.821726,48.821434],[37.821727,48.821434],[37.82132,48.82175],[37.82148,48.821343],[37.82149,48.821318],[37.822069,48.820899],[37.822729,48.820301],[37.821727,48.820141],[37.821975,48.82073],[37.821413,48.821321],[37.821412,48.821321],[37.820349,48.82244],[37.819639,48.823185]]]}},{"type":"Feature","properties":{"cadnum":"1424287900:06:000:0165"},"geometry":{"type":"Polygon","coordinates":[[[37.825798,48.818931],[37.825828,48.819346],[37.825842,48.819345],[37.825842,48.819346],[37.825941,48.81934],[37.826014,48.819337],[37.826014,48.819336],[37.826054,48.819334],[37.826184,48.820023],[37.826408,48.819935],[37.826291,48.819278],[37.826201,48.81863],[37.826018,48.818618],[37.825918,48.818931],[37.825798,48.818931]]]}},{"type":"Feature","properties":{"cadnum":"1424287900:06:000:0083"},"geometry":{"type":"Polygon","coordinates":[[[37.821387,48.819461],[37.822039,48.819686],[37.822079,48.819698],[37.822375,48.819334],[37.821656,48.819136],[37.821387,48.819461]]]}},{"type":"Feature","properties":{"cadnum":"1424287900:06:000:0084"},"geometry":{"type":"Polygon","coordinates":[[[37.822079,48.819698],[37.822869,48.819926],[37.82317,48.819553],[37.822375,48.819334],[37.822079,48.819698]]]}},{"type":"Feature","properties":{"cadnum":"1424287900:07:000:0228"},"geometry":{"type":"Polygon","coordinates":[[[37.817762,48.818941],[37.818494,48.819704],[37.819693,48.820952],[37.820153,48.821434],[37.820154,48.821434],[37.82052,48.821818],[37.820521,48.821818],[37.820691,48.821996],[37.820775,48.821904],[37.821329,48.821321],[37.821328,48.821321],[37.821899,48.820721],[37.821666,48.820154],[37.821121,48.819736],[37.821005,48.819591],[37.821949,48.81832],[37.821912,48.817942],[37.821184,48.81819],[37.820349,48.818373],[37.820349,48.818374],[37.817762,48.818941]]]}},{"type":"Feature","properties":{"cadnum":"1424287900:07:000:0241"},"geometry":{"type":"Polygon","coordinates":[[[37.821849,48.821754],[37.823201,48.822865],[37.823641,48.823229],[37.824419,48.822776],[37.825842,48.821987],[37.825951,48.821926],[37.826014,48.821891],[37.82704,48.821321],[37.829341,48.820044],[37.830257,48.819603],[37.831079,48.819255],[37.831111,48.819248],[37.831031,48.81905],[37.830756,48.818778],[37.830671,48.818713],[37.830213,48.818361],[37.826014,48.820403],[37.824463,48.821156],[37.824729,48.821271],[37.824729,48.821272],[37.824753,48.821321],[37.824769,48.821353],[37.824809,48.821434],[37.82481,48.821434],[37.824813,48.82144],[37.82467,48.821535],[37.824513,48.821428],[37.824513,48.821427],[37.824459,48.821274],[37.824247,48.821129],[37.823947,48.820893],[37.822442,48.821321],[37.822357,48.821345],[37.822045,48.821434],[37.821953,48.82146],[37.822249,48.821691],[37.821849,48.821754]],[[37.829759,48.819536],[37.82988,48.819648],[37.82984,48.819671],[37.829723,48.819562],[37.829759,48.819536]],[[37.827194,48.820949],[37.82732,48.821061],[37.827276,48.821085],[37.827275,48.821085],[37.827159,48.820972],[37.827194,48.820949]],[[37.824562,48.822605],[37.824522,48.822629],[37.8244,48.822517],[37.8244,48.822516],[37.82444,48.822493],[37.824441,48.822493],[37.824562,48.822605]]]}},{"type":"Feature","properties":{"cadnum":"1424287900:07:000:0268"},"geometry":{"type":"Polygon","coordinates":[[[37.821823,48.82136],[37.821918,48.821434],[37.822249,48.821691],[37.823448,48.821502],[37.823256,48.821355],[37.82268,48.820913],[37.822258,48.82102],[37.821872,48.821321],[37.821823,48.821359],[37.821823,48.82136]]]}},{"type":"Feature","properties":{"cadnum":"1424287900:06:000:0164"},"geometry":{"type":"Polygon","coordinates":[[[37.825555,48.818403],[37.825792,48.81887],[37.825798,48.818931],[37.825918,48.818931],[37.826014,48.818631],[37.826018,48.818618],[37.826201,48.81863],[37.826193,48.818479],[37.826144,48.818056],[37.826062,48.818131],[37.826031,48.81824],[37.825977,48.818231],[37.825847,48.818169],[37.825555,48.818403]]]}},{"type":"Feature","properties":{"cadnum":"1424287900:07:000:0285"},"geometry":{"type":"Polygon","coordinates":[[[37.814182,48.817574],[37.814267,48.817646],[37.814337,48.817704],[37.814363,48.817726],[37.814472,48.817817],[37.814636,48.817953],[37.814856,48.818022],[37.814856,48.818023],[37.816882,48.81866],[37.817762,48.818941],[37.82052,48.818336],[37.821184,48.81819],[37.820601,48.818133],[37.820401,48.81802],[37.820089,48.817841],[37.818827,48.81816],[37.818418,48.818245],[37.817601,48.818296],[37.817296,48.817817],[37.816806,48.817045],[37.814897,48.81743],[37.814366,48.817536],[37.814182,48.817574]]]}},{"type":"Feature","properties":{"cadnum":"1424287900:07:000:0053"},"geometry":{"type":"Polygon","coordinates":[[[37.809368,48.774228],[37.809539,48.774394],[37.809541,48.774394],[37.809542,48.774394],[37.811366,48.776152],[37.813001,48.775465],[37.811913,48.774394],[37.810783,48.773281],[37.810198,48.772787],[37.810198,48.772786],[37.810297,48.77268],[37.809825,48.772396],[37.809641,48.773589],[37.809368,48.774228]]]}},{"type":"Feature","properties":{"cadnum":"1424287900:07:000:0184"},"geometry":{"type":"Polygon","coordinates":[[[37.807305,48.777146],[37.807817,48.777638],[37.809362,48.776991],[37.809362,48.776992],[37.811366,48.776152],[37.809424,48.774281],[37.809423,48.774281],[37.809368,48.774228],[37.809344,48.774281],[37.809066,48.774909],[37.808024,48.776277],[37.807305,48.777146]]]}},{"type":"Feature","properties":{"cadnum":"1424287900:07:000:0137"},"geometry":{"type":"Polygon","coordinates":[[[37.822446,48.787875],[37.823456,48.788873],[37.823457,48.788873],[37.825631,48.791018],[37.825842,48.790898],[37.825842,48.790899],[37.825855,48.790891],[37.826008,48.790651],[37.826014,48.790639],[37.826014,48.790638],[37.826098,48.790435],[37.826314,48.790275],[37.826444,48.790257],[37.826014,48.789734],[37.826014,48.789733],[37.825306,48.788873],[37.825307,48.788873],[37.823934,48.7872],[37.822446,48.787875]]]}},{"type":"Feature","properties":{"cadnum":"1424287900:07:000:0136"},"geometry":{"type":"Polygon","coordinates":[[[37.821211,48.788437],[37.821538,48.788759],[37.821538,48.78876],[37.821537,48.78876],[37.824377,48.791562],[37.824562,48.791435],[37.824563,48.791435],[37.825218,48.791249],[37.825631,48.791018],[37.823342,48.78876],[37.822446,48.787875],[37.821211,48.788437]]]}},{"type":"Feature","properties":{"cadnum":"1424287900:07:000:0138"},"geometry":{"type":"Polygon","coordinates":[[[37.823934,48.7872],[37.825214,48.788759],[37.825214,48.78876],[37.825213,48.78876],[37.825842,48.789524],[37.825842,48.789525],[37.826444,48.790257],[37.826593,48.790237],[37.826813,48.790334],[37.826947,48.790509],[37.827056,48.790707],[37.828268,48.790156],[37.826853,48.78876],[37.825842,48.787761],[37.824849,48.78678],[37.823934,48.7872]]]}},{"type":"Feature","properties":{"cadnum":"1424287900:07:000:0043"},"geometry":{"type":"Polygon","coordinates":[[[37.818584,48.787994],[37.819366,48.788745],[37.82052,48.788262],[37.824773,48.786478],[37.823997,48.785724],[37.820521,48.787182],[37.82052,48.787182],[37.82052,48.787181],[37.818584,48.787994]]]}},{"type":"Feature","properties":{"cadnum":"1424287900:07:000:0139"},"geometry":{"type":"Polygon","coordinates":[[[37.824849,48.78678],[37.825842,48.787761],[37.826014,48.787931],[37.826967,48.788873],[37.826968,48.788873],[37.828268,48.790156],[37.82939,48.789648],[37.828491,48.78876],[37.82849,48.78876],[37.825972,48.786271],[37.824849,48.78678]]]}},{"type":"Feature","properties":{"cadnum":"1424287900:07:000:0135"},"geometry":{"type":"Polygon","coordinates":[[[37.819616,48.78916],[37.820349,48.78975],[37.821903,48.791],[37.823987,48.791828],[37.824377,48.791562],[37.821652,48.788873],[37.821211,48.788437],[37.820499,48.78876],[37.820491,48.788763],[37.820349,48.788828],[37.820262,48.788867],[37.82025,48.788873],[37.820249,48.788873],[37.819616,48.78916]]]}},{"type":"Feature","properties":{"cadnum":"1424287900:07:000:0253"},"geometry":{"type":"Polygon","coordinates":[[[37.818647,48.756376],[37.82052,48.758565],[37.820521,48.758565],[37.821161,48.759313],[37.823594,48.756177],[37.82428,48.755295],[37.824073,48.755046],[37.823934,48.75488],[37.823632,48.754981],[37.822798,48.753874],[37.820362,48.755342],[37.818977,48.756177],[37.818897,48.756225],[37.818789,48.75629],[37.818647,48.756376]]]}},{"type":"Feature","properties":{"cadnum":"1424287900:07:000:0263"},"geometry":{"type":"Polygon","coordinates":[[[37.816953,48.753648],[37.819033,48.75608],[37.820349,48.755288],[37.820942,48.75493],[37.820356,48.754246],[37.818966,48.752621],[37.818857,48.752494],[37.818755,48.752555],[37.818755,48.752556],[37.818754,48.752556],[37.818662,48.752611],[37.818566,48.752669],[37.818018,48.753],[37.816953,48.753648]]]}},{"type":"Feature","properties":{"cadnum":"1424287900:05:000:0402"},"geometry":{"type":"Polygon","coordinates":[[[37.873548,48.832667],[37.87528,48.833051],[37.878138,48.833684],[37.878205,48.833359],[37.875452,48.83275],[37.873597,48.83234],[37.873548,48.832667]]]}},{"type":"Feature","properties":{"cadnum":"1424287900:05:000:0242"},"geometry":{"type":"Polygon","coordinates":[[[37.873481,48.833545],[37.875452,48.833979],[37.876301,48.834165],[37.877236,48.834233],[37.878048,48.834408],[37.878197,48.833698],[37.875452,48.833091],[37.873607,48.832681],[37.873553,48.833039],[37.873481,48.833545]]]}},{"type":"Feature","properties":{"cadnum":"1424287900:05:000:0241"},"geometry":{"type":"Polygon","coordinates":[[[37.873228,48.83487],[37.875452,48.835224],[37.875452,48.835223],[37.876229,48.835346],[37.876278,48.834503],[37.876242,48.834152],[37.87528,48.83394],[37.873422,48.83353],[37.873228,48.83487]]]}},{"type":"Feature","properties":{"cadnum":"1424287900:05:000:0223"},"geometry":{"type":"Polygon","coordinates":[[[37.870668,48.834465],[37.870924,48.835169],[37.870945,48.835786],[37.870955,48.836097],[37.873515,48.836561],[37.874832,48.836795],[37.87528,48.83688],[37.876129,48.83704],[37.876199,48.835837],[37.876229,48.835346],[37.87528,48.835196],[37.873228,48.83487],[37.870668,48.834465]]]}},{"type":"Feature","properties":{"cadnum":"1424287900:05:000:0118"},"geometry":{"type":"Polygon","coordinates":[[[37.828677,48.852322],[37.831385,48.852337],[37.831394,48.851982],[37.831403,48.851045],[37.831412,48.85036],[37.831413,48.85036],[37.831425,48.849378],[37.831165,48.849459],[37.83023,48.849704],[37.828708,48.850212],[37.828707,48.850247],[37.828677,48.852322]]]}},{"type":"Feature","properties":{"cadnum":"1424287900:05:000:0124"},"geometry":{"type":"Polygon","coordinates":[[[37.831403,48.851045],[37.831507,48.851046],[37.834574,48.851063],[37.834583,48.85036],[37.834601,48.849219],[37.83461,48.84832],[37.834143,48.848471],[37.833325,48.848802],[37.831425,48.849378],[37.831413,48.850247],[37.831412,48.850353],[37.831412,48.85036],[37.831403,48.851045]]]}},{"type":"Feature","properties":{"cadnum":"1424287900:01:000:0223"},"geometry":{"type":"Polygon","coordinates":[[[37.780499,48.863147],[37.781897,48.863779],[37.784189,48.864816],[37.784484,48.864949],[37.785256,48.864703],[37.78726,48.864065],[37.78739,48.864024],[37.78739,48.864025],[37.78756,48.863971],[37.787561,48.863971],[37.787561,48.86397],[37.792479,48.862408],[37.7896,48.862547],[37.787879,48.862645],[37.787602,48.862663],[37.787413,48.862674],[37.785256,48.862795],[37.781897,48.863044],[37.781896,48.863044],[37.780499,48.863147]]]}},{"type":"Feature","properties":{"cadnum":"1424287900:01:000:0222"},"geometry":{"type":"Polygon","coordinates":[[[37.78482,48.865061],[37.785495,48.865478],[37.786959,48.865322],[37.787242,48.865292],[37.78739,48.865276],[37.7874,48.865275],[37.787561,48.865257],[37.787562,48.865257],[37.787911,48.865218],[37.788726,48.864816],[37.788727,48.864816],[37.789074,48.864645],[37.789434,48.86422],[37.789932,48.863844],[37.789717,48.863525],[37.787497,48.864222],[37.787201,48.864314],[37.785961,48.864703],[37.78596,48.864703],[37.78561,48.864813],[37.785601,48.864816],[37.78482,48.865061]]]}},{"type":"Feature","properties":{"cadnum":"1424287900:05:000:0365"},"geometry":{"type":"Polygon","coordinates":[[[37.888041,48.819295],[37.888522,48.819568],[37.889039,48.820263],[37.889192,48.820408],[37.891932,48.819102],[37.891932,48.819101],[37.894714,48.817774],[37.894878,48.817696],[37.894681,48.817512],[37.893804,48.816829],[37.893639,48.816628],[37.89176,48.817523],[37.89138,48.817704],[37.891379,48.817704],[37.891221,48.817779],[37.891142,48.817817],[37.888041,48.819295]]]}},{"type":"Feature","properties":{"cadnum":"1424287900:05:000:0361"},"geometry":{"type":"Polygon","coordinates":[[[37.886699,48.818447],[37.886937,48.818675],[37.888041,48.819295],[37.891221,48.817779],[37.891932,48.817442],[37.891932,48.817441],[37.893639,48.816628],[37.892754,48.815557],[37.891972,48.815933],[37.891863,48.815985],[37.889102,48.817302],[37.888257,48.817704],[37.888125,48.817767],[37.88802,48.817817],[37.888019,48.817817],[37.886699,48.818447]]]}},{"type":"Feature","properties":{"cadnum":"1424287900:05:000:0320"},"geometry":{"type":"Polygon","coordinates":[[[37.885985,48.816122],[37.8862,48.816705],[37.886438,48.817023],[37.886439,48.817023],[37.886716,48.817391],[37.886716,48.817392],[37.88661,48.817704],[37.886609,48.817704],[37.886442,48.818196],[37.886699,48.818447],[37.888125,48.817767],[37.889102,48.817302],[37.886941,48.815569],[37.886771,48.815661],[37.886272,48.815954],[37.885985,48.816122]]]}},{"type":"Feature","properties":{"cadnum":"1424287900:06:000:0172"},"geometry":{"type":"Polygon","coordinates":[[[37.82847,48.816528],[37.828681,48.816983],[37.829,48.816927],[37.828739,48.816465],[37.82847,48.816528]]]}},{"type":"Feature","properties":{"cadnum":"1424287900:06:000:0171"},"geometry":{"type":"Polygon","coordinates":[[[37.828578,48.817755],[37.828578,48.817756],[37.828779,48.817817],[37.828932,48.817864],[37.828982,48.817772],[37.829036,48.817672],[37.829107,48.817264],[37.829,48.816927],[37.828681,48.816983],[37.828744,48.81721],[37.828767,48.817414],[37.828606,48.817704],[37.828578,48.817755]]]}},{"type":"Feature","properties":{"cadnum":"1424287900:06:000:0027"},"geometry":{"type":"Polygon","coordinates":[[[37.82718,48.815057],[37.827815,48.815152],[37.828021,48.814634],[37.82749,48.814588],[37.82718,48.815057]]]}},{"type":"Feature","properties":{"cadnum":"1424287900:06:000:0178"},"geometry":{"type":"Polygon","coordinates":[[[37.826691,48.81693],[37.826997,48.816991],[37.827243,48.816719],[37.827603,48.816581],[37.827693,48.816519],[37.827176,48.816333],[37.82693,48.816504],[37.826773,48.816702],[37.826691,48.81693]]]}},{"type":"Feature","properties":{"cadnum":"1424287900:06:000:0075"},"geometry":{"type":"Polygon","coordinates":[[[37.825259,48.814951],[37.825281,48.815037],[37.825326,48.815244],[37.825344,48.815312],[37.825842,48.815334],[37.825842,48.815335],[37.825937,48.815338],[37.825847,48.815123],[37.825771,48.814951],[37.825662,48.8147],[37.825505,48.814652],[37.825366,48.814755],[37.825259,48.814951]]]}},{"type":"Feature","properties":{"cadnum":"1424287900:06:000:0028"},"geometry":{"type":"Polygon","coordinates":[[[37.826974,48.815371],[37.828012,48.815581],[37.828218,48.815161],[37.828133,48.814874],[37.828021,48.814634],[37.827815,48.815152],[37.82718,48.815057],[37.826974,48.815371]]]}},{"type":"Feature","properties":{"cadnum":"1424287900:06:000:0076"},"geometry":{"type":"Polygon","coordinates":[[[37.825662,48.8147],[37.825771,48.814951],[37.825842,48.815111],[37.825847,48.815123],[37.825937,48.815338],[37.826014,48.815342],[37.826014,48.815341],[37.826179,48.815347],[37.826417,48.81522],[37.826323,48.814895],[37.826014,48.814804],[37.825662,48.8147]]]}},{"type":"Feature","properties":{"cadnum":"1424287900:02:000:0016"},"geometry":{"type":"Polygon","coordinates":[[[37.792443,48.890903],[37.792789,48.891009],[37.792874,48.890888],[37.792529,48.890779],[37.792443,48.890903]]]}},{"type":"Feature","properties":{"cadnum":"1424287900:02:000:0017"},"geometry":{"type":"Polygon","coordinates":[[[37.792529,48.890779],[37.792874,48.890888],[37.792883,48.890875],[37.7929,48.890851],[37.793055,48.890631],[37.793279,48.890312],[37.793359,48.890197],[37.793265,48.890176],[37.793315,48.890067],[37.793208,48.890049],[37.793076,48.890026],[37.793024,48.890105],[37.792977,48.890176],[37.792942,48.890221],[37.792896,48.890271],[37.792529,48.890779]]]}},{"type":"Feature","properties":{"cadnum":"1424287900:02:000:0096"},"geometry":{"type":"Polygon","coordinates":[[[37.789285,48.890578],[37.789487,48.890649],[37.789514,48.890616],[37.789537,48.89059],[37.78933,48.890519],[37.789285,48.890578]]]}},{"type":"Feature","properties":{"cadnum":"1424287900:02:000:0039"},"geometry":{"type":"Polygon","coordinates":[[[37.789438,48.890713],[37.789613,48.890773],[37.789694,48.890676],[37.789514,48.890616],[37.789438,48.890713]]]}},{"type":"Feature","properties":{"cadnum":"1424287900:02:000:0006"},"geometry":{"type":"Polygon","coordinates":[[[37.79295,48.891068],[37.793055,48.891092],[37.793055,48.891091],[37.793126,48.891107],[37.793453,48.890578],[37.793615,48.89035],[37.793642,48.890256],[37.793682,48.890144],[37.793525,48.890105],[37.793399,48.890318],[37.79295,48.891068]]]}},{"type":"Feature","properties":{"cadnum":"1424287900:01:000:0095"},"geometry":{"type":"Polygon","coordinates":[[[37.790921,48.891845],[37.791001,48.891851],[37.791072,48.891434],[37.790996,48.891416],[37.790921,48.891845]]]}},{"type":"Feature","properties":{"cadnum":"1424287900:02:000:0077"},"geometry":{"type":"Polygon","coordinates":[[[37.791886,48.891077],[37.792237,48.891186],[37.792443,48.890903],[37.792529,48.890779],[37.792587,48.890699],[37.792214,48.890599],[37.792003,48.890903],[37.791886,48.891077]]]}},{"type":"Feature","properties":{"cadnum":"1424287900:05:000:0148"},"geometry":{"type":"Polygon","coordinates":[[[37.84569,48.847354],[37.847814,48.847367],[37.847815,48.847367],[37.852342,48.847393],[37.852508,48.846632],[37.852531,48.846529],[37.852541,48.846491],[37.847986,48.846465],[37.8457,48.846452],[37.845697,48.846632],[37.845696,48.846697],[37.845696,48.846745],[37.84569,48.847271],[37.84569,48.847354]]]}},{"type":"Feature","properties":{"cadnum":"1424287900:05:000:0137"},"geometry":{"type":"Polygon","coordinates":[[[37.838436,48.846394],[37.842321,48.846425],[37.8457,48.846452],[37.847814,48.846464],[37.847815,48.846464],[37.852541,48.846491],[37.852657,48.846009],[37.852873,48.84587],[37.853304,48.845684],[37.853308,48.845681],[37.853394,48.845607],[37.851552,48.845598],[37.849531,48.845586],[37.847986,48.845577],[37.847613,48.845575],[37.845713,48.845557],[37.842493,48.845538],[37.839061,48.845518],[37.838899,48.845654],[37.838455,48.84587],[37.838442,48.845882],[37.838436,48.846394]]]}},{"type":"Feature","properties":{"cadnum":"1424287900:05:000:0139"},"geometry":{"type":"Polygon","coordinates":[[[37.841711,48.844282],[37.842321,48.844287],[37.84573,48.844306],[37.845744,48.843094],[37.845763,48.841664],[37.845206,48.841688],[37.842578,48.841846],[37.842382,48.8424],[37.842163,48.843017],[37.842162,48.843017],[37.842147,48.843062],[37.842132,48.84313],[37.842133,48.84313],[37.841985,48.843842],[37.841711,48.844282]]]}},{"type":"Feature","properties":{"cadnum":"1424287900:05:000:0149"},"geometry":{"type":"Polygon","coordinates":[[[37.845713,48.845557],[37.847613,48.845575],[37.847645,48.84313],[37.847646,48.84313],[37.847667,48.841581],[37.845763,48.841664],[37.845745,48.843017],[37.845744,48.843094],[37.845744,48.84313],[37.84573,48.844306],[37.845713,48.845557]]]}},{"type":"Feature","properties":{"cadnum":"1424287900:05:000:0138"},"geometry":{"type":"Polygon","coordinates":[[[37.839061,48.845518],[37.842321,48.845537],[37.845713,48.845557],[37.84573,48.844306],[37.842493,48.844288],[37.841711,48.844282],[37.841671,48.844342],[37.841464,48.844499],[37.841222,48.844578],[37.840826,48.844599],[37.840013,48.844981],[37.839838,48.845119],[37.839354,48.845276],[37.839061,48.845518]]]}},{"type":"Feature","properties":{"cadnum":"1424287900:06:000:0110"},"geometry":{"type":"Polygon","coordinates":[[[37.842187,48.810115],[37.842197,48.810186],[37.842321,48.810174],[37.842321,48.810175],[37.842493,48.810157],[37.842546,48.810469],[37.842546,48.81047],[37.842545,48.81047],[37.842596,48.81076],[37.843032,48.810727],[37.842983,48.810508],[37.842883,48.810053],[37.842493,48.810088],[37.842187,48.810115]]]}},{"type":"Feature","properties":{"cadnum":"1424287900:06:000:0154"},"geometry":{"type":"Polygon","coordinates":[[[37.845287,48.812411],[37.845543,48.813336],[37.846005,48.813251],[37.845979,48.813203],[37.845799,48.812277],[37.845287,48.812411]]]}},{"type":"Feature","properties":{"cadnum":"1424287900:06:000:0160"},"geometry":{"type":"Polygon","coordinates":[[[37.844784,48.810695],[37.845291,48.810697],[37.845312,48.810498],[37.845354,48.810107],[37.844841,48.810088],[37.844804,48.810469],[37.844804,48.81047],[37.8448,48.810506],[37.844793,48.810583],[37.844794,48.810583],[37.844784,48.810695]]]}},{"type":"Feature","properties":{"cadnum":"1424287900:06:000:0188"},"geometry":{"type":"Polygon","coordinates":[[[37.845111,48.812061],[37.845399,48.812082],[37.845413,48.811975],[37.845124,48.811961],[37.845111,48.812061]]]}},{"type":"Feature","properties":{"cadnum":"1424287900:06:000:0187"},"geometry":{"type":"Polygon","coordinates":[[[37.845124,48.811961],[37.845413,48.811975],[37.845529,48.810857],[37.845277,48.810855],[37.845224,48.81118],[37.845124,48.811961]]]}},{"type":"Feature","properties":{"cadnum":"1424287900:06:000:0147"},"geometry":{"type":"Polygon","coordinates":[[[37.844078,48.81247],[37.844518,48.812475],[37.844725,48.811446],[37.844218,48.811429],[37.844078,48.81247]]]}},{"type":"Feature","properties":{"cadnum":"1424287900:06:000:0146"},"geometry":{"type":"Polygon","coordinates":[[[37.844218,48.811429],[37.844725,48.811446],[37.844841,48.810863],[37.844841,48.810855],[37.844298,48.810857],[37.844218,48.811429]]]}},{"type":"Feature","properties":{"cadnum":"1424287900:06:000:0085"},"geometry":{"type":"Polygon","coordinates":[[[37.847182,48.810423],[37.84719,48.810469],[37.84719,48.81047],[37.847193,48.810488],[37.84721,48.810583],[37.847211,48.810583],[37.847231,48.810692],[37.847658,48.810659],[37.847641,48.810572],[37.847608,48.81039],[37.847182,48.810423]]]}},{"type":"Feature","properties":{"cadnum":"1424287900:06:000:0153"},"geometry":{"type":"Polygon","coordinates":[[[37.845543,48.813336],[37.845696,48.813898],[37.846283,48.813756],[37.846005,48.813251],[37.845543,48.813336]]]}},{"type":"Feature","properties":{"cadnum":"1424287900:06:000:0163"},"geometry":{"type":"Polygon","coordinates":[[[37.843359,48.81312],[37.843363,48.813659],[37.843723,48.81365],[37.843723,48.813102],[37.843359,48.81312]]]}},{"type":"Feature","properties":{"cadnum":"1424287900:06:000:0169"},"geometry":{"type":"Polygon","coordinates":[[[37.845291,48.810697],[37.845812,48.810701],[37.845835,48.81047],[37.845835,48.810469],[37.84587,48.810124],[37.845354,48.810107],[37.845315,48.810469],[37.845315,48.81047],[37.845312,48.810498],[37.845303,48.810583],[37.845291,48.810697]]]}},{"type":"Feature","properties":{"cadnum":"1424287900:06:000:0162"},"geometry":{"type":"Polygon","coordinates":[[[37.843363,48.813659],[37.843368,48.814087],[37.843367,48.814087],[37.843373,48.814549],[37.843723,48.814496],[37.843723,48.81365],[37.843363,48.813659]]]}},{"type":"Feature","properties":{"cadnum":"1424287900:06:000:0167"},"geometry":{"type":"Polygon","coordinates":[[[37.84446,48.810689],[37.844784,48.810695],[37.8448,48.810506],[37.844841,48.810088],[37.844868,48.809793],[37.844518,48.809784],[37.844474,48.810469],[37.844474,48.81047],[37.84446,48.810689]]]}},{"type":"Feature","properties":{"cadnum":"1424287900:07:000:0244"},"geometry":{"type":"Polygon","coordinates":[[[37.80059,48.791396],[37.800767,48.792378],[37.800767,48.792379],[37.800766,48.792379],[37.800806,48.792595],[37.801328,48.794456],[37.801328,48.794457],[37.801516,48.795033],[37.803946,48.793992],[37.80247,48.792492],[37.801156,48.791154],[37.80059,48.791396]]]}},{"type":"Feature","properties":{"cadnum":"1424287900:07:000:0387"},"geometry":{"type":"Polygon","coordinates":[[[37.801156,48.791154],[37.802359,48.792378],[37.802359,48.792379],[37.803946,48.793992],[37.804041,48.794089],[37.80545,48.795521],[37.805918,48.795997],[37.806021,48.796101],[37.80603,48.79611],[37.806492,48.79658],[37.807221,48.796143],[37.807161,48.796082],[37.804041,48.792912],[37.804041,48.792911],[37.803625,48.792489],[37.801969,48.790805],[37.801156,48.791154]]]}},{"type":"Feature","properties":{"cadnum":"1424287900:07:000:0367"},"geometry":{"type":"Polygon","coordinates":[[[37.801516,48.795033],[37.801874,48.79611],[37.802149,48.796935],[37.804041,48.796125],[37.804339,48.795997],[37.80545,48.795521],[37.803946,48.793992],[37.801516,48.795033]]]}},{"type":"Feature","properties":{"cadnum":"1424287900:07:000:0028"},"geometry":{"type":"Polygon","coordinates":[[[37.799051,48.764622],[37.800474,48.76548],[37.803888,48.763523],[37.802487,48.762522],[37.801018,48.763419],[37.799051,48.764622]]]}},{"type":"Feature","properties":{"cadnum":"1424287900:07:000:0027"},"geometry":{"type":"Polygon","coordinates":[[[37.802487,48.762522],[37.803743,48.763419],[37.803742,48.763419],[37.803869,48.76351],[37.803888,48.763523],[37.80397,48.763476],[37.804041,48.763435],[37.806938,48.761776],[37.805841,48.760474],[37.803869,48.761678],[37.802487,48.762522]]]}},{"type":"Feature","properties":{"cadnum":"1424287900:01:000:0103"},"geometry":{"type":"Polygon","coordinates":[[[37.802513,48.891201],[37.802917,48.891198],[37.804013,48.891198],[37.804022,48.889992],[37.804026,48.889559],[37.803223,48.889556],[37.80254,48.889556],[37.802531,48.890105],[37.802532,48.890105],[37.802527,48.890457],[37.802513,48.891201]]]}},{"type":"Feature","properties":{"cadnum":"1424287900:01:000:0102"},"geometry":{"type":"Polygon","coordinates":[[[37.8025,48.886768],[37.802517,48.88794],[37.804041,48.88793],[37.804041,48.887929],[37.804422,48.887926],[37.804785,48.886762],[37.803869,48.886765],[37.8025,48.886768]]]}},{"type":"Feature","properties":{"cadnum":"1424287900:01:000:0098"},"geometry":{"type":"Polygon","coordinates":[[[37.802517,48.88794],[37.80254,48.889556],[37.803223,48.889556],[37.803869,48.889131],[37.803869,48.889132],[37.804068,48.889001],[37.804422,48.887926],[37.803869,48.88793],[37.803869,48.887931],[37.802517,48.88794]]]}},{"type":"Feature","properties":{"cadnum":"1424287900:01:000:0189"},"geometry":{"type":"Polygon","coordinates":[[[37.860638,48.854654],[37.860715,48.855727],[37.861783,48.855765],[37.861784,48.855765],[37.862066,48.855847],[37.864034,48.855676],[37.864466,48.855463],[37.864466,48.855462],[37.866105,48.854648],[37.867843,48.854598],[37.867816,48.854237],[37.864995,48.854228],[37.865009,48.854311],[37.864294,48.854368],[37.860638,48.854654]]]}},{"type":"Feature","properties":{"cadnum":"1424287900:05:000:0033"},"geometry":{"type":"Polygon","coordinates":[[[37.857171,48.854917],[37.857275,48.854905],[37.858801,48.85478],[37.858973,48.854766],[37.864466,48.854314],[37.864466,48.854313],[37.864627,48.8543],[37.865561,48.854281],[37.865575,48.854199],[37.864294,48.854115],[37.862157,48.853974],[37.862159,48.853974],[37.861218,48.853912],[37.860444,48.853861],[37.86044,48.853861],[37.858801,48.853754],[37.857365,48.853658],[37.857333,48.853861],[37.857332,48.853861],[37.857279,48.854208],[37.857171,48.854917]]]}},{"type":"Feature","properties":{"cadnum":"1424287900:01:000:0190"},"geometry":{"type":"Polygon","coordinates":[[[37.867816,48.854237],[37.867843,48.854598],[37.869693,48.854544],[37.869787,48.8553],[37.869833,48.855667],[37.869959,48.855674],[37.873651,48.85586],[37.873839,48.854962],[37.873852,48.854902],[37.873934,48.854526],[37.873538,48.854429],[37.873426,48.854364],[37.873385,48.854305],[37.872815,48.854272],[37.872473,48.854252],[37.870942,48.854246],[37.869959,48.854244],[37.869959,48.854243],[37.867816,48.854237]],[[37.872676,48.854427],[37.872676,48.854447],[37.872649,48.854447],[37.872649,48.854427],[37.872676,48.854427]]]}},{"type":"Feature","properties":{"cadnum":"1424287900:01:000:0011"},"geometry":{"type":"Polygon","coordinates":[[[37.804045,48.859004],[37.804292,48.859875],[37.804441,48.859985],[37.805078,48.85989],[37.805464,48.859687],[37.807512,48.858348],[37.807427,48.857648],[37.806898,48.857627],[37.806897,48.857627],[37.806861,48.857532],[37.806856,48.857518],[37.806749,48.857464],[37.806093,48.857459],[37.806063,48.857475],[37.806062,48.857475],[37.805999,48.857512],[37.806004,48.857588],[37.806005,48.857588],[37.806012,48.857674],[37.804835,48.857783],[37.804206,48.857961],[37.804045,48.859004]]]}},{"type":"Feature","properties":{"cadnum":"1424287900:01:000:0118"},"geometry":{"type":"Polygon","coordinates":[[[37.806749,48.857464],[37.806771,48.857475],[37.806856,48.857518],[37.806861,48.857532],[37.806883,48.857588],[37.806897,48.857627],[37.807427,48.857647],[37.807427,48.857648],[37.807512,48.858348],[37.807512,48.858472],[37.807508,48.858667],[37.80806,48.858366],[37.809362,48.85766],[37.809498,48.857586],[37.809534,48.857566],[37.809574,48.857544],[37.809821,48.857441],[37.809816,48.857349],[37.809749,48.857278],[37.809745,48.857275],[37.809686,48.857231],[37.809605,48.857196],[37.809498,48.857183],[37.809452,48.857181],[37.80921,48.857157],[37.808554,48.857163],[37.808397,48.857154],[37.807948,48.857163],[37.806793,48.857027],[37.806749,48.857464]],[[37.80868,48.857851],[37.808653,48.857851],[37.808653,48.857834],[37.80868,48.857834],[37.80868,48.857851]]]}},{"type":"Feature","properties":{"cadnum":"1424287900:01:000:0195"},"geometry":{"type":"Polygon","coordinates":[[[37.82127,48.876817],[37.821831,48.877089],[37.824239,48.877998],[37.823822,48.875656],[37.823708,48.875009],[37.823718,48.871984],[37.823515,48.871911],[37.823327,48.871795],[37.822855,48.871662],[37.822772,48.87193],[37.822759,48.871973],[37.822737,48.872043],[37.821627,48.875656],[37.82127,48.876817]]]}},{"type":"Feature","properties":{"cadnum":"1424287900:01:000:0052"},"geometry":{"type":"Polygon","coordinates":[[[37.8165,48.869032],[37.82052,48.869323],[37.82052,48.869322],[37.820521,48.869322],[37.823098,48.869508],[37.823281,48.868396],[37.823314,48.868202],[37.82052,48.868],[37.816989,48.867744],[37.816873,48.86809],[37.816783,48.868317],[37.816576,48.868841],[37.8165,48.869032]]]}},{"type":"Feature","properties":{"cadnum":"1424287900:01:000:0084"},"geometry":{"type":"Polygon","coordinates":[[[37.812391,48.857071],[37.813661,48.857107],[37.815027,48.857145],[37.815027,48.857144],[37.815637,48.85716],[37.8165,48.857181],[37.818085,48.857166],[37.820349,48.857144],[37.820411,48.857143],[37.82052,48.857142],[37.820744,48.857139],[37.820861,48.857139],[37.823211,48.857083],[37.824882,48.857086],[37.824989,48.857157],[37.824941,48.857475],[37.824702,48.859093],[37.824387,48.861202],[37.824387,48.861203],[37.824001,48.863802],[37.823956,48.864124],[37.823872,48.864703],[37.823856,48.864814],[37.823856,48.864816],[37.823754,48.865532],[37.82374,48.865644],[37.823534,48.866888],[37.823314,48.868202],[37.823294,48.868317],[37.823281,48.868396],[37.823275,48.86843],[37.823098,48.869508],[37.822977,48.870214],[37.822415,48.872043],[37.822416,48.872043],[37.821306,48.875656],[37.820425,48.878528],[37.820272,48.878596],[37.820349,48.878627],[37.820457,48.878672],[37.82052,48.878703],[37.82052,48.878702],[37.820521,48.878702],[37.820735,48.878805],[37.820708,48.878655],[37.821662,48.875543],[37.822771,48.87193],[37.823287,48.870247],[37.823594,48.868398],[37.82405,48.865664],[37.824172,48.864816],[37.824316,48.863824],[37.824703,48.861202],[37.825079,48.858664],[37.825254,48.857475],[37.825299,48.857178],[37.825358,48.857024],[37.825792,48.857001],[37.825752,48.856797],[37.825425,48.856829],[37.825326,48.856743],[37.825352,48.856575],[37.825092,48.85656],[37.825052,48.856832],[37.824899,48.856876],[37.823205,48.856876],[37.820865,48.856929],[37.820365,48.856935],[37.816504,48.856974],[37.815027,48.856936],[37.815027,48.856935],[37.812395,48.856865],[37.812391,48.857071]]]}},{"type":"Feature","properties":{"cadnum":"1424287900:01:000:0051"},"geometry":{"type":"Polygon","coordinates":[[[37.81606,48.870359],[37.820106,48.870654],[37.820138,48.870498],[37.820299,48.870398],[37.820349,48.870383],[37.820349,48.870384],[37.820461,48.870349],[37.82052,48.870332],[37.82052,48.870331],[37.820574,48.870315],[37.82105,48.870376],[37.821526,48.870406],[37.821786,48.870394],[37.822002,48.870253],[37.822977,48.870214],[37.823085,48.869573],[37.823098,48.869508],[37.820349,48.86931],[37.820349,48.869311],[37.8165,48.869032],[37.816173,48.869868],[37.81606,48.870359]]]}},{"type":"Feature","properties":{"cadnum":"1424287900:01:000:0194"},"geometry":{"type":"Polygon","coordinates":[[[37.8157,48.87344],[37.816504,48.874167],[37.817358,48.874811],[37.818556,48.875543],[37.81923,48.875955],[37.819612,48.876161],[37.820349,48.876472],[37.820349,48.876473],[37.820463,48.876521],[37.82052,48.876545],[37.820521,48.876545],[37.820978,48.876737],[37.821308,48.875656],[37.821309,48.875656],[37.822416,48.872043],[37.822417,48.872043],[37.822977,48.870214],[37.822002,48.870253],[37.821786,48.870394],[37.821526,48.870406],[37.82105,48.870376],[37.820574,48.870315],[37.820461,48.870349],[37.820299,48.870398],[37.820138,48.870498],[37.820106,48.870654],[37.820044,48.870998],[37.820115,48.87193],[37.820114,48.87193],[37.820115,48.87194],[37.820118,48.872043],[37.820119,48.872043],[37.820119,48.872046],[37.820048,48.872306],[37.819999,48.872554],[37.820039,48.872912],[37.820119,48.873195],[37.819949,48.873322],[37.819276,48.873363],[37.818691,48.873387],[37.818148,48.873541],[37.817628,48.873538],[37.816932,48.873606],[37.816001,48.873499],[37.8157,48.87344]]]}},{"type":"Feature","properties":{"cadnum":"1424287900:07:000:0261"},"geometry":{"type":"Polygon","coordinates":[[[37.80859,48.822324],[37.809534,48.823193],[37.809812,48.823448],[37.812674,48.821872],[37.813095,48.821638],[37.813466,48.821434],[37.813886,48.821204],[37.813167,48.820544],[37.812785,48.820192],[37.812664,48.820077],[37.810203,48.821434],[37.809362,48.821898],[37.809362,48.821899],[37.80859,48.822324]]]}},{"type":"Feature","properties":{"cadnum":"1424287900:05:000:0227"},"geometry":{"type":"Polygon","coordinates":[[[37.867322,48.823468],[37.867523,48.825051],[37.867524,48.825051],[37.867525,48.825051],[37.867569,48.825397],[37.869787,48.825888],[37.874494,48.826931],[37.87463,48.826401],[37.874706,48.826109],[37.87489,48.825399],[37.874953,48.825163],[37.874448,48.825051],[37.869787,48.824016],[37.867322,48.823468]]]}},{"type":"Feature","properties":{"cadnum":"1424287900:05:000:0222"},"geometry":{"type":"Polygon","coordinates":[[[37.862776,48.823504],[37.862812,48.824308],[37.864294,48.82428],[37.864294,48.824281],[37.867349,48.824222],[37.86725,48.823418],[37.864466,48.823472],[37.862776,48.823504]]]}},{"type":"Feature","properties":{"cadnum":"1424287900:05:000:0228"},"geometry":{"type":"Polygon","coordinates":[[[37.86725,48.822117],[37.86721,48.822306],[37.867219,48.822611],[37.867246,48.822853],[37.867322,48.823468],[37.869959,48.824055],[37.869959,48.824054],[37.873938,48.824937],[37.873938,48.824938],[37.874953,48.825163],[37.874981,48.825051],[37.875236,48.824057],[37.869787,48.822745],[37.868014,48.822318],[37.86725,48.822117]]]}},{"type":"Feature","properties":{"cadnum":"1424287900:05:000:0221"},"geometry":{"type":"Polygon","coordinates":[[[37.862812,48.824308],[37.862822,48.824577],[37.862838,48.824937],[37.862838,48.824938],[37.862839,48.824972],[37.862843,48.825051],[37.862844,48.825051],[37.862844,48.825066],[37.862875,48.825784],[37.862894,48.826189],[37.864294,48.826163],[37.867586,48.8261],[37.867453,48.825051],[37.867454,48.825051],[37.867349,48.824222],[37.864466,48.824277],[37.862812,48.824308]]]}},{"type":"Feature","properties":{"cadnum":"1424287900:05:000:0418"},"geometry":{"type":"Polygon","coordinates":[[[37.868014,48.822318],[37.869959,48.822787],[37.875236,48.824057],[37.87528,48.824068],[37.87528,48.824069],[37.878376,48.824811],[37.878416,48.824734],[37.875321,48.823992],[37.875259,48.823977],[37.869787,48.822661],[37.868055,48.822245],[37.868014,48.822318]]]}},{"type":"Feature","properties":{"cadnum":"1424287900:05:000:0090"},"geometry":{"type":"Polygon","coordinates":[[[37.816657,48.838995],[37.82052,48.839225],[37.82052,48.839224],[37.820521,48.839224],[37.821023,48.839254],[37.82118,48.838114],[37.82052,48.838069],[37.817007,48.837832],[37.816657,48.838995]]]}},{"type":"Feature","properties":{"cadnum":"1424287900:05:000:0106"},"geometry":{"type":"Polygon","coordinates":[[[37.820982,48.840108],[37.825842,48.8404],[37.825842,48.840401],[37.825865,48.840402],[37.825865,48.840401],[37.826014,48.83991],[37.826014,48.839909],[37.826157,48.839435],[37.826157,48.839414],[37.826152,48.839414],[37.825949,48.839401],[37.825947,48.839401],[37.825842,48.839395],[37.825842,48.839396],[37.821121,48.839113],[37.821081,48.839401],[37.82108,48.839401],[37.820982,48.840108]]]}},{"type":"Feature","properties":{"cadnum":"1424287900:05:000:0089"},"geometry":{"type":"Polygon","coordinates":[[[37.816324,48.840091],[37.820349,48.840335],[37.82087,48.840366],[37.820986,48.839515],[37.820986,48.839514],[37.820987,48.839514],[37.821023,48.839254],[37.820349,48.839214],[37.820349,48.839215],[37.816657,48.838995],[37.816533,48.839401],[37.816532,48.839401],[37.816324,48.840091]]]}},{"type":"Feature","properties":{"cadnum":"1424287900:05:000:0417"},"geometry":{"type":"Polygon","coordinates":[[[37.816913,48.837714],[37.817007,48.837832],[37.820349,48.838058],[37.82118,48.838114],[37.821257,48.838119],[37.823264,48.838255],[37.825842,48.838391],[37.82593,48.838395],[37.826014,48.8384],[37.826014,48.838399],[37.826018,48.8384],[37.826048,48.838332],[37.825871,48.83832],[37.825123,48.83827],[37.824203,48.838208],[37.823274,48.838145],[37.822339,48.838081],[37.821396,48.838016],[37.820444,48.837954],[37.819163,48.837865],[37.818844,48.837844],[37.818521,48.837823],[37.817565,48.837759],[37.816913,48.837714]]]}},{"type":"Feature","properties":{"cadnum":"1424287900:05:000:0107"},"geometry":{"type":"Polygon","coordinates":[[[37.821121,48.839113],[37.826014,48.839406],[37.826014,48.839405],[37.826157,48.839414],[37.826228,48.838436],[37.826018,48.8384],[37.82593,48.838395],[37.823264,48.838255],[37.821257,48.838119],[37.821121,48.839113]]]}},{"type":"Feature","properties":{"cadnum":"1424287900:07:000:0223"},"geometry":{"type":"Polygon","coordinates":[[[37.803645,48.790086],[37.803869,48.790314],[37.803869,48.790315],[37.805897,48.792378],[37.805897,48.792379],[37.808712,48.795243],[37.809362,48.79485],[37.809479,48.794779],[37.807229,48.792492],[37.804502,48.789719],[37.804319,48.789799],[37.803869,48.78999],[37.803869,48.789991],[37.803645,48.790086]]]}},{"type":"Feature","properties":{"cadnum":"1424287900:07:000:0368"},"geometry":{"type":"Polygon","coordinates":[[[37.800271,48.789597],[37.80059,48.791396],[37.801156,48.791154],[37.801969,48.790805],[37.8028,48.79045],[37.803645,48.790086],[37.804041,48.789918],[37.804041,48.789917],[37.804319,48.789799],[37.804041,48.789517],[37.803382,48.788848],[37.802976,48.788434],[37.802219,48.78876],[37.802218,48.78876],[37.800271,48.789597]]]}},{"type":"Feature","properties":{"cadnum":"1424287900:07:000:0296"},"geometry":{"type":"Polygon","coordinates":[[[37.804502,48.789719],[37.807117,48.792378],[37.807117,48.792379],[37.809362,48.79466],[37.809362,48.794661],[37.809479,48.794779],[37.809534,48.794746],[37.809871,48.794542],[37.81027,48.794317],[37.809362,48.793395],[37.809362,48.793396],[37.808361,48.792379],[37.805374,48.789346],[37.804502,48.789719]]]}},{"type":"Feature","properties":{"cadnum":"1424287900:07:000:0384"},"geometry":{"type":"Polygon","coordinates":[[[37.805374,48.789346],[37.808472,48.792492],[37.809534,48.79357],[37.81027,48.794317],[37.811079,48.793858],[37.809734,48.792492],[37.809534,48.792288],[37.806263,48.788961],[37.805374,48.789346]]]}},{"type":"Feature","properties":{"cadnum":"1424287900:07:000:0025"},"geometry":{"type":"Polygon","coordinates":[[[37.821404,48.807299],[37.82444,48.807645],[37.826014,48.807676],[37.827823,48.80771],[37.82786,48.806852],[37.827886,48.806279],[37.825875,48.806228],[37.824854,48.806202],[37.821467,48.805897],[37.821424,48.806852],[37.821423,48.806852],[37.821404,48.807299]]]}},{"type":"Feature","properties":{"cadnum":"1424287900:07:000:0317"},"geometry":{"type":"Polygon","coordinates":[[[37.819505,48.807083],[37.820349,48.807179],[37.820349,48.80718],[37.820482,48.807195],[37.82052,48.807199],[37.821404,48.807299],[37.821418,48.806965],[37.821419,48.806965],[37.821467,48.805897],[37.82109,48.805862],[37.820618,48.805856],[37.820357,48.806103],[37.819922,48.806515],[37.819674,48.806852],[37.819657,48.806875],[37.819591,48.806965],[37.819505,48.807083]]]}},{"type":"Feature","properties":{"cadnum":"1424287900:07:000:0247"},"geometry":{"type":"Polygon","coordinates":[[[37.818656,48.773636],[37.819433,48.774394],[37.81963,48.774586],[37.820056,48.774394],[37.820349,48.774263],[37.823901,48.772665],[37.822928,48.771715],[37.820349,48.772875],[37.818656,48.773636]]]}},{"type":"Feature","properties":{"cadnum":"1424287900:07:000:0311"},"geometry":{"type":"Polygon","coordinates":[[[37.817672,48.772692],[37.818112,48.773109],[37.818656,48.773636],[37.82052,48.772798],[37.822928,48.771715],[37.821953,48.770768],[37.820349,48.771489],[37.817672,48.772692]]]}},{"type":"Feature","properties":{"cadnum":"1424287900:07:000:0238"},"geometry":{"type":"Polygon","coordinates":[[[37.81963,48.774586],[37.82052,48.775456],[37.82052,48.775455],[37.820521,48.775455],[37.820601,48.775533],[37.823135,48.774394],[37.823136,48.774394],[37.824876,48.773612],[37.823901,48.772665],[37.820521,48.774186],[37.82052,48.774186],[37.820308,48.774281],[37.820307,48.774281],[37.81963,48.774586]]]}},{"type":"Feature","properties":{"cadnum":"1424287900:07:000:0350"},"geometry":{"type":"Polygon","coordinates":[[[37.823557,48.772245],[37.824467,48.773129],[37.826014,48.772436],[37.826014,48.772435],[37.829247,48.770983],[37.828921,48.770661],[37.828407,48.770152],[37.828344,48.77009],[37.826824,48.770774],[37.826014,48.771139],[37.823557,48.772245]]]}},{"type":"Feature","properties":{"cadnum":"1424287900:07:000:0371"},"geometry":{"type":"Polygon","coordinates":[[[37.824467,48.773129],[37.825415,48.774053],[37.825842,48.773862],[37.825873,48.773848],[37.826014,48.773785],[37.830203,48.771904],[37.829876,48.771573],[37.829394,48.771105],[37.82926,48.770975],[37.825842,48.772512],[37.824467,48.773129]]]}},{"type":"Feature","properties":{"cadnum":"1424287900:07:000:0292"},"geometry":{"type":"Polygon","coordinates":[[[37.820601,48.775533],[37.821616,48.776519],[37.825892,48.774595],[37.825567,48.774281],[37.824876,48.773612],[37.823387,48.774281],[37.823386,48.774281],[37.820601,48.775533]]]}},{"type":"Feature","properties":{"cadnum":"1424287900:01:000:0224"},"geometry":{"type":"Polygon","coordinates":[[[37.831012,48.865378],[37.831192,48.866701],[37.831507,48.866659],[37.833015,48.866453],[37.836262,48.865968],[37.836604,48.865771],[37.836828,48.865562],[37.836972,48.865427],[37.837,48.865401],[37.837457,48.864973],[37.837436,48.864703],[37.837435,48.864703],[37.837413,48.864409],[37.836984,48.864023],[37.836415,48.86351],[37.836029,48.864703],[37.835998,48.864798],[37.835998,48.864799],[37.835996,48.864799],[37.835895,48.864816],[37.833002,48.865315],[37.831398,48.865366],[37.831012,48.865378]]]}},{"type":"Feature","properties":{"cadnum":"1424287900:01:000:0170"},"geometry":{"type":"Polygon","coordinates":[[[37.782099,48.8826],[37.787561,48.882809],[37.787561,48.882808],[37.787562,48.882808],[37.787623,48.88281],[37.787547,48.8826],[37.787443,48.882349],[37.782153,48.882149],[37.782099,48.8826]],[[37.78725,48.882636],[37.78725,48.882653],[37.787224,48.882653],[37.787223,48.882653],[37.787229,48.882636],[37.78725,48.882636]]]}},{"type":"Feature","properties":{"cadnum":"1424287900:01:000:0135"},"geometry":{"type":"Polygon","coordinates":[[[37.782265,48.881254],[37.786554,48.881289],[37.786841,48.881292],[37.787084,48.881295],[37.786994,48.880961],[37.787561,48.88094],[37.787561,48.880939],[37.787562,48.880939],[37.787587,48.880938],[37.787583,48.880799],[37.787534,48.880798],[37.786483,48.88079],[37.785998,48.880787],[37.782336,48.880755],[37.782265,48.881254]],[[37.786564,48.880923],[37.786564,48.880941],[37.786537,48.880941],[37.786537,48.880923],[37.786564,48.880923]]]}},{"type":"Feature","properties":{"cadnum":"1424287900:01:000:0138"},"geometry":{"type":"Polygon","coordinates":[[[37.782476,48.879809],[37.783918,48.879821],[37.784403,48.879827],[37.787561,48.879853],[37.787562,48.879853],[37.787632,48.879853],[37.787637,48.879813],[37.787669,48.879573],[37.787632,48.879375],[37.78739,48.879373],[37.78739,48.879374],[37.783684,48.879343],[37.783397,48.87934],[37.782548,48.879334],[37.782476,48.879809]],[[37.78368,48.879588],[37.78368,48.879605],[37.783658,48.879605],[37.783657,48.879605],[37.783657,48.879588],[37.783658,48.879588],[37.78368,48.879588]]]}},{"type":"Feature","properties":{"cadnum":"1424287900:01:000:0169"},"geometry":{"type":"Polygon","coordinates":[[[37.782049,48.883034],[37.787273,48.883233],[37.78739,48.883236],[37.78739,48.883237],[37.787556,48.883242],[37.787561,48.883243],[37.787561,48.883242],[37.787562,48.883242],[37.787795,48.88325],[37.787623,48.88281],[37.787422,48.882802],[37.787143,48.882789],[37.782099,48.8826],[37.78208,48.882768],[37.782079,48.882768],[37.782049,48.883034]],[[37.787417,48.883215],[37.787416,48.883215],[37.78739,48.883215],[37.78739,48.883198],[37.787416,48.883198],[37.787417,48.883198],[37.787417,48.883215]]]}},{"type":"Feature","properties":{"cadnum":"1424287900:01:000:0136"},"geometry":{"type":"Polygon","coordinates":[[[37.782336,48.880755],[37.785998,48.880787],[37.786483,48.88079],[37.78739,48.880797],[37.78739,48.880798],[37.787534,48.880798],[37.787561,48.880799],[37.787562,48.880799],[37.787583,48.880799],[37.787579,48.88058],[37.787573,48.880329],[37.787545,48.880329],[37.785445,48.880312],[37.784965,48.880306],[37.782409,48.880285],[37.782336,48.880755]]]}},{"type":"Feature","properties":{"cadnum":"1424287900:01:000:0134"},"geometry":{"type":"Polygon","coordinates":[[[37.782202,48.881676],[37.786788,48.88185],[37.787076,48.881862],[37.787256,48.881868],[37.787084,48.881295],[37.786841,48.881292],[37.786554,48.881289],[37.782265,48.881254],[37.782202,48.881676]]]}},{"type":"Feature","properties":{"cadnum":"1424287900:01:000:0137"},"geometry":{"type":"Polygon","coordinates":[[[37.782409,48.880285],[37.784965,48.880306],[37.785445,48.880312],[37.78739,48.880328],[37.78739,48.880329],[37.787545,48.880329],[37.787561,48.880329],[37.787562,48.880329],[37.787573,48.880329],[37.787569,48.880276],[37.787632,48.879853],[37.78739,48.879851],[37.78739,48.879852],[37.784403,48.879827],[37.783918,48.879821],[37.782476,48.879809],[37.782409,48.880285]]]}},{"type":"Feature","properties":{"cadnum":"1424287900:01:000:0171"},"geometry":{"type":"Polygon","coordinates":[[[37.782153,48.882149],[37.787004,48.882332],[37.787282,48.882344],[37.787443,48.882349],[37.787256,48.881868],[37.787139,48.881865],[37.78686,48.881853],[37.782202,48.881676],[37.782153,48.882149]],[[37.787067,48.882116],[37.787089,48.882116],[37.787089,48.882134],[37.787063,48.882134],[37.787067,48.882116]]]}},{"type":"Feature","properties":{"cadnum":"1424287900:05:000:0374"},"geometry":{"type":"Polygon","coordinates":[[[37.857858,48.84396],[37.858263,48.844377],[37.85877,48.844554],[37.858801,48.844532],[37.858961,48.844413],[37.858973,48.844404],[37.859183,48.844247],[37.861051,48.84414],[37.861306,48.843017],[37.861305,48.843017],[37.861519,48.842078],[37.858973,48.842042],[37.858973,48.842041],[37.858793,48.842039],[37.857872,48.842763],[37.857868,48.843017],[37.857867,48.843017],[37.857867,48.843084],[37.857866,48.84313],[37.857858,48.84396]]]}},{"type":"Feature","properties":{"cadnum":"1424287900:05:000:0352"},"geometry":{"type":"Polygon","coordinates":[[[37.858564,48.841968],[37.858757,48.842027],[37.858801,48.842028],[37.858863,48.842029],[37.858973,48.842031],[37.860019,48.842045],[37.860355,48.840549],[37.859816,48.840597],[37.859543,48.84062],[37.858973,48.840656],[37.85873,48.840671],[37.858564,48.841968]]]}},{"type":"Feature","properties":{"cadnum":"1424287900:05:000:0354"},"geometry":{"type":"Polygon","coordinates":[[[37.861051,48.84414],[37.862619,48.844049],[37.864466,48.844077],[37.864466,48.844076],[37.864816,48.844081],[37.865042,48.843074],[37.865256,48.842131],[37.864294,48.842117],[37.864294,48.842118],[37.861519,48.842078],[37.861279,48.84313],[37.86128,48.84313],[37.861051,48.84414]]]}},{"type":"Feature","properties":{"cadnum":"1424287900:05:000:0376"},"geometry":{"type":"Polygon","coordinates":[[[37.862143,48.840398],[37.862978,48.840327],[37.863162,48.839515],[37.863162,48.839514],[37.863347,48.838699],[37.862678,48.838995],[37.862445,48.839071],[37.862343,48.839514],[37.862344,48.839514],[37.862344,48.839515],[37.862143,48.840398]]]}},{"type":"Feature","properties":{"cadnum":"1424287900:05:000:0373"},"geometry":{"type":"Polygon","coordinates":[[[37.862978,48.840327],[37.863508,48.840283],[37.863666,48.840268],[37.863859,48.839411],[37.864097,48.838355],[37.863477,48.83864],[37.863347,48.838699],[37.863188,48.839401],[37.862978,48.840327]]]}},{"type":"Feature","properties":{"cadnum":"1424287900:05:000:0390"},"geometry":{"type":"Polygon","coordinates":[[[37.85873,48.840671],[37.858801,48.840666],[37.858801,48.840667],[37.859543,48.84062],[37.859816,48.840597],[37.860009,48.839727],[37.858994,48.839869],[37.858884,48.840202],[37.85873,48.840671]]]}},{"type":"Feature","properties":{"cadnum":"1424287900:05:000:0393"},"geometry":{"type":"Polygon","coordinates":[[[37.857139,48.840647],[37.85873,48.840671],[37.858801,48.840455],[37.858884,48.840202],[37.858973,48.839935],[37.858973,48.839934],[37.858994,48.839869],[37.858947,48.839871],[37.85873,48.839878],[37.857139,48.840647]]]}},{"type":"Feature","properties":{"cadnum":"1424287900:05:000:0236"},"geometry":{"type":"Polygon","coordinates":[[[37.860418,48.840544],[37.861065,48.84049],[37.861303,48.839449],[37.861102,48.839514],[37.861103,48.839514],[37.861103,48.839515],[37.860787,48.839618],[37.860621,48.839642],[37.860418,48.840544]]]}},{"type":"Feature","properties":{"cadnum":"1424287900:05:000:0339"},"geometry":{"type":"Polygon","coordinates":[[[37.861065,48.84049],[37.862143,48.840398],[37.86237,48.839401],[37.862369,48.839401],[37.862445,48.839071],[37.861447,48.839401],[37.861304,48.839449],[37.861303,48.839449],[37.861287,48.839514],[37.861288,48.839514],[37.861288,48.839515],[37.861065,48.84049]]]}},{"type":"Feature","properties":{"cadnum":"1424287900:05:000:0430"},"geometry":{"type":"Polygon","coordinates":[[[37.860019,48.842045],[37.863104,48.842083],[37.863508,48.840283],[37.862978,48.840327],[37.862143,48.840398],[37.861065,48.84049],[37.860418,48.840544],[37.860355,48.840549],[37.860019,48.842045]]]}},{"type":"Feature","properties":{"cadnum":"1424287900:06:000:0204"},"geometry":{"type":"Polygon","coordinates":[[[37.859848,48.810219],[37.860222,48.810469],[37.860222,48.81047],[37.860221,48.81047],[37.860324,48.810538],[37.860845,48.810248],[37.860369,48.809925],[37.859848,48.810219]]]}},{"type":"Feature","properties":{"cadnum":"1424287900:06:000:0148"},"geometry":{"type":"Polygon","coordinates":[[[37.861307,48.811067],[37.861617,48.811242],[37.862525,48.810712],[37.862364,48.810583],[37.86221,48.810458],[37.862186,48.81047],[37.862045,48.810538],[37.862101,48.810583],[37.862102,48.810583],[37.862188,48.81065],[37.862188,48.810651],[37.861852,48.810822],[37.861623,48.810908],[37.861307,48.811067]]]}},{"type":"Feature","properties":{"cadnum":"1424287900:06:000:0205"},"geometry":{"type":"Polygon","coordinates":[[[37.860324,48.810538],[37.860389,48.810583],[37.86039,48.810583],[37.860458,48.810629],[37.860751,48.81047],[37.860751,48.810469],[37.861151,48.810251],[37.861087,48.810056],[37.861088,48.810056],[37.862053,48.8095],[37.861613,48.809228],[37.860369,48.809925],[37.860845,48.810248],[37.860448,48.81047],[37.860446,48.81047],[37.860324,48.810538]]]}},{"type":"Feature","properties":{"cadnum":"1424287900:06:000:0149"},"geometry":{"type":"Polygon","coordinates":[[[37.86221,48.810458],[37.862224,48.810469],[37.862224,48.81047],[37.862223,48.81047],[37.862525,48.810712],[37.862786,48.810559],[37.863208,48.810311],[37.862915,48.810118],[37.86221,48.810458]]]}},{"type":"Feature","properties":{"cadnum":"1424287900:01:000:0155"},"geometry":{"type":"Polygon","coordinates":[[[37.797617,48.878432],[37.797663,48.87846],[37.797684,48.878817],[37.797706,48.879156],[37.797734,48.879573],[37.797783,48.880344],[37.797833,48.881124],[37.797887,48.881915],[37.797913,48.882397],[37.798187,48.882399],[37.798548,48.882403],[37.798548,48.882402],[37.798996,48.882406],[37.798776,48.882158],[37.798412,48.881672],[37.798349,48.881587],[37.7983,48.880973],[37.798259,48.880111],[37.798259,48.879168],[37.798376,48.878998],[37.798376,48.878999],[37.798504,48.878812],[37.798548,48.878748],[37.798705,48.878519],[37.798762,48.878403],[37.798453,48.878412],[37.797967,48.878424],[37.797617,48.878432]],[[37.798057,48.882255],[37.79803,48.882255],[37.79803,48.882241],[37.798057,48.882241],[37.798057,48.882255]],[[37.798026,48.8817],[37.797999,48.8817],[37.797999,48.881682],[37.798026,48.881682],[37.798026,48.8817]],[[37.797972,48.881151],[37.797973,48.881151],[37.797999,48.881151],[37.797999,48.881168],[37.797972,48.881165],[37.797972,48.881151]],[[37.797963,48.880598],[37.79794,48.880598],[37.79794,48.880597],[37.79794,48.88058],[37.797967,48.88058],[37.797963,48.880598]],[[37.797927,48.880016],[37.797904,48.880016],[37.797904,48.879999],[37.797927,48.879999],[37.797927,48.880016]],[[37.797904,48.879428],[37.797877,48.879428],[37.797877,48.879411],[37.797904,48.879411],[37.797904,48.879428]],[[37.797864,48.878834],[37.797864,48.878835],[37.797842,48.878835],[37.797842,48.878834],[37.797842,48.878817],[37.797864,48.878817],[37.797864,48.878834]]]}},{"type":"Feature","properties":{"cadnum":"1424287900:01:000:0156"},"geometry":{"type":"Polygon","coordinates":[[[37.796697,48.87742],[37.796912,48.877851],[37.796917,48.878046],[37.796938,48.878108],[37.797011,48.878315],[37.79742,48.878462],[37.79751,48.878447],[37.797617,48.878432],[37.797967,48.878424],[37.798376,48.878414],[37.798453,48.878412],[37.798548,48.878409],[37.798762,48.878403],[37.799324,48.878383],[37.800582,48.878442],[37.800569,48.878229],[37.798376,48.877648],[37.798237,48.877611],[37.798107,48.877431],[37.79764,48.877429],[37.797034,48.877422],[37.796697,48.87742]],[[37.797829,48.878206],[37.797829,48.87822],[37.797806,48.87822],[37.797806,48.878206],[37.797829,48.878206]],[[37.797801,48.877647],[37.797801,48.877665],[37.797774,48.877665],[37.797774,48.877647],[37.797801,48.877647]],[[37.797636,48.878088],[37.797636,48.878105],[37.797608,48.878105],[37.797608,48.878088],[37.797636,48.878088]],[[37.797527,48.877688],[37.797586,48.877679],[37.797573,48.877644],[37.797594,48.877641],[37.797613,48.877691],[37.797613,48.877692],[37.797533,48.877706],[37.797527,48.877688]]]}},{"type":"Feature","properties":{"cadnum":"1424287900:01:000:0031"},"geometry":{"type":"Polygon","coordinates":[[[37.794833,48.873151],[37.795241,48.873783],[37.79578,48.874117],[37.797546,48.874666],[37.798376,48.875061],[37.798516,48.875127],[37.798548,48.875154],[37.799169,48.875656],[37.799261,48.87573],[37.799598,48.875934],[37.800078,48.876131],[37.800783,48.876341],[37.801466,48.876501],[37.801624,48.876513],[37.801709,48.87651],[37.801821,48.876413],[37.801862,48.876188],[37.801879,48.875913],[37.80177,48.8756],[37.801745,48.875526],[37.798548,48.874273],[37.795129,48.872932],[37.794833,48.873151]]]}},{"type":"Feature","properties":{"cadnum":"1424287900:07:000:0126"},"geometry":{"type":"Polygon","coordinates":[[[37.846117,48.799116],[37.846855,48.799616],[37.846854,48.799616],[37.847986,48.800382],[37.847986,48.800381],[37.850147,48.801844],[37.851269,48.801321],[37.84956,48.799729],[37.849561,48.799729],[37.84804,48.798311],[37.847878,48.79837],[37.846705,48.798793],[37.846239,48.798951],[37.846122,48.798977],[37.846117,48.799116]]]}},{"type":"Feature","properties":{"cadnum":"1424287900:07:000:0232"},"geometry":{"type":"Polygon","coordinates":[[[37.843912,48.797341],[37.844059,48.797534],[37.844501,48.797891],[37.844937,48.79819],[37.845578,48.797758],[37.844711,48.796797],[37.84397,48.797238],[37.843912,48.797341]]]}},{"type":"Feature","properties":{"cadnum":"1424287900:07:000:0060"},"geometry":{"type":"Polygon","coordinates":[[[37.803676,48.813262],[37.803681,48.813297],[37.803856,48.814123],[37.803869,48.814122],[37.803869,48.814123],[37.809362,48.813763],[37.809362,48.813764],[37.80947,48.813756],[37.809534,48.813752],[37.809741,48.813738],[37.809609,48.812874],[37.809462,48.812884],[37.803869,48.81325],[37.803676,48.813262]]]}},{"type":"Feature","properties":{"cadnum":"1424287900:07:000:0062"},"geometry":{"type":"Polygon","coordinates":[[[37.803416,48.811543],[37.803546,48.812402],[37.803869,48.812381],[37.803869,48.812382],[37.809362,48.812022],[37.809362,48.812023],[37.809484,48.812014],[37.809353,48.811157],[37.804041,48.811503],[37.803416,48.811543]]]}},{"type":"Feature","properties":{"cadnum":"1424287900:07:000:0063"},"geometry":{"type":"Polygon","coordinates":[[[37.803335,48.811115],[37.80338,48.811304],[37.803416,48.811543],[37.803869,48.811514],[37.809353,48.811157],[37.809286,48.810725],[37.804041,48.811069],[37.803335,48.811115]]]}},{"type":"Feature","properties":{"cadnum":"1424287900:07:000:0064"},"geometry":{"type":"Polygon","coordinates":[[[37.803232,48.810692],[37.803335,48.811115],[37.803869,48.81108],[37.803869,48.811081],[37.809286,48.810725],[37.809264,48.810583],[37.809265,48.810583],[37.809223,48.810298],[37.806616,48.81047],[37.806452,48.81048],[37.804897,48.810583],[37.804898,48.810583],[37.804041,48.810639],[37.803232,48.810692]]]}},{"type":"Feature","properties":{"cadnum":"1424287900:07:000:0059"},"geometry":{"type":"Polygon","coordinates":[[[37.803856,48.814123],[37.803871,48.8142],[37.803872,48.8142],[37.803919,48.814428],[37.804041,48.814963],[37.804198,48.815649],[37.804292,48.815897],[37.809362,48.815565],[37.809526,48.815554],[37.809534,48.815554],[37.810009,48.815522],[37.809793,48.814087],[37.809792,48.814087],[37.809741,48.813738],[37.80947,48.813756],[37.804422,48.814087],[37.804408,48.814087],[37.804032,48.814112],[37.803856,48.814123]]]}},{"type":"Feature","properties":{"cadnum":"1424287900:07:000:0061"},"geometry":{"type":"Polygon","coordinates":[[[37.803609,48.81283],[37.803676,48.813262],[37.804041,48.813239],[37.804041,48.813238],[37.809362,48.812891],[37.809462,48.812884],[37.809534,48.81288],[37.809534,48.812879],[37.809609,48.812874],[37.809547,48.812442],[37.809534,48.812443],[37.803869,48.812813],[37.803869,48.812814],[37.803609,48.81283]]]}},{"type":"Feature","properties":{"cadnum":"1424287900:03:000:0137"},"geometry":{"type":"Polygon","coordinates":[[[37.86456,48.874663],[37.864825,48.875045],[37.86491,48.875018],[37.865552,48.874826],[37.865229,48.874539],[37.865162,48.87448],[37.864645,48.874637],[37.86456,48.874663]]]}},{"type":"Feature","properties":{"cadnum":"1424287900:03:000:0089"},"geometry":{"type":"Polygon","coordinates":[[[37.866185,48.875009],[37.866487,48.875319],[37.867165,48.874974],[37.866877,48.874681],[37.866185,48.875009]]]}},{"type":"Feature","properties":{"cadnum":"1424287900:03:000:0194"},"geometry":{"type":"Polygon","coordinates":[[[37.865705,48.873889],[37.865921,48.874111],[37.866527,48.87474],[37.86677,48.874619],[37.865948,48.873768],[37.865705,48.873889]]]}},{"type":"Feature","properties":{"cadnum":"1424287900:03:000:0065"},"geometry":{"type":"Polygon","coordinates":[[[37.868409,48.875561],[37.868409,48.875562],[37.868465,48.875656],[37.868953,48.876465],[37.869249,48.876386],[37.868764,48.875589],[37.868701,48.875485],[37.868479,48.875543],[37.868478,48.875543],[37.868409,48.875561]]]}},{"type":"Feature","properties":{"cadnum":"1424287900:04:000:0006"},"geometry":{"type":"Polygon","coordinates":[[[37.868944,48.875473],[37.868988,48.875543],[37.869013,48.875582],[37.86906,48.875656],[37.869061,48.875656],[37.869447,48.876253],[37.869684,48.876188],[37.869433,48.875765],[37.869302,48.875543],[37.869301,48.875543],[37.869213,48.875393],[37.868944,48.875473]]]}},{"type":"Feature","properties":{"cadnum":"1424287900:03:000:0138"},"geometry":{"type":"Polygon","coordinates":[[[37.864299,48.874291],[37.864425,48.874469],[37.864466,48.874528],[37.864466,48.874527],[37.86456,48.874663],[37.864645,48.874637],[37.865162,48.87448],[37.864999,48.874028],[37.864833,48.874117],[37.864299,48.874291]]]}},{"type":"Feature","properties":{"cadnum":"1424287900:03:000:0242"},"geometry":{"type":"Polygon","coordinates":[[[37.868215,48.874811],[37.868328,48.874867],[37.86867,48.874734],[37.868508,48.874646],[37.868881,48.874072],[37.868472,48.874079],[37.868215,48.874811]]]}},{"type":"Feature","properties":{"cadnum":"1424287900:03:000:0136"},"geometry":{"type":"Polygon","coordinates":[[[37.864825,48.875045],[37.865085,48.875426],[37.865827,48.875071],[37.865745,48.875],[37.865552,48.874826],[37.86491,48.875018],[37.864825,48.875045]]]}},{"type":"Feature","properties":{"cadnum":"1424287900:03:000:0017"},"geometry":{"type":"Polygon","coordinates":[[[37.86871,48.875237],[37.868885,48.875491],[37.869787,48.875224],[37.869882,48.875195],[37.869703,48.874938],[37.86871,48.875237]]]}},{"type":"Feature","properties":{"cadnum":"1424287900:03:000:0080"},"geometry":{"type":"Polygon","coordinates":[[[37.869326,48.87536],[37.869527,48.875656],[37.869528,48.875656],[37.869573,48.875721],[37.869787,48.875657],[37.869787,48.875658],[37.869896,48.875625],[37.869959,48.875606],[37.87008,48.87557],[37.869995,48.875375],[37.869949,48.875296],[37.869882,48.875195],[37.869326,48.87536]]]}},{"type":"Feature","properties":{"cadnum":"1424287900:03:000:0208"},"geometry":{"type":"Polygon","coordinates":[[[37.869684,48.873337],[37.869787,48.873344],[37.869909,48.873352],[37.869959,48.873355],[37.870569,48.873396],[37.870609,48.873231],[37.870295,48.873216],[37.869903,48.873184],[37.869716,48.873168],[37.869684,48.873337]]]}},{"type":"Feature","properties":{"cadnum":"1424287900:03:000:0047"},"geometry":{"type":"Polygon","coordinates":[[[37.863701,48.87518],[37.863908,48.875449],[37.864466,48.875279],[37.864573,48.875246],[37.864806,48.875174],[37.864596,48.874888],[37.86437,48.874962],[37.863701,48.87518]]]}},{"type":"Feature","properties":{"cadnum":"1424287900:03:000:0051"},"geometry":{"type":"Polygon","coordinates":[[[37.866936,48.874646],[37.867124,48.874888],[37.867865,48.874687],[37.867766,48.874256],[37.866936,48.874646]]]}},{"type":"Feature","properties":{"cadnum":"1424287900:03:000:0093"},"geometry":{"type":"Polygon","coordinates":[[[37.865413,48.875369],[37.865679,48.875656],[37.86568,48.875656],[37.865681,48.875656],[37.865764,48.875745],[37.86611,48.875559],[37.865737,48.87521],[37.865413,48.875369]]]}},{"type":"Feature","properties":{"cadnum":"1424287900:03:000:0095"},"geometry":{"type":"Polygon","coordinates":[[[37.865122,48.875511],[37.865142,48.875543],[37.865404,48.87594],[37.865764,48.875745],[37.865575,48.875543],[37.865574,48.875543],[37.865413,48.875369],[37.865122,48.875511]]]}},{"type":"Feature","properties":{"cadnum":"1424287900:03:000:0052"},"geometry":{"type":"Polygon","coordinates":[[[37.867124,48.874888],[37.867179,48.874953],[37.867883,48.874767],[37.867865,48.874687],[37.867124,48.874888]]]}},{"type":"Feature","properties":{"cadnum":"1424287900:03:000:0060"},"geometry":{"type":"Polygon","coordinates":[[[37.863487,48.875036],[37.863638,48.875201],[37.864466,48.874931],[37.864466,48.87493],[37.864596,48.874888],[37.864479,48.874758],[37.864294,48.87481],[37.863487,48.875036]]]}},{"type":"Feature","properties":{"cadnum":"1424287900:03:000:0224"},"geometry":{"type":"Polygon","coordinates":[[[37.869756,48.872584],[37.869787,48.872586],[37.869903,48.872595],[37.869959,48.872599],[37.870722,48.872658],[37.870749,48.872297],[37.870749,48.87227],[37.869826,48.872429],[37.869766,48.872439],[37.869756,48.872584]]]}},{"type":"Feature","properties":{"cadnum":"1424287900:03:000:0195"},"geometry":{"type":"Polygon","coordinates":[[[37.865655,48.873836],[37.865705,48.873889],[37.865948,48.873768],[37.865902,48.873718],[37.865655,48.873836]]]}},{"type":"Feature","properties":{"cadnum":"1424287900:03:000:0108"},"geometry":{"type":"Polygon","coordinates":[[[37.86973,48.872909],[37.869787,48.872913],[37.870668,48.872968],[37.870722,48.872658],[37.869903,48.872595],[37.869756,48.872584],[37.86973,48.872909]]]}},{"type":"Feature","properties":{"cadnum":"1424287900:03:000:0220"},"geometry":{"type":"Polygon","coordinates":[[[37.866082,48.873904],[37.86677,48.874619],[37.867066,48.874477],[37.86637,48.873766],[37.866082,48.873904]]]}},{"type":"Feature","properties":{"cadnum":"1424287900:03:000:0221"},"geometry":{"type":"Polygon","coordinates":[[[37.865902,48.873718],[37.865948,48.873768],[37.866082,48.873904],[37.86637,48.873766],[37.866181,48.873573],[37.865902,48.873718]]]}},{"type":"Feature","properties":{"cadnum":"1424287900:03:000:0076"},"geometry":{"type":"Polygon","coordinates":[[[37.863361,48.874876],[37.863487,48.875036],[37.864466,48.874762],[37.864479,48.874758],[37.864376,48.874611],[37.863361,48.874876]]]}},{"type":"Feature","properties":{"cadnum":"1424287900:03:000:0153"},"geometry":{"type":"Polygon","coordinates":[[[37.868732,48.875538],[37.868735,48.875543],[37.868734,48.875543],[37.869231,48.876365],[37.869473,48.8763],[37.869447,48.876253],[37.869013,48.875582],[37.868944,48.875473],[37.868885,48.875491],[37.868732,48.875538]]]}},{"type":"Feature","properties":{"cadnum":"1424287900:03:000:0063"},"geometry":{"type":"Polygon","coordinates":[[[37.863846,48.875467],[37.863927,48.875543],[37.864003,48.875614],[37.864024,48.875656],[37.864025,48.875656],[37.864061,48.875724],[37.864294,48.875647],[37.86444,48.875598],[37.864466,48.87559],[37.864533,48.875567],[37.864969,48.875423],[37.864806,48.875174],[37.864466,48.875279],[37.864466,48.875278],[37.863846,48.875467]]]}},{"type":"Feature","properties":{"cadnum":"1424287900:03:000:0101"},"geometry":{"type":"Polygon","coordinates":[[[37.868867,48.872696],[37.86968,48.872758],[37.869712,48.872577],[37.868898,48.872516],[37.868867,48.872696]]]}},{"type":"Feature","properties":{"cadnum":"1424287900:03:000:0236"},"geometry":{"type":"Polygon","coordinates":[[[37.869573,48.874285],[37.869726,48.874477],[37.869787,48.874482],[37.869787,48.874483],[37.869877,48.874489],[37.869959,48.874496],[37.870152,48.87451],[37.870236,48.87399],[37.869787,48.873968],[37.869577,48.873957],[37.869573,48.874285]]]}},{"type":"Feature","properties":{"cadnum":"1424287900:03:000:0222"},"geometry":{"type":"Polygon","coordinates":[[[37.866244,48.873639],[37.86637,48.873766],[37.867066,48.874477],[37.867358,48.874339],[37.86667,48.873715],[37.866401,48.873573],[37.866244,48.873639]]]}},{"type":"Feature","properties":{"cadnum":"1424287900:03:000:0094"},"geometry":{"type":"Polygon","coordinates":[[[37.865737,48.87521],[37.86611,48.875559],[37.86651,48.875343],[37.866487,48.875319],[37.866185,48.875009],[37.865898,48.875133],[37.865737,48.87521]]]}},{"type":"Feature","properties":{"cadnum":"1424287900:03:000:0120"},"geometry":{"type":"Polygon","coordinates":[[[37.865229,48.874539],[37.865827,48.875071],[37.866198,48.874888],[37.865602,48.874357],[37.865229,48.874539]]]}},{"type":"Feature","properties":{"cadnum":"1424287900:03:000:0061"},"geometry":{"type":"Polygon","coordinates":[[[37.864061,48.875724],[37.864177,48.87594],[37.864214,48.875987],[37.864294,48.87596],[37.864396,48.875926],[37.864466,48.875903],[37.865139,48.875677],[37.865105,48.875627],[37.864969,48.875423],[37.864606,48.875543],[37.864605,48.875543],[37.864533,48.875567],[37.864294,48.875646],[37.864294,48.875647],[37.864061,48.875724]]]}},{"type":"Feature","properties":{"cadnum":"1424287900:03:000:0069"},"geometry":{"type":"Polygon","coordinates":[[[37.868508,48.874646],[37.86867,48.874734],[37.869424,48.874447],[37.869271,48.87425],[37.868881,48.874072],[37.868508,48.874646]]]}},{"type":"Feature","properties":{"cadnum":"1424287900:03:000:0204"},"geometry":{"type":"Polygon","coordinates":[[[37.867955,48.875553],[37.868006,48.875656],[37.868007,48.875656],[37.868175,48.87599],[37.86858,48.875863],[37.868391,48.875575],[37.868319,48.875464],[37.867995,48.875543],[37.867994,48.875543],[37.867956,48.875552],[37.867955,48.875553]]]}},{"type":"Feature","properties":{"cadnum":"1424287900:03:000:0019"},"geometry":{"type":"Polygon","coordinates":[[[37.867955,48.873151],[37.868692,48.873854],[37.868701,48.873266],[37.868372,48.872977],[37.867955,48.873151]]]}},{"type":"Feature","properties":{"cadnum":"1424287900:03:000:0124"},"geometry":{"type":"Polygon","coordinates":[[[37.869716,48.873168],[37.869787,48.873174],[37.869787,48.873175],[37.869903,48.873184],[37.869959,48.873189],[37.870295,48.873216],[37.870609,48.873231],[37.870668,48.872968],[37.869959,48.872924],[37.86973,48.872909],[37.869716,48.873168]]]}},{"type":"Feature","properties":{"cadnum":"1424287900:03:000:0233"},"geometry":{"type":"Polygon","coordinates":[[[37.867802,48.874244],[37.867919,48.874752],[37.868215,48.874811],[37.868472,48.874079],[37.868269,48.874096],[37.867802,48.874244]]]}},{"type":"Feature","properties":{"cadnum":"1424287900:03:000:0018"},"geometry":{"type":"Polygon","coordinates":[[[37.867668,48.873272],[37.868301,48.873899],[37.868337,48.873934],[37.868692,48.873937],[37.868692,48.873854],[37.867955,48.873151],[37.867668,48.873272]]]}},{"type":"Feature","properties":{"cadnum":"1424287900:03:000:0173"},"geometry":{"type":"Polygon","coordinates":[[[37.825811,48.886845],[37.826014,48.886978],[37.826125,48.887051],[37.826503,48.886812],[37.826781,48.886635],[37.826435,48.886452],[37.825842,48.886826],[37.825811,48.886845]]]}},{"type":"Feature","properties":{"cadnum":"1424287900:03:000:0091"},"geometry":{"type":"Polygon","coordinates":[[[37.825316,48.889314],[37.825708,48.889456],[37.825842,48.889508],[37.825842,48.889509],[37.825987,48.889565],[37.826014,48.889575],[37.826071,48.889597],[37.826107,48.889527],[37.826278,48.889214],[37.826268,48.88906],[37.825951,48.889117],[37.825478,48.889202],[37.825322,48.889225],[37.825322,48.88927],[37.825316,48.889314]]]}},{"type":"Feature","properties":{"cadnum":"1424287900:03:000:0263"},"geometry":{"type":"Polygon","coordinates":[[[37.824423,48.890265],[37.82445,48.890398],[37.825595,48.890247],[37.825406,48.890028],[37.825263,48.889878],[37.825014,48.889992],[37.825013,48.889992],[37.824423,48.890265]]]}},{"type":"Feature","properties":{"cadnum":"1424287900:03:000:0132"},"geometry":{"type":"Polygon","coordinates":[[[37.825438,48.88996],[37.825468,48.889992],[37.825815,48.890354],[37.825842,48.890348],[37.825856,48.890345],[37.826014,48.890314],[37.826014,48.890313],[37.826048,48.890306],[37.826014,48.890066],[37.826014,48.890065],[37.825964,48.889724],[37.825568,48.889568],[37.825438,48.88996]]]}},{"type":"Feature","properties":{"cadnum":"1424287900:03:000:0112"},"geometry":{"type":"Polygon","coordinates":[[[37.823915,48.889996],[37.823979,48.890105],[37.82398,48.890105],[37.824023,48.890176],[37.8241,48.890132],[37.824257,48.889992],[37.824256,48.889992],[37.824729,48.889571],[37.8244,48.889432],[37.823918,48.889992],[37.823917,48.889992],[37.823915,48.889996]]]}},{"type":"Feature","properties":{"cadnum":"1424287900:03:000:0171"},"geometry":{"type":"Polygon","coordinates":[[[37.824976,48.889524],[37.82511,48.889665],[37.825195,48.889807],[37.825371,48.889992],[37.825406,48.890028],[37.825409,48.890032],[37.825472,48.890105],[37.825609,48.890265],[37.825842,48.89043],[37.826014,48.890346],[37.826014,48.890345],[37.826081,48.890312],[37.826048,48.890306],[37.825856,48.890345],[37.825815,48.890354],[37.825576,48.890105],[37.825438,48.88996],[37.825568,48.889568],[37.825595,48.889476],[37.825339,48.8894],[37.824976,48.889524]]]}},{"type":"Feature","properties":{"cadnum":"1424287900:03:000:0262"},"geometry":{"type":"Polygon","coordinates":[[[37.82436,48.889987],[37.824361,48.889992],[37.82436,48.889992],[37.824377,48.890065],[37.824385,48.890105],[37.824386,48.890105],[37.824423,48.890265],[37.824769,48.890105],[37.825263,48.889878],[37.825195,48.889807],[37.82511,48.889665],[37.824976,48.889524],[37.82436,48.889987]]]}},{"type":"Feature","properties":{"cadnum":"1424287900:05:000:0427"},"geometry":{"type":"Polygon","coordinates":[[[37.868225,48.842988],[37.869787,48.843041],[37.869873,48.843044],[37.869932,48.842556],[37.869047,48.842545],[37.868225,48.842988]]]}},{"type":"Feature","properties":{"cadnum":"1424287900:05:000:0426"},"geometry":{"type":"Polygon","coordinates":[[[37.864816,48.844081],[37.866433,48.844105],[37.867227,48.844022],[37.86747,48.843895],[37.867613,48.843322],[37.867947,48.843106],[37.868185,48.842952],[37.868984,48.842518],[37.869091,48.842184],[37.865256,48.842131],[37.865055,48.843017],[37.865054,48.843017],[37.865042,48.843074],[37.865029,48.84313],[37.864816,48.844081]]]}},{"type":"Feature","properties":{"cadnum":"1424287900:05:000:0091"},"geometry":{"type":"Polygon","coordinates":[[[37.818853,48.855555],[37.82052,48.855656],[37.820521,48.855656],[37.823381,48.855827],[37.825123,48.85593],[37.825142,48.855744],[37.825213,48.855065],[37.820349,48.854773],[37.81897,48.85469],[37.818853,48.855555]]]}},{"type":"Feature","properties":{"cadnum":"1424287900:05:000:0092"},"geometry":{"type":"Polygon","coordinates":[[[37.81897,48.85469],[37.82052,48.854783],[37.820521,48.854783],[37.825213,48.855065],[37.825299,48.85427],[37.820349,48.853973],[37.819083,48.853897],[37.819071,48.853974],[37.819072,48.853974],[37.81897,48.85469]]]}},{"type":"Feature","properties":{"cadnum":"1424287900:05:000:0110"},"geometry":{"type":"Polygon","coordinates":[[[37.825358,48.855121],[37.825842,48.855124],[37.825842,48.855125],[37.831348,48.855157],[37.831354,48.854955],[37.826014,48.854925],[37.826014,48.854924],[37.825379,48.85492],[37.825358,48.855121]]]}},{"type":"Feature","properties":{"cadnum":"1424287900:01:000:0182"},"geometry":{"type":"Polygon","coordinates":[[[37.825205,48.856566],[37.825352,48.856575],[37.825326,48.856743],[37.825425,48.856829],[37.825752,48.856797],[37.825765,48.856874],[37.825842,48.85687],[37.825951,48.856864],[37.826014,48.856861],[37.827697,48.856773],[37.831331,48.856596],[37.831335,48.856315],[37.825842,48.856357],[37.825842,48.856358],[37.825226,48.856362],[37.825205,48.856566]]]}},{"type":"Feature","properties":{"cadnum":"1424287900:05:000:0112"},"geometry":{"type":"Polygon","coordinates":[[[37.825379,48.85492],[37.825842,48.854923],[37.825842,48.854924],[37.831354,48.854955],[37.831354,48.854752],[37.825842,48.854719],[37.825398,48.854716],[37.825379,48.85492]]]}},{"type":"Feature","properties":{"cadnum":"1424287900:05:000:0109"},"geometry":{"type":"Polygon","coordinates":[[[37.825272,48.855925],[37.825842,48.855928],[37.825842,48.855929],[37.826844,48.855934],[37.83134,48.85596],[37.83134,48.855718],[37.831344,48.855632],[37.831344,48.855449],[37.831348,48.855157],[37.826014,48.855126],[37.825358,48.855121],[37.825295,48.855735],[37.825272,48.855925]],[[37.829211,48.855665],[37.829243,48.855661],[37.829247,48.855682],[37.829215,48.855685],[37.829211,48.855665]],[[37.826174,48.855809],[37.826174,48.85581],[37.826175,48.85581],[37.826178,48.85583],[37.826148,48.85583],[37.826148,48.85581],[37.826148,48.855809],[37.826174,48.855809]]]}},{"type":"Feature","properties":{"cadnum":"1424287900:01:000:1246"},"geometry":{"type":"Polygon","coordinates":[[[37.823165,48.860721],[37.824131,48.860703],[37.824473,48.859095],[37.824593,48.859093],[37.824809,48.857588],[37.824882,48.857086],[37.823211,48.857083],[37.823205,48.857475],[37.823165,48.860721]]]}},{"type":"Feature","properties":{"cadnum":"1424287900:05:000:0245"},"geometry":{"type":"Polygon","coordinates":[[[37.825425,48.8545],[37.825842,48.854503],[37.825926,48.854503],[37.826014,48.854504],[37.826014,48.854503],[37.826673,48.854506],[37.826664,48.854429],[37.82671,48.854338],[37.826794,48.854279],[37.826014,48.854276],[37.826014,48.854275],[37.825448,48.854272],[37.825425,48.8545]]]}},{"type":"Feature","properties":{"cadnum":"1424287900:05:000:0425"},"geometry":{"type":"Polygon","coordinates":[[[37.825226,48.856362],[37.826014,48.856357],[37.826014,48.856356],[37.831335,48.856315],[37.83134,48.85596],[37.826844,48.855934],[37.826014,48.85593],[37.826014,48.855929],[37.825272,48.855925],[37.825226,48.856362]]]}},{"type":"Feature","properties":{"cadnum":"1424287900:05:000:0113"},"geometry":{"type":"Polygon","coordinates":[[[37.825398,48.854716],[37.826014,48.854721],[37.826014,48.85472],[37.831354,48.854752],[37.831358,48.854533],[37.827352,48.854509],[37.827347,48.85453],[37.827276,48.854613],[37.827154,48.854669],[37.827153,48.854669],[37.82701,48.85469],[37.826867,48.854669],[37.826866,48.854669],[37.82675,48.854609],[37.826677,48.854527],[37.826677,48.854526],[37.826673,48.854506],[37.825926,48.854503],[37.825425,48.8545],[37.825398,48.854716]]]}},{"type":"Feature","properties":{"cadnum":"1424287900:01:000:1247"},"geometry":{"type":"Polygon","coordinates":[[[37.825075,48.858699],[37.826014,48.858655],[37.826014,48.858654],[37.826054,48.858652],[37.826067,48.857588],[37.826075,48.857032],[37.825949,48.85704],[37.825339,48.857074],[37.825299,48.857178],[37.825237,48.857588],[37.825238,48.857588],[37.825238,48.857589],[37.825075,48.858699]]]}},{"type":"Feature","properties":{"cadnum":"1424287900:01:000:1243"},"geometry":{"type":"Polygon","coordinates":[[[37.820695,48.860738],[37.822128,48.860747],[37.823165,48.860721],[37.823204,48.857588],[37.823211,48.857083],[37.820861,48.857139],[37.820744,48.857139],[37.820739,48.857475],[37.820695,48.860738]]]}},{"type":"Feature","properties":{"cadnum":"1424287900:01:000:1248"},"geometry":{"type":"Polygon","coordinates":[[[37.817075,48.860479],[37.817578,48.860744],[37.82052,48.860739],[37.820521,48.860739],[37.820695,48.860738],[37.820737,48.857588],[37.820738,48.857588],[37.820744,48.857139],[37.820411,48.857143],[37.818085,48.857166],[37.818075,48.857475],[37.818074,48.857475],[37.818004,48.859802],[37.817825,48.859772],[37.817075,48.860479]]]}},{"type":"Feature","properties":{"cadnum":"1424287900:05:000:0333"},"geometry":{"type":"Polygon","coordinates":[[[37.865476,48.811109],[37.865854,48.811103],[37.867269,48.811819],[37.867663,48.811508],[37.869076,48.81047],[37.869076,48.810469],[37.869483,48.810171],[37.869787,48.81035],[37.8699,48.810417],[37.869959,48.810452],[37.870039,48.8105],[37.872389,48.80905],[37.870969,48.807716],[37.869787,48.808446],[37.86651,48.81047],[37.865476,48.811109]]]}},{"type":"Feature","properties":{"cadnum":"1424287900:05:000:0334"},"geometry":{"type":"Polygon","coordinates":[[[37.867663,48.811508],[37.868112,48.811747],[37.869676,48.810583],[37.869787,48.8105],[37.8699,48.810417],[37.869483,48.810171],[37.868922,48.810583],[37.867663,48.811508]]]}},{"type":"Feature","properties":{"cadnum":"1424287900:05:000:0165"},"geometry":{"type":"Polygon","coordinates":[[[37.82101,48.826331],[37.821341,48.826523],[37.82189,48.826843],[37.824404,48.824966],[37.825842,48.823894],[37.825858,48.823882],[37.826014,48.823766],[37.826014,48.823765],[37.826027,48.823755],[37.825842,48.823647],[37.82515,48.823241],[37.822724,48.825051],[37.82101,48.826331]]]}},{"type":"Feature","properties":{"cadnum":"1424287900:07:000:0252"},"geometry":{"type":"Polygon","coordinates":[[[37.815943,48.823019],[37.817402,48.824362],[37.819582,48.823161],[37.820349,48.822355],[37.820349,48.822356],[37.820691,48.821996],[37.820349,48.821638],[37.820046,48.821321],[37.820045,48.821321],[37.819693,48.820952],[37.819023,48.821321],[37.819022,48.821321],[37.818957,48.821357],[37.818817,48.821434],[37.815943,48.823019]]]}},{"type":"Feature","properties":{"cadnum":"1424287900:07:000:0240"},"geometry":{"type":"Polygon","coordinates":[[[37.814928,48.827215],[37.815027,48.827291],[37.815112,48.827357],[37.815647,48.827777],[37.816873,48.827082],[37.817911,48.826511],[37.82052,48.825019],[37.82052,48.825018],[37.820661,48.824938],[37.820661,48.824937],[37.821333,48.824553],[37.820821,48.82419],[37.820401,48.823892],[37.819788,48.823457],[37.818287,48.82447],[37.817579,48.825051],[37.81758,48.825051],[37.816456,48.825973],[37.815947,48.826458],[37.814991,48.827047],[37.814928,48.827215]],[[37.81959,48.825352],[37.81959,48.825353],[37.819545,48.825375],[37.819429,48.825263],[37.819464,48.82524],[37.81959,48.825352]],[[37.816985,48.826798],[37.81694,48.826822],[37.816823,48.826712],[37.816859,48.826688],[37.816985,48.826798]]]}},{"type":"Feature","properties":{"cadnum":"1424287900:05:000:0166"},"geometry":{"type":"Polygon","coordinates":[[[37.819788,48.825616],[37.819899,48.82568],[37.820349,48.825941],[37.820431,48.825988],[37.82052,48.826042],[37.82052,48.826041],[37.820521,48.826041],[37.82101,48.826331],[37.822875,48.824938],[37.822875,48.824937],[37.82515,48.823241],[37.824723,48.822995],[37.824612,48.822931],[37.824176,48.823173],[37.824184,48.823179],[37.824163,48.82319],[37.824153,48.823185],[37.823264,48.823678],[37.823274,48.823685],[37.823255,48.823696],[37.823246,48.82369],[37.822568,48.824069],[37.822572,48.824075],[37.822555,48.824086],[37.822545,48.824078],[37.821849,48.824468],[37.821859,48.824474],[37.82184,48.824483],[37.821831,48.824477],[37.821113,48.824879],[37.821121,48.824885],[37.821104,48.824893],[37.821094,48.824888],[37.821005,48.824938],[37.820894,48.825],[37.820802,48.825051],[37.820521,48.825209],[37.82052,48.825209],[37.820268,48.825349],[37.820277,48.825352],[37.820278,48.825352],[37.820278,48.825353],[37.820277,48.825353],[37.820259,48.825364],[37.820251,48.825358],[37.819796,48.825609],[37.819788,48.825616]]]}},{"type":"Feature","properties":{"cadnum":"1424287900:07:000:0265"},"geometry":{"type":"Polygon","coordinates":[[[37.81601,48.82513],[37.817435,48.826162],[37.817911,48.826511],[37.82052,48.825019],[37.82052,48.825018],[37.820661,48.824938],[37.820661,48.824937],[37.821333,48.824553],[37.820892,48.824244],[37.820395,48.823889],[37.819716,48.823403],[37.819643,48.823273],[37.819582,48.823161],[37.817402,48.824362],[37.817349,48.824391],[37.816359,48.824938],[37.816358,48.824938],[37.81601,48.82513]],[[37.819478,48.825246],[37.819572,48.82532],[37.819554,48.825331],[37.819553,48.825331],[37.81946,48.825257],[37.819478,48.825246]]]}},{"type":"Feature","properties":{"cadnum":"1424287900:05:000:0178"},"geometry":{"type":"Polygon","coordinates":[[[37.824666,48.822901],[37.824778,48.822966],[37.825842,48.823587],[37.825842,48.823588],[37.826014,48.823687],[37.829193,48.821321],[37.830182,48.820585],[37.829673,48.820286],[37.82953,48.8202],[37.828843,48.820582],[37.828847,48.820585],[37.828825,48.820597],[37.828825,48.820594],[37.828079,48.821005],[37.828084,48.821008],[37.828066,48.82102],[37.828065,48.82102],[37.828061,48.821014],[37.82751,48.821321],[37.827442,48.821359],[37.827308,48.821434],[37.827297,48.82144],[37.827302,48.821445],[37.827302,48.821446],[37.827284,48.821454],[37.827276,48.821452],[37.826453,48.82191],[37.826457,48.821912],[37.826457,48.821913],[37.82644,48.821925],[37.826435,48.821919],[37.826014,48.822152],[37.825739,48.822304],[37.825748,48.822309],[37.825731,48.822321],[37.825721,48.822315],[37.824957,48.822738],[37.824966,48.822744],[37.824943,48.822756],[37.824939,48.82275],[37.824666,48.822901]]]}},{"type":"Feature","properties":{"cadnum":"1424287900:05:000:0267"},"geometry":{"type":"Polygon","coordinates":[[[37.876988,48.802604],[37.878187,48.802648],[37.880424,48.802699],[37.880945,48.802701],[37.883425,48.802714],[37.881834,48.800279],[37.880945,48.800706],[37.876988,48.802604]]]}},{"type":"Feature","properties":{"cadnum":"1424287900:05:000:0268"},"geometry":{"type":"Polygon","coordinates":[[[37.874194,48.802634],[37.874297,48.802734],[37.875452,48.802595],[37.876139,48.802512],[37.876988,48.802604],[37.880773,48.800788],[37.880774,48.800788],[37.880774,48.800789],[37.881834,48.800279],[37.881476,48.799729],[37.881201,48.799306],[37.880945,48.799428],[37.88031,48.799729],[37.87528,48.802118],[37.874194,48.802634]]]}},{"type":"Feature","properties":{"cadnum":"1424287900:03:000:0147"},"geometry":{"type":"Polygon","coordinates":[[[37.82701,48.886514],[37.827329,48.886683],[37.827653,48.886412],[37.828035,48.886095],[37.827715,48.885926],[37.82717,48.88638],[37.827151,48.886395],[37.827034,48.886493],[37.827035,48.886493],[37.82701,48.886514]]]}},{"type":"Feature","properties":{"cadnum":"1424287900:03:000:0145"},"geometry":{"type":"Polygon","coordinates":[[[37.826368,48.88618],[37.826687,48.886346],[37.827392,48.885761],[37.827073,48.885593],[37.826368,48.88618]]]}},{"type":"Feature","properties":{"cadnum":"1424287900:03:000:0149"},"geometry":{"type":"Polygon","coordinates":[[[37.827329,48.886683],[37.827648,48.886851],[37.82808,48.886493],[37.828358,48.886263],[37.828035,48.886095],[37.827691,48.88638],[37.827653,48.886412],[37.827556,48.886493],[37.827329,48.886683]]]}},{"type":"Feature","properties":{"cadnum":"1424287900:03:000:0150"},"geometry":{"type":"Polygon","coordinates":[[[37.826687,48.886346],[37.826752,48.88638],[37.826753,48.88638],[37.826767,48.886388],[37.826968,48.886493],[37.826969,48.886493],[37.82701,48.886514],[37.827151,48.886395],[37.827715,48.885926],[37.827392,48.885761],[37.826687,48.886346]]]}},{"type":"Feature","properties":{"cadnum":"1424287900:01:000:0229"},"geometry":{"type":"Polygon","coordinates":[[[37.823268,48.882084],[37.82388,48.882881],[37.823881,48.882881],[37.824167,48.883253],[37.826014,48.884954],[37.826197,48.885123],[37.828236,48.885853],[37.828528,48.885956],[37.828834,48.886074],[37.829625,48.88638],[37.830796,48.886833],[37.831138,48.88638],[37.831335,48.88612],[37.831417,48.886012],[37.830379,48.88574],[37.830689,48.885295],[37.831335,48.885524],[37.831407,48.88555],[37.831507,48.885585],[37.831821,48.885696],[37.832413,48.8854],[37.831335,48.884871],[37.830585,48.884503],[37.82949,48.88411],[37.829153,48.883989],[37.828182,48.88364],[37.826014,48.88296],[37.825725,48.882869],[37.825721,48.882868],[37.825083,48.882666],[37.824639,48.882521],[37.823268,48.882084]]]}},{"type":"Feature","properties":{"cadnum":"1424287900:03:000:0146"},"geometry":{"type":"Polygon","coordinates":[[[37.826048,48.886012],[37.826368,48.88618],[37.827073,48.885593],[37.826754,48.885424],[37.826048,48.886012]]]}},{"type":"Feature","properties":{"cadnum":"1424287900:03:000:0148"},"geometry":{"type":"Polygon","coordinates":[[[37.827648,48.886851],[37.827972,48.887016],[37.828677,48.886429],[37.828358,48.886263],[37.828216,48.88638],[37.827648,48.886851]]]}},{"type":"Feature","properties":{"cadnum":"1424287900:05:000:0189"},"geometry":{"type":"Polygon","coordinates":[[[37.83713,48.8205],[37.838185,48.821118],[37.841545,48.818618],[37.841669,48.81781],[37.841792,48.81703],[37.840886,48.817704],[37.840885,48.817704],[37.840786,48.817778],[37.840785,48.817779],[37.840734,48.817817],[37.840733,48.817817],[37.83867,48.819354],[37.83713,48.8205]]]}},{"type":"Feature","properties":{"cadnum":"1424287900:06:000:0095"},"geometry":{"type":"Polygon","coordinates":[[[37.839285,48.813961],[37.83932,48.814087],[37.839319,48.814087],[37.83938,48.814306],[37.839438,48.814528],[37.839937,48.814546],[37.839883,48.814279],[37.839851,48.814129],[37.839807,48.813922],[37.839285,48.813961]]]}},{"type":"Feature","properties":{"cadnum":"1424287900:05:000:0191"},"geometry":{"type":"Polygon","coordinates":[[[37.835895,48.817728],[37.835896,48.817729],[37.836046,48.817817],[37.836047,48.817817],[37.836092,48.817844],[37.836828,48.818275],[37.836846,48.818286],[37.837,48.818376],[37.83867,48.819354],[37.840785,48.817779],[37.840786,48.817778],[37.840785,48.817778],[37.839492,48.817021],[37.838822,48.816628],[37.838491,48.816687],[37.83686,48.817223],[37.836734,48.817293],[37.836505,48.817423],[37.835943,48.817704],[37.835942,48.817704],[37.835895,48.817728]],[[37.839151,48.816977],[37.83916,48.816995],[37.839132,48.816998],[37.839128,48.816983],[37.839151,48.816977]],[[37.83788,48.817228],[37.837889,48.817246],[37.837807,48.817261],[37.837803,48.817246],[37.83788,48.817228]],[[37.837497,48.817074],[37.837497,48.817075],[37.837543,48.817166],[37.837516,48.817172],[37.837471,48.817083],[37.837497,48.817074]],[[37.837044,48.817359],[37.837067,48.817364],[37.837044,48.8174],[37.837103,48.817412],[37.837098,48.817427],[37.837013,48.817412],[37.837044,48.817359]],[[37.836828,48.817436],[37.836891,48.817423],[37.836918,48.817477],[37.836842,48.817495],[37.836815,48.817438],[37.836828,48.817436]],[[37.836227,48.817678],[37.836241,48.81769],[37.836218,48.817699],[37.836209,48.817684],[37.836227,48.817678]]]}},{"type":"Feature","properties":{"cadnum":"1424287900:06:000:0195"},"geometry":{"type":"Polygon","coordinates":[[[37.838216,48.81525],[37.838428,48.815992],[37.839012,48.815838],[37.838845,48.815223],[37.838289,48.815246],[37.838216,48.81525]]]}},{"type":"Feature","properties":{"cadnum":"1424287900:05:000:0192"},"geometry":{"type":"Polygon","coordinates":[[[37.838822,48.816628],[37.840659,48.817704],[37.840658,48.817704],[37.840786,48.817778],[37.841792,48.81703],[37.841908,48.816274],[37.841908,48.816273],[37.842048,48.81627],[37.842044,48.816137],[37.840463,48.816364],[37.839402,48.816513],[37.838822,48.816628]],[[37.841832,48.816451],[37.841855,48.816447],[37.841855,48.816448],[37.841859,48.816462],[37.841837,48.816465],[37.841832,48.816451]],[[37.840853,48.816646],[37.840876,48.816643],[37.84088,48.816658],[37.840858,48.816664],[37.840853,48.816646]],[[37.840471,48.816401],[37.840499,48.816394],[37.840499,48.816395],[37.840543,48.816486],[37.840512,48.816492],[37.840471,48.816401]],[[37.839802,48.816859],[37.839824,48.816853],[37.839834,48.816868],[37.839811,48.816873],[37.839802,48.816859]]]}},{"type":"Feature","properties":{"cadnum":"1424287900:06:000:0130"},"geometry":{"type":"Polygon","coordinates":[[[37.840327,48.813856],[37.840346,48.814025],[37.840355,48.814087],[37.840354,48.814087],[37.840409,48.814445],[37.840409,48.814641],[37.840782,48.814649],[37.840772,48.814336],[37.840747,48.814087],[37.840723,48.813836],[37.840327,48.813856]]]}},{"type":"Feature","properties":{"cadnum":"1424287900:06:000:0176"},"geometry":{"type":"Polygon","coordinates":[[[37.839847,48.813992],[37.839866,48.814087],[37.839872,48.814115],[37.839889,48.8142],[37.839973,48.814608],[37.840409,48.814641],[37.840409,48.814445],[37.840371,48.8142],[37.840346,48.814025],[37.840337,48.813963],[37.839847,48.813992]]]}},{"type":"Feature","properties":{"cadnum":"1424287900:06:000:0193"},"geometry":{"type":"Polygon","coordinates":[[[37.83814,48.814687],[37.838289,48.815246],[37.838845,48.815223],[37.838702,48.814691],[37.83814,48.814687]]]}},{"type":"Feature","properties":{"cadnum":"1424287900:05:000:0368"},"geometry":{"type":"Polygon","coordinates":[[[37.895157,48.817598],[37.895268,48.817704],[37.895267,48.817704],[37.895781,48.818192],[37.896547,48.817817],[37.896548,48.817817],[37.897253,48.817473],[37.897306,48.817447],[37.897425,48.817389],[37.897771,48.817219],[37.897258,48.816572],[37.895157,48.817598]]]}},{"type":"Feature","properties":{"cadnum":"1424287900:05:000:0397"},"geometry":{"type":"Polygon","coordinates":[[[37.895781,48.818192],[37.89596,48.818364],[37.896316,48.818645],[37.896337,48.818773],[37.896886,48.818509],[37.897253,48.818333],[37.897406,48.818259],[37.897425,48.81825],[37.898264,48.817844],[37.898211,48.817777],[37.897771,48.817219],[37.897306,48.817447],[37.896779,48.817704],[37.896778,48.817704],[37.895781,48.818192]]]}},{"type":"Feature","properties":{"cadnum":"1424287900:07:000:0170"},"geometry":{"type":"Polygon","coordinates":[[[37.837062,48.785487],[37.83788,48.786295],[37.840231,48.785253],[37.840232,48.785253],[37.842493,48.784252],[37.84251,48.784244],[37.842354,48.78409],[37.841692,48.783436],[37.837587,48.785253],[37.837588,48.785253],[37.837588,48.785254],[37.837062,48.785487]]]}},{"type":"Feature","properties":{"cadnum":"1424287900:07:000:0172"},"geometry":{"type":"Polygon","coordinates":[[[37.835315,48.783764],[37.836231,48.78467],[37.836828,48.784407],[37.840866,48.782619],[37.839946,48.781714],[37.836828,48.783095],[37.835315,48.783764]]]}},{"type":"Feature","properties":{"cadnum":"1424287900:07:000:0169"},"geometry":{"type":"Polygon","coordinates":[[[37.83788,48.786295],[37.838698,48.787103],[37.842493,48.785421],[37.843113,48.785147],[37.843113,48.785146],[37.843333,48.785052],[37.84326,48.784981],[37.84251,48.784244],[37.842321,48.784328],[37.840487,48.78514],[37.83788,48.786295]]]}},{"type":"Feature","properties":{"cadnum":"1424287900:07:000:0323"},"geometry":{"type":"Polygon","coordinates":[[[37.838549,48.783646],[37.83938,48.784463],[37.841692,48.783436],[37.840866,48.782619],[37.838549,48.783646]]]}},{"type":"Feature","properties":{"cadnum":"1424287900:07:000:0173"},"geometry":{"type":"Polygon","coordinates":[[[37.834273,48.78274],[37.835315,48.783764],[37.837,48.783019],[37.839946,48.781714],[37.839751,48.781521],[37.83975,48.781521],[37.838908,48.780689],[37.836828,48.781609],[37.836828,48.78161],[37.836773,48.781634],[37.836774,48.781634],[37.834273,48.78274]]]}},{"type":"Feature","properties":{"cadnum":"1424287900:07:000:0322"},"geometry":{"type":"Polygon","coordinates":[[[37.836231,48.78467],[37.836709,48.78514],[37.836828,48.785258],[37.836862,48.785291],[37.837,48.785427],[37.837,48.785426],[37.837062,48.785487],[37.8378,48.78516],[37.83938,48.784463],[37.838549,48.783646],[37.837,48.784331],[37.836231,48.78467]]]}},{"type":"Feature","properties":{"cadnum":"1424287900:07:000:0344"},"geometry":{"type":"Polygon","coordinates":[[[37.836474,48.778197],[37.836828,48.778548],[37.839833,48.781521],[37.839832,48.781521],[37.840004,48.78169],[37.842321,48.783975],[37.842321,48.783976],[37.843617,48.785253],[37.843618,48.785253],[37.844365,48.78599],[37.847288,48.788873],[37.847815,48.789392],[37.848849,48.790411],[37.850921,48.792378],[37.850921,48.792379],[37.853479,48.794807],[37.85348,48.794807],[37.854619,48.795889],[37.854871,48.795764],[37.854252,48.795175],[37.853479,48.794299],[37.853479,48.794298],[37.85263,48.793334],[37.851646,48.792379],[37.851645,48.792379],[37.848862,48.789674],[37.848037,48.788873],[37.847986,48.788823],[37.847986,48.788822],[37.845942,48.786836],[37.844554,48.785499],[37.844179,48.78514],[37.842493,48.783526],[37.840423,48.781542],[37.840422,48.781542],[37.836838,48.7781],[37.836474,48.778197]]]}},{"type":"Feature","properties":{"cadnum":"1424287900:05:000:0215"},"geometry":{"type":"Polygon","coordinates":[[[37.858657,48.825864],[37.858711,48.827067],[37.858801,48.827066],[37.862929,48.826988],[37.862894,48.826189],[37.862875,48.825784],[37.858801,48.825861],[37.858657,48.825864]]]}},{"type":"Feature","properties":{"cadnum":"1424287900:05:000:0214"},"geometry":{"type":"Polygon","coordinates":[[[37.858711,48.827067],[37.858743,48.827771],[37.858774,48.82838],[37.858801,48.828387],[37.858801,48.828388],[37.859852,48.828667],[37.859853,48.828667],[37.860086,48.828729],[37.863001,48.828696],[37.863,48.828667],[37.862938,48.827283],[37.862929,48.826988],[37.858973,48.827063],[37.858711,48.827067]]]}},{"type":"Feature","properties":{"cadnum":"1424287900:05:000:0220"},"geometry":{"type":"Polygon","coordinates":[[[37.862894,48.826189],[37.862929,48.826988],[37.862938,48.827283],[37.864466,48.827255],[37.866235,48.827221],[37.867745,48.827192],[37.867713,48.8271],[37.867586,48.8261],[37.864466,48.82616],[37.862894,48.826189]]]}},{"type":"Feature","properties":{"cadnum":"1424287900:05:000:0343"},"geometry":{"type":"Polygon","coordinates":[[[37.858608,48.824657],[37.858619,48.824937],[37.858619,48.824938],[37.858618,48.824938],[37.858657,48.825864],[37.858973,48.825858],[37.862875,48.825784],[37.862844,48.825066],[37.862839,48.824972],[37.862822,48.824577],[37.858801,48.824653],[37.858801,48.824654],[37.858608,48.824657]]]}},{"type":"Feature","properties":{"cadnum":"1424287900:05:000:0218"},"geometry":{"type":"Polygon","coordinates":[[[37.862938,48.827283],[37.862995,48.828554],[37.863001,48.828696],[37.864466,48.828678],[37.864623,48.828676],[37.866011,48.829607],[37.866343,48.829704],[37.866297,48.828667],[37.866298,48.828667],[37.866235,48.827221],[37.864294,48.827258],[37.862938,48.827283]]]}},{"type":"Feature","properties":{"cadnum":"1424287900:05:000:0419"},"geometry":{"type":"Polygon","coordinates":[[[37.858181,48.820502],[37.858216,48.821434],[37.858217,48.821434],[37.858222,48.821552],[37.858277,48.822945],[37.858321,48.824098],[37.858356,48.825051],[37.858357,48.825068],[37.858388,48.825879],[37.85842,48.826683],[37.858451,48.82749],[37.858478,48.82825],[37.85847,48.828528],[37.858513,48.828554],[37.858649,48.828633],[37.858707,48.828667],[37.858801,48.828721],[37.858801,48.828722],[37.858851,48.82875],[37.858973,48.828851],[37.858973,48.82885],[37.859084,48.828942],[37.85904,48.828608],[37.858891,48.828521],[37.858707,48.828413],[37.85859,48.825864],[37.85855,48.824938],[37.858549,48.824938],[37.858549,48.824937],[37.858464,48.822939],[37.858397,48.821434],[37.858357,48.8205],[37.858181,48.820502]]]}},{"type":"Feature","properties":{"cadnum":"1424287900:05:000:0145"},"geometry":{"type":"Polygon","coordinates":[[[37.845654,48.850108],[37.847814,48.850121],[37.847815,48.850121],[37.851719,48.850144],[37.851741,48.850037],[37.851929,48.849216],[37.847986,48.849194],[37.845663,48.849181],[37.845659,48.849641],[37.845654,48.850108]]]}},{"type":"Feature","properties":{"cadnum":"1424287900:05:000:0147"},"geometry":{"type":"Polygon","coordinates":[[[37.845677,48.848264],[37.847814,48.848277],[37.847815,48.848277],[37.852141,48.8483],[37.852158,48.848232],[37.852342,48.847393],[37.847986,48.847368],[37.84569,48.847354],[37.845682,48.848078],[37.845677,48.848264]]]}},{"type":"Feature","properties":{"cadnum":"1424287900:05:000:0146"},"geometry":{"type":"Polygon","coordinates":[[[37.845663,48.849181],[37.847814,48.849193],[37.847815,48.849193],[37.851929,48.849216],[37.852141,48.8483],[37.847986,48.848278],[37.845677,48.848264],[37.845677,48.848265],[37.845667,48.848867],[37.845663,48.849181]]]}},{"type":"Feature","properties":{"cadnum":"1424287900:05:000:0135"},"geometry":{"type":"Polygon","coordinates":[[[37.838405,48.848826],[37.842321,48.848849],[37.845667,48.848867],[37.845677,48.848264],[37.845682,48.848078],[37.842493,48.848061],[37.838415,48.848037],[37.838405,48.848826]]]}},{"type":"Feature","properties":{"cadnum":"1424287900:05:000:0248"},"geometry":{"type":"Polygon","coordinates":[[[37.838383,48.850351],[37.838423,48.850351],[37.842321,48.850374],[37.84565,48.850392],[37.845651,48.850315],[37.845654,48.850108],[37.845659,48.849641],[37.842493,48.849624],[37.838392,48.8496],[37.838384,48.850247],[37.838383,48.850247],[37.838383,48.850351]]]}},{"type":"Feature","properties":{"cadnum":"1424287900:05:000:0123"},"geometry":{"type":"Polygon","coordinates":[[[37.845641,48.851025],[37.847814,48.851038],[37.847815,48.851038],[37.851516,48.85106],[37.851696,48.850247],[37.851719,48.850144],[37.847986,48.850122],[37.845654,48.850108],[37.845652,48.850247],[37.845651,48.850247],[37.845651,48.850315],[37.84565,48.85036],[37.84565,48.850392],[37.845641,48.851025]]]}},{"type":"Feature","properties":{"cadnum":"1424287900:05:000:0136"},"geometry":{"type":"Polygon","coordinates":[[[37.838415,48.848037],[37.842321,48.84806],[37.845682,48.848078],[37.84569,48.847354],[37.84569,48.847271],[37.842493,48.847253],[37.838423,48.847229],[37.838415,48.848037]]]}},{"type":"Feature","properties":{"cadnum":"1424287900:01:000:0081"},"geometry":{"type":"Polygon","coordinates":[[[37.799854,48.864273],[37.801478,48.864703],[37.801735,48.864771],[37.801905,48.864816],[37.802418,48.864952],[37.802774,48.864728],[37.803164,48.864571],[37.803299,48.864518],[37.803577,48.864388],[37.800694,48.863566],[37.799854,48.864273]]]}},{"type":"Feature","properties":{"cadnum":"1424287900:01:000:0042"},"geometry":{"type":"Polygon","coordinates":[[[37.803169,48.864571],[37.803506,48.864703],[37.804041,48.864913],[37.809278,48.866964],[37.809246,48.866864],[37.809022,48.866424],[37.808581,48.865703],[37.808374,48.865487],[37.808253,48.865271],[37.808276,48.865224],[37.807011,48.864729],[37.804489,48.863741],[37.804184,48.863953],[37.804041,48.864069],[37.803743,48.864308],[37.803299,48.864518],[37.803169,48.864571]]]}},{"type":"Feature","properties":{"cadnum":"1424287900:01:000:0080"},"geometry":{"type":"Polygon","coordinates":[[[37.798925,48.865015],[37.801502,48.865655],[37.802087,48.865171],[37.802127,48.865138],[37.802418,48.864952],[37.801735,48.864771],[37.799854,48.864273],[37.799314,48.864703],[37.798925,48.865015]]]}},{"type":"Feature","properties":{"cadnum":"1424287900:01:000:0041"},"geometry":{"type":"Polygon","coordinates":[[[37.802087,48.865171],[37.803869,48.86587],[37.808636,48.867739],[37.808905,48.867547],[37.809102,48.86744],[37.809269,48.867295],[37.809322,48.867094],[37.809278,48.866964],[37.804041,48.864915],[37.80379,48.864816],[37.803508,48.864706],[37.803502,48.864703],[37.803164,48.864571],[37.802835,48.864703],[37.802834,48.864703],[37.802774,48.864728],[37.802634,48.864816],[37.802127,48.865138],[37.802087,48.865171]]]}},{"type":"Feature","properties":{"cadnum":"1424287900:01:000:0089"},"geometry":{"type":"Polygon","coordinates":[[[37.801978,48.862479],[37.804041,48.862854],[37.804041,48.862853],[37.805464,48.863112],[37.80598,48.862819],[37.807288,48.861782],[37.806403,48.861693],[37.806295,48.862],[37.80611,48.862527],[37.804041,48.862308],[37.803317,48.862231],[37.802234,48.862254],[37.801978,48.862479]]]}},{"type":"Feature","properties":{"cadnum":"1424287900:01:000:0082"},"geometry":{"type":"Polygon","coordinates":[[[37.800694,48.863566],[37.803577,48.864388],[37.803743,48.864308],[37.803869,48.864207],[37.804184,48.863953],[37.804489,48.863741],[37.803869,48.863595],[37.801328,48.862996],[37.800694,48.863566]]]}},{"type":"Feature","properties":{"cadnum":"1424287900:01:000:0083"},"geometry":{"type":"Polygon","coordinates":[[[37.801328,48.862996],[37.804041,48.863636],[37.804041,48.863635],[37.804489,48.863741],[37.805091,48.863322],[37.805464,48.863112],[37.803869,48.862822],[37.803869,48.862823],[37.801978,48.862479],[37.801328,48.862996]]]}},{"type":"Feature","properties":{"cadnum":"1424287900:05:000:0412"},"geometry":{"type":"Polygon","coordinates":[[[37.847069,48.820121],[37.847814,48.820006],[37.847815,48.820006],[37.847851,48.82],[37.847986,48.81998],[37.847986,48.819979],[37.848655,48.819875],[37.848659,48.819754],[37.848359,48.819503],[37.849266,48.819172],[37.849451,48.817704],[37.84945,48.817704],[37.849755,48.815303],[37.848745,48.815321],[37.847815,48.815315],[37.847815,48.815316],[37.847814,48.815316],[37.847671,48.815314],[37.847371,48.817704],[37.847069,48.820121]]]}},{"type":"Feature","properties":{"cadnum":"1424287900:05:000:0413"},"geometry":{"type":"Polygon","coordinates":[[[37.84512,48.820038],[37.846642,48.820189],[37.847069,48.820121],[37.847357,48.817817],[37.847671,48.815314],[37.846598,48.815338],[37.845682,48.815457],[37.845406,48.817704],[37.84512,48.820038]]]}},{"type":"Feature","properties":{"cadnum":"1424287900:07:000:0168"},"geometry":{"type":"Polygon","coordinates":[[[37.838698,48.787103],[37.839677,48.788068],[37.841051,48.787458],[37.841707,48.787168],[37.841729,48.787138],[37.841755,48.787144],[37.842321,48.786894],[37.842358,48.786878],[37.842493,48.786818],[37.844308,48.786017],[37.843683,48.785395],[37.84346,48.785177],[37.843333,48.785052],[37.843127,48.78514],[37.843126,48.78514],[37.843113,48.785146],[37.843113,48.785147],[37.842871,48.785253],[37.842871,48.785254],[37.842321,48.785497],[37.838698,48.787103]]]}},{"type":"Feature","properties":{"cadnum":"1424287900:07:000:0335"},"geometry":{"type":"Polygon","coordinates":[[[37.801259,48.802288],[37.801508,48.802255],[37.801624,48.802084],[37.801911,48.800933],[37.802531,48.799966],[37.802711,48.799729],[37.803577,48.798593],[37.803447,48.798457],[37.803106,48.798483],[37.802774,48.798821],[37.802464,48.799284],[37.80237,48.799429],[37.802231,48.799616],[37.80223,48.799616],[37.802219,48.799631],[37.802146,48.799729],[37.801705,48.800323],[37.801368,48.80122],[37.801313,48.801861],[37.801282,48.802202],[37.801259,48.802288]]]}},{"type":"Feature","properties":{"cadnum":"1424287900:07:000:0386"},"geometry":{"type":"Polygon","coordinates":[[[37.802141,48.796942],[37.802177,48.797054],[37.802859,48.798734],[37.803106,48.798483],[37.80338,48.798462],[37.803869,48.798166],[37.803869,48.798167],[37.806492,48.79658],[37.806021,48.796101],[37.80545,48.795521],[37.804341,48.795997],[37.80434,48.795997],[37.804226,48.796046],[37.804077,48.79611],[37.804078,48.79611],[37.804078,48.796111],[37.804041,48.796126],[37.802141,48.796942]]]}},{"type":"Feature","properties":{"cadnum":"1424287900:07:000:0345"},"geometry":{"type":"Polygon","coordinates":[[[37.807374,48.777324],[37.807893,48.777901],[37.807956,48.777971],[37.807994,48.778014],[37.807995,48.778014],[37.808733,48.778833],[37.809362,48.77953],[37.809362,48.779531],[37.809457,48.779635],[37.809534,48.779721],[37.809875,48.780097],[37.81142,48.781634],[37.811421,48.781634],[37.813737,48.783936],[37.815005,48.78514],[37.815004,48.78514],[37.816966,48.787002],[37.818933,48.788759],[37.818933,48.78876],[37.81911,48.788917],[37.819239,48.788849],[37.81924,48.788849],[37.819239,48.788848],[37.817322,48.786991],[37.815533,48.785254],[37.815533,48.785253],[37.814932,48.784669],[37.814848,48.784587],[37.812255,48.782057],[37.811752,48.781564],[37.809919,48.779766],[37.809362,48.779232],[37.808092,48.778014],[37.807374,48.777324]]]}},{"type":"Feature","properties":{"cadnum":"1424287900:07:000:0021"},"geometry":{"type":"Polygon","coordinates":[[[37.819043,48.790222],[37.819051,48.790228],[37.81906,48.790219],[37.819051,48.790216],[37.819043,48.790222]]]}},{"type":"Feature","properties":{"cadnum":"1424287900:05:000:0283"},"geometry":{"type":"Polygon","coordinates":[[[37.811766,48.791385],[37.812776,48.792378],[37.812776,48.792379],[37.813104,48.792701],[37.81345,48.792492],[37.814855,48.791641],[37.814856,48.791641],[37.814856,48.791642],[37.815965,48.79097],[37.815027,48.790046],[37.814645,48.789669],[37.814632,48.789654],[37.811766,48.791385]]]}},{"type":"Feature","properties":{"cadnum":"1424287900:07:000:0329"},"geometry":{"type":"Polygon","coordinates":[[[37.81332,48.788366],[37.81372,48.788759],[37.81372,48.78876],[37.81383,48.788867],[37.813835,48.788873],[37.814632,48.789654],[37.814645,48.789669],[37.814855,48.789541],[37.814856,48.789541],[37.814856,48.789542],[37.81596,48.788871],[37.817532,48.787919],[37.816221,48.786612],[37.814856,48.787438],[37.81332,48.788366]]]}},{"type":"Feature","properties":{"cadnum":"1424287900:07:000:0020"},"geometry":{"type":"Polygon","coordinates":[[[37.81994,48.790222],[37.81994,48.790231],[37.819954,48.790231],[37.819954,48.790222],[37.81994,48.790222]]]}},{"type":"Feature","properties":{"cadnum":"1424287900:07:000:0022"},"geometry":{"type":"Polygon","coordinates":[[[37.81889,48.790367],[37.818898,48.790373],[37.818907,48.790367],[37.818898,48.790358],[37.81889,48.790367]]]}},{"type":"Feature","properties":{"cadnum":"1424287900:05:000:0294"},"geometry":{"type":"Polygon","coordinates":[[[37.813913,48.792273],[37.81455,48.792492],[37.815027,48.792656],[37.818916,48.793992],[37.819775,48.793084],[37.819154,48.793012],[37.819154,48.79266],[37.81936,48.792628],[37.818635,48.792379],[37.818634,48.792379],[37.815511,48.791305],[37.815027,48.791598],[37.813913,48.792273]]]}},{"type":"Feature","properties":{"cadnum":"1424287900:07:000:0353"},"geometry":{"type":"Polygon","coordinates":[[[37.814645,48.789669],[37.814856,48.789877],[37.815965,48.79097],[37.817794,48.789867],[37.818871,48.789254],[37.818476,48.788863],[37.817865,48.788254],[37.817532,48.787919],[37.816324,48.788654],[37.815961,48.788873],[37.814856,48.789542],[37.814645,48.789669]]]}},{"type":"Feature","properties":{"cadnum":"1424287900:01:000:0091"},"geometry":{"type":"Polygon","coordinates":[[[37.807198,48.859356],[37.808572,48.859512],[37.808573,48.859512],[37.80912,48.859004],[37.809362,48.858676],[37.809425,48.858591],[37.809534,48.858181],[37.809534,48.85818],[37.809565,48.858064],[37.809574,48.857544],[37.809482,48.857595],[37.807378,48.858738],[37.807198,48.859356]]]}},{"type":"Feature","properties":{"cadnum":"1424287900:01:000:0090"},"geometry":{"type":"Polygon","coordinates":[[[37.806403,48.861693],[37.807288,48.861782],[37.807718,48.861439],[37.807679,48.861203],[37.807679,48.861202],[37.807628,48.860892],[37.807691,48.860414],[37.808047,48.860015],[37.808572,48.859512],[37.807198,48.859356],[37.807045,48.859884],[37.806576,48.861202],[37.806576,48.861203],[37.806403,48.861693]]]}},{"type":"Feature","properties":{"cadnum":"1424287900:07:000:0301"},"geometry":{"type":"Polygon","coordinates":[[[37.812574,48.76011],[37.813221,48.76095],[37.814855,48.759969],[37.814856,48.759969],[37.814999,48.759883],[37.815027,48.759866],[37.815139,48.759798],[37.815138,48.759798],[37.817825,48.758185],[37.817133,48.757373],[37.815027,48.758638],[37.813093,48.759798],[37.813092,48.759798],[37.812574,48.76011]]]}},{"type":"Feature","properties":{"cadnum":"1424287900:07:000:0305"},"geometry":{"type":"Polygon","coordinates":[[[37.816752,48.760048],[37.818544,48.762383],[37.819616,48.761303],[37.820035,48.760766],[37.819302,48.759912],[37.819303,48.759912],[37.818511,48.758988],[37.817165,48.759798],[37.817093,48.759842],[37.816977,48.759912],[37.816752,48.760048]]]}},{"type":"Feature","properties":{"cadnum":"1424287900:07:000:0226"},"geometry":{"type":"Polygon","coordinates":[[[37.811263,48.758398],[37.811923,48.759256],[37.814855,48.757495],[37.814856,48.757495],[37.816427,48.75655],[37.816206,48.75629],[37.815723,48.755721],[37.814963,48.756177],[37.814862,48.756238],[37.814774,48.75629],[37.811263,48.758398]]]}},{"type":"Feature","properties":{"cadnum":"1424287900:07:000:0251"},"geometry":{"type":"Polygon","coordinates":[[[37.811923,48.759256],[37.812336,48.759798],[37.812574,48.76011],[37.812904,48.759912],[37.814855,48.758741],[37.814856,48.758741],[37.817133,48.757373],[37.816427,48.75655],[37.815027,48.757392],[37.811923,48.759256]]]}},{"type":"Feature","properties":{"cadnum":"1424287900:07:000:0298"},"geometry":{"type":"Polygon","coordinates":[[[37.813221,48.76095],[37.813859,48.761782],[37.814855,48.761184],[37.814856,48.761184],[37.814856,48.761185],[37.815022,48.761084],[37.815027,48.761081],[37.815215,48.760968],[37.816752,48.760048],[37.817093,48.759842],[37.818511,48.758988],[37.817825,48.758185],[37.814949,48.759912],[37.81495,48.759912],[37.813221,48.76095]]]}},{"type":"Feature","properties":{"cadnum":"1424287900:07:000:0326"},"geometry":{"type":"Polygon","coordinates":[[[37.817286,48.757193],[37.819614,48.759912],[37.820182,48.760575],[37.820349,48.760361],[37.820377,48.760324],[37.82052,48.76014],[37.82052,48.760139],[37.820785,48.759798],[37.820784,48.759798],[37.821161,48.759313],[37.820349,48.758364],[37.818647,48.756376],[37.817286,48.757193]]]}},{"type":"Feature","properties":{"cadnum":"1424287900:05:000:0087"},"geometry":{"type":"Polygon","coordinates":[[[37.815696,48.842175],[37.82052,48.842465],[37.82052,48.842464],[37.820521,48.842464],[37.820578,48.842468],[37.820722,48.841433],[37.820349,48.841411],[37.816006,48.841149],[37.815696,48.842175]]]}},{"type":"Feature","properties":{"cadnum":"1424287900:05:000:0088"},"geometry":{"type":"Polygon","coordinates":[[[37.816006,48.841149],[37.82052,48.841422],[37.82052,48.841421],[37.820521,48.841421],[37.820722,48.841433],[37.82087,48.840366],[37.82052,48.840345],[37.816324,48.840091],[37.816006,48.841149]]]}},{"type":"Feature","properties":{"cadnum":"1424287900:05:000:0105"},"geometry":{"type":"Polygon","coordinates":[[[37.820838,48.841179],[37.825551,48.841462],[37.825865,48.840402],[37.820982,48.840108],[37.820838,48.841179]]]}},{"type":"Feature","properties":{"cadnum":"1424287900:05:000:0104"},"geometry":{"type":"Polygon","coordinates":[[[37.820681,48.842317],[37.82524,48.842591],[37.825339,48.842169],[37.825551,48.841462],[37.820838,48.841179],[37.820681,48.842317]]]}},{"type":"Feature","properties":{"cadnum":"1424287900:05:000:0086"},"geometry":{"type":"Polygon","coordinates":[[[37.815368,48.843251],[37.820349,48.84355],[37.820349,48.843551],[37.820431,48.843555],[37.820488,48.84313],[37.82052,48.842893],[37.820578,48.842468],[37.820349,48.842455],[37.815696,48.842175],[37.815404,48.84313],[37.815405,48.84313],[37.815368,48.843251]]]}},{"type":"Feature","properties":{"cadnum":"1424287900:05:000:0103"},"geometry":{"type":"Polygon","coordinates":[[[37.82052,48.843461],[37.825358,48.843754],[37.825257,48.84313],[37.8252,48.842769],[37.82524,48.842591],[37.820681,48.842317],[37.820566,48.84313],[37.82052,48.843461]]]}},{"type":"Feature","properties":{"cadnum":"1424287900:05:000:0322"},"geometry":{"type":"Polygon","coordinates":[[[37.883999,48.817515],[37.884309,48.817817],[37.88431,48.817817],[37.884547,48.818048],[37.885293,48.81771],[37.885311,48.817107],[37.88536,48.817024],[37.885211,48.816826],[37.885091,48.81701],[37.883999,48.817515]]]}},{"type":"Feature","properties":{"cadnum":"1424287900:05:000:0346"},"geometry":{"type":"Polygon","coordinates":[[[37.884907,48.820343],[37.885962,48.820496],[37.886267,48.820594],[37.887655,48.821037],[37.887943,48.820638],[37.886703,48.82023],[37.886431,48.82014],[37.885301,48.81976],[37.884907,48.820343]]]}},{"type":"Feature","properties":{"cadnum":"1424287900:06:000:0032"},"geometry":{"type":"Polygon","coordinates":[[[37.882203,48.821789],[37.882297,48.821827],[37.882827,48.821321],[37.882826,48.821321],[37.883083,48.821076],[37.882638,48.820902],[37.882432,48.821321],[37.882431,48.821321],[37.882203,48.821789]]]}},{"type":"Feature","properties":{"cadnum":"1424287900:05:000:0383"},"geometry":{"type":"Polygon","coordinates":[[[37.881991,48.819192],[37.883438,48.819346],[37.88527,48.818524],[37.885293,48.81771],[37.885056,48.817817],[37.884547,48.818048],[37.881991,48.819192]]]}},{"type":"Feature","properties":{"cadnum":"1424287900:05:000:0331"},"geometry":{"type":"Polygon","coordinates":[[[37.885419,48.819769],[37.886043,48.819979],[37.886438,48.819478],[37.886869,48.818931],[37.886681,48.818826],[37.886366,48.818897],[37.886052,48.818968],[37.885419,48.819769]]]}},{"type":"Feature","properties":{"cadnum":"1424287900:05:000:0351"},"geometry":{"type":"Polygon","coordinates":[[[37.886043,48.819979],[37.886438,48.820113],[37.886438,48.820112],[37.886439,48.820112],[37.886658,48.820186],[37.887408,48.819233],[37.886869,48.818931],[37.886267,48.819695],[37.886043,48.819979]]]}},{"type":"Feature","properties":{"cadnum":"1424287900:05:000:0321"},"geometry":{"type":"Polygon","coordinates":[[[37.881664,48.816519],[37.883251,48.817817],[37.883276,48.817837],[37.883494,48.81774],[37.883999,48.817515],[37.885091,48.81701],[37.885211,48.816826],[37.88479,48.816418],[37.883833,48.815498],[37.881664,48.816519]]]}},{"type":"Feature","properties":{"cadnum":"1424287900:05:000:0406"},"geometry":{"type":"Polygon","coordinates":[[[37.881794,48.819172],[37.881991,48.819192],[37.884547,48.818048],[37.884193,48.817704],[37.883999,48.817515],[37.883574,48.817704],[37.883494,48.81774],[37.88332,48.817817],[37.883321,48.817817],[37.883276,48.817837],[37.883222,48.817864],[37.882597,48.818299],[37.881991,48.818885],[37.881794,48.819172]]]}},{"type":"Feature","properties":{"cadnum":"1424287900:05:000:0405"},"geometry":{"type":"Polygon","coordinates":[[[37.876831,48.819677],[37.877773,48.81986],[37.879391,48.820014],[37.880773,48.819607],[37.880774,48.819607],[37.880774,48.819608],[37.880846,48.819586],[37.880945,48.819526],[37.880945,48.819525],[37.881991,48.818885],[37.882597,48.818299],[37.883222,48.817864],[37.883027,48.817704],[37.883026,48.817704],[37.881781,48.816687],[37.880774,48.817295],[37.880773,48.817295],[37.879909,48.817817],[37.876831,48.819677]]]}},{"type":"Feature","properties":{"cadnum":"1424287900:06:000:0033"},"geometry":{"type":"Polygon","coordinates":[[[37.882638,48.820902],[37.883083,48.821076],[37.883146,48.821017],[37.883213,48.821014],[37.883572,48.820934],[37.883532,48.82089],[37.883473,48.820813],[37.883389,48.820751],[37.883389,48.82075],[37.883383,48.820742],[37.883293,48.820686],[37.88311,48.820591],[37.88298,48.820547],[37.882741,48.820509],[37.882706,48.820772],[37.882638,48.820902]]]}},{"type":"Feature","properties":{"cadnum":"1424287900:05:000:0369"},"geometry":{"type":"Polygon","coordinates":[[[37.88183,48.819204],[37.882274,48.819582],[37.884052,48.819786],[37.884053,48.819786],[37.884301,48.820254],[37.884907,48.820343],[37.885301,48.81976],[37.884467,48.819479],[37.88183,48.819204]]]}},{"type":"Feature","properties":{"cadnum":"1424287900:06:000:0133"},"geometry":{"type":"Polygon","coordinates":[[[37.838688,48.802244],[37.838931,48.802457],[37.840013,48.801962],[37.839761,48.801758],[37.838688,48.802244]]]}},{"type":"Feature","properties":{"cadnum":"1424287900:06:000:0042"},"geometry":{"type":"Polygon","coordinates":[[[37.836407,48.801607],[37.836425,48.80192],[37.836828,48.801915],[37.836881,48.801914],[37.837,48.801912],[37.837013,48.801912],[37.837444,48.80188],[37.837394,48.80169],[37.837367,48.801593],[37.836828,48.801601],[37.836407,48.801607]]]}},{"type":"Feature","properties":{"cadnum":"1424287900:06:000:0132"},"geometry":{"type":"Polygon","coordinates":[[[37.837843,48.802628],[37.837889,48.802933],[37.838931,48.802457],[37.838688,48.802244],[37.837843,48.802628]]]}},{"type":"Feature","properties":{"cadnum":"1424287900:06:000:0073"},"geometry":{"type":"Polygon","coordinates":[[[37.840409,48.803169],[37.841275,48.803152],[37.841275,48.802858],[37.840449,48.802882],[37.840409,48.803169]]]}},{"type":"Feature","properties":{"cadnum":"1424287900:06:000:0074"},"geometry":{"type":"Polygon","coordinates":[[[37.841275,48.802858],[37.841275,48.803152],[37.841908,48.803139],[37.842097,48.803137],[37.84225,48.803207],[37.842321,48.803147],[37.842474,48.803016],[37.842205,48.80293],[37.842065,48.802858],[37.841908,48.802858],[37.841401,48.802856],[37.841275,48.802858]]]}},{"type":"Feature","properties":{"cadnum":"1424287900:03:000:0064"},"geometry":{"type":"Polygon","coordinates":[[[37.864214,48.875987],[37.864294,48.87608],[37.864425,48.876232],[37.864466,48.876219],[37.864466,48.876218],[37.865252,48.875957],[37.865315,48.875936],[37.865139,48.875677],[37.864396,48.875926],[37.864214,48.875987]]]}},{"type":"Feature","properties":{"cadnum":"1424287900:05:000:0049"},"geometry":{"type":"Polygon","coordinates":[[[37.858883,48.844685],[37.858973,48.844691],[37.864466,48.845052],[37.866927,48.845214],[37.867093,48.844123],[37.865494,48.844199],[37.864973,48.844256],[37.864294,48.84425],[37.862907,48.844236],[37.861739,48.844282],[37.859516,48.844357],[37.85926,48.844383],[37.858981,48.844507],[37.858883,48.844685]]]}},{"type":"Feature","properties":{"cadnum":"1424287900:05:000:0048"},"geometry":{"type":"Polygon","coordinates":[[[37.858842,48.845379],[37.858973,48.845388],[37.864294,48.845739],[37.864294,48.84574],[37.866823,48.845905],[37.866927,48.845214],[37.864294,48.845041],[37.858883,48.844685],[37.858891,48.845158],[37.858842,48.845379]]]}},{"type":"Feature","properties":{"cadnum":"1424287900:05:000:0047"},"geometry":{"type":"Polygon","coordinates":[[[37.858824,48.845462],[37.858923,48.845914],[37.858923,48.846092],[37.858973,48.846095],[37.864466,48.846455],[37.86672,48.846603],[37.866823,48.845905],[37.864466,48.845751],[37.864466,48.84575],[37.858842,48.845379],[37.858824,48.845462]]]}},{"type":"Feature","properties":{"cadnum":"1424287900:05:000:0046"},"geometry":{"type":"Polygon","coordinates":[[[37.858401,48.846766],[37.858973,48.846804],[37.864294,48.847152],[37.864294,48.847153],[37.866613,48.847303],[37.866703,48.846711],[37.86672,48.846603],[37.864294,48.846444],[37.858923,48.846092],[37.858923,48.846243],[37.858887,48.846357],[37.858766,48.846449],[37.858527,48.846511],[37.858437,48.846526],[37.858404,48.846745],[37.858401,48.846766]]]}},{"type":"Feature","properties":{"cadnum":"1424287900:06:000:0201"},"geometry":{"type":"Polygon","coordinates":[[[37.858496,48.81199],[37.858724,48.812162],[37.858801,48.812116],[37.858801,48.812117],[37.859543,48.811671],[37.859862,48.81144],[37.859898,48.811411],[37.859821,48.811372],[37.859691,48.811304],[37.859363,48.811547],[37.858801,48.811835],[37.858496,48.81199]]]}},{"type":"Feature","properties":{"cadnum":"1424287900:06:000:0037"},"geometry":{"type":"Polygon","coordinates":[[[37.861133,48.810967],[37.861307,48.811067],[37.861623,48.810908],[37.861852,48.810822],[37.862189,48.810651],[37.862045,48.810538],[37.861479,48.810798],[37.861464,48.810804],[37.861133,48.810967]]]}},{"type":"Feature","properties":{"cadnum":"1424287900:06:000:0057"},"geometry":{"type":"Polygon","coordinates":[[[37.858002,48.811411],[37.858235,48.811594],[37.858801,48.811287],[37.858846,48.811263],[37.858973,48.811195],[37.858994,48.811183],[37.859147,48.8111],[37.858954,48.810949],[37.858869,48.810887],[37.85872,48.810976],[37.858002,48.811411]]]}},{"type":"Feature","properties":{"cadnum":"1424287900:06:000:0202"},"geometry":{"type":"Polygon","coordinates":[[[37.858456,48.811683],[37.858698,48.81189],[37.858801,48.811837],[37.858857,48.811808],[37.858973,48.811748],[37.859363,48.811547],[37.859691,48.811304],[37.85943,48.811174],[37.859296,48.811293],[37.858801,48.811523],[37.858456,48.811683]]]}},{"type":"Feature","properties":{"cadnum":"1424287900:01:000:0154"},"geometry":{"type":"Polygon","coordinates":[[[37.797909,48.883997],[37.798049,48.88398],[37.798376,48.883935],[37.798469,48.883922],[37.798548,48.883911],[37.799091,48.883835],[37.799917,48.88372],[37.800137,48.883691],[37.799318,48.882768],[37.799317,48.882768],[37.798996,48.882406],[37.798376,48.882401],[37.798187,48.882399],[37.797913,48.882397],[37.797932,48.882681],[37.797932,48.882725],[37.797931,48.882768],[37.79793,48.882823],[37.797928,48.882881],[37.797913,48.883575],[37.797909,48.883997]],[[37.799032,48.883634],[37.799009,48.883634],[37.799009,48.88362],[37.799032,48.88362],[37.799032,48.883634]],[[37.798691,48.883664],[37.798669,48.883664],[37.798668,48.883664],[37.798668,48.883649],[37.798669,48.883649],[37.798695,48.883649],[37.798691,48.883664]],[[37.79812,48.883445],[37.798093,48.883445],[37.798093,48.88343],[37.79812,48.88343],[37.79812,48.883445]],[[37.79808,48.882846],[37.798053,48.882846],[37.798053,48.882828],[37.79808,48.882828],[37.79808,48.882846]],[[37.797976,48.883463],[37.797999,48.883478],[37.797946,48.883511],[37.797927,48.883493],[37.797976,48.883463]]]}},{"type":"Feature","properties":{"cadnum":"1424287900:07:000:0408"},"geometry":{"type":"Polygon","coordinates":[[[37.806407,48.74545],[37.806911,48.746843],[37.806969,48.746819],[37.807885,48.746461],[37.809534,48.745684],[37.809534,48.745683],[37.810248,48.745347],[37.811582,48.744796],[37.810517,48.743369],[37.8104,48.743212],[37.809362,48.743573],[37.80845,48.743889],[37.807158,48.744447],[37.806897,48.744654],[37.80651,48.744962],[37.806436,48.745311],[37.806436,48.745312],[37.806435,48.745312],[37.806407,48.74545]],[[37.809268,48.743683],[37.809269,48.743683],[37.809282,48.7437],[37.809255,48.743709],[37.809246,48.743691],[37.809268,48.743683]]]}},{"type":"Feature","properties":{"cadnum":"1424287900:07:000:0342"},"geometry":{"type":"Polygon","coordinates":[[[37.806924,48.746884],[37.807148,48.747355],[37.808523,48.746609],[37.809228,48.74631],[37.809362,48.746249],[37.809362,48.74625],[37.811437,48.745312],[37.811437,48.745311],[37.812924,48.744639],[37.814855,48.743849],[37.814856,48.743849],[37.814856,48.74385],[37.814985,48.743796],[37.815027,48.743779],[37.815089,48.743753],[37.815431,48.743626],[37.815332,48.743505],[37.815206,48.743327],[37.814856,48.743465],[37.81327,48.744088],[37.812884,48.744313],[37.811613,48.744838],[37.81046,48.745312],[37.810459,48.745312],[37.810288,48.745382],[37.810197,48.745425],[37.809362,48.745819],[37.809362,48.74582],[37.807921,48.746499],[37.806924,48.746884]]]}},{"type":"Feature","properties":{"cadnum":"1424287900:07:000:0230"},"geometry":{"type":"Polygon","coordinates":[[[37.809389,48.746301],[37.809534,48.746504],[37.811354,48.749047],[37.811355,48.749047],[37.811775,48.749633],[37.813869,48.752555],[37.813869,48.752556],[37.814012,48.752754],[37.814838,48.753879],[37.814855,48.753869],[37.814856,48.753869],[37.81702,48.752556],[37.81702,48.752555],[37.817488,48.752272],[37.819958,48.750734],[37.818823,48.749153],[37.817718,48.749704],[37.817717,48.749704],[37.817236,48.749085],[37.817396,48.749002],[37.818301,48.748531],[37.816792,48.746597],[37.816945,48.746339],[37.816256,48.745312],[37.816255,48.745312],[37.81602,48.74496],[37.815071,48.743795],[37.814863,48.74388],[37.812947,48.74466],[37.811613,48.745312],[37.811611,48.745312],[37.811582,48.745327],[37.811361,48.745425],[37.809389,48.746301]]]}},{"type":"Feature","properties":{"cadnum":"1424287900:05:000:0377"},"geometry":{"type":"Polygon","coordinates":[[[37.876794,48.812534],[37.877877,48.813422],[37.880945,48.811571],[37.880945,48.81157],[37.88266,48.810535],[37.881651,48.809607],[37.880774,48.810136],[37.880773,48.810136],[37.88022,48.81047],[37.880218,48.81047],[37.876794,48.812534]]]}},{"type":"Feature","properties":{"cadnum":"1424287900:05:000:0400"},"geometry":{"type":"Polygon","coordinates":[[[37.871431,48.80802],[37.87216,48.80882],[37.872339,48.809015],[37.87528,48.807202],[37.87533,48.807171],[37.875452,48.807096],[37.875452,48.807095],[37.875662,48.806965],[37.875663,48.806965],[37.877414,48.805885],[37.876422,48.804941],[37.875428,48.805555],[37.873141,48.806965],[37.873142,48.806965],[37.871431,48.80802]]]}},{"type":"Feature","properties":{"cadnum":"1424287900:05:000:0363"},"geometry":{"type":"Polygon","coordinates":[[[37.875716,48.81165],[37.876794,48.812534],[37.880031,48.810583],[37.880032,48.810583],[37.880945,48.810032],[37.881651,48.809607],[37.880799,48.808824],[37.880639,48.808677],[37.87748,48.810583],[37.877221,48.810739],[37.875716,48.81165]]]}},{"type":"Feature","properties":{"cadnum":"1424287900:05:000:0260"},"geometry":{"type":"Polygon","coordinates":[[[37.880775,48.808647],[37.880945,48.808801],[37.881582,48.809375],[37.885589,48.806965],[37.886267,48.806558],[37.886267,48.806559],[37.887588,48.805764],[37.886362,48.805385],[37.886276,48.805352],[37.883583,48.806965],[37.880775,48.808647]]]}},{"type":"Feature","properties":{"cadnum":"1424287900:05:000:0261"},"geometry":{"type":"Polygon","coordinates":[[[37.87976,48.807752],[37.880626,48.808518],[37.880945,48.808327],[37.880945,48.808326],[37.883407,48.806852],[37.883408,48.806852],[37.886056,48.805266],[37.885419,48.805009],[37.884897,48.804681],[37.881264,48.806852],[37.881233,48.806871],[37.881075,48.806965],[37.880774,48.807146],[37.880773,48.807146],[37.87976,48.807752]]]}},{"type":"Feature","properties":{"cadnum":"1424287900:05:000:0263"},"geometry":{"type":"Polygon","coordinates":[[[37.878798,48.806897],[37.878799,48.806898],[37.878875,48.806965],[37.87976,48.807752],[37.880945,48.807044],[37.880945,48.807043],[37.881233,48.806871],[37.884897,48.804681],[37.884287,48.804299],[37.883752,48.804092],[37.883555,48.804048],[37.880774,48.805714],[37.880773,48.805714],[37.878873,48.806852],[37.878799,48.806896],[37.878798,48.806897]]]}},{"type":"Feature","properties":{"cadnum":"1424287900:07:000:0315"},"geometry":{"type":"Polygon","coordinates":[[[37.815637,48.806571],[37.817479,48.806832],[37.817641,48.806852],[37.818452,48.806952],[37.818552,48.806965],[37.819505,48.807083],[37.819404,48.806874],[37.81932,48.806696],[37.818907,48.806518],[37.818381,48.806343],[37.817739,48.806193],[37.815861,48.805879],[37.815637,48.806571]]]}},{"type":"Feature","properties":{"cadnum":"1424287900:07:000:0083"},"geometry":{"type":"Polygon","coordinates":[[[37.815026,48.808559],[37.815102,48.809059],[37.815192,48.809666],[37.820376,48.809325],[37.819995,48.808234],[37.815026,48.808559]]]}},{"type":"Feature","properties":{"cadnum":"1424287900:07:000:0076"},"geometry":{"type":"Polygon","coordinates":[[[37.809295,48.810328],[37.809316,48.810469],[37.809316,48.81047],[37.809315,48.81047],[37.809429,48.811225],[37.809534,48.811218],[37.814855,48.810868],[37.814856,48.810868],[37.814986,48.810859],[37.815027,48.810856],[37.815368,48.810833],[37.815354,48.810727],[37.815323,48.810525],[37.815234,48.80994],[37.814856,48.809965],[37.814856,48.809966],[37.814855,48.809966],[37.809534,48.810313],[37.809295,48.810328]]]}},{"type":"Feature","properties":{"cadnum":"1424287900:07:000:0079"},"geometry":{"type":"Polygon","coordinates":[[[37.808877,48.807557],[37.80903,48.808579],[37.809362,48.808558],[37.814855,48.808197],[37.814856,48.808197],[37.814972,48.808189],[37.814815,48.807166],[37.812102,48.807343],[37.812112,48.807364],[37.812079,48.807533],[37.811949,48.807678],[37.811739,48.807778],[37.811487,48.807811],[37.811236,48.807775],[37.811029,48.807675],[37.810903,48.807527],[37.81089,48.807423],[37.809534,48.807513],[37.808877,48.807557]]]}},{"type":"Feature","properties":{"cadnum":"1424287900:07:000:0077"},"geometry":{"type":"Polygon","coordinates":[[[37.80916,48.809449],[37.809295,48.810328],[37.809362,48.810324],[37.809362,48.810325],[37.815027,48.809955],[37.815027,48.809954],[37.815234,48.80994],[37.815192,48.809666],[37.815102,48.809059],[37.814946,48.80907],[37.809362,48.809436],[37.80916,48.809449]]]}},{"type":"Feature","properties":{"cadnum":"1424287900:07:000:0078"},"geometry":{"type":"Polygon","coordinates":[[[37.80903,48.808579],[37.80916,48.809449],[37.809534,48.809426],[37.809534,48.809425],[37.814855,48.809076],[37.814856,48.809076],[37.814946,48.80907],[37.815027,48.809064],[37.815102,48.809059],[37.815026,48.808559],[37.814972,48.808189],[37.809534,48.808547],[37.80903,48.808579]]]}},{"type":"Feature","properties":{"cadnum":"1424287900:07:000:0082"},"geometry":{"type":"Polygon","coordinates":[[[37.815192,48.809666],[37.815234,48.80994],[37.815314,48.810469],[37.815314,48.81047],[37.815323,48.810525],[37.815332,48.810583],[37.815354,48.810727],[37.815368,48.810833],[37.815507,48.811747],[37.815521,48.811857],[37.819132,48.81162],[37.819995,48.811565],[37.820251,48.811271],[37.820349,48.811087],[37.820395,48.811],[37.82052,48.810763],[37.82052,48.810762],[37.820578,48.810653],[37.820607,48.810583],[37.820608,48.810583],[37.820704,48.810352],[37.820596,48.810011],[37.820376,48.809325],[37.815192,48.809666]]]}},{"type":"Feature","properties":{"cadnum":"1424287900:07:000:0405"},"geometry":{"type":"Polygon","coordinates":[[[37.819796,48.807248],[37.820022,48.807568],[37.820349,48.808493],[37.820484,48.808875],[37.82052,48.808874],[37.821666,48.80884],[37.822482,48.808813],[37.825702,48.808713],[37.825649,48.807917],[37.82515,48.807906],[37.82515,48.807905],[37.825155,48.807825],[37.824153,48.807781],[37.823507,48.807728],[37.822882,48.807639],[37.822859,48.807719],[37.822729,48.807702],[37.820416,48.807412],[37.820439,48.807331],[37.819796,48.807248]],[[37.82237,48.808412],[37.822442,48.808337],[37.822559,48.808384],[37.822487,48.808461],[37.822486,48.808461],[37.82237,48.808412]]]}},{"type":"Feature","properties":{"cadnum":"1424287900:03:000:0066"},"geometry":{"type":"Polygon","coordinates":[[[37.825348,48.890413],[37.825788,48.890678],[37.826014,48.89056],[37.826014,48.890559],[37.826018,48.890557],[37.825842,48.890467],[37.825842,48.890468],[37.825532,48.890309],[37.825474,48.890345],[37.825348,48.890413]]]}},{"type":"Feature","properties":{"cadnum":"1424287900:03:000:0163"},"geometry":{"type":"Polygon","coordinates":[[[37.825523,48.891694],[37.825702,48.89175],[37.825842,48.891565],[37.826008,48.891343],[37.825842,48.891288],[37.825828,48.891284],[37.825523,48.891694]]]}},{"type":"Feature","properties":{"cadnum":"1424287900:03:000:0067"},"geometry":{"type":"Polygon","coordinates":[[[37.824697,48.890513],[37.82476,48.890601],[37.824849,48.890581],[37.82485,48.890581],[37.824962,48.890711],[37.825195,48.89095],[37.825335,48.891015],[37.825393,48.890953],[37.825461,48.890873],[37.825496,48.89084],[37.825532,48.890814],[37.825788,48.890678],[37.825348,48.890413],[37.825285,48.890439],[37.825209,48.890466],[37.825115,48.890483],[37.825025,48.890486],[37.824922,48.890504],[37.824813,48.89051],[37.824697,48.890513]]]}},{"type":"Feature","properties":{"cadnum":"1424287900:03:000:0182"},"geometry":{"type":"Polygon","coordinates":[[[37.825335,48.891015],[37.825744,48.891162],[37.825842,48.891087],[37.825978,48.890982],[37.826014,48.890954],[37.826197,48.890811],[37.825869,48.890634],[37.825532,48.890814],[37.825496,48.89084],[37.825461,48.890873],[37.825393,48.890953],[37.825335,48.891015]]]}},{"type":"Feature","properties":{"cadnum":"1424287900:03:000:0181"},"geometry":{"type":"Polygon","coordinates":[[[37.825708,48.891816],[37.825775,48.891851],[37.825842,48.89178],[37.826144,48.891461],[37.826008,48.891402],[37.825708,48.891816]]]}},{"type":"Feature","properties":{"cadnum":"1424287900:01:000:0152"},"geometry":{"type":"Polygon","coordinates":[[[37.824536,48.891727],[37.824917,48.891824],[37.824972,48.891683],[37.825065,48.891425],[37.825159,48.891162],[37.82493,48.891109],[37.824773,48.891352],[37.824536,48.891727]]]}},{"type":"Feature","properties":{"cadnum":"1424287900:03:000:0121"},"geometry":{"type":"Polygon","coordinates":[[[37.824419,48.890536],[37.82453,48.890722],[37.824626,48.890853],[37.825047,48.891021],[37.825075,48.891009],[37.825136,48.89098],[37.825195,48.89095],[37.824962,48.890711],[37.824903,48.890646],[37.824849,48.890581],[37.824786,48.890595],[37.82476,48.890601],[37.824697,48.890513],[37.824419,48.890536]],[[37.824966,48.890794],[37.824935,48.890785],[37.824949,48.890767],[37.824975,48.890773],[37.824966,48.890794]]]}},{"type":"Feature","properties":{"cadnum":"1424287900:03:000:0045"},"geometry":{"type":"Polygon","coordinates":[[[37.825069,48.891416],[37.825182,48.891446],[37.825375,48.891496],[37.825465,48.891376],[37.825595,48.891207],[37.825348,48.891136],[37.825339,48.891148],[37.825236,48.891124],[37.825169,48.891139],[37.825159,48.891162],[37.825069,48.891416]]]}},{"type":"Feature","properties":{"cadnum":"1424287900:03:000:0234"},"geometry":{"type":"Polygon","coordinates":[[[37.825725,48.891765],[37.825842,48.891805],[37.825901,48.891824],[37.826014,48.891708],[37.826278,48.891434],[37.826161,48.891384],[37.826111,48.891384],[37.825925,48.891569],[37.825725,48.891765]]]}},{"type":"Feature","properties":{"cadnum":"1424287900:07:000:0309"},"geometry":{"type":"Polygon","coordinates":[[[37.809458,48.779215],[37.810278,48.780006],[37.815027,48.778015],[37.815027,48.778014],[37.815184,48.777949],[37.815417,48.777851],[37.814856,48.777297],[37.814856,48.777298],[37.814855,48.777298],[37.814609,48.777054],[37.81232,48.778014],[37.809458,48.779215]]]}},{"type":"Feature","properties":{"cadnum":"1424287900:07:000:0295"},"geometry":{"type":"Polygon","coordinates":[[[37.812978,48.775235],[37.813805,48.776051],[37.815027,48.775495],[37.815027,48.775494],[37.817682,48.774283],[37.81836,48.773974],[37.817672,48.773307],[37.817519,48.773162],[37.815067,48.774281],[37.815066,48.774281],[37.815018,48.774303],[37.814856,48.774377],[37.814856,48.774378],[37.812978,48.775235]]]}},{"type":"Feature","properties":{"cadnum":"1424287900:07:000:0347"},"geometry":{"type":"Polygon","coordinates":[[[37.810467,48.773011],[37.810783,48.773281],[37.811798,48.774281],[37.813001,48.775465],[37.813805,48.776259],[37.814609,48.777054],[37.815027,48.777467],[37.815417,48.777851],[37.815582,48.778014],[37.815583,48.778014],[37.817043,48.779456],[37.817781,48.780184],[37.817928,48.780115],[37.817106,48.779304],[37.81628,48.778493],[37.815871,48.778088],[37.815682,48.777901],[37.815681,48.777901],[37.814856,48.777086],[37.814855,48.777086],[37.814632,48.776865],[37.813805,48.776051],[37.812978,48.775235],[37.812148,48.774415],[37.812033,48.774303],[37.811303,48.773585],[37.810741,48.77308],[37.810467,48.773011]]]}},{"type":"Feature","properties":{"cadnum":"1424287900:07:000:0303"},"geometry":{"type":"Polygon","coordinates":[[[37.81628,48.778493],[37.817106,48.779304],[37.819985,48.777991],[37.82052,48.777747],[37.821687,48.777214],[37.821387,48.776922],[37.820857,48.776407],[37.820521,48.77656],[37.82052,48.77656],[37.817578,48.777901],[37.817421,48.777973],[37.81733,48.778014],[37.81628,48.778493]]]}},{"type":"Feature","properties":{"cadnum":"1424287900:07:000:0277"},"geometry":{"type":"Polygon","coordinates":[[[37.813805,48.776051],[37.814632,48.776865],[37.814855,48.776763],[37.814856,48.776763],[37.814856,48.776764],[37.819195,48.774785],[37.818793,48.774394],[37.81836,48.773974],[37.817685,48.774281],[37.817682,48.774283],[37.817437,48.774394],[37.814856,48.775572],[37.814856,48.775573],[37.813805,48.776051]]]}},{"type":"Feature","properties":{"cadnum":"1424287900:07:000:0221"},"geometry":{"type":"Polygon","coordinates":[[[37.810278,48.780006],[37.811106,48.780799],[37.814855,48.779229],[37.814856,48.779229],[37.81623,48.778653],[37.815468,48.777901],[37.815418,48.777851],[37.815417,48.777851],[37.815297,48.777901],[37.815184,48.777949],[37.815027,48.778014],[37.814856,48.778087],[37.810278,48.780006]]]}},{"type":"Feature","properties":{"cadnum":"1424287900:07:000:0299"},"geometry":{"type":"Polygon","coordinates":[[[37.814632,48.776865],[37.815027,48.777256],[37.815796,48.778014],[37.815871,48.778088],[37.816278,48.777901],[37.816279,48.777901],[37.820349,48.776044],[37.820349,48.776045],[37.820444,48.776001],[37.819195,48.774785],[37.815027,48.776685],[37.814632,48.776865]]]}},{"type":"Feature","properties":{"cadnum":"1424287900:07:000:0302"},"geometry":{"type":"Polygon","coordinates":[[[37.817106,48.779304],[37.817928,48.780115],[37.82052,48.778932],[37.822519,48.77802],[37.822398,48.777904],[37.821687,48.777214],[37.820349,48.777825],[37.820182,48.777901],[37.820181,48.777901],[37.819985,48.777991],[37.819933,48.778014],[37.817106,48.779304]]]}},{"type":"Feature","properties":{"cadnum":"1424287900:07:000:0276"},"geometry":{"type":"Polygon","coordinates":[[[37.812148,48.774415],[37.812978,48.775235],[37.814855,48.774378],[37.814856,48.774378],[37.814916,48.77435],[37.815027,48.7743],[37.815027,48.774299],[37.817519,48.773162],[37.816666,48.772352],[37.814919,48.773148],[37.81244,48.774281],[37.812439,48.774281],[37.812211,48.774385],[37.812192,48.774394],[37.812148,48.774415]]]}},{"type":"Feature","properties":{"cadnum":"1424287900:07:000:0229"},"geometry":{"type":"Polygon","coordinates":[[[37.810768,48.743057],[37.810934,48.74328],[37.811949,48.744654],[37.812848,48.744275],[37.813234,48.74405],[37.814855,48.743419],[37.814856,48.743419],[37.815265,48.743259],[37.815202,48.743043],[37.814856,48.742661],[37.814855,48.742661],[37.814362,48.742115],[37.814192,48.741926],[37.810768,48.743057]],[[37.813984,48.742083],[37.814007,48.742074],[37.81402,48.742092],[37.813993,48.742098],[37.813984,48.742083]],[[37.812426,48.742611],[37.812452,48.742605],[37.812462,48.742619],[37.812462,48.74262],[37.812439,48.742628],[37.812426,48.742611]]]}},{"type":"Feature","properties":{"cadnum":"1424287900:03:000:0075"},"geometry":{"type":"Polygon","coordinates":[[[37.837489,48.883927],[37.837619,48.884308],[37.838113,48.884234],[37.838082,48.884137],[37.837906,48.883959],[37.837489,48.883927]]]}},{"type":"Feature","properties":{"cadnum":"1424287900:03:000:0041"},"geometry":{"type":"Polygon","coordinates":[[[37.837417,48.886266],[37.838055,48.886237],[37.838365,48.885834],[37.837952,48.885853],[37.83765,48.885856],[37.837489,48.885829],[37.837449,48.885956],[37.837426,48.886077],[37.837421,48.886166],[37.837417,48.886266]]]}},{"type":"Feature","properties":{"cadnum":"1424287900:03:000:0178"},"geometry":{"type":"Polygon","coordinates":[[[37.836442,48.885593],[37.836551,48.885752],[37.836807,48.885941],[37.836828,48.88592],[37.83691,48.885838],[37.837,48.885748],[37.837058,48.88569],[37.837354,48.885527],[37.837224,48.885394],[37.836828,48.88537],[37.836801,48.885368],[37.836442,48.885593]]]}},{"type":"Feature","properties":{"cadnum":"1424287900:03:000:0226"},"geometry":{"type":"Polygon","coordinates":[[[37.83756,48.885803],[37.837723,48.885832],[37.838019,48.885838],[37.838436,48.885834],[37.838621,48.885834],[37.838629,48.885608],[37.838509,48.885599],[37.838491,48.885696],[37.838069,48.885684],[37.837952,48.885667],[37.837897,48.885646],[37.83788,48.885631],[37.837794,48.885551],[37.83775,48.885572],[37.83756,48.885803]]]}},{"type":"Feature","properties":{"cadnum":"1424287900:03:000:0247"},"geometry":{"type":"Polygon","coordinates":[[[37.83809,48.884163],[37.838113,48.884234],[37.838163,48.884376],[37.838176,48.884618],[37.838193,48.884925],[37.838423,48.884943],[37.838688,48.884133],[37.83809,48.884163]]]}},{"type":"Feature","properties":{"cadnum":"1424287900:03:000:0074"},"geometry":{"type":"Polygon","coordinates":[[[37.837619,48.884308],[37.83774,48.884669],[37.837817,48.884893],[37.837839,48.884973],[37.838193,48.884925],[37.838176,48.884618],[37.838163,48.884376],[37.838113,48.884234],[37.837619,48.884308]]]}},{"type":"Feature","properties":{"cadnum":"1424287900:05:000:0129"},"geometry":{"type":"Polygon","coordinates":[[[37.838338,48.853744],[37.842321,48.853767],[37.845606,48.853785],[37.845606,48.853664],[37.845606,48.853663],[37.845614,48.85312],[37.842493,48.853102],[37.838346,48.853078],[37.838338,48.853744]]]}},{"type":"Feature","properties":{"cadnum":"1424287900:05:000:0131"},"geometry":{"type":"Polygon","coordinates":[[[37.838346,48.853078],[37.842321,48.853101],[37.845614,48.85312],[37.845619,48.852771],[37.845623,48.852452],[37.842493,48.852434],[37.838356,48.85241],[37.838346,48.853078]]]}},{"type":"Feature","properties":{"cadnum":"1424287900:05:000:0133"},"geometry":{"type":"Polygon","coordinates":[[[37.838365,48.851742],[37.842321,48.851765],[37.845633,48.851784],[37.845641,48.851102],[37.842493,48.851082],[37.838373,48.851057],[37.838365,48.851742]]]}},{"type":"Feature","properties":{"cadnum":"1424287900:05:000:0134"},"geometry":{"type":"Polygon","coordinates":[[[37.838373,48.851057],[37.842321,48.851081],[37.845641,48.851102],[37.845641,48.851025],[37.84565,48.850392],[37.842493,48.850375],[37.838383,48.850351],[37.838373,48.851057]]]}},{"type":"Feature","properties":{"cadnum":"1424287900:05:000:0132"},"geometry":{"type":"Polygon","coordinates":[[[37.838356,48.85241],[37.842321,48.852433],[37.845623,48.852452],[37.845633,48.851899],[37.845633,48.851784],[37.842493,48.851766],[37.838365,48.851742],[37.838356,48.85241]]]}},{"type":"Feature","properties":{"cadnum":"1424287900:05:000:0125"},"geometry":{"type":"Polygon","coordinates":[[[37.834574,48.851063],[37.836828,48.851076],[37.838306,48.851084],[37.838315,48.850322],[37.838329,48.849242],[37.837,48.849235],[37.837,48.849234],[37.834601,48.849219],[37.834585,48.850247],[37.834574,48.851063]]]}},{"type":"Feature","properties":{"cadnum":"1424287900:05:000:0130"},"geometry":{"type":"Polygon","coordinates":[[[37.838329,48.854408],[37.842321,48.854431],[37.845596,48.85445],[37.845603,48.853974],[37.845606,48.853785],[37.842493,48.853768],[37.838338,48.853744],[37.838336,48.853861],[37.838329,48.854408]]]}},{"type":"Feature","properties":{"cadnum":"1424287900:05:000:0121"},"geometry":{"type":"Polygon","coordinates":[[[37.831371,48.853525],[37.831507,48.853526],[37.836828,48.853556],[37.838275,48.853564],[37.838293,48.85202],[37.837,48.852013],[37.831394,48.851982],[37.831385,48.852337],[37.831371,48.853457],[37.831371,48.853525]]]}},{"type":"Feature","properties":{"cadnum":"1424287900:05:000:0122"},"geometry":{"type":"Polygon","coordinates":[[[37.831394,48.851982],[37.831507,48.851983],[37.836828,48.852012],[37.838293,48.85202],[37.838306,48.851084],[37.837,48.851077],[37.834574,48.851063],[37.831403,48.851045],[37.831394,48.851982]]]}},{"type":"Feature","properties":{"cadnum":"1424287900:05:000:0259"},"geometry":{"type":"Polygon","coordinates":[[[37.881582,48.809375],[37.88231,48.810032],[37.886438,48.807562],[37.887624,48.806852],[37.888815,48.806139],[37.887588,48.805764],[37.886438,48.806455],[37.885778,48.806852],[37.885777,48.806852],[37.881582,48.809375]]]}},{"type":"Feature","properties":{"cadnum":"1424287900:05:000:0265"},"geometry":{"type":"Polygon","coordinates":[[[37.875433,48.803812],[37.87763,48.805847],[37.880773,48.803961],[37.880774,48.803961],[37.881264,48.803666],[37.880846,48.803589],[37.879049,48.803477],[37.87758,48.803303],[37.877577,48.803302],[37.876592,48.80311],[37.876387,48.803234],[37.875433,48.803812]]]}},{"type":"Feature","properties":{"cadnum":"1424287900:05:000:0264"},"geometry":{"type":"Polygon","coordinates":[[[37.87763,48.805847],[37.878119,48.806299],[37.878798,48.806897],[37.880945,48.805612],[37.880945,48.805611],[37.883555,48.804048],[37.88267,48.803852],[37.881624,48.803734],[37.881264,48.803666],[37.880945,48.803858],[37.87763,48.805847]]]}},{"type":"Feature","properties":{"cadnum":"1424287900:05:000:0190"},"geometry":{"type":"Polygon","coordinates":[[[37.833775,48.818532],[37.833901,48.818607],[37.837,48.820424],[37.83713,48.8205],[37.83867,48.819354],[37.836846,48.818286],[37.836092,48.817844],[37.835896,48.817729],[37.835895,48.817728],[37.835828,48.817761],[37.835737,48.817805],[37.835736,48.817805],[37.835706,48.817817],[37.835077,48.818074],[37.834408,48.818308],[37.834421,48.818326],[37.834398,48.818332],[37.834385,48.818317],[37.833775,48.818532]],[[37.835167,48.818048],[37.835176,48.818062],[37.835176,48.818063],[37.835153,48.818069],[37.835144,48.818054],[37.835167,48.818048]]]}},{"type":"Feature","properties":{"cadnum":"1424287900:05:000:0188"},"geometry":{"type":"Polygon","coordinates":[[[37.838185,48.821118],[37.838726,48.821434],[37.838727,48.821434],[37.839816,48.82207],[37.840669,48.821434],[37.841222,48.821022],[37.841486,48.818979],[37.841545,48.818618],[37.838185,48.821118]]]}},{"type":"Feature","properties":{"cadnum":"1424287900:05:000:0180"},"geometry":{"type":"Polygon","coordinates":[[[37.838257,48.823229],[37.840188,48.824362],[37.840763,48.823492],[37.840803,48.823339],[37.839591,48.823716],[37.839354,48.82372],[37.839698,48.823498],[37.840786,48.823188],[37.841006,48.823098],[37.840996,48.822741],[37.841168,48.821428],[37.841222,48.821022],[37.840821,48.821321],[37.839816,48.82207],[37.839771,48.822105],[37.838257,48.823229]]]}},{"type":"Feature","properties":{"cadnum":"1424287900:05:000:0392"},"geometry":{"type":"Polygon","coordinates":[[[37.896886,48.818509],[37.896903,48.818532],[37.897253,48.818967],[37.897301,48.819026],[37.897425,48.81918],[37.897425,48.819179],[37.897641,48.819446],[37.898264,48.818707],[37.898264,48.817844],[37.897406,48.818259],[37.896886,48.818509]]]}},{"type":"Feature","properties":{"cadnum":"1424287900:05:000:0364"},"geometry":{"type":"Polygon","coordinates":[[[37.896023,48.819196],[37.896916,48.820305],[37.897253,48.819906],[37.897641,48.819446],[37.897301,48.819026],[37.896903,48.818532],[37.896342,48.818802],[37.896373,48.818968],[37.896023,48.819196]]]}},{"type":"Feature","properties":{"cadnum":"1424287900:07:000:0155"},"geometry":{"type":"Polygon","coordinates":[[[37.833096,48.787721],[37.83395,48.788586],[37.837,48.787235],[37.838208,48.7867],[37.837341,48.785842],[37.836828,48.786069],[37.833096,48.787721]]]}},{"type":"Feature","properties":{"cadnum":"1424287900:07:000:0156"},"geometry":{"type":"Polygon","coordinates":[[[37.83222,48.786863],[37.832832,48.787449],[37.833096,48.787721],[37.837,48.785993],[37.837341,48.785842],[37.836989,48.785497],[37.836742,48.785254],[37.836742,48.785253],[37.836469,48.784984],[37.835859,48.785253],[37.835859,48.785254],[37.83222,48.786863]]]}},{"type":"Feature","properties":{"cadnum":"1424287900:07:000:0150"},"geometry":{"type":"Polygon","coordinates":[[[37.84065,48.789033],[37.841558,48.789926],[37.842321,48.789588],[37.84236,48.789571],[37.842493,48.789512],[37.843935,48.788873],[37.846193,48.787872],[37.845287,48.786982],[37.842493,48.788218],[37.841011,48.788873],[37.84065,48.789033]]]}},{"type":"Feature","properties":{"cadnum":"1424287900:07:000:0167"},"geometry":{"type":"Polygon","coordinates":[[[37.839677,48.788068],[37.840117,48.788505],[37.840375,48.788759],[37.840376,48.788759],[37.840376,48.78876],[37.840375,48.78876],[37.840417,48.7888],[37.840491,48.788873],[37.840539,48.78892],[37.84065,48.789033],[37.841267,48.78876],[37.841267,48.788759],[37.842321,48.788294],[37.845287,48.786982],[37.844308,48.786017],[37.842358,48.786878],[37.841755,48.787144],[37.841778,48.787153],[37.841747,48.787182],[37.841707,48.787168],[37.841051,48.787458],[37.839677,48.788068]]]}},{"type":"Feature","properties":{"cadnum":"1424287900:05:000:0207"},"geometry":{"type":"Polygon","coordinates":[[[37.852445,48.827587],[37.852487,48.828667],[37.852488,48.828667],[37.852514,48.829314],[37.853479,48.829298],[37.858801,48.829209],[37.858851,48.829208],[37.858973,48.82907],[37.858973,48.829069],[37.859084,48.828942],[37.858851,48.82875],[37.858649,48.828633],[37.85847,48.828528],[37.858478,48.82825],[37.858451,48.82749],[37.853319,48.827574],[37.852445,48.827587]]]}},{"type":"Feature","properties":{"cadnum":"1424287900:01:000:0040"},"geometry":{"type":"Polygon","coordinates":[[[37.801282,48.865889],[37.803869,48.866903],[37.807548,48.868344],[37.807966,48.868149],[37.808253,48.868013],[37.808636,48.867739],[37.804041,48.865938],[37.804041,48.865937],[37.802087,48.865171],[37.801462,48.865688],[37.801363,48.865797],[37.801282,48.865889]]]}},{"type":"Feature","properties":{"cadnum":"1424287900:07:000:0319"},"geometry":{"type":"Polygon","coordinates":[[[37.81119,48.76577],[37.812231,48.76704],[37.81223,48.76704],[37.813356,48.768414],[37.814408,48.76704],[37.81446,48.766972],[37.812798,48.764806],[37.81119,48.76577]]]}},{"type":"Feature","properties":{"cadnum":"1424287900:07:000:0294"},"geometry":{"type":"Polygon","coordinates":[[[37.813513,48.768585],[37.813756,48.768894],[37.814123,48.76932],[37.814595,48.769767],[37.815027,48.769574],[37.815027,48.769573],[37.817182,48.768604],[37.815574,48.76704],[37.815085,48.766564],[37.815023,48.766644],[37.814714,48.76704],[37.814713,48.76704],[37.813513,48.768585]]]}},{"type":"Feature","properties":{"cadnum":"1424287900:07:000:0282"},"geometry":{"type":"Polygon","coordinates":[[[37.812798,48.764806],[37.81446,48.766972],[37.814855,48.766455],[37.814856,48.766455],[37.814965,48.766312],[37.815027,48.766231],[37.815027,48.76623],[37.81601,48.764944],[37.814923,48.763529],[37.812798,48.764806]]]}},{"type":"Feature","properties":{"cadnum":"1424287900:07:000:0341"},"geometry":{"type":"Polygon","coordinates":[[[37.806039,48.760266],[37.808825,48.763419],[37.809106,48.763737],[37.809362,48.764049],[37.809523,48.764244],[37.809534,48.764257],[37.809534,48.764258],[37.811824,48.76704],[37.811823,48.76704],[37.813177,48.768683],[37.813374,48.768609],[37.812124,48.76704],[37.809362,48.763572],[37.80924,48.763419],[37.808766,48.762822],[37.807953,48.761874],[37.807152,48.760941],[37.806232,48.760121],[37.806039,48.760266]]]}},{"type":"Feature","properties":{"cadnum":"1424287900:07:000:0365"},"geometry":{"type":"Polygon","coordinates":[[[37.809569,48.763793],[37.810374,48.764776],[37.812635,48.763419],[37.814146,48.762513],[37.813374,48.761507],[37.810001,48.763533],[37.809569,48.763793]]]}},{"type":"Feature","properties":{"cadnum":"1424287900:07:000:0185"},"geometry":{"type":"Polygon","coordinates":[[[37.810374,48.764776],[37.81119,48.76577],[37.812798,48.764806],[37.814923,48.763529],[37.814922,48.763529],[37.814146,48.762513],[37.812446,48.763533],[37.810374,48.764776]]]}},{"type":"Feature","properties":{"cadnum":"1424287900:01:000:1245"},"geometry":{"type":"Polygon","coordinates":[[[37.81362,48.860759],[37.815027,48.860398],[37.815287,48.860331],[37.815592,48.860242],[37.81563,48.857588],[37.815631,48.857588],[37.815637,48.85716],[37.814856,48.857139],[37.814856,48.85714],[37.814855,48.85714],[37.813661,48.857107],[37.813657,48.857475],[37.813656,48.857475],[37.813655,48.857475],[37.81362,48.860759]]]}},{"type":"Feature","properties":{"cadnum":"1424287900:01:000:0215"},"geometry":{"type":"Polygon","coordinates":[[[37.815592,48.860242],[37.817412,48.859702],[37.817825,48.859772],[37.818004,48.859802],[37.818071,48.857588],[37.818072,48.857588],[37.818085,48.857166],[37.8165,48.857181],[37.815637,48.85716],[37.815633,48.857475],[37.815632,48.857475],[37.815592,48.860242]]]}},{"type":"Feature","properties":{"cadnum":"1424287900:01:000:0057"},"geometry":{"type":"Polygon","coordinates":[[[37.818408,48.861929],[37.818498,48.862201],[37.820349,48.862336],[37.824073,48.862606],[37.824314,48.861089],[37.824369,48.860747],[37.822541,48.860786],[37.822352,48.860789],[37.820521,48.860783],[37.82052,48.860783],[37.82052,48.860782],[37.819037,48.860777],[37.818884,48.860777],[37.818813,48.861069],[37.818814,48.861089],[37.818813,48.861089],[37.818844,48.861546],[37.818548,48.861749],[37.818408,48.861929]]]}},{"type":"Feature","properties":{"cadnum":"1424287900:01:000:0226"},"geometry":{"type":"Polygon","coordinates":[[[37.817551,48.860783],[37.817811,48.861007],[37.817875,48.861089],[37.817874,48.861089],[37.818188,48.861492],[37.818337,48.861726],[37.818341,48.861936],[37.818408,48.861929],[37.818548,48.861749],[37.818844,48.861546],[37.818821,48.861203],[37.818821,48.861202],[37.818813,48.861069],[37.818884,48.860777],[37.817551,48.860783]]]}},{"type":"Feature","properties":{"cadnum":"1424287900:07:000:0242"},"geometry":{"type":"Polygon","coordinates":[[[37.813473,48.826529],[37.814775,48.82754],[37.814856,48.827603],[37.815135,48.827818],[37.815399,48.827833],[37.815578,48.827724],[37.815112,48.827357],[37.814928,48.827215],[37.814991,48.827047],[37.815027,48.827025],[37.815027,48.827024],[37.815947,48.826458],[37.816456,48.825973],[37.817717,48.824938],[37.817717,48.824937],[37.818287,48.82447],[37.819788,48.823457],[37.819716,48.82338],[37.819582,48.823161],[37.817402,48.824362],[37.817349,48.824391],[37.816152,48.825051],[37.816153,48.825051],[37.814856,48.825767],[37.813473,48.826529]]]}},{"type":"Feature","properties":{"cadnum":"1424287900:05:000:0158"},"geometry":{"type":"Polygon","coordinates":[[[37.818364,48.829974],[37.819383,48.830464],[37.820349,48.829745],[37.820431,48.829683],[37.82052,48.829617],[37.821875,48.828606],[37.823205,48.827615],[37.822769,48.827357],[37.822267,48.827064],[37.820518,48.828369],[37.820269,48.828554],[37.820268,48.828554],[37.818364,48.829974]]]}},{"type":"Feature","properties":{"cadnum":"1424287900:05:000:0160"},"geometry":{"type":"Polygon","coordinates":[[[37.815261,48.828152],[37.815358,48.828218],[37.816052,48.828667],[37.816473,48.828939],[37.816959,48.828575],[37.820431,48.825988],[37.819899,48.82568],[37.819788,48.825616],[37.819423,48.82582],[37.819429,48.825825],[37.81941,48.825834],[37.819406,48.825828],[37.818691,48.826225],[37.8187,48.82623],[37.818683,48.826242],[37.818674,48.826236],[37.817884,48.826677],[37.817888,48.826683],[37.81787,48.826692],[37.817865,48.826688],[37.817115,48.827106],[37.817119,48.827109],[37.817102,48.82712],[37.817097,48.827115],[37.816293,48.827564],[37.816297,48.827567],[37.81628,48.827576],[37.816276,48.827573],[37.815875,48.827795],[37.815282,48.828141],[37.815261,48.828152]]]}},{"type":"Feature","properties":{"cadnum":"1424287900:07:000:0300"},"geometry":{"type":"Polygon","coordinates":[[[37.812125,48.825594],[37.813253,48.82665],[37.814855,48.825767],[37.814856,48.825767],[37.814856,48.825768],[37.81601,48.82513],[37.816154,48.825051],[37.817349,48.824391],[37.816213,48.823344],[37.814912,48.82406],[37.813318,48.824938],[37.813317,48.824938],[37.813151,48.825029],[37.813112,48.825051],[37.812125,48.825594]]]}},{"type":"Feature","properties":{"cadnum":"1424287900:05:000:0159"},"geometry":{"type":"Polygon","coordinates":[[[37.816473,48.828939],[37.817205,48.829412],[37.818364,48.829974],[37.820117,48.828667],[37.820349,48.828495],[37.820518,48.828369],[37.82052,48.828367],[37.822267,48.827064],[37.82189,48.826843],[37.821341,48.826523],[37.82101,48.826331],[37.820431,48.825988],[37.816988,48.828554],[37.816959,48.828575],[37.816836,48.828667],[37.816473,48.828939]]]}},{"type":"Feature","properties":{"cadnum":"1424287900:05:000:0311"},"geometry":{"type":"Polygon","coordinates":[[[37.874364,48.827425],[37.87528,48.827628],[37.87528,48.827629],[37.879194,48.828498],[37.879368,48.827747],[37.87953,48.827768],[37.880773,48.827926],[37.880774,48.827926],[37.880774,48.827927],[37.881183,48.827978],[37.881215,48.827863],[37.880847,48.827782],[37.875452,48.826584],[37.87463,48.826401],[37.874494,48.826931],[37.874364,48.827425]]]}},{"type":"Feature","properties":{"cadnum":"1424287900:05:000:0312"},"geometry":{"type":"Polygon","coordinates":[[[37.87463,48.826401],[37.87528,48.826546],[37.880773,48.827765],[37.880774,48.827765],[37.880774,48.827766],[37.880847,48.827782],[37.880945,48.827803],[37.881215,48.827863],[37.881471,48.826861],[37.880945,48.826744],[37.875452,48.825525],[37.87489,48.825399],[37.874706,48.826109],[37.87463,48.826401]]]}},{"type":"Feature","properties":{"cadnum":"1424287900:05:000:0313"},"geometry":{"type":"Polygon","coordinates":[[[37.87489,48.825399],[37.87528,48.825486],[37.87528,48.825487],[37.880773,48.826706],[37.880774,48.826706],[37.881471,48.826861],[37.881798,48.825592],[37.880774,48.825376],[37.880773,48.825376],[37.880123,48.82524],[37.879352,48.825051],[37.878376,48.824811],[37.875452,48.82411],[37.875452,48.824109],[37.875236,48.824057],[37.87501,48.824938],[37.875009,48.824938],[37.874953,48.825163],[37.87489,48.825399]]]}},{"type":"Feature","properties":{"cadnum":"1424287900:05:000:0296"},"geometry":{"type":"Polygon","coordinates":[[[37.811307,48.793767],[37.815027,48.795043],[37.817215,48.795793],[37.817982,48.79498],[37.814856,48.793906],[37.814855,48.793906],[37.812502,48.793098],[37.811307,48.793767]]]}},{"type":"Feature","properties":{"cadnum":"1424287900:07:000:0349"},"geometry":{"type":"Polygon","coordinates":[[[37.816496,48.796554],[37.817897,48.797036],[37.818759,48.79611],[37.81876,48.79611],[37.820349,48.794406],[37.821341,48.793341],[37.821054,48.793231],[37.820349,48.79315],[37.819775,48.793084],[37.818916,48.793992],[37.817982,48.79498],[37.817215,48.795793],[37.816914,48.79611],[37.816915,48.79611],[37.816915,48.796111],[37.816914,48.796111],[37.816496,48.796554]]]}},{"type":"Feature","properties":{"cadnum":"1424287900:05:000:0297"},"geometry":{"type":"Polygon","coordinates":[[[37.810194,48.794388],[37.815027,48.796049],[37.815204,48.79611],[37.815206,48.79611],[37.816496,48.796554],[37.817021,48.795997],[37.817215,48.795793],[37.814856,48.794984],[37.814855,48.794984],[37.811307,48.793767],[37.810194,48.794388]]]}},{"type":"Feature","properties":{"cadnum":"1424287900:05:000:0295"},"geometry":{"type":"Polygon","coordinates":[[[37.812502,48.793098],[37.815027,48.793965],[37.817982,48.79498],[37.818916,48.793992],[37.814856,48.792597],[37.814855,48.792597],[37.814221,48.792379],[37.813913,48.792273],[37.813552,48.792492],[37.813553,48.792492],[37.81315,48.792737],[37.812502,48.793098]]]}},{"type":"Feature","properties":{"cadnum":"1424287900:05:000:0299"},"geometry":{"type":"Polygon","coordinates":[[[37.817897,48.797036],[37.819226,48.797492],[37.820349,48.796288],[37.820432,48.796198],[37.82052,48.796103],[37.822639,48.793829],[37.821341,48.793341],[37.820521,48.794222],[37.82052,48.794222],[37.82052,48.794221],[37.818865,48.795997],[37.818864,48.795997],[37.817897,48.797036]]]}},{"type":"Feature","properties":{"cadnum":"1424287900:07:000:0279"},"geometry":{"type":"Polygon","coordinates":[[[37.820165,48.792722],[37.820349,48.792768],[37.820437,48.79279],[37.82052,48.792811],[37.82052,48.79281],[37.820521,48.79281],[37.821414,48.79303],[37.821876,48.793187],[37.823106,48.792492],[37.823578,48.792225],[37.823098,48.791977],[37.822626,48.791887],[37.822335,48.791716],[37.821616,48.792071],[37.821081,48.792379],[37.82108,48.792379],[37.820915,48.792474],[37.820914,48.792474],[37.820861,48.792492],[37.820521,48.792605],[37.82052,48.792605],[37.820165,48.792722]]]}},{"type":"Feature","properties":{"cadnum":"1424287900:07:000:0220"},"geometry":{"type":"Polygon","coordinates":[[[37.813859,48.761782],[37.815027,48.763307],[37.815113,48.763419],[37.816158,48.764782],[37.817276,48.763656],[37.817181,48.763533],[37.815215,48.760968],[37.815022,48.761084],[37.813859,48.761782]]]}},{"type":"Feature","properties":{"cadnum":"1424287900:07:000:0264"},"geometry":{"type":"Polygon","coordinates":[[[37.816217,48.765107],[37.817654,48.766511],[37.820205,48.765362],[37.818321,48.763533],[37.818035,48.763254],[37.817871,48.763419],[37.81787,48.763419],[37.817835,48.763455],[37.817758,48.763533],[37.816307,48.764995],[37.816217,48.765107]]]}},{"type":"Feature","properties":{"cadnum":"1424287900:01:000:0111"},"geometry":{"type":"Polygon","coordinates":[[[37.835346,48.868306],[37.835373,48.868317],[37.835568,48.868392],[37.835664,48.86843],[37.836828,48.868881],[37.838126,48.869384],[37.838733,48.868633],[37.837559,48.868342],[37.837556,48.868341],[37.837549,48.868339],[37.837491,48.868317],[37.837,48.868132],[37.835602,48.867606],[37.835346,48.868306]]]}},{"type":"Feature","properties":{"cadnum":"1424287900:01:000:0110"},"geometry":{"type":"Polygon","coordinates":[[[37.835122,48.868917],[37.836828,48.869913],[37.837421,48.870258],[37.838126,48.869384],[37.837,48.868948],[37.837,48.868947],[37.835568,48.868392],[37.835346,48.868306],[37.835342,48.868317],[37.835329,48.868354],[37.835301,48.86843],[37.835122,48.868917]]]}},{"type":"Feature","properties":{"cadnum":"1424287900:01:000:0112"},"geometry":{"type":"Polygon","coordinates":[[[37.834817,48.870046],[37.836518,48.871313],[37.836585,48.871245],[37.836474,48.871121],[37.836362,48.87097],[37.836245,48.870843],[37.836142,48.870752],[37.835885,48.870586],[37.835723,48.870457],[37.835476,48.870081],[37.83536,48.869866],[37.835193,48.86968],[37.835073,48.869517],[37.835054,48.869227],[37.835046,48.869178],[37.835122,48.869062],[37.835315,48.869472],[37.835576,48.869815],[37.835755,48.870078],[37.835952,48.87033],[37.836289,48.87061],[37.836442,48.870773],[37.836622,48.871029],[37.836675,48.871101],[37.836681,48.871151],[37.836788,48.871039],[37.836828,48.87099],[37.836955,48.870834],[37.837,48.870778],[37.837421,48.870258],[37.837,48.870013],[37.835122,48.868917],[37.835037,48.869145],[37.834817,48.870046]]]}},{"type":"Feature","properties":{"cadnum":"1424287900:07:000:0046"},"geometry":{"type":"Polygon","coordinates":[[[37.833298,48.807805],[37.836675,48.807778],[37.836828,48.807783],[37.836828,48.807784],[37.838877,48.807843],[37.838769,48.806935],[37.838725,48.806553],[37.836828,48.806506],[37.833356,48.806417],[37.833338,48.806852],[37.833337,48.806852],[37.833298,48.807805]]]}},{"type":"Feature","properties":{"cadnum":"1424287900:06:000:0208"},"geometry":{"type":"Polygon","coordinates":[[[37.841342,48.804569],[37.842321,48.804656],[37.842321,48.804657],[37.842466,48.804669],[37.842493,48.804702],[37.842493,48.804701],[37.8426,48.804829],[37.842789,48.804758],[37.842493,48.804414],[37.842493,48.804413],[37.842128,48.803989],[37.841342,48.804569]]]}},{"type":"Feature","properties":{"cadnum":"1424287900:06:000:0062"},"geometry":{"type":"Polygon","coordinates":[[[37.841725,48.806411],[37.841828,48.80643],[37.842004,48.806453],[37.84207,48.806465],[37.842071,48.806465],[37.841954,48.806716],[37.842201,48.806743],[37.842321,48.806458],[37.842321,48.806459],[37.84239,48.806296],[37.842403,48.806252],[37.842443,48.806113],[37.842048,48.80606],[37.841824,48.80603],[37.841725,48.806411]],[[37.841796,48.806193],[37.841805,48.806175],[37.841837,48.806181],[37.841824,48.806202],[37.841796,48.806193]]]}},{"type":"Feature","properties":{"cadnum":"1424287900:06:000:0207"},"geometry":{"type":"Polygon","coordinates":[[[37.841113,48.804376],[37.841122,48.804548],[37.841342,48.804569],[37.842128,48.803989],[37.842075,48.80392],[37.841904,48.803793],[37.841113,48.804376]]]}},{"type":"Feature","properties":{"cadnum":"1424287900:06:000:0061"},"geometry":{"type":"Polygon","coordinates":[[[37.841824,48.80603],[37.842048,48.80606],[37.842321,48.806096],[37.842321,48.806097],[37.842443,48.806113],[37.842493,48.805933],[37.842604,48.80553],[37.842411,48.80545],[37.84216,48.805347],[37.842017,48.805288],[37.841877,48.805823],[37.841824,48.80603]],[[37.842107,48.805678],[37.842115,48.80566],[37.842142,48.805666],[37.842142,48.805667],[37.842134,48.805687],[37.842107,48.805678]]]}},{"type":"Feature","properties":{"cadnum":"1424287900:01:000:0145"},"geometry":{"type":"Polygon","coordinates":[[[37.781699,48.874016],[37.781897,48.874379],[37.781919,48.874421],[37.782013,48.874589],[37.782068,48.874693],[37.782086,48.874725],[37.783751,48.874693],[37.78403,48.87469],[37.785296,48.874666],[37.785296,48.874539],[37.785292,48.873848],[37.785202,48.873848],[37.78491,48.873957],[37.784233,48.873972],[37.783958,48.873975],[37.783348,48.873987],[37.782068,48.87401],[37.781699,48.874016]],[[37.783977,48.874081],[37.78399,48.874064],[37.784053,48.874081],[37.78404,48.874099],[37.783977,48.874081]],[[37.783985,48.874342],[37.783985,48.874359],[37.783963,48.874359],[37.783963,48.874342],[37.783985,48.874342]],[[37.783927,48.874566],[37.783927,48.87458],[37.783927,48.874581],[37.7839,48.874581],[37.7839,48.87458],[37.7839,48.874566],[37.783927,48.874566]]]}},{"type":"Feature","properties":{"cadnum":"1424287900:05:000:0044"},"geometry":{"type":"Polygon","coordinates":[[[37.8582,48.848122],[37.858973,48.848174],[37.858973,48.848173],[37.864294,48.848522],[37.86641,48.84866],[37.86651,48.847995],[37.864294,48.847851],[37.858801,48.847491],[37.858298,48.847457],[37.8582,48.848122]]]}},{"type":"Feature","properties":{"cadnum":"1424287900:05:000:0045"},"geometry":{"type":"Polygon","coordinates":[[[37.858298,48.847457],[37.858973,48.847502],[37.864466,48.847862],[37.86651,48.847995],[37.866613,48.847303],[37.864466,48.847164],[37.864466,48.847163],[37.858801,48.846792],[37.858801,48.846793],[37.858401,48.846766],[37.858298,48.847457]]]}},{"type":"Feature","properties":{"cadnum":"1424287900:05:000:0042"},"geometry":{"type":"Polygon","coordinates":[[[37.858007,48.849393],[37.858973,48.849458],[37.864466,48.849819],[37.866217,48.849934],[37.866311,48.849313],[37.864294,48.849181],[37.858973,48.848831],[37.858973,48.84883],[37.858101,48.848773],[37.858087,48.848864],[37.858007,48.849393]]]}},{"type":"Feature","properties":{"cadnum":"1424287900:07:000:0128"},"geometry":{"type":"Polygon","coordinates":[[[37.849711,48.79769],[37.851778,48.799616],[37.852824,48.800589],[37.853308,48.800364],[37.854422,48.799844],[37.854299,48.799729],[37.853479,48.798965],[37.85143,48.797054],[37.850326,48.797471],[37.849931,48.797604],[37.849711,48.79769]]]}},{"type":"Feature","properties":{"cadnum":"1424287900:07:000:0129"},"geometry":{"type":"Polygon","coordinates":[[[37.85143,48.797054],[37.853308,48.798805],[37.854177,48.799616],[37.854422,48.799844],[37.854666,48.799729],[37.85582,48.799187],[37.853479,48.797006],[37.852931,48.796495],[37.852711,48.796571],[37.85143,48.797054]]]}},{"type":"Feature","properties":{"cadnum":"1424287900:07:000:0121"},"geometry":{"type":"Polygon","coordinates":[[[37.853439,48.804092],[37.85369,48.804382],[37.854179,48.804735],[37.857367,48.803241],[37.858973,48.802488],[37.860512,48.801767],[37.859821,48.801104],[37.858973,48.801502],[37.855273,48.803234],[37.855272,48.803234],[37.853439,48.804092]]]}},{"type":"Feature","properties":{"cadnum":"1424287900:07:000:0356"},"geometry":{"type":"Polygon","coordinates":[[[37.854179,48.804735],[37.855024,48.805341],[37.858973,48.803492],[37.859494,48.803247],[37.861214,48.802442],[37.860512,48.801767],[37.858801,48.802569],[37.857381,48.803234],[37.857367,48.803241],[37.857139,48.803347],[37.854179,48.804735]]]}},{"type":"Feature","properties":{"cadnum":"1424287900:07:000:0125"},"geometry":{"type":"Polygon","coordinates":[[[37.850147,48.801844],[37.850941,48.802382],[37.853308,48.801275],[37.853393,48.801234],[37.853479,48.801194],[37.856753,48.79966],[37.857808,48.799166],[37.857206,48.798587],[37.857185,48.798548],[37.85582,48.799187],[37.854907,48.799616],[37.854906,48.799616],[37.854422,48.799844],[37.85348,48.800284],[37.853479,48.800284],[37.852824,48.800589],[37.851269,48.801321],[37.850147,48.801844]]]}},{"type":"Feature","properties":{"cadnum":"1424287900:07:000:0360"},"geometry":{"type":"Polygon","coordinates":[[[37.854619,48.795889],[37.854857,48.79611],[37.854858,48.79611],[37.855747,48.796938],[37.857139,48.798338],[37.857248,48.798534],[37.857265,48.798566],[37.857867,48.79914],[37.858358,48.799616],[37.858431,48.799686],[37.858475,48.799729],[37.858518,48.79977],[37.858801,48.800041],[37.858801,48.800042],[37.859192,48.800415],[37.859879,48.801078],[37.860571,48.801744],[37.861271,48.802418],[37.861986,48.803107],[37.862118,48.803234],[37.862117,48.803234],[37.862741,48.803832],[37.863801,48.804852],[37.86394,48.8049],[37.864147,48.804781],[37.86412,48.804758],[37.862691,48.803382],[37.862536,48.803234],[37.861789,48.802518],[37.860894,48.801652],[37.859116,48.799915],[37.858809,48.799616],[37.858808,48.799616],[37.858204,48.799027],[37.857256,48.798102],[37.856282,48.797146],[37.85516,48.796048],[37.854871,48.795764],[37.854619,48.795889]]]}},{"type":"Feature","properties":{"cadnum":"1424287900:07:000:0124"},"geometry":{"type":"Polygon","coordinates":[[[37.850941,48.802382],[37.851759,48.802935],[37.853308,48.802211],[37.858464,48.799797],[37.858382,48.799718],[37.857808,48.799166],[37.856848,48.799616],[37.856753,48.79966],[37.856607,48.799729],[37.853393,48.801234],[37.850941,48.802382]]]}},{"type":"Feature","properties":{"cadnum":"1424287900:02:000:0004"},"geometry":{"type":"Polygon","coordinates":[[[37.799643,48.886357],[37.799993,48.88637],[37.800783,48.886399],[37.800783,48.886125],[37.79998,48.886101],[37.799643,48.886092],[37.799643,48.886357]]]}},{"type":"Feature","properties":{"cadnum":"1424287900:02:000:0005"},"geometry":{"type":"Polygon","coordinates":[[[37.800783,48.886399],[37.801678,48.886431],[37.801605,48.886147],[37.800783,48.886125],[37.800783,48.886399]]]}},{"type":"Feature","properties":{"cadnum":"1424287900:02:000:0110"},"geometry":{"type":"Polygon","coordinates":[[[37.8009,48.886647],[37.801525,48.88667],[37.801529,48.886425],[37.8009,48.886402],[37.8009,48.886647]]]}},{"type":"Feature","properties":{"cadnum":"1424287900:02:000:0109"},"geometry":{"type":"Polygon","coordinates":[[[37.799638,48.8866],[37.800856,48.886647],[37.8009,48.886647],[37.8009,48.886402],[37.800783,48.886399],[37.799993,48.88637],[37.799643,48.886357],[37.799643,48.88638],[37.799642,48.88638],[37.799641,48.886439],[37.799639,48.886493],[37.79964,48.886493],[37.799638,48.8866]]]}},{"type":"Feature","properties":{"cadnum":"1424287900:01:000:0230"},"geometry":{"type":"Polygon","coordinates":[[[37.799665,48.88535],[37.799795,48.885392],[37.800496,48.884886],[37.802024,48.884178],[37.802135,48.884124],[37.802074,48.884045],[37.801921,48.883853],[37.801412,48.883962],[37.800137,48.883691],[37.799917,48.88372],[37.799747,48.883743],[37.799665,48.883756],[37.799674,48.883918],[37.79971,48.884801],[37.799665,48.88535]]]}},{"type":"Feature","properties":{"cadnum":"1424287900:02:000:0080"},"geometry":{"type":"Polygon","coordinates":[[[37.801148,48.886133],[37.801605,48.886147],[37.801579,48.885947],[37.801148,48.885935],[37.801148,48.886133]]]}},{"type":"Feature","properties":{"cadnum":"1424287900:02:000:0012"},"geometry":{"type":"Polygon","coordinates":[[[37.798349,48.885153],[37.798376,48.885155],[37.799647,48.885244],[37.799684,48.885011],[37.798389,48.884937],[37.798349,48.885153]]]}},{"type":"Feature","properties":{"cadnum":"1424287900:02:000:0014"},"geometry":{"type":"Polygon","coordinates":[[[37.798672,48.886133],[37.798825,48.886139],[37.799527,48.886177],[37.799535,48.88598],[37.799544,48.885817],[37.798705,48.885773],[37.798672,48.886133]]]}},{"type":"Feature","properties":{"cadnum":"1424287900:02:000:0079"},"geometry":{"type":"Polygon","coordinates":[[[37.799643,48.886092],[37.800783,48.886125],[37.801148,48.886133],[37.801148,48.885935],[37.799651,48.885885],[37.799643,48.886092]]]}},{"type":"Feature","properties":{"cadnum":"1424287900:02:000:0015"},"geometry":{"type":"Polygon","coordinates":[[[37.798166,48.886107],[37.798376,48.886118],[37.798493,48.886124],[37.798548,48.886127],[37.798672,48.886133],[37.798705,48.885773],[37.798548,48.885765],[37.798183,48.885746],[37.798166,48.886107]]]}},{"type":"Feature","properties":{"cadnum":"1424287900:02:000:0022"},"geometry":{"type":"Polygon","coordinates":[[[37.798318,48.884931],[37.798376,48.884936],[37.798389,48.884937],[37.798548,48.884946],[37.798969,48.884969],[37.799684,48.885011],[37.799705,48.884801],[37.798992,48.884757],[37.798548,48.884729],[37.798548,48.884728],[37.79834,48.884715],[37.798318,48.884931]]]}},{"type":"Feature","properties":{"cadnum":"1424287900:07:000:0304"},"geometry":{"type":"Polygon","coordinates":[[[37.811379,48.818817],[37.813329,48.820615],[37.814856,48.819775],[37.816882,48.81866],[37.815027,48.818077],[37.814636,48.817953],[37.814428,48.81778],[37.814182,48.817574],[37.81411,48.817512],[37.813706,48.817625],[37.813329,48.817817],[37.81333,48.817817],[37.811379,48.818817]],[[37.813113,48.818618],[37.813114,48.818618],[37.813257,48.818648],[37.813248,48.818666],[37.813108,48.818637],[37.813108,48.818636],[37.813113,48.818618]]]}},{"type":"Feature","properties":{"cadnum":"1424287900:07:000:0270"},"geometry":{"type":"Polygon","coordinates":[[[37.811353,48.818264],[37.811514,48.818462],[37.812772,48.817817],[37.812773,48.817817],[37.813531,48.817429],[37.81398,48.817305],[37.814119,48.817276],[37.814689,48.817164],[37.814855,48.81713],[37.814856,48.81713],[37.815269,48.817045],[37.815062,48.816726],[37.815012,48.816646],[37.814878,48.816687],[37.814905,48.816723],[37.814848,48.816741],[37.814847,48.816741],[37.814825,48.816705],[37.814542,48.816787],[37.814033,48.816951],[37.813598,48.817187],[37.813257,48.817364],[37.813108,48.817341],[37.812857,48.817459],[37.812691,48.817601],[37.812544,48.817704],[37.812439,48.817778],[37.812437,48.81778],[37.812365,48.817817],[37.812129,48.817942],[37.811819,48.818095],[37.811424,48.818234],[37.811353,48.818264]]]}},{"type":"Feature","properties":{"cadnum":"1424287900:07:000:0287"},"geometry":{"type":"Polygon","coordinates":[[[37.813993,48.817332],[37.814029,48.817385],[37.81411,48.817512],[37.814182,48.817574],[37.814366,48.817536],[37.814855,48.817438],[37.814856,48.817438],[37.814897,48.81743],[37.815027,48.817404],[37.816806,48.817045],[37.816649,48.816796],[37.815002,48.817127],[37.814672,48.817193],[37.814092,48.817311],[37.813993,48.817332]]]}},{"type":"Feature","properties":{"cadnum":"1424287900:07:000:0312"},"geometry":{"type":"Polygon","coordinates":[[[37.811267,48.817784],[37.811292,48.817817],[37.811294,48.817817],[37.811582,48.818169],[37.811815,48.818086],[37.812121,48.817935],[37.812431,48.817769],[37.812682,48.817595],[37.812848,48.817453],[37.813127,48.817323],[37.813257,48.817175],[37.813351,48.817033],[37.813459,48.81698],[37.813253,48.816728],[37.811748,48.817379],[37.811362,48.817704],[37.811267,48.817784]]]}},{"type":"Feature","properties":{"cadnum":"1424287900:07:000:0072"},"geometry":{"type":"Polygon","coordinates":[[[37.809848,48.81401],[37.809859,48.814087],[37.809991,48.814954],[37.812238,48.814809],[37.814855,48.814638],[37.814856,48.814638],[37.81593,48.814566],[37.815859,48.814087],[37.815858,48.814087],[37.81579,48.813623],[37.814856,48.813684],[37.814856,48.813685],[37.814855,48.813685],[37.809848,48.81401]]]}},{"type":"Feature","properties":{"cadnum":"1424287900:07:000:0355"},"geometry":{"type":"Polygon","coordinates":[[[37.813253,48.816728],[37.813459,48.81698],[37.813966,48.816737],[37.814546,48.816575],[37.814798,48.816483],[37.814855,48.816463],[37.814856,48.816463],[37.814941,48.816432],[37.815027,48.816394],[37.815027,48.816393],[37.815305,48.816267],[37.815597,48.816105],[37.815857,48.815945],[37.816041,48.815835],[37.816006,48.815782],[37.815988,48.815753],[37.815988,48.815752],[37.81605,48.815732],[37.816051,48.815732],[37.81654,48.815578],[37.816379,48.815374],[37.816307,48.815288],[37.815565,48.815729],[37.815431,48.815788],[37.814934,48.816003],[37.813253,48.816728]]]}},{"type":"Feature","properties":{"cadnum":"1424287900:07:000:0071"},"geometry":{"type":"Polygon","coordinates":[[[37.812238,48.814809],[37.812561,48.816974],[37.813217,48.816693],[37.815027,48.81591],[37.815027,48.815909],[37.815525,48.815693],[37.816037,48.815283],[37.81593,48.814566],[37.815027,48.814627],[37.815027,48.814626],[37.812238,48.814809]]]}},{"type":"Feature","properties":{"cadnum":"1424287900:07:000:0070"},"geometry":{"type":"Polygon","coordinates":[[[37.809991,48.814954],[37.810403,48.817704],[37.810414,48.817775],[37.810414,48.817776],[37.811016,48.817533],[37.812093,48.817178],[37.812561,48.816974],[37.812238,48.814809],[37.809991,48.814954]]]}},{"type":"Feature","properties":{"cadnum":"1424287900:07:000:0058"},"geometry":{"type":"Polygon","coordinates":[[[37.804292,48.815897],[37.804642,48.816826],[37.809362,48.816517],[37.810148,48.816465],[37.810009,48.815522],[37.809526,48.815554],[37.804292,48.815897]]]}},{"type":"Feature","properties":{"cadnum":"1424287900:05:000:0292"},"geometry":{"type":"Polygon","coordinates":[[[37.809368,48.784475],[37.809534,48.784639],[37.810044,48.78514],[37.810616,48.785703],[37.810683,48.785771],[37.811539,48.785253],[37.813594,48.78401],[37.812507,48.782936],[37.812291,48.782708],[37.809368,48.784475]]]}},{"type":"Feature","properties":{"cadnum":"1424287900:07:000:0306"},"geometry":{"type":"Polygon","coordinates":[[[37.811932,48.781595],[37.811972,48.781634],[37.812763,48.782394],[37.814586,48.781629],[37.815027,48.781445],[37.815027,48.781444],[37.817856,48.780257],[37.817043,48.779456],[37.815027,48.7803],[37.812109,48.781521],[37.811932,48.781595]]]}},{"type":"Feature","properties":{"cadnum":"1424287900:07:000:0275"},"geometry":{"type":"Polygon","coordinates":[[[37.812763,48.782394],[37.81354,48.783143],[37.815027,48.78252],[37.817139,48.781634],[37.818983,48.780861],[37.818224,48.780121],[37.817878,48.780278],[37.817856,48.780257],[37.814856,48.781516],[37.814856,48.781517],[37.814845,48.781521],[37.814844,48.781521],[37.814586,48.781629],[37.814574,48.781634],[37.812763,48.782394]]]}},{"type":"Feature","properties":{"cadnum":"1424287900:07:000:0297"},"geometry":{"type":"Polygon","coordinates":[[[37.81354,48.783143],[37.814316,48.783892],[37.814855,48.783666],[37.814856,48.783666],[37.819756,48.78161],[37.819096,48.78097],[37.818983,48.780861],[37.817409,48.781521],[37.814856,48.782592],[37.81354,48.783143]]]}},{"type":"Feature","properties":{"cadnum":"1424287900:07:000:0033"},"geometry":{"type":"Polygon","coordinates":[[[37.811106,48.780799],[37.811855,48.781521],[37.811854,48.781521],[37.811932,48.781595],[37.814855,48.780371],[37.814856,48.780371],[37.814856,48.780372],[37.817043,48.779456],[37.81623,48.778653],[37.815027,48.779157],[37.811106,48.780799]]]}},{"type":"Feature","properties":{"cadnum":"1424287900:07:000:0385"},"geometry":{"type":"Polygon","coordinates":[[[37.806802,48.781953],[37.807939,48.783069],[37.80807,48.783199],[37.809534,48.782315],[37.810661,48.781634],[37.810662,48.781634],[37.81106,48.781394],[37.810561,48.780861],[37.809875,48.780097],[37.809534,48.780303],[37.807329,48.781634],[37.80733,48.781634],[37.806802,48.781953]]]}},{"type":"Feature","properties":{"cadnum":"1424287900:05:000:0291"},"geometry":{"type":"Polygon","coordinates":[[[37.80807,48.783199],[37.809278,48.784386],[37.809362,48.78447],[37.809368,48.784475],[37.809534,48.784375],[37.809534,48.784374],[37.812291,48.782708],[37.811262,48.78161],[37.81106,48.781394],[37.810849,48.781521],[37.810848,48.781521],[37.809362,48.782419],[37.80807,48.783199]]]}},{"type":"Feature","properties":{"cadnum":"1424287900:05:000:0289"},"geometry":{"type":"Polygon","coordinates":[[[37.810683,48.785771],[37.811955,48.78702],[37.811999,48.787067],[37.814909,48.785309],[37.814738,48.78514],[37.814737,48.78514],[37.813594,48.78401],[37.811726,48.78514],[37.811725,48.78514],[37.810683,48.785771]]]}},{"type":"Feature","properties":{"cadnum":"1424287900:01:000:0193"},"geometry":{"type":"Polygon","coordinates":[[[37.81398,48.87871],[37.814855,48.878542],[37.814856,48.878542],[37.814856,48.878543],[37.814905,48.878533],[37.815027,48.878523],[37.817111,48.878353],[37.817748,48.878324],[37.819496,48.878421],[37.820272,48.878596],[37.820349,48.878562],[37.820425,48.878528],[37.82052,48.878221],[37.82052,48.87822],[37.820601,48.87796],[37.820499,48.877947],[37.820335,48.877924],[37.820349,48.877881],[37.820498,48.877396],[37.82052,48.8774],[37.82052,48.877399],[37.820521,48.877399],[37.820762,48.877431],[37.82096,48.876785],[37.82052,48.876599],[37.819572,48.876196],[37.819186,48.875987],[37.818456,48.875543],[37.817308,48.874843],[37.816456,48.874193],[37.815624,48.873455],[37.815584,48.873455],[37.815574,48.874043],[37.815435,48.874661],[37.815231,48.875543],[37.815228,48.875555],[37.815218,48.875656],[37.815188,48.875949],[37.815045,48.876463],[37.814892,48.876727],[37.814762,48.876953],[37.814856,48.876994],[37.814856,48.876995],[37.814986,48.87705],[37.814645,48.877727],[37.814066,48.878309],[37.81398,48.87871]]]}},{"type":"Feature","properties":{"cadnum":"1424287900:01:000:0086"},"geometry":{"type":"Polygon","coordinates":[[[37.820335,48.877924],[37.820349,48.877926],[37.820349,48.877927],[37.820499,48.877947],[37.82052,48.87795],[37.820521,48.87795],[37.820601,48.87796],[37.820762,48.877431],[37.820498,48.877396],[37.820335,48.877924]]]}},{"type":"Feature","properties":{"cadnum":"1424287900:05:000:0100"},"geometry":{"type":"Polygon","coordinates":[[[37.820066,48.846762],[37.820349,48.84678],[37.820393,48.846783],[37.82052,48.846791],[37.82052,48.84679],[37.820521,48.84679],[37.825339,48.847082],[37.825362,48.846964],[37.825387,48.846632],[37.825438,48.845982],[37.820349,48.845677],[37.820219,48.845669],[37.820067,48.846745],[37.820068,48.846745],[37.820066,48.846762]]]}},{"type":"Feature","properties":{"cadnum":"1424287900:05:000:0102"},"geometry":{"type":"Polygon","coordinates":[[[37.820368,48.844575],[37.82052,48.844585],[37.820521,48.844585],[37.825496,48.844883],[37.825461,48.844427],[37.825358,48.843754],[37.82052,48.843461],[37.820368,48.844575]]]}},{"type":"Feature","properties":{"cadnum":"1424287900:05:000:0101"},"geometry":{"type":"Polygon","coordinates":[[[37.820219,48.845669],[37.82052,48.845687],[37.820521,48.845687],[37.825438,48.845982],[37.825509,48.845045],[37.825496,48.844883],[37.820368,48.844575],[37.820219,48.845669]]]}},{"type":"Feature","properties":{"cadnum":"1424287900:05:000:0083"},"geometry":{"type":"Polygon","coordinates":[[[37.814379,48.846529],[37.814855,48.846558],[37.814856,48.846558],[37.814856,48.846559],[37.817988,48.846745],[37.817989,48.846745],[37.819972,48.846863],[37.819988,48.846745],[37.820119,48.845799],[37.814863,48.845484],[37.814699,48.845474],[37.814379,48.846529]]]}},{"type":"Feature","properties":{"cadnum":"1424287900:05:000:0085"},"geometry":{"type":"Polygon","coordinates":[[[37.815031,48.844374],[37.820272,48.844688],[37.820431,48.843555],[37.815368,48.843251],[37.815031,48.844374]]]}},{"type":"Feature","properties":{"cadnum":"1424287900:05:000:0084"},"geometry":{"type":"Polygon","coordinates":[[[37.814699,48.845474],[37.814856,48.845484],[37.814863,48.845484],[37.815027,48.845494],[37.820119,48.845799],[37.820272,48.844688],[37.815031,48.844374],[37.814907,48.844786],[37.814699,48.845474]]]}},{"type":"Feature","properties":{"cadnum":"1424287900:05:000:0396"},"geometry":{"type":"Polygon","coordinates":[[[37.879014,48.814354],[37.880253,48.815365],[37.880773,48.815051],[37.880774,48.815051],[37.882314,48.81412],[37.882315,48.814119],[37.88488,48.81257],[37.883725,48.811511],[37.880774,48.813292],[37.880773,48.813292],[37.879267,48.8142],[37.879268,48.8142],[37.879014,48.814354]]]}},{"type":"Feature","properties":{"cadnum":"1424287900:05:000:0391"},"geometry":{"type":"Polygon","coordinates":[[[37.877877,48.813422],[37.878688,48.814087],[37.879014,48.814354],[37.879455,48.814087],[37.880945,48.813189],[37.880945,48.813188],[37.883725,48.811511],[37.883024,48.810866],[37.88266,48.810535],[37.880774,48.811674],[37.880773,48.811674],[37.877877,48.813422]]]}},{"type":"Feature","properties":{"cadnum":"1424287900:07:000:0272"},"geometry":{"type":"Polygon","coordinates":[[[37.81857,48.814448],[37.818884,48.814842],[37.820201,48.814428],[37.819735,48.814109],[37.819733,48.814108],[37.819382,48.8142],[37.81901,48.814297],[37.81857,48.814448]]]}},{"type":"Feature","properties":{"cadnum":"1424287900:07:000:0075"},"geometry":{"type":"Polygon","coordinates":[[[37.809429,48.811225],[37.809534,48.81193],[37.809565,48.812138],[37.814855,48.811791],[37.814856,48.811791],[37.815507,48.811747],[37.815368,48.810833],[37.814986,48.810859],[37.809429,48.811225]]]}},{"type":"Feature","properties":{"cadnum":"1424287900:07:000:0073"},"geometry":{"type":"Polygon","coordinates":[[[37.809704,48.813067],[37.809848,48.81401],[37.815027,48.813674],[37.815027,48.813673],[37.81579,48.813623],[37.81575,48.813378],[37.815647,48.812679],[37.815027,48.81272],[37.809704,48.813067]]]}},{"type":"Feature","properties":{"cadnum":"1424287900:07:000:0074"},"geometry":{"type":"Polygon","coordinates":[[[37.809565,48.812138],[37.809704,48.813067],[37.814855,48.812731],[37.814856,48.812731],[37.815647,48.812679],[37.815521,48.811857],[37.815507,48.811747],[37.815027,48.811779],[37.809565,48.812138]]]}},{"type":"Feature","properties":{"cadnum":"1424287900:07:000:0256"},"geometry":{"type":"Polygon","coordinates":[[[37.819293,48.81381],[37.819702,48.814087],[37.819701,48.814087],[37.820148,48.814389],[37.820349,48.81435],[37.82045,48.81433],[37.82052,48.814317],[37.82052,48.814316],[37.821023,48.814218],[37.821117,48.8142],[37.821714,48.814082],[37.821754,48.814087],[37.822052,48.814126],[37.822057,48.814125],[37.823498,48.813954],[37.823551,48.81372],[37.823542,48.813641],[37.823274,48.813606],[37.823224,48.813558],[37.823201,48.813274],[37.822419,48.813315],[37.82237,48.813383],[37.822348,48.813407],[37.822226,48.813425],[37.821027,48.813593],[37.82096,48.813602],[37.820349,48.813679],[37.819293,48.81381]]]}},{"type":"Feature","properties":{"cadnum":"1424287900:07:000:0257"},"geometry":{"type":"Polygon","coordinates":[[[37.819649,48.812233],[37.819725,48.81252],[37.819783,48.81273],[37.819936,48.813283],[37.82052,48.813211],[37.820794,48.813176],[37.820865,48.813168],[37.822182,48.813005],[37.822092,48.812653],[37.822033,48.812413],[37.822016,48.812339],[37.82193,48.812002],[37.821916,48.811955],[37.820498,48.812129],[37.820444,48.812135],[37.819649,48.812233]]]}},{"type":"Feature","properties":{"cadnum":"1424287900:07:000:0359"},"geometry":{"type":"Polygon","coordinates":[[[37.818939,48.813038],[37.818983,48.813165],[37.819203,48.813901],[37.819293,48.81381],[37.82052,48.813657],[37.820955,48.813602],[37.822226,48.813425],[37.822343,48.813404],[37.82237,48.813383],[37.822419,48.813315],[37.823205,48.813274],[37.823205,48.813275],[37.823224,48.813558],[37.823274,48.813606],[37.823542,48.813637],[37.823551,48.81372],[37.823498,48.813954],[37.82238,48.814087],[37.822379,48.814087],[37.822057,48.814125],[37.822052,48.814126],[37.821719,48.814084],[37.821706,48.814087],[37.821705,48.814087],[37.821405,48.814145],[37.821121,48.8142],[37.820349,48.81435],[37.820148,48.814389],[37.820205,48.814428],[37.819999,48.814492],[37.820228,48.81496],[37.820349,48.815094],[37.820349,48.815095],[37.82037,48.815118],[37.82052,48.815285],[37.820521,48.815285],[37.820641,48.815419],[37.821863,48.815767],[37.822515,48.815951],[37.82246,48.814608],[37.825033,48.814641],[37.824909,48.814404],[37.824908,48.814404],[37.824911,48.814124],[37.824913,48.814001],[37.824859,48.813472],[37.825218,48.813088],[37.825232,48.812979],[37.824274,48.813023],[37.823655,48.813064],[37.822639,48.811573],[37.82233,48.811147],[37.821355,48.811203],[37.821328,48.810848],[37.821069,48.81052],[37.821005,48.810438],[37.820897,48.810304],[37.820708,48.810352],[37.820608,48.810583],[37.820578,48.810653],[37.820395,48.811],[37.820251,48.811271],[37.819999,48.811565],[37.818947,48.812762],[37.818939,48.813038]],[[37.819936,48.813283],[37.819783,48.81273],[37.819643,48.812233],[37.820349,48.812145],[37.820349,48.812146],[37.820498,48.812126],[37.82052,48.812124],[37.82052,48.812123],[37.821916,48.811951],[37.821916,48.811952],[37.821917,48.811952],[37.82193,48.812002],[37.822016,48.812339],[37.822092,48.812653],[37.822182,48.813005],[37.820865,48.813168],[37.820349,48.813232],[37.819936,48.813283]]]}},{"type":"Feature","properties":{"cadnum":"1424287900:07:000:0056"},"geometry":{"type":"Polygon","coordinates":[[[37.81575,48.813378],[37.81579,48.813623],[37.815875,48.8142],[37.81593,48.814566],[37.816037,48.815283],[37.816706,48.814747],[37.817443,48.814274],[37.818325,48.814087],[37.819199,48.813901],[37.818974,48.813165],[37.81575,48.813378]],[[37.816634,48.814741],[37.816662,48.814711],[37.816706,48.814729],[37.81668,48.814762],[37.816679,48.814762],[37.816634,48.814741]]]}},{"type":"Feature","properties":{"cadnum":"1424287900:07:000:0081"},"geometry":{"type":"Polygon","coordinates":[[[37.815521,48.811857],[37.815647,48.812679],[37.81575,48.813378],[37.817645,48.813251],[37.818494,48.813197],[37.818983,48.813165],[37.818939,48.813038],[37.818947,48.812762],[37.819995,48.811565],[37.819132,48.81162],[37.815521,48.811857]],[[37.818634,48.812606],[37.818633,48.812606],[37.818588,48.812588],[37.818615,48.812558],[37.81866,48.812576],[37.818634,48.812606]]]}},{"type":"Feature","properties":{"cadnum":"1424287900:03:000:0209"},"geometry":{"type":"Polygon","coordinates":[[[37.837331,48.887057],[37.837331,48.887285],[37.837476,48.887285],[37.838176,48.887274],[37.838159,48.88701],[37.837713,48.887057],[37.837331,48.887057]]]}},{"type":"Feature","properties":{"cadnum":"1424287900:03:000:0106"},"geometry":{"type":"Polygon","coordinates":[[[37.838405,48.888437],[37.838603,48.88893],[37.838899,48.888889],[37.838774,48.88859],[37.838405,48.888437]]]}},{"type":"Feature","properties":{"cadnum":"1424287900:03:000:0038"},"geometry":{"type":"Polygon","coordinates":[[[37.837974,48.888316],[37.8381,48.888995],[37.838603,48.88893],[37.838379,48.888369],[37.838109,48.888408],[37.838109,48.888407],[37.838073,48.888301],[37.837974,48.888316]]]}},{"type":"Feature","properties":{"cadnum":"1424287900:03:000:0032"},"geometry":{"type":"Polygon","coordinates":[[[37.838073,48.888301],[37.838109,48.888408],[37.838379,48.888369],[37.838333,48.888262],[37.838073,48.888301]]]}},{"type":"Feature","properties":{"cadnum":"1424287900:01:000:0123"},"geometry":{"type":"Polygon","coordinates":[[[37.838297,48.889116],[37.838409,48.889739],[37.839595,48.889216],[37.839551,48.888886],[37.839551,48.888885],[37.838297,48.889116]]]}},{"type":"Feature","properties":{"cadnum":"1424287900:03:000:0058"},"geometry":{"type":"Polygon","coordinates":[[[37.837251,48.888298],[37.8373,48.888555],[37.837341,48.888767],[37.837628,48.889146],[37.837897,48.889072],[37.837723,48.888629],[37.837696,48.888537],[37.837683,48.888493],[37.837628,48.888342],[37.837251,48.888298]]]}},{"type":"Feature","properties":{"cadnum":"1424287900:03:000:0240"},"geometry":{"type":"Polygon","coordinates":[[[37.837628,48.888342],[37.837683,48.888493],[37.837696,48.888537],[37.837723,48.888629],[37.837897,48.889072],[37.8381,48.888995],[37.837974,48.888316],[37.837628,48.888342]]]}},{"type":"Feature","properties":{"cadnum":"1424287900:03:000:0103"},"geometry":{"type":"Polygon","coordinates":[[[37.836964,48.888894],[37.837184,48.889027],[37.8374,48.889116],[37.837628,48.889146],[37.837341,48.888767],[37.837341,48.888759],[37.836964,48.888894]]]}},{"type":"Feature","properties":{"cadnum":"1424287900:01:000:0120"},"geometry":{"type":"Polygon","coordinates":[[[37.837331,48.889293],[37.837489,48.889919],[37.838409,48.889739],[37.838297,48.889116],[37.837331,48.889293]]]}},{"type":"Feature","properties":{"cadnum":"1424287900:03:000:0040"},"geometry":{"type":"Polygon","coordinates":[[[37.837331,48.887285],[37.837341,48.887536],[37.837583,48.887513],[37.837619,48.887506],[37.837933,48.887447],[37.838113,48.887441],[37.83823,48.887436],[37.838226,48.88727],[37.837476,48.887285],[37.837331,48.887285]]]}},{"type":"Feature","properties":{"cadnum":"1424287900:03:000:0200"},"geometry":{"type":"Polygon","coordinates":[[[37.837341,48.887536],[37.837345,48.887846],[37.837817,48.887811],[37.838113,48.887773],[37.838113,48.887441],[37.837933,48.887447],[37.837619,48.887506],[37.837583,48.887513],[37.837341,48.887536]]]}},{"type":"Feature","properties":{"cadnum":"1424287900:01:000:0208"},"geometry":{"type":"Polygon","coordinates":[[[37.841769,48.856079],[37.841949,48.857475],[37.84196,48.857559],[37.841963,48.857588],[37.84199,48.857792],[37.842321,48.857772],[37.842321,48.857773],[37.845824,48.857562],[37.845834,48.857562],[37.845614,48.855847],[37.842493,48.856036],[37.842493,48.856035],[37.841769,48.856079]]]}},{"type":"Feature","properties":{"cadnum":"1424287900:05:000:0128"},"geometry":{"type":"Polygon","coordinates":[[[37.83832,48.855074],[37.839075,48.85508],[37.841562,48.855094],[37.841562,48.855076],[37.841594,48.855074],[37.841595,48.855074],[37.841595,48.855094],[37.842493,48.8551],[37.842493,48.855099],[37.844122,48.855109],[37.845587,48.855115],[37.845587,48.855038],[37.845592,48.854767],[37.845596,48.854589],[37.845596,48.85445],[37.842493,48.854432],[37.838329,48.854408],[37.83832,48.855074]],[[37.844707,48.854926],[37.844738,48.854923],[37.844738,48.854944],[37.844707,48.854947],[37.844707,48.854946],[37.844707,48.854926]]]}},{"type":"Feature","properties":{"cadnum":"1424287900:01:000:0211"},"geometry":{"type":"Polygon","coordinates":[[[37.837111,48.856357],[37.837256,48.857475],[37.837255,48.857475],[37.837269,48.85758],[37.837772,48.857474],[37.839555,48.8574],[37.839958,48.857588],[37.839959,48.857588],[37.840409,48.857798],[37.841975,48.858165],[37.841901,48.857589],[37.841901,48.857588],[37.841902,48.857588],[37.841711,48.856081],[37.837111,48.856357]]]}},{"type":"Feature","properties":{"cadnum":"1424287900:05:000:0127"},"geometry":{"type":"Polygon","coordinates":[[[37.838306,48.85617],[37.838944,48.85612],[37.842493,48.85591],[37.845578,48.855727],[37.845587,48.855115],[37.844122,48.855109],[37.842321,48.855098],[37.842321,48.855099],[37.841595,48.855094],[37.841562,48.855094],[37.839075,48.85508],[37.83832,48.855074],[37.83832,48.855115],[37.838316,48.855387],[37.838306,48.85617]]]}},{"type":"Feature","properties":{"cadnum":"1424287900:01:000:0219"},"geometry":{"type":"Polygon","coordinates":[[[37.774952,48.862499],[37.775321,48.862736],[37.776403,48.863092],[37.776575,48.863149],[37.776849,48.863239],[37.776826,48.863283],[37.776556,48.8638],[37.776575,48.863937],[37.776606,48.864163],[37.776524,48.864314],[37.776575,48.864324],[37.776857,48.864376],[37.777122,48.864444],[37.777855,48.864441],[37.779413,48.864397],[37.779403,48.864152],[37.778358,48.864193],[37.778357,48.864193],[37.778312,48.86372],[37.779143,48.863703],[37.779076,48.863413],[37.779076,48.863412],[37.779287,48.86307],[37.779279,48.862768],[37.77934,48.86195],[37.779076,48.861607],[37.776403,48.861927],[37.776084,48.861965],[37.775631,48.862098],[37.774952,48.862499]]]}},{"type":"Feature","properties":{"cadnum":"1424287900:05:000:0170"},"geometry":{"type":"Polygon","coordinates":[[[37.833343,48.827984],[37.834241,48.82851],[37.834281,48.82851],[37.835495,48.827611],[37.836828,48.826619],[37.838436,48.825421],[37.837807,48.825051],[37.837516,48.824879],[37.837438,48.824938],[37.837437,48.824938],[37.837,48.825263],[37.833343,48.827984]]]}},{"type":"Feature","properties":{"cadnum":"1424287900:05:000:0410"},"geometry":{"type":"Polygon","coordinates":[[[37.841155,48.823111],[37.842321,48.822745],[37.84234,48.822739],[37.842493,48.822691],[37.842578,48.822664],[37.843885,48.822049],[37.845228,48.821431],[37.845857,48.821235],[37.847115,48.821121],[37.847814,48.82106],[37.847815,48.82106],[37.848179,48.821029],[37.849526,48.820949],[37.851283,48.820822],[37.85135,48.821],[37.851988,48.820908],[37.852122,48.820904],[37.853308,48.820776],[37.853315,48.820775],[37.853479,48.820758],[37.853479,48.820757],[37.858451,48.820218],[37.858801,48.820266],[37.858801,48.820267],[37.859856,48.820411],[37.86112,48.820627],[37.863244,48.81871],[37.859565,48.818086],[37.859428,48.817817],[37.859429,48.817817],[37.859323,48.817607],[37.858973,48.817561],[37.857099,48.817315],[37.855024,48.817817],[37.85422,48.818012],[37.853396,48.818221],[37.851965,48.81858],[37.849414,48.81942],[37.848659,48.819689],[37.848655,48.819875],[37.847815,48.820006],[37.847814,48.820006],[37.844729,48.820485],[37.84486,48.820774],[37.843751,48.821321],[37.843748,48.821322],[37.843522,48.821434],[37.842438,48.821969],[37.841505,48.822149],[37.841155,48.823111]]]}},{"type":"Feature","properties":{"cadnum":"1424287900:05:000:0196"},"geometry":{"type":"Polygon","coordinates":[[[37.840589,48.824261],[37.842321,48.824233],[37.842321,48.824234],[37.845843,48.824176],[37.845834,48.823927],[37.845785,48.822714],[37.84574,48.821493],[37.845206,48.821709],[37.843885,48.8223],[37.84273,48.82285],[37.842321,48.823058],[37.841464,48.823492],[37.841002,48.823519],[37.840925,48.823716],[37.840589,48.824261]]]}},{"type":"Feature","properties":{"cadnum":"1424287900:07:000:0324"},"geometry":{"type":"Polygon","coordinates":[[[37.830742,48.807766],[37.831335,48.807778],[37.832863,48.807807],[37.833298,48.807805],[37.833333,48.806965],[37.833356,48.806417],[37.831415,48.806369],[37.830805,48.806353],[37.830777,48.806965],[37.830778,48.806965],[37.830742,48.807766]]]}},{"type":"Feature","properties":{"cadnum":"1424287900:07:000:0091"},"geometry":{"type":"Polygon","coordinates":[[[37.833249,48.809254],[37.833344,48.810583],[37.833352,48.810689],[37.834379,48.810583],[37.836016,48.810414],[37.836285,48.810384],[37.836828,48.810328],[37.836883,48.810323],[37.837,48.810311],[37.837,48.81031],[37.837911,48.810216],[37.837943,48.809843],[37.838509,48.809837],[37.838509,48.809737],[37.838509,48.809736],[37.838738,48.809734],[37.838788,48.809482],[37.839065,48.809479],[37.839052,48.809154],[37.839052,48.809153],[37.839097,48.80907],[37.836828,48.809143],[37.836092,48.809166],[37.835818,48.809175],[37.833249,48.809254]],[[37.836128,48.81028],[37.836128,48.810281],[37.836105,48.810281],[37.836105,48.81028],[37.836101,48.810266],[37.836101,48.810265],[37.836128,48.810263],[37.836128,48.81028]],[[37.836002,48.809473],[37.836006,48.809488],[37.835979,48.809491],[37.835979,48.809473],[37.836002,48.809473]]]}},{"type":"Feature","properties":{"cadnum":"1424287900:07:000:0092"},"geometry":{"type":"Polygon","coordinates":[[[37.833168,48.808098],[37.833249,48.809254],[37.835818,48.809175],[37.836092,48.809166],[37.837,48.809138],[37.837,48.809137],[37.839097,48.80907],[37.839241,48.808781],[37.839258,48.808207],[37.838918,48.808163],[37.838608,48.808148],[37.838603,48.80823],[37.838603,48.808231],[37.838602,48.808231],[37.837337,48.808148],[37.837,48.808126],[37.836645,48.808103],[37.836644,48.808103],[37.835625,48.808101],[37.834134,48.808098],[37.833168,48.808098]],[[37.835872,48.808781],[37.835895,48.808781],[37.835899,48.808796],[37.835872,48.808798],[37.835872,48.808781]]]}},{"type":"Feature","properties":{"cadnum":"1424287900:07:000:0331"},"geometry":{"type":"Polygon","coordinates":[[[37.826574,48.775178],[37.828155,48.77672],[37.830266,48.77577],[37.830805,48.776179],[37.831335,48.77657],[37.831493,48.776687],[37.831507,48.776696],[37.831507,48.776697],[37.831977,48.777043],[37.832606,48.776661],[37.831398,48.775873],[37.831291,48.775803],[37.830312,48.775259],[37.829993,48.775077],[37.831335,48.774483],[37.831355,48.774475],[37.831507,48.774407],[37.831659,48.774339],[37.832499,48.773967],[37.831838,48.773322],[37.831457,48.772982],[37.828316,48.774394],[37.826574,48.775178]]]}},{"type":"Feature","properties":{"cadnum":"1424287900:01:000:0129"},"geometry":{"type":"Polygon","coordinates":[[[37.794095,48.885182],[37.794572,48.88638],[37.794571,48.88638],[37.79459,48.886425],[37.794616,48.886493],[37.794617,48.886493],[37.794661,48.886606],[37.795273,48.888126],[37.79552,48.888244],[37.795646,48.888298],[37.795709,48.888268],[37.795676,48.888132],[37.795793,48.887858],[37.795839,48.887592],[37.79587,48.887521],[37.795502,48.886597],[37.79543,48.886416],[37.794881,48.885049],[37.794095,48.885182]]]}},{"type":"Feature","properties":{"cadnum":"1424287900:01:000:0128"},"geometry":{"type":"Polygon","coordinates":[[[37.793242,48.88535],[37.793657,48.88638],[37.793656,48.88638],[37.793655,48.88638],[37.793678,48.886434],[37.793701,48.886493],[37.793702,48.886493],[37.793751,48.886615],[37.794185,48.887707],[37.794707,48.887938],[37.795273,48.888126],[37.794661,48.886606],[37.79459,48.886425],[37.794095,48.885182],[37.793242,48.88535]]]}},{"type":"Feature","properties":{"cadnum":"1424287900:01:000:0022"},"geometry":{"type":"Polygon","coordinates":[[[37.788118,48.882884],[37.788243,48.883244],[37.788414,48.883667],[37.793055,48.883208],[37.797379,48.88278],[37.797932,48.882725],[37.797932,48.882681],[37.797887,48.881915],[37.792883,48.882412],[37.789292,48.882768],[37.789291,48.882768],[37.78929,48.882768],[37.788498,48.882847],[37.788153,48.882881],[37.788118,48.882884]]]}},{"type":"Feature","properties":{"cadnum":"1424287900:01:000:0133"},"geometry":{"type":"Polygon","coordinates":[[[37.796678,48.884669],[37.797364,48.88638],[37.79737,48.886396],[37.797409,48.886493],[37.79741,48.886493],[37.797443,48.886573],[37.79798,48.887931],[37.798123,48.88638],[37.798143,48.886169],[37.798107,48.885959],[37.797873,48.884532],[37.797856,48.884423],[37.79755,48.884518],[37.796678,48.884669]],[[37.797967,48.88647],[37.797967,48.886488],[37.797946,48.886488],[37.797946,48.88647],[37.797967,48.88647]]]}},{"type":"Feature","properties":{"cadnum":"1424287900:01:000:0018"},"geometry":{"type":"Polygon","coordinates":[[[37.788738,48.884485],[37.788751,48.884514],[37.78946,48.885208],[37.7896,48.885085],[37.789829,48.885026],[37.79004,48.885079],[37.790189,48.885182],[37.790219,48.885295],[37.790143,48.885418],[37.78999,48.885516],[37.79026,48.885604],[37.790852,48.885519],[37.792883,48.885137],[37.794994,48.884739],[37.796688,48.884417],[37.797325,48.88431],[37.7979,48.884234],[37.797913,48.883575],[37.792883,48.884074],[37.788738,48.884485]]]}},{"type":"Feature","properties":{"cadnum":"1424287900:01:000:0130"},"geometry":{"type":"Polygon","coordinates":[[[37.794881,48.885049],[37.795415,48.88638],[37.79543,48.886416],[37.795459,48.886493],[37.79546,48.886493],[37.795502,48.886597],[37.79587,48.887521],[37.795896,48.887474],[37.795938,48.887477],[37.796045,48.887858],[37.795892,48.888147],[37.796126,48.888259],[37.796206,48.888623],[37.796984,48.888667],[37.796153,48.886588],[37.796081,48.886411],[37.795489,48.884914],[37.794881,48.885049]]]}},{"type":"Feature","properties":{"cadnum":"1424287900:01:000:0131"},"geometry":{"type":"Polygon","coordinates":[[[37.795489,48.884914],[37.796073,48.88638],[37.796072,48.88638],[37.796085,48.886411],[37.796086,48.886411],[37.796116,48.886493],[37.796117,48.886493],[37.796153,48.886588],[37.796984,48.888667],[37.79764,48.888706],[37.796791,48.886582],[37.796719,48.886403],[37.796718,48.886402],[37.796076,48.884787],[37.795489,48.884914]]]}},{"type":"Feature","properties":{"cadnum":"1424287900:01:000:0027"},"geometry":{"type":"Polygon","coordinates":[[[37.788414,48.883667],[37.788738,48.884485],[37.793055,48.884057],[37.797913,48.883575],[37.79793,48.882823],[37.797932,48.882725],[37.797495,48.882768],[37.797379,48.88278],[37.796354,48.882881],[37.792883,48.883225],[37.788414,48.883667]]]}},{"type":"Feature","properties":{"cadnum":"1424287900:01:000:0132"},"geometry":{"type":"Polygon","coordinates":[[[37.796076,48.884787],[37.79671,48.88638],[37.796709,48.88638],[37.796718,48.886402],[37.796719,48.886403],[37.796755,48.886493],[37.796791,48.886582],[37.79764,48.888706],[37.797913,48.888723],[37.79798,48.887931],[37.797443,48.886573],[37.79737,48.886396],[37.796678,48.884669],[37.796405,48.884715],[37.796076,48.884787]]]}},{"type":"Feature","properties":{"cadnum":"1424287900:05:000:0030"},"geometry":{"type":"Polygon","coordinates":[[[37.852275,48.849978],[37.853479,48.850058],[37.857862,48.850345],[37.857917,48.849999],[37.857935,48.84986],[37.853308,48.849557],[37.853308,48.849558],[37.852382,48.849496],[37.852369,48.849571],[37.852275,48.849978]]]}},{"type":"Feature","properties":{"cadnum":"1424287900:05:000:0028"},"geometry":{"type":"Polygon","coordinates":[[[37.851975,48.851329],[37.853308,48.851417],[37.853308,48.851418],[37.857656,48.851702],[37.857724,48.851267],[37.857791,48.850818],[37.853308,48.850524],[37.852172,48.850449],[37.851975,48.851329]]]}},{"type":"Feature","properties":{"cadnum":"1424287900:05:000:0029"},"geometry":{"type":"Polygon","coordinates":[[[37.852172,48.850449],[37.853479,48.850535],[37.857791,48.850818],[37.857818,48.850629],[37.857862,48.850345],[37.856367,48.850247],[37.853308,48.850046],[37.852275,48.849978],[37.852191,48.85036],[37.852172,48.850449]]]}},{"type":"Feature","properties":{"cadnum":"1424287900:05:000:0026"},"geometry":{"type":"Polygon","coordinates":[[[37.85161,48.852999],[37.853479,48.853123],[37.853479,48.853122],[37.857405,48.85338],[37.857458,48.853034],[37.857531,48.852544],[37.853308,48.852268],[37.853308,48.852269],[37.85179,48.852169],[37.85161,48.852999]]]}},{"type":"Feature","properties":{"cadnum":"1424287900:05:000:0027"},"geometry":{"type":"Polygon","coordinates":[[[37.85179,48.852169],[37.853479,48.85228],[37.857531,48.852544],[37.857548,48.85244],[37.857589,48.852147],[37.857634,48.851855],[37.857656,48.851702],[37.853479,48.851429],[37.853479,48.851428],[37.851975,48.851329],[37.851921,48.851556],[37.85179,48.852169]]]}},{"type":"Feature","properties":{"cadnum":"1424287900:05:000:0068"},"geometry":{"type":"Polygon","coordinates":[[[37.854103,48.817876],[37.854198,48.817852],[37.85485,48.817704],[37.856762,48.81727],[37.858801,48.817538],[37.858801,48.817539],[37.859323,48.817607],[37.859435,48.816619],[37.858973,48.816528],[37.85687,48.816114],[37.856929,48.815989],[37.855217,48.81564],[37.854391,48.815599],[37.85411,48.817817],[37.854103,48.817876]]]}},{"type":"Feature","properties":{"cadnum":"1424287900:05:000:0067"},"geometry":{"type":"Polygon","coordinates":[[[37.851849,48.818486],[37.853308,48.818091],[37.853308,48.818092],[37.854103,48.817876],[37.854124,48.817704],[37.854391,48.815599],[37.853308,48.815544],[37.852225,48.815489],[37.851932,48.817817],[37.851849,48.818486]]]}},{"type":"Feature","properties":{"cadnum":"1424287900:05:000:0217"},"geometry":{"type":"Polygon","coordinates":[[[37.858451,48.820218],[37.858424,48.820502],[37.858459,48.821321],[37.858531,48.822939],[37.858801,48.822935],[37.862745,48.822859],[37.862679,48.821321],[37.862659,48.820842],[37.86112,48.820627],[37.859856,48.820411],[37.858973,48.82029],[37.858451,48.820218]]]}},{"type":"Feature","properties":{"cadnum":"1424287900:07:000:0102"},"geometry":{"type":"Polygon","coordinates":[[[37.813324,48.803557],[37.813674,48.803657],[37.814855,48.803877],[37.814856,48.803877],[37.814954,48.803895],[37.815027,48.803909],[37.815607,48.804016],[37.816882,48.804104],[37.817515,48.80422],[37.818431,48.804279],[37.819582,48.804231],[37.819545,48.803885],[37.817684,48.803234],[37.814999,48.802295],[37.814236,48.802027],[37.813516,48.803234],[37.813324,48.803557]]]}},{"type":"Feature","properties":{"cadnum":"1424287900:07:000:0103"},"geometry":{"type":"Polygon","coordinates":[[[37.814236,48.802027],[37.814856,48.802244],[37.814856,48.802245],[37.814999,48.802295],[37.815027,48.802305],[37.818007,48.803347],[37.819545,48.803885],[37.819505,48.803468],[37.819505,48.803184],[37.819671,48.802764],[37.819761,48.802593],[37.814909,48.800897],[37.814236,48.802027]]]}},{"type":"Feature","properties":{"cadnum":"1424287900:07:000:0204"},"geometry":{"type":"Polygon","coordinates":[[[37.809403,48.799521],[37.809534,48.799568],[37.809534,48.799567],[37.809672,48.799616],[37.814578,48.801332],[37.814855,48.800868],[37.814856,48.800868],[37.814908,48.800781],[37.815027,48.800581],[37.815261,48.80019],[37.814856,48.800049],[37.814855,48.800049],[37.81394,48.799729],[37.810431,48.798504],[37.809511,48.799415],[37.809403,48.799521]]]}},{"type":"Feature","properties":{"cadnum":"1424287900:07:000:0104"},"geometry":{"type":"Polygon","coordinates":[[[37.814909,48.800897],[37.815027,48.800939],[37.819761,48.802593],[37.820309,48.801507],[37.815544,48.799838],[37.814909,48.800897]]]}},{"type":"Feature","properties":{"cadnum":"1424287900:07:000:0099"},"geometry":{"type":"Polygon","coordinates":[[[37.810431,48.798504],[37.813615,48.799616],[37.815027,48.800109],[37.815261,48.80019],[37.815534,48.799729],[37.815947,48.799036],[37.814876,48.798662],[37.811473,48.797471],[37.810701,48.79824],[37.810431,48.798504]]]}},{"type":"Feature","properties":{"cadnum":"1424287900:07:000:0274"},"geometry":{"type":"Polygon","coordinates":[[[37.813041,48.771297],[37.814856,48.773086],[37.814919,48.773148],[37.815027,48.773098],[37.816666,48.772352],[37.81489,48.770661],[37.814856,48.770628],[37.814565,48.770351],[37.814097,48.769909],[37.813524,48.770661],[37.813041,48.771297]]]}},{"type":"Feature","properties":{"cadnum":"1424287900:07:000:0269"},"geometry":{"type":"Polygon","coordinates":[[[37.814595,48.769767],[37.814856,48.770014],[37.814856,48.770015],[37.815027,48.770177],[37.815537,48.770661],[37.815607,48.770726],[37.816576,48.770291],[37.816559,48.770134],[37.816765,48.76991],[37.816765,48.769909],[37.817129,48.769809],[37.817515,48.769868],[37.819918,48.76879],[37.818926,48.767822],[37.817182,48.768604],[37.814856,48.76965],[37.814856,48.769651],[37.814595,48.769767]]]}},{"type":"Feature","properties":{"cadnum":"1424287900:01:000:0055"},"geometry":{"type":"Polygon","coordinates":[[[37.817995,48.865112],[37.820349,48.865284],[37.823754,48.865532],[37.823856,48.864814],[37.823956,48.864124],[37.82052,48.863875],[37.81836,48.863717],[37.818167,48.864703],[37.818139,48.864851],[37.817995,48.865112]]]}},{"type":"Feature","properties":{"cadnum":"1424287900:01:000:0056"},"geometry":{"type":"Polygon","coordinates":[[[37.81836,48.863717],[37.820349,48.863862],[37.823956,48.864124],[37.824001,48.863802],[37.823884,48.8638],[37.824073,48.862606],[37.82052,48.862349],[37.82052,48.862348],[37.818498,48.862201],[37.818503,48.862213],[37.81845,48.863253],[37.81836,48.863717]]]}},{"type":"Feature","properties":{"cadnum":"1424287900:05:000:0156"},"geometry":{"type":"Polygon","coordinates":[[[37.820431,48.830964],[37.82052,48.831007],[37.820521,48.831007],[37.821077,48.831272],[37.821481,48.831485],[37.82515,48.82875],[37.824882,48.828593],[37.824526,48.828383],[37.824167,48.828173],[37.823506,48.828667],[37.820431,48.830964]]]}},{"type":"Feature","properties":{"cadnum":"1424287900:05:000:0157"},"geometry":{"type":"Polygon","coordinates":[[[37.819383,48.830464],[37.819698,48.830618],[37.820349,48.830925],[37.820349,48.830926],[37.820431,48.830964],[37.82052,48.830897],[37.823657,48.828554],[37.824167,48.828173],[37.823647,48.827869],[37.823205,48.827615],[37.821945,48.828554],[37.821875,48.828606],[37.821793,48.828667],[37.820431,48.829683],[37.819383,48.830464]]]}},{"type":"Feature","properties":{"cadnum":"1424287900:07:000:0100"},"geometry":{"type":"Polygon","coordinates":[[[37.811473,48.797471],[37.814856,48.798655],[37.814876,48.798662],[37.815027,48.798715],[37.815947,48.799036],[37.816572,48.797992],[37.815027,48.797451],[37.812421,48.796539],[37.811995,48.796959],[37.811473,48.797471]]]}},{"type":"Feature","properties":{"cadnum":"1424287900:05:000:0301"},"geometry":{"type":"Polygon","coordinates":[[[37.820125,48.797799],[37.82052,48.797935],[37.820521,48.797935],[37.820574,48.797953],[37.822291,48.79611],[37.822292,48.79611],[37.823964,48.794317],[37.82352,48.794152],[37.821802,48.795997],[37.821801,48.795997],[37.82052,48.797374],[37.82052,48.797375],[37.820125,48.797799]]]}},{"type":"Feature","properties":{"cadnum":"1424287900:07:000:0109"},"geometry":{"type":"Polygon","coordinates":[[[37.81672,48.797865],[37.82052,48.799193],[37.820521,48.799193],[37.821486,48.79953],[37.822056,48.798616],[37.820349,48.79802],[37.817268,48.796944],[37.81672,48.797865]]]}},{"type":"Feature","properties":{"cadnum":"1424287900:07:000:0101"},"geometry":{"type":"Polygon","coordinates":[[[37.812421,48.796539],[37.814856,48.797391],[37.815027,48.797451],[37.816572,48.797992],[37.817209,48.79692],[37.814916,48.79612],[37.814889,48.796111],[37.814889,48.79611],[37.814667,48.796033],[37.814566,48.795997],[37.813383,48.795584],[37.812966,48.795997],[37.812947,48.796016],[37.812852,48.79611],[37.812852,48.796111],[37.812421,48.796539]]]}},{"type":"Feature","properties":{"cadnum":"1424287900:05:000:0300"},"geometry":{"type":"Polygon","coordinates":[[[37.819226,48.797492],[37.820125,48.797799],[37.820349,48.797559],[37.821696,48.79611],[37.821697,48.79611],[37.82352,48.794152],[37.822645,48.793829],[37.822639,48.793829],[37.820619,48.795997],[37.820618,48.795997],[37.820432,48.796198],[37.819226,48.797492]]]}},{"type":"Feature","properties":{"cadnum":"1424287900:05:000:0271"},"geometry":{"type":"Polygon","coordinates":[[[37.872626,48.801071],[37.872919,48.801367],[37.875452,48.800163],[37.876603,48.799616],[37.876602,48.799616],[37.880267,48.797874],[37.880051,48.797542],[37.875689,48.799616],[37.875688,48.799616],[37.875508,48.799702],[37.875451,48.799729],[37.87528,48.79981],[37.872626,48.801071]]]}},{"type":"Feature","properties":{"cadnum":"1424287900:05:000:0269"},"geometry":{"type":"Polygon","coordinates":[[[37.873521,48.801965],[37.874194,48.802634],[37.875452,48.802037],[37.880548,48.799616],[37.880773,48.799509],[37.880774,48.799509],[37.880774,48.79951],[37.881201,48.799306],[37.880945,48.798915],[37.880706,48.798551],[37.878466,48.799616],[37.87528,48.80113],[37.873521,48.801965]]]}},{"type":"Feature","properties":{"cadnum":"1424287900:05:000:0270"},"geometry":{"type":"Polygon","coordinates":[[[37.872919,48.801367],[37.873521,48.801965],[37.875452,48.801049],[37.875452,48.801048],[37.878228,48.799729],[37.880706,48.798551],[37.880267,48.797874],[37.876364,48.799729],[37.876365,48.799729],[37.87528,48.800245],[37.872919,48.801367]]]}},{"type":"Feature","properties":{"cadnum":"1424287900:05:000:0169"},"geometry":{"type":"Polygon","coordinates":[[[37.835495,48.827611],[37.837,48.828492],[37.837106,48.828554],[37.837202,48.82861],[37.837299,48.828667],[37.837359,48.828702],[37.837415,48.828574],[37.837511,48.828356],[37.837933,48.827788],[37.838387,48.827147],[37.838801,48.826333],[37.839105,48.825811],[37.838436,48.825421],[37.837,48.826491],[37.835495,48.827611]]]}},{"type":"Feature","properties":{"cadnum":"1424287900:05:000:0167"},"geometry":{"type":"Polygon","coordinates":[[[37.834281,48.82851],[37.835639,48.828492],[37.835977,48.828588],[37.837,48.828877],[37.837251,48.828948],[37.837359,48.828702],[37.837202,48.82861],[37.836828,48.828391],[37.836828,48.828392],[37.835495,48.827611],[37.834281,48.82851]]]}},{"type":"Feature","properties":{"cadnum":"1424287900:07:000:0219"},"geometry":{"type":"Polygon","coordinates":[[[37.834484,48.795856],[37.835012,48.79611],[37.835013,48.79611],[37.83527,48.796234],[37.836096,48.796773],[37.836828,48.796555],[37.836828,48.796556],[37.836905,48.796533],[37.837,48.796504],[37.83704,48.796492],[37.837107,48.796471],[37.838311,48.79611],[37.840319,48.79551],[37.8404,48.795486],[37.840333,48.795438],[37.840058,48.795175],[37.839551,48.794687],[37.839236,48.794379],[37.839178,48.794415],[37.838967,48.794527],[37.838782,48.794631],[37.839146,48.795252],[37.839132,48.795258],[37.838863,48.795326],[37.838648,48.795379],[37.838405,48.794906],[37.836941,48.795216],[37.836931,48.795199],[37.836348,48.794124],[37.836142,48.794229],[37.835903,48.794297],[37.834484,48.795856]],[[37.840057,48.795175],[37.840036,48.795187],[37.840017,48.795172],[37.840018,48.795172],[37.84004,48.795161],[37.840057,48.795175]],[[37.839564,48.794814],[37.839581,48.794826],[37.83956,48.794838],[37.839541,48.794826],[37.839564,48.794814]],[[37.839411,48.795468],[37.839478,48.795488],[37.839478,48.795489],[37.83947,48.795506],[37.839398,48.795483],[37.839411,48.795468]],[[37.839357,48.795231],[37.839358,48.795231],[37.839362,48.795249],[37.839361,48.795249],[37.83934,48.795255],[37.839331,48.795238],[37.839331,48.795237],[37.839357,48.795231]],[[37.839235,48.794965],[37.839236,48.794965],[37.839245,48.794983],[37.839218,48.794988],[37.839209,48.794971],[37.839235,48.794965]],[[37.839124,48.794731],[37.839132,48.794746],[37.839105,48.794752],[37.839097,48.794738],[37.839097,48.794737],[37.839098,48.794737],[37.839124,48.794731]],[[37.839025,48.795584],[37.839034,48.795601],[37.839034,48.795602],[37.838962,48.795619],[37.838953,48.795602],[37.838953,48.795601],[37.839025,48.795584]]]}},{"type":"Feature","properties":{"cadnum":"1424287900:07:000:0358"},"geometry":{"type":"Polygon","coordinates":[[[37.836348,48.794128],[37.836828,48.795009],[37.836828,48.79501],[37.836931,48.795199],[37.836941,48.795214],[37.837,48.795201],[37.838405,48.794906],[37.838463,48.794889],[37.838306,48.794631],[37.838625,48.794533],[37.838702,48.794661],[37.838782,48.794628],[37.838967,48.794527],[37.839178,48.794411],[37.839236,48.794379],[37.83805,48.793299],[37.837,48.793811],[37.836348,48.794128]]]}},{"type":"Feature","properties":{"cadnum":"1424287900:06:000:0173"},"geometry":{"type":"Polygon","coordinates":[[[37.852288,48.807384],[37.852638,48.807527],[37.852514,48.807752],[37.852707,48.807831],[37.852887,48.807656],[37.852675,48.807515],[37.852985,48.807219],[37.852594,48.807048],[37.852288,48.807384]]]}},{"type":"Feature","properties":{"cadnum":"1424287900:06:000:0141"},"geometry":{"type":"Polygon","coordinates":[[[37.850384,48.809109],[37.850797,48.809298],[37.850864,48.809296],[37.851368,48.809109],[37.85113,48.80884],[37.850829,48.808938],[37.85082,48.80892],[37.850384,48.809109]]]}},{"type":"Feature","properties":{"cadnum":"1424287900:06:000:0081"},"geometry":{"type":"Polygon","coordinates":[[[37.8479,48.808103],[37.848174,48.808275],[37.848462,48.807982],[37.848264,48.80784],[37.8479,48.808103]]]}},{"type":"Feature","properties":{"cadnum":"1424287900:06:000:0106"},"geometry":{"type":"Polygon","coordinates":[[[37.847703,48.810129],[37.847814,48.810136],[37.847815,48.810136],[37.847815,48.810137],[37.847914,48.810142],[37.847931,48.810142],[37.847941,48.810002],[37.847923,48.810002],[37.847711,48.809993],[37.847707,48.810059],[37.847703,48.810129]]]}},{"type":"Feature","properties":{"cadnum":"1424287900:06:000:0185"},"geometry":{"type":"Polygon","coordinates":[[[37.845516,48.809736],[37.84627,48.809763],[37.846409,48.809802],[37.846642,48.809807],[37.846642,48.809861],[37.847267,48.809872],[37.847814,48.809886],[37.847815,48.809886],[37.847815,48.809887],[37.847981,48.80989],[37.847986,48.809843],[37.84799,48.809807],[37.84799,48.809754],[37.848,48.809432],[37.848004,48.809388],[37.848008,48.809243],[37.847881,48.809155],[37.847734,48.809053],[37.847663,48.809024],[37.847644,48.809044],[37.847451,48.809133],[37.847407,48.809154],[37.847186,48.809257],[37.847155,48.809322],[37.846427,48.809313],[37.84622,48.809307],[37.846199,48.809603],[37.846198,48.809603],[37.845524,48.809585],[37.845516,48.809719],[37.845516,48.809736]],[[37.84764,48.809252],[37.84764,48.809251],[37.847658,48.809237],[37.84768,48.809245],[37.847663,48.80926],[37.84764,48.809252]]]}},{"type":"Feature","properties":{"cadnum":"1424287900:06:000:0136"},"geometry":{"type":"Polygon","coordinates":[[[37.848161,48.80918],[37.848539,48.809358],[37.8486,48.80929],[37.848677,48.809215],[37.848969,48.808912],[37.849059,48.80882],[37.84857,48.808603],[37.84848,48.808695],[37.848256,48.809026],[37.848246,48.809041],[37.848187,48.809103],[37.84817,48.809124],[37.848161,48.80918]]]}},{"type":"Feature","properties":{"cadnum":"1424287900:06:000:0080"},"geometry":{"type":"Polygon","coordinates":[[[37.847191,48.808568],[37.847581,48.808822],[37.847814,48.808603],[37.847815,48.808603],[37.847927,48.808497],[37.847986,48.808444],[37.848174,48.808275],[37.8479,48.808103],[37.847434,48.808408],[37.847191,48.808568]]]}},{"type":"Feature","properties":{"cadnum":"1424287900:06:000:0182"},"geometry":{"type":"Polygon","coordinates":[[[37.847631,48.810284],[37.847814,48.81029],[37.847815,48.81029],[37.847923,48.810293],[37.84795,48.810225],[37.847954,48.810142],[37.847914,48.810142],[37.847703,48.810129],[37.84764,48.810129],[37.847631,48.810284]]]}},{"type":"Feature","properties":{"cadnum":"1424287900:06:000:0184"},"geometry":{"type":"Polygon","coordinates":[[[37.849558,48.809577],[37.849858,48.809671],[37.84994,48.809695],[37.850263,48.809798],[37.850357,48.809692],[37.850398,48.809706],[37.850451,48.809651],[37.85064,48.809441],[37.849836,48.809157],[37.849558,48.809541],[37.849558,48.809577]]]}},{"type":"Feature","properties":{"cadnum":"1424287900:06:000:0045"},"geometry":{"type":"Polygon","coordinates":[[[37.847591,48.807838],[37.847815,48.808008],[37.847815,48.808009],[37.847904,48.808077],[37.847914,48.808003],[37.847591,48.807838]]]}},{"type":"Feature","properties":{"cadnum":"1424287900:06:000:0046"},"geometry":{"type":"Polygon","coordinates":[[[37.846944,48.80834],[37.847092,48.808497],[37.847191,48.808568],[37.847434,48.808408],[37.847814,48.80816],[37.847815,48.80816],[37.8479,48.808103],[37.847904,48.808077],[37.847591,48.807838],[37.847141,48.808195],[37.847101,48.808231],[37.846944,48.80834]]]}},{"type":"Feature","properties":{"cadnum":"1424287900:01:000:0071"},"geometry":{"type":"Polygon","coordinates":[[[37.794262,48.871815],[37.794419,48.87193],[37.794418,48.87193],[37.79454,48.872018],[37.794574,48.872043],[37.794864,48.872253],[37.794716,48.872971],[37.794833,48.873151],[37.795129,48.872932],[37.796212,48.872137],[37.796292,48.872078],[37.79632,48.872043],[37.796638,48.871647],[37.794523,48.871053],[37.79446,48.871035],[37.794262,48.871815]]]}},{"type":"Feature","properties":{"cadnum":"1424287900:01:000:0087"},"geometry":{"type":"Polygon","coordinates":[[[37.792986,48.872318],[37.793265,48.872244],[37.793705,48.8722],[37.794864,48.872253],[37.79454,48.872018],[37.794262,48.871815],[37.79455,48.870663],[37.795179,48.869369],[37.79582,48.868616],[37.795344,48.86846],[37.794994,48.869041],[37.793154,48.872043],[37.792986,48.872318]]]}},{"type":"Feature","properties":{"cadnum":"1424287900:01:000:0073"},"geometry":{"type":"Polygon","coordinates":[[[37.7949,48.870085],[37.797518,48.8709],[37.79808,48.870527],[37.798183,48.870341],[37.798223,48.870273],[37.795286,48.869328],[37.795237,48.869387],[37.7949,48.870085]]]}},{"type":"Feature","properties":{"cadnum":"1424287900:01:000:0033"},"geometry":{"type":"Polygon","coordinates":[[[37.796212,48.872137],[37.798376,48.872985],[37.801592,48.874244],[37.80228,48.873461],[37.80245,48.87329],[37.799267,48.872043],[37.79917,48.872005],[37.798978,48.87193],[37.798548,48.871762],[37.798548,48.871761],[37.797087,48.871189],[37.796904,48.871313],[37.79641,48.87193],[37.796292,48.872078],[37.796212,48.872137]]]}},{"type":"Feature","properties":{"cadnum":"1424287900:01:000:0207"},"geometry":{"type":"Polygon","coordinates":[[[37.797087,48.871189],[37.798376,48.871694],[37.79917,48.872005],[37.80245,48.87329],[37.802688,48.873056],[37.803093,48.872817],[37.803573,48.872454],[37.802524,48.872043],[37.798376,48.870417],[37.798183,48.870341],[37.79808,48.870527],[37.797518,48.8709],[37.797087,48.871189]]]}},{"type":"Feature","properties":{"cadnum":"1424287900:01:000:0074"},"geometry":{"type":"Polygon","coordinates":[[[37.795286,48.869328],[37.798223,48.870273],[37.798376,48.870002],[37.79847,48.869836],[37.798548,48.869694],[37.798628,48.869546],[37.798376,48.869465],[37.795866,48.868655],[37.795286,48.869328]]]}},{"type":"Feature","properties":{"cadnum":"1424287900:01:000:0072"},"geometry":{"type":"Polygon","coordinates":[[[37.794523,48.871053],[37.796638,48.871647],[37.796904,48.871313],[37.797087,48.871189],[37.797518,48.8709],[37.7949,48.870085],[37.794613,48.870681],[37.794523,48.871053]]]}},{"type":"Feature","properties":{"cadnum":"1424287900:05:000:0079"},"geometry":{"type":"Polygon","coordinates":[[[37.813427,48.851367],[37.815027,48.851464],[37.819303,48.851722],[37.819433,48.850773],[37.815027,48.850508],[37.813553,48.850419],[37.81354,48.85054],[37.813427,48.851367]]]}},{"type":"Feature","properties":{"cadnum":"1424287900:05:000:0076"},"geometry":{"type":"Polygon","coordinates":[[[37.813018,48.854314],[37.815027,48.854436],[37.815027,48.854435],[37.818898,48.854669],[37.818991,48.853974],[37.818992,48.853974],[37.819037,48.853641],[37.814856,48.853388],[37.814855,48.853388],[37.813163,48.853286],[37.813065,48.853974],[37.813066,48.853974],[37.813018,48.854314]]]}},{"type":"Feature","properties":{"cadnum":"1424287900:05:000:0077"},"geometry":{"type":"Polygon","coordinates":[[[37.813163,48.853286],[37.815027,48.853399],[37.819037,48.853641],[37.819173,48.852671],[37.814856,48.85241],[37.814856,48.852411],[37.814855,48.852411],[37.813293,48.852316],[37.813163,48.853286]]]}},{"type":"Feature","properties":{"cadnum":"1424287900:05:000:0078"},"geometry":{"type":"Polygon","coordinates":[[[37.813293,48.852316],[37.815027,48.852421],[37.819173,48.852671],[37.819303,48.851722],[37.814856,48.851454],[37.814855,48.851454],[37.813427,48.851367],[37.813293,48.852316]]]}},{"type":"Feature","properties":{"cadnum":"1424287900:07:000:0120"},"geometry":{"type":"Polygon","coordinates":[[[37.855083,48.805355],[37.855946,48.805976],[37.858801,48.804639],[37.858853,48.804615],[37.858973,48.804559],[37.861597,48.803329],[37.861991,48.803145],[37.861273,48.802456],[37.859611,48.803234],[37.859605,48.803237],[37.85937,48.803347],[37.859369,48.803347],[37.858801,48.803614],[37.855083,48.805355]]]}},{"type":"Feature","properties":{"cadnum":"1424287900:07:000:0119"},"geometry":{"type":"Polygon","coordinates":[[[37.855887,48.805961],[37.85643,48.806355],[37.857,48.806264],[37.857485,48.806281],[37.857499,48.806284],[37.858801,48.805674],[37.858861,48.805646],[37.858973,48.805594],[37.862682,48.803856],[37.862097,48.803291],[37.861932,48.803131],[37.861711,48.803234],[37.86154,48.803314],[37.86147,48.803347],[37.858868,48.804566],[37.855887,48.805961]]]}},{"type":"Feature","properties":{"cadnum":"1424287900:07:000:0118"},"geometry":{"type":"Polygon","coordinates":[[[37.857499,48.806284],[37.858002,48.806385],[37.858739,48.806557],[37.858801,48.806566],[37.858801,48.806567],[37.858918,48.806583],[37.858973,48.806591],[37.858999,48.806595],[37.859282,48.806586],[37.859233,48.806503],[37.859493,48.806447],[37.859758,48.80637],[37.862009,48.805536],[37.863756,48.804885],[37.862682,48.803856],[37.858861,48.805646],[37.857499,48.806284]]]}},{"type":"Feature","properties":{"cadnum":"1424287900:07:000:0227"},"geometry":{"type":"Polygon","coordinates":[[[37.813329,48.820615],[37.814096,48.821321],[37.814095,48.821321],[37.814645,48.821827],[37.814855,48.821711],[37.814856,48.821711],[37.814896,48.821689],[37.815027,48.821617],[37.815027,48.821616],[37.815562,48.821321],[37.818494,48.819704],[37.817762,48.818941],[37.816882,48.81866],[37.815027,48.81968],[37.813329,48.820615]]]}},{"type":"Feature","properties":{"cadnum":"1424287900:07:000:0262"},"geometry":{"type":"Polygon","coordinates":[[[37.809812,48.823448],[37.810993,48.824539],[37.812601,48.823652],[37.813024,48.823422],[37.815027,48.822314],[37.815067,48.822291],[37.814881,48.82212],[37.814013,48.821321],[37.813886,48.821204],[37.813672,48.821321],[37.813671,48.821321],[37.813095,48.821638],[37.812674,48.821872],[37.809812,48.823448]],[[37.813557,48.822635],[37.813508,48.822495],[37.813594,48.822363],[37.813777,48.822285],[37.813999,48.822298],[37.814164,48.822392],[37.814213,48.822531],[37.814133,48.822664],[37.813944,48.822741],[37.813724,48.822729],[37.813557,48.822635]],[[37.812785,48.823306],[37.812848,48.823309],[37.812844,48.82335],[37.812781,48.823347],[37.812785,48.823306]]]}},{"type":"Feature","properties":{"cadnum":"1424287900:05:000:0290"},"geometry":{"type":"Polygon","coordinates":[[[37.811999,48.787067],[37.813293,48.788336],[37.81332,48.788366],[37.815027,48.787334],[37.816221,48.786612],[37.815696,48.786088],[37.814909,48.785309],[37.811999,48.787067]]]}},{"type":"Feature","properties":{"cadnum":"1424287900:05:000:0282"},"geometry":{"type":"Polygon","coordinates":[[[37.810427,48.790068],[37.811766,48.791385],[37.814632,48.789654],[37.81383,48.788867],[37.81332,48.788366],[37.813293,48.788336],[37.812593,48.78876],[37.812592,48.78876],[37.810427,48.790068]]]}},{"type":"Feature","properties":{"cadnum":"1424287900:07:000:0239"},"geometry":{"type":"Polygon","coordinates":[[[37.810571,48.757495],[37.811263,48.758398],[37.814855,48.756242],[37.814856,48.756242],[37.814901,48.756214],[37.815027,48.756139],[37.815723,48.755721],[37.814978,48.754851],[37.812578,48.75629],[37.812579,48.75629],[37.810571,48.757495]]]}},{"type":"Feature","properties":{"cadnum":"1424287900:05:000:0098"},"geometry":{"type":"Polygon","coordinates":[[[37.819752,48.849045],[37.82052,48.849091],[37.820521,48.849091],[37.825016,48.849361],[37.824985,48.849041],[37.825132,48.848202],[37.820349,48.847915],[37.819909,48.847889],[37.819752,48.849045]]]}},{"type":"Feature","properties":{"cadnum":"1424287900:05:000:0099"},"geometry":{"type":"Polygon","coordinates":[[[37.819909,48.847889],[37.82052,48.847926],[37.82052,48.847925],[37.820521,48.847925],[37.825132,48.848202],[37.825209,48.847768],[37.825339,48.847082],[37.820393,48.846783],[37.820066,48.846762],[37.819909,48.847889]]]}},{"type":"Feature","properties":{"cadnum":"1424287900:05:000:0388"},"geometry":{"type":"Polygon","coordinates":[[[37.880253,48.815365],[37.880774,48.815791],[37.88088,48.815878],[37.880945,48.815932],[37.881664,48.816519],[37.883833,48.815498],[37.883509,48.815185],[37.883335,48.815016],[37.882315,48.81412],[37.882314,48.81412],[37.88218,48.8142],[37.882181,48.8142],[37.880945,48.814947],[37.880253,48.815365]]]}},{"type":"Feature","properties":{"cadnum":"1424287900:05:000:0266"},"geometry":{"type":"Polygon","coordinates":[[[37.874486,48.802935],[37.874808,48.803234],[37.874844,48.803267],[37.87493,48.803347],[37.874931,48.803347],[37.875433,48.803812],[37.875452,48.803801],[37.875452,48.8038],[37.8762,48.803347],[37.876592,48.80311],[37.876467,48.803086],[37.875825,48.803018],[37.875435,48.803041],[37.874922,48.803069],[37.874486,48.802935]]]}},{"type":"Feature","properties":{"cadnum":"1424287900:07:000:0160"},"geometry":{"type":"Polygon","coordinates":[[[37.828452,48.783264],[37.829566,48.784327],[37.831507,48.78347],[37.831507,48.783469],[37.833874,48.782424],[37.833073,48.781634],[37.832782,48.781347],[37.832389,48.781521],[37.832388,48.781521],[37.832152,48.781625],[37.832133,48.781634],[37.831353,48.78198],[37.828452,48.783264]]]}},{"type":"Feature","properties":{"cadnum":"1424287900:07:000:0158"},"geometry":{"type":"Polygon","coordinates":[[[37.830451,48.785173],[37.830534,48.785253],[37.830535,48.785253],[37.831331,48.786017],[37.831507,48.78594],[37.831507,48.785939],[37.833313,48.78514],[37.835602,48.784129],[37.834736,48.783276],[37.831453,48.78473],[37.830525,48.78514],[37.830453,48.785172],[37.830451,48.785173]]]}},{"type":"Feature","properties":{"cadnum":"1424287900:07:000:0159"},"geometry":{"type":"Polygon","coordinates":[[[37.829566,48.784327],[37.830451,48.785173],[37.831335,48.784782],[37.831453,48.78473],[37.831507,48.784706],[37.834736,48.783276],[37.833874,48.782424],[37.831335,48.783545],[37.831335,48.783546],[37.829566,48.784327]]]}},{"type":"Feature","properties":{"cadnum":"1424287900:01:000:0016"},"geometry":{"type":"Polygon","coordinates":[[[37.776017,48.865495],[37.776354,48.865469],[37.776403,48.86547],[37.776447,48.86547],[37.776575,48.865472],[37.77723,48.865481],[37.779116,48.865437],[37.779417,48.86528],[37.779375,48.864785],[37.779354,48.864521],[37.779619,48.864512],[37.779606,48.864391],[37.777855,48.864441],[37.777122,48.864444],[37.776849,48.864703],[37.776418,48.865115],[37.776017,48.865495]]]}},{"type":"Feature","properties":{"cadnum":"1424287900:01:000:0107"},"geometry":{"type":"Polygon","coordinates":[[[37.832849,48.878187],[37.83492,48.878708],[37.835032,48.877952],[37.83491,48.877534],[37.834021,48.877366],[37.832922,48.876935],[37.832849,48.878187]]]}},{"type":"Feature","properties":{"cadnum":"1424287900:01:000:0105"},"geometry":{"type":"Polygon","coordinates":[[[37.832796,48.879062],[37.833541,48.879269],[37.833542,48.879269],[37.833851,48.879354],[37.835275,48.880518],[37.835023,48.879813],[37.8351,48.879408],[37.835023,48.879156],[37.83491,48.878782],[37.83492,48.878708],[37.832849,48.878187],[37.832796,48.879062]]]}},{"type":"Feature","properties":{"cadnum":"1424287900:01:000:0202"},"geometry":{"type":"Polygon","coordinates":[[[37.84994,48.858076],[37.850025,48.85914],[37.852128,48.858552],[37.852518,48.858351],[37.852491,48.857996],[37.84994,48.858076]]]}},{"type":"Feature","properties":{"cadnum":"1424287900:01:000:0061"},"geometry":{"type":"Polygon","coordinates":[[[37.849795,48.861796],[37.851348,48.861202],[37.852415,48.860795],[37.852279,48.860665],[37.851942,48.860429],[37.851606,48.860254],[37.851292,48.860153],[37.850982,48.859962],[37.849975,48.860346],[37.84985,48.860883],[37.849806,48.861202],[37.849807,48.861202],[37.849807,48.861203],[37.849778,48.861415],[37.849795,48.861796]]]}},{"type":"Feature","properties":{"cadnum":"1424287900:01:000:0233"},"geometry":{"type":"Polygon","coordinates":[[[37.842659,48.858635],[37.842673,48.85899],[37.843032,48.859557],[37.847986,48.85926],[37.849885,48.859146],[37.849818,48.858206],[37.847986,48.858317],[37.847986,48.858316],[37.842659,48.858635]]]}},{"type":"Feature","properties":{"cadnum":"1424287900:01:000:0060"},"geometry":{"type":"Polygon","coordinates":[[[37.849795,48.861796],[37.849801,48.861921],[37.84985,48.862355],[37.850959,48.862836],[37.851921,48.863705],[37.853479,48.86311],[37.853479,48.863109],[37.854108,48.862869],[37.85338,48.862045],[37.852671,48.861089],[37.852558,48.860937],[37.852415,48.860795],[37.851644,48.861089],[37.851643,48.861089],[37.849795,48.861796]]]}},{"type":"Feature","properties":{"cadnum":"1424287900:01:000:0201"},"geometry":{"type":"Polygon","coordinates":[[[37.843032,48.859557],[37.84318,48.859802],[37.843526,48.859926],[37.844595,48.859991],[37.84556,48.859882],[37.846144,48.859997],[37.847738,48.86021],[37.847814,48.860212],[37.847815,48.860212],[37.847886,48.860215],[37.847986,48.860218],[37.847986,48.860217],[37.849747,48.860269],[37.849885,48.859231],[37.849881,48.859146],[37.847986,48.85926],[37.843032,48.859557]]]}},{"type":"Feature","properties":{"cadnum":"1424287900:01:000:0094"},"geometry":{"type":"Polygon","coordinates":[[[37.849975,48.860346],[37.850982,48.859962],[37.849994,48.85935],[37.850074,48.859642],[37.850057,48.859991],[37.849975,48.860346]]]}},{"type":"Feature","properties":{"cadnum":"1424287900:05:000:0379"},"geometry":{"type":"Polygon","coordinates":[[[37.895318,48.814608],[37.896063,48.814463],[37.895986,48.814087],[37.895985,48.814087],[37.89583,48.81333],[37.895776,48.812265],[37.895444,48.812174],[37.895338,48.8142],[37.895339,48.8142],[37.895318,48.814608]]]}},{"type":"Feature","properties":{"cadnum":"1424287900:05:000:0210"},"geometry":{"type":"Polygon","coordinates":[[[37.852356,48.825169],[37.852382,48.825979],[37.853479,48.825962],[37.853479,48.825961],[37.858388,48.825879],[37.858357,48.825068],[37.853308,48.825153],[37.852356,48.825169]]]}},{"type":"Feature","properties":{"cadnum":"1424287900:05:000:0208"},"geometry":{"type":"Polygon","coordinates":[[[37.852415,48.826784],[37.852445,48.827587],[37.853308,48.827574],[37.853319,48.827574],[37.853479,48.827571],[37.858451,48.82749],[37.85842,48.826683],[37.853479,48.826767],[37.853479,48.826766],[37.852415,48.826784]]]}},{"type":"Feature","properties":{"cadnum":"1424287900:05:000:0209"},"geometry":{"type":"Polygon","coordinates":[[[37.852382,48.825979],[37.852415,48.826784],[37.853308,48.826769],[37.853308,48.82677],[37.85842,48.826683],[37.858388,48.825879],[37.853308,48.825964],[37.853308,48.825965],[37.852382,48.825979]]]}},{"type":"Feature","properties":{"cadnum":"1424287900:07:000:0174"},"geometry":{"type":"Polygon","coordinates":[[[37.833019,48.781501],[37.83304,48.781521],[37.833087,48.781567],[37.833154,48.781634],[37.834273,48.78274],[37.837,48.781534],[37.837,48.781533],[37.838908,48.780689],[37.83765,48.779449],[37.836832,48.779813],[37.833019,48.781501]]]}},{"type":"Feature","properties":{"cadnum":"1424287900:07:000:0015"},"geometry":{"type":"Polygon","coordinates":[[[37.852225,48.79429],[37.852235,48.794297],[37.852244,48.79429],[37.852239,48.794284],[37.852225,48.79429]]]}},{"type":"Feature","properties":{"cadnum":"1424287900:07:000:0045"},"geometry":{"type":"Polygon","coordinates":[[[37.849931,48.794554],[37.850214,48.794971],[37.850631,48.79508],[37.851669,48.79469],[37.851107,48.794143],[37.849931,48.794554]]]}},{"type":"Feature","properties":{"cadnum":"1424287900:02:000:0103"},"geometry":{"type":"Polygon","coordinates":[[[37.796508,48.890348],[37.796724,48.890363],[37.796822,48.890105],[37.79706,48.889482],[37.79707,48.88945],[37.796818,48.889406],[37.796587,48.890105],[37.796508,48.890348]]]}},{"type":"Feature","properties":{"cadnum":"1424287900:02:000:0049"},"geometry":{"type":"Polygon","coordinates":[[[37.793059,48.889166],[37.793512,48.889222],[37.793525,48.889196],[37.793067,48.889139],[37.793059,48.889166]]]}},{"type":"Feature","properties":{"cadnum":"1424287900:02:000:0055"},"geometry":{"type":"Polygon","coordinates":[[[37.798286,48.889045],[37.798548,48.889058],[37.799378,48.889098],[37.799391,48.888811],[37.798456,48.888773],[37.798313,48.888767],[37.798286,48.889045]]]}},{"type":"Feature","properties":{"cadnum":"1424287900:02:000:0075"},"geometry":{"type":"Polygon","coordinates":[[[37.796724,48.890363],[37.796938,48.890371],[37.797034,48.890105],[37.797123,48.889855],[37.797254,48.889488],[37.79706,48.889482],[37.796865,48.889992],[37.796724,48.890363]]]}},{"type":"Feature","properties":{"cadnum":"1424287900:02:000:0084"},"geometry":{"type":"Polygon","coordinates":[[[37.798196,48.887193],[37.798548,48.887213],[37.798548,48.887212],[37.798762,48.887223],[37.799032,48.887244],[37.799154,48.887244],[37.799171,48.887259],[37.799288,48.887261],[37.799292,48.887267],[37.799338,48.88727],[37.799342,48.887164],[37.799342,48.88699],[37.798548,48.886944],[37.798223,48.886924],[37.798196,48.887193]]]}},{"type":"Feature","properties":{"cadnum":"1424287900:02:000:0094"},"geometry":{"type":"Polygon","coordinates":[[[37.795456,48.890209],[37.795457,48.890209],[37.795749,48.890244],[37.795803,48.890068],[37.796022,48.889361],[37.795762,48.889347],[37.79565,48.889665],[37.795537,48.889984],[37.795534,48.889992],[37.795533,48.889992],[37.795505,48.890072],[37.795493,48.890105],[37.795456,48.890209]]]}},{"type":"Feature","properties":{"cadnum":"1424287900:02:000:0102"},"geometry":{"type":"Polygon","coordinates":[[[37.797877,48.88947],[37.798376,48.889478],[37.798443,48.889479],[37.79847,48.889089],[37.797913,48.889065],[37.797877,48.88947]]]}},{"type":"Feature","properties":{"cadnum":"1424287900:02:000:0043"},"geometry":{"type":"Polygon","coordinates":[[[37.798313,48.887885],[37.798332,48.887885],[37.798548,48.887898],[37.798548,48.887897],[37.798988,48.887923],[37.799126,48.887931],[37.79945,48.887953],[37.799454,48.887681],[37.799145,48.887663],[37.798548,48.887629],[37.798326,48.887616],[37.798313,48.887885]]]}},{"type":"Feature","properties":{"cadnum":"1424287900:02:000:0113"},"geometry":{"type":"Polygon","coordinates":[[[37.797864,48.889706],[37.798548,48.889758],[37.798548,48.889757],[37.798906,48.889783],[37.798974,48.889715],[37.799122,48.889509],[37.798443,48.889479],[37.797877,48.88947],[37.797864,48.889706]]]}},{"type":"Feature","properties":{"cadnum":"1424287900:02:000:0056"},"geometry":{"type":"Polygon","coordinates":[[[37.797334,48.888995],[37.798286,48.889045],[37.798313,48.888767],[37.797361,48.888729],[37.797334,48.888995]]]}},{"type":"Feature","properties":{"cadnum":"1424287900:02:000:0026"},"geometry":{"type":"Polygon","coordinates":[[[37.794904,48.890138],[37.795102,48.890164],[37.795456,48.890209],[37.795505,48.890072],[37.795537,48.889984],[37.79565,48.889665],[37.795137,48.889592],[37.794966,48.889992],[37.794957,48.890012],[37.794917,48.890105],[37.794918,48.890105],[37.794904,48.890138]]]}},{"type":"Feature","properties":{"cadnum":"1424287900:02:000:0037"},"geometry":{"type":"Polygon","coordinates":[[[37.798326,48.888154],[37.798548,48.888169],[37.798965,48.888198],[37.799445,48.88823],[37.79945,48.887953],[37.798988,48.887923],[37.798376,48.887887],[37.798332,48.887885],[37.798326,48.888154]]]}},{"type":"Feature","properties":{"cadnum":"1424287900:02:000:0112"},"geometry":{"type":"Polygon","coordinates":[[[37.797793,48.889893],[37.798101,48.890105],[37.798102,48.890105],[37.798219,48.890185],[37.798376,48.890122],[37.798417,48.890105],[37.798418,48.890105],[37.798533,48.890058],[37.798547,48.890049],[37.798548,48.890048],[37.798548,48.890047],[37.798906,48.889783],[37.798376,48.889744],[37.798376,48.889745],[37.797864,48.889706],[37.797793,48.889893]]]}},{"type":"Feature","properties":{"cadnum":"1424287900:02:000:0160"},"geometry":{"type":"Polygon","coordinates":[[[37.79794,48.888428],[37.798376,48.888444],[37.798473,48.888447],[37.798548,48.88845],[37.798672,48.888454],[37.799072,48.888469],[37.799382,48.888481],[37.799391,48.888318],[37.799082,48.888292],[37.798691,48.888257],[37.798376,48.888236],[37.798376,48.888237],[37.797959,48.888209],[37.79794,48.888428]]]}},{"type":"Feature","properties":{"cadnum":"1424287900:02:000:0087"},"geometry":{"type":"Polygon","coordinates":[[[37.798443,48.889479],[37.798548,48.889484],[37.799122,48.889509],[37.799234,48.88947],[37.799275,48.889273],[37.799275,48.889255],[37.799301,48.889139],[37.79847,48.889089],[37.798443,48.889479]]]}},{"type":"Feature","properties":{"cadnum":"1424287900:02:000:0106"},"geometry":{"type":"Polygon","coordinates":[[[37.79803,48.887406],[37.798548,48.887443],[37.798548,48.887442],[37.799338,48.887498],[37.799338,48.88727],[37.799292,48.887267],[37.799288,48.887261],[37.799171,48.887259],[37.799154,48.887244],[37.799032,48.887244],[37.798762,48.887223],[37.798376,48.887203],[37.798196,48.887193],[37.798049,48.887184],[37.79803,48.887406]]]}},{"type":"Feature","properties":{"cadnum":"1424287900:01:000:0188"},"geometry":{"type":"Polygon","coordinates":[[[37.855109,48.855157],[37.85524,48.857001],[37.855814,48.85685],[37.856875,48.856267],[37.858801,48.855673],[37.858846,48.855659],[37.858847,48.855659],[37.858973,48.855664],[37.858973,48.855663],[37.860715,48.855727],[37.860638,48.854654],[37.859139,48.854772],[37.858973,48.854788],[37.855109,48.855157]]]}},{"type":"Feature","properties":{"cadnum":"1424287900:05:000:0216"},"geometry":{"type":"Polygon","coordinates":[[[37.858531,48.822939],[37.858608,48.824657],[37.858973,48.824651],[37.858973,48.82465],[37.862822,48.824577],[37.862812,48.824308],[37.862776,48.823504],[37.862745,48.822859],[37.858973,48.822932],[37.858973,48.822931],[37.858531,48.822939]]]}},{"type":"Feature","properties":{"cadnum":"1424287900:07:000:0314"},"geometry":{"type":"Polygon","coordinates":[[[37.809672,48.804974],[37.810396,48.805053],[37.811483,48.805222],[37.814012,48.80556],[37.814855,48.805706],[37.814856,48.805706],[37.815861,48.805879],[37.815961,48.805415],[37.814856,48.805275],[37.814855,48.805275],[37.813315,48.80508],[37.812462,48.805084],[37.811735,48.804834],[37.809775,48.80453],[37.809672,48.804974]]]}},{"type":"Feature","properties":{"cadnum":"1424287900:07:000:0318"},"geometry":{"type":"Polygon","coordinates":[[[37.81314,48.804911],[37.813343,48.804909],[37.813661,48.80495],[37.813805,48.804246],[37.813441,48.804042],[37.81337,48.80377],[37.81314,48.804911]]]}},{"type":"Feature","properties":{"cadnum":"1424287900:07:000:0313"},"geometry":{"type":"Polygon","coordinates":[[[37.811244,48.80595],[37.815027,48.806485],[37.815637,48.806571],[37.815861,48.805879],[37.815027,48.805736],[37.815027,48.805735],[37.814012,48.80556],[37.811483,48.805222],[37.811244,48.80595]]]}},{"type":"Feature","properties":{"cadnum":"1424287900:07:000:0189"},"geometry":{"type":"Polygon","coordinates":[[[37.811532,48.804628],[37.811825,48.804672],[37.812525,48.804911],[37.81314,48.804911],[37.81337,48.80377],[37.813315,48.803554],[37.812704,48.803373],[37.812169,48.803764],[37.811703,48.803782],[37.811532,48.804628]]]}},{"type":"Feature","properties":{"cadnum":"1424287900:01:000:0053"},"geometry":{"type":"Polygon","coordinates":[[[37.816989,48.867744],[37.820349,48.867988],[37.823314,48.868202],[37.823534,48.866888],[37.82052,48.866669],[37.817443,48.866445],[37.816989,48.867744]]]}},{"type":"Feature","properties":{"cadnum":"1424287900:01:000:0054"},"geometry":{"type":"Polygon","coordinates":[[[37.817443,48.866445],[37.820349,48.866656],[37.823534,48.866888],[37.82374,48.865644],[37.823754,48.865532],[37.82052,48.865296],[37.817995,48.865112],[37.817762,48.865534],[37.817443,48.866445]]]}},{"type":"Feature","properties":{"cadnum":"1424287900:07:000:0410"},"geometry":{"type":"Polygon","coordinates":[[[37.806362,48.76002],[37.807152,48.760941],[37.809054,48.759798],[37.809362,48.759613],[37.809362,48.759614],[37.811114,48.758561],[37.810382,48.757608],[37.809534,48.758117],[37.806732,48.759798],[37.806731,48.759798],[37.806362,48.76002]]]}},{"type":"Feature","properties":{"cadnum":"1424287900:07:000:0188"},"geometry":{"type":"Polygon","coordinates":[[[37.807152,48.760941],[37.807953,48.761874],[37.809534,48.760925],[37.809534,48.760924],[37.811218,48.759912],[37.811219,48.759912],[37.811856,48.759529],[37.811114,48.758561],[37.809534,48.75951],[37.808865,48.759912],[37.807152,48.760941]]]}},{"type":"Feature","properties":{"cadnum":"1424287900:05:000:0054"},"geometry":{"type":"Polygon","coordinates":[[[37.86994,48.852237],[37.873839,48.852493],[37.873915,48.852213],[37.873974,48.851834],[37.870039,48.851577],[37.86994,48.852237]]]}},{"type":"Feature","properties":{"cadnum":"1424287900:05:000:0250"},"geometry":{"type":"Polygon","coordinates":[[[37.872177,48.819154],[37.875452,48.820316],[37.876085,48.82054],[37.876921,48.81995],[37.87528,48.818949],[37.873839,48.818069],[37.872177,48.819154]]]}},{"type":"Feature","properties":{"cadnum":"1424287900:06:000:0051"},"geometry":{"type":"Polygon","coordinates":[[[37.873898,48.821381],[37.874028,48.821434],[37.874029,48.821434],[37.874517,48.821632],[37.874729,48.821354],[37.87484,48.821206],[37.874267,48.821029],[37.874118,48.821171],[37.873961,48.821321],[37.87396,48.821321],[37.873959,48.821321],[37.873898,48.821381]]]}},{"type":"Feature","properties":{"cadnum":"1424287900:06:000:0190"},"geometry":{"type":"Polygon","coordinates":[[[37.875003,48.821872],[37.875083,48.821943],[37.87528,48.821981],[37.875785,48.822079],[37.875888,48.822096],[37.877154,48.8223],[37.877491,48.821673],[37.877594,48.82154],[37.877702,48.821484],[37.877842,48.821467],[37.878183,48.821511],[37.877883,48.821366],[37.877882,48.821366],[37.877567,48.821316],[37.876911,48.821294],[37.876634,48.821256],[37.876274,48.821147],[37.876171,48.821118],[37.875676,48.821097],[37.87538,48.821003],[37.875276,48.82097],[37.87503,48.821188],[37.87528,48.821287],[37.875353,48.821316],[37.875452,48.821354],[37.87546,48.821357],[37.875392,48.821434],[37.875347,48.821485],[37.875003,48.821872]]]}},{"type":"Feature","properties":{"cadnum":"1424287900:06:000:0078"},"geometry":{"type":"Polygon","coordinates":[[[37.874267,48.821029],[37.87484,48.821206],[37.875164,48.820786],[37.874657,48.82065],[37.874267,48.821029]]]}},{"type":"Feature","properties":{"cadnum":"1424287900:07:000:0403"},"geometry":{"type":"Polygon","coordinates":[[[37.831106,48.801569],[37.831335,48.801648],[37.831414,48.801676],[37.831507,48.801707],[37.835324,48.803018],[37.83501,48.800397],[37.833744,48.799691],[37.833419,48.79951],[37.833231,48.799284],[37.832817,48.799729],[37.832818,48.799729],[37.831507,48.801139],[37.831106,48.801569]]]}},{"type":"Feature","properties":{"cadnum":"1424287900:07:000:0116"},"geometry":{"type":"Polygon","coordinates":[[[37.827257,48.804979],[37.828326,48.804888],[37.82918,48.804814],[37.829786,48.804494],[37.830595,48.80432],[37.831174,48.804178],[37.831335,48.804153],[37.832171,48.804021],[37.833563,48.803891],[37.831674,48.803234],[37.831673,48.803234],[37.831507,48.803176],[37.829305,48.802409],[37.828647,48.803234],[37.828646,48.803234],[37.827257,48.804979]]]}},{"type":"Feature","properties":{"cadnum":"1424287900:07:000:0117"},"geometry":{"type":"Polygon","coordinates":[[[37.829305,48.802409],[37.831335,48.803116],[37.831999,48.803347],[37.833563,48.803891],[37.834367,48.803814],[37.834736,48.803687],[37.835138,48.80325],[37.835279,48.803098],[37.831335,48.801727],[37.830465,48.801424],[37.830168,48.801326],[37.829305,48.802409]]]}},{"type":"Feature","properties":{"cadnum":"1424287900:06:000:0050"},"geometry":{"type":"Polygon","coordinates":[[[37.847954,48.811579],[37.847959,48.811694],[37.848403,48.811677],[37.848386,48.811561],[37.847954,48.811579]]]}},{"type":"Feature","properties":{"cadnum":"1424287900:06:000:0156"},"geometry":{"type":"Polygon","coordinates":[[[37.849181,48.812907],[37.849602,48.812981],[37.849671,48.812685],[37.849319,48.812624],[37.849181,48.812907]]]}},{"type":"Feature","properties":{"cadnum":"1424287900:06:000:0215"},"geometry":{"type":"Polygon","coordinates":[[[37.851529,48.811736],[37.851562,48.811762],[37.851839,48.811624],[37.851992,48.81157],[37.852617,48.811416],[37.852531,48.811251],[37.852099,48.811381],[37.851776,48.811467],[37.851615,48.811582],[37.851529,48.811736]]]}},{"type":"Feature","properties":{"cadnum":"1424287900:06:000:0192"},"geometry":{"type":"Polygon","coordinates":[[[37.849445,48.810697],[37.849486,48.811293],[37.850034,48.81126],[37.849944,48.810686],[37.849445,48.810697]]]}},{"type":"Feature","properties":{"cadnum":"1424287900:06:000:0191"},"geometry":{"type":"Polygon","coordinates":[[[37.849486,48.811293],[37.849545,48.812109],[37.849795,48.812162],[37.850052,48.812552],[37.850258,48.812624],[37.850034,48.81126],[37.849486,48.811293]]]}},{"type":"Feature","properties":{"cadnum":"1424287900:06:000:0128"},"geometry":{"type":"Polygon","coordinates":[[[37.852231,48.812197],[37.852293,48.812464],[37.852432,48.813025],[37.852971,48.812996],[37.852877,48.812801],[37.852558,48.812124],[37.852231,48.812197]]]}},{"type":"Feature","properties":{"cadnum":"1424287900:06:000:0127"},"geometry":{"type":"Polygon","coordinates":[[[37.851596,48.811898],[37.851696,48.812156],[37.851889,48.812132],[37.851822,48.81192],[37.852715,48.811615],[37.85263,48.811473],[37.852001,48.811606],[37.852051,48.811765],[37.851812,48.811834],[37.851596,48.811898]]]}},{"type":"Feature","properties":{"cadnum":"1424287900:06:000:0155"},"geometry":{"type":"Polygon","coordinates":[[[37.848879,48.813543],[37.849472,48.813529],[37.849602,48.812981],[37.849181,48.812907],[37.848879,48.813543]]]}},{"type":"Feature","properties":{"cadnum":"1424287900:06:000:0049"},"geometry":{"type":"Polygon","coordinates":[[[37.847941,48.810751],[37.847941,48.810765],[37.847945,48.811115],[37.847954,48.811579],[37.848386,48.811561],[37.848309,48.811097],[37.848246,48.81073],[37.847941,48.810751]]]}},{"type":"Feature","properties":{"cadnum":"1424287900:01:000:0032"},"geometry":{"type":"Polygon","coordinates":[[[37.795129,48.872932],[37.798376,48.874205],[37.798376,48.874206],[37.801745,48.875526],[37.801695,48.875375],[37.801489,48.874962],[37.801412,48.874684],[37.801489,48.874445],[37.801583,48.87425],[37.801592,48.874244],[37.798548,48.873052],[37.796212,48.872137],[37.795129,48.872932]]]}},{"type":"Feature","properties":{"cadnum":"1424287900:05:000:0336"},"geometry":{"type":"Polygon","coordinates":[[[37.855015,48.842293],[37.857485,48.842305],[37.857566,48.842243],[37.858294,48.842051],[37.856793,48.842113],[37.855837,48.842107],[37.855065,48.84208],[37.855015,48.842293]]]}},{"type":"Feature","properties":{"cadnum":"1424287900:05:000:0337"},"geometry":{"type":"Polygon","coordinates":[[[37.855132,48.84167],[37.857692,48.841693],[37.858564,48.841968],[37.85873,48.840671],[37.857139,48.840647],[37.855855,48.841265],[37.855854,48.841265],[37.855204,48.841291],[37.855132,48.84167]]]}},{"type":"Feature","properties":{"cadnum":"1424287900:05:000:0324"},"geometry":{"type":"Polygon","coordinates":[[[37.854489,48.844646],[37.854786,48.844531],[37.856053,48.84313],[37.85651,48.842624],[37.857346,48.842415],[37.857485,48.842305],[37.855015,48.842293],[37.854827,48.84313],[37.854489,48.844646]]]}},{"type":"Feature","properties":{"cadnum":"1424287900:01:000:1242"},"geometry":{"type":"Polygon","coordinates":[[[37.811909,48.861196],[37.81362,48.860759],[37.813654,48.857588],[37.813655,48.857588],[37.813661,48.857107],[37.812391,48.857071],[37.811949,48.85708],[37.811944,48.857588],[37.81191,48.861089],[37.811909,48.861089],[37.811909,48.861196]]]}},{"type":"Feature","properties":{"cadnum":"1424287900:05:000:0075"},"geometry":{"type":"Polygon","coordinates":[[[37.812861,48.855452],[37.815027,48.855584],[37.815027,48.855583],[37.818741,48.855807],[37.818898,48.854669],[37.814856,48.854425],[37.814855,48.854425],[37.813018,48.854314],[37.812861,48.855452]]]}},{"type":"Feature","properties":{"cadnum":"1424287900:01:000:1244"},"geometry":{"type":"Polygon","coordinates":[[[37.809821,48.857308],[37.810003,48.857475],[37.810002,48.857475],[37.81009,48.857556],[37.810091,48.857556],[37.810091,48.857588],[37.810127,48.859021],[37.810531,48.859903],[37.810624,48.861089],[37.810623,48.861089],[37.810629,48.861163],[37.810632,48.861202],[37.810633,48.861202],[37.810634,48.861215],[37.811523,48.861244],[37.811907,48.861196],[37.811909,48.861196],[37.811945,48.857475],[37.811949,48.85708],[37.811299,48.857095],[37.809821,48.857308]]]}},{"type":"Feature","properties":{"cadnum":"1424287900:07:000:0259"},"geometry":{"type":"Polygon","coordinates":[[[37.814645,48.821827],[37.815027,48.822178],[37.815943,48.823019],[37.818957,48.821357],[37.819693,48.820952],[37.818494,48.819704],[37.815357,48.821434],[37.814896,48.821689],[37.814645,48.821827]]]}},{"type":"Feature","properties":{"cadnum":"1424287900:07:000:0267"},"geometry":{"type":"Polygon","coordinates":[[[37.810993,48.824539],[37.8111,48.824634],[37.811423,48.824937],[37.811423,48.824938],[37.811422,48.824938],[37.811533,48.825042],[37.811543,48.825051],[37.811559,48.825066],[37.811655,48.825013],[37.812529,48.824533],[37.812951,48.824299],[37.814856,48.823251],[37.814857,48.82325],[37.815027,48.823157],[37.815027,48.823156],[37.815641,48.822818],[37.815067,48.822291],[37.814856,48.822409],[37.813024,48.823422],[37.812601,48.823652],[37.810993,48.824539]]]}},{"type":"Feature","properties":{"cadnum":"1424287900:07:000:0271"},"geometry":{"type":"Polygon","coordinates":[[[37.811559,48.825066],[37.812125,48.825594],[37.812458,48.825412],[37.812884,48.825178],[37.81332,48.824938],[37.815027,48.823997],[37.816213,48.823344],[37.815641,48.822818],[37.814857,48.82325],[37.812951,48.824299],[37.812529,48.824533],[37.811792,48.824938],[37.811791,48.824938],[37.811655,48.825013],[37.811586,48.825051],[37.811559,48.825066]]]}},{"type":"Feature","properties":{"cadnum":"1424287900:05:000:0288"},"geometry":{"type":"Polygon","coordinates":[[[37.804854,48.780035],[37.805572,48.780743],[37.808733,48.778833],[37.807997,48.778014],[37.80718,48.777105],[37.806548,48.777901],[37.806547,48.777901],[37.806507,48.777952],[37.806458,48.778014],[37.804854,48.780035]]]}},{"type":"Feature","properties":{"cadnum":"1424287900:07:000:0034"},"geometry":{"type":"Polygon","coordinates":[[[37.807817,48.777638],[37.808208,48.778014],[37.808209,48.778014],[37.808636,48.778425],[37.809534,48.77805],[37.809534,48.778049],[37.809778,48.777946],[37.813805,48.776259],[37.813001,48.775465],[37.811366,48.776152],[37.809534,48.77692],[37.809534,48.776919],[37.807817,48.777638]]]}},{"type":"Feature","properties":{"cadnum":"1424287900:07:000:0283"},"geometry":{"type":"Polygon","coordinates":[[[37.821876,48.793187],[37.822832,48.793515],[37.82361,48.79376],[37.825056,48.792941],[37.824805,48.792619],[37.823978,48.792433],[37.823978,48.792432],[37.823578,48.792225],[37.823306,48.792379],[37.821876,48.793187]]]}},{"type":"Feature","properties":{"cadnum":"1424287900:05:000:0387"},"geometry":{"type":"Polygon","coordinates":[[[37.872141,48.840354],[37.873152,48.840386],[37.873395,48.839401],[37.873592,48.838607],[37.873479,48.83861],[37.872775,48.838572],[37.872636,48.838347],[37.872347,48.839514],[37.872348,48.839514],[37.872348,48.839515],[37.872141,48.840354]]]}},{"type":"Feature","properties":{"cadnum":"1424287900:05:000:0237"},"geometry":{"type":"Polygon","coordinates":[[[37.870043,48.840283],[37.870709,48.840307],[37.870902,48.839515],[37.870902,48.839514],[37.870903,48.839514],[37.871315,48.837838],[37.871014,48.837841],[37.870659,48.837776],[37.870231,48.839514],[37.870232,48.839514],[37.870232,48.839515],[37.870043,48.840283]]]}},{"type":"Feature","properties":{"cadnum":"1424287900:05:000:0372"},"geometry":{"type":"Polygon","coordinates":[[[37.870709,48.840307],[37.871405,48.84033],[37.871631,48.839401],[37.871997,48.837909],[37.871557,48.837836],[37.871315,48.837838],[37.870931,48.839401],[37.87093,48.839401],[37.870709,48.840307]]]}},{"type":"Feature","properties":{"cadnum":"1424287900:05:000:0355"},"geometry":{"type":"Polygon","coordinates":[[[37.871405,48.84033],[37.872141,48.840354],[37.872376,48.839401],[37.872375,48.839401],[37.872636,48.838347],[37.872402,48.837974],[37.871997,48.837909],[37.871603,48.839514],[37.871604,48.839514],[37.871604,48.839515],[37.871405,48.84033]]]}},{"type":"Feature","properties":{"cadnum":"1424287900:05:000:0021"},"geometry":{"type":"Polygon","coordinates":[[[37.874877,48.840443],[37.87528,48.840456],[37.875592,48.840466],[37.875853,48.839401],[37.876076,48.838498],[37.875811,48.838506],[37.875349,48.838527],[37.875105,48.839514],[37.875105,48.839515],[37.874877,48.840443]]]}},{"type":"Feature","properties":{"cadnum":"1424287900:05:000:0020"},"geometry":{"type":"Polygon","coordinates":[[[37.873152,48.840386],[37.874077,48.840417],[37.874328,48.839401],[37.874536,48.838563],[37.873592,48.838607],[37.873367,48.839514],[37.873367,48.839515],[37.873152,48.840386]]]}},{"type":"Feature","properties":{"cadnum":"1424287900:05:000:0071"},"geometry":{"type":"Polygon","coordinates":[[[37.870439,48.807062],[37.871431,48.80802],[37.873325,48.806852],[37.87528,48.805646],[37.875428,48.805555],[37.875452,48.80554],[37.876422,48.804941],[37.875416,48.803989],[37.870779,48.806852],[37.870778,48.806852],[37.870439,48.807062]]]}},{"type":"Feature","properties":{"cadnum":"1424287900:05:000:0341"},"geometry":{"type":"Polygon","coordinates":[[[37.887345,48.820413],[37.888176,48.820686],[37.889282,48.820893],[37.888742,48.820375],[37.888249,48.819709],[37.888006,48.819573],[37.887345,48.820413]]]}},{"type":"Feature","properties":{"cadnum":"1424287900:05:000:0342"},"geometry":{"type":"Polygon","coordinates":[[[37.887655,48.821037],[37.887655,48.821038],[37.888626,48.821348],[37.888976,48.820863],[37.888163,48.820713],[37.887943,48.820638],[37.887655,48.821037]]]}},{"type":"Feature","properties":{"cadnum":"1424287900:05:000:0367"},"geometry":{"type":"Polygon","coordinates":[[[37.889192,48.820408],[37.889505,48.820713],[37.891159,48.821206],[37.891132,48.821248],[37.891932,48.821263],[37.891932,48.821262],[37.891962,48.821263],[37.892821,48.820854],[37.895771,48.819065],[37.896046,48.818891],[37.896014,48.818731],[37.895713,48.818488],[37.895005,48.817817],[37.894878,48.817696],[37.894861,48.817704],[37.894714,48.817774],[37.894623,48.817817],[37.89176,48.819183],[37.89176,48.819184],[37.889192,48.820408]]]}},{"type":"Feature","properties":{"cadnum":"1424287900:05:000:0401"},"geometry":{"type":"Polygon","coordinates":[[[37.888626,48.821348],[37.888629,48.821349],[37.888891,48.821434],[37.888892,48.821434],[37.889111,48.821505],[37.890968,48.821428],[37.890979,48.821428],[37.890976,48.821427],[37.889268,48.820919],[37.888976,48.820863],[37.888645,48.821321],[37.888644,48.821321],[37.888626,48.821348]]]}},{"type":"Feature","properties":{"cadnum":"1424287900:05:000:0177"},"geometry":{"type":"Polygon","coordinates":[[[37.826014,48.823687],[37.826952,48.824237],[37.830875,48.821321],[37.831125,48.821136],[37.830182,48.820585],[37.82904,48.821434],[37.829041,48.821434],[37.826014,48.823687]]]}},{"type":"Feature","properties":{"cadnum":"1424287900:05:000:0186"},"geometry":{"type":"Polygon","coordinates":[[[37.830536,48.819718],[37.831335,48.820186],[37.831335,48.820187],[37.83249,48.820863],[37.833455,48.820141],[37.831857,48.819204],[37.831473,48.819341],[37.831264,48.819414],[37.831247,48.819421],[37.831264,48.819415],[37.831304,48.819455],[37.831281,48.819464],[37.831241,48.819422],[37.831232,48.819426],[37.830536,48.819718]]]}},{"type":"Feature","properties":{"cadnum":"1424287900:07:000:0141"},"geometry":{"type":"Polygon","coordinates":[[[37.826345,48.786103],[37.829037,48.788759],[37.829037,48.78876],[37.829036,48.78876],[37.829763,48.789476],[37.83014,48.789307],[37.829699,48.788873],[37.826718,48.785931],[37.826345,48.786103]]]}},{"type":"Feature","properties":{"cadnum":"1424287900:07:000:0140"},"geometry":{"type":"Polygon","coordinates":[[[37.825972,48.786271],[37.828605,48.788873],[37.82939,48.789648],[37.829763,48.789476],[37.829151,48.788873],[37.829152,48.788873],[37.826345,48.786103],[37.825972,48.786271]]]}},{"type":"Feature","properties":{"cadnum":"1424287900:07:000:0142"},"geometry":{"type":"Polygon","coordinates":[[[37.826718,48.785931],[37.829584,48.788759],[37.829584,48.78876],[37.83014,48.789307],[37.830513,48.789136],[37.830131,48.78876],[37.83013,48.78876],[37.82709,48.785762],[37.826718,48.785931]]]}},{"type":"Feature","properties":{"cadnum":"1424287900:07:000:0143"},"geometry":{"type":"Polygon","coordinates":[[[37.82709,48.785762],[37.830245,48.788873],[37.830246,48.788873],[37.830513,48.789136],[37.831094,48.788872],[37.831335,48.788764],[37.831444,48.788714],[37.831507,48.788686],[37.831637,48.788627],[37.831507,48.788499],[37.828214,48.78525],[37.82709,48.785762]]]}},{"type":"Feature","properties":{"cadnum":"1424287900:07:000:0157"},"geometry":{"type":"Polygon","coordinates":[[[37.831331,48.786017],[37.831335,48.786021],[37.83147,48.78615],[37.831507,48.786185],[37.83222,48.786863],[37.836115,48.78514],[37.836469,48.784984],[37.835602,48.784129],[37.833057,48.785253],[37.833057,48.785254],[37.831335,48.786015],[37.831331,48.786017]]]}},{"type":"Feature","properties":{"cadnum":"1424287900:03:000:0083"},"geometry":{"type":"Polygon","coordinates":[[[37.834165,48.882799],[37.834277,48.882802],[37.834556,48.882808],[37.835493,48.882825],[37.836331,48.88284],[37.836331,48.882839],[37.836222,48.8826],[37.836146,48.882421],[37.836042,48.882196],[37.834404,48.882163],[37.834291,48.88216],[37.834291,48.882565],[37.834241,48.882657],[37.834181,48.882768],[37.834165,48.882799]],[[37.835558,48.8825],[37.835558,48.882517],[37.835558,48.882518],[37.83553,48.882518],[37.83553,48.882517],[37.83553,48.8825],[37.835558,48.8825]],[[37.83496,48.882495],[37.83496,48.882512],[37.834933,48.882512],[37.834933,48.882495],[37.83496,48.882495]],[[37.834398,48.882672],[37.834398,48.882689],[37.834398,48.88269],[37.834371,48.88269],[37.834371,48.882689],[37.834371,48.882672],[37.834398,48.882672]],[[37.83434,48.882406],[37.83434,48.882423],[37.834314,48.882423],[37.834314,48.882406],[37.83434,48.882406]]]}},{"type":"Feature","properties":{"cadnum":"1424287900:03:000:0084"},"geometry":{"type":"Polygon","coordinates":[[[37.833846,48.883257],[37.834381,48.883206],[37.834408,48.883321],[37.834943,48.88331],[37.835899,48.883288],[37.835958,48.883469],[37.836577,48.883398],[37.836331,48.88284],[37.835493,48.882825],[37.834556,48.882808],[37.834277,48.882802],[37.834165,48.882799],[37.834108,48.882881],[37.834109,48.882881],[37.834012,48.883023],[37.833864,48.883233],[37.833846,48.883257]],[[37.834543,48.88328],[37.834538,48.883298],[37.834516,48.883298],[37.834516,48.88328],[37.834543,48.88328]],[[37.834421,48.883035],[37.834421,48.883034],[37.83448,48.883023],[37.834488,48.883044],[37.83443,48.883056],[37.83443,48.883055],[37.834421,48.883035]],[[37.834107,48.883091],[37.834107,48.883108],[37.83408,48.883108],[37.83408,48.883091],[37.834107,48.883091]]]}},{"type":"Feature","properties":{"cadnum":"1424287900:03:000:0241"},"geometry":{"type":"Polygon","coordinates":[[[37.83426,48.881741],[37.834345,48.88209],[37.83475,48.882031],[37.834704,48.881821],[37.83531,48.881714],[37.835256,48.881573],[37.83426,48.881741]]]}},{"type":"Feature","properties":{"cadnum":"1424287900:03:000:0215"},"geometry":{"type":"Polygon","coordinates":[[[37.832962,48.88128],[37.833019,48.881502],[37.833577,48.881493],[37.833689,48.88149],[37.834035,48.881475],[37.833999,48.881251],[37.833998,48.881251],[37.832962,48.88128]]]}},{"type":"Feature","properties":{"cadnum":"1424287900:03:000:0219"},"geometry":{"type":"Polygon","coordinates":[[[37.83257,48.880503],[37.832643,48.880731],[37.832926,48.880731],[37.833559,48.880728],[37.833828,48.880728],[37.833828,48.880657],[37.833788,48.880477],[37.83257,48.880503]]]}},{"type":"Feature","properties":{"cadnum":"1424287900:03:000:0193"},"geometry":{"type":"Polygon","coordinates":[[[37.833176,48.881773],[37.833218,48.881989],[37.833375,48.882137],[37.833266,48.881768],[37.833176,48.881773]]]}},{"type":"Feature","properties":{"cadnum":"1424287900:03:000:0010"},"geometry":{"type":"Polygon","coordinates":[[[37.832494,48.880262],[37.833488,48.880244],[37.833639,48.88024],[37.833626,48.880175],[37.833595,48.880067],[37.833581,48.880013],[37.833577,48.87998],[37.832499,48.879966],[37.832494,48.880262]]]}},{"type":"Feature","properties":{"cadnum":"1424287900:03:000:0245"},"geometry":{"type":"Polygon","coordinates":[[[37.834184,48.881472],[37.83426,48.881741],[37.835256,48.881573],[37.835171,48.881263],[37.834233,48.881451],[37.834237,48.881464],[37.834184,48.881472]]]}},{"type":"Feature","properties":{"cadnum":"1424287900:03:000:0246"},"geometry":{"type":"Polygon","coordinates":[[[37.835171,48.881263],[37.835256,48.881573],[37.835486,48.881534],[37.835315,48.881233],[37.835171,48.881263]]]}},{"type":"Feature","properties":{"cadnum":"1424287900:03:000:0043"},"geometry":{"type":"Polygon","coordinates":[[[37.832966,48.881502],[37.833042,48.881779],[37.833725,48.881747],[37.834098,48.881729],[37.834035,48.881475],[37.833689,48.88149],[37.833577,48.881493],[37.832966,48.881502]]]}},{"type":"Feature","properties":{"cadnum":"1424287900:03:000:0214"},"geometry":{"type":"Polygon","coordinates":[[[37.833855,48.880365],[37.83395,48.880684],[37.83456,48.880551],[37.834467,48.880285],[37.833855,48.880365]]]}},{"type":"Feature","properties":{"cadnum":"1424287900:03:000:0152"},"geometry":{"type":"Polygon","coordinates":[[[37.833729,48.879925],[37.833855,48.880365],[37.834467,48.880285],[37.83492,48.880225],[37.834727,48.880069],[37.833729,48.879925]]]}},{"type":"Feature","properties":{"cadnum":"1424287900:03:000:0113"},"geometry":{"type":"Polygon","coordinates":[[[37.832773,48.880731],[37.832889,48.881044],[37.833218,48.881024],[37.833509,48.881017],[37.833901,48.881017],[37.833828,48.880728],[37.833559,48.880728],[37.832926,48.880731],[37.832773,48.880731]]]}},{"type":"Feature","properties":{"cadnum":"1424287900:03:000:0192"},"geometry":{"type":"Polygon","coordinates":[[[37.833266,48.881768],[37.833375,48.882137],[37.833901,48.882125],[37.834134,48.882095],[37.834147,48.882051],[37.834143,48.881933],[37.834098,48.881729],[37.833725,48.881747],[37.833266,48.881768]]]}},{"type":"Feature","properties":{"cadnum":"1424287900:05:000:0126"},"geometry":{"type":"Polygon","coordinates":[[[37.834601,48.849219],[37.836828,48.849233],[37.836828,48.849234],[37.838329,48.849242],[37.838364,48.846632],[37.838363,48.846632],[37.838373,48.845932],[37.83796,48.846243],[37.837577,48.846632],[37.837575,48.846633],[37.837465,48.846745],[37.837466,48.846745],[37.83726,48.846955],[37.837,48.847142],[37.836348,48.847611],[37.836388,48.847753],[37.83461,48.84832],[37.834601,48.849218],[37.834601,48.849219]]]}},{"type":"Feature","properties":{"cadnum":"1424287900:05:000:0366"},"geometry":{"type":"Polygon","coordinates":[[[37.893935,48.816557],[37.894065,48.816711],[37.894501,48.817051],[37.896886,48.815883],[37.896576,48.815268],[37.893935,48.816557]]]}},{"type":"Feature","properties":{"cadnum":"1424287900:05:000:0362"},"geometry":{"type":"Polygon","coordinates":[[[37.893463,48.815986],[37.893935,48.816557],[37.896576,48.815268],[37.896549,48.81522],[37.896117,48.814729],[37.896109,48.814691],[37.893463,48.815986]]]}},{"type":"Feature","properties":{"cadnum":"1424287900:05:000:0382"},"geometry":{"type":"Polygon","coordinates":[[[37.894501,48.817051],[37.894932,48.817385],[37.895157,48.817598],[37.897258,48.816572],[37.897205,48.816507],[37.896886,48.815883],[37.894501,48.817051]]]}},{"type":"Feature","properties":{"cadnum":"1424287900:05:000:0345"},"geometry":{"type":"Polygon","coordinates":[[[37.892861,48.815255],[37.893463,48.815986],[37.896109,48.814691],[37.896063,48.814463],[37.895318,48.814608],[37.895314,48.8147],[37.893643,48.814558],[37.892861,48.815255]]]}},{"type":"Feature","properties":{"cadnum":"1424287900:06:000:0142"},"geometry":{"type":"Polygon","coordinates":[[[37.831983,48.81659],[37.831977,48.816705],[37.832,48.8169],[37.832054,48.817243],[37.832535,48.817217],[37.832446,48.816699],[37.832454,48.81659],[37.831983,48.81659]]]}},{"type":"Feature","properties":{"cadnum":"1424287900:06:000:0143"},"geometry":{"type":"Polygon","coordinates":[[[37.832054,48.817243],[37.832125,48.817704],[37.832126,48.817708],[37.832142,48.817817],[37.832143,48.817817],[37.832153,48.817885],[37.832656,48.817885],[37.832623,48.817704],[37.832622,48.817704],[37.832535,48.817217],[37.832054,48.817243]]]}},{"type":"Feature","properties":{"cadnum":"1424287900:05:000:0205"},"geometry":{"type":"Polygon","coordinates":[[[37.852545,48.830175],[37.852562,48.830686],[37.853308,48.830859],[37.854808,48.831207],[37.854934,48.831207],[37.85599,48.831008],[37.856439,48.831056],[37.858074,48.831029],[37.858141,48.830891],[37.857814,48.830098],[37.857822,48.830087],[37.853308,48.830162],[37.853308,48.830163],[37.852545,48.830175]]]}},{"type":"Feature","properties":{"cadnum":"1424287900:05:000:0206"},"geometry":{"type":"Polygon","coordinates":[[[37.852514,48.829314],[37.852545,48.830175],[37.853479,48.83016],[37.857822,48.830087],[37.858083,48.829782],[37.858757,48.829318],[37.858851,48.829208],[37.853308,48.829301],[37.852514,48.829314]]]}},{"type":"Feature","properties":{"cadnum":"1424287900:07:000:0127"},"geometry":{"type":"Polygon","coordinates":[[[37.84804,48.798311],[37.849439,48.799616],[37.851269,48.801321],[37.852824,48.800589],[37.851899,48.799729],[37.8519,48.799729],[37.849711,48.79769],[37.848906,48.798004],[37.84804,48.798311]]]}},{"type":"Feature","properties":{"cadnum":"1424287900:07:000:0130"},"geometry":{"type":"Polygon","coordinates":[[[37.852931,48.796495],[37.853308,48.796846],[37.85582,48.799187],[37.857185,48.798548],[37.857076,48.798359],[37.856013,48.797288],[37.855688,48.796962],[37.854676,48.796019],[37.854562,48.795912],[37.854352,48.795997],[37.854264,48.796033],[37.854242,48.796042],[37.85404,48.79611],[37.854041,48.79611],[37.854041,48.796111],[37.853367,48.796338],[37.852931,48.796495]]]}},{"type":"Feature","properties":{"cadnum":"1424287900:02:000:0101"},"geometry":{"type":"Polygon","coordinates":[[[37.793849,48.891062],[37.794275,48.891151],[37.794347,48.891006],[37.793948,48.890923],[37.793849,48.891062]]]}},{"type":"Feature","properties":{"cadnum":"1424287900:02:000:0104"},"geometry":{"type":"Polygon","coordinates":[[[37.793346,48.891024],[37.793552,48.891089],[37.794082,48.890356],[37.794158,48.890214],[37.793934,48.89017],[37.793925,48.890188],[37.793871,48.890295],[37.793777,48.890436],[37.793346,48.891024]]]}},{"type":"Feature","properties":{"cadnum":"1424287900:02:000:0041"},"geometry":{"type":"Polygon","coordinates":[[[37.795363,48.891204],[37.795676,48.891251],[37.795848,48.890735],[37.795946,48.890436],[37.795717,48.890409],[37.795552,48.890681],[37.795462,48.890832],[37.795367,48.891109],[37.795363,48.891204]]]}},{"type":"Feature","properties":{"cadnum":"1424287900:02:000:0100"},"geometry":{"type":"Polygon","coordinates":[[[37.793948,48.890923],[37.794347,48.891006],[37.794378,48.890941],[37.794487,48.890726],[37.794594,48.890513],[37.79476,48.890534],[37.794864,48.890306],[37.794401,48.890241],[37.794321,48.890395],[37.793948,48.890923]]]}},{"type":"Feature","properties":{"cadnum":"1424287900:02:000:0099"},"geometry":{"type":"Polygon","coordinates":[[[37.793529,48.891118],[37.793772,48.891162],[37.794275,48.890472],[37.794414,48.890232],[37.794168,48.8902],[37.794082,48.890356],[37.793529,48.891118]]]}},{"type":"Feature","properties":{"cadnum":"1424287900:02:000:0061"},"geometry":{"type":"Polygon","coordinates":[[[37.794405,48.891248],[37.794751,48.89131],[37.79481,48.891183],[37.794887,48.891009],[37.794846,48.891004],[37.794541,48.890965],[37.794405,48.891248]]]}},{"type":"Feature","properties":{"cadnum":"1424287900:02:000:0042"},"geometry":{"type":"Polygon","coordinates":[[[37.794688,48.89144],[37.794896,48.891475],[37.794864,48.891567],[37.795076,48.8916],[37.795192,48.891245],[37.79481,48.891183],[37.794688,48.89144]]]}},{"type":"Feature","properties":{"cadnum":"1424287900:02:000:0032"},"geometry":{"type":"Polygon","coordinates":[[[37.797963,48.891089],[37.798229,48.891103],[37.798322,48.89069],[37.798323,48.89069],[37.798376,48.890683],[37.798444,48.890675],[37.798548,48.890662],[37.798579,48.890658],[37.79856,48.890368],[37.798376,48.890417],[37.798017,48.890513],[37.798017,48.890713],[37.798013,48.890805],[37.797963,48.891089]]]}},{"type":"Feature","properties":{"cadnum":"1424287900:02:000:0074"},"geometry":{"type":"Polygon","coordinates":[[[37.796261,48.89149],[37.796818,48.891585],[37.79698,48.891116],[37.796445,48.890994],[37.796261,48.89149]]]}},{"type":"Feature","properties":{"cadnum":"1424287900:02:000:0021"},"geometry":{"type":"Polygon","coordinates":[[[37.79481,48.891183],[37.795192,48.891245],[37.795376,48.890702],[37.795416,48.890581],[37.795466,48.89038],[37.795151,48.890345],[37.795106,48.890531],[37.795102,48.890545],[37.79481,48.891183]]]}},{"type":"Feature","properties":{"cadnum":"1424287900:02:000:0063"},"geometry":{"type":"Polygon","coordinates":[[[37.79464,48.890749],[37.794944,48.890788],[37.794986,48.890794],[37.795102,48.890545],[37.795106,48.890531],[37.795151,48.890345],[37.79511,48.890339],[37.795003,48.890324],[37.794909,48.890554],[37.794743,48.890536],[37.79464,48.890749]]]}},{"type":"Feature","properties":{"cadnum":"1424287900:02:000:0045"},"geometry":{"type":"Polygon","coordinates":[[[37.793085,48.891171],[37.79322,48.891201],[37.793777,48.890436],[37.793871,48.890295],[37.793925,48.890188],[37.793682,48.890144],[37.793642,48.890256],[37.793615,48.89035],[37.793453,48.890578],[37.793126,48.891107],[37.793085,48.891171]]]}},{"type":"Feature","properties":{"cadnum":"1424287900:02:000:0078"},"geometry":{"type":"Polygon","coordinates":[[[37.797384,48.891216],[37.797761,48.891245],[37.797801,48.891004],[37.797856,48.89072],[37.797856,48.890424],[37.797483,48.89046],[37.797384,48.891216]]]}},{"type":"Feature","properties":{"cadnum":"1424287900:02:000:0062"},"geometry":{"type":"Polygon","coordinates":[[[37.794541,48.890965],[37.794846,48.891004],[37.794887,48.891009],[37.794986,48.890794],[37.794944,48.890788],[37.79464,48.890749],[37.794541,48.890965]]]}},{"type":"Feature","properties":{"cadnum":"1424287900:02:000:0085"},"geometry":{"type":"Polygon","coordinates":[[[37.797042,48.89142],[37.797357,48.89142],[37.797384,48.891216],[37.797483,48.89046],[37.797154,48.890472],[37.797042,48.89142]]]}},{"type":"Feature","properties":{"cadnum":"1424287900:02:000:0073"},"geometry":{"type":"Polygon","coordinates":[[[37.796445,48.890994],[37.79698,48.891116],[37.79707,48.890853],[37.797087,48.890504],[37.796684,48.890483],[37.796615,48.890481],[37.796445,48.890994]]]}},{"type":"Feature","properties":{"cadnum":"1424287900:07:000:0029"},"geometry":{"type":"Polygon","coordinates":[[[37.800474,48.76548],[37.801282,48.765965],[37.804041,48.764393],[37.804041,48.764392],[37.805745,48.763419],[37.807485,48.762428],[37.806938,48.761776],[37.804069,48.763419],[37.804068,48.763419],[37.803888,48.763523],[37.800474,48.76548]]]}},{"type":"Feature","properties":{"cadnum":"1424287900:07:000:0030"},"geometry":{"type":"Polygon","coordinates":[[[37.801282,48.765965],[37.802127,48.766472],[37.803869,48.765486],[37.807321,48.763533],[37.80806,48.763114],[37.807485,48.762428],[37.805547,48.763533],[37.803869,48.76449],[37.803869,48.764491],[37.801282,48.765965]]]}},{"type":"Feature","properties":{"cadnum":"1424287900:07:000:0031"},"geometry":{"type":"Polygon","coordinates":[[[37.802127,48.766472],[37.803003,48.766999],[37.804041,48.76642],[37.804041,48.766419],[37.808666,48.763837],[37.808398,48.763518],[37.80806,48.763114],[37.807521,48.763419],[37.804041,48.765389],[37.802127,48.766472]]]}},{"type":"Feature","properties":{"cadnum":"1424287900:05:000:0226"},"geometry":{"type":"Polygon","coordinates":[[[37.867672,48.826225],[37.86778,48.827094],[37.869787,48.82754],[37.874091,48.828496],[37.874297,48.827694],[37.869959,48.826733],[37.867672,48.826225]]]}},{"type":"Feature","properties":{"cadnum":"1424287900:05:000:0219"},"geometry":{"type":"Polygon","coordinates":[[[37.866235,48.827221],[37.866293,48.828554],[37.866292,48.828554],[37.866343,48.829704],[37.867336,48.829991],[37.867839,48.830379],[37.868567,48.830745],[37.868445,48.830142],[37.868159,48.828554],[37.868041,48.827892],[37.867762,48.827242],[37.867745,48.827192],[37.866235,48.827221]]]}},{"type":"Feature","properties":{"cadnum":"1424287900:07:000:0097"},"geometry":{"type":"Polygon","coordinates":[[[37.806946,48.796512],[37.809534,48.797704],[37.810701,48.79824],[37.811473,48.797471],[37.811995,48.796959],[37.812421,48.796539],[37.812947,48.796016],[37.813383,48.795584],[37.810445,48.794556],[37.809362,48.795162],[37.807665,48.79611],[37.807665,48.796111],[37.806946,48.796512]]]}},{"type":"Feature","properties":{"cadnum":"1424287900:07:000:0089"},"geometry":{"type":"Polygon","coordinates":[[[37.825649,48.807917],[37.825702,48.808713],[37.825735,48.809124],[37.825842,48.809121],[37.825842,48.809122],[37.830976,48.808958],[37.830905,48.807956],[37.82993,48.807929],[37.829926,48.808009],[37.829925,48.808009],[37.826014,48.807925],[37.825649,48.807917]]]}},{"type":"Feature","properties":{"cadnum":"1424287900:07:000:0088"},"geometry":{"type":"Polygon","coordinates":[[[37.825735,48.809124],[37.825784,48.809831],[37.825811,48.810204],[37.825842,48.810203],[37.825969,48.810199],[37.826014,48.810197],[37.831057,48.810041],[37.830976,48.808958],[37.826014,48.809116],[37.825735,48.809124]]]}},{"type":"Feature","properties":{"cadnum":"1424287900:07:000:0085"},"geometry":{"type":"Polygon","coordinates":[[[37.82087,48.809985],[37.820907,48.810085],[37.820897,48.810304],[37.821005,48.810438],[37.82103,48.810469],[37.82103,48.81047],[37.821029,48.81047],[37.821333,48.810848],[37.821355,48.811203],[37.82233,48.811144],[37.825869,48.811035],[37.825837,48.810582],[37.825811,48.810204],[37.825784,48.809831],[37.821431,48.809967],[37.82087,48.809985]]]}},{"type":"Feature","properties":{"cadnum":"1424287900:07:000:0086"},"geometry":{"type":"Polygon","coordinates":[[[37.820484,48.808875],[37.820803,48.809787],[37.82087,48.809985],[37.821431,48.809967],[37.825784,48.809831],[37.825735,48.809124],[37.825702,48.808713],[37.822482,48.808813],[37.821666,48.80884],[37.820484,48.808875]]]}},{"type":"Feature","properties":{"cadnum":"1424287900:07:000:0041"},"geometry":{"type":"Polygon","coordinates":[[[37.807953,48.761874],[37.808766,48.762822],[37.809362,48.762464],[37.812611,48.760512],[37.812149,48.759912],[37.811856,48.759529],[37.811407,48.759798],[37.811406,48.759798],[37.809362,48.761027],[37.809362,48.761028],[37.807953,48.761874]]]}},{"type":"Feature","properties":{"cadnum":"1424287900:07:000:0289"},"geometry":{"type":"Polygon","coordinates":[[[37.822132,48.777023],[37.823153,48.778014],[37.823154,48.778014],[37.823691,48.778535],[37.8251,48.777901],[37.825842,48.777568],[37.825842,48.777569],[37.827966,48.776613],[37.826408,48.775101],[37.825842,48.775356],[37.822132,48.777023]]]}},{"type":"Feature","properties":{"cadnum":"1424287900:02:000:0111"},"geometry":{"type":"Polygon","coordinates":[[[37.785575,48.887093],[37.785827,48.887226],[37.786348,48.886792],[37.786514,48.886653],[37.786617,48.886565],[37.786429,48.8864],[37.786428,48.886399],[37.78631,48.886493],[37.786281,48.886517],[37.78611,48.886656],[37.785575,48.887093]]]}},{"type":"Feature","properties":{"cadnum":"1424287900:02:000:0086"},"geometry":{"type":"Polygon","coordinates":[[[37.782342,48.886366],[37.782432,48.886425],[37.78248,48.886112],[37.782543,48.885699],[37.782363,48.885637],[37.782355,48.885989],[37.782342,48.886366]]]}},{"type":"Feature","properties":{"cadnum":"1424287900:02:000:0088"},"geometry":{"type":"Polygon","coordinates":[[[37.782849,48.887333],[37.783065,48.887397],[37.783608,48.886617],[37.783768,48.886399],[37.783784,48.886378],[37.783877,48.886298],[37.783625,48.886157],[37.783541,48.88626],[37.783501,48.88637],[37.783494,48.88638],[37.783491,48.886385],[37.783423,48.886493],[37.783424,48.886493],[37.783271,48.886738],[37.782849,48.887333]]]}},{"type":"Feature","properties":{"cadnum":"1424287900:02:000:0038"},"geometry":{"type":"Polygon","coordinates":[[[37.784982,48.886827],[37.785059,48.88688],[37.78509,48.886898],[37.785193,48.886931],[37.785202,48.886924],[37.785248,48.886942],[37.785296,48.886895],[37.785378,48.88683],[37.785472,48.886742],[37.785782,48.886455],[37.785939,48.886311],[37.786128,48.886136],[37.785971,48.885994],[37.785724,48.886201],[37.785558,48.886343],[37.785513,48.88638],[37.785512,48.88638],[37.785458,48.886425],[37.785375,48.886493],[37.785376,48.886493],[37.785216,48.886626],[37.785153,48.886679],[37.784982,48.886827]],[[37.785674,48.886275],[37.785674,48.886293],[37.785648,48.886293],[37.785648,48.886275],[37.785674,48.886275]]]}},{"type":"Feature","properties":{"cadnum":"1424287900:01:000:0165"},"geometry":{"type":"Polygon","coordinates":[[[37.785746,48.883997],[37.785759,48.884943],[37.78739,48.885004],[37.78739,48.885005],[37.788145,48.885032],[37.788436,48.885043],[37.788629,48.885052],[37.788329,48.884594],[37.788126,48.884086],[37.787911,48.884078],[37.787615,48.884069],[37.787521,48.884066],[37.785746,48.883997]]]}},{"type":"Feature","properties":{"cadnum":"1424287900:01:000:0166"},"geometry":{"type":"Polygon","coordinates":[[[37.781906,48.884332],[37.782068,48.884348],[37.782068,48.884347],[37.78456,48.884579],[37.785153,48.884816],[37.785269,48.884925],[37.785759,48.884943],[37.785746,48.883997],[37.78196,48.883853],[37.781906,48.884332]]]}},{"type":"Feature","properties":{"cadnum":"1424287900:02:000:0044"},"geometry":{"type":"Polygon","coordinates":[[[37.784296,48.886372],[37.784307,48.88638],[37.784419,48.886458],[37.784469,48.886493],[37.784474,48.886497],[37.784572,48.886422],[37.784636,48.886372],[37.78483,48.886216],[37.785418,48.885737],[37.785248,48.885628],[37.784583,48.886147],[37.784421,48.886278],[37.784296,48.886372]]]}},{"type":"Feature","properties":{"cadnum":"1424287900:02:000:0115"},"geometry":{"type":"Polygon","coordinates":[[[37.784757,48.886685],[37.784982,48.886827],[37.785153,48.886679],[37.785216,48.886626],[37.785458,48.886425],[37.785558,48.886343],[37.785724,48.886201],[37.785921,48.886035],[37.785728,48.88593],[37.785499,48.88611],[37.785151,48.88638],[37.78515,48.88638],[37.785091,48.886427],[37.785005,48.886493],[37.785006,48.886493],[37.784839,48.886624],[37.784757,48.886685]]]}},{"type":"Feature","properties":{"cadnum":"1424287900:02:000:0051"},"geometry":{"type":"Polygon","coordinates":[[[37.784474,48.886497],[37.784726,48.886709],[37.784839,48.886624],[37.785091,48.886427],[37.785499,48.88611],[37.785176,48.885938],[37.78483,48.886216],[37.784636,48.886372],[37.784626,48.88638],[37.784572,48.886422],[37.784478,48.886493],[37.784479,48.886493],[37.784474,48.886497]]]}},{"type":"Feature","properties":{"cadnum":"1424287900:01:000:0168"},"geometry":{"type":"Polygon","coordinates":[[[37.782004,48.883452],[37.78739,48.883655],[37.787407,48.883655],[37.787561,48.883662],[37.787561,48.883661],[37.787562,48.883661],[37.78769,48.883667],[37.787965,48.883676],[37.787795,48.88325],[37.787556,48.883242],[37.787273,48.883233],[37.782049,48.883034],[37.782004,48.883452]]]}},{"type":"Feature","properties":{"cadnum":"1424287900:01:000:0164"},"geometry":{"type":"Polygon","coordinates":[[[37.785269,48.884925],[37.786078,48.885658],[37.78739,48.885709],[37.788598,48.885755],[37.788904,48.885764],[37.78991,48.885803],[37.788814,48.88528],[37.788629,48.885052],[37.788436,48.885043],[37.788145,48.885032],[37.787561,48.885011],[37.785759,48.884943],[37.785269,48.884925]],[[37.788436,48.885288],[37.788436,48.885289],[37.788436,48.885306],[37.788409,48.885306],[37.788409,48.885289],[37.788409,48.885288],[37.788436,48.885288]]]}},{"type":"Feature","properties":{"cadnum":"1424287900:02:000:0052"},"geometry":{"type":"Polygon","coordinates":[[[37.785176,48.885938],[37.785499,48.88611],[37.785791,48.885882],[37.785472,48.885696],[37.785418,48.885737],[37.785176,48.885938]]]}},{"type":"Feature","properties":{"cadnum":"1424287900:01:000:0167"},"geometry":{"type":"Polygon","coordinates":[[[37.78196,48.883853],[37.782068,48.883857],[37.785746,48.883997],[37.78739,48.88406],[37.78739,48.884061],[37.787521,48.884066],[37.787561,48.884067],[37.787562,48.884067],[37.787615,48.884069],[37.787911,48.884078],[37.788126,48.884086],[37.787965,48.883676],[37.78769,48.883667],[37.787407,48.883655],[37.782004,48.883452],[37.78196,48.883853]],[[37.787547,48.883688],[37.787573,48.883688],[37.787573,48.883705],[37.787573,48.883706],[37.787547,48.883706],[37.787547,48.883705],[37.787547,48.883688]]]}},{"type":"Feature","properties":{"cadnum":"1424287900:05:000:0258"},"geometry":{"type":"Polygon","coordinates":[[[37.88231,48.810032],[37.882792,48.810469],[37.882792,48.81047],[37.882815,48.81049],[37.882917,48.810583],[37.882989,48.810647],[37.883244,48.810494],[37.886438,48.808586],[37.886438,48.808585],[37.889242,48.806909],[37.889915,48.806506],[37.889704,48.806415],[37.888815,48.806139],[37.887435,48.806965],[37.886267,48.807664],[37.886267,48.807665],[37.88231,48.810032]]]}},{"type":"Feature","properties":{"cadnum":"1424287900:05:000:0257"},"geometry":{"type":"Polygon","coordinates":[[[37.882989,48.810647],[37.883639,48.811233],[37.884916,48.81047],[37.884916,48.810469],[37.886267,48.809662],[37.890809,48.806944],[37.890766,48.806908],[37.890706,48.806858],[37.889915,48.806506],[37.889337,48.806852],[37.889336,48.806852],[37.889242,48.806909],[37.889147,48.806965],[37.886267,48.808688],[37.883286,48.81047],[37.883285,48.81047],[37.883244,48.810494],[37.883096,48.810583],[37.882989,48.810647]]]}},{"type":"Feature","properties":{"cadnum":"1424287900:01:000:0025"},"geometry":{"type":"Polygon","coordinates":[[[37.787579,48.88058],[37.787596,48.881354],[37.792883,48.88083],[37.797783,48.880344],[37.797734,48.879573],[37.792883,48.880054],[37.792883,48.880055],[37.787579,48.88058]]]}},{"type":"Feature","properties":{"cadnum":"1424287900:01:000:0024"},"geometry":{"type":"Polygon","coordinates":[[[37.787596,48.881354],[37.787596,48.881378],[37.787852,48.882114],[37.793055,48.881599],[37.793055,48.881598],[37.797833,48.881124],[37.797783,48.880344],[37.793055,48.880813],[37.787596,48.881354]]]}},{"type":"Feature","properties":{"cadnum":"1424287900:01:000:0026"},"geometry":{"type":"Polygon","coordinates":[[[37.787579,48.88058],[37.793055,48.880038],[37.793055,48.880037],[37.797734,48.879573],[37.797713,48.879269],[37.797714,48.879269],[37.797684,48.878817],[37.794266,48.879156],[37.794113,48.879171],[37.793127,48.879269],[37.793129,48.879269],[37.792883,48.879293],[37.787637,48.879813],[37.787569,48.880276],[37.787579,48.88058]]]}},{"type":"Feature","properties":{"cadnum":"1424287900:01:000:0023"},"geometry":{"type":"Polygon","coordinates":[[[37.787852,48.882114],[37.788078,48.882768],[37.788084,48.882786],[37.788117,48.882881],[37.788118,48.882884],[37.788498,48.882847],[37.793055,48.882395],[37.797887,48.881915],[37.797833,48.881124],[37.792883,48.881615],[37.792883,48.881616],[37.787852,48.882114]]]}},{"type":"Feature","properties":{"cadnum":"1424287900:05:000:0031"},"geometry":{"type":"Polygon","coordinates":[[[37.852382,48.849496],[37.853479,48.849569],[37.857935,48.84986],[37.858007,48.849393],[37.858087,48.848864],[37.853308,48.848551],[37.852625,48.848506],[37.852585,48.84861],[37.852482,48.849018],[37.852382,48.849496]]]}},{"type":"Feature","properties":{"cadnum":"1424287900:05:000:0032"},"geometry":{"type":"Polygon","coordinates":[[[37.852625,48.848506],[37.853479,48.848563],[37.858087,48.848864],[37.858101,48.848773],[37.8582,48.848122],[37.858298,48.847457],[37.858401,48.846766],[37.858421,48.846632],[37.858437,48.846526],[37.858407,48.846523],[37.857458,48.846632],[37.857457,48.846632],[37.857428,48.846635],[37.857146,48.846688],[37.857,48.846716],[37.856957,48.846745],[37.856699,48.846922],[37.856627,48.847354],[37.856542,48.84756],[37.85617,48.847927],[37.85603,48.848019],[37.855344,48.84814],[37.854948,48.848167],[37.853726,48.848175],[37.85343,48.848208],[37.85294,48.848305],[37.852774,48.84837],[37.852625,48.848506]]]}},{"type":"Feature","properties":{"cadnum":"1424287900:05:000:0066"},"geometry":{"type":"Polygon","coordinates":[[[37.849248,48.819316],[37.851727,48.818518],[37.851849,48.818486],[37.851947,48.817704],[37.851946,48.817704],[37.852225,48.815489],[37.852046,48.81548],[37.849738,48.815451],[37.849437,48.817817],[37.849438,48.817817],[37.849248,48.819316]]]}},{"type":"Feature","properties":{"cadnum":"1424287900:06:000:0179"},"geometry":{"type":"Polygon","coordinates":[[[37.845965,48.803965],[37.846036,48.803989],[37.846499,48.803435],[37.846649,48.803282],[37.846773,48.803157],[37.846602,48.80308],[37.846443,48.803234],[37.846409,48.803267],[37.846326,48.803347],[37.846327,48.803347],[37.846315,48.803358],[37.845965,48.803965]]]}},{"type":"Feature","properties":{"cadnum":"1424287900:06:000:0134"},"geometry":{"type":"Polygon","coordinates":[[[37.843386,48.803163],[37.843441,48.803234],[37.84344,48.803234],[37.843505,48.803316],[37.843528,48.803347],[37.843529,48.803347],[37.843557,48.803382],[37.843845,48.803557],[37.844289,48.803293],[37.843943,48.802927],[37.843386,48.803163]]]}},{"type":"Feature","properties":{"cadnum":"1424287900:06:000:0090"},"geometry":{"type":"Polygon","coordinates":[[[37.843701,48.800687],[37.844325,48.800797],[37.844604,48.800261],[37.843948,48.800027],[37.843701,48.800687]]]}},{"type":"Feature","properties":{"cadnum":"1424287900:06:000:0135"},"geometry":{"type":"Polygon","coordinates":[[[37.843943,48.802927],[37.844233,48.803234],[37.844232,48.803234],[37.844289,48.803293],[37.844405,48.803222],[37.844528,48.802865],[37.844379,48.802734],[37.844002,48.8029],[37.843943,48.802927]]]}},{"type":"Feature","properties":{"cadnum":"1424287900:06:000:0010"},"geometry":{"type":"Polygon","coordinates":[[[37.845564,48.802462],[37.845623,48.802498],[37.84613,48.802069],[37.846881,48.801359],[37.846629,48.801238],[37.845893,48.80192],[37.846113,48.80201],[37.845564,48.802462]]]}},{"type":"Feature","properties":{"cadnum":"1424287900:06:000:0009"},"geometry":{"type":"Polygon","coordinates":[[[37.84513,48.80222],[37.845564,48.802462],[37.846113,48.80201],[37.845893,48.80192],[37.845646,48.801823],[37.84513,48.80222]]]}},{"type":"Feature","properties":{"cadnum":"1424287900:06:000:0089"},"geometry":{"type":"Polygon","coordinates":[[[37.843557,48.801116],[37.843579,48.801178],[37.843612,48.80122],[37.843715,48.801352],[37.843763,48.801391],[37.844019,48.801172],[37.844105,48.80108],[37.844271,48.8009],[37.844325,48.800797],[37.843701,48.800687],[37.843646,48.800841],[37.843593,48.800995],[37.843562,48.801093],[37.843557,48.801116]]]}},{"type":"Feature","properties":{"cadnum":"1424287900:05:000:0277"},"geometry":{"type":"Polygon","coordinates":[[[37.803735,48.783483],[37.803869,48.783616],[37.805074,48.7848],[37.807939,48.783069],[37.806802,48.781953],[37.8066,48.781752],[37.804041,48.783299],[37.803735,48.783483]]]}},{"type":"Feature","properties":{"cadnum":"1424287900:03:000:0129"},"geometry":{"type":"Polygon","coordinates":[[[37.866936,48.87583],[37.867076,48.876076],[37.867219,48.876323],[37.867806,48.876167],[37.867556,48.875671],[37.866936,48.87583]]]}},{"type":"Feature","properties":{"cadnum":"1424287900:03:000:0024"},"geometry":{"type":"Polygon","coordinates":[[[37.864425,48.876232],[37.864653,48.876527],[37.865481,48.876253],[37.865252,48.875957],[37.864425,48.876232]]]}},{"type":"Feature","properties":{"cadnum":"1424287900:03:000:0088"},"geometry":{"type":"Polygon","coordinates":[[[37.869433,48.875765],[37.869684,48.876188],[37.869787,48.876118],[37.869787,48.876119],[37.869864,48.876067],[37.869959,48.875812],[37.869959,48.875811],[37.869963,48.8758],[37.870008,48.875591],[37.869814,48.87565],[37.869573,48.875721],[37.869433,48.875765]]]}},{"type":"Feature","properties":{"cadnum":"1424287900:03:000:0266"},"geometry":{"type":"Polygon","coordinates":[[[37.865529,48.877611],[37.865651,48.877738],[37.86593,48.878329],[37.866307,48.8782],[37.865889,48.87747],[37.865592,48.877576],[37.865529,48.877611]]]}},{"type":"Feature","properties":{"cadnum":"1424287900:03:000:0022"},"geometry":{"type":"Polygon","coordinates":[[[37.868068,48.877168],[37.868194,48.87742],[37.868481,48.87734],[37.868351,48.877094],[37.868068,48.877168]]]}},{"type":"Feature","properties":{"cadnum":"1424287900:03:000:0020"},"geometry":{"type":"Polygon","coordinates":[[[37.867753,48.87723],[37.867892,48.877505],[37.868194,48.87742],[37.868068,48.877168],[37.868055,48.877145],[37.867753,48.87723]]]}},{"type":"Feature","properties":{"cadnum":"1424287900:03:000:0105"},"geometry":{"type":"Polygon","coordinates":[[[37.866127,48.876391],[37.866221,48.876522],[37.866644,48.877107],[37.866837,48.877041],[37.866347,48.876256],[37.866127,48.876391]]]}},{"type":"Feature","properties":{"cadnum":"1424287900:03:000:0128"},"geometry":{"type":"Polygon","coordinates":[[[37.867219,48.876323],[37.867412,48.876663],[37.867466,48.876758],[37.867479,48.876785],[37.867645,48.87674],[37.868045,48.876637],[37.867915,48.876383],[37.867806,48.876167],[37.867219,48.876323]]]}},{"type":"Feature","properties":{"cadnum":"1424287900:03:000:0021"},"geometry":{"type":"Polygon","coordinates":[[[37.867569,48.876873],[37.867753,48.87723],[37.868055,48.877145],[37.867982,48.877006],[37.867869,48.87679],[37.867569,48.876873]]]}},{"type":"Feature","properties":{"cadnum":"1424287900:03:000:0100"},"geometry":{"type":"Polygon","coordinates":[[[37.865669,48.876288],[37.865722,48.876389],[37.865764,48.876444],[37.865785,48.876477],[37.865921,48.87664],[37.866221,48.876522],[37.866127,48.876391],[37.86663,48.876076],[37.866504,48.875857],[37.865795,48.876238],[37.865669,48.876288]]]}},{"type":"Feature","properties":{"cadnum":"1424287900:03:000:0135"},"geometry":{"type":"Polygon","coordinates":[[[37.864653,48.876527],[37.864856,48.876826],[37.865705,48.876542],[37.865481,48.876253],[37.864653,48.876527]]]}},{"type":"Feature","properties":{"cadnum":"1424287900:03:000:0203"},"geometry":{"type":"Polygon","coordinates":[[[37.868175,48.87599],[37.86849,48.876616],[37.868917,48.876486],[37.868755,48.876159],[37.868674,48.876008],[37.86858,48.875863],[37.868175,48.87599]]]}},{"type":"Feature","properties":{"cadnum":"1424287900:03:000:0007"},"geometry":{"type":"Polygon","coordinates":[[[37.866127,48.87737],[37.866594,48.878081],[37.866806,48.878046],[37.866393,48.877295],[37.866127,48.87737]]]}},{"type":"Feature","properties":{"cadnum":"1424287900:03:000:0229"},"geometry":{"type":"Polygon","coordinates":[[[37.866393,48.877295],[37.866648,48.877766],[37.866873,48.877712],[37.866613,48.877221],[37.866393,48.877295]]]}},{"type":"Feature","properties":{"cadnum":"1424287900:03:000:0237"},"geometry":{"type":"Polygon","coordinates":[[[37.865548,48.876785],[37.865871,48.877363],[37.866257,48.877243],[37.866257,48.877192],[37.86584,48.876699],[37.865548,48.876785]]]}},{"type":"Feature","properties":{"cadnum":"1424287900:03:000:0034"},"geometry":{"type":"Polygon","coordinates":[[[37.866689,48.876179],[37.867084,48.87687],[37.86734,48.876796],[37.867466,48.876758],[37.867412,48.876663],[37.867076,48.876076],[37.866689,48.876179]]]}},{"type":"Feature","properties":{"cadnum":"1424287900:03:000:0023"},"geometry":{"type":"Polygon","coordinates":[[[37.867869,48.87679],[37.867982,48.877006],[37.868055,48.877145],[37.868068,48.877168],[37.868351,48.877094],[37.868265,48.876932],[37.868148,48.876711],[37.867869,48.87679]]]}},{"type":"Feature","properties":{"cadnum":"1424287900:03:000:0251"},"geometry":{"type":"Polygon","coordinates":[[[37.867173,48.877056],[37.867502,48.877742],[37.867869,48.877606],[37.867556,48.876959],[37.867173,48.877056]]]}},{"type":"Feature","properties":{"cadnum":"1424287900:03:000:0033"},"geometry":{"type":"Polygon","coordinates":[[[37.866451,48.875765],[37.866586,48.875999],[37.866689,48.876179],[37.867076,48.876076],[37.866837,48.875659],[37.866451,48.875765]]]}},{"type":"Feature","properties":{"cadnum":"1424287900:05:000:0432"},"geometry":{"type":"Polygon","coordinates":[[[37.865476,48.811109],[37.866707,48.81202],[37.86725,48.812343],[37.868112,48.811747],[37.867663,48.811508],[37.867269,48.811819],[37.865854,48.811103],[37.865476,48.811109]]]}},{"type":"Feature","properties":{"cadnum":"1424287900:05:000:0285"},"geometry":{"type":"Polygon","coordinates":[[[37.805572,48.780743],[37.806364,48.781521],[37.8066,48.781752],[37.806802,48.781953],[37.807517,48.781521],[37.809362,48.780407],[37.809875,48.780097],[37.809457,48.779635],[37.808733,48.778833],[37.805572,48.780743]]]}},{"type":"Feature","properties":{"cadnum":"1424287900:07:000:0307"},"geometry":{"type":"Polygon","coordinates":[[[37.808636,48.778425],[37.809362,48.779124],[37.809458,48.779215],[37.809534,48.779183],[37.81259,48.777901],[37.814609,48.777054],[37.813805,48.776259],[37.809886,48.777901],[37.809885,48.777901],[37.809778,48.777946],[37.809616,48.778014],[37.809362,48.778121],[37.808636,48.778425]]]}},{"type":"Feature","properties":{"cadnum":"1424287900:07:000:0404"},"geometry":{"type":"Polygon","coordinates":[[[37.820574,48.797953],[37.82198,48.798435],[37.82425,48.795997],[37.825344,48.794823],[37.823964,48.794317],[37.822397,48.795997],[37.820574,48.797953]]]}},{"type":"Feature","properties":{"cadnum":"1424287900:03:000:0081"},"geometry":{"type":"Polygon","coordinates":[[[37.82701,48.887657],[37.827333,48.887846],[37.828056,48.887386],[37.828111,48.88735],[37.827846,48.887147],[37.827738,48.887211],[37.82701,48.887657]]]}},{"type":"Feature","properties":{"cadnum":"1424287900:03:000:0261"},"geometry":{"type":"Polygon","coordinates":[[[37.828892,48.887178],[37.829184,48.887533],[37.829777,48.887391],[37.829404,48.887001],[37.828892,48.887178]]]}},{"type":"Feature","properties":{"cadnum":"1424287900:03:000:0082"},"geometry":{"type":"Polygon","coordinates":[[[37.826664,48.887504],[37.82701,48.887657],[37.827738,48.887211],[37.827846,48.887147],[37.827545,48.886975],[37.827432,48.887043],[37.826664,48.887504]]]}},{"type":"Feature","properties":{"cadnum":"1424287900:03:000:0174"},"geometry":{"type":"Polygon","coordinates":[[[37.826125,48.887051],[37.826723,48.887447],[37.827041,48.887246],[37.826503,48.886812],[37.826125,48.887051]]]}},{"type":"Feature","properties":{"cadnum":"1424287900:03:000:0198"},"geometry":{"type":"Polygon","coordinates":[[[37.827675,48.887822],[37.827985,48.888058],[37.82856,48.887714],[37.828318,48.887418],[37.827675,48.887822]]]}},{"type":"Feature","properties":{"cadnum":"1424287900:03:000:0165"},"geometry":{"type":"Polygon","coordinates":[[[37.830087,48.887037],[37.830365,48.887158],[37.830671,48.886845],[37.830392,48.886727],[37.830087,48.887037]]]}},{"type":"Feature","properties":{"cadnum":"1424287900:03:000:0014"},"geometry":{"type":"Polygon","coordinates":[[[37.828497,48.886706],[37.828748,48.886939],[37.828802,48.886992],[37.828941,48.887123],[37.829134,48.887066],[37.8294,48.886983],[37.829449,48.886969],[37.829413,48.886942],[37.828878,48.886552],[37.828497,48.886706]]]}},{"type":"Feature","properties":{"cadnum":"1424287900:03:000:0166"},"geometry":{"type":"Polygon","coordinates":[[[37.827972,48.887016],[37.828146,48.887164],[37.828196,48.887137],[37.828205,48.887132],[37.828249,48.887167],[37.828192,48.887196],[37.828348,48.887326],[37.828442,48.887274],[37.82887,48.887055],[37.828802,48.886992],[37.828748,48.886939],[37.828497,48.886706],[37.828421,48.886644],[37.827972,48.887016]]]}},{"type":"Feature","properties":{"cadnum":"1424287900:03:000:0096"},"geometry":{"type":"Polygon","coordinates":[[[37.830361,48.887158],[37.831061,48.88746],[37.831367,48.887173],[37.831138,48.887064],[37.830671,48.886845],[37.830361,48.887158]]]}},{"type":"Feature","properties":{"cadnum":"1424287900:03:000:0256"},"geometry":{"type":"Polygon","coordinates":[[[37.82927,48.888936],[37.829498,48.88922],[37.830037,48.889025],[37.830168,48.888986],[37.830339,48.888951],[37.830306,48.888679],[37.829867,48.888756],[37.829543,48.888839],[37.82927,48.888936]]]}},{"type":"Feature","properties":{"cadnum":"1424287900:03:000:0042"},"geometry":{"type":"Polygon","coordinates":[[[37.825955,48.889656],[37.826006,48.889992],[37.826014,48.890043],[37.826023,48.890105],[37.826027,48.890129],[37.826099,48.890105],[37.826271,48.890049],[37.826443,48.889992],[37.826673,48.889916],[37.8267,48.889869],[37.826498,48.889801],[37.825955,48.889656]]]}},{"type":"Feature","properties":{"cadnum":"1424287900:03:000:0073"},"geometry":{"type":"Polygon","coordinates":[[[37.828973,48.888638],[37.829184,48.888726],[37.830078,48.888684],[37.830302,48.888676],[37.830253,48.888304],[37.830253,48.888303],[37.830033,48.888363],[37.828973,48.888638]]]}},{"type":"Feature","properties":{"cadnum":"1424287900:03:000:0099"},"geometry":{"type":"Polygon","coordinates":[[[37.830325,48.887985],[37.830392,48.888564],[37.830522,48.888526],[37.831035,48.888366],[37.830603,48.887955],[37.830568,48.887923],[37.830325,48.887985]]]}},{"type":"Feature","properties":{"cadnum":"1424287900:03:000:0176"},"geometry":{"type":"Polygon","coordinates":[[[37.826727,48.88989],[37.826911,48.889964],[37.827243,48.890046],[37.82745,48.889426],[37.82697,48.889388],[37.826727,48.88989]]]}},{"type":"Feature","properties":{"cadnum":"1424287900:03:000:0177"},"geometry":{"type":"Polygon","coordinates":[[[37.82697,48.889388],[37.82745,48.889426],[37.827463,48.889393],[37.826983,48.889361],[37.82697,48.889388]]]}},{"type":"Feature","properties":{"cadnum":"1424287900:03:000:0116"},"geometry":{"type":"Polygon","coordinates":[[[37.827882,48.889187],[37.827905,48.889323],[37.828169,48.889332],[37.828106,48.889202],[37.827882,48.889187]]]}},{"type":"Feature","properties":{"cadnum":"1424287900:03:000:0228"},"geometry":{"type":"Polygon","coordinates":[[[37.830455,48.888794],[37.830459,48.888853],[37.830482,48.888986],[37.830882,48.888898],[37.830958,48.888877],[37.83121,48.888803],[37.831344,48.88875],[37.831354,48.888714],[37.831218,48.888602],[37.831196,48.88857],[37.830455,48.888794]]]}},{"type":"Feature","properties":{"cadnum":"1424287900:03:000:0070"},"geometry":{"type":"Polygon","coordinates":[[[37.830092,48.890168],[37.830455,48.890551],[37.830738,48.890413],[37.830872,48.890209],[37.830833,48.890105],[37.830779,48.889958],[37.830296,48.890105],[37.830092,48.890168]]]}},{"type":"Feature","properties":{"cadnum":"1424287900:03:000:0223"},"geometry":{"type":"Polygon","coordinates":[[[37.829251,48.889787],[37.829354,48.889992],[37.829353,48.889992],[37.829409,48.890102],[37.829795,48.890064],[37.829664,48.889706],[37.829251,48.889787]]]}},{"type":"Feature","properties":{"cadnum":"1424287900:03:000:0140"},"geometry":{"type":"Polygon","coordinates":[[[37.827603,48.88996],[37.82785,48.88999],[37.827895,48.889837],[37.827935,48.889615],[37.827918,48.889393],[37.827905,48.889323],[37.827882,48.889187],[37.827756,48.889184],[37.827725,48.889332],[37.827603,48.88996]]]}},{"type":"Feature","properties":{"cadnum":"1424287900:03:000:0202"},"geometry":{"type":"Polygon","coordinates":[[[37.830658,48.889314],[37.830774,48.889544],[37.830774,48.889562],[37.830815,48.889639],[37.831308,48.889538],[37.831251,48.889373],[37.830878,48.889435],[37.830805,48.889299],[37.830658,48.889314]]]}},{"type":"Feature","properties":{"cadnum":"1424287900:03:000:0201"},"geometry":{"type":"Polygon","coordinates":[[[37.828232,48.890129],[37.828694,48.890247],[37.828721,48.890203],[37.828784,48.890105],[37.828888,48.889946],[37.828767,48.889901],[37.828461,48.889831],[37.828407,48.889837],[37.828245,48.890105],[37.828246,48.890105],[37.828232,48.890129]]]}},{"type":"Feature","properties":{"cadnum":"1424287900:03:000:0189"},"geometry":{"type":"Polygon","coordinates":[[[37.82953,48.888242],[37.829677,48.888454],[37.830253,48.888303],[37.830226,48.888139],[37.830239,48.888135],[37.830226,48.888076],[37.830217,48.888023],[37.82993,48.888095],[37.829786,48.888139],[37.829651,48.888177],[37.82953,48.888242]]]}},{"type":"Feature","properties":{"cadnum":"1424287900:03:000:0115"},"geometry":{"type":"Polygon","coordinates":[[[37.827832,48.890058],[37.827949,48.890076],[37.828061,48.890096],[37.828107,48.890105],[37.828232,48.890129],[37.828314,48.889992],[37.828407,48.889837],[37.828169,48.889332],[37.827905,48.889323],[37.827918,48.889393],[37.827935,48.889615],[37.827895,48.889837],[37.827851,48.889992],[37.827832,48.890058]]]}},{"type":"Feature","properties":{"cadnum":"1424287900:05:000:0114"},"geometry":{"type":"Polygon","coordinates":[[[37.827239,48.854281],[37.82732,48.854344],[37.827365,48.854436],[37.827352,48.854509],[37.831358,48.854533],[37.831362,48.854302],[37.827239,48.854281]]]}},{"type":"Feature","properties":{"cadnum":"1424287900:01:000:0235"},"geometry":{"type":"Polygon","coordinates":[[[37.826054,48.858652],[37.828794,48.858532],[37.829826,48.858487],[37.829736,48.857589],[37.829736,48.857588],[37.82966,48.85682],[37.826075,48.857024],[37.826069,48.857475],[37.826054,48.858652]]]}},{"type":"Feature","properties":{"cadnum":"1424287900:03:000:0151"},"geometry":{"type":"Polygon","coordinates":[[[37.833878,48.885236],[37.834111,48.88572],[37.834331,48.885667],[37.83457,48.885602],[37.83435,48.885179],[37.834214,48.885191],[37.833891,48.885155],[37.833878,48.885236]]]}},{"type":"Feature","properties":{"cadnum":"1424287900:03:000:0227"},"geometry":{"type":"Polygon","coordinates":[[[37.834233,48.885814],[37.834794,48.885781],[37.834695,48.88561],[37.83466,48.885608],[37.834511,48.885639],[37.83435,48.885687],[37.834247,48.885731],[37.834233,48.885814]]]}},{"type":"Feature","properties":{"cadnum":"1424287900:03:000:0087"},"geometry":{"type":"Polygon","coordinates":[[[37.834398,48.883767],[37.834444,48.884273],[37.83673,48.884015],[37.836577,48.883398],[37.835958,48.883469],[37.835993,48.883584],[37.834398,48.883767]]]}},{"type":"Feature","properties":{"cadnum":"1424287900:03:000:0054"},"geometry":{"type":"Polygon","coordinates":[[[37.83501,48.886133],[37.835109,48.886387],[37.835543,48.886361],[37.835993,48.886334],[37.835899,48.885893],[37.835212,48.886116],[37.83501,48.886133]]]}},{"type":"Feature","properties":{"cadnum":"1424287900:03:000:0255"},"geometry":{"type":"Polygon","coordinates":[[[37.834021,48.886],[37.834421,48.886057],[37.834574,48.886074],[37.834906,48.886059],[37.83478,48.885794],[37.834404,48.885814],[37.834371,48.885817],[37.834358,48.885808],[37.834205,48.885817],[37.834157,48.885844],[37.834084,48.885915],[37.834021,48.886]]]}},{"type":"Feature","properties":{"cadnum":"1424287900:03:000:0250"},"geometry":{"type":"Polygon","coordinates":[[[37.834691,48.883688],[37.835845,48.883555],[37.835778,48.883336],[37.834709,48.88336],[37.834691,48.883688]]]}},{"type":"Feature","properties":{"cadnum":"1424287900:03:000:0191"},"geometry":{"type":"Polygon","coordinates":[[[37.833792,48.88346],[37.833801,48.883661],[37.833846,48.883838],[37.834021,48.884086],[37.834255,48.884527],[37.83439,48.884509],[37.834318,48.883767],[37.834578,48.883316],[37.834408,48.883321],[37.834381,48.883206],[37.833868,48.883253],[37.833792,48.88346]]]}},{"type":"Feature","properties":{"cadnum":"1424287900:03:000:0225"},"geometry":{"type":"Polygon","coordinates":[[[37.835765,48.884491],[37.835809,48.88499],[37.835765,48.885176],[37.836069,48.885176],[37.836191,48.885147],[37.836254,48.885117],[37.836281,48.885049],[37.836245,48.884958],[37.836195,48.88447],[37.835765,48.884491]]]}},{"type":"Feature","properties":{"cadnum":"1424287900:03:000:0056"},"geometry":{"type":"Polygon","coordinates":[[[37.835899,48.885893],[37.835993,48.886334],[37.836092,48.886328],[37.836429,48.88611],[37.836421,48.886012],[37.836159,48.885908],[37.836038,48.885847],[37.835899,48.885893]]]}},{"type":"Feature","properties":{"cadnum":"1424287900:02:000:0025"},"geometry":{"type":"Polygon","coordinates":[[[37.833595,48.884848],[37.833599,48.88496],[37.833599,48.885126],[37.833855,48.885153],[37.834214,48.885191],[37.83435,48.885179],[37.834314,48.885052],[37.834281,48.884978],[37.834134,48.884691],[37.833595,48.884848]]]}},{"type":"Feature","properties":{"cadnum":"1424287900:05:000:0143"},"geometry":{"type":"Polygon","coordinates":[[[37.845619,48.852771],[37.847814,48.852784],[37.847815,48.852784],[37.84796,48.852784],[37.847986,48.852785],[37.85113,48.8528],[37.851323,48.851932],[37.847986,48.851914],[37.845633,48.851899],[37.845623,48.852452],[37.845619,48.852771]]]}},{"type":"Feature","properties":{"cadnum":"1424287900:05:000:0144"},"geometry":{"type":"Polygon","coordinates":[[[37.845633,48.851899],[37.847814,48.851913],[37.847815,48.851913],[37.851323,48.851932],[37.851516,48.85106],[37.847986,48.851039],[37.845641,48.851025],[37.845641,48.851102],[37.845633,48.851784],[37.845633,48.851899]]]}},{"type":"Feature","properties":{"cadnum":"1424287900:05:000:0142"},"geometry":{"type":"Polygon","coordinates":[[[37.845606,48.853664],[37.847814,48.853677],[37.847815,48.853677],[37.850933,48.853694],[37.85113,48.8528],[37.84796,48.852784],[37.845619,48.852771],[37.845614,48.85312],[37.845606,48.853663],[37.845606,48.853664]]]}},{"type":"Feature","properties":{"cadnum":"1424287900:07:000:0165"},"geometry":{"type":"Polygon","coordinates":[[[37.842407,48.79076],[37.842493,48.790846],[37.842493,48.790845],[37.843247,48.791592],[37.847883,48.789538],[37.847197,48.788865],[37.847038,48.788709],[37.846668,48.788873],[37.842407,48.79076]]]}},{"type":"Feature","properties":{"cadnum":"1424287900:07:000:0166"},"geometry":{"type":"Polygon","coordinates":[[[37.841558,48.789926],[37.842321,48.790676],[37.842407,48.79076],[37.842493,48.790722],[37.846924,48.78876],[37.847038,48.788709],[37.846193,48.787872],[37.84419,48.78876],[37.84236,48.789571],[37.841558,48.789926]]]}},{"type":"Feature","properties":{"cadnum":"1424287900:07:000:0026"},"geometry":{"type":"Polygon","coordinates":[[[37.801376,48.803356],[37.801489,48.803948],[37.802647,48.803911],[37.802648,48.803911],[37.802782,48.803239],[37.802837,48.802968],[37.802733,48.802924],[37.801651,48.802442],[37.801377,48.803347],[37.801379,48.803347],[37.801376,48.803356]]]}},{"type":"Feature","properties":{"cadnum":"1424287900:07:000:0024"},"geometry":{"type":"Polygon","coordinates":[[[37.802603,48.801429],[37.802611,48.801435],[37.802621,48.801429],[37.802617,48.801424],[37.802603,48.801429]]]}},{"type":"Feature","properties":{"cadnum":"1424287900:01:000:0043"},"geometry":{"type":"Polygon","coordinates":[[[37.804489,48.863741],[37.806946,48.864703],[37.807011,48.864729],[37.807234,48.864816],[37.808276,48.865224],[37.808343,48.865061],[37.808483,48.864893],[37.808546,48.864707],[37.808523,48.864512],[37.808429,48.864293],[37.808056,48.863489],[37.808028,48.863303],[37.80811,48.862626],[37.808078,48.862402],[37.807871,48.861953],[37.807718,48.861439],[37.80598,48.862819],[37.805087,48.863322],[37.804489,48.863741]]]}},{"type":"Feature","properties":{"cadnum":"1424287900:01:000:0085"},"geometry":{"type":"Polygon","coordinates":[[[37.820907,48.878001],[37.821175,48.878037],[37.821337,48.877508],[37.821072,48.877473],[37.820907,48.878001]]]}},{"type":"Feature","properties":{"cadnum":"1424287900:07:000:0096"},"geometry":{"type":"Polygon","coordinates":[[[37.805257,48.797453],[37.809362,48.799347],[37.809511,48.799415],[37.809511,48.799412],[37.809534,48.79939],[37.809534,48.799389],[37.810431,48.798504],[37.810701,48.79824],[37.809362,48.797625],[37.806946,48.796512],[37.805257,48.797453]]]}},{"type":"Feature","properties":{"cadnum":"1424287900:01:000:0062"},"geometry":{"type":"Polygon","coordinates":[[[37.783715,48.887964],[37.783877,48.888038],[37.78434,48.887563],[37.784606,48.887288],[37.784677,48.887214],[37.784902,48.887019],[37.78478,48.886933],[37.784474,48.887193],[37.784453,48.887217],[37.784219,48.887456],[37.783715,48.887964]]]}},{"type":"Feature","properties":{"cadnum":"1424287900:02:000:0097"},"geometry":{"type":"Polygon","coordinates":[[[37.786531,48.888853],[37.787049,48.888947],[37.787197,48.888327],[37.787008,48.888242],[37.786977,48.888227],[37.786891,48.888189],[37.786644,48.888585],[37.786573,48.888756],[37.786531,48.888853]]]}},{"type":"Feature","properties":{"cadnum":"1424287900:02:000:0033"},"geometry":{"type":"Polygon","coordinates":[[[37.783994,48.887423],[37.78417,48.887504],[37.784219,48.887456],[37.784453,48.887217],[37.784474,48.887193],[37.78478,48.886933],[37.784457,48.886703],[37.784399,48.886756],[37.78434,48.88681],[37.784237,48.886892],[37.784134,48.887016],[37.784304,48.88709],[37.783994,48.887423]]]}},{"type":"Feature","properties":{"cadnum":"1424287900:02:000:0027"},"geometry":{"type":"Polygon","coordinates":[[[37.786101,48.888599],[37.786573,48.888756],[37.786644,48.888585],[37.786891,48.888189],[37.786793,48.888135],[37.786747,48.888112],[37.786554,48.88802],[37.78646,48.888109],[37.786348,48.88823],[37.786244,48.888351],[37.786164,48.888472],[37.786101,48.888599]]]}},{"type":"Feature","properties":{"cadnum":"1424287900:02:000:0089"},"geometry":{"type":"Polygon","coordinates":[[[37.782669,48.887583],[37.782872,48.887677],[37.783065,48.887397],[37.782849,48.887333],[37.782669,48.887583]]]}},{"type":"Feature","properties":{"cadnum":"1424287900:02:000:0028"},"geometry":{"type":"Polygon","coordinates":[[[37.785957,48.888892],[37.786438,48.889084],[37.786573,48.888756],[37.786101,48.888599],[37.786047,48.888708],[37.785988,48.888833],[37.785957,48.888892]]]}},{"type":"Feature","properties":{"cadnum":"1424287900:02:000:0013"},"geometry":{"type":"Polygon","coordinates":[[[37.78452,48.888448],[37.78469,48.888522],[37.785485,48.887719],[37.785665,48.887539],[37.785552,48.887474],[37.785522,48.887453],[37.7854,48.887574],[37.785399,48.887574],[37.785392,48.887572],[37.785346,48.887618],[37.785355,48.887622],[37.78452,48.888448]]]}},{"type":"Feature","properties":{"cadnum":"1424287900:06:000:0137"},"geometry":{"type":"Polygon","coordinates":[[[37.862345,48.816362],[37.862583,48.816451],[37.863361,48.815673],[37.863024,48.815548],[37.862345,48.816362]]]}},{"type":"Feature","properties":{"cadnum":"1424287900:06:000:0157"},"geometry":{"type":"Polygon","coordinates":[[[37.86341,48.817146],[37.863648,48.81753],[37.864219,48.817506],[37.864294,48.817482],[37.864422,48.817441],[37.864466,48.817427],[37.864493,48.817418],[37.864357,48.817338],[37.863634,48.817013],[37.863468,48.817128],[37.86341,48.817146]]]}},{"type":"Feature","properties":{"cadnum":"1424287900:06:000:0158"},"geometry":{"type":"Polygon","coordinates":[[[37.862062,48.817598],[37.862099,48.817749],[37.862835,48.817633],[37.863648,48.81753],[37.86341,48.817146],[37.862506,48.817442],[37.862062,48.817598]]]}},{"type":"Feature","properties":{"cadnum":"1424287900:06:000:0102"},"geometry":{"type":"Polygon","coordinates":[[[37.858653,48.814531],[37.858801,48.81461],[37.858801,48.814611],[37.859233,48.814842],[37.859332,48.8148],[37.85956,48.81459],[37.858946,48.814294],[37.858653,48.814531]]]}},{"type":"Feature","properties":{"cadnum":"1424287900:06:000:0036"},"geometry":{"type":"Polygon","coordinates":[[[37.862045,48.817054],[37.862053,48.817273],[37.862439,48.817214],[37.862422,48.81716],[37.862439,48.817006],[37.862615,48.816717],[37.862718,48.81661],[37.8623,48.816432],[37.86221,48.816616],[37.862045,48.817054]]]}},{"type":"Feature","properties":{"cadnum":"1424287900:06:000:0214"},"geometry":{"type":"Polygon","coordinates":[[[37.862982,48.816601],[37.863204,48.816705],[37.86346,48.81651],[37.863558,48.816441],[37.863801,48.816258],[37.86412,48.816042],[37.863801,48.815868],[37.86345,48.816164],[37.863231,48.816379],[37.862982,48.816601]]]}},{"type":"Feature","properties":{"cadnum":"1424287900:06:000:0138"},"geometry":{"type":"Polygon","coordinates":[[[37.863024,48.815548],[37.863361,48.815673],[37.863522,48.81551],[37.863764,48.815241],[37.863374,48.815143],[37.863198,48.815336],[37.863024,48.815548]]]}},{"type":"Feature","properties":{"cadnum":"1424287900:06:000:0194"},"geometry":{"type":"Polygon","coordinates":[[[37.862439,48.817214],[37.862506,48.817442],[37.86341,48.817146],[37.863468,48.817128],[37.863634,48.817013],[37.863221,48.816824],[37.862822,48.817074],[37.862439,48.817214]]]}},{"type":"Feature","properties":{"cadnum":"1424287900:06:000:0034"},"geometry":{"type":"Polygon","coordinates":[[[37.862053,48.817273],[37.862062,48.817598],[37.862506,48.817442],[37.862439,48.817214],[37.862053,48.817273]]]}},{"type":"Feature","properties":{"cadnum":"1424287900:06:000:0101"},"geometry":{"type":"Polygon","coordinates":[[[37.858204,48.814898],[37.858487,48.81504],[37.858684,48.815149],[37.858801,48.815059],[37.85881,48.815051],[37.858973,48.814962],[37.858973,48.814961],[37.859049,48.814919],[37.859233,48.814842],[37.858973,48.814703],[37.858973,48.814702],[37.858653,48.814531],[37.858204,48.814898]]]}},{"type":"Feature","properties":{"cadnum":"1424287900:05:000:0240"},"geometry":{"type":"Polygon","coordinates":[[[37.846149,48.839624],[37.846499,48.8396],[37.846509,48.839477],[37.846571,48.838761],[37.846531,48.838763],[37.846216,48.838817],[37.846167,48.839401],[37.846166,48.839401],[37.846164,48.839429],[37.846157,48.839514],[37.846157,48.839515],[37.846149,48.839624]]]}},{"type":"Feature","properties":{"cadnum":"1424287900:06:000:0017"},"geometry":{"type":"Polygon","coordinates":[[[37.84578,48.839648],[37.846149,48.839624],[37.846164,48.839429],[37.846216,48.838817],[37.845843,48.838882],[37.845791,48.839514],[37.845791,48.839515],[37.84578,48.839648]]]}},{"type":"Feature","properties":{"cadnum":"1424287900:05:000:0403"},"geometry":{"type":"Polygon","coordinates":[[[37.842924,48.840082],[37.844914,48.83973],[37.844941,48.839401],[37.844971,48.83903],[37.844675,48.83908],[37.843915,48.839514],[37.843915,48.839515],[37.842924,48.840082]]]}},{"type":"Feature","properties":{"cadnum":"1424287900:05:000:0318"},"geometry":{"type":"Polygon","coordinates":[[[37.846499,48.8396],[37.846558,48.839597],[37.846849,48.839585],[37.846858,48.839467],[37.846921,48.838743],[37.846571,48.838761],[37.846515,48.839401],[37.846509,48.839477],[37.846506,48.839514],[37.846506,48.839515],[37.846499,48.8396]]]}},{"type":"Feature","properties":{"cadnum":"1424287900:06:000:0198"},"geometry":{"type":"Polygon","coordinates":[[[37.846701,48.80634],[37.847034,48.806423],[37.847222,48.806071],[37.846889,48.805992],[37.846701,48.80634]]]}},{"type":"Feature","properties":{"cadnum":"1424287900:06:000:0206"},"geometry":{"type":"Polygon","coordinates":[[[37.847088,48.804077],[37.847564,48.804176],[37.847564,48.804175],[37.847738,48.803737],[37.847828,48.803542],[37.84742,48.803448],[37.847088,48.804077]]]}},{"type":"Feature","properties":{"cadnum":"1424287900:06:000:0030"},"geometry":{"type":"Polygon","coordinates":[[[37.842956,48.8049],[37.843369,48.804882],[37.843382,48.804604],[37.843121,48.804601],[37.842956,48.8049]]]}},{"type":"Feature","properties":{"cadnum":"1424287900:06:000:0213"},"geometry":{"type":"Polygon","coordinates":[[[37.843027,48.80374],[37.843633,48.804012],[37.843866,48.803684],[37.843323,48.803305],[37.843027,48.80374]]]}},{"type":"Feature","properties":{"cadnum":"1424287900:06:000:0029"},"geometry":{"type":"Polygon","coordinates":[[[37.843369,48.804882],[37.844348,48.804841],[37.844625,48.804829],[37.844631,48.80466],[37.844631,48.804619],[37.84446,48.804616],[37.844357,48.804616],[37.843382,48.804604],[37.843369,48.804882]]]}},{"type":"Feature","properties":{"cadnum":"1424287900:06:000:0199"},"geometry":{"type":"Polygon","coordinates":[[[37.846405,48.806902],[37.84651,48.806908],[37.846764,48.806923],[37.847002,48.806483],[37.846669,48.8064],[37.846432,48.806852],[37.846431,48.806852],[37.846405,48.806902]]]}},{"type":"Feature","properties":{"cadnum":"1424287900:06:000:0200"},"geometry":{"type":"Polygon","coordinates":[[[37.846283,48.807121],[37.846351,48.807139],[37.847271,48.807382],[37.847415,48.807101],[37.846764,48.806923],[37.84651,48.806908],[37.846405,48.806902],[37.846369,48.806965],[37.84637,48.806965],[37.846292,48.807104],[37.846283,48.807121]]]}},{"type":"Feature","properties":{"cadnum":"1424287900:06:000:0212"},"geometry":{"type":"Polygon","coordinates":[[[37.842914,48.803903],[37.843184,48.804036],[37.843522,48.804176],[37.843522,48.804175],[37.843633,48.804012],[37.843027,48.80374],[37.842914,48.803903]]]}},{"type":"Feature","properties":{"cadnum":"1424287900:06:000:0209"},"geometry":{"type":"Polygon","coordinates":[[[37.867659,48.815895],[37.868104,48.816265],[37.868628,48.816004],[37.868629,48.816004],[37.868315,48.81572],[37.867821,48.815761],[37.867659,48.815895]]]}},{"type":"Feature","properties":{"cadnum":"1424287900:06:000:0150"},"geometry":{"type":"Polygon","coordinates":[[[37.866558,48.816359],[37.866972,48.81635],[37.867372,48.816646],[37.867672,48.816469],[37.867483,48.816329],[37.86747,48.816256],[37.867003,48.815978],[37.866558,48.816359]]]}},{"type":"Feature","properties":{"cadnum":"1424287900:06:000:0216"},"geometry":{"type":"Polygon","coordinates":[[[37.86482,48.817409],[37.865198,48.817693],[37.865764,48.817273],[37.865265,48.817028],[37.865076,48.817202],[37.86482,48.817409]]]}},{"type":"Feature","properties":{"cadnum":"1424287900:06:000:0210"},"geometry":{"type":"Polygon","coordinates":[[[37.868104,48.816265],[37.869011,48.817013],[37.869464,48.816761],[37.868629,48.816004],[37.868628,48.816004],[37.868104,48.816265]]]}},{"type":"Feature","properties":{"cadnum":"1424287900:06:000:0151"},"geometry":{"type":"Polygon","coordinates":[[[37.867372,48.816646],[37.868032,48.817134],[37.868372,48.816995],[37.867672,48.816469],[37.867372,48.816646]]]}},{"type":"Feature","properties":{"cadnum":"1424287900:03:000:0179"},"geometry":{"type":"Polygon","coordinates":[[[37.828528,48.891298],[37.828788,48.891378],[37.829121,48.890737],[37.82923,48.890513],[37.829085,48.890477],[37.828968,48.890454],[37.828897,48.890557],[37.828815,48.890643],[37.828725,48.890776],[37.828609,48.891136],[37.828564,48.891236],[37.828528,48.891298]]]}},{"type":"Feature","properties":{"cadnum":"1424287900:03:000:0004"},"geometry":{"type":"Polygon","coordinates":[[[37.826484,48.890433],[37.826584,48.890678],[37.826736,48.890758],[37.827199,48.890489],[37.827276,48.890383],[37.82741,48.890176],[37.827289,48.890188],[37.827064,48.89012],[37.826853,48.890236],[37.826484,48.890433]]]}},{"type":"Feature","properties":{"cadnum":"1424287900:01:000:0114"},"geometry":{"type":"Polygon","coordinates":[[[37.827117,48.891753],[37.828098,48.891608],[37.828098,48.891609],[37.828159,48.891744],[37.828658,48.89167],[37.828582,48.891458],[37.828128,48.891543],[37.827432,48.891543],[37.827123,48.891534],[37.827117,48.891753]]]}},{"type":"Feature","properties":{"cadnum":"1424287900:03:000:0180"},"geometry":{"type":"Polygon","coordinates":[[[37.82939,48.89028],[37.83006,48.890247],[37.829876,48.890055],[37.829409,48.890102],[37.82939,48.89028]]]}},{"type":"Feature","properties":{"cadnum":"1424287900:03:000:0232"},"geometry":{"type":"Polygon","coordinates":[[[37.827683,48.890377],[37.828151,48.890527],[37.828281,48.890206],[37.828236,48.890194],[37.827976,48.890129],[37.827683,48.890377]]]}},{"type":"Feature","properties":{"cadnum":"1424287900:03:000:0035"},"geometry":{"type":"Polygon","coordinates":[[[37.829364,48.890433],[37.829521,48.890466],[37.829633,48.890475],[37.830333,48.890522],[37.83006,48.890247],[37.829656,48.890268],[37.82939,48.89028],[37.829364,48.890433]]]}},{"type":"Feature","properties":{"cadnum":"1424287900:03:000:0098"},"geometry":{"type":"Polygon","coordinates":[[[37.830046,48.890764],[37.830213,48.891195],[37.830302,48.891307],[37.830437,48.891287],[37.830369,48.891186],[37.830289,48.891062],[37.830451,48.890849],[37.830505,48.890826],[37.830585,48.890903],[37.830685,48.89103],[37.830752,48.891239],[37.831012,48.891151],[37.830968,48.891018],[37.830774,48.890735],[37.830711,48.890593],[37.83041,48.890705],[37.830347,48.890717],[37.830046,48.890764]]]}},{"type":"Feature","properties":{"cadnum":"1424287900:03:000:0211"},"geometry":{"type":"Polygon","coordinates":[[[37.827104,48.890687],[37.827243,48.890755],[37.827976,48.890129],[37.827905,48.890111],[37.827689,48.890102],[37.82767,48.890194],[37.827545,48.890312],[37.827104,48.890687]]]}},{"type":"Feature","properties":{"cadnum":"1424287900:03:000:0062"},"geometry":{"type":"Polygon","coordinates":[[[37.826471,48.890844],[37.826687,48.89119],[37.826803,48.891372],[37.82723,48.891422],[37.82697,48.891086],[37.826641,48.890781],[37.826471,48.890844]]]}},{"type":"Feature","properties":{"cadnum":"1424287900:03:000:0133"},"geometry":{"type":"Polygon","coordinates":[[[37.828389,48.891201],[37.828564,48.891236],[37.828609,48.891136],[37.828725,48.890776],[37.828815,48.890643],[37.828897,48.890557],[37.828968,48.890454],[37.828694,48.890383],[37.828605,48.890593],[37.828601,48.890604],[37.828488,48.890835],[37.828465,48.890906],[37.828434,48.891065],[37.828389,48.891201]]]}},{"type":"Feature","properties":{"cadnum":"1424287900:03:000:0005"},"geometry":{"type":"Polygon","coordinates":[[[37.826103,48.89064],[37.826381,48.890826],[37.826584,48.890678],[37.826484,48.890433],[37.826103,48.89064]]]}},{"type":"Feature","properties":{"cadnum":"1424287900:03:000:0044"},"geometry":{"type":"Polygon","coordinates":[[[37.830289,48.891062],[37.830369,48.891186],[37.830436,48.891286],[37.830436,48.891287],[37.830302,48.891307],[37.830433,48.891475],[37.830815,48.891431],[37.830685,48.89103],[37.830585,48.890903],[37.830505,48.890826],[37.830451,48.890849],[37.830289,48.891062]]]}},{"type":"Feature","properties":{"cadnum":"1424287900:07:000:0149"},"geometry":{"type":"Polygon","coordinates":[[[37.837574,48.792024],[37.837628,48.792163],[37.8377,48.792338],[37.837742,48.792378],[37.837742,48.792379],[37.838383,48.792988],[37.839503,48.792492],[37.839504,48.792492],[37.842321,48.791245],[37.842337,48.791238],[37.842493,48.791169],[37.842659,48.791095],[37.842329,48.790768],[37.841738,48.79018],[37.837876,48.791891],[37.837574,48.792024]]]}},{"type":"Feature","properties":{"cadnum":"1424287900:01:000:0144"},"geometry":{"type":"Polygon","coordinates":[[[37.782086,48.874725],[37.782453,48.875393],[37.783164,48.875426],[37.783334,48.875564],[37.783572,48.875561],[37.783851,48.875555],[37.785306,48.875529],[37.785302,48.875169],[37.785296,48.874666],[37.78403,48.87469],[37.783751,48.874693],[37.782086,48.874725]],[[37.783851,48.874811],[37.783877,48.874811],[37.783877,48.874828],[37.783851,48.874828],[37.783851,48.874811]],[[37.783801,48.87506],[37.783828,48.87506],[37.783828,48.875074],[37.783801,48.875074],[37.783801,48.87506]],[[37.783751,48.875305],[37.783774,48.875305],[37.783774,48.875322],[37.783751,48.875322],[37.783751,48.875305]]]}},{"type":"Feature","properties":{"cadnum":"1424287900:01:000:0015"},"geometry":{"type":"Polygon","coordinates":[[[37.782633,48.872986],[37.782652,48.873056],[37.782656,48.873104],[37.782755,48.873387],[37.782813,48.873399],[37.782813,48.8734],[37.782835,48.873455],[37.783038,48.873922],[37.783087,48.873928],[37.783873,48.873945],[37.783954,48.873945],[37.784107,48.873952],[37.784044,48.873343],[37.783994,48.872831],[37.78346,48.872882],[37.783438,48.87277],[37.783321,48.872782],[37.783244,48.872791],[37.783244,48.872899],[37.782633,48.872986]]]}},{"type":"Feature","properties":{"cadnum":"1424287900:07:000:0258"},"geometry":{"type":"Polygon","coordinates":[[[37.815085,48.766564],[37.81569,48.767153],[37.815691,48.767153],[37.817182,48.768604],[37.818926,48.767822],[37.818238,48.767154],[37.818238,48.767153],[37.816181,48.765155],[37.815085,48.766564]]]}},{"type":"Feature","properties":{"cadnum":"1424287900:06:000:0094"},"geometry":{"type":"Polygon","coordinates":[[[37.824046,48.814638],[37.824081,48.814871],[37.824131,48.815055],[37.825106,48.815013],[37.825136,48.814738],[37.825039,48.814641],[37.824046,48.814638]]]}},{"type":"Feature","properties":{"cadnum":"1424287900:07:000:0363"},"geometry":{"type":"Polygon","coordinates":[[[37.815987,48.815752],[37.816006,48.815782],[37.816041,48.815835],[37.816311,48.816265],[37.816634,48.81677],[37.816649,48.816796],[37.816806,48.817045],[37.817224,48.817704],[37.817601,48.818296],[37.818418,48.818245],[37.818827,48.81816],[37.820089,48.817841],[37.820271,48.817723],[37.820349,48.817673],[37.820349,48.817674],[37.821108,48.817184],[37.820987,48.816915],[37.820591,48.815454],[37.820413,48.815255],[37.820165,48.814978],[37.819936,48.81451],[37.818884,48.814842],[37.81654,48.815578],[37.816051,48.815732],[37.815987,48.815752]]]}},{"type":"Feature","properties":{"cadnum":"1424287900:06:000:0093"},"geometry":{"type":"Polygon","coordinates":[[[37.824131,48.815055],[37.824226,48.815401],[37.825069,48.815336],[37.825106,48.815013],[37.824131,48.815055]]]}},{"type":"Feature","properties":{"cadnum":"1424287900:06:000:0152"},"geometry":{"type":"Polygon","coordinates":[[[37.822708,48.816495],[37.823224,48.816746],[37.823687,48.816303],[37.823507,48.816256],[37.823048,48.81616],[37.822708,48.816495]]]}},{"type":"Feature","properties":{"cadnum":"1424287900:05:000:0314"},"geometry":{"type":"Polygon","coordinates":[[[37.881251,48.828034],[37.885001,48.828513],[37.885549,48.826352],[37.884425,48.826145],[37.881865,48.825607],[37.881251,48.828034]]]}},{"type":"Feature","properties":{"cadnum":"1424287900:05:000:0440"},"geometry":{"type":"Polygon","coordinates":[[[37.842308,48.841719],[37.842321,48.841719],[37.843467,48.841655],[37.843526,48.840023],[37.842807,48.84015],[37.842358,48.840407],[37.842308,48.841719]]]}},{"type":"Feature","properties":{"cadnum":"1424287900:06:000:0026"},"geometry":{"type":"Polygon","coordinates":[[[37.838509,48.809736],[37.838509,48.809837],[37.838518,48.810144],[37.839071,48.810136],[37.839268,48.810133],[37.839264,48.809725],[37.838509,48.809736]]]}},{"type":"Feature","properties":{"cadnum":"1424287900:06:000:0025"},"geometry":{"type":"Polygon","coordinates":[[[37.837902,48.810357],[37.838526,48.810349],[37.838518,48.810144],[37.838509,48.809837],[37.837943,48.809843],[37.837902,48.810357]]]}},{"type":"Feature","properties":{"cadnum":"1424287900:06:000:0111"},"geometry":{"type":"Polygon","coordinates":[[[37.842174,48.81],[37.842187,48.810115],[37.842321,48.810103],[37.842321,48.810104],[37.842883,48.810053],[37.842861,48.80994],[37.842623,48.809961],[37.842333,48.809987],[37.842291,48.809991],[37.842174,48.81]]]}},{"type":"Feature","properties":{"cadnum":"1424287900:06:000:0183"},"geometry":{"type":"Polygon","coordinates":[[[37.842313,48.809112],[37.842321,48.809112],[37.842321,48.809113],[37.842465,48.809115],[37.842493,48.809116],[37.842493,48.809115],[37.842866,48.809121],[37.842946,48.808651],[37.842362,48.808518],[37.842313,48.809112]]]}},{"type":"Feature","properties":{"cadnum":"1424287900:01:000:0177"},"geometry":{"type":"Polygon","coordinates":[[[37.859628,48.88484],[37.860091,48.885061],[37.860881,48.885572],[37.860957,48.885569],[37.86112,48.885516],[37.862238,48.884818],[37.862265,48.884804],[37.862229,48.884544],[37.862166,48.884349],[37.861762,48.884219],[37.861334,48.884083],[37.861137,48.884036],[37.860827,48.883962],[37.859628,48.88484]]]}},{"type":"Feature","properties":{"cadnum":"1424287900:02:000:0029"},"geometry":{"type":"Polygon","coordinates":[[[37.799747,48.888168],[37.800093,48.888183],[37.80108,48.888227],[37.801099,48.888003],[37.80011,48.887953],[37.799755,48.887935],[37.799747,48.888168]]]}},{"type":"Feature","properties":{"cadnum":"1424287900:01:000:0100"},"geometry":{"type":"Polygon","coordinates":[[[37.801259,48.889553],[37.802078,48.889556],[37.80254,48.889556],[37.802517,48.88794],[37.8025,48.886768],[37.801749,48.886771],[37.801791,48.888062],[37.801259,48.889553]]]}},{"type":"Feature","properties":{"cadnum":"1424287900:02:000:0070"},"geometry":{"type":"Polygon","coordinates":[[[37.799634,48.886854],[37.800846,48.886895],[37.800856,48.886647],[37.799638,48.8866],[37.799634,48.886854]]]}},{"type":"Feature","properties":{"cadnum":"1424287900:02:000:0107"},"geometry":{"type":"Polygon","coordinates":[[[37.79963,48.888747],[37.80016,48.888759],[37.800793,48.888788],[37.800846,48.888537],[37.799634,48.888478],[37.79963,48.888747]]]}},{"type":"Feature","properties":{"cadnum":"1424287900:01:000:0099"},"geometry":{"type":"Polygon","coordinates":[[[37.801013,48.891201],[37.802513,48.891201],[37.802527,48.890457],[37.802534,48.889992],[37.802533,48.889992],[37.80254,48.889556],[37.802078,48.889556],[37.801259,48.889553],[37.801242,48.889612],[37.801045,48.889603],[37.801034,48.890105],[37.801035,48.890105],[37.801013,48.891201]]]}},{"type":"Feature","properties":{"cadnum":"1424287900:02:000:0116"},"geometry":{"type":"Polygon","coordinates":[[[37.799621,48.88779],[37.801418,48.887876],[37.801422,48.88771],[37.79963,48.887616],[37.799621,48.88779]]]}},{"type":"Feature","properties":{"cadnum":"1424287900:02:000:0117"},"geometry":{"type":"Polygon","coordinates":[[[37.801418,48.887876],[37.801525,48.887878],[37.801534,48.887716],[37.801422,48.88771],[37.801418,48.887876]]]}},{"type":"Feature","properties":{"cadnum":"1424287900:01:000:0101"},"geometry":{"type":"Polygon","coordinates":[[[37.799437,48.89012],[37.799445,48.890214],[37.799512,48.891204],[37.801013,48.891201],[37.801037,48.889992],[37.801045,48.889603],[37.800789,48.889594],[37.800087,48.88955],[37.800011,48.889559],[37.799491,48.889612],[37.799575,48.889745],[37.799607,48.889857],[37.799642,48.889992],[37.799643,48.889996],[37.799658,48.890049],[37.799674,48.890105],[37.799437,48.89012]],[[37.800146,48.889914],[37.80015,48.889975],[37.800128,48.889975],[37.800124,48.889914],[37.800146,48.889914]],[[37.800106,48.889978],[37.800106,48.889993],[37.800087,48.889993],[37.800083,48.889978],[37.800106,48.889978]],[[37.800024,48.890014],[37.800087,48.890008],[37.800093,48.890032],[37.80003,48.890035],[37.80003,48.890034],[37.800024,48.890014]],[[37.799961,48.889662],[37.800011,48.889639],[37.800034,48.88966],[37.79998,48.88968],[37.799961,48.889662]],[[37.799948,48.889958],[37.799975,48.889943],[37.800011,48.889975],[37.799984,48.88999],[37.799948,48.889958]]]}},{"type":"Feature","properties":{"cadnum":"1424287900:02:000:0059"},"geometry":{"type":"Polygon","coordinates":[[[37.799625,48.886854],[37.79963,48.88699],[37.799634,48.88699],[37.801592,48.887099],[37.801579,48.886922],[37.799634,48.886854],[37.799625,48.886854]]]}},{"type":"Feature","properties":{"cadnum":"1424287900:02:000:0093"},"geometry":{"type":"Polygon","coordinates":[[[37.800757,48.88906],[37.801403,48.889098],[37.801489,48.88882],[37.800793,48.888788],[37.800793,48.888789],[37.800757,48.88906]]]}},{"type":"Feature","properties":{"cadnum":"1424287900:02:000:0105"},"geometry":{"type":"Polygon","coordinates":[[[37.799638,48.88745],[37.801741,48.887568],[37.801732,48.887432],[37.799643,48.887303],[37.799638,48.88745]]]}},{"type":"Feature","properties":{"cadnum":"1424287900:02:000:0092"},"geometry":{"type":"Polygon","coordinates":[[[37.799617,48.888997],[37.799975,48.889016],[37.800051,48.889021],[37.800183,48.889027],[37.800757,48.88906],[37.800793,48.888789],[37.800793,48.888788],[37.80016,48.888759],[37.79963,48.888747],[37.799621,48.888877],[37.799617,48.888921],[37.799617,48.888997]]]}},{"type":"Feature","properties":{"cadnum":"1424287900:02:000:0108"},"geometry":{"type":"Polygon","coordinates":[[[37.800793,48.888788],[37.801489,48.88882],[37.801538,48.888572],[37.800846,48.888537],[37.800793,48.888788]]]}},{"type":"Feature","properties":{"cadnum":"1424287900:02:000:0071"},"geometry":{"type":"Polygon","coordinates":[[[37.800846,48.886895],[37.801646,48.886924],[37.801655,48.886677],[37.800856,48.886647],[37.800846,48.886895]]]}},{"type":"Feature","properties":{"cadnum":"1424287900:05:000:0434"},"geometry":{"type":"Polygon","coordinates":[[[37.843467,48.841655],[37.844509,48.841598],[37.844572,48.839837],[37.843526,48.840023],[37.843467,48.841655]]]}},{"type":"Feature","properties":{"cadnum":"1424287900:05:000:0441"},"geometry":{"type":"Polygon","coordinates":[[[37.845484,48.841552],[37.846445,48.841498],[37.846508,48.839648],[37.845551,48.839707],[37.845484,48.841552]]]}},{"type":"Feature","properties":{"cadnum":"1424287900:05:000:0338"},"geometry":{"type":"Polygon","coordinates":[[[37.844509,48.841605],[37.845484,48.841552],[37.845551,48.839707],[37.845161,48.839745],[37.844572,48.839837],[37.844509,48.841605]]]}},{"type":"Feature","properties":{"cadnum":"1424287900:06:000:0023"},"geometry":{"type":"Polygon","coordinates":[[[37.845116,48.807755],[37.845587,48.807853],[37.845807,48.807636],[37.84587,48.807577],[37.845987,48.807459],[37.845956,48.807284],[37.845794,48.807139],[37.845524,48.807364],[37.845273,48.807568],[37.845116,48.807754],[37.845116,48.807755]]]}},{"type":"Feature","properties":{"cadnum":"1424287900:06:000:0088"},"geometry":{"type":"Polygon","coordinates":[[[37.845309,48.809568],[37.845992,48.809594],[37.846013,48.809252],[37.845331,48.809228],[37.845309,48.809568]]]}},{"type":"Feature","properties":{"cadnum":"1424287900:06:000:0170"},"geometry":{"type":"Polygon","coordinates":[[[37.845354,48.810107],[37.84587,48.810124],[37.845906,48.809789],[37.845384,48.809774],[37.845354,48.810107]]]}},{"type":"Feature","properties":{"cadnum":"1424287900:06:000:0144"},"geometry":{"type":"Polygon","coordinates":[[[37.843009,48.809789],[37.843013,48.809881],[37.843692,48.809852],[37.843687,48.80976],[37.843009,48.809789]]]}},{"type":"Feature","properties":{"cadnum":"1424287900:06:000:0161"},"geometry":{"type":"Polygon","coordinates":[[[37.844841,48.810088],[37.845354,48.810107],[37.84539,48.809734],[37.844874,48.809719],[37.844841,48.810088]]]}},{"type":"Feature","properties":{"cadnum":"1424287900:06:000:0145"},"geometry":{"type":"Polygon","coordinates":[[[37.842964,48.809272],[37.843009,48.809789],[37.843687,48.80976],[37.843673,48.809479],[37.84349,48.809482],[37.843489,48.809482],[37.843472,48.809281],[37.842964,48.809272]]]}},{"type":"Feature","properties":{"cadnum":"1424287900:06:000:0168"},"geometry":{"type":"Polygon","coordinates":[[[37.844518,48.809784],[37.844868,48.809793],[37.844874,48.809719],[37.844882,48.8096],[37.844532,48.809585],[37.844518,48.809784]]]}},{"type":"Feature","properties":{"cadnum":"1424287900:07:000:0288"},"geometry":{"type":"Polygon","coordinates":[[[37.815012,48.816646],[37.815269,48.817045],[37.816634,48.81677],[37.816311,48.816265],[37.815916,48.816392],[37.815481,48.81653],[37.815012,48.816646]]]}},{"type":"Feature","properties":{"cadnum":"1424287900:07:000:0266"},"geometry":{"type":"Polygon","coordinates":[[[37.816307,48.815288],[37.81654,48.815578],[37.818884,48.814842],[37.81857,48.814448],[37.81658,48.815125],[37.816307,48.815288]]]}},{"type":"Feature","properties":{"cadnum":"1424287900:05:000:0168"},"geometry":{"type":"Polygon","coordinates":[[[37.837906,48.828927],[37.838746,48.828921],[37.840269,48.828658],[37.84027,48.828658],[37.84035,48.828655],[37.840278,48.826712],[37.839146,48.826733],[37.838505,48.827878],[37.838119,48.828554],[37.838118,48.828554],[37.838095,48.828595],[37.838054,48.828667],[37.837906,48.828927]]]}},{"type":"Feature","properties":{"cadnum":"1424287900:07:000:0231"},"geometry":{"type":"Polygon","coordinates":[[[37.838311,48.794633],[37.838742,48.795344],[37.839071,48.795252],[37.838621,48.794533],[37.838311,48.794633]]]}},{"type":"Feature","properties":{"cadnum":"1424287900:01:000:0234"},"geometry":{"type":"Polygon","coordinates":[[[37.778883,48.863835],[37.778887,48.863856],[37.778891,48.863853],[37.778906,48.863924],[37.778927,48.863938],[37.779067,48.863933],[37.779094,48.863933],[37.77953,48.863915],[37.779583,48.863915],[37.779682,48.863909],[37.779713,48.863909],[37.779727,48.863903],[37.779736,48.863894],[37.7797,48.863463],[37.779692,48.863375],[37.779692,48.863191],[37.779686,48.863011],[37.779686,48.86291],[37.779682,48.86273],[37.779682,48.86249],[37.779665,48.861929],[37.779665,48.861551],[37.779633,48.861557],[37.779633,48.862065],[37.779642,48.862438],[37.779646,48.862745],[37.77965,48.862928],[37.77965,48.863011],[37.779656,48.863191],[37.779656,48.863333],[37.779669,48.863475],[37.779692,48.863776],[37.779673,48.863779],[37.77957,48.863782],[37.779516,48.863782],[37.779426,48.863785],[37.779251,48.863779],[37.779121,48.863773],[37.779071,48.863773],[37.779017,48.863771],[37.778883,48.863773],[37.778887,48.863791],[37.779017,48.863788],[37.779067,48.863788],[37.77909,48.863791],[37.779202,48.863794],[37.779436,48.863806],[37.77952,48.863802],[37.779547,48.8638],[37.779575,48.8638],[37.779673,48.863797],[37.7797,48.863797],[37.779709,48.863891],[37.779709,48.863892],[37.779678,48.863892],[37.779579,48.863898],[37.779526,48.863898],[37.779094,48.863915],[37.779067,48.863915],[37.778933,48.863921],[37.778919,48.863835],[37.778883,48.863835]]]}},{"type":"Feature","properties":{"cadnum":"1424287900:07:000:0361"},"geometry":{"type":"Polygon","coordinates":[[[37.859233,48.806503],[37.859282,48.806586],[37.859623,48.806521],[37.861883,48.805711],[37.863011,48.805314],[37.863715,48.805027],[37.863881,48.804932],[37.863756,48.804885],[37.862009,48.805536],[37.859758,48.80637],[37.859493,48.806447],[37.859233,48.806503]]]}},{"type":"Feature","properties":{"cadnum":"1424287900:07:000:0357"},"geometry":{"type":"Polygon","coordinates":[[[37.811303,48.773585],[37.812011,48.774281],[37.812033,48.774303],[37.812126,48.774394],[37.812127,48.774394],[37.812148,48.774415],[37.812211,48.774385],[37.814919,48.773148],[37.813041,48.771297],[37.811303,48.773585]]]}},{"type":"Feature","properties":{"cadnum":"1424287900:05:000:0411"},"geometry":{"type":"Polygon","coordinates":[[[37.876129,48.83704],[37.876601,48.836322],[37.876714,48.835786],[37.876853,48.83513],[37.876517,48.834893],[37.876651,48.834637],[37.877083,48.834637],[37.877397,48.834873],[37.8778,48.835133],[37.8778,48.835134],[37.877307,48.835529],[37.877455,48.835786],[37.877454,48.835786],[37.877693,48.836197],[37.877886,48.835952],[37.877918,48.835786],[37.878173,48.834507],[37.877989,48.834394],[37.877177,48.83422],[37.876242,48.834152],[37.876278,48.834503],[37.876229,48.835346],[37.876202,48.835786],[37.876199,48.835837],[37.876195,48.835899],[37.876129,48.83704]]]}},{"type":"Feature","properties":{"cadnum":"1424287900:06:000:0107"},"geometry":{"type":"Polygon","coordinates":[[[37.840925,48.811032],[37.840966,48.811271],[37.841073,48.811996],[37.841388,48.811973],[37.841279,48.811242],[37.841212,48.811002],[37.840925,48.811032]]]}},{"type":"Feature","properties":{"cadnum":"1424287900:06:000:0096"},"geometry":{"type":"Polygon","coordinates":[[[37.839025,48.813029],[37.839285,48.813961],[37.839807,48.813922],[37.839614,48.81299],[37.839025,48.813029]]]}},{"type":"Feature","properties":{"cadnum":"1424287900:06:000:0131"},"geometry":{"type":"Polygon","coordinates":[[[37.840233,48.812907],[37.840327,48.813856],[37.840723,48.813836],[37.840624,48.812887],[37.840233,48.812907]]]}},{"type":"Feature","properties":{"cadnum":"1424287900:06:000:0177"},"geometry":{"type":"Polygon","coordinates":[[[37.839587,48.812745],[37.839637,48.81299],[37.83983,48.813922],[37.839847,48.813992],[37.840337,48.813963],[37.840327,48.813856],[37.840233,48.812907],[37.84022,48.812765],[37.839587,48.812745]]]}},{"type":"Feature","properties":{"cadnum":"1424287900:06:000:0108"},"geometry":{"type":"Polygon","coordinates":[[[37.841073,48.811996],[37.841105,48.812206],[37.841419,48.812185],[37.841388,48.811973],[37.841073,48.811996]]]}},{"type":"Feature","properties":{"cadnum":"1424287900:06:000:0189"},"geometry":{"type":"Polygon","coordinates":[[[37.875982,48.820627],[37.876364,48.820689],[37.876462,48.820718],[37.876844,48.820831],[37.877649,48.820872],[37.878173,48.820952],[37.878704,48.821215],[37.878951,48.820786],[37.879988,48.820103],[37.879292,48.820218],[37.877441,48.820038],[37.876921,48.81995],[37.876853,48.819996],[37.876664,48.820132],[37.876094,48.820547],[37.875982,48.820627]]]}},{"type":"Feature","properties":{"cadnum":"1424287900:05:000:0389"},"geometry":{"type":"Polygon","coordinates":[[[37.88479,48.816418],[37.885211,48.816826],[37.88536,48.817024],[37.885437,48.8169],[37.886137,48.816719],[37.885909,48.816107],[37.885603,48.815877],[37.88479,48.816418]]]}},{"type":"Feature","properties":{"cadnum":"1424287900:06:000:0139"},"geometry":{"type":"Polygon","coordinates":[[[37.84061,48.797483],[37.840776,48.797784],[37.841621,48.797519],[37.841478,48.797205],[37.84061,48.797483]]]}},{"type":"Feature","properties":{"cadnum":"1424287900:03:000:0046"},"geometry":{"type":"Polygon","coordinates":[[[37.863638,48.875201],[37.863846,48.875467],[37.863908,48.875449],[37.863701,48.87518],[37.863638,48.875201]]]}},{"type":"Feature","properties":{"cadnum":"1424287900:03:000:0122"},"geometry":{"type":"Polygon","coordinates":[[[37.863261,48.874711],[37.863361,48.874876],[37.864376,48.874611],[37.864277,48.874445],[37.863261,48.874711]]]}},{"type":"Feature","properties":{"cadnum":"1424287900:01:000:0050"},"geometry":{"type":"Polygon","coordinates":[[[37.815651,48.871987],[37.816418,48.872043],[37.820048,48.872306],[37.820115,48.87194],[37.820044,48.870998],[37.820106,48.870654],[37.81606,48.870359],[37.81589,48.871077],[37.815666,48.87193],[37.815651,48.871987]]]}},{"type":"Feature","properties":{"cadnum":"1424287900:05:000:0074"},"geometry":{"type":"Polygon","coordinates":[[[37.876269,48.84049],[37.876925,48.840511],[37.877197,48.839401],[37.877261,48.839139],[37.877427,48.838456],[37.876764,48.838476],[37.876507,48.839514],[37.876508,48.839514],[37.876508,48.839515],[37.876269,48.84049]]]}},{"type":"Feature","properties":{"cadnum":"1424287900:05:000:0238"},"geometry":{"type":"Polygon","coordinates":[[[37.875592,48.840466],[37.876269,48.84049],[37.876536,48.839401],[37.876535,48.839401],[37.876764,48.838476],[37.876076,48.838498],[37.875825,48.839514],[37.875825,48.839515],[37.875592,48.840466]]]}},{"type":"Feature","properties":{"cadnum":"1424287900:07:000:0316"},"geometry":{"type":"Polygon","coordinates":[[[37.815861,48.805879],[37.817739,48.806193],[37.818381,48.806343],[37.818907,48.806518],[37.81932,48.806696],[37.819519,48.806154],[37.81902,48.805832],[37.81619,48.805444],[37.815961,48.805415],[37.815861,48.805879]]]}},{"type":"Feature","properties":{"cadnum":"1424287900:06:000:0043"},"geometry":{"type":"Polygon","coordinates":[[[37.835369,48.801625],[37.835392,48.801942],[37.836425,48.80192],[37.836407,48.801607],[37.835369,48.801625]]]}},{"type":"Feature","properties":{"cadnum":"1424287900:01:000:0157"},"geometry":{"type":"Polygon","coordinates":[[[37.794518,48.875975],[37.795533,48.876468],[37.795672,48.876563],[37.796462,48.877092],[37.796642,48.877319],[37.796647,48.877325],[37.796697,48.87742],[37.797034,48.877422],[37.79764,48.877429],[37.798107,48.877431],[37.797533,48.876566],[37.796607,48.875993],[37.795489,48.875984],[37.794887,48.875978],[37.794518,48.875975]],[[37.797154,48.87723],[37.797181,48.87723],[37.797181,48.877248],[37.797154,48.877248],[37.797154,48.87723]],[[37.797097,48.877337],[37.797123,48.877337],[37.797123,48.877354],[37.797123,48.877355],[37.797097,48.877355],[37.797097,48.877354],[37.797097,48.877337]],[[37.796584,48.876989],[37.796611,48.876989],[37.796611,48.877006],[37.796584,48.877006],[37.796584,48.876989]],[[37.796544,48.876823],[37.796565,48.876823],[37.796566,48.876823],[37.796566,48.87684],[37.796565,48.87684],[37.796544,48.87684],[37.796544,48.876823]],[[37.796131,48.876678],[37.796152,48.876678],[37.796153,48.876678],[37.796153,48.876696],[37.796152,48.876696],[37.796131,48.876696],[37.796131,48.876678]],[[37.795915,48.8764],[37.795938,48.8764],[37.795938,48.876418],[37.795915,48.876418],[37.795915,48.8764]],[[37.795668,48.876371],[37.795695,48.876371],[37.795695,48.876386],[37.795668,48.876386],[37.795668,48.876371]],[[37.7953,48.875987],[37.795326,48.875987],[37.795326,48.876001],[37.795326,48.876002],[37.7953,48.876002],[37.7953,48.876001],[37.7953,48.875987]],[[37.795179,48.876037],[37.7952,48.876037],[37.7952,48.876054],[37.795174,48.876054],[37.795179,48.876037]]]}},{"type":"Feature","properties":{"cadnum":"1424287900:06:000:0203"},"geometry":{"type":"Polygon","coordinates":[[[37.857319,48.812212],[37.857476,48.812514],[37.858496,48.81199],[37.858698,48.81189],[37.858456,48.811683],[37.857319,48.812212]]]}},{"type":"Feature","properties":{"cadnum":"1424287900:06:000:0058"},"geometry":{"type":"Polygon","coordinates":[[[37.857162,48.811922],[37.857369,48.812064],[37.857525,48.811979],[37.858235,48.811594],[37.858002,48.811411],[37.857648,48.811626],[37.857162,48.811922]]]}},{"type":"Feature","properties":{"cadnum":"1424287900:06:000:0129"},"geometry":{"type":"Polygon","coordinates":[[[37.855994,48.813697],[37.856412,48.813771],[37.856502,48.813538],[37.85687,48.813102],[37.856453,48.812957],[37.85616,48.813487],[37.855994,48.813697]]]}},{"type":"Feature","properties":{"cadnum":"1424287900:06:000:0186"},"geometry":{"type":"Polygon","coordinates":[[[37.877221,48.822313],[37.878582,48.822561],[37.879014,48.822599],[37.880267,48.822788],[37.880464,48.822129],[37.879548,48.822004],[37.879638,48.821747],[37.879337,48.821694],[37.878739,48.821739],[37.878349,48.821671],[37.878192,48.821558],[37.877842,48.821513],[37.877733,48.821526],[37.877649,48.82157],[37.877554,48.821691],[37.877221,48.822313]]]}},{"type":"Feature","properties":{"cadnum":"1424287900:05:000:0187"},"geometry":{"type":"Polygon","coordinates":[[[37.831857,48.819204],[37.833455,48.820141],[37.834763,48.819172],[37.833707,48.818554],[37.833635,48.81858],[37.833644,48.818595],[37.833626,48.8186],[37.833612,48.818589],[37.832893,48.818841],[37.832908,48.818852],[37.832885,48.818861],[37.832876,48.818846],[37.832157,48.819097],[37.832166,48.819109],[37.832144,48.819118],[37.832134,48.819106],[37.831857,48.819204]]]}},{"type":"Feature","properties":{"cadnum":"1424287900:06:000:0114"},"geometry":{"type":"Polygon","coordinates":[[[37.848583,48.80298],[37.849118,48.803137],[37.849589,48.802545],[37.849055,48.802389],[37.848583,48.80298]]]}},{"type":"Feature","properties":{"cadnum":"1424287900:01:000:0214"},"geometry":{"type":"Polygon","coordinates":[[[37.815628,48.87206],[37.81562,48.872835],[37.8157,48.87344],[37.816001,48.873499],[37.816932,48.873606],[37.817628,48.873538],[37.818148,48.873541],[37.818691,48.873387],[37.819276,48.873363],[37.819949,48.873322],[37.820119,48.873195],[37.820039,48.872912],[37.819999,48.872554],[37.820048,48.872306],[37.815651,48.871987],[37.815628,48.87206]]]}},{"type":"Feature","properties":{"cadnum":"1424287900:06:000:0174"},"geometry":{"type":"Polygon","coordinates":[[[37.833792,48.806314],[37.834516,48.806332],[37.834578,48.805843],[37.834147,48.805772],[37.834017,48.806057],[37.833909,48.806051],[37.833792,48.806314]]]}},{"type":"Feature","properties":{"cadnum":"1424287900:06:000:0175"},"geometry":{"type":"Polygon","coordinates":[[[37.834516,48.806332],[37.834717,48.806338],[37.834776,48.806325],[37.834916,48.806317],[37.834897,48.805897],[37.834578,48.805843],[37.834516,48.806332]]]}}]}