{"type":"FeatureCollection","features":[{"type":"Feature","properties":{"cadnum":"2323381100:03:002:0003"},"geometry":{"type":"Polygon","coordinates":[[[35.331075,47.385602],[35.331873,47.385634],[35.331945,47.385597],[35.332049,47.385543],[35.332117,47.385507],[35.332329,47.385396],[35.33244,47.383577],[35.332489,47.382797],[35.331945,47.382775],[35.331251,47.382746],[35.331198,47.383577],[35.331199,47.383577],[35.331075,47.385602]]]}},{"type":"Feature","properties":{"cadnum":"2323381100:03:006:0051"},"geometry":{"type":"Polygon","coordinates":[[[35.328692,47.385463],[35.329847,47.385526],[35.329959,47.383577],[35.330013,47.382671],[35.32879,47.382605],[35.328739,47.383461],[35.328649,47.384981],[35.328692,47.385463]]]}},{"type":"Feature","properties":{"cadnum":"2323381100:03:002:0002"},"geometry":{"type":"Polygon","coordinates":[[[35.329847,47.385526],[35.331075,47.385602],[35.331206,47.383461],[35.331251,47.382746],[35.330032,47.382695],[35.329982,47.383461],[35.329981,47.383461],[35.329847,47.385526]]]}},{"type":"Feature","properties":{"cadnum":"2323381100:04:013:0009"},"geometry":{"type":"Polygon","coordinates":[[[35.297344,47.339048],[35.299158,47.339169],[35.300617,47.339267],[35.300619,47.339242],[35.300631,47.338809],[35.30063,47.338809],[35.30064,47.338509],[35.299158,47.338381],[35.299158,47.33838],[35.297369,47.338225],[35.297346,47.338926],[35.297347,47.338926],[35.297344,47.339048]]]}},{"type":"Feature","properties":{"cadnum":"2323381100:04:013:0010"},"geometry":{"type":"Polygon","coordinates":[[[35.300619,47.339242],[35.304333,47.33949],[35.304354,47.338829],[35.30064,47.338509],[35.300627,47.338926],[35.300619,47.339242]]]}},{"type":"Feature","properties":{"cadnum":"2323381100:04:013:0024"},"geometry":{"type":"Polygon","coordinates":[[[35.304331,47.341843],[35.304651,47.341865],[35.304651,47.341864],[35.305803,47.341941],[35.305904,47.338955],[35.305541,47.338926],[35.30554,47.338926],[35.304651,47.338855],[35.304431,47.338837],[35.304427,47.338926],[35.304428,47.338926],[35.304331,47.341843]]]}},{"type":"Feature","properties":{"cadnum":"2323381100:02:017:0010"},"geometry":{"type":"Polygon","coordinates":[[[35.287568,47.367225],[35.287991,47.367253],[35.288,47.367255],[35.288,47.367256],[35.28842,47.367339],[35.288492,47.36636],[35.288571,47.365231],[35.288,47.365175],[35.28772,47.365147],[35.287646,47.366186],[35.287568,47.367225]]]}},{"type":"Feature","properties":{"cadnum":"2323381100:05:019:0005"},"geometry":{"type":"Polygon","coordinates":[[[35.287454,47.368119],[35.287887,47.368157],[35.287977,47.367384],[35.287544,47.367346],[35.287454,47.368119]]]}},{"type":"Feature","properties":{"cadnum":"2323381100:02:004:0002"},"geometry":{"type":"Polygon","coordinates":[[[35.287466,47.365103],[35.288,47.365142],[35.288,47.365143],[35.291027,47.365364],[35.29104,47.364917],[35.290371,47.364861],[35.29037,47.364861],[35.288092,47.364669],[35.287481,47.364617],[35.287469,47.364977],[35.28747,47.364977],[35.287466,47.365103]]]}},{"type":"Feature","properties":{"cadnum":"2323381100:02:017:0009"},"geometry":{"type":"Polygon","coordinates":[[[35.286713,47.367137],[35.287568,47.367225],[35.287646,47.366186],[35.28772,47.365147],[35.286862,47.365078],[35.286788,47.366108],[35.286713,47.367137]]]}},{"type":"Feature","properties":{"cadnum":"2323381100:02:017:0012"},"geometry":{"type":"Polygon","coordinates":[[[35.285763,47.365497],[35.285888,47.365788],[35.285959,47.36613],[35.285944,47.367057],[35.286713,47.367137],[35.286788,47.366108],[35.286862,47.365078],[35.285995,47.365043],[35.285763,47.365497]]]}},{"type":"Feature","properties":{"cadnum":"2323381100:02:004:0001"},"geometry":{"type":"Polygon","coordinates":[[[35.285854,47.364977],[35.285854,47.364985],[35.287466,47.365103],[35.287473,47.364861],[35.287473,47.36486],[35.287481,47.364617],[35.285862,47.364482],[35.285856,47.36486],[35.285856,47.364861],[35.285855,47.364961],[35.285854,47.364977]]]}},{"type":"Feature","properties":{"cadnum":"2323381100:01:020:0019"},"geometry":{"type":"Polygon","coordinates":[[[35.279448,47.365103],[35.281539,47.365281],[35.282507,47.365364],[35.283642,47.36546],[35.285068,47.365581],[35.284759,47.365407],[35.283923,47.365171],[35.282679,47.365066],[35.281636,47.364977],[35.281637,47.364977],[35.279457,47.364792],[35.279455,47.36486],[35.279455,47.364861],[35.279454,47.364882],[35.279451,47.364977],[35.279448,47.365103]]]}},{"type":"Feature","properties":{"cadnum":"2323381100:01:028:0002"},"geometry":{"type":"Polygon","coordinates":[[[35.281976,47.364788],[35.282507,47.364831],[35.282507,47.364832],[35.282668,47.364844],[35.282679,47.364845],[35.282862,47.36486],[35.282873,47.364861],[35.283204,47.364887],[35.283768,47.364906],[35.284142,47.364919],[35.285561,47.364967],[35.285565,47.364718],[35.282671,47.364488],[35.281991,47.364434],[35.281976,47.364788]]]}},{"type":"Feature","properties":{"cadnum":"2323381100:01:028:0023"},"geometry":{"type":"Polygon","coordinates":[[[35.2839072627551,47.36491104209183],[35.284319,47.364977],[35.28432,47.364977],[35.284348,47.364981],[35.284838,47.365129],[35.285176,47.365277],[35.285563,47.365492],[35.285626,47.365591],[35.28566,47.365391],[35.285712,47.365238],[35.285782,47.365114],[35.285883,47.36504],[35.285854,47.364985],[35.285561,47.364967],[35.284146,47.364919],[35.2839072627551,47.36491104209183]]]}},{"type":"Feature","properties":{"cadnum":"2323381100:05:019:0004"},"geometry":{"type":"Polygon","coordinates":[[[35.287375,47.368825],[35.287807,47.368865],[35.287841,47.368581],[35.28784,47.368581],[35.287887,47.368184],[35.287454,47.368146],[35.287403,47.368581],[35.287375,47.368825]]]}},{"type":"Feature","properties":{"cadnum":"2323381100:01:020:0001"},"geometry":{"type":"Polygon","coordinates":[[[35.279265,47.369407],[35.282679,47.369694],[35.285363,47.369918],[35.285437,47.368697],[35.285534,47.367121],[35.285567,47.365988],[35.285126,47.365922],[35.284631,47.365848],[35.283715,47.365792],[35.282507,47.365752],[35.279434,47.36565],[35.279296,47.368697],[35.279297,47.368697],[35.279265,47.369407]]]}},{"type":"Feature","properties":{"cadnum":"2323381100:01:020:0014"},"geometry":{"type":"Polygon","coordinates":[[[35.279437,47.365504],[35.281481,47.365678],[35.282507,47.365765],[35.283523,47.365852],[35.285567,47.366026],[35.285567,47.365988],[35.285207,47.365659],[35.285068,47.365581],[35.283642,47.36546],[35.282679,47.365378],[35.281539,47.365281],[35.279448,47.365103],[35.279437,47.365504]]]}},{"type":"Feature","properties":{"cadnum":"2323381100:05:028:0018"},"geometry":{"type":"Polygon","coordinates":[[[35.320695,47.372053],[35.320959,47.37205],[35.320959,47.372051],[35.321312,47.372047],[35.322649,47.371237],[35.322237,47.371248],[35.321557,47.371271],[35.32145,47.371721],[35.321131,47.371712],[35.32079,47.371702],[35.320695,47.372053]]]}},{"type":"Feature","properties":{"cadnum":"2323381100:05:038:0002"},"geometry":{"type":"Polygon","coordinates":[[[35.324312,47.371761],[35.32578,47.371815],[35.325794,47.371654],[35.324321,47.371599],[35.324312,47.371761]]]}},{"type":"Feature","properties":{"cadnum":"2323381100:05:035:0020"},"geometry":{"type":"Polygon","coordinates":[[[35.321805,47.372251],[35.32299,47.372353],[35.323015,47.372102],[35.323082,47.371469],[35.321805,47.372251]]]}},{"type":"Feature","properties":{"cadnum":"2323381100:02:008:0025"},"geometry":{"type":"Polygon","coordinates":[[[35.32299,47.369723],[35.326403,47.369805],[35.326405,47.369457],[35.322992,47.369374],[35.32299,47.369723]]]}},{"type":"Feature","properties":{"cadnum":"2323381100:02:008:0024"},"geometry":{"type":"Polygon","coordinates":[[[35.322992,47.369374],[35.326405,47.369457],[35.326409,47.368934],[35.322996,47.368851],[35.322992,47.369374]]]}},{"type":"Feature","properties":{"cadnum":"2323381100:02:008:0023"},"geometry":{"type":"Polygon","coordinates":[[[35.322996,47.368851],[35.326409,47.368934],[35.326412,47.368631],[35.326413,47.368512],[35.323079,47.368431],[35.323038,47.368581],[35.323037,47.368585],[35.323006,47.368697],[35.323007,47.368697],[35.323007,47.368698],[35.322996,47.368736],[35.322996,47.368851]]]}},{"type":"Feature","properties":{"cadnum":"2323381100:02:008:0028"},"geometry":{"type":"Polygon","coordinates":[[[35.32298,47.370967],[35.323179,47.370974],[35.323189,47.37106],[35.326391,47.371137],[35.326395,47.370608],[35.322983,47.370526],[35.32298,47.370967]]]}},{"type":"Feature","properties":{"cadnum":"2323381100:02:008:0021"},"geometry":{"type":"Polygon","coordinates":[[[35.321919,47.36995],[35.322496,47.369969],[35.322748,47.368713],[35.322998,47.368736],[35.323039,47.368581],[35.323079,47.368431],[35.323263,47.367754],[35.322224,47.36764],[35.3221,47.368581],[35.322099,47.368581],[35.321919,47.36995]]]}},{"type":"Feature","properties":{"cadnum":"2323381100:02:008:0026"},"geometry":{"type":"Polygon","coordinates":[[[35.322986,47.370177],[35.326399,47.37026],[35.326403,47.369805],[35.32299,47.369723],[35.322986,47.370177]]]}},{"type":"Feature","properties":{"cadnum":"2323381100:02:008:0027"},"geometry":{"type":"Polygon","coordinates":[[[35.322983,47.370526],[35.326395,47.370608],[35.326399,47.37026],[35.322986,47.370177],[35.322983,47.370526]]]}},{"type":"Feature","properties":{"cadnum":"2323381100:05:035:0037"},"geometry":{"type":"Polygon","coordinates":[[[35.322957,47.372659],[35.323828,47.372722],[35.32385,47.372337],[35.32386,47.372162],[35.323015,47.372102],[35.322995,47.372301],[35.322994,47.372301],[35.32299,47.372353],[35.322981,47.372418],[35.322983,47.372418],[35.322957,47.372659]],[[35.323086,47.37232],[35.323087,47.372302],[35.323087,47.372301],[35.323088,47.372301],[35.323117,47.372302],[35.323114,47.372322],[35.323086,47.37232]]]}},{"type":"Feature","properties":{"cadnum":"2323381100:02:008:0020"},"geometry":{"type":"Polygon","coordinates":[[[35.32116,47.369909],[35.321306,47.369929],[35.321919,47.36995],[35.322084,47.368697],[35.322224,47.367641],[35.32147,47.367557],[35.321335,47.368581],[35.32116,47.369909]]]}},{"type":"Feature","properties":{"cadnum":"2323381100:02:008:0030"},"geometry":{"type":"Polygon","coordinates":[[[35.315691,47.37059],[35.319686,47.371106],[35.320217,47.371122],[35.320238,47.370635],[35.321131,47.370597],[35.321131,47.370596],[35.321245,47.370591],[35.321306,47.369929],[35.32116,47.369909],[35.320976,47.369884],[35.320511,47.36982],[35.320008,47.369751],[35.319503,47.369682],[35.318738,47.369578],[35.317967,47.369473],[35.317449,47.369402],[35.316668,47.369295],[35.315878,47.369187],[35.315691,47.37059]]]}},{"type":"Feature","properties":{"cadnum":"2323381100:02:008:0019"},"geometry":{"type":"Polygon","coordinates":[[[35.320511,47.36982],[35.320959,47.369882],[35.320976,47.369884],[35.321131,47.369905],[35.32116,47.369909],[35.321319,47.368697],[35.32132,47.368697],[35.32147,47.367557],[35.320959,47.367502],[35.320818,47.367487],[35.320674,47.368581],[35.320673,47.368581],[35.320511,47.36982]]]}},{"type":"Feature","properties":{"cadnum":"2323381100:01:033:0008"},"geometry":{"type":"Polygon","coordinates":[[[35.279097,47.353954],[35.282507,47.35423],[35.283175,47.354283],[35.283192,47.35379],[35.283198,47.353626],[35.282679,47.353584],[35.279121,47.353296],[35.279101,47.353814],[35.279102,47.353814],[35.279097,47.353954]]]}},{"type":"Feature","properties":{"cadnum":"2323381100:01:013:0070"},"geometry":{"type":"Polygon","coordinates":[[[35.280942,47.349976],[35.282679,47.350118],[35.282679,47.350117],[35.285072,47.350311],[35.285083,47.349976],[35.285103,47.349352],[35.282679,47.349156],[35.282679,47.349155],[35.280973,47.349016],[35.280966,47.349224],[35.280945,47.34989],[35.280942,47.349976]]]}},{"type":"Feature","properties":{"cadnum":"2323381100:01:013:0046"},"geometry":{"type":"Polygon","coordinates":[[[35.2809,47.351252],[35.282507,47.351383],[35.285031,47.351588],[35.285051,47.350949],[35.282679,47.350757],[35.28092,47.350615],[35.280902,47.351224],[35.2809,47.351252]]]}},{"type":"Feature","properties":{"cadnum":"2323381100:01:013:0047"},"geometry":{"type":"Polygon","coordinates":[[[35.28092,47.350615],[35.282507,47.350743],[35.282507,47.350744],[35.28505,47.350949],[35.285072,47.350311],[35.282507,47.350103],[35.282507,47.350104],[35.282369,47.350092],[35.282374,47.350092],[35.280942,47.349976],[35.280938,47.350092],[35.280923,47.350557],[35.28092,47.350615]]]}},{"type":"Feature","properties":{"cadnum":"2323381100:01:013:0043"},"geometry":{"type":"Polygon","coordinates":[[[35.276947,47.350903],[35.277185,47.350923],[35.277186,47.350923],[35.280902,47.351224],[35.28092,47.350615],[35.280923,47.350557],[35.277186,47.350255],[35.277185,47.350255],[35.276968,47.350237],[35.276947,47.350903]]]}},{"type":"Feature","properties":{"cadnum":"2323381100:01:013:0042"},"geometry":{"type":"Polygon","coordinates":[[[35.276968,47.350237],[35.277014,47.35024],[35.277014,47.350241],[35.280923,47.350557],[35.280942,47.349976],[35.280945,47.34989],[35.277186,47.349587],[35.277185,47.349587],[35.27699,47.349571],[35.276972,47.350092],[35.276973,47.350092],[35.276968,47.350237]]]}},{"type":"Feature","properties":{"cadnum":"2323381100:01:033:0009"},"geometry":{"type":"Polygon","coordinates":[[[35.279121,47.353296],[35.282507,47.35357],[35.283198,47.353626],[35.283222,47.352969],[35.282679,47.352925],[35.279143,47.352639],[35.279121,47.353296]]]}},{"type":"Feature","properties":{"cadnum":"2323381100:01:033:0010"},"geometry":{"type":"Polygon","coordinates":[[[35.279143,47.352639],[35.282507,47.352911],[35.283222,47.352969],[35.283246,47.352311],[35.282679,47.352266],[35.282679,47.352265],[35.279168,47.351981],[35.279143,47.352639]]]}},{"type":"Feature","properties":{"cadnum":"2323381100:01:019:0002"},"geometry":{"type":"Polygon","coordinates":[[[35.276579,47.352802],[35.277014,47.352838],[35.27913,47.353009],[35.279149,47.352494],[35.277186,47.352337],[35.277186,47.352336],[35.277185,47.352336],[35.276594,47.352288],[35.276579,47.352802]]]}},{"type":"Feature","properties":{"cadnum":"2323381100:01:019:0004"},"geometry":{"type":"Polygon","coordinates":[[[35.276547,47.353814],[35.276548,47.353814],[35.276547,47.353833],[35.277014,47.353871],[35.279094,47.354039],[35.279103,47.353748],[35.279111,47.353524],[35.277186,47.353369],[35.277185,47.353369],[35.277185,47.353368],[35.276563,47.353318],[35.276547,47.353814]]]}},{"type":"Feature","properties":{"cadnum":"2323381100:01:019:0001"},"geometry":{"type":"Polygon","coordinates":[[[35.276594,47.352288],[35.277014,47.352322],[35.277014,47.352323],[35.279149,47.352494],[35.279168,47.351981],[35.277014,47.351807],[35.27661,47.351774],[35.276594,47.352288]]]}},{"type":"Feature","properties":{"cadnum":"2323381100:01:019:0003"},"geometry":{"type":"Polygon","coordinates":[[[35.276563,47.353318],[35.277014,47.353354],[35.277014,47.353355],[35.279111,47.353524],[35.279121,47.353296],[35.27913,47.353009],[35.277186,47.352852],[35.277185,47.352852],[35.277185,47.352851],[35.276579,47.352802],[35.276563,47.353318]]]}},{"type":"Feature","properties":{"cadnum":"2323381100:01:013:0044"},"geometry":{"type":"Polygon","coordinates":[[[35.276925,47.35157],[35.277185,47.351592],[35.277186,47.351592],[35.28088,47.351891],[35.2809,47.351252],[35.280902,47.351224],[35.277014,47.350909],[35.276947,47.350903],[35.276925,47.35157]]]}},{"type":"Feature","properties":{"cadnum":"2323381100:01:013:0045"},"geometry":{"type":"Polygon","coordinates":[[[35.28088,47.351891],[35.282679,47.352037],[35.285011,47.352225],[35.285031,47.351588],[35.282679,47.351397],[35.2809,47.351252],[35.28088,47.351891]]]}},{"type":"Feature","properties":{"cadnum":"2323381100:02:018:0031"},"geometry":{"type":"Polygon","coordinates":[[[35.303659,47.36592],[35.304651,47.366012],[35.305554,47.366095],[35.305557,47.365343],[35.304651,47.365258],[35.30368,47.365166],[35.303659,47.36592]]]}},{"type":"Feature","properties":{"cadnum":"2323381100:02:018:0029"},"geometry":{"type":"Polygon","coordinates":[[[35.306648,47.367953],[35.306751,47.367975],[35.306735,47.368036],[35.306822,47.368045],[35.30679,47.368168],[35.307781,47.368276],[35.307873,47.367984],[35.307659,47.367957],[35.307677,47.367906],[35.307567,47.367894],[35.307539,47.367955],[35.306694,47.367841],[35.306648,47.367953]]]}},{"type":"Feature","properties":{"cadnum":"2323381100:02:018:0032"},"geometry":{"type":"Polygon","coordinates":[[[35.307808,47.367271],[35.309973,47.36756],[35.310862,47.367678],[35.311122,47.366656],[35.310145,47.366573],[35.310144,47.366573],[35.307993,47.366388],[35.307808,47.367271]]]}},{"type":"Feature","properties":{"cadnum":"2323381100:02:001:0023"},"geometry":{"type":"Polygon","coordinates":[[[35.305624,47.364861],[35.305624,47.36507],[35.310144,47.365461],[35.310144,47.36546],[35.310145,47.36546],[35.310343,47.365477],[35.310386,47.364977],[35.310387,47.364977],[35.310425,47.364558],[35.310124,47.364533],[35.305628,47.364144],[35.305624,47.36486],[35.305624,47.364861]]]}},{"type":"Feature","properties":{"cadnum":"2323381100:02:001:0022"},"geometry":{"type":"Polygon","coordinates":[[[35.30562,47.366012],[35.310144,47.366404],[35.310144,47.366403],[35.310145,47.366403],[35.310258,47.366413],[35.310343,47.365477],[35.309973,47.365446],[35.305624,47.36507],[35.30562,47.366012]]]}},{"type":"Feature","properties":{"cadnum":"2323381100:02:018:0030"},"geometry":{"type":"Polygon","coordinates":[[[35.303627,47.367582],[35.304651,47.367657],[35.305975,47.367753],[35.306431,47.366253],[35.30448,47.366069],[35.303658,47.365991],[35.303627,47.367582]]]}},{"type":"Feature","properties":{"cadnum":"2323381100:02:018:0001"},"geometry":{"type":"Polygon","coordinates":[[[35.299096,47.367675],[35.299775,47.367722],[35.299723,47.368697],[35.299724,47.368697],[35.299719,47.368798],[35.30448,47.369357],[35.310144,47.370022],[35.310144,47.370021],[35.310145,47.370021],[35.310631,47.370078],[35.310796,47.36952],[35.310419,47.369471],[35.310609,47.368697],[35.31061,47.368697],[35.310862,47.367678],[35.310145,47.367583],[35.310144,47.367583],[35.307808,47.367271],[35.307993,47.366388],[35.306431,47.366253],[35.305975,47.367753],[35.30448,47.367645],[35.304479,47.367645],[35.303627,47.367582],[35.30368,47.365166],[35.30448,47.365241],[35.30448,47.365242],[35.305557,47.365343],[35.305557,47.364977],[35.305561,47.362979],[35.304651,47.362919],[35.304651,47.362918],[35.303514,47.362842],[35.303533,47.362529],[35.299342,47.362392],[35.299227,47.36486],[35.299227,47.364861],[35.299226,47.364861],[35.299096,47.367675]],[[35.306735,47.368036],[35.306751,47.367975],[35.306648,47.367953],[35.306694,47.367841],[35.307539,47.367955],[35.307567,47.367894],[35.307677,47.367906],[35.307659,47.367957],[35.307872,47.367984],[35.307873,47.367984],[35.307781,47.368276],[35.30679,47.368168],[35.306823,47.368045],[35.306735,47.368036]]]}},{"type":"Feature","properties":{"cadnum":"2323381100:03:015:0014"},"geometry":{"type":"Polygon","coordinates":[[[35.367892,47.368792],[35.370398,47.368898],[35.372648,47.368993],[35.372672,47.368697],[35.372695,47.368427],[35.370537,47.368335],[35.367937,47.368225],[35.367899,47.368697],[35.3679,47.368697],[35.3679,47.368698],[35.367892,47.368792]]]}},{"type":"Feature","properties":{"cadnum":"2323381100:03:015:0017"},"geometry":{"type":"Polygon","coordinates":[[[35.368024,47.367092],[35.370397,47.367194],[35.370398,47.367194],[35.370526,47.3672],[35.370569,47.367201],[35.372789,47.367295],[35.372836,47.36673],[35.370398,47.366626],[35.370398,47.366627],[35.370397,47.366627],[35.368067,47.366527],[35.368024,47.367092]]]}},{"type":"Feature","properties":{"cadnum":"2323381100:03:015:0015"},"geometry":{"type":"Polygon","coordinates":[[[35.367937,47.368225],[35.370398,47.368329],[35.370398,47.36833],[35.370537,47.368335],[35.370569,47.368337],[35.372695,47.368427],[35.372742,47.367861],[35.370539,47.367768],[35.36798,47.367658],[35.367937,47.368225]]]}},{"type":"Feature","properties":{"cadnum":"2323381100:03:015:0018"},"geometry":{"type":"Polygon","coordinates":[[[35.368067,47.366527],[35.370569,47.366635],[35.370569,47.366634],[35.372836,47.36673],[35.372883,47.366165],[35.370569,47.366067],[35.368111,47.365962],[35.368067,47.366527]]]}},{"type":"Feature","properties":{"cadnum":"2323381100:03:013:0014"},"geometry":{"type":"Polygon","coordinates":[[[35.362964,47.368882],[35.364904,47.368964],[35.367542,47.369076],[35.367573,47.368697],[35.367591,47.368487],[35.365076,47.36838],[35.365076,47.368379],[35.363058,47.368293],[35.363011,47.368581],[35.363008,47.368601],[35.362992,47.368697],[35.362993,47.368697],[35.362993,47.368698],[35.362964,47.368882]]]}},{"type":"Feature","properties":{"cadnum":"2323381100:03:013:0023"},"geometry":{"type":"Polygon","coordinates":[[[35.363249,47.3671],[35.364904,47.36717],[35.367687,47.367289],[35.367786,47.366065],[35.365076,47.36595],[35.363444,47.36588],[35.363249,47.3671]]]}},{"type":"Feature","properties":{"cadnum":"2323381100:03:015:0021"},"geometry":{"type":"Polygon","coordinates":[[[35.368111,47.365962],[35.370397,47.36606],[35.370398,47.36606],[35.372883,47.366165],[35.372978,47.365022],[35.371908,47.364977],[35.37191,47.364977],[35.370569,47.36492],[35.368199,47.364819],[35.368196,47.36486],[35.368196,47.364861],[35.368195,47.364861],[35.368191,47.364919],[35.368186,47.364977],[35.368187,47.364977],[35.368111,47.365962]]]}},{"type":"Feature","properties":{"cadnum":"2323381100:03:015:0016"},"geometry":{"type":"Polygon","coordinates":[[[35.36798,47.367658],[35.370397,47.367762],[35.370398,47.367762],[35.370539,47.367768],[35.370569,47.367769],[35.372742,47.367861],[35.372789,47.367295],[35.370526,47.3672],[35.368024,47.367092],[35.36798,47.367658]]]}},{"type":"Feature","properties":{"cadnum":"2323381100:03:010:0031"},"geometry":{"type":"Polygon","coordinates":[[[35.363153,47.3677],[35.365076,47.367783],[35.365076,47.367782],[35.367639,47.367891],[35.367687,47.367289],[35.365076,47.367178],[35.363249,47.3671],[35.363153,47.3677]]]}},{"type":"Feature","properties":{"cadnum":"2323381100:03:013:0024"},"geometry":{"type":"Polygon","coordinates":[[[35.363444,47.36588],[35.364904,47.365942],[35.367786,47.366065],[35.367875,47.364961],[35.367884,47.36485],[35.367817,47.364848],[35.367821,47.364803],[35.365076,47.364687],[35.363645,47.364625],[35.363607,47.364861],[35.363606,47.364861],[35.363596,47.364922],[35.363587,47.364977],[35.363588,47.364977],[35.363444,47.36588]]]}},{"type":"Feature","properties":{"cadnum":"2323381100:03:013:0016"},"geometry":{"type":"Polygon","coordinates":[[[35.363058,47.368293],[35.364904,47.368372],[35.367591,47.368487],[35.367639,47.367891],[35.364904,47.367775],[35.363153,47.3677],[35.363058,47.368293]]]}},{"type":"Feature","properties":{"cadnum":"2323381100:01:031:0014"},"geometry":{"type":"Polygon","coordinates":[[[35.265675,47.380069],[35.266027,47.380096],[35.269327,47.380347],[35.269357,47.379858],[35.269357,47.379857],[35.269374,47.379611],[35.266199,47.37937],[35.265727,47.379333],[35.265722,47.379417],[35.265698,47.379741],[35.265675,47.380069]]]}},{"type":"Feature","properties":{"cadnum":"2323381100:01:031:0001"},"geometry":{"type":"Polygon","coordinates":[[[35.261693,47.380468],[35.265622,47.380792],[35.265672,47.380097],[35.261739,47.379799],[35.261735,47.379798],[35.261731,47.379857],[35.261731,47.379858],[35.261693,47.380468]]]}},{"type":"Feature","properties":{"cadnum":"2323381100:01:032:0013"},"geometry":{"type":"Polygon","coordinates":[[[35.258079,47.380171],[35.260706,47.380388],[35.260706,47.380387],[35.261641,47.380464],[35.261678,47.379858],[35.261678,47.379857],[35.261688,47.379717],[35.260706,47.379642],[35.258124,47.379445],[35.258123,47.379471],[35.258097,47.379857],[35.258098,47.379857],[35.258098,47.379858],[35.258079,47.380171]]]}},{"type":"Feature","properties":{"cadnum":"2323381100:01:031:0013"},"geometry":{"type":"Polygon","coordinates":[[[35.265622,47.380792],[35.266199,47.38084],[35.269278,47.381092],[35.269327,47.380347],[35.266199,47.380109],[35.265675,47.380069],[35.265672,47.380097],[35.265622,47.380792]]]}},{"type":"Feature","properties":{"cadnum":"2323381100:01:031:0002"},"geometry":{"type":"Polygon","coordinates":[[[35.261735,47.379798],[35.261739,47.379799],[35.262512,47.379857],[35.262513,47.379857],[35.265672,47.380097],[35.265675,47.380069],[35.265689,47.379857],[35.265722,47.379417],[35.261779,47.379116],[35.261738,47.379741],[35.261737,47.379741],[35.261735,47.379798]]]}},{"type":"Feature","properties":{"cadnum":"2323381100:01:010:0007"},"geometry":{"type":"Polygon","coordinates":[[[35.264292,47.348442],[35.266199,47.348576],[35.268417,47.348731],[35.268443,47.348107],[35.266027,47.347938],[35.264315,47.347818],[35.264292,47.348442]]]}},{"type":"Feature","properties":{"cadnum":"2323381100:01:010:0018"},"geometry":{"type":"Polygon","coordinates":[[[35.264269,47.349067],[35.266027,47.34919],[35.266027,47.349191],[35.268392,47.349355],[35.268405,47.349044],[35.266199,47.348889],[35.264281,47.348755],[35.264269,47.349067]]]}},{"type":"Feature","properties":{"cadnum":"2323381100:01:010:0010"},"geometry":{"type":"Polygon","coordinates":[[[35.264339,47.347194],[35.266027,47.347313],[35.268468,47.347483],[35.268494,47.34686],[35.266199,47.3467],[35.264362,47.346571],[35.264339,47.347194]]]}},{"type":"Feature","properties":{"cadnum":"2323381100:01:010:0009"},"geometry":{"type":"Polygon","coordinates":[[[35.264327,47.347506],[35.266199,47.347638],[35.266199,47.347637],[35.268456,47.347795],[35.268468,47.347483],[35.266199,47.347325],[35.264339,47.347194],[35.264327,47.347506]]]}},{"type":"Feature","properties":{"cadnum":"2323381100:01:010:0012"},"geometry":{"type":"Polygon","coordinates":[[[35.264374,47.346254],[35.264374,47.346259],[35.266027,47.346375],[35.266027,47.346376],[35.268507,47.346548],[35.268514,47.34637],[35.268519,47.346237],[35.266199,47.346075],[35.264385,47.345948],[35.264374,47.346254]]]}},{"type":"Feature","properties":{"cadnum":"2323381100:01:010:0006"},"geometry":{"type":"Polygon","coordinates":[[[35.264281,47.348755],[35.266027,47.348877],[35.268405,47.349044],[35.268417,47.348731],[35.266027,47.348564],[35.264292,47.348442],[35.264281,47.348755]]]}},{"type":"Feature","properties":{"cadnum":"2323381100:01:010:0011"},"geometry":{"type":"Polygon","coordinates":[[[35.264362,47.346571],[35.266027,47.346688],[35.268494,47.34686],[35.268507,47.346548],[35.266199,47.346388],[35.265956,47.34637],[35.265959,47.34637],[35.264374,47.346259],[35.264369,47.34637],[35.26437,47.34637],[35.264362,47.346571]]]}},{"type":"Feature","properties":{"cadnum":"2323381100:01:010:0015"},"geometry":{"type":"Polygon","coordinates":[[[35.264222,47.350317],[35.266199,47.350456],[35.268341,47.350605],[35.268366,47.34998],[35.266199,47.34983],[35.264246,47.349692],[35.264235,47.349976],[35.264234,47.349976],[35.264222,47.350317]]]}},{"type":"Feature","properties":{"cadnum":"2323381100:01:010:0017"},"geometry":{"type":"Polygon","coordinates":[[[35.264257,47.34938],[35.266027,47.349504],[35.26838,47.349668],[35.268392,47.349355],[35.266199,47.349203],[35.264269,47.349067],[35.264257,47.34938]]]}},{"type":"Feature","properties":{"cadnum":"2323381100:01:010:0008"},"geometry":{"type":"Polygon","coordinates":[[[35.264315,47.347818],[35.266199,47.34795],[35.268443,47.348107],[35.268456,47.347795],[35.266027,47.347625],[35.266027,47.347626],[35.264327,47.347506],[35.264315,47.347818]]]}},{"type":"Feature","properties":{"cadnum":"2323381100:01:010:0016"},"geometry":{"type":"Polygon","coordinates":[[[35.264246,47.349692],[35.266027,47.349817],[35.266027,47.349818],[35.268366,47.34998],[35.26838,47.349668],[35.266199,47.349516],[35.264257,47.34938],[35.264246,47.349692]]]}},{"type":"Feature","properties":{"cadnum":"2323381100:01:011:0005"},"geometry":{"type":"Polygon","coordinates":[[[35.259575,47.349302],[35.260706,47.349382],[35.263963,47.34961],[35.263974,47.349316],[35.260706,47.349088],[35.259582,47.349009],[35.259575,47.349302]]]}},{"type":"Feature","properties":{"cadnum":"2323381100:01:011:0006"},"geometry":{"type":"Polygon","coordinates":[[[35.259582,47.349009],[35.260534,47.349076],[35.263974,47.349316],[35.263985,47.349023],[35.260706,47.348794],[35.259589,47.348715],[35.259582,47.349009]]]}},{"type":"Feature","properties":{"cadnum":"2323381100:01:011:0003"},"geometry":{"type":"Polygon","coordinates":[[[35.259561,47.34989],[35.260706,47.349971],[35.26211,47.350068],[35.262447,47.350092],[35.262448,47.350092],[35.263942,47.350197],[35.26395,47.349976],[35.263953,47.349903],[35.260706,47.349676],[35.259567,47.349596],[35.259561,47.34989]]]}},{"type":"Feature","properties":{"cadnum":"2323381100:01:011:0007"},"geometry":{"type":"Polygon","coordinates":[[[35.259589,47.348715],[35.260534,47.348782],[35.263985,47.349023],[35.263994,47.34873],[35.260706,47.3485],[35.259597,47.348422],[35.259589,47.348715]]]}},{"type":"Feature","properties":{"cadnum":"2323381100:01:011:0001"},"geometry":{"type":"Polygon","coordinates":[[[35.259554,47.350178],[35.260534,47.350246],[35.260534,47.350247],[35.262103,47.350356],[35.26211,47.350068],[35.260782,47.349976],[35.260534,47.349959],[35.259561,47.34989],[35.259558,47.349976],[35.259557,47.350038],[35.259555,47.350092],[35.259556,47.350092],[35.259554,47.350178]]]}},{"type":"Feature","properties":{"cadnum":"2323381100:01:011:0016"},"geometry":{"type":"Polygon","coordinates":[[[35.259653,47.346085],[35.260706,47.346159],[35.262066,47.346254],[35.262407,47.346278],[35.263727,47.34637],[35.263728,47.34637],[35.264079,47.346395],[35.264081,47.346311],[35.26409,47.346104],[35.260706,47.345868],[35.25966,47.345794],[35.259653,47.346085]]]}},{"type":"Feature","properties":{"cadnum":"2323381100:01:011:0008"},"geometry":{"type":"Polygon","coordinates":[[[35.259597,47.348422],[35.260534,47.348488],[35.263994,47.34873],[35.264005,47.348437],[35.260706,47.348207],[35.259604,47.348129],[35.259597,47.348422]]]}},{"type":"Feature","properties":{"cadnum":"2323381100:01:011:0010"},"geometry":{"type":"Polygon","coordinates":[[[35.25961,47.347836],[35.260534,47.347901],[35.264016,47.348145],[35.264027,47.347852],[35.260706,47.347621],[35.259617,47.347544],[35.25961,47.347836]]]}},{"type":"Feature","properties":{"cadnum":"2323381100:01:011:0015"},"geometry":{"type":"Polygon","coordinates":[[[35.259646,47.346376],[35.260534,47.346438],[35.264069,47.346686],[35.264079,47.346395],[35.262407,47.346278],[35.260534,47.346147],[35.259653,47.346085],[35.259649,47.346254],[35.259648,47.346289],[35.259646,47.34637],[35.259647,47.34637],[35.259646,47.346376]]]}},{"type":"Feature","properties":{"cadnum":"2323381100:01:011:0014"},"geometry":{"type":"Polygon","coordinates":[[[35.259638,47.346667],[35.260534,47.346731],[35.264059,47.346977],[35.264069,47.346686],[35.260706,47.34645],[35.259646,47.346376],[35.259638,47.346667]]]}},{"type":"Feature","properties":{"cadnum":"2323381100:01:011:0013"},"geometry":{"type":"Polygon","coordinates":[[[35.259632,47.346959],[35.260534,47.347022],[35.260534,47.347023],[35.264048,47.347269],[35.264059,47.346977],[35.260706,47.346743],[35.259638,47.346667],[35.259632,47.346959]]]}},{"type":"Feature","properties":{"cadnum":"2323381100:01:011:0004"},"geometry":{"type":"Polygon","coordinates":[[[35.259567,47.349596],[35.260534,47.349664],[35.263953,47.349903],[35.263963,47.34961],[35.260534,47.34937],[35.259575,47.349302],[35.259567,47.349596]]]}},{"type":"Feature","properties":{"cadnum":"2323381100:01:011:0011"},"geometry":{"type":"Polygon","coordinates":[[[35.259617,47.347544],[35.260534,47.347609],[35.264027,47.347852],[35.264037,47.347561],[35.260706,47.347328],[35.259625,47.347252],[35.259617,47.347544]]]}},{"type":"Feature","properties":{"cadnum":"2323381100:01:011:0009"},"geometry":{"type":"Polygon","coordinates":[[[35.259604,47.348129],[35.260534,47.348195],[35.264005,47.348437],[35.264016,47.348145],[35.260706,47.347913],[35.25961,47.347836],[35.259604,47.348129]]]}},{"type":"Feature","properties":{"cadnum":"2323381100:01:011:0012"},"geometry":{"type":"Polygon","coordinates":[[[35.259625,47.347252],[35.260534,47.347316],[35.264037,47.347561],[35.264048,47.347269],[35.260706,47.347035],[35.260706,47.347034],[35.259632,47.346959],[35.259625,47.347252]]]}},{"type":"Feature","properties":{"cadnum":"2323381100:03:006:0012"},"geometry":{"type":"Polygon","coordinates":[[[35.345035,47.379942],[35.345225,47.380133],[35.345084,47.380403],[35.348425,47.380617],[35.351232,47.380797],[35.351311,47.380345],[35.348597,47.380171],[35.345035,47.379942]]]}},{"type":"Feature","properties":{"cadnum":"2323381100:03:006:0011"},"geometry":{"type":"Polygon","coordinates":[[[35.344864,47.380829],[35.348597,47.38107],[35.348597,47.381069],[35.351155,47.381233],[35.351232,47.380797],[35.348597,47.380628],[35.345084,47.380403],[35.344864,47.380829]]]}},{"type":"Feature","properties":{"cadnum":"2323381100:03:006:0010"},"geometry":{"type":"Polygon","coordinates":[[[35.339663,47.381807],[35.339843,47.381783],[35.343103,47.380391],[35.343357,47.380282],[35.342932,47.380255],[35.342932,47.380256],[35.339979,47.380065],[35.339663,47.381807]]]}},{"type":"Feature","properties":{"cadnum":"2323381100:03:006:0048"},"geometry":{"type":"Polygon","coordinates":[[[35.339528,47.383109],[35.342515,47.383172],[35.342572,47.38311],[35.342932,47.382391],[35.343087,47.382079],[35.339708,47.38202],[35.339528,47.383109]]]}},{"type":"Feature","properties":{"cadnum":"2323381100:03:006:0025"},"geometry":{"type":"Polygon","coordinates":[[[35.344237,47.382044],[35.348425,47.382314],[35.350937,47.382474],[35.351009,47.38206],[35.348597,47.381906],[35.344446,47.38164],[35.344237,47.382044]]]}},{"type":"Feature","properties":{"cadnum":"2323381100:03:006:0024"},"geometry":{"type":"Polygon","coordinates":[[[35.344446,47.38164],[35.348425,47.381895],[35.351009,47.38206],[35.351082,47.38165],[35.348597,47.381491],[35.344654,47.381238],[35.344446,47.38164]]]}},{"type":"Feature","properties":{"cadnum":"2323381100:03:006:0026"},"geometry":{"type":"Polygon","coordinates":[[[35.344027,47.38245],[35.348425,47.382732],[35.350864,47.382889],[35.350937,47.382475],[35.350937,47.382474],[35.348597,47.382325],[35.344237,47.382044],[35.344027,47.38245]]]}},{"type":"Feature","properties":{"cadnum":"2323381100:03:006:0023"},"geometry":{"type":"Polygon","coordinates":[[[35.344654,47.381238],[35.348425,47.38148],[35.351082,47.38165],[35.351155,47.381233],[35.348425,47.381058],[35.348425,47.381059],[35.344864,47.380829],[35.344654,47.381238]]]}},{"type":"Feature","properties":{"cadnum":"2323381100:03:006:0049"},"geometry":{"type":"Polygon","coordinates":[[[35.339708,47.38202],[35.342932,47.382077],[35.343087,47.382079],[35.343103,47.382048],[35.343103,47.382047],[35.343142,47.38197],[35.344329,47.380076],[35.343104,47.38058],[35.343103,47.38058],[35.339945,47.381878],[35.339728,47.381872],[35.339708,47.38202]]]}},{"type":"Feature","properties":{"cadnum":"2323381100:03:006:0041"},"geometry":{"type":"Polygon","coordinates":[[[35.34362,47.383241],[35.347048,47.38346],[35.347048,47.383461],[35.347044,47.383461],[35.348425,47.38355],[35.350722,47.383697],[35.35075,47.383534],[35.350793,47.38329],[35.350863,47.382889],[35.348597,47.382743],[35.344027,47.38245],[35.343825,47.382843],[35.34362,47.383241]]]}},{"type":"Feature","properties":{"cadnum":"2323381100:03:006:0029"},"geometry":{"type":"Polygon","coordinates":[[[35.343413,47.383638],[35.344097,47.383681],[35.345185,47.383751],[35.346238,47.383819],[35.347234,47.383883],[35.348225,47.383946],[35.348425,47.38396],[35.348594,47.383971],[35.348597,47.383971],[35.349212,47.38401],[35.350197,47.384073],[35.350651,47.384102],[35.350722,47.383697],[35.348597,47.383561],[35.348597,47.38356],[35.34362,47.383241],[35.343505,47.383461],[35.343504,47.383461],[35.343476,47.383515],[35.343444,47.383577],[35.343413,47.383638]]]}},{"type":"Feature","properties":{"cadnum":"2323381100:03:006:0013"},"geometry":{"type":"Polygon","coordinates":[[[35.344919,47.379827],[35.34495,47.379857],[35.345035,47.379942],[35.348425,47.38016],[35.351311,47.380345],[35.351391,47.379898],[35.348941,47.379741],[35.348936,47.379741],[35.348597,47.379719],[35.344992,47.379488],[35.344957,47.379647],[35.344937,47.379741],[35.344919,47.379827]]]}},{"type":"Feature","properties":{"cadnum":"2323381100:03:006:0008"},"geometry":{"type":"Polygon","coordinates":[[[35.339979,47.380065],[35.343103,47.380267],[35.343103,47.380266],[35.343104,47.380266],[35.343357,47.380282],[35.344402,47.379836],[35.344791,47.37967],[35.344854,47.379641],[35.342932,47.379518],[35.34011,47.379336],[35.340015,47.379857],[35.340016,47.379857],[35.340016,47.379858],[35.339979,47.380065]]]}},{"type":"Feature","properties":{"cadnum":"2323381100:49:003:0002"},"geometry":{"type":"Polygon","coordinates":[[[35.2337,47.266364],[35.233735,47.266595],[35.23455,47.266524],[35.23452,47.266323],[35.2337,47.266364]]]}},{"type":"Feature","properties":{"cadnum":"2323381100:49:003:0003"},"geometry":{"type":"Polygon","coordinates":[[[35.232839,47.266512],[35.232878,47.266686],[35.232917,47.266854],[35.233068,47.266838],[35.233068,47.266839],[35.233322,47.26681],[35.233299,47.266708],[35.233299,47.266707],[35.23355,47.266673],[35.233491,47.266445],[35.233111,47.266485],[35.232839,47.266512]]]}},{"type":"Feature","properties":{"cadnum":"2323381100:02:002:0015"},"geometry":{"type":"Polygon","coordinates":[[[35.296574,47.361447],[35.298986,47.361588],[35.298986,47.361589],[35.299068,47.361593],[35.299158,47.361599],[35.299158,47.361598],[35.300168,47.361657],[35.300168,47.361652],[35.300192,47.361262],[35.29997,47.361249],[35.299158,47.361202],[35.299158,47.361201],[35.29658,47.361051],[35.296579,47.36114],[35.296578,47.36114],[35.296574,47.361447]]]}},{"type":"Feature","properties":{"cadnum":"2323381100:02:002:0013"},"geometry":{"type":"Polygon","coordinates":[[[35.296558,47.362432],[35.296819,47.362438],[35.297491,47.362454],[35.297487,47.36261],[35.298986,47.362699],[35.299105,47.362705],[35.299158,47.362709],[35.299331,47.362719],[35.299342,47.362393],[35.299342,47.362392],[35.30012,47.362418],[35.300136,47.362154],[35.298986,47.362086],[35.298986,47.362087],[35.296566,47.361945],[35.296558,47.362432]]]}},{"type":"Feature","properties":{"cadnum":"2323381100:02:002:0016"},"geometry":{"type":"Polygon","coordinates":[[[35.29658,47.361051],[35.298986,47.361191],[35.298986,47.361192],[35.29997,47.361249],[35.300098,47.361256],[35.300192,47.361262],[35.300195,47.361212],[35.300201,47.36113],[35.300223,47.360782],[35.300223,47.36077],[35.299057,47.360702],[35.296589,47.360558],[35.29658,47.361051]]]}},{"type":"Feature","properties":{"cadnum":"2323381100:02:002:0010"},"geometry":{"type":"Polygon","coordinates":[[[35.296526,47.364338],[35.299158,47.364504],[35.299158,47.364503],[35.299267,47.36451],[35.299283,47.364078],[35.298986,47.364059],[35.296532,47.363905],[35.296526,47.364338]]]}},{"type":"Feature","properties":{"cadnum":"2323381100:02:002:0009"},"geometry":{"type":"Polygon","coordinates":[[[35.296513,47.364977],[35.296514,47.364977],[35.296513,47.364987],[35.299158,47.365153],[35.299158,47.365152],[35.299244,47.365158],[35.299252,47.364916],[35.299267,47.36451],[35.298986,47.364493],[35.296526,47.364338],[35.296516,47.36486],[35.296516,47.364861],[35.296515,47.364861],[35.296514,47.364964],[35.296513,47.364977]]]}},{"type":"Feature","properties":{"cadnum":"2323381100:02:002:0026"},"geometry":{"type":"Polygon","coordinates":[[[35.303632,47.360954],[35.30448,47.361011],[35.30448,47.361012],[35.304565,47.361017],[35.304559,47.36114],[35.304554,47.361245],[35.304553,47.361256],[35.304539,47.36158],[35.304651,47.361584],[35.304651,47.361583],[35.305573,47.361609],[35.305574,47.36114],[35.305573,47.36114],[35.305577,47.360449],[35.30448,47.360364],[35.304479,47.360364],[35.303672,47.3603],[35.303658,47.360545],[35.303636,47.360893],[35.303632,47.360954]]]}},{"type":"Feature","properties":{"cadnum":"2323381100:02:002:0022"},"geometry":{"type":"Polygon","coordinates":[[[35.300168,47.361652],[35.303581,47.361763],[35.303613,47.361241],[35.303216,47.361228],[35.300201,47.36113],[35.300201,47.36114],[35.3002,47.36114],[35.300195,47.361212],[35.300192,47.361256],[35.300192,47.361262],[35.300168,47.361652]]]}},{"type":"Feature","properties":{"cadnum":"2323381100:02:002:0012"},"geometry":{"type":"Polygon","coordinates":[[[35.296543,47.363258],[35.298986,47.363411],[35.298986,47.363412],[35.299306,47.363431],[35.299331,47.362719],[35.299105,47.362705],[35.297487,47.36261],[35.297479,47.362893],[35.296809,47.362876],[35.296808,47.362876],[35.296818,47.362483],[35.296556,47.362477],[35.296543,47.363258]]]}},{"type":"Feature","properties":{"cadnum":"2323381100:02:002:0011"},"geometry":{"type":"Polygon","coordinates":[[[35.296532,47.363905],[35.299158,47.36407],[35.299283,47.364078],[35.299306,47.363431],[35.299158,47.363422],[35.296543,47.363258],[35.296532,47.363905]]]}},{"type":"Feature","properties":{"cadnum":"2323381100:02:002:0014"},"geometry":{"type":"Polygon","coordinates":[[[35.296566,47.361945],[35.299158,47.362097],[35.299158,47.362096],[35.300136,47.362154],[35.300141,47.36207],[35.300168,47.361657],[35.299068,47.361593],[35.296574,47.361447],[35.296566,47.361945]]]}},{"type":"Feature","properties":{"cadnum":"2323381100:02:002:0023"},"geometry":{"type":"Polygon","coordinates":[[[35.300141,47.36207],[35.303554,47.362181],[35.303581,47.361763],[35.300168,47.361652],[35.300168,47.361657],[35.300141,47.36207]]]}},{"type":"Feature","properties":{"cadnum":"2323381100:02:002:0025"},"geometry":{"type":"Polygon","coordinates":[[[35.303514,47.362842],[35.304476,47.362908],[35.304539,47.36158],[35.304553,47.361256],[35.304554,47.361256],[35.304555,47.361256],[35.304565,47.361017],[35.303632,47.360954],[35.30362,47.36114],[35.303619,47.36114],[35.303613,47.361241],[35.303612,47.361256],[35.303581,47.361763],[35.303554,47.362181],[35.303533,47.362529],[35.303514,47.362842]]]}},{"type":"Feature","properties":{"cadnum":"2323381100:02:002:0021"},"geometry":{"type":"Polygon","coordinates":[[[35.300201,47.36113],[35.300509,47.36114],[35.303216,47.361228],[35.303613,47.361241],[35.303636,47.360893],[35.300223,47.360782],[35.300201,47.36113]]]}},{"type":"Feature","properties":{"cadnum":"2323381100:02:002:0024"},"geometry":{"type":"Polygon","coordinates":[[[35.30012,47.362418],[35.303533,47.362529],[35.303554,47.362181],[35.300141,47.36207],[35.300136,47.362154],[35.30012,47.362418]]]}},{"type":"Feature","properties":{"cadnum":"2323381100:02:001:0005"},"geometry":{"type":"Polygon","coordinates":[[[35.321895,47.367562],[35.323413,47.367731],[35.323727,47.364914],[35.323735,47.364842],[35.323632,47.364832],[35.322214,47.364705],[35.322184,47.364977],[35.321895,47.367562]]]}},{"type":"Feature","properties":{"cadnum":"2323381100:02:001:0004"},"geometry":{"type":"Polygon","coordinates":[[[35.323413,47.367731],[35.324914,47.367898],[35.32524,47.364976],[35.325079,47.364962],[35.323735,47.364842],[35.323733,47.364861],[35.323732,47.364861],[35.323727,47.364914],[35.323719,47.364977],[35.32372,47.364977],[35.323413,47.367731]]]}},{"type":"Feature","properties":{"cadnum":"2323381100:02:007:0002"},"geometry":{"type":"Polygon","coordinates":[[[35.321829,47.361871],[35.326452,47.362302],[35.326452,47.362303],[35.327163,47.362368],[35.327344,47.36114],[35.327878,47.357535],[35.327879,47.357535],[35.328039,47.356458],[35.328365,47.355854],[35.326588,47.355713],[35.321966,47.355345],[35.321919,47.357535],[35.32192,47.357535],[35.321842,47.361256],[35.321829,47.361871]]]}},{"type":"Feature","properties":{"cadnum":"2323381100:02:015:0012"},"geometry":{"type":"Polygon","coordinates":[[[35.319402,47.361406],[35.321131,47.361539],[35.321764,47.361588],[35.321772,47.361194],[35.321776,47.361041],[35.320959,47.360978],[35.319417,47.360859],[35.319409,47.36114],[35.319402,47.361406]]]}},{"type":"Feature","properties":{"cadnum":"2323381100:02:001:0014"},"geometry":{"type":"Polygon","coordinates":[[[35.322028,47.364689],[35.322214,47.364705],[35.323632,47.364832],[35.323935,47.362109],[35.322332,47.361962],[35.322028,47.364689]]]}},{"type":"Feature","properties":{"cadnum":"2323381100:02:001:0002"},"geometry":{"type":"Polygon","coordinates":[[[35.32524,47.364976],[35.325248,47.364977],[35.325249,47.364977],[35.326452,47.365097],[35.326452,47.365098],[35.326852,47.365137],[35.326883,47.364861],[35.326882,47.364861],[35.326882,47.36486],[35.327156,47.362412],[35.326452,47.362344],[35.326452,47.362345],[35.325543,47.362256],[35.325253,47.364861],[35.325252,47.364861],[35.32524,47.364976]]]}},{"type":"Feature","properties":{"cadnum":"2323381100:02:001:0013"},"geometry":{"type":"Polygon","coordinates":[[[35.320459,47.364548],[35.320675,47.364567],[35.320959,47.364593],[35.320959,47.364594],[35.321079,47.364604],[35.321131,47.364609],[35.322028,47.364689],[35.322332,47.361962],[35.321788,47.361912],[35.321131,47.361737],[35.320808,47.36165],[35.320782,47.361648],[35.320459,47.364548]]]}},{"type":"Feature","properties":{"cadnum":"2323381100:02:001:0003"},"geometry":{"type":"Polygon","coordinates":[[[35.323632,47.364832],[35.323947,47.364861],[35.325101,47.364964],[35.32524,47.364976],[35.325543,47.362256],[35.323935,47.362109],[35.323632,47.364832]]]}},{"type":"Feature","properties":{"cadnum":"2323381100:02:001:0006"},"geometry":{"type":"Polygon","coordinates":[[[35.32036,47.367391],[35.320959,47.367458],[35.321064,47.36747],[35.321131,47.367478],[35.321131,47.367477],[35.321895,47.367562],[35.322197,47.364861],[35.322197,47.36486],[35.322214,47.364705],[35.322028,47.364689],[35.321079,47.364604],[35.320675,47.364567],[35.320628,47.364977],[35.32036,47.367391]]]}},{"type":"Feature","properties":{"cadnum":"2323381100:01:022:0002"},"geometry":{"type":"Polygon","coordinates":[[[35.277486,47.375951],[35.278378,47.376021],[35.282679,47.376359],[35.284901,47.376533],[35.284931,47.37609],[35.285068,47.374146],[35.282679,47.373954],[35.282679,47.373953],[35.277653,47.373547],[35.277486,47.375951]]]}},{"type":"Feature","properties":{"cadnum":"2323381100:01:030:0025"},"geometry":{"type":"Polygon","coordinates":[[[35.273843,47.376303],[35.277185,47.376567],[35.277186,47.376567],[35.277376,47.376582],[35.277413,47.376031],[35.277479,47.375075],[35.277014,47.375039],[35.273948,47.374796],[35.273913,47.375308],[35.273866,47.375988],[35.273854,47.376138],[35.273855,47.376138],[35.273843,47.376303]]]}},{"type":"Feature","properties":{"cadnum":"2323381100:01:030:0019"},"geometry":{"type":"Polygon","coordinates":[[[35.273792,47.377052],[35.277014,47.377307],[35.277324,47.377331],[35.277376,47.376582],[35.277014,47.376554],[35.273843,47.376303],[35.273818,47.376669],[35.273792,47.377052]]]}},{"type":"Feature","properties":{"cadnum":"2323381100:01:030:0018"},"geometry":{"type":"Polygon","coordinates":[[[35.27374,47.377801],[35.277185,47.378074],[35.277186,47.378074],[35.277271,47.37808],[35.277324,47.377331],[35.277186,47.37732],[35.277185,47.37732],[35.273792,47.377052],[35.273771,47.377351],[35.27374,47.377801]]]}},{"type":"Feature","properties":{"cadnum":"2323381100:01:022:0001"},"geometry":{"type":"Polygon","coordinates":[[[35.277078,47.381831],[35.277185,47.38184],[35.277185,47.381839],[35.277186,47.381839],[35.282507,47.382256],[35.282507,47.382257],[35.284488,47.382411],[35.284666,47.379858],[35.284666,47.379857],[35.284901,47.376533],[35.282507,47.376346],[35.27986,47.376138],[35.279861,47.376138],[35.277486,47.375951],[35.277481,47.376021],[35.27748,47.376021],[35.277223,47.379744],[35.277078,47.381831]]]}},{"type":"Feature","properties":{"cadnum":"2323381100:01:030:0015"},"geometry":{"type":"Polygon","coordinates":[[[35.273585,47.38005],[35.277014,47.38032],[35.277014,47.380321],[35.277116,47.380328],[35.277149,47.379837],[35.277168,47.379579],[35.273637,47.379301],[35.273629,47.3794],[35.273605,47.379741],[35.273603,47.379766],[35.273597,47.379857],[35.273597,47.379858],[35.273585,47.38005]]]}},{"type":"Feature","properties":{"cadnum":"2323381100:01:030:0017"},"geometry":{"type":"Polygon","coordinates":[[[35.273688,47.378552],[35.277014,47.378813],[35.277014,47.378814],[35.27722,47.378829],[35.277271,47.37808],[35.277014,47.37806],[35.27374,47.377801],[35.273724,47.378033],[35.273688,47.378552]]]}},{"type":"Feature","properties":{"cadnum":"2323381100:01:030:0016"},"geometry":{"type":"Polygon","coordinates":[[[35.273637,47.379301],[35.277014,47.379566],[35.277014,47.379567],[35.277168,47.379579],[35.27722,47.378829],[35.277186,47.378827],[35.277185,47.378827],[35.273688,47.378552],[35.273677,47.378717],[35.273637,47.379301]]]}},{"type":"Feature","properties":{"cadnum":"2323381100:01:013:0054"},"geometry":{"type":"Polygon","coordinates":[[[35.281068,47.346084],[35.282507,47.346201],[35.284592,47.34637],[35.284593,47.34637],[35.285197,47.346419],[35.285203,47.346254],[35.285202,47.346254],[35.285219,47.345766],[35.282507,47.345546],[35.282507,47.345547],[35.281089,47.345431],[35.281076,47.345821],[35.281068,47.346084]]]}},{"type":"Feature","properties":{"cadnum":"2323381100:01:013:0057"},"geometry":{"type":"Polygon","coordinates":[[[35.281131,47.344125],[35.282507,47.344236],[35.282507,47.344237],[35.285262,47.344459],[35.285282,47.343807],[35.282679,47.343596],[35.281152,47.343471],[35.281143,47.343775],[35.281131,47.344125]]]}},{"type":"Feature","properties":{"cadnum":"2323381100:01:013:0055"},"geometry":{"type":"Polygon","coordinates":[[[35.281089,47.345431],[35.282679,47.345561],[35.282679,47.34556],[35.285219,47.345766],[35.28524,47.345113],[35.282679,47.344906],[35.282679,47.344905],[35.28111,47.344778],[35.281099,47.34514],[35.281089,47.345431]]]}},{"type":"Feature","properties":{"cadnum":"2323381100:01:013:0056"},"geometry":{"type":"Polygon","coordinates":[[[35.28111,47.344778],[35.282507,47.344891],[35.282507,47.344892],[35.28524,47.345113],[35.285262,47.344459],[35.282679,47.34425],[35.281131,47.344125],[35.28112,47.344457],[35.28111,47.344778]]]}},{"type":"Feature","properties":{"cadnum":"2323381100:01:013:0053"},"geometry":{"type":"Polygon","coordinates":[[[35.281046,47.346737],[35.282507,47.346856],[35.285177,47.347072],[35.285197,47.346419],[35.28316,47.346254],[35.283157,47.346254],[35.282679,47.346215],[35.281068,47.346084],[35.281062,47.346254],[35.281061,47.346254],[35.281055,47.346504],[35.281046,47.346737]]]}},{"type":"Feature","properties":{"cadnum":"2323381100:01:013:0037"},"geometry":{"type":"Polygon","coordinates":[[[35.277078,47.346865],[35.277185,47.346875],[35.277185,47.346874],[35.277186,47.346874],[35.281032,47.347186],[35.281046,47.346737],[35.281055,47.346504],[35.278424,47.346291],[35.2771,47.346183],[35.277097,47.346254],[35.277096,47.346282],[35.277093,47.34637],[35.277078,47.346865]]]}},{"type":"Feature","properties":{"cadnum":"2323381100:01:013:0035"},"geometry":{"type":"Polygon","coordinates":[[[35.277122,47.345502],[35.281076,47.345821],[35.281089,47.345431],[35.281099,47.34514],[35.277144,47.344819],[35.277122,47.345502]]]}},{"type":"Feature","properties":{"cadnum":"2323381100:01:013:0036"},"geometry":{"type":"Polygon","coordinates":[[[35.2771,47.346183],[35.277973,47.346254],[35.278424,47.346291],[35.279406,47.34637],[35.279407,47.34637],[35.281055,47.346504],[35.281058,47.34637],[35.281059,47.34637],[35.281068,47.346084],[35.281076,47.345821],[35.277122,47.345502],[35.2771,47.346183]]]}},{"type":"Feature","properties":{"cadnum":"2323381100:01:013:0033"},"geometry":{"type":"Polygon","coordinates":[[[35.277167,47.344137],[35.28112,47.344457],[35.281131,47.344125],[35.281143,47.343775],[35.277189,47.343454],[35.277167,47.344137]]]}},{"type":"Feature","properties":{"cadnum":"2323381100:01:013:0034"},"geometry":{"type":"Polygon","coordinates":[[[35.277144,47.344819],[35.281099,47.34514],[35.28111,47.344778],[35.28112,47.344457],[35.277167,47.344137],[35.277144,47.344819]]]}},{"type":"Feature","properties":{"cadnum":"2323381100:01:013:0006"},"geometry":{"type":"Polygon","coordinates":[[[35.273121,47.343804],[35.277014,47.34414],[35.277085,47.344146],[35.277125,47.342648],[35.277185,47.340463],[35.277185,47.340434],[35.277227,47.338926],[35.27729,47.336633],[35.277014,47.336612],[35.273814,47.336368],[35.273459,47.336385],[35.27337,47.336615],[35.273315,47.336635],[35.273252,47.338926],[35.273253,47.338926],[35.273155,47.342532],[35.273154,47.342532],[35.273121,47.343804]]]}},{"type":"Feature","properties":{"cadnum":"2323381100:01:013:0059"},"geometry":{"type":"Polygon","coordinates":[[[35.281174,47.342818],[35.282507,47.342927],[35.285303,47.343153],[35.285322,47.342581],[35.285325,47.3425],[35.282507,47.342272],[35.281195,47.342166],[35.281187,47.342411],[35.281179,47.342648],[35.281174,47.342818]]]}},{"type":"Feature","properties":{"cadnum":"2323381100:01:013:0058"},"geometry":{"type":"Polygon","coordinates":[[[35.281152,47.343471],[35.282507,47.343582],[35.285282,47.343807],[35.285303,47.343153],[35.282679,47.342941],[35.281174,47.342818],[35.281164,47.343093],[35.281152,47.343471]]]}},{"type":"Feature","properties":{"cadnum":"2323381100:01:013:0031"},"geometry":{"type":"Polygon","coordinates":[[[35.277211,47.342773],[35.281164,47.343093],[35.281174,47.342818],[35.281183,47.342532],[35.281187,47.342411],[35.277232,47.34209],[35.277214,47.342648],[35.277211,47.342773]]]}},{"type":"Feature","properties":{"cadnum":"2323381100:01:013:0032"},"geometry":{"type":"Polygon","coordinates":[[[35.277189,47.343454],[35.281143,47.343775],[35.281152,47.343471],[35.281164,47.343093],[35.277211,47.342773],[35.277189,47.343454]]]}},{"type":"Feature","properties":{"cadnum":"2323381100:02:012:0010"},"geometry":{"type":"Polygon","coordinates":[[[35.303841,47.357682],[35.30448,47.357733],[35.304511,47.357735],[35.304651,47.357747],[35.304651,47.357746],[35.307392,47.357961],[35.307401,47.357597],[35.305126,47.357419],[35.30512,47.357419],[35.304485,47.357369],[35.303851,47.357319],[35.303844,47.357535],[35.303845,47.357535],[35.303841,47.357682]]]}},{"type":"Feature","properties":{"cadnum":"2323381100:02:012:0016"},"geometry":{"type":"Polygon","coordinates":[[[35.303788,47.359868],[35.304651,47.359936],[35.307337,47.360146],[35.307347,47.359782],[35.30448,47.359557],[35.304479,47.359557],[35.303796,47.359504],[35.303788,47.359868]]]}},{"type":"Feature","properties":{"cadnum":"2323381100:02:012:0017"},"geometry":{"type":"Polygon","coordinates":[[[35.303778,47.360232],[35.304651,47.360301],[35.307329,47.36051],[35.307337,47.360146],[35.30448,47.359922],[35.30448,47.359923],[35.304479,47.359923],[35.303788,47.359868],[35.303778,47.360232]]]}},{"type":"Feature","properties":{"cadnum":"2323381100:02:013:0002"},"geometry":{"type":"Polygon","coordinates":[[[35.307388,47.359724],[35.310144,47.359941],[35.310144,47.35994],[35.310145,47.35994],[35.310818,47.359992],[35.310838,47.359204],[35.309973,47.359137],[35.307407,47.358936],[35.307388,47.359724]]]}},{"type":"Feature","properties":{"cadnum":"2323381100:02:013:0004"},"geometry":{"type":"Polygon","coordinates":[[[35.307427,47.358147],[35.310144,47.358361],[35.310145,47.358361],[35.310859,47.358416],[35.310881,47.357628],[35.310145,47.357571],[35.310144,47.357571],[35.310144,47.35757],[35.309693,47.357535],[35.309692,47.357535],[35.307446,47.35736],[35.307444,47.357419],[35.307443,47.357419],[35.307441,47.357522],[35.307441,47.357535],[35.307427,47.358147]]]}},{"type":"Feature","properties":{"cadnum":"2323381100:02:001:0028"},"geometry":{"type":"Polygon","coordinates":[[[35.309937,47.361822],[35.309973,47.361825],[35.309973,47.361826],[35.310663,47.361885],[35.310719,47.361256],[35.31072,47.361256],[35.310756,47.360853],[35.310028,47.360795],[35.309986,47.361256],[35.309987,47.361256],[35.309937,47.361822]]]}},{"type":"Feature","properties":{"cadnum":"2323381100:02:013:0001"},"geometry":{"type":"Polygon","coordinates":[[[35.307368,47.360513],[35.310144,47.360731],[35.310145,47.360731],[35.310796,47.360782],[35.310818,47.359992],[35.309973,47.359927],[35.307388,47.359724],[35.307368,47.360513]]]}},{"type":"Feature","properties":{"cadnum":"2323381100:02:001:0027"},"geometry":{"type":"Polygon","coordinates":[[[35.305638,47.36114],[35.305638,47.361451],[35.309937,47.361822],[35.309997,47.36114],[35.310028,47.360795],[35.305642,47.360454],[35.305639,47.36114],[35.305638,47.36114]]]}},{"type":"Feature","properties":{"cadnum":"2323381100:02:013:0005"},"geometry":{"type":"Polygon","coordinates":[[[35.307446,47.35736],[35.308202,47.357419],[35.308203,47.357419],[35.309973,47.357557],[35.309973,47.357558],[35.310881,47.357628],[35.310884,47.357478],[35.310901,47.35684],[35.310145,47.356781],[35.310144,47.356781],[35.307466,47.356571],[35.307446,47.35736]]]}},{"type":"Feature","properties":{"cadnum":"2323381100:02:013:0003"},"geometry":{"type":"Polygon","coordinates":[[[35.307407,47.358936],[35.310144,47.35915],[35.310145,47.35915],[35.310838,47.359204],[35.310859,47.358416],[35.309973,47.358347],[35.307427,47.358147],[35.307407,47.358936]]]}},{"type":"Feature","properties":{"cadnum":"2323381100:02:012:0015"},"geometry":{"type":"Polygon","coordinates":[[[35.303796,47.359504],[35.304651,47.359571],[35.307347,47.359782],[35.307356,47.359417],[35.304651,47.359206],[35.303805,47.359139],[35.303796,47.359504]]]}},{"type":"Feature","properties":{"cadnum":"2323381100:02:012:0009"},"geometry":{"type":"Polygon","coordinates":[[[35.303851,47.357319],[35.30448,47.357369],[35.304485,47.357369],[35.304651,47.357382],[35.306611,47.357535],[35.307401,47.357597],[35.307402,47.357521],[35.30741,47.357232],[35.30448,47.357004],[35.303859,47.356954],[35.303851,47.357319]]]}},{"type":"Feature","properties":{"cadnum":"2323381100:02:012:0013"},"geometry":{"type":"Polygon","coordinates":[[[35.303814,47.358775],[35.304651,47.358841],[35.307366,47.359053],[35.307374,47.358689],[35.30448,47.358463],[35.303824,47.358411],[35.303814,47.358775]]]}},{"type":"Feature","properties":{"cadnum":"2323381100:02:012:0012"},"geometry":{"type":"Polygon","coordinates":[[[35.303824,47.358411],[35.304651,47.358476],[35.307374,47.358689],[35.307383,47.358324],[35.30448,47.358097],[35.304479,47.358097],[35.303832,47.358046],[35.303824,47.358411]]]}},{"type":"Feature","properties":{"cadnum":"2323381100:02:012:0011"},"geometry":{"type":"Polygon","coordinates":[[[35.303832,47.358046],[35.304651,47.358111],[35.307383,47.358324],[35.307392,47.357961],[35.304511,47.357735],[35.303841,47.357682],[35.303832,47.358046]]]}},{"type":"Feature","properties":{"cadnum":"2323381100:02:012:0014"},"geometry":{"type":"Polygon","coordinates":[[[35.303805,47.359139],[35.30448,47.359192],[35.30448,47.359193],[35.307356,47.359417],[35.307366,47.359053],[35.30448,47.358828],[35.303814,47.358775],[35.303805,47.359139]]]}},{"type":"Feature","properties":{"cadnum":"2323381100:01:031:0010"},"geometry":{"type":"Polygon","coordinates":[[[35.262078,47.374375],[35.266062,47.374678],[35.2661,47.374153],[35.266111,47.374005],[35.262121,47.373702],[35.262078,47.374375]]]}},{"type":"Feature","properties":{"cadnum":"2323381100:01:031:0012"},"geometry":{"type":"Polygon","coordinates":[[[35.262164,47.373029],[35.266027,47.373323],[35.266159,47.373333],[35.266199,47.372775],[35.266199,47.372774],[35.266207,47.372662],[35.266027,47.372648],[35.266027,47.372649],[35.262993,47.372418],[35.262205,47.372358],[35.262201,47.372418],[35.262202,47.372418],[35.262164,47.373029]]]}},{"type":"Feature","properties":{"cadnum":"2323381100:01:031:0009"},"geometry":{"type":"Polygon","coordinates":[[[35.262035,47.37505],[35.266014,47.375352],[35.266046,47.374897],[35.266062,47.374678],[35.262078,47.374375],[35.262035,47.37505]]]}},{"type":"Feature","properties":{"cadnum":"2323381100:01:031:0008"},"geometry":{"type":"Polygon","coordinates":[[[35.261993,47.375724],[35.265964,47.376027],[35.265993,47.37564],[35.266014,47.375352],[35.262035,47.37505],[35.261993,47.375724]]]}},{"type":"Feature","properties":{"cadnum":"2323381100:01:031:0011"},"geometry":{"type":"Polygon","coordinates":[[[35.262121,47.373702],[35.266027,47.373999],[35.266027,47.374],[35.266111,47.374005],[35.266127,47.373781],[35.266154,47.373409],[35.266159,47.373333],[35.262164,47.373029],[35.262121,47.373702]]]}},{"type":"Feature","properties":{"cadnum":"2323381100:01:031:0007"},"geometry":{"type":"Polygon","coordinates":[[[35.26195,47.376401],[35.265916,47.376703],[35.265939,47.376381],[35.265964,47.376027],[35.261993,47.375724],[35.261974,47.376021],[35.261973,47.376021],[35.26195,47.376401]]]}},{"type":"Feature","properties":{"cadnum":"2323381100:01:032:0019"},"geometry":{"type":"Polygon","coordinates":[[[35.258358,47.375764],[35.260534,47.37593],[35.260534,47.375931],[35.261921,47.376035],[35.261967,47.375298],[35.260706,47.375203],[35.258405,47.375028],[35.25838,47.375405],[35.258358,47.375764]]]}},{"type":"Feature","properties":{"cadnum":"2323381100:01:032:0023"},"geometry":{"type":"Polygon","coordinates":[[[35.258544,47.372819],[35.260534,47.37297],[35.260534,47.372971],[35.262107,47.37309],[35.262153,47.372354],[35.262152,47.372354],[35.261461,47.372301],[35.261458,47.372301],[35.260706,47.372244],[35.258591,47.372083],[35.258577,47.372301],[35.258576,47.372301],[35.258549,47.372743],[35.258544,47.372819]]]}},{"type":"Feature","properties":{"cadnum":"2323381100:01:032:0021"},"geometry":{"type":"Polygon","coordinates":[[[35.258452,47.374291],[35.260706,47.374464],[35.260706,47.374463],[35.262014,47.374563],[35.26206,47.373826],[35.260534,47.37371],[35.260534,47.373711],[35.258498,47.373555],[35.258465,47.374069],[35.258452,47.374291]]]}},{"type":"Feature","properties":{"cadnum":"2323381100:01:032:0018"},"geometry":{"type":"Polygon","coordinates":[[[35.258311,47.3765],[35.260534,47.376669],[35.260534,47.37667],[35.261874,47.376772],[35.261921,47.376035],[35.261914,47.376035],[35.261741,47.376021],[35.26174,47.376021],[35.260706,47.375944],[35.260706,47.375943],[35.258358,47.375764],[35.258341,47.376021],[35.25834,47.376021],[35.258338,47.376077],[35.258334,47.376138],[35.258311,47.3765]]]}},{"type":"Feature","properties":{"cadnum":"2323381100:01:032:0022"},"geometry":{"type":"Polygon","coordinates":[[[35.258498,47.373555],[35.260706,47.373724],[35.260706,47.373723],[35.26206,47.373826],[35.262107,47.37309],[35.260706,47.372984],[35.260706,47.372983],[35.258544,47.372819],[35.258508,47.373405],[35.258498,47.373555]]]}},{"type":"Feature","properties":{"cadnum":"2323381100:01:032:0020"},"geometry":{"type":"Polygon","coordinates":[[[35.258405,47.375028],[35.260534,47.37519],[35.261967,47.375298],[35.262014,47.374563],[35.260534,47.37445],[35.260534,47.374451],[35.258452,47.374291],[35.258423,47.374736],[35.258405,47.375028]]]}},{"type":"Feature","properties":{"cadnum":"2323381100:01:031:0024"},"geometry":{"type":"Polygon","coordinates":[[[35.2661,47.374153],[35.266199,47.374161],[35.269703,47.374428],[35.269728,47.374055],[35.266127,47.373781],[35.266111,47.374005],[35.2661,47.374153]]]}},{"type":"Feature","properties":{"cadnum":"2323381100:01:031:0021"},"geometry":{"type":"Polygon","coordinates":[[[35.266046,47.374897],[35.266199,47.374909],[35.269656,47.375171],[35.269703,47.374428],[35.2661,47.374153],[35.266062,47.374678],[35.266046,47.374897]]]}},{"type":"Feature","properties":{"cadnum":"2323381100:01:031:0019"},"geometry":{"type":"Polygon","coordinates":[[[35.265939,47.376381],[35.266027,47.376388],[35.269561,47.376656],[35.269593,47.376138],[35.269608,47.375914],[35.266027,47.375643],[35.265993,47.37564],[35.265965,47.376021],[35.265964,47.376021],[35.265964,47.376027],[35.265956,47.376138],[35.265939,47.376381]]]}},{"type":"Feature","properties":{"cadnum":"2323381100:01:031:0020"},"geometry":{"type":"Polygon","coordinates":[[[35.265993,47.37564],[35.266199,47.375656],[35.269608,47.375914],[35.269656,47.375171],[35.266046,47.374897],[35.266014,47.375352],[35.265993,47.37564]]]}},{"type":"Feature","properties":{"cadnum":"2323381100:01:029:0024"},"geometry":{"type":"Polygon","coordinates":[[[35.262453,47.372088],[35.265255,47.372301],[35.266199,47.372374],[35.266199,47.372373],[35.266659,47.372408],[35.266662,47.372409],[35.266681,47.371788],[35.266199,47.371752],[35.262478,47.371469],[35.262453,47.372088]]]}},{"type":"Feature","properties":{"cadnum":"2323381100:01:007:0007"},"geometry":{"type":"Polygon","coordinates":[[[35.264477,47.342358],[35.266027,47.342467],[35.268622,47.342648],[35.268637,47.342339],[35.266199,47.342169],[35.264489,47.342049],[35.264477,47.342358]]]}},{"type":"Feature","properties":{"cadnum":"2323381100:01:007:0008"},"geometry":{"type":"Polygon","coordinates":[[[35.264464,47.342667],[35.266027,47.342777],[35.268609,47.342957],[35.268622,47.342648],[35.266958,47.342532],[35.266953,47.342532],[35.266199,47.342479],[35.264477,47.342358],[35.264469,47.342532],[35.264469,47.342534],[35.264464,47.342648],[35.264464,47.342667]]]}},{"type":"Feature","properties":{"cadnum":"2323381100:01:006:0014"},"geometry":{"type":"Polygon","coordinates":[[[35.259978,47.340588],[35.260706,47.340649],[35.264461,47.340961],[35.264481,47.3406],[35.260538,47.340288],[35.259997,47.340245],[35.259978,47.340588]]]}},{"type":"Feature","properties":{"cadnum":"2323381100:01:002:0004"},"geometry":{"type":"Polygon","coordinates":[[[35.264682,47.339285],[35.266027,47.339404],[35.266027,47.339405],[35.268751,47.339646],[35.268767,47.339229],[35.266027,47.338987],[35.2647,47.338869],[35.264682,47.339285]]]}},{"type":"Feature","properties":{"cadnum":"2323381100:01:002:0006"},"geometry":{"type":"Polygon","coordinates":[[[35.264614,47.340636],[35.266027,47.340743],[35.268691,47.340944],[35.268704,47.340533],[35.266199,47.340338],[35.266199,47.340337],[35.264627,47.340214],[35.264614,47.340636]]]}},{"type":"Feature","properties":{"cadnum":"2323381100:01:002:0005"},"geometry":{"type":"Polygon","coordinates":[[[35.264677,47.339701],[35.266027,47.339823],[35.266059,47.339826],[35.266199,47.339838],[35.268745,47.340065],[35.268751,47.339646],[35.266199,47.33942],[35.266199,47.339419],[35.264682,47.339285],[35.264677,47.339701]]]}},{"type":"Feature","properties":{"cadnum":"2323381100:01:007:0010"},"geometry":{"type":"Polygon","coordinates":[[[35.264517,47.341357],[35.266027,47.341463],[35.268667,47.341647],[35.268696,47.340983],[35.266145,47.340768],[35.264547,47.340632],[35.264517,47.341357]]]}},{"type":"Feature","properties":{"cadnum":"2323381100:01:007:0009"},"geometry":{"type":"Polygon","coordinates":[[[35.264489,47.342049],[35.266027,47.342157],[35.268637,47.342339],[35.268667,47.341647],[35.266199,47.341475],[35.264517,47.341357],[35.264489,47.342049]]]}},{"type":"Feature","properties":{"cadnum":"2323381100:01:003:0012"},"geometry":{"type":"Polygon","coordinates":[[[35.259878,47.338753],[35.260706,47.338823],[35.261944,47.338926],[35.261945,47.338926],[35.264391,47.33913],[35.264393,47.338888],[35.264395,47.338779],[35.260534,47.338452],[35.259891,47.338398],[35.259878,47.338753]]]}},{"type":"Feature","properties":{"cadnum":"2323381100:01:006:0016"},"geometry":{"type":"Polygon","coordinates":[[[35.259958,47.340937],[35.260706,47.341],[35.260706,47.340999],[35.264442,47.34131],[35.264461,47.340961],[35.260534,47.340634],[35.259978,47.340588],[35.259958,47.340937]]]}},{"type":"Feature","properties":{"cadnum":"2323381100:01:006:0018"},"geometry":{"type":"Polygon","coordinates":[[[35.259881,47.34233],[35.260706,47.342399],[35.263707,47.342648],[35.263708,47.342648],[35.264364,47.342703],[35.264364,47.342648],[35.264367,47.342355],[35.260534,47.342034],[35.259887,47.341979],[35.259881,47.34233]]]}},{"type":"Feature","properties":{"cadnum":"2323381100:01:006:0017"},"geometry":{"type":"Polygon","coordinates":[[[35.259862,47.342677],[35.260706,47.342748],[35.264346,47.343051],[35.264364,47.342703],[35.262309,47.342532],[35.262307,47.342532],[35.260534,47.342385],[35.259881,47.34233],[35.25987,47.342532],[35.259869,47.342532],[35.259862,47.342677]]]}},{"type":"Feature","properties":{"cadnum":"2323381100:03:009:0044"},"geometry":{"type":"Polygon","coordinates":[[[35.346695,47.373778],[35.348425,47.373845],[35.352417,47.373998],[35.352487,47.373537],[35.348597,47.373389],[35.346765,47.373318],[35.346695,47.373778]]]}},{"type":"Feature","properties":{"cadnum":"2323381100:03:009:0043"},"geometry":{"type":"Polygon","coordinates":[[[35.346765,47.373318],[35.348425,47.373382],[35.352487,47.373537],[35.352557,47.373077],[35.348597,47.372926],[35.348597,47.372925],[35.346834,47.372857],[35.346765,47.373318]]]}},{"type":"Feature","properties":{"cadnum":"2323381100:03:009:0042"},"geometry":{"type":"Polygon","coordinates":[[[35.346834,47.372857],[35.348425,47.372919],[35.352557,47.373077],[35.352627,47.372617],[35.348597,47.372463],[35.346904,47.372398],[35.346834,47.372857]]]}},{"type":"Feature","properties":{"cadnum":"2323381100:03:009:0041"},"geometry":{"type":"Polygon","coordinates":[[[35.346904,47.372398],[35.346912,47.372398],[35.348425,47.372456],[35.348425,47.372457],[35.352627,47.372617],[35.35266,47.372396],[35.352696,47.372157],[35.348597,47.372],[35.346974,47.371937],[35.346919,47.372301],[35.346918,47.372301],[35.346904,47.372398]]]}},{"type":"Feature","properties":{"cadnum":"2323381100:03:009:0045"},"geometry":{"type":"Polygon","coordinates":[[[35.346625,47.374239],[35.348597,47.374315],[35.348597,47.374314],[35.352348,47.374457],[35.352417,47.373998],[35.348597,47.373852],[35.346695,47.373778],[35.346625,47.374239]]]}},{"type":"Feature","properties":{"cadnum":"2323381100:03:009:0046"},"geometry":{"type":"Polygon","coordinates":[[[35.346557,47.374698],[35.348425,47.374771],[35.352278,47.374918],[35.352348,47.374457],[35.348425,47.374308],[35.346625,47.374239],[35.346557,47.374698]]]}},{"type":"Feature","properties":{"cadnum":"2323381100:03:009:0003"},"geometry":{"type":"Polygon","coordinates":[[[35.341049,47.373829],[35.342932,47.373901],[35.342932,47.373902],[35.346589,47.374042],[35.346661,47.373567],[35.343104,47.373431],[35.343103,47.373431],[35.343103,47.37343],[35.341119,47.373354],[35.341049,47.373829]]]}},{"type":"Feature","properties":{"cadnum":"2323381100:03:009:0005"},"geometry":{"type":"Polygon","coordinates":[[[35.341188,47.372879],[35.343103,47.372954],[35.343103,47.372953],[35.343104,47.372953],[35.346732,47.373092],[35.346804,47.372617],[35.342932,47.372469],[35.341258,47.372404],[35.341188,47.372879]]]}},{"type":"Feature","properties":{"cadnum":"2323381100:03:009:0001"},"geometry":{"type":"Polygon","coordinates":[[[35.34092,47.3747],[35.343103,47.374848],[35.343104,47.374848],[35.346432,47.375071],[35.346517,47.374517],[35.342932,47.374379],[35.342932,47.37438],[35.340979,47.374304],[35.34092,47.3747]]]}},{"type":"Feature","properties":{"cadnum":"2323381100:03:009:0002"},"geometry":{"type":"Polygon","coordinates":[[[35.341119,47.373354],[35.342932,47.373424],[35.34666,47.373567],[35.346732,47.373092],[35.342932,47.372946],[35.342932,47.372947],[35.341188,47.372879],[35.341119,47.373354]]]}},{"type":"Feature","properties":{"cadnum":"2323381100:03:009:0006"},"geometry":{"type":"Polygon","coordinates":[[[35.341258,47.372404],[35.34127,47.372405],[35.343103,47.372476],[35.343103,47.372475],[35.343104,47.372475],[35.346804,47.372617],[35.346852,47.372301],[35.346851,47.372301],[35.346876,47.372143],[35.342932,47.371992],[35.341328,47.37193],[35.341273,47.372301],[35.341258,47.372404]]]}},{"type":"Feature","properties":{"cadnum":"2323381100:03:009:0004"},"geometry":{"type":"Polygon","coordinates":[[[35.340978,47.374304],[35.343103,47.374387],[35.343103,47.374386],[35.343104,47.374386],[35.346517,47.374517],[35.346589,47.374042],[35.343104,47.373908],[35.343103,47.373908],[35.341049,47.373829],[35.340978,47.374304]]]}},{"type":"Feature","properties":{"cadnum":"2323381100:03:006:0022"},"geometry":{"type":"Polygon","coordinates":[[[35.345711,47.376088],[35.345714,47.376088],[35.348597,47.376274],[35.348597,47.376273],[35.35199,47.376491],[35.352051,47.376138],[35.352137,47.37565],[35.348425,47.375412],[35.348425,47.375413],[35.345889,47.375249],[35.345771,47.375803],[35.345725,47.376021],[35.345724,47.376021],[35.345711,47.376088]]]}},{"type":"Feature","properties":{"cadnum":"2323381100:03:009:0047"},"geometry":{"type":"Polygon","coordinates":[[[35.346499,47.375076],[35.348597,47.375218],[35.348597,47.375217],[35.352196,47.37546],[35.352278,47.374918],[35.348597,47.374777],[35.346557,47.374698],[35.346499,47.375076]]]}},{"type":"Feature","properties":{"cadnum":"2323381100:03:006:0001"},"geometry":{"type":"Polygon","coordinates":[[[35.341046,47.3755],[35.342932,47.375622],[35.345771,47.375803],[35.345889,47.375249],[35.343104,47.375071],[35.343103,47.375071],[35.341124,47.374943],[35.341046,47.3755]]]}},{"type":"Feature","properties":{"cadnum":"2323381100:03:006:0002"},"geometry":{"type":"Polygon","coordinates":[[[35.340967,47.376061],[35.342932,47.376188],[35.342932,47.376189],[35.345653,47.376363],[35.3457,47.376138],[35.345771,47.375803],[35.343104,47.375633],[35.343103,47.375633],[35.341046,47.3755],[35.340973,47.376021],[35.340972,47.376021],[35.340967,47.376061]]]}},{"type":"Feature","properties":{"cadnum":"2323381100:02:011:0004"},"geometry":{"type":"Polygon","coordinates":[[[35.300266,47.357607],[35.303731,47.357877],[35.303739,47.357535],[35.30375,47.357093],[35.300291,47.356822],[35.300267,47.357535],[35.300268,47.357535],[35.300266,47.357607]]]}},{"type":"Feature","properties":{"cadnum":"2323381100:02:010:0004"},"geometry":{"type":"Polygon","coordinates":[[[35.29674,47.356554],[35.299158,47.356744],[35.300251,47.356829],[35.300278,47.356043],[35.298986,47.355942],[35.298986,47.355943],[35.296774,47.355769],[35.29674,47.356554]]]}},{"type":"Feature","properties":{"cadnum":"2323381100:02:012:0008"},"geometry":{"type":"Polygon","coordinates":[[[35.303859,47.356954],[35.304651,47.357017],[35.30741,47.357232],[35.307429,47.356504],[35.30448,47.356273],[35.304479,47.356273],[35.303877,47.356226],[35.303859,47.356954]]]}},{"type":"Feature","properties":{"cadnum":"2323381100:02:011:0005"},"geometry":{"type":"Polygon","coordinates":[[[35.300291,47.356822],[35.30375,47.357093],[35.30377,47.356307],[35.300317,47.356036],[35.300291,47.356822]]]}},{"type":"Feature","properties":{"cadnum":"2323381100:02:010:0005"},"geometry":{"type":"Polygon","coordinates":[[[35.296705,47.357336],[35.297761,47.357419],[35.297758,47.357419],[35.299158,47.357529],[35.299158,47.357528],[35.299241,47.357535],[35.300226,47.357612],[35.300231,47.357419],[35.300251,47.356829],[35.298986,47.35673],[35.29674,47.356554],[35.296705,47.357336]]]}},{"type":"Feature","properties":{"cadnum":"2323381100:02:010:0002"},"geometry":{"type":"Polygon","coordinates":[[[35.296808,47.354982],[35.299158,47.355166],[35.300303,47.355256],[35.300329,47.354467],[35.299158,47.354376],[35.299158,47.354375],[35.296842,47.354193],[35.296808,47.354982]]]}},{"type":"Feature","properties":{"cadnum":"2323381100:04:006:0001"},"geometry":{"type":"Polygon","coordinates":[[[35.303935,47.353814],[35.303936,47.353814],[35.303935,47.353844],[35.30448,47.353886],[35.307486,47.354118],[35.307498,47.353745],[35.307512,47.353372],[35.304651,47.353152],[35.304651,47.353151],[35.303962,47.353098],[35.303939,47.353697],[35.303938,47.353731],[35.303935,47.353814]]]}},{"type":"Feature","properties":{"cadnum":"2323381100:04:005:0001"},"geometry":{"type":"Polygon","coordinates":[[[35.300397,47.353571],[35.302036,47.353697],[35.302556,47.353737],[35.303546,47.353814],[35.303547,47.353814],[35.303831,47.353835],[35.303833,47.353737],[35.303844,47.353455],[35.300409,47.353189],[35.300397,47.353571]]]}},{"type":"Feature","properties":{"cadnum":"2323381100:02:012:0001"},"geometry":{"type":"Polygon","coordinates":[[[35.303922,47.354405],[35.30448,47.35445],[35.304497,47.354451],[35.304651,47.354463],[35.304693,47.354466],[35.304744,47.354004],[35.304565,47.353991],[35.303934,47.353943],[35.303922,47.354405]]]}},{"type":"Feature","properties":{"cadnum":"2323381100:02:011:0007"},"geometry":{"type":"Polygon","coordinates":[[[35.300344,47.355249],[35.303789,47.355519],[35.303809,47.354729],[35.300369,47.35446],[35.300344,47.355249]]]}},{"type":"Feature","properties":{"cadnum":"2323381100:02:011:0008"},"geometry":{"type":"Polygon","coordinates":[[[35.300369,47.35446],[35.303809,47.354729],[35.303828,47.353935],[35.301907,47.353789],[35.300395,47.353674],[35.300394,47.353697],[35.300393,47.353697],[35.300391,47.353763],[35.300389,47.353814],[35.30039,47.353814],[35.300369,47.35446]]]}},{"type":"Feature","properties":{"cadnum":"2323381100:02:010:0001"},"geometry":{"type":"Polygon","coordinates":[[[35.296842,47.354193],[35.298986,47.354362],[35.300329,47.354467],[35.300352,47.353775],[35.300356,47.353671],[35.298986,47.353567],[35.298986,47.353568],[35.296877,47.353408],[35.296863,47.353697],[35.296863,47.353701],[35.296858,47.353814],[35.296842,47.354193]]]}},{"type":"Feature","properties":{"cadnum":"2323381100:02:010:0003"},"geometry":{"type":"Polygon","coordinates":[[[35.296774,47.355769],[35.299158,47.355956],[35.300278,47.356043],[35.300303,47.355256],[35.298986,47.355153],[35.296808,47.354982],[35.296774,47.355769]]]}},{"type":"Feature","properties":{"cadnum":"2323381100:02:012:0006"},"geometry":{"type":"Polygon","coordinates":[[[35.303887,47.355861],[35.30448,47.355908],[35.30448,47.355909],[35.307437,47.35614],[35.307446,47.355776],[35.30448,47.355544],[35.303895,47.355497],[35.303887,47.355861]]]}},{"type":"Feature","properties":{"cadnum":"2323381100:02:012:0003"},"geometry":{"type":"Polygon","coordinates":[[[35.303914,47.354769],[35.304651,47.354828],[35.304651,47.354827],[35.307465,47.355047],[35.307473,47.354683],[35.304693,47.354466],[35.304497,47.354451],[35.303922,47.354405],[35.303914,47.354769]]]}},{"type":"Feature","properties":{"cadnum":"2323381100:02:012:0007"},"geometry":{"type":"Polygon","coordinates":[[[35.303877,47.356226],[35.304651,47.356287],[35.307429,47.356504],[35.307437,47.35614],[35.304651,47.355922],[35.304651,47.355921],[35.303887,47.355861],[35.303887,47.355862],[35.303877,47.356226]]]}},{"type":"Feature","properties":{"cadnum":"2323381100:02:012:0005"},"geometry":{"type":"Polygon","coordinates":[[[35.303895,47.355497],[35.304651,47.355557],[35.307446,47.355776],[35.307456,47.355412],[35.30448,47.355179],[35.303904,47.355134],[35.303895,47.355497]]]}},{"type":"Feature","properties":{"cadnum":"2323381100:02:011:0006"},"geometry":{"type":"Polygon","coordinates":[[[35.300317,47.356036],[35.30377,47.356307],[35.303789,47.355519],[35.300344,47.355249],[35.300317,47.356036]]]}},{"type":"Feature","properties":{"cadnum":"2323381100:02:012:0004"},"geometry":{"type":"Polygon","coordinates":[[[35.303904,47.355134],[35.304651,47.355193],[35.307456,47.355412],[35.307465,47.355047],[35.30448,47.354814],[35.304479,47.354814],[35.303914,47.354769],[35.303904,47.355134]]]}},{"type":"Feature","properties":{"cadnum":"2323381100:46:002:0002"},"geometry":{"type":"Polygon","coordinates":[[[35.259574,47.291239],[35.259928,47.291461],[35.260463,47.291059],[35.260105,47.290839],[35.259574,47.291239]]]}},{"type":"Feature","properties":{"cadnum":"2323381100:46:002:0001"},"geometry":{"type":"Polygon","coordinates":[[[35.260105,47.290839],[35.260463,47.291059],[35.260534,47.291006],[35.260594,47.290961],[35.260706,47.290878],[35.260706,47.290877],[35.260827,47.290787],[35.260631,47.290667],[35.260469,47.290567],[35.260105,47.290839]]]}},{"type":"Feature","properties":{"cadnum":"2323381100:02:015:0005"},"geometry":{"type":"Polygon","coordinates":[[[35.319505,47.357535],[35.319506,47.357535],[35.319505,47.357563],[35.321131,47.357689],[35.321848,47.357744],[35.321855,47.357436],[35.32186,47.357192],[35.321131,47.357137],[35.321131,47.357136],[35.31952,47.357012],[35.319509,47.357419],[35.319508,47.357419],[35.319507,47.357481],[35.319505,47.357535]]]}},{"type":"Feature","properties":{"cadnum":"2323381100:02:015:0004"},"geometry":{"type":"Polygon","coordinates":[[[35.31952,47.357012],[35.320959,47.357123],[35.32186,47.357192],[35.321872,47.35664],[35.320959,47.35657],[35.319535,47.35646],[35.31952,47.357012]]]}},{"type":"Feature","properties":{"cadnum":"2323381100:02:015:0003"},"geometry":{"type":"Polygon","coordinates":[[[35.319535,47.35646],[35.321131,47.356584],[35.321131,47.356583],[35.321872,47.35664],[35.321884,47.356087],[35.320959,47.356016],[35.31955,47.355907],[35.319535,47.35646]]]}},{"type":"Feature","properties":{"cadnum":"2323381100:02:015:0002"},"geometry":{"type":"Polygon","coordinates":[[[35.31955,47.355907],[35.321131,47.35603],[35.321131,47.356029],[35.321884,47.356087],[35.321897,47.355534],[35.321131,47.355475],[35.321131,47.355474],[35.319564,47.355354],[35.31955,47.355907]]]}},{"type":"Feature","properties":{"cadnum":"2323381100:04:012:0001"},"geometry":{"type":"Polygon","coordinates":[[[35.319682,47.353088],[35.321131,47.353186],[35.321946,47.35324],[35.32201,47.353245],[35.322011,47.353245],[35.322001,47.353697],[35.322,47.353697],[35.321968,47.355296],[35.326452,47.355654],[35.329177,47.355871],[35.329356,47.355762],[35.329533,47.353697],[35.329532,47.353697],[35.329786,47.35075],[35.329836,47.350006],[35.329908,47.348977],[35.330012,47.347704],[35.330053,47.346858],[35.330034,47.346254],[35.330033,47.346254],[35.329924,47.342648],[35.329868,47.340792],[35.326452,47.340547],[35.321131,47.340167],[35.321131,47.340166],[35.320133,47.340094],[35.320047,47.342532],[35.319916,47.346312],[35.319786,47.350092],[35.319682,47.353088]]]}},{"type":"Feature","properties":{"cadnum":"2323381100:04:010:0001"},"geometry":{"type":"Polygon","coordinates":[[[35.319546,47.355118],[35.320959,47.355227],[35.321901,47.355299],[35.321921,47.354421],[35.320959,47.354348],[35.319572,47.354241],[35.319546,47.355118]]]}},{"type":"Feature","properties":{"cadnum":"2323381100:01:029:0075"},"geometry":{"type":"Polygon","coordinates":[[[35.275032,47.368394],[35.277014,47.368544],[35.277014,47.368545],[35.279009,47.368696],[35.279027,47.368039],[35.277186,47.3679],[35.277185,47.3679],[35.275052,47.367738],[35.27504,47.368108],[35.275032,47.368394]]]}},{"type":"Feature","properties":{"cadnum":"2323381100:01:020:0020"},"geometry":{"type":"Polygon","coordinates":[[[35.279268,47.371785],[35.28125,47.371954],[35.282507,47.372061],[35.282679,47.372075],[35.283237,47.372122],[35.285219,47.372291],[35.285243,47.371894],[35.283255,47.371725],[35.282679,47.371676],[35.281268,47.371555],[35.279279,47.371386],[35.279268,47.371785]]]}},{"type":"Feature","properties":{"cadnum":"2323381100:01:029:0072"},"geometry":{"type":"Polygon","coordinates":[[[35.27497,47.370365],[35.277185,47.370534],[35.277185,47.370533],[35.277186,47.370533],[35.278956,47.370667],[35.278973,47.370007],[35.277186,47.369872],[35.277185,47.369872],[35.27499,47.369706],[35.274982,47.369954],[35.27497,47.370365]]]}},{"type":"Feature","properties":{"cadnum":"2323381100:01:029:0070"},"geometry":{"type":"Polygon","coordinates":[[[35.274928,47.371698],[35.277185,47.37187],[35.277185,47.371869],[35.277186,47.371869],[35.278919,47.372001],[35.278938,47.371332],[35.277186,47.3712],[35.277185,47.3712],[35.274948,47.37103],[35.274944,47.371184],[35.274928,47.371698]]]}},{"type":"Feature","properties":{"cadnum":"2323381100:01:029:0069"},"geometry":{"type":"Polygon","coordinates":[[[35.274907,47.372367],[35.275577,47.372418],[35.275579,47.372418],[35.277014,47.372526],[35.277014,47.372527],[35.278902,47.372669],[35.278911,47.372301],[35.278919,47.372001],[35.277014,47.371856],[35.277014,47.371857],[35.274928,47.371698],[35.274924,47.3718],[35.274909,47.372301],[35.274908,47.372301],[35.274907,47.372367]]]}},{"type":"Feature","properties":{"cadnum":"2323381100:01:029:0074"},"geometry":{"type":"Polygon","coordinates":[[[35.275012,47.369049],[35.277014,47.369201],[35.278991,47.369351],[35.279009,47.368696],[35.277499,47.368581],[35.277495,47.368581],[35.277186,47.368558],[35.277185,47.368558],[35.275032,47.368394],[35.275025,47.368581],[35.275025,47.368594],[35.275021,47.368697],[35.275022,47.368697],[35.275021,47.368723],[35.275012,47.369049]]]}},{"type":"Feature","properties":{"cadnum":"2323381100:01:029:0071"},"geometry":{"type":"Polygon","coordinates":[[[35.274948,47.37103],[35.277014,47.371187],[35.278938,47.371332],[35.278956,47.370667],[35.277014,47.37052],[35.277014,47.370521],[35.27497,47.370365],[35.274963,47.370569],[35.274948,47.37103]]]}},{"type":"Feature","properties":{"cadnum":"2323381100:01:029:0073"},"geometry":{"type":"Polygon","coordinates":[[[35.27499,47.369706],[35.277014,47.369859],[35.278973,47.370007],[35.278991,47.369351],[35.277186,47.369215],[35.277186,47.369214],[35.277185,47.369214],[35.275012,47.369049],[35.275002,47.369339],[35.27499,47.369706]]]}},{"type":"Feature","properties":{"cadnum":"2323381100:01:020:0022"},"geometry":{"type":"Polygon","coordinates":[[[35.279322,47.369799],[35.281328,47.36997],[35.282507,47.370071],[35.282679,47.370085],[35.283333,47.370141],[35.285339,47.370311],[35.285363,47.369918],[35.283353,47.369746],[35.282679,47.369689],[35.279333,47.369405],[35.279322,47.369799]]]}},{"type":"Feature","properties":{"cadnum":"2323381100:01:020:0010"},"geometry":{"type":"Polygon","coordinates":[[[35.279257,47.372184],[35.280629,47.372301],[35.281237,47.372353],[35.282507,47.372461],[35.282629,47.372472],[35.282679,47.372476],[35.283216,47.372521],[35.285195,47.37269],[35.28521,47.372418],[35.285211,47.372418],[35.285219,47.372291],[35.283237,47.372122],[35.282679,47.372075],[35.28125,47.371954],[35.279268,47.371785],[35.279257,47.372184]]]}},{"type":"Feature","properties":{"cadnum":"2323381100:01:020:0004"},"geometry":{"type":"Polygon","coordinates":[[[35.27929,47.370987],[35.282679,47.371277],[35.282679,47.371276],[35.283275,47.371327],[35.285267,47.371497],[35.285291,47.371101],[35.282679,47.370879],[35.281297,47.370761],[35.2793,47.37059],[35.27929,47.370987]]]}},{"type":"Feature","properties":{"cadnum":"2323381100:01:020:0013"},"geometry":{"type":"Polygon","coordinates":[[[35.279247,47.372585],[35.281222,47.372754],[35.282507,47.372863],[35.282507,47.372864],[35.28517,47.37309],[35.285195,47.37269],[35.28323,47.372523],[35.282625,47.372472],[35.281992,47.372418],[35.281993,47.372418],[35.281269,47.372356],[35.279257,47.372184],[35.279254,47.372301],[35.279253,47.372301],[35.279247,47.372585]]]}},{"type":"Feature","properties":{"cadnum":"2323381100:01:020:0024"},"geometry":{"type":"Polygon","coordinates":[[[35.2793,47.37059],[35.281297,47.370761],[35.282507,47.370864],[35.282507,47.370865],[35.285291,47.371101],[35.285315,47.370706],[35.283314,47.370535],[35.282617,47.370476],[35.281313,47.370365],[35.279311,47.370194],[35.2793,47.37059]]]}},{"type":"Feature","properties":{"cadnum":"2323381100:01:020:0003"},"geometry":{"type":"Polygon","coordinates":[[[35.279279,47.371386],[35.281268,47.371555],[35.282507,47.371661],[35.283255,47.371725],[35.285243,47.371894],[35.285267,47.371497],[35.283275,47.371327],[35.282507,47.371261],[35.282507,47.371262],[35.281283,47.371157],[35.27929,47.370988],[35.279279,47.371386]]]}},{"type":"Feature","properties":{"cadnum":"2323381100:01:020:0023"},"geometry":{"type":"Polygon","coordinates":[[[35.279311,47.370194],[35.281313,47.370365],[35.282507,47.370467],[35.282617,47.370476],[35.282679,47.370481],[35.283314,47.370535],[35.285315,47.370706],[35.285339,47.370311],[35.283333,47.370141],[35.282679,47.370085],[35.281328,47.36997],[35.279322,47.369799],[35.279311,47.370194]]]}},{"type":"Feature","properties":{"cadnum":"2323381100:03:014:0014"},"geometry":{"type":"Polygon","coordinates":[[[35.369299,47.387242],[35.3693,47.387242],[35.370569,47.387244],[35.371703,47.387245],[35.371704,47.387245],[35.371702,47.386549],[35.369299,47.386549],[35.369299,47.387242]]]}},{"type":"Feature","properties":{"cadnum":"2323381100:03:014:0016"},"geometry":{"type":"Polygon","coordinates":[[[35.369295,47.386049],[35.370397,47.386052],[35.370398,47.386052],[35.371689,47.386054],[35.371684,47.385255],[35.370569,47.385253],[35.369306,47.38525],[35.369295,47.386049]]]}},{"type":"Feature","properties":{"cadnum":"2323381100:03:014:0017"},"geometry":{"type":"Polygon","coordinates":[[[35.369306,47.385248],[35.370569,47.385251],[35.371684,47.385253],[35.371682,47.38456],[35.370398,47.384548],[35.370397,47.384548],[35.36931,47.384537],[35.369306,47.385248]]]}},{"type":"Feature","properties":{"cadnum":"2323381100:03:014:0015"},"geometry":{"type":"Polygon","coordinates":[[[35.369295,47.386549],[35.371697,47.386549],[35.371692,47.386055],[35.370569,47.386053],[35.369298,47.38605],[35.369295,47.386549]]]}},{"type":"Feature","properties":{"cadnum":"2323381100:03:014:0018"},"geometry":{"type":"Polygon","coordinates":[[[35.369303,47.384535],[35.370569,47.384548],[35.370569,47.384547],[35.371676,47.384558],[35.371677,47.383907],[35.370569,47.383894],[35.369314,47.383878],[35.369303,47.384535]]]}},{"type":"Feature","properties":{"cadnum":"2323381100:03:014:0013"},"geometry":{"type":"Polygon","coordinates":[[[35.366563,47.385999],[35.369119,47.3861],[35.369134,47.385631],[35.366596,47.385533],[35.366563,47.385999]]]}},{"type":"Feature","properties":{"cadnum":"2323381100:03:014:0012"},"geometry":{"type":"Polygon","coordinates":[[[35.366596,47.385533],[35.369134,47.385631],[35.369145,47.385154],[35.366626,47.385066],[35.366596,47.385533]]]}},{"type":"Feature","properties":{"cadnum":"2323381100:03:016:0009"},"geometry":{"type":"Polygon","coordinates":[[[35.364959,47.38451],[35.365076,47.384515],[35.365076,47.384514],[35.366528,47.38456],[35.3666,47.3835],[35.365032,47.38345],[35.365031,47.383461],[35.36503,47.383461],[35.365025,47.383548],[35.365022,47.383577],[35.365023,47.383577],[35.364959,47.38451]]]}},{"type":"Feature","properties":{"cadnum":"2323381100:03:014:0011"},"geometry":{"type":"Polygon","coordinates":[[[35.366659,47.384595],[35.36916,47.384676],[35.369176,47.384196],[35.366691,47.384117],[35.366659,47.384595]]]}},{"type":"Feature","properties":{"cadnum":"2323381100:03:014:0010"},"geometry":{"type":"Polygon","coordinates":[[[35.366691,47.384117],[35.369176,47.384196],[35.369196,47.383709],[35.366723,47.383642],[35.366691,47.384117]]]}},{"type":"Feature","properties":{"cadnum":"2323381100:03:016:0012"},"geometry":{"type":"Polygon","coordinates":[[[35.364796,47.386936],[35.364904,47.386939],[35.366364,47.386986],[35.366385,47.386682],[35.365054,47.386641],[35.364816,47.386632],[35.364796,47.386936]]]}},{"type":"Feature","properties":{"cadnum":"2323381100:03:014:0030"},"geometry":{"type":"Polygon","coordinates":[[[35.364816,47.386632],[35.364904,47.386635],[35.364904,47.386636],[35.365054,47.386641],[35.365076,47.386641],[35.366385,47.386682],[35.366456,47.385622],[35.365066,47.385578],[35.364888,47.385572],[35.364816,47.386632]]]}},{"type":"Feature","properties":{"cadnum":"2323381100:03:016:0010"},"geometry":{"type":"Polygon","coordinates":[[[35.364888,47.385572],[35.364904,47.385572],[35.364904,47.385573],[35.365066,47.385578],[35.365076,47.385578],[35.366456,47.385622],[35.366528,47.38456],[35.364959,47.38451],[35.364888,47.385572]]]}},{"type":"Feature","properties":{"cadnum":"2323381100:03:016:0013"},"geometry":{"type":"Polygon","coordinates":[[[35.364745,47.387694],[35.364904,47.387699],[35.365057,47.387704],[35.365076,47.387705],[35.366313,47.387744],[35.36635,47.38718],[35.366364,47.386986],[35.365076,47.386945],[35.364796,47.386936],[35.364779,47.38718],[35.364778,47.38718],[35.364776,47.387211],[35.36477,47.387296],[35.364771,47.387296],[35.364745,47.387694]]]}},{"type":"Feature","properties":{"cadnum":"2323381100:05:022:0014"},"geometry":{"type":"Polygon","coordinates":[[[35.305945,47.383949],[35.306218,47.383987],[35.30636,47.383577],[35.30655,47.383029],[35.306274,47.382996],[35.306073,47.383577],[35.305945,47.383949]]]}},{"type":"Feature","properties":{"cadnum":"2323381100:05:022:0004"},"geometry":{"type":"Polygon","coordinates":[[[35.306346,47.383915],[35.307064,47.383963],[35.307167,47.383577],[35.307205,47.38344],[35.307013,47.383413],[35.306541,47.383349],[35.306502,47.383461],[35.306493,47.383487],[35.306462,47.383577],[35.306346,47.383915]]]}},{"type":"Feature","properties":{"cadnum":"2323381100:05:004:0005"},"geometry":{"type":"Polygon","coordinates":[[[35.30864,47.384074],[35.309389,47.384125],[35.30957,47.383495],[35.309597,47.383401],[35.309361,47.383377],[35.309338,47.383461],[35.309337,47.383461],[35.309328,47.3835],[35.308822,47.383474],[35.30879,47.383577],[35.308791,47.383577],[35.30864,47.384074]]]}},{"type":"Feature","properties":{"cadnum":"2323381100:05:022:0017"},"geometry":{"type":"Polygon","coordinates":[[[35.307118,47.384055],[35.307564,47.384087],[35.307712,47.383577],[35.307839,47.383142],[35.307445,47.383081],[35.307316,47.383461],[35.307281,47.383566],[35.307277,47.383577],[35.307118,47.384055]]]}},{"type":"Feature","properties":{"cadnum":"2323381100:01:013:0068"},"geometry":{"type":"Polygon","coordinates":[[[35.277299,47.340044],[35.281253,47.340364],[35.281258,47.340206],[35.28128,47.339553],[35.281297,47.339],[35.279718,47.338872],[35.277344,47.338679],[35.277339,47.338809],[35.277338,47.338809],[35.277299,47.340044]]]}},{"type":"Feature","properties":{"cadnum":"2323381100:01:013:0024"},"geometry":{"type":"Polygon","coordinates":[[[35.277366,47.337997],[35.281319,47.338318],[35.281342,47.337636],[35.277388,47.337315],[35.277366,47.337997]]]}},{"type":"Feature","properties":{"cadnum":"2323381100:01:013:0023"},"geometry":{"type":"Polygon","coordinates":[[[35.277388,47.337315],[35.281342,47.337636],[35.281343,47.337593],[35.281364,47.336947],[35.277409,47.336639],[35.277388,47.337315]]]}},{"type":"Feature","properties":{"cadnum":"2323381100:01:013:0025"},"geometry":{"type":"Polygon","coordinates":[[[35.277344,47.338679],[35.278945,47.338809],[35.279718,47.338872],[35.280379,47.338926],[35.281297,47.339],[35.2813,47.3389],[35.281319,47.338318],[35.277366,47.337997],[35.277344,47.338679]]]}},{"type":"Feature","properties":{"cadnum":"2323381100:01:013:0069"},"geometry":{"type":"Polygon","coordinates":[[[35.2813,47.3389],[35.281614,47.338926],[35.282507,47.338998],[35.285431,47.339235],[35.285444,47.338809],[35.285472,47.337929],[35.282679,47.337703],[35.282679,47.337702],[35.281343,47.337593],[35.281342,47.337636],[35.281319,47.338318],[35.281303,47.338809],[35.2813,47.3389]]]}},{"type":"Feature","properties":{"cadnum":"2323381100:01:013:0067"},"geometry":{"type":"Polygon","coordinates":[[[35.281343,47.337593],[35.282507,47.337688],[35.282507,47.337689],[35.285472,47.337929],[35.285494,47.337269],[35.282507,47.337036],[35.281364,47.336947],[35.281343,47.337593]]]}},{"type":"Feature","properties":{"cadnum":"2323381100:01:029:0038"},"geometry":{"type":"Polygon","coordinates":[[[35.262673,47.365264],[35.266199,47.365533],[35.266199,47.365532],[35.266876,47.365584],[35.266892,47.365088],[35.266896,47.364963],[35.266305,47.364919],[35.266199,47.364911],[35.266197,47.36491],[35.265546,47.364861],[35.265543,47.364861],[35.262692,47.364643],[35.262681,47.364977],[35.262682,47.364977],[35.262673,47.365264]]]}},{"type":"Feature","properties":{"cadnum":"2323381100:01:029:0016"},"geometry":{"type":"Polygon","coordinates":[[[35.258728,47.36509],[35.260534,47.365228],[35.262604,47.365386],[35.262619,47.364882],[35.262625,47.364713],[35.260706,47.364567],[35.260706,47.364566],[35.258755,47.364417],[35.258732,47.364977],[35.258733,47.364977],[35.258731,47.365041],[35.258728,47.36509]]]}},{"type":"Feature","properties":{"cadnum":"2323381100:01:029:0017"},"geometry":{"type":"Polygon","coordinates":[[[35.258702,47.365763],[35.260706,47.365916],[35.262582,47.366059],[35.262604,47.365386],[35.260706,47.365242],[35.260706,47.365241],[35.258728,47.36509],[35.258704,47.365712],[35.258702,47.365763]]]}},{"type":"Feature","properties":{"cadnum":"2323381100:01:029:0019"},"geometry":{"type":"Polygon","coordinates":[[[35.25865,47.367109],[35.260534,47.367253],[35.262539,47.367406],[35.262561,47.36673],[35.260706,47.366589],[35.258676,47.366435],[35.258651,47.367057],[35.25865,47.367109]]]}},{"type":"Feature","properties":{"cadnum":"2323381100:01:029:0032"},"geometry":{"type":"Polygon","coordinates":[[[35.262555,47.368986],[35.266027,47.369251],[35.26676,47.369307],[35.266766,47.369081],[35.266778,47.368686],[35.266199,47.368642],[35.266199,47.368641],[35.262575,47.368366],[35.262568,47.368581],[35.262567,47.368581],[35.262566,47.368613],[35.262563,47.368697],[35.262564,47.368697],[35.262555,47.368986]]]}},{"type":"Feature","properties":{"cadnum":"2323381100:01:029:0020"},"geometry":{"type":"Polygon","coordinates":[[[35.258623,47.367785],[35.260534,47.36793],[35.260534,47.367931],[35.262519,47.368082],[35.262539,47.367406],[35.260706,47.367266],[35.25865,47.367109],[35.258626,47.36773],[35.258623,47.367785]]]}},{"type":"Feature","properties":{"cadnum":"2323381100:01:029:0022"},"geometry":{"type":"Polygon","coordinates":[[[35.258571,47.369122],[35.260706,47.369285],[35.262476,47.369419],[35.262498,47.368751],[35.261794,47.368698],[35.261794,47.368697],[35.260706,47.368615],[35.260697,47.368614],[35.260266,47.368581],[35.260265,47.368581],[35.258596,47.368454],[35.258586,47.368697],[35.258587,47.368697],[35.258572,47.369078],[35.258571,47.369122]]]}},{"type":"Feature","properties":{"cadnum":"2323381100:01:029:0081"},"geometry":{"type":"Polygon","coordinates":[[[35.262614,47.367125],[35.266199,47.367398],[35.266817,47.367445],[35.266829,47.367084],[35.26685,47.366418],[35.266871,47.365753],[35.266876,47.365584],[35.266027,47.365519],[35.266027,47.36552],[35.262673,47.365264],[35.262614,47.367123],[35.262614,47.367125]]]}},{"type":"Feature","properties":{"cadnum":"2323381100:01:029:0034"},"geometry":{"type":"Polygon","coordinates":[[[35.262594,47.367745],[35.266027,47.368007],[35.266799,47.368065],[35.266808,47.36775],[35.266817,47.367445],[35.266027,47.367385],[35.262614,47.367125],[35.262594,47.367745]]]}},{"type":"Feature","properties":{"cadnum":"2323381100:01:029:0033"},"geometry":{"type":"Polygon","coordinates":[[[35.262575,47.368366],[35.266027,47.368628],[35.266027,47.368629],[35.266161,47.368639],[35.266778,47.368686],[35.266788,47.368415],[35.266799,47.368065],[35.266199,47.36802],[35.262594,47.367745],[35.262575,47.368366]]]}},{"type":"Feature","properties":{"cadnum":"2323381100:01:029:0018"},"geometry":{"type":"Polygon","coordinates":[[[35.258676,47.366435],[35.260534,47.366576],[35.262561,47.36673],[35.262582,47.366059],[35.260534,47.365902],[35.260534,47.365903],[35.258702,47.365763],[35.258678,47.366383],[35.258676,47.366435]]]}},{"type":"Feature","properties":{"cadnum":"2323381100:01:029:0021"},"geometry":{"type":"Polygon","coordinates":[[[35.258596,47.368454],[35.260534,47.368602],[35.262498,47.368751],[35.262503,47.368581],[35.262519,47.368082],[35.260706,47.367944],[35.260706,47.367943],[35.258623,47.367785],[35.258599,47.368404],[35.258596,47.368454]]]}},{"type":"Feature","properties":{"cadnum":"2323381100:03:009:0020"},"geometry":{"type":"Polygon","coordinates":[[[35.342309,47.365259],[35.342932,47.365284],[35.347884,47.365474],[35.347957,47.364994],[35.344482,47.364861],[35.344473,47.364861],[35.343104,47.364808],[35.343103,47.364808],[35.342379,47.36478],[35.34235,47.364977],[35.342309,47.365259]]]}},{"type":"Feature","properties":{"cadnum":"2323381100:03:009:0019"},"geometry":{"type":"Polygon","coordinates":[[[35.34224,47.365732],[35.342932,47.365759],[35.347813,47.365946],[35.347884,47.365474],[35.343104,47.36529],[35.343103,47.36529],[35.342309,47.365259],[35.34224,47.365732]]]}},{"type":"Feature","properties":{"cadnum":"2323381100:03:009:0016"},"geometry":{"type":"Polygon","coordinates":[[[35.341962,47.367622],[35.343103,47.367666],[35.343104,47.367666],[35.347528,47.367835],[35.347635,47.367127],[35.343104,47.366953],[35.343103,47.366953],[35.343103,47.366952],[35.342067,47.366913],[35.341962,47.367622]]]}},{"type":"Feature","properties":{"cadnum":"2323381100:03:009:0015"},"geometry":{"type":"Polygon","coordinates":[[[35.341892,47.368095],[35.343103,47.368142],[35.343104,47.368142],[35.347457,47.368309],[35.347528,47.367835],[35.342932,47.367659],[35.342932,47.36766],[35.341962,47.367622],[35.341892,47.368095]]]}},{"type":"Feature","properties":{"cadnum":"2323381100:03:009:0013"},"geometry":{"type":"Polygon","coordinates":[[[35.341753,47.369042],[35.343103,47.369094],[35.343104,47.369094],[35.347313,47.369255],[35.347384,47.368782],[35.345187,47.368698],[35.345187,47.368697],[35.345192,47.368697],[35.343104,47.368618],[35.343103,47.368618],[35.343103,47.368617],[35.343092,47.368617],[35.342175,47.368581],[35.342172,47.368581],[35.341823,47.368568],[35.341821,47.368581],[35.34182,47.368581],[35.341811,47.368643],[35.341803,47.368697],[35.341803,47.368698],[35.341753,47.369042]]]}},{"type":"Feature","properties":{"cadnum":"2323381100:03:009:0017"},"geometry":{"type":"Polygon","coordinates":[[[35.342067,47.366913],[35.342932,47.366946],[35.347635,47.367127],[35.347742,47.366418],[35.343104,47.366241],[35.343103,47.366241],[35.343103,47.36624],[35.34217,47.366204],[35.342067,47.366913]]]}},{"type":"Feature","properties":{"cadnum":"2323381100:03:009:0014"},"geometry":{"type":"Polygon","coordinates":[[[35.341823,47.368568],[35.342932,47.368611],[35.347384,47.368782],[35.347403,47.368656],[35.347457,47.368309],[35.342932,47.368135],[35.342932,47.368136],[35.341892,47.368095],[35.341823,47.368567],[35.341823,47.368568]]]}},{"type":"Feature","properties":{"cadnum":"2323381100:03:009:0018"},"geometry":{"type":"Polygon","coordinates":[[[35.34217,47.366204],[35.342932,47.366234],[35.347742,47.366418],[35.347813,47.365946],[35.343104,47.365766],[35.343103,47.365766],[35.343103,47.365765],[35.34224,47.365732],[35.34217,47.366204]]]}},{"type":"Feature","properties":{"cadnum":"2323381100:03:009:0031"},"geometry":{"type":"Polygon","coordinates":[[[35.347561,47.36806],[35.348425,47.368093],[35.353282,47.368279],[35.353307,47.368125],[35.348597,47.367945],[35.347584,47.367906],[35.347561,47.36806]]]}},{"type":"Feature","properties":{"cadnum":"2323381100:03:009:0030"},"geometry":{"type":"Polygon","coordinates":[[[35.347584,47.367906],[35.348425,47.367939],[35.353307,47.368125],[35.353399,47.367512],[35.348597,47.367328],[35.347677,47.367292],[35.347584,47.367906]]]}},{"type":"Feature","properties":{"cadnum":"2323381100:03:009:0033"},"geometry":{"type":"Polygon","coordinates":[[[35.347467,47.368673],[35.34748,47.368673],[35.348425,47.36871],[35.35319,47.368893],[35.353219,47.368697],[35.35326,47.368432],[35.348597,47.368253],[35.347537,47.368212],[35.347481,47.368581],[35.347467,47.368673]]]}},{"type":"Feature","properties":{"cadnum":"2323381100:03:009:0032"},"geometry":{"type":"Polygon","coordinates":[[[35.347537,47.368212],[35.348425,47.368247],[35.35326,47.368432],[35.353282,47.368279],[35.348597,47.3681],[35.347561,47.36806],[35.347537,47.368212]]]}},{"type":"Feature","properties":{"cadnum":"2323381100:03:009:0026"},"geometry":{"type":"Polygon","coordinates":[[[35.347886,47.365912],[35.348597,47.36594],[35.348597,47.365939],[35.353607,47.366131],[35.353678,47.365664],[35.348425,47.365463],[35.347957,47.365445],[35.347886,47.365912]]]}},{"type":"Feature","properties":{"cadnum":"2323381100:03:009:0025"},"geometry":{"type":"Polygon","coordinates":[[[35.347957,47.365445],[35.348597,47.36547],[35.348597,47.365469],[35.353678,47.365664],[35.353749,47.365193],[35.348425,47.364989],[35.348028,47.364973],[35.347957,47.365445]]]}},{"type":"Feature","properties":{"cadnum":"2323381100:03:009:0028"},"geometry":{"type":"Polygon","coordinates":[[[35.347746,47.366832],[35.348425,47.366858],[35.353469,47.367051],[35.353537,47.366592],[35.348425,47.366396],[35.347816,47.366372],[35.347746,47.366832]]]}},{"type":"Feature","properties":{"cadnum":"2323381100:03:009:0027"},"geometry":{"type":"Polygon","coordinates":[[[35.347816,47.366372],[35.348597,47.366403],[35.348597,47.366402],[35.353537,47.366592],[35.353607,47.366131],[35.348425,47.365932],[35.348425,47.365933],[35.347886,47.365912],[35.347816,47.366372]]]}},{"type":"Feature","properties":{"cadnum":"2323381100:03:009:0029"},"geometry":{"type":"Polygon","coordinates":[[[35.347677,47.367292],[35.348425,47.367321],[35.353399,47.367512],[35.353469,47.367051],[35.348597,47.366865],[35.348597,47.366864],[35.347746,47.366832],[35.347677,47.367292]]]}},{"type":"Feature","properties":{"cadnum":"2323381100:03:009:0021"},"geometry":{"type":"Polygon","coordinates":[[[35.342379,47.36478],[35.342932,47.364801],[35.342932,47.364802],[35.347508,47.364977],[35.347957,47.364994],[35.347977,47.364861],[35.347976,47.364861],[35.347976,47.36486],[35.348031,47.364512],[35.343104,47.364323],[35.343103,47.364323],[35.34245,47.364297],[35.342379,47.36478]]]}},{"type":"Feature","properties":{"cadnum":"2323381100:03:009:0024"},"geometry":{"type":"Polygon","coordinates":[[[35.348028,47.364973],[35.348031,47.364973],[35.348597,47.364996],[35.348597,47.364995],[35.353749,47.365193],[35.353785,47.364955],[35.35382,47.364723],[35.348425,47.364515],[35.348425,47.364516],[35.348099,47.364503],[35.348045,47.364861],[35.348044,47.364861],[35.348028,47.364973]]]}},{"type":"Feature","properties":{"cadnum":"2323381100:05:005:0005"},"geometry":{"type":"Polygon","coordinates":[[[35.30082,47.383541],[35.301343,47.383577],[35.301344,47.383577],[35.301585,47.383593],[35.301607,47.383518],[35.301716,47.383147],[35.30174,47.383045],[35.301007,47.382951],[35.300845,47.383461],[35.30082,47.383541]]]}},{"type":"Feature","properties":{"cadnum":"2323381100:05:022:0011"},"geometry":{"type":"Polygon","coordinates":[[[35.303818,47.383619],[35.304215,47.383675],[35.304286,47.383487],[35.30435,47.383321],[35.303918,47.383259],[35.303862,47.383461],[35.303861,47.383461],[35.303854,47.383487],[35.303829,47.383577],[35.30383,47.383577],[35.303818,47.383619]]]}},{"type":"Feature","properties":{"cadnum":"2323381100:05:011:0005"},"geometry":{"type":"Polygon","coordinates":[[[35.303631,47.379829],[35.303869,47.379857],[35.303871,47.379857],[35.304002,47.379873],[35.304022,47.379741],[35.30419,47.378672],[35.303957,47.378645],[35.303655,47.379741],[35.303631,47.379829]]]}},{"type":"Feature","properties":{"cadnum":"2323381100:05:011:0004"},"geometry":{"type":"Polygon","coordinates":[[[35.301992,47.379888],[35.302389,47.379889],[35.302389,47.379857],[35.302393,47.378914],[35.302003,47.378912],[35.301992,47.379857],[35.301992,47.379858],[35.301992,47.379888]]]}},{"type":"Feature","properties":{"cadnum":"2323381100:05:023:0005"},"geometry":{"type":"Polygon","coordinates":[[[35.304215,47.381448],[35.304651,47.381483],[35.304745,47.38149],[35.304819,47.380933],[35.304547,47.380913],[35.304289,47.380894],[35.304215,47.381448]]]}},{"type":"Feature","properties":{"cadnum":"2323381100:05:008:0011"},"geometry":{"type":"Polygon","coordinates":[[[35.30333,47.380695],[35.303702,47.380735],[35.303729,47.38064],[35.303364,47.380601],[35.30333,47.380695]]]}},{"type":"Feature","properties":{"cadnum":"2323381100:05:005:0002"},"geometry":{"type":"Polygon","coordinates":[[[35.300208,47.382836],[35.300488,47.382874],[35.300932,47.381422],[35.300694,47.381389],[35.300208,47.382836]]]}},{"type":"Feature","properties":{"cadnum":"2323381100:05:005:0003"},"geometry":{"type":"Polygon","coordinates":[[[35.299935,47.382842],[35.30026,47.382875],[35.300505,47.382172],[35.300146,47.38213],[35.299935,47.382842]]]}},{"type":"Feature","properties":{"cadnum":"2323381100:05:008:0002"},"geometry":{"type":"Polygon","coordinates":[[[35.300824,47.381171],[35.301158,47.381209],[35.301543,47.379799],[35.301351,47.379778],[35.30132,47.379857],[35.301321,47.379857],[35.301321,47.379858],[35.300824,47.381171]]]}},{"type":"Feature","properties":{"cadnum":"2323381100:05:008:0005"},"geometry":{"type":"Polygon","coordinates":[[[35.299587,47.380401],[35.300054,47.380449],[35.300234,47.379857],[35.300235,47.379857],[35.300321,47.379578],[35.299861,47.37953],[35.299794,47.379741],[35.299587,47.380401]]]}},{"type":"Feature","properties":{"cadnum":"2323381100:05:007:0003"},"geometry":{"type":"Polygon","coordinates":[[[35.299394,47.381016],[35.299865,47.381065],[35.300054,47.380449],[35.299587,47.380401],[35.299394,47.381016]]]}},{"type":"Feature","properties":{"cadnum":"2323381100:05:008:0008"},"geometry":{"type":"Polygon","coordinates":[[[35.299865,47.381065],[35.300364,47.381111],[35.300541,47.38053],[35.300043,47.380485],[35.299865,47.381065]]]}},{"type":"Feature","properties":{"cadnum":"2323381100:05:005:0006"},"geometry":{"type":"Polygon","coordinates":[[[35.300488,47.382874],[35.300943,47.382936],[35.301213,47.382093],[35.300747,47.38203],[35.300488,47.382874]]]}},{"type":"Feature","properties":{"cadnum":"2323381100:05:005:0007"},"geometry":{"type":"Polygon","coordinates":[[[35.300747,47.38203],[35.301213,47.382093],[35.301407,47.381486],[35.300932,47.381422],[35.300747,47.38203]]]}},{"type":"Feature","properties":{"cadnum":"2323381100:05:008:0009"},"geometry":{"type":"Polygon","coordinates":[[[35.300043,47.380485],[35.300541,47.38053],[35.30077,47.379781],[35.30079,47.379717],[35.300291,47.379671],[35.300234,47.379857],[35.300234,47.379858],[35.300054,47.380449],[35.300043,47.380485]]]}},{"type":"Feature","properties":{"cadnum":"2323381100:05:004:0006"},"geometry":{"type":"Polygon","coordinates":[[[35.298231,47.383345],[35.298986,47.383407],[35.298986,47.383408],[35.299682,47.383464],[35.300097,47.382123],[35.300348,47.381309],[35.29899,47.381124],[35.298231,47.383345]]]}},{"type":"Feature","properties":{"cadnum":"2323381100:05:022:0009"},"geometry":{"type":"Polygon","coordinates":[[[35.301871,47.382917],[35.302059,47.382961],[35.302495,47.383051],[35.302575,47.382813],[35.302614,47.382696],[35.302162,47.382642],[35.302162,47.382641],[35.302287,47.382267],[35.302406,47.381909],[35.30248,47.381653],[35.302284,47.381617],[35.301871,47.382917]]]}},{"type":"Feature","properties":{"cadnum":"2323381100:05:008:0003"},"geometry":{"type":"Polygon","coordinates":[[[35.303489,47.381467],[35.303844,47.381506],[35.304065,47.381469],[35.304095,47.381259],[35.303566,47.3812],[35.303489,47.381467]]]}},{"type":"Feature","properties":{"cadnum":"2323381100:05:008:0010"},"geometry":{"type":"Polygon","coordinates":[[[35.303071,47.38142],[35.303489,47.381467],[35.303566,47.3812],[35.303702,47.380735],[35.30333,47.380695],[35.303328,47.380703],[35.303071,47.38142]]]}},{"type":"Feature","properties":{"cadnum":"2323381100:05:008:0006"},"geometry":{"type":"Polygon","coordinates":[[[35.302345,47.381339],[35.30267,47.381376],[35.302929,47.380658],[35.302986,47.3805],[35.302658,47.380464],[35.302621,47.380571],[35.302345,47.381339]]]}},{"type":"Feature","properties":{"cadnum":"2323381100:05:007:0005"},"geometry":{"type":"Polygon","coordinates":[[[35.302929,47.380658],[35.303328,47.380703],[35.303366,47.380595],[35.303596,47.379951],[35.303198,47.379914],[35.302929,47.380658]]]}},{"type":"Feature","properties":{"cadnum":"2323381100:05:008:0001"},"geometry":{"type":"Polygon","coordinates":[[[35.30267,47.381376],[35.303071,47.38142],[35.303328,47.380703],[35.302929,47.380658],[35.30267,47.381376]]]}},{"type":"Feature","properties":{"cadnum":"2323381100:05:008:0007"},"geometry":{"type":"Polygon","coordinates":[[[35.302658,47.380464],[35.302986,47.3805],[35.303198,47.379914],[35.3032,47.379905],[35.302884,47.379858],[35.302658,47.380464]]]}},{"type":"Feature","properties":{"cadnum":"2323381100:05:022:0002"},"geometry":{"type":"Polygon","coordinates":[[[35.302771,47.382159],[35.303395,47.382233],[35.303541,47.381777],[35.302905,47.381702],[35.302771,47.382159]]]}},{"type":"Feature","properties":{"cadnum":"2323381100:05:022:0003"},"geometry":{"type":"Polygon","coordinates":[[[35.302575,47.382813],[35.303187,47.382885],[35.303395,47.382233],[35.302771,47.382159],[35.302614,47.382696],[35.302575,47.382813]]]}},{"type":"Feature","properties":{"cadnum":"2323381100:05:011:0002"},"geometry":{"type":"Polygon","coordinates":[[[35.302417,47.380002],[35.302827,47.380003],[35.302824,47.379782],[35.302817,47.379004],[35.302421,47.379003],[35.302418,47.379741],[35.302417,47.379741],[35.302417,47.380002]]]}},{"type":"Feature","properties":{"cadnum":"2323381100:05:008:0004"},"geometry":{"type":"Polygon","coordinates":[[[35.303366,47.380595],[35.303733,47.380634],[35.303923,47.37999],[35.303596,47.379951],[35.303366,47.380595]]]}},{"type":"Feature","properties":{"cadnum":"2323381100:05:005:0004"},"geometry":{"type":"Polygon","coordinates":[[[35.30018,47.383502],[35.300448,47.383519],[35.30082,47.383541],[35.301007,47.382951],[35.300376,47.382887],[35.300193,47.383461],[35.300192,47.383461],[35.30018,47.383502]]]}},{"type":"Feature","properties":{"cadnum":"2323381100:05:005:0001"},"geometry":{"type":"Polygon","coordinates":[[[35.301614,47.383604],[35.302354,47.383668],[35.302372,47.383577],[35.302373,47.383577],[35.302469,47.383111],[35.301745,47.383043],[35.301619,47.383577],[35.30162,47.383577],[35.301614,47.383604]]]}},{"type":"Feature","properties":{"cadnum":"2323381100:04:019:0002"},"geometry":{"type":"Polygon","coordinates":[[[35.299599,47.348448],[35.300542,47.348526],[35.30055,47.34827],[35.299606,47.348208],[35.299599,47.348448]]]}},{"type":"Feature","properties":{"cadnum":"2323381100:04:019:0004"},"geometry":{"type":"Polygon","coordinates":[[[35.297102,47.347639],[35.299158,47.347777],[35.299158,47.347776],[35.30056,47.34787],[35.300576,47.347349],[35.299158,47.347255],[35.299158,47.347254],[35.297114,47.347118],[35.297102,47.347639]]]}},{"type":"Feature","properties":{"cadnum":"2323381100:04:019:0003"},"geometry":{"type":"Polygon","coordinates":[[[35.297093,47.348039],[35.299158,47.348178],[35.299606,47.348208],[35.30055,47.34827],[35.30056,47.34787],[35.298986,47.347765],[35.297102,47.347639],[35.297093,47.348039]]]}},{"type":"Feature","properties":{"cadnum":"2323381100:04:004:0007"},"geometry":{"type":"Polygon","coordinates":[[[35.29703,47.348581],[35.298986,47.348726],[35.299052,47.348731],[35.299158,47.348739],[35.300501,47.348838],[35.300507,47.348626],[35.298986,47.348513],[35.297036,47.348368],[35.29703,47.348581]]]}},{"type":"Feature","properties":{"cadnum":"2323381100:04:019:0005"},"geometry":{"type":"Polygon","coordinates":[[[35.297114,47.347118],[35.299158,47.347255],[35.300574,47.347349],[35.300596,47.346529],[35.298986,47.346422],[35.298211,47.34637],[35.297136,47.346298],[35.297133,47.34637],[35.297134,47.34637],[35.297114,47.347118]]]}},{"type":"Feature","properties":{"cadnum":"2323381100:04:018:0003"},"geometry":{"type":"Polygon","coordinates":[[[35.300604,47.34771],[35.304063,47.34794],[35.304073,47.347566],[35.300615,47.347335],[35.300604,47.34771]]]}},{"type":"Feature","properties":{"cadnum":"2323381100:04:018:0006"},"geometry":{"type":"Polygon","coordinates":[[[35.302874,47.348717],[35.304038,47.348813],[35.304052,47.348314],[35.302888,47.348237],[35.302874,47.348717]]]}},{"type":"Feature","properties":{"cadnum":"2323381100:04:018:0001"},"geometry":{"type":"Polygon","coordinates":[[[35.300636,47.346532],[35.304096,47.346764],[35.304106,47.34637],[35.304107,47.34637],[35.304143,47.345107],[35.300679,47.344876],[35.300643,47.346254],[35.300636,47.346532]]]}},{"type":"Feature","properties":{"cadnum":"2323381100:04:018:0002"},"geometry":{"type":"Polygon","coordinates":[[[35.300615,47.347334],[35.304073,47.347566],[35.304096,47.346764],[35.300636,47.346532],[35.300615,47.347334]]]}},{"type":"Feature","properties":{"cadnum":"2323381100:04:018:0005"},"geometry":{"type":"Polygon","coordinates":[[[35.300582,47.348529],[35.302874,47.348717],[35.302888,47.348237],[35.300594,47.348083],[35.300582,47.348529]]]}},{"type":"Feature","properties":{"cadnum":"2323381100:04:019:0006"},"geometry":{"type":"Polygon","coordinates":[[[35.297136,47.346254],[35.297136,47.346298],[35.299158,47.346434],[35.299158,47.346433],[35.300596,47.346529],[35.3006,47.34637],[35.300619,47.345701],[35.298986,47.345592],[35.298986,47.345593],[35.297156,47.34547],[35.297137,47.346254],[35.297136,47.346254]]]}},{"type":"Feature","properties":{"cadnum":"2323381100:04:019:0001"},"geometry":{"type":"Polygon","coordinates":[[[35.297087,47.348242],[35.299158,47.348413],[35.299158,47.348412],[35.299599,47.348448],[35.299606,47.348208],[35.298986,47.348167],[35.297093,47.348039],[35.297087,47.348242]]]}},{"type":"Feature","properties":{"cadnum":"2323381100:04:018:0004"},"geometry":{"type":"Polygon","coordinates":[[[35.300594,47.348083],[35.302888,47.348237],[35.304052,47.348314],[35.304063,47.34794],[35.300604,47.347709],[35.300594,47.348083]]]}},{"type":"Feature","properties":{"cadnum":"2323381100:04:004:0008"},"geometry":{"type":"Polygon","coordinates":[[[35.297004,47.349325],[35.298986,47.349473],[35.299089,47.349481],[35.299158,47.349486],[35.300478,47.349583],[35.30049,47.349211],[35.299093,47.349108],[35.297018,47.348953],[35.297004,47.349325]]]}},{"type":"Feature","properties":{"cadnum":"2323381100:04:005:0012"},"geometry":{"type":"Polygon","coordinates":[[[35.300523,47.34939],[35.303977,47.349657],[35.30399,47.349278],[35.300535,47.349011],[35.300523,47.34939]]]}},{"type":"Feature","properties":{"cadnum":"2323381100:04:005:0011"},"geometry":{"type":"Polygon","coordinates":[[[35.300513,47.349769],[35.303188,47.349976],[35.303961,47.350036],[35.303963,47.350036],[35.303977,47.349657],[35.300523,47.34939],[35.300513,47.349769]]]}},{"type":"Feature","properties":{"cadnum":"2323381100:04:004:0006"},"geometry":{"type":"Polygon","coordinates":[[[35.29698,47.350069],[35.297286,47.350092],[35.298986,47.350218],[35.300456,47.350327],[35.300463,47.350092],[35.300467,47.349955],[35.298986,47.349845],[35.298986,47.349846],[35.296992,47.349697],[35.296983,47.349976],[35.29698,47.350069]]]}},{"type":"Feature","properties":{"cadnum":"2323381100:04:004:0009"},"geometry":{"type":"Polygon","coordinates":[[[35.297018,47.348953],[35.298986,47.3491],[35.299093,47.349108],[35.299158,47.349113],[35.30049,47.349211],[35.300501,47.348838],[35.299052,47.348731],[35.29703,47.348581],[35.297018,47.348953]]]}},{"type":"Feature","properties":{"cadnum":"2323381100:04:005:0013"},"geometry":{"type":"Polygon","coordinates":[[[35.300535,47.349011],[35.30399,47.349278],[35.304004,47.348903],[35.300546,47.348629],[35.300535,47.349011]]]}},{"type":"Feature","properties":{"cadnum":"2323381100:04:005:0010"},"geometry":{"type":"Polygon","coordinates":[[[35.300501,47.350148],[35.30395,47.350415],[35.303963,47.350036],[35.303961,47.350036],[35.300513,47.349769],[35.300502,47.350092],[35.300501,47.350148]]]}},{"type":"Feature","properties":{"cadnum":"2323381100:04:004:0010"},"geometry":{"type":"Polygon","coordinates":[[[35.296992,47.349697],[35.299158,47.349859],[35.299158,47.349858],[35.300467,47.349955],[35.300478,47.349583],[35.299089,47.349481],[35.297004,47.349325],[35.296992,47.349697]]]}},{"type":"Feature","properties":{"cadnum":"2323381100:04:017:0003"},"geometry":{"type":"Polygon","coordinates":[[[35.304155,47.348352],[35.30448,47.348375],[35.305668,47.348457],[35.307706,47.348597],[35.30773,47.347773],[35.304651,47.347561],[35.304178,47.347528],[35.304155,47.348352]]]}},{"type":"Feature","properties":{"cadnum":"2323381100:04:006:0007"},"geometry":{"type":"Polygon","coordinates":[[[35.304093,47.349368],[35.304651,47.349412],[35.304651,47.349411],[35.307642,47.349641],[35.307658,47.349193],[35.304624,47.348952],[35.304109,47.348911],[35.304093,47.349368]]]}},{"type":"Feature","properties":{"cadnum":"2323381100:04:017:0001"},"geometry":{"type":"Polygon","coordinates":[[[35.304146,47.348823],[35.30448,47.34885],[35.305653,47.348944],[35.305668,47.348457],[35.304583,47.348383],[35.304158,47.348353],[35.304146,47.348823]]]}},{"type":"Feature","properties":{"cadnum":"2323381100:04:006:0006"},"geometry":{"type":"Polygon","coordinates":[[[35.304067,47.350114],[35.30448,47.350146],[35.30448,47.350147],[35.307616,47.350387],[35.307629,47.350017],[35.307642,47.349641],[35.30448,47.349398],[35.304479,47.349398],[35.304093,47.349368],[35.304071,47.349976],[35.30407,47.350012],[35.304067,47.350092],[35.304067,47.350114]]]}},{"type":"Feature","properties":{"cadnum":"2323381100:04:017:0005"},"geometry":{"type":"Polygon","coordinates":[[[35.304201,47.346721],[35.30448,47.346741],[35.304648,47.346753],[35.304651,47.346753],[35.307756,47.346966],[35.307773,47.34637],[35.30778,47.346161],[35.304651,47.345945],[35.304221,47.345915],[35.304212,47.346254],[35.304211,47.346254],[35.304209,47.346367],[35.304209,47.34637],[35.304201,47.346721]]]}},{"type":"Feature","properties":{"cadnum":"2323381100:04:017:0004"},"geometry":{"type":"Polygon","coordinates":[[[35.304178,47.347528],[35.30448,47.347549],[35.30773,47.347773],[35.307756,47.346966],[35.304648,47.346753],[35.304199,47.346721],[35.304178,47.347528]]]}},{"type":"Feature","properties":{"cadnum":"2323381100:05:033:0007"},"geometry":{"type":"Polygon","coordinates":[[[35.322798,47.381749],[35.322967,47.381774],[35.323474,47.381748],[35.323672,47.381096],[35.323014,47.380993],[35.322798,47.381749]]]}},{"type":"Feature","properties":{"cadnum":"2323381100:05:034:0012"},"geometry":{"type":"Polygon","coordinates":[[[35.32197,47.3806],[35.322306,47.380651],[35.322417,47.379858],[35.322417,47.379857],[35.32248,47.379411],[35.322141,47.3793],[35.322082,47.379741],[35.32197,47.3806]]]}},{"type":"Feature","properties":{"cadnum":"2323381100:05:034:0003"},"geometry":{"type":"Polygon","coordinates":[[[35.320496,47.38036],[35.320959,47.380437],[35.320959,47.380438],[35.321001,47.380444],[35.321131,47.379963],[35.321131,47.379962],[35.321163,47.379843],[35.321131,47.379838],[35.321131,47.379837],[35.320719,47.379769],[35.320686,47.379857],[35.320686,47.379858],[35.320496,47.38036]]]}},{"type":"Feature","properties":{"cadnum":"2323381100:05:034:0004"},"geometry":{"type":"Polygon","coordinates":[[[35.320719,47.379769],[35.321131,47.379838],[35.321162,47.379843],[35.321163,47.379843],[35.321384,47.379017],[35.321027,47.378957],[35.32073,47.379741],[35.320728,47.379741],[35.320719,47.379769]]]}},{"type":"Feature","properties":{"cadnum":"2323381100:05:034:0005"},"geometry":{"type":"Polygon","coordinates":[[[35.321002,47.380443],[35.321131,47.380465],[35.321634,47.380548],[35.321768,47.379741],[35.321767,47.379741],[35.321874,47.37911],[35.321384,47.379017],[35.32119,47.379741],[35.321163,47.379843],[35.321159,47.379857],[35.321159,47.379858],[35.321002,47.380443]]]}},{"type":"Feature","properties":{"cadnum":"2323381100:05:036:0008"},"geometry":{"type":"Polygon","coordinates":[[[35.324568,47.379829],[35.324768,47.379857],[35.326173,47.380055],[35.326277,47.37977],[35.326302,47.379702],[35.325548,47.379597],[35.324695,47.379477],[35.3246,47.379741],[35.324599,47.379741],[35.324568,47.379829]]]}},{"type":"Feature","properties":{"cadnum":"2323381100:01:029:0080"},"geometry":{"type":"Polygon","coordinates":[[[35.275134,47.365109],[35.277185,47.365266],[35.277185,47.365265],[35.277186,47.365265],[35.279098,47.36541],[35.279113,47.364861],[35.279112,47.364861],[35.279112,47.36486],[35.279115,47.364769],[35.277014,47.364592],[35.275155,47.364435],[35.275138,47.364977],[35.275136,47.365031],[35.275134,47.365109]]]}},{"type":"Feature","properties":{"cadnum":"2323381100:01:027:0012"},"geometry":{"type":"Polygon","coordinates":[[[35.276331,47.362871],[35.277014,47.362928],[35.280244,47.363195],[35.280261,47.362808],[35.277014,47.36254],[35.276338,47.362483],[35.276331,47.362871]]]}},{"type":"Feature","properties":{"cadnum":"2323381100:01:027:0013"},"geometry":{"type":"Polygon","coordinates":[[[35.276328,47.363048],[35.277014,47.363071],[35.277123,47.363074],[35.277185,47.363076],[35.277186,47.363076],[35.278036,47.363103],[35.278034,47.363539],[35.28022,47.36372],[35.280244,47.363195],[35.277186,47.362943],[35.277185,47.362943],[35.277185,47.362942],[35.276331,47.362871],[35.276328,47.363048]]]}},{"type":"Feature","properties":{"cadnum":"2323381100:01:027:0014"},"geometry":{"type":"Polygon","coordinates":[[[35.278032,47.364136],[35.280195,47.364314],[35.28022,47.36372],[35.278034,47.363539],[35.278032,47.364136]]]}},{"type":"Feature","properties":{"cadnum":"2323381100:01:027:0009"},"geometry":{"type":"Polygon","coordinates":[[[35.276361,47.360977],[35.277185,47.361046],[35.277186,47.361046],[35.279732,47.361256],[35.279733,47.361256],[35.280326,47.361305],[35.280332,47.361173],[35.280341,47.360979],[35.277014,47.360705],[35.276366,47.360651],[35.276361,47.360977]]]}},{"type":"Feature","properties":{"cadnum":"2323381100:01:027:0010"},"geometry":{"type":"Polygon","coordinates":[[[35.276355,47.361256],[35.276356,47.361256],[35.276355,47.361327],[35.277014,47.361382],[35.280312,47.361655],[35.280326,47.361305],[35.278327,47.36114],[35.278324,47.36114],[35.277014,47.361032],[35.276361,47.360977],[35.276355,47.361256]]]}},{"type":"Feature","properties":{"cadnum":"2323381100:01:027:0011"},"geometry":{"type":"Polygon","coordinates":[[[35.276338,47.362483],[35.277185,47.362554],[35.277186,47.362554],[35.280261,47.362808],[35.280312,47.361655],[35.277186,47.361397],[35.277185,47.361397],[35.277185,47.361396],[35.276355,47.361327],[35.276338,47.362483]]]}},{"type":"Feature","properties":{"cadnum":"2323381100:01:027:0015"},"geometry":{"type":"Polygon","coordinates":[[[35.278025,47.364468],[35.28018,47.364643],[35.280195,47.364314],[35.278032,47.364136],[35.278032,47.364356],[35.278025,47.364468]]]}},{"type":"Feature","properties":{"cadnum":"2323381100:01:028:0011"},"geometry":{"type":"Polygon","coordinates":[[[35.280416,47.361944],[35.282507,47.362111],[35.28265,47.362122],[35.282679,47.362124],[35.285601,47.362356],[35.285605,47.362105],[35.282679,47.361873],[35.280427,47.361694],[35.280416,47.361944]]]}},{"type":"Feature","properties":{"cadnum":"2323381100:01:028:0004"},"geometry":{"type":"Polygon","coordinates":[[[35.280332,47.363929],[35.282507,47.364103],[35.28557,47.364346],[35.285574,47.364098],[35.282677,47.363869],[35.280341,47.363682],[35.280332,47.363929]]]}},{"type":"Feature","properties":{"cadnum":"2323381100:01:028:0007"},"geometry":{"type":"Polygon","coordinates":[[[35.280363,47.363187],[35.282507,47.363358],[35.285582,47.363602],[35.285586,47.363354],[35.282665,47.363122],[35.280373,47.362939],[35.280363,47.363187]]]}},{"type":"Feature","properties":{"cadnum":"2323381100:01:028:0006"},"geometry":{"type":"Polygon","coordinates":[[[35.280352,47.363435],[35.282507,47.363607],[35.28263,47.363617],[35.282679,47.363621],[35.285578,47.36385],[35.285582,47.363602],[35.282679,47.363372],[35.280363,47.363187],[35.280352,47.363435]]]}},{"type":"Feature","properties":{"cadnum":"2323381100:01:028:0010"},"geometry":{"type":"Polygon","coordinates":[[[35.280395,47.362442],[35.282507,47.36261],[35.285593,47.362856],[35.285601,47.362356],[35.28265,47.362122],[35.280416,47.361944],[35.280395,47.362442]]]}},{"type":"Feature","properties":{"cadnum":"2323381100:01:028:0005"},"geometry":{"type":"Polygon","coordinates":[[[35.280341,47.363682],[35.282507,47.363855],[35.282677,47.363869],[35.282679,47.363869],[35.285574,47.364098],[35.285578,47.36385],[35.28263,47.363617],[35.280352,47.363435],[35.280341,47.363682]]]}},{"type":"Feature","properties":{"cadnum":"2323381100:01:028:0003"},"geometry":{"type":"Polygon","coordinates":[[[35.280316,47.3643],[35.281991,47.364434],[35.282507,47.364475],[35.282671,47.364488],[35.282679,47.364489],[35.285565,47.364718],[35.28557,47.364346],[35.282679,47.364117],[35.280332,47.363929],[35.280316,47.3643]]]}},{"type":"Feature","properties":{"cadnum":"2323381100:01:028:0001"},"geometry":{"type":"Polygon","coordinates":[[[35.280301,47.364653],[35.281976,47.364788],[35.281991,47.364434],[35.280316,47.3643],[35.280301,47.364653]]]}},{"type":"Feature","properties":{"cadnum":"2323381100:01:028:0013"},"geometry":{"type":"Polygon","coordinates":[[[35.280438,47.361444],[35.282507,47.361609],[35.282673,47.361623],[35.282679,47.361623],[35.285609,47.361856],[35.285617,47.361353],[35.282935,47.36114],[35.28293,47.36114],[35.282679,47.36112],[35.280459,47.360943],[35.280451,47.36114],[35.28045,47.36114],[35.280438,47.361444]]]}},{"type":"Feature","properties":{"cadnum":"2323381100:01:028:0009"},"geometry":{"type":"Polygon","coordinates":[[[35.280384,47.36269],[35.282679,47.362874],[35.282679,47.362873],[35.285589,47.363105],[35.285593,47.362856],[35.282679,47.362624],[35.280395,47.362442],[35.280384,47.36269]]]}},{"type":"Feature","properties":{"cadnum":"2323381100:01:028:0012"},"geometry":{"type":"Polygon","coordinates":[[[35.280427,47.361694],[35.282507,47.361859],[35.285605,47.362105],[35.285609,47.361856],[35.282672,47.361623],[35.280436,47.361444],[35.280427,47.361694]]]}},{"type":"Feature","properties":{"cadnum":"2323381100:01:028:0008"},"geometry":{"type":"Polygon","coordinates":[[[35.280373,47.362939],[35.282507,47.363109],[35.282665,47.363122],[35.282679,47.363123],[35.285586,47.363354],[35.285589,47.363105],[35.282507,47.362859],[35.282507,47.36286],[35.280384,47.36269],[35.280373,47.362939]]]}},{"type":"Feature","properties":{"cadnum":"2323381100:03:013:0001"},"geometry":{"type":"Polygon","coordinates":[[[35.361814,47.376075],[35.361815,47.376075],[35.365076,47.376172],[35.366966,47.376228],[35.366977,47.37608],[35.367006,47.375736],[35.365076,47.375655],[35.361903,47.375519],[35.361823,47.376021],[35.361814,47.376075]]]}},{"type":"Feature","properties":{"cadnum":"2323381100:03:015:0001"},"geometry":{"type":"Polygon","coordinates":[[[35.367317,47.376232],[35.370569,47.376332],[35.372036,47.376377],[35.372038,47.376377],[35.372059,47.376114],[35.372083,47.375827],[35.370501,47.375761],[35.367364,47.375626],[35.367324,47.376138],[35.367317,47.376232]]]}},{"type":"Feature","properties":{"cadnum":"2323381100:03:016:0003"},"geometry":{"type":"Polygon","coordinates":[[[35.365311,47.379327],[35.366879,47.379377],[35.366951,47.378316],[35.365383,47.378266],[35.365311,47.379327]]]}},{"type":"Feature","properties":{"cadnum":"2323381100:03:014:0002"},"geometry":{"type":"Polygon","coordinates":[[[35.367109,47.377929],[35.369429,47.377991],[35.369463,47.37722],[35.367164,47.377153],[35.367109,47.377929]]]}},{"type":"Feature","properties":{"cadnum":"2323381100:03:014:0006"},"geometry":{"type":"Polygon","coordinates":[[[35.366993,47.379647],[35.369357,47.379714],[35.369382,47.379102],[35.367034,47.379045],[35.366993,47.379647]]]}},{"type":"Feature","properties":{"cadnum":"2323381100:03:014:0007"},"geometry":{"type":"Polygon","coordinates":[[[35.366952,47.380251],[35.369329,47.380318],[35.36935,47.379858],[35.36935,47.379857],[35.369357,47.379714],[35.366993,47.379647],[35.366986,47.379741],[35.366984,47.379763],[35.366978,47.379857],[35.366978,47.379858],[35.366952,47.380251]]]}},{"type":"Feature","properties":{"cadnum":"2323381100:03:014:0005"},"geometry":{"type":"Polygon","coordinates":[[[35.367034,47.379045],[35.369382,47.379102],[35.369417,47.378291],[35.367089,47.378225],[35.367034,47.379045]]]}},{"type":"Feature","properties":{"cadnum":"2323381100:03:016:0022"},"geometry":{"type":"Polygon","coordinates":[[[35.361672,47.377181],[35.364904,47.377279],[35.365382,47.377293],[35.365414,47.376811],[35.365076,47.376801],[35.361725,47.3767],[35.361672,47.377181]]]}},{"type":"Feature","properties":{"cadnum":"2323381100:03:016:0002"},"geometry":{"type":"Polygon","coordinates":[[[35.365382,47.378266],[35.366951,47.378316],[35.367002,47.377558],[35.365434,47.377508],[35.365382,47.378266]]]}},{"type":"Feature","properties":{"cadnum":"2323381100:03:016:0021"},"geometry":{"type":"Polygon","coordinates":[[[35.361725,47.3767],[35.364904,47.376795],[35.364904,47.376796],[35.365414,47.376811],[35.365437,47.37648],[35.364904,47.376465],[35.361761,47.37637],[35.361725,47.3767]]]}},{"type":"Feature","properties":{"cadnum":"2323381100:03:014:0004"},"geometry":{"type":"Polygon","coordinates":[[[35.367089,47.378225],[35.369417,47.378291],[35.369429,47.377991],[35.367109,47.377929],[35.367089,47.378225]]]}},{"type":"Feature","properties":{"cadnum":"2323381100:03:016:0001"},"geometry":{"type":"Polygon","coordinates":[[[35.365434,47.377508],[35.367002,47.377558],[35.367078,47.376421],[35.365511,47.376371],[35.365434,47.377508]]]}},{"type":"Feature","properties":{"cadnum":"2323381100:03:014:0003"},"geometry":{"type":"Polygon","coordinates":[[[35.367164,47.377153],[35.369463,47.37722],[35.36949,47.376489],[35.367211,47.376426],[35.367164,47.377153]]]}},{"type":"Feature","properties":{"cadnum":"2323381100:03:016:0028"},"geometry":{"type":"Polygon","coordinates":[[[35.361377,47.379868],[35.364904,47.379974],[35.364904,47.379975],[35.365199,47.379983],[35.365213,47.37978],[35.365232,47.379515],[35.365076,47.379511],[35.361428,47.379402],[35.361377,47.379857],[35.361378,47.379857],[35.361378,47.379858],[35.361377,47.379868]]]}},{"type":"Feature","properties":{"cadnum":"2323381100:03:016:0026"},"geometry":{"type":"Polygon","coordinates":[[[35.361481,47.378932],[35.364904,47.379035],[35.364904,47.379036],[35.365262,47.379046],[35.365295,47.378572],[35.365076,47.378566],[35.361532,47.37846],[35.361481,47.378932]]]}},{"type":"Feature","properties":{"cadnum":"2323381100:03:016:0027"},"geometry":{"type":"Polygon","coordinates":[[[35.361428,47.379402],[35.364904,47.379505],[35.364904,47.379506],[35.365232,47.379515],[35.365262,47.379046],[35.365076,47.37904],[35.361481,47.378932],[35.361428,47.379402]]]}},{"type":"Feature","properties":{"cadnum":"2323381100:03:016:0004"},"geometry":{"type":"Polygon","coordinates":[[[35.365238,47.380388],[35.366807,47.380438],[35.366852,47.379756],[35.366879,47.379377],[35.365311,47.379327],[35.365282,47.379741],[35.365281,47.379741],[35.365238,47.380388]]]}},{"type":"Feature","properties":{"cadnum":"2323381100:03:016:0023"},"geometry":{"type":"Polygon","coordinates":[[[35.36162,47.37766],[35.364904,47.377759],[35.364904,47.37776],[35.36535,47.377772],[35.365382,47.377293],[35.365076,47.377284],[35.361672,47.377181],[35.36162,47.37766]]]}},{"type":"Feature","properties":{"cadnum":"2323381100:03:016:0024"},"geometry":{"type":"Polygon","coordinates":[[[35.361568,47.378136],[35.365076,47.378243],[35.365076,47.378242],[35.365317,47.378249],[35.36535,47.377772],[35.365076,47.377765],[35.365076,47.377764],[35.36162,47.37766],[35.361568,47.378136]]]}},{"type":"Feature","properties":{"cadnum":"2323381100:03:016:0025"},"geometry":{"type":"Polygon","coordinates":[[[35.361532,47.37846],[35.364904,47.378561],[35.364904,47.378562],[35.365295,47.378572],[35.365317,47.378249],[35.364904,47.378237],[35.364904,47.378238],[35.361568,47.378136],[35.361532,47.37846]]]}},{"type":"Feature","properties":{"cadnum":"2323381100:03:014:0022"},"geometry":{"type":"Polygon","coordinates":[[[35.369471,47.378549],[35.370569,47.37857],[35.370569,47.378569],[35.371761,47.378591],[35.371771,47.378073],[35.370569,47.378047],[35.3695,47.378023],[35.369471,47.378549]]]}},{"type":"Feature","properties":{"cadnum":"2323381100:03:014:0023"},"geometry":{"type":"Polygon","coordinates":[[[35.369435,47.379324],[35.370397,47.379342],[35.370398,47.379342],[35.370398,47.379343],[35.371756,47.379366],[35.37177,47.378591],[35.370569,47.37857],[35.369479,47.37855],[35.369435,47.379324]]]}},{"type":"Feature","properties":{"cadnum":"2323381100:03:014:0025"},"geometry":{"type":"Polygon","coordinates":[[[35.369413,47.380039],[35.370569,47.380061],[35.370569,47.38006],[35.37176,47.380082],[35.371763,47.379741],[35.371764,47.379573],[35.370398,47.379548],[35.370397,47.379548],[35.369432,47.37953],[35.369419,47.379857],[35.36942,47.379857],[35.36942,47.379858],[35.369413,47.380039]]]}},{"type":"Feature","properties":{"cadnum":"2323381100:03:014:0024"},"geometry":{"type":"Polygon","coordinates":[[[35.369425,47.37953],[35.370569,47.379551],[35.371757,47.379572],[35.371759,47.379367],[35.370569,47.379346],[35.369439,47.379325],[35.369425,47.37953]]]}},{"type":"Feature","properties":{"cadnum":"2323381100:03:014:0020"},"geometry":{"type":"Polygon","coordinates":[[[35.369527,47.377234],[35.370397,47.377254],[35.370398,47.377254],[35.371786,47.377285],[35.371808,47.376549],[35.370569,47.376519],[35.370569,47.376518],[35.369557,47.376493],[35.369527,47.377234]]]}},{"type":"Feature","properties":{"cadnum":"2323381100:03:014:0021"},"geometry":{"type":"Polygon","coordinates":[[[35.3695,47.378023],[35.370397,47.378043],[35.370398,47.378043],[35.371771,47.378073],[35.371786,47.377285],[35.370569,47.377258],[35.370569,47.377257],[35.369527,47.377234],[35.3695,47.378023]]]}},{"type":"Feature","properties":{"cadnum":"2323381100:03:006:0050"},"geometry":{"type":"Polygon","coordinates":[[[35.33908,47.385405],[35.33915,47.38545],[35.341917,47.383577],[35.342002,47.383519],[35.342088,47.383461],[35.342515,47.383172],[35.339528,47.383109],[35.339459,47.383461],[35.339458,47.383461],[35.339447,47.383521],[35.339435,47.383577],[35.339436,47.383577],[35.33908,47.385405]]]}},{"type":"Feature","properties":{"cadnum":"2323381100:03:006:0033"},"geometry":{"type":"Polygon","coordinates":[[[35.341963,47.386389],[35.342932,47.386472],[35.342932,47.386473],[35.343596,47.386529],[35.344097,47.383681],[35.343413,47.383638],[35.343082,47.384266],[35.341963,47.386389]]]}},{"type":"Feature","properties":{"cadnum":"2323381100:01:012:0011"},"geometry":{"type":"Polygon","coordinates":[[[35.255346,47.346049],[35.258268,47.346254],[35.2595,47.34634],[35.259542,47.346343],[35.259549,47.346036],[35.255352,47.345742],[35.255346,47.346049]]]}},{"type":"Feature","properties":{"cadnum":"2323381100:01:012:0012"},"geometry":{"type":"Polygon","coordinates":[[[35.255352,47.345742],[35.259549,47.346036],[35.25957,47.345157],[35.255372,47.344777],[35.255352,47.345742]]]}},{"type":"Feature","properties":{"cadnum":"2323381100:01:012:0010"},"geometry":{"type":"Polygon","coordinates":[[[35.255333,47.346664],[35.259526,47.346957],[35.259542,47.346343],[35.2595,47.34634],[35.255346,47.346049],[35.255339,47.34637],[35.255333,47.346664]]]}},{"type":"Feature","properties":{"cadnum":"2323381100:01:005:0003"},"geometry":{"type":"Polygon","coordinates":[[[35.255411,47.343821],[35.259613,47.344115],[35.259628,47.343806],[35.255426,47.343511],[35.255411,47.343821]]]}},{"type":"Feature","properties":{"cadnum":"2323381100:01:005:0002"},"geometry":{"type":"Polygon","coordinates":[[[35.255383,47.344439],[35.259585,47.344734],[35.259613,47.344115],[35.255411,47.343821],[35.255383,47.344439]]]}},{"type":"Feature","properties":{"cadnum":"2323381100:01:005:0001"},"geometry":{"type":"Polygon","coordinates":[[[35.255371,47.344705],[35.259569,47.345085],[35.259585,47.344734],[35.255383,47.344439],[35.255371,47.344705]]]}},{"type":"Feature","properties":{"cadnum":"2323381100:01:006:0004"},"geometry":{"type":"Polygon","coordinates":[[[35.259716,47.344068],[35.260706,47.344159],[35.264191,47.344479],[35.264206,47.34413],[35.260706,47.343809],[35.259732,47.343719],[35.259716,47.344068]]]}},{"type":"Feature","properties":{"cadnum":"2323381100:01:011:0017"},"geometry":{"type":"Polygon","coordinates":[[[35.25966,47.345794],[35.260534,47.345856],[35.26409,47.346104],[35.2641,47.345813],[35.260534,47.345563],[35.260534,47.345564],[35.259668,47.345502],[35.25966,47.345794]]]}},{"type":"Feature","properties":{"cadnum":"2323381100:01:011:0018"},"geometry":{"type":"Polygon","coordinates":[[[35.259668,47.345502],[35.260706,47.345576],[35.260706,47.345575],[35.2641,47.345813],[35.26411,47.345568],[35.260706,47.345261],[35.259676,47.345167],[35.259668,47.345502]]]}},{"type":"Feature","properties":{"cadnum":"2323381100:01:006:0015"},"geometry":{"type":"Polygon","coordinates":[[[35.259691,47.344415],[35.260706,47.344509],[35.264165,47.344827],[35.264191,47.344479],[35.260534,47.344143],[35.259716,47.344068],[35.259691,47.344415]]]}},{"type":"Feature","properties":{"cadnum":"2323381100:01:005:0006"},"geometry":{"type":"Polygon","coordinates":[[[35.255454,47.342893],[35.259656,47.343188],[35.259671,47.342879],[35.255493,47.342586],[35.255468,47.342585],[35.255464,47.342648],[35.255465,47.342648],[35.255454,47.342893]]]}},{"type":"Feature","properties":{"cadnum":"2323381100:01:006:0019"},"geometry":{"type":"Polygon","coordinates":[[[35.259846,47.343027],[35.260706,47.343099],[35.264328,47.3434],[35.264346,47.343051],[35.260534,47.342734],[35.259862,47.342677],[35.259846,47.343027]]]}},{"type":"Feature","properties":{"cadnum":"2323381100:01:005:0004"},"geometry":{"type":"Polygon","coordinates":[[[35.255425,47.343511],[35.259628,47.343806],[35.259642,47.343497],[35.255439,47.343202],[35.255425,47.343511]]]}},{"type":"Feature","properties":{"cadnum":"2323381100:01:005:0005"},"geometry":{"type":"Polygon","coordinates":[[[35.255439,47.343202],[35.259642,47.343497],[35.259656,47.343188],[35.255454,47.342893],[35.255439,47.343202]]]}},{"type":"Feature","properties":{"cadnum":"2323381100:01:005:0007"},"geometry":{"type":"Polygon","coordinates":[[[35.255468,47.342585],[35.255493,47.342586],[35.256376,47.342648],[35.259671,47.342879],[35.259685,47.34257],[35.255482,47.342276],[35.25547,47.342532],[35.255469,47.342532],[35.255468,47.342585]]]}},{"type":"Feature","properties":{"cadnum":"2323381100:01:006:0006"},"geometry":{"type":"Polygon","coordinates":[[[35.259747,47.34337],[35.260706,47.343459],[35.260706,47.343458],[35.264222,47.343781],[35.264238,47.343431],[35.260706,47.343107],[35.259763,47.34302],[35.259747,47.34337]]]}},{"type":"Feature","properties":{"cadnum":"2323381100:05:018:0026"},"geometry":{"type":"Polygon","coordinates":[[[35.302684,47.372293],[35.302764,47.372301],[35.303849,47.37241],[35.303927,47.372418],[35.304009,47.372426],[35.304018,47.372375],[35.304065,47.372123],[35.302742,47.371979],[35.302684,47.372293]]]}},{"type":"Feature","properties":{"cadnum":"2323381100:05:018:0027"},"geometry":{"type":"Polygon","coordinates":[[[35.304009,47.372426],[35.304651,47.37249],[35.305001,47.372525],[35.305017,47.372371],[35.305032,47.372229],[35.30448,47.372169],[35.304479,47.372169],[35.304065,47.372123],[35.304032,47.372301],[35.304018,47.372375],[35.30401,47.372418],[35.304009,47.372426]]]}},{"type":"Feature","properties":{"cadnum":"2323381100:05:018:0020"},"geometry":{"type":"Polygon","coordinates":[[[35.302143,47.372401],[35.30232,47.372418],[35.302321,47.372418],[35.302577,47.372441],[35.302584,47.372352],[35.302657,47.371601],[35.302228,47.371545],[35.302153,47.372301],[35.302143,47.372401]]]}},{"type":"Feature","properties":{"cadnum":"2323381100:05:018:0024"},"geometry":{"type":"Polygon","coordinates":[[[35.301718,47.372372],[35.302103,47.372418],[35.302104,47.372418],[35.302142,47.372422],[35.302146,47.372377],[35.302227,47.371561],[35.301805,47.371505],[35.301805,47.371514],[35.301725,47.372301],[35.301718,47.372372]]]}},{"type":"Feature","properties":{"cadnum":"2323381100:05:016:0005"},"geometry":{"type":"Polygon","coordinates":[[[35.300687,47.372997],[35.301565,47.373099],[35.301628,47.372454],[35.300722,47.372349],[35.300716,47.372349],[35.300712,47.372418],[35.300713,47.372418],[35.300687,47.372997]]]}},{"type":"Feature","properties":{"cadnum":"2323381100:05:012:0004"},"geometry":{"type":"Polygon","coordinates":[[[35.301378,47.376958],[35.3018,47.377009],[35.302041,47.376096],[35.302067,47.375998],[35.301689,47.375951],[35.301667,47.376021],[35.301666,47.376021],[35.301378,47.376958]]]}},{"type":"Feature","properties":{"cadnum":"2323381100:05:014:0019"},"geometry":{"type":"Polygon","coordinates":[[[35.299951,47.374656],[35.3004,47.374691],[35.300458,47.374033],[35.30002,47.373985],[35.299951,47.374656]]]}},{"type":"Feature","properties":{"cadnum":"2323381100:05:014:0013"},"geometry":{"type":"Polygon","coordinates":[[[35.299441,47.375186],[35.299893,47.375209],[35.299948,47.374672],[35.299518,47.374651],[35.299441,47.375186]]]}},{"type":"Feature","properties":{"cadnum":"2323381100:05:014:0010"},"geometry":{"type":"Polygon","coordinates":[[[35.302762,47.375197],[35.303122,47.375244],[35.30322,47.374435],[35.302856,47.374387],[35.302762,47.375197]]]}},{"type":"Feature","properties":{"cadnum":"2323381100:05:014:0016"},"geometry":{"type":"Polygon","coordinates":[[[35.30094,47.37412],[35.300946,47.374381],[35.301022,47.37439],[35.301024,47.374581],[35.301026,47.374754],[35.301717,47.374825],[35.302139,47.374873],[35.3022,47.374294],[35.30094,47.37412]]]}},{"type":"Feature","properties":{"cadnum":"2323381100:05:014:0015"},"geometry":{"type":"Polygon","coordinates":[[[35.299518,47.374651],[35.299948,47.374672],[35.300023,47.373962],[35.299619,47.373942],[35.299518,47.374651]]]}},{"type":"Feature","properties":{"cadnum":"2323381100:05:016:0009"},"geometry":{"type":"Polygon","coordinates":[[[35.304439,47.37421],[35.30448,47.374213],[35.304537,47.374218],[35.304651,47.374227],[35.304651,47.374226],[35.304685,47.374229],[35.304777,47.373507],[35.304537,47.373475],[35.304446,47.374168],[35.304439,47.37421]]]}},{"type":"Feature","properties":{"cadnum":"2323381100:05:014:0020"},"geometry":{"type":"Polygon","coordinates":[[[35.299888,47.375254],[35.300348,47.375289],[35.300348,47.375288],[35.3004,47.374691],[35.299951,47.374656],[35.299948,47.374672],[35.299888,47.375254]]]}},{"type":"Feature","properties":{"cadnum":"2323381100:05:014:0001"},"geometry":{"type":"Polygon","coordinates":[[[35.304344,47.374692],[35.30448,47.374713],[35.30448,47.374714],[35.304544,47.374724],[35.304556,47.374688],[35.304651,47.374704],[35.304725,47.374715],[35.30476,47.374615],[35.304602,47.374589],[35.304607,47.374573],[35.304553,47.374564],[35.304548,47.374581],[35.304391,47.374556],[35.304344,47.374692]]]}},{"type":"Feature","properties":{"cadnum":"2323381100:05:016:0008"},"geometry":{"type":"Polygon","coordinates":[[[35.302715,47.374049],[35.302952,47.374063],[35.303011,47.373616],[35.302774,47.373601],[35.302715,47.374049]]]}},{"type":"Feature","properties":{"cadnum":"2323381100:05:012:0007"},"geometry":{"type":"Polygon","coordinates":[[[35.303797,47.375359],[35.30448,47.375399],[35.30448,47.3754],[35.304649,47.375409],[35.304651,47.375391],[35.304651,47.37539],[35.304686,47.375143],[35.304651,47.375139],[35.303839,47.375032],[35.303797,47.375359]]]}},{"type":"Feature","properties":{"cadnum":"2323381100:05:012:0008"},"geometry":{"type":"Polygon","coordinates":[[[35.300855,47.377575],[35.301175,47.377615],[35.30163,47.376138],[35.301631,47.376138],[35.301689,47.375951],[35.301317,47.375905],[35.301284,47.376021],[35.301259,47.37611],[35.301252,47.376138],[35.301207,47.376299],[35.300855,47.377575]]]}},{"type":"Feature","properties":{"cadnum":"2323381100:05:014:0012"},"geometry":{"type":"Polygon","coordinates":[[[35.301512,47.375704],[35.30204,47.375764],[35.302139,47.374873],[35.301717,47.374825],[35.301518,47.375682],[35.301512,47.375704]]]}},{"type":"Feature","properties":{"cadnum":"2323381100:05:014:0011"},"geometry":{"type":"Polygon","coordinates":[[[35.302691,47.375818],[35.303047,47.375865],[35.303122,47.375244],[35.302762,47.375197],[35.302691,47.375818]]]}},{"type":"Feature","properties":{"cadnum":"2323381100:05:014:0017"},"geometry":{"type":"Polygon","coordinates":[[[35.30368,47.37536],[35.303683,47.376021],[35.303682,47.376021],[35.303683,47.3761],[35.304195,47.376138],[35.30448,47.376159],[35.304561,47.376165],[35.304563,47.376138],[35.304564,47.376138],[35.304616,47.375426],[35.30368,47.37536]]]}},{"type":"Feature","properties":{"cadnum":"2323381100:05:014:0005"},"geometry":{"type":"Polygon","coordinates":[[[35.300947,47.375478],[35.301278,47.375525],[35.301395,47.375621],[35.301437,47.375672],[35.301516,47.375681],[35.301717,47.374825],[35.301026,47.374754],[35.300947,47.375478]]]}},{"type":"Feature","properties":{"cadnum":"2323381100:05:012:0010"},"geometry":{"type":"Polygon","coordinates":[[[35.300271,47.3769],[35.300746,47.376956],[35.300932,47.376268],[35.300982,47.376087],[35.300921,47.37608],[35.300553,47.376036],[35.300519,47.376138],[35.30052,47.376138],[35.300271,47.3769]]]}},{"type":"Feature","properties":{"cadnum":"2323381100:04:013:0008"},"geometry":{"type":"Polygon","coordinates":[[[35.297321,47.339838],[35.299158,47.339962],[35.299158,47.339961],[35.300594,47.340057],[35.300598,47.339938],[35.300617,47.339267],[35.298986,47.339158],[35.297344,47.339048],[35.297321,47.339838]]]}},{"type":"Feature","properties":{"cadnum":"2323381100:04:013:0004"},"geometry":{"type":"Polygon","coordinates":[[[35.297224,47.343024],[35.299158,47.343154],[35.300499,47.343243],[35.300514,47.342724],[35.300518,47.342568],[35.300523,47.342435],[35.299158,47.342344],[35.297248,47.342216],[35.297239,47.342532],[35.297238,47.342532],[35.297224,47.343024]]]}},{"type":"Feature","properties":{"cadnum":"2323381100:04:013:0015"},"geometry":{"type":"Polygon","coordinates":[[[35.300514,47.342724],[35.30423,47.342973],[35.304242,47.342532],[35.30425,47.342276],[35.300535,47.342027],[35.300523,47.342435],[35.30052,47.342532],[35.300519,47.342532],[35.300518,47.342568],[35.300515,47.342648],[35.300516,47.342648],[35.300514,47.342724]]]}},{"type":"Feature","properties":{"cadnum":"2323381100:04:013:0005"},"geometry":{"type":"Polygon","coordinates":[[[35.297248,47.342216],[35.298986,47.342332],[35.298986,47.342333],[35.300523,47.342435],[35.300535,47.342027],[35.300556,47.341374],[35.299158,47.341282],[35.299158,47.341281],[35.297281,47.341156],[35.297248,47.342216]]]}},{"type":"Feature","properties":{"cadnum":"2323381100:04:013:0020"},"geometry":{"type":"Polygon","coordinates":[[[35.297289,47.340892],[35.299158,47.341018],[35.299158,47.341017],[35.300562,47.341111],[35.30057,47.340848],[35.298986,47.340742],[35.298986,47.340743],[35.297297,47.340629],[35.297289,47.340892]]]}},{"type":"Feature","properties":{"cadnum":"2323381100:04:013:0019"},"geometry":{"type":"Polygon","coordinates":[[[35.297281,47.341156],[35.298986,47.34127],[35.300556,47.341374],[35.300557,47.341331],[35.300562,47.341111],[35.298986,47.341006],[35.297289,47.340892],[35.297281,47.341156]]]}},{"type":"Feature","properties":{"cadnum":"2323381100:04:013:0007"},"geometry":{"type":"Polygon","coordinates":[[[35.297297,47.340629],[35.299158,47.340754],[35.30057,47.340848],[35.300577,47.340634],[35.300589,47.340217],[35.300594,47.340057],[35.298986,47.33995],[35.297321,47.339838],[35.297297,47.340629]]]}},{"type":"Feature","properties":{"cadnum":"2323381100:04:013:0023"},"geometry":{"type":"Polygon","coordinates":[[[35.304222,47.345067],[35.30448,47.345085],[35.305695,47.345166],[35.305783,47.342532],[35.305803,47.341941],[35.30448,47.341853],[35.304479,47.341853],[35.304331,47.341843],[35.304307,47.342532],[35.304306,47.342559],[35.304303,47.342648],[35.304222,47.345067]]]}},{"type":"Feature","properties":{"cadnum":"2323381100:04:013:0021"},"geometry":{"type":"Polygon","coordinates":[[[35.300589,47.340217],[35.304305,47.340465],[35.304313,47.340186],[35.300598,47.339938],[35.300594,47.340057],[35.300589,47.340217]]]}},{"type":"Feature","properties":{"cadnum":"2323381100:04:013:0022"},"geometry":{"type":"Polygon","coordinates":[[[35.300577,47.340634],[35.304292,47.340883],[35.304305,47.340465],[35.300589,47.340217],[35.300577,47.340634]]]}},{"type":"Feature","properties":{"cadnum":"2323381100:04:013:0011"},"geometry":{"type":"Polygon","coordinates":[[[35.300598,47.339938],[35.304313,47.340186],[35.304333,47.33949],[35.300619,47.339242],[35.300617,47.339267],[35.300598,47.339938]]]}},{"type":"Feature","properties":{"cadnum":"2323381100:04:013:0014"},"geometry":{"type":"Polygon","coordinates":[[[35.300535,47.342027],[35.30425,47.342276],[35.304272,47.341579],[35.300557,47.341331],[35.300556,47.341374],[35.300535,47.342027]]]}},{"type":"Feature","properties":{"cadnum":"2323381100:04:013:0013"},"geometry":{"type":"Polygon","coordinates":[[[35.300557,47.341331],[35.304272,47.341579],[35.304292,47.340883],[35.300577,47.340634],[35.30057,47.340848],[35.300562,47.341111],[35.300557,47.341331]]]}},{"type":"Feature","properties":{"cadnum":"2323381100:05:035:0017"},"geometry":{"type":"Polygon","coordinates":[[[35.319934,47.373397],[35.320959,47.37349],[35.320959,47.373491],[35.321046,47.373498],[35.321131,47.372689],[35.321133,47.372663],[35.32107,47.372702],[35.319934,47.373397]]]}},{"type":"Feature","properties":{"cadnum":"2323381100:05:035:7501"},"geometry":{"type":"Polygon","coordinates":[[[35.322995,47.373205],[35.323024,47.373206],[35.323026,47.373187],[35.322998,47.373185],[35.322995,47.373205]]]}},{"type":"Feature","properties":{"cadnum":"2323381100:05:038:0011"},"geometry":{"type":"Polygon","coordinates":[[[35.323889,47.372795],[35.325103,47.372862],[35.325123,47.372578],[35.323906,47.372531],[35.323905,47.372531],[35.323889,47.372795]]]}},{"type":"Feature","properties":{"cadnum":"2323381100:05:036:0017"},"geometry":{"type":"Polygon","coordinates":[[[35.324779,47.373055],[35.325735,47.373108],[35.32575,47.372897],[35.325103,47.372862],[35.324793,47.372845],[35.324779,47.373055]]]}},{"type":"Feature","properties":{"cadnum":"2323381100:05:037:0001"},"geometry":{"type":"Polygon","coordinates":[[[35.325894,47.37331],[35.326452,47.373331],[35.326468,47.373332],[35.326624,47.373338],[35.326624,47.373337],[35.326694,47.373339],[35.327394,47.373365],[35.327403,47.373365],[35.327422,47.372868],[35.327418,47.372868],[35.326947,47.372842],[35.326915,47.373089],[35.326711,47.373084],[35.32661,47.373082],[35.325894,47.373066],[35.325894,47.37331]]]}},{"type":"Feature","properties":{"cadnum":"2323381100:05:035:0012"},"geometry":{"type":"Polygon","coordinates":[[[35.32116,47.373051],[35.322888,47.373334],[35.322901,47.373201],[35.322916,47.37306],[35.321188,47.372777],[35.32116,47.373051]]]}},{"type":"Feature","properties":{"cadnum":"2323381100:05:035:0036"},"geometry":{"type":"Polygon","coordinates":[[[35.322901,47.373201],[35.323797,47.373265],[35.323828,47.372722],[35.322957,47.372659],[35.322952,47.372719],[35.322916,47.37306],[35.322901,47.373201]],[[35.323024,47.373206],[35.322995,47.373205],[35.322998,47.373185],[35.323026,47.373187],[35.323024,47.373206]]]}},{"type":"Feature","properties":{"cadnum":"2323381100:05:038:0012"},"geometry":{"type":"Polygon","coordinates":[[[35.32372,47.375173],[35.324269,47.375195],[35.324296,47.374973],[35.323765,47.374957],[35.32372,47.375173]]]}},{"type":"Feature","properties":{"cadnum":"2323381100:05:038:0013"},"geometry":{"type":"Polygon","coordinates":[[[35.324269,47.375195],[35.325571,47.375246],[35.325599,47.375012],[35.324296,47.374973],[35.324269,47.375195]]]}},{"type":"Feature","properties":{"cadnum":"2323381100:05:036:0005"},"geometry":{"type":"Polygon","coordinates":[[[35.325842,47.374296],[35.326452,47.374354],[35.326453,47.374354],[35.326624,47.37437],[35.326707,47.374378],[35.326695,47.374593],[35.327131,47.374606],[35.327307,47.374612],[35.327337,47.374137],[35.326452,47.374103],[35.326452,47.374104],[35.325859,47.374081],[35.325842,47.374296]]]}},{"type":"Feature","properties":{"cadnum":"2323381100:05:038:0024"},"geometry":{"type":"Polygon","coordinates":[[[35.323826,47.373894],[35.323939,47.373899],[35.32421,47.373911],[35.324225,47.373703],[35.323838,47.373684],[35.323826,47.373894]]]}},{"type":"Feature","properties":{"cadnum":"2323381100:05:038:0008"},"geometry":{"type":"Polygon","coordinates":[[[35.323865,47.374679],[35.324521,47.3747],[35.32454,47.374428],[35.323884,47.374407],[35.323865,47.374679]]]}},{"type":"Feature","properties":{"cadnum":"2323381100:05:038:0020"},"geometry":{"type":"Polygon","coordinates":[[[35.323864,47.374406],[35.323884,47.374407],[35.324431,47.374425],[35.324449,47.374175],[35.323922,47.374154],[35.323881,47.374153],[35.323864,47.374406]]]}},{"type":"Feature","properties":{"cadnum":"2323381100:05:036:0006"},"geometry":{"type":"Polygon","coordinates":[[[35.3258,47.37479],[35.326624,47.374819],[35.327112,47.374835],[35.327131,47.374606],[35.326452,47.374586],[35.325819,47.374566],[35.3258,47.37479]]]}},{"type":"Feature","properties":{"cadnum":"2323381100:05:038:0023"},"geometry":{"type":"Polygon","coordinates":[[[35.32421,47.373911],[35.3245,47.373923],[35.325673,47.373971],[35.325688,47.373773],[35.324225,47.373703],[35.32421,47.373911]]]}},{"type":"Feature","properties":{"cadnum":"2323381100:05:038:0019"},"geometry":{"type":"Polygon","coordinates":[[[35.324431,47.374425],[35.32454,47.374428],[35.325638,47.374465],[35.325656,47.374222],[35.324481,47.374176],[35.324449,47.374175],[35.324431,47.374425]]]}},{"type":"Feature","properties":{"cadnum":"2323381100:05:038:0005"},"geometry":{"type":"Polygon","coordinates":[[[35.323922,47.374154],[35.324481,47.374176],[35.3245,47.373923],[35.323939,47.373899],[35.323922,47.374154]]]}},{"type":"Feature","properties":{"cadnum":"2323381100:05:038:0007"},"geometry":{"type":"Polygon","coordinates":[[[35.324521,47.3747],[35.325619,47.374734],[35.325638,47.374465],[35.32454,47.374428],[35.324521,47.3747]]]}},{"type":"Feature","properties":{"cadnum":"2323381100:05:037:0003"},"geometry":{"type":"Polygon","coordinates":[[[35.325802,47.374001],[35.326624,47.374031],[35.326624,47.37403],[35.326814,47.374037],[35.326833,47.373756],[35.326452,47.373734],[35.325821,47.373696],[35.325802,47.374001]]]}},{"type":"Feature","properties":{"cadnum":"2323381100:05:035:0015"},"geometry":{"type":"Polygon","coordinates":[[[35.321018,47.374418],[35.321131,47.374437],[35.321131,47.374436],[35.322745,47.374701],[35.322774,47.374428],[35.321046,47.374144],[35.321018,47.374418]]]}},{"type":"Feature","properties":{"cadnum":"2323381100:05:035:0039"},"geometry":{"type":"Polygon","coordinates":[[[35.32096,47.374965],[35.321131,47.374993],[35.322689,47.375249],[35.32269,47.375238],[35.322717,47.374974],[35.32099,47.374692],[35.32096,47.374965]]]}},{"type":"Feature","properties":{"cadnum":"2323381100:05:035:0014"},"geometry":{"type":"Polygon","coordinates":[[[35.321046,47.374144],[35.322774,47.374428],[35.322794,47.374239],[35.322802,47.374154],[35.321074,47.373871],[35.321046,47.374144]]]}},{"type":"Feature","properties":{"cadnum":"2323381100:05:038:0017"},"geometry":{"type":"Polygon","coordinates":[[[35.322736,47.374853],[35.322807,47.374857],[35.32289,47.374862],[35.323608,47.374903],[35.323655,47.374377],[35.322939,47.374295],[35.322862,47.374286],[35.322792,47.374279],[35.322778,47.374428],[35.322749,47.374702],[35.322736,47.374853]],[[35.322902,47.374489],[35.322876,47.374488],[35.322877,47.37447],[35.322904,47.374471],[35.322902,47.374489]]]}},{"type":"Feature","properties":{"cadnum":"2323381100:05:036:0015"},"geometry":{"type":"Polygon","coordinates":[[[35.325737,47.375545],[35.326248,47.37556],[35.326624,47.375572],[35.326624,47.375571],[35.327048,47.375584],[35.327066,47.375357],[35.326624,47.375344],[35.325756,47.375318],[35.325737,47.375545]]]}},{"type":"Feature","properties":{"cadnum":"2323381100:05:038:0006"},"geometry":{"type":"Polygon","coordinates":[[[35.324492,47.375484],[35.325538,47.375534],[35.325572,47.375246],[35.324526,47.375205],[35.324492,47.375484]]]}},{"type":"Feature","properties":{"cadnum":"2323381100:05:036:0012"},"geometry":{"type":"Polygon","coordinates":[[[35.326199,47.376138],[35.326199,47.376142],[35.326452,47.37615],[35.326481,47.376151],[35.326624,47.376156],[35.327203,47.376173],[35.327213,47.376021],[35.327242,47.37559],[35.326452,47.375566],[35.326248,47.37556],[35.326209,47.376021],[35.326208,47.376021],[35.326202,47.376095],[35.326199,47.376138]]]}},{"type":"Feature","properties":{"cadnum":"2323381100:05:038:0009"},"geometry":{"type":"Polygon","coordinates":[[[35.323973,47.376147],[35.325449,47.376268],[35.325479,47.376021],[35.325487,47.375957],[35.324009,47.375851],[35.323973,47.376138],[35.323974,47.376138],[35.323973,47.376147]]]}},{"type":"Feature","properties":{"cadnum":"2323381100:05:038:0021"},"geometry":{"type":"Polygon","coordinates":[[[35.32268,47.375387],[35.322758,47.375394],[35.322839,47.375402],[35.323551,47.375462],[35.323608,47.374903],[35.32289,47.374862],[35.322807,47.374857],[35.322736,47.374853],[35.322723,47.374976],[35.322693,47.375249],[35.32268,47.375387]]]}},{"type":"Feature","properties":{"cadnum":"2323381100:05:038:0015"},"geometry":{"type":"Polygon","coordinates":[[[35.323684,47.375827],[35.324009,47.375851],[35.325487,47.375957],[35.325536,47.375533],[35.324492,47.375484],[35.324526,47.375205],[35.323763,47.375174],[35.323684,47.375827]]]}},{"type":"Feature","properties":{"cadnum":"2323381100:05:036:0011"},"geometry":{"type":"Polygon","coordinates":[[[35.325689,47.376127],[35.326049,47.376138],[35.326199,47.376142],[35.326202,47.376095],[35.326248,47.37556],[35.325737,47.375545],[35.325698,47.376021],[35.325697,47.376021],[35.325689,47.376127]]]}},{"type":"Feature","properties":{"cadnum":"2323381100:05:035:0030"},"geometry":{"type":"Polygon","coordinates":[[[35.320932,47.375239],[35.320959,47.375243],[35.321096,47.375266],[35.321131,47.375271],[35.322661,47.375522],[35.322689,47.375249],[35.32096,47.374965],[35.320932,47.375239]]]}},{"type":"Feature","properties":{"cadnum":"2323381100:01:033:0003"},"geometry":{"type":"Polygon","coordinates":[[[35.278977,47.357241],[35.281178,47.357419],[35.282507,47.357527],[35.283055,47.35757],[35.283061,47.357419],[35.28306,47.357419],[35.28308,47.356913],[35.282672,47.35688],[35.279001,47.356583],[35.278977,47.357241]]]}},{"type":"Feature","properties":{"cadnum":"2323381100:01:033:0002"},"geometry":{"type":"Polygon","coordinates":[[[35.278953,47.357898],[35.282507,47.358186],[35.283031,47.358228],[35.283055,47.35757],[35.282679,47.35754],[35.282614,47.357535],[35.282617,47.357535],[35.278977,47.357241],[35.278965,47.357535],[35.278966,47.357535],[35.278953,47.357898]]]}},{"type":"Feature","properties":{"cadnum":"2323381100:01:019:0008"},"geometry":{"type":"Polygon","coordinates":[[[35.276485,47.355903],[35.277185,47.355961],[35.277185,47.35596],[35.277186,47.35596],[35.279019,47.356108],[35.279025,47.355926],[35.279038,47.35559],[35.277186,47.35544],[35.277185,47.35544],[35.276501,47.355385],[35.276485,47.355903]]]}},{"type":"Feature","properties":{"cadnum":"2323381100:01:019:0011"},"geometry":{"type":"Polygon","coordinates":[[[35.27644,47.357419],[35.27644,47.357462],[35.277014,47.357509],[35.277014,47.35751],[35.278961,47.357667],[35.278966,47.357506],[35.278977,47.357241],[35.278981,47.357146],[35.277014,47.356987],[35.277014,47.356988],[35.276455,47.356942],[35.276441,47.357419],[35.27644,47.357419]]]}},{"type":"Feature","properties":{"cadnum":"2323381100:01:019:0010"},"geometry":{"type":"Polygon","coordinates":[[[35.276455,47.356942],[35.277185,47.357002],[35.277185,47.357001],[35.277186,47.357001],[35.278981,47.357146],[35.279,47.356626],[35.277186,47.35648],[35.277185,47.35648],[35.276471,47.356422],[35.276455,47.356942]]]}},{"type":"Feature","properties":{"cadnum":"2323381100:01:033:0005"},"geometry":{"type":"Polygon","coordinates":[[[35.279025,47.355926],[35.282679,47.356222],[35.283102,47.356256],[35.283127,47.355598],[35.282507,47.355548],[35.282507,47.355549],[35.279048,47.355268],[35.279025,47.355926]]]}},{"type":"Feature","properties":{"cadnum":"2323381100:01:033:0004"},"geometry":{"type":"Polygon","coordinates":[[[35.279001,47.356583],[35.282507,47.356867],[35.282672,47.35688],[35.282679,47.356881],[35.28308,47.356913],[35.283102,47.356256],[35.282507,47.356208],[35.279025,47.355926],[35.279001,47.356583]]]}},{"type":"Feature","properties":{"cadnum":"2323381100:01:033:0006"},"geometry":{"type":"Polygon","coordinates":[[[35.279048,47.355268],[35.282679,47.355563],[35.282679,47.355562],[35.283127,47.355598],[35.283151,47.35494],[35.282679,47.354902],[35.279072,47.35461],[35.279048,47.355268]]]}},{"type":"Feature","properties":{"cadnum":"2323381100:01:033:0007"},"geometry":{"type":"Polygon","coordinates":[[[35.279072,47.35461],[35.282507,47.354888],[35.283151,47.35494],[35.283175,47.354283],[35.282679,47.354244],[35.282679,47.354243],[35.279097,47.353954],[35.279072,47.35461]]]}},{"type":"Feature","properties":{"cadnum":"2323381100:01:019:0006"},"geometry":{"type":"Polygon","coordinates":[[[35.276518,47.354867],[35.277014,47.354907],[35.277014,47.354908],[35.279056,47.355072],[35.279072,47.35461],[35.279075,47.354555],[35.277014,47.354389],[35.276532,47.35435],[35.276518,47.354867]]]}},{"type":"Feature","properties":{"cadnum":"2323381100:01:019:0005"},"geometry":{"type":"Polygon","coordinates":[[[35.276532,47.35435],[35.277185,47.354403],[35.277186,47.354403],[35.279075,47.354555],[35.279094,47.354039],[35.277186,47.353885],[35.277185,47.353885],[35.276547,47.353833],[35.276532,47.35435]]]}},{"type":"Feature","properties":{"cadnum":"2323381100:01:019:0007"},"geometry":{"type":"Polygon","coordinates":[[[35.276501,47.355385],[35.277014,47.355426],[35.279038,47.35559],[35.279048,47.355268],[35.279056,47.355072],[35.277186,47.354921],[35.277185,47.354921],[35.276518,47.354867],[35.276501,47.355385]]]}},{"type":"Feature","properties":{"cadnum":"2323381100:01:029:0082"},"geometry":{"type":"Polygon","coordinates":[[[35.258493,47.371121],[35.260706,47.37129],[35.260706,47.371289],[35.262413,47.371419],[35.262455,47.370086],[35.260706,47.369954],[35.258545,47.369789],[35.25852,47.370429],[35.258493,47.371107],[35.258493,47.371121]]]}},{"type":"Feature","properties":{"cadnum":"2323381100:01:029:0026"},"geometry":{"type":"Polygon","coordinates":[[[35.258466,47.371785],[35.260534,47.371942],[35.260534,47.371943],[35.262392,47.372083],[35.262413,47.371419],[35.260534,47.371276],[35.258493,47.371121],[35.258466,47.371785]]]}},{"type":"Feature","properties":{"cadnum":"2323381100:01:029:0023"},"geometry":{"type":"Polygon","coordinates":[[[35.258545,47.369789],[35.260534,47.36994],[35.260534,47.369941],[35.262455,47.370086],[35.262476,47.369419],[35.260534,47.369271],[35.260534,47.369272],[35.258571,47.369122],[35.258547,47.369754],[35.258545,47.369789]]]}},{"type":"Feature","properties":{"cadnum":"2323381100:01:029:0001"},"geometry":{"type":"Polygon","coordinates":[[[35.254624,47.371492],[35.255213,47.371538],[35.255213,47.371537],[35.258466,47.371785],[35.258493,47.371121],[35.258493,47.371107],[35.255213,47.370858],[35.255213,47.370857],[35.254645,47.370814],[35.254624,47.371492]]]}},{"type":"Feature","properties":{"cadnum":"2323381100:01:029:0005"},"geometry":{"type":"Polygon","coordinates":[[[35.25471,47.368784],[35.255213,47.368823],[35.255213,47.368822],[35.258572,47.369078],[35.258591,47.368581],[35.258596,47.368454],[35.258599,47.368404],[35.255041,47.368133],[35.255041,47.368134],[35.254731,47.36811],[35.254716,47.368581],[35.254715,47.368581],[35.25471,47.368784]]]}},{"type":"Feature","properties":{"cadnum":"2323381100:01:029:0003"},"geometry":{"type":"Polygon","coordinates":[[[35.254667,47.370136],[35.255041,47.370165],[35.25852,47.370429],[35.258545,47.369789],[35.258547,47.369754],[35.255041,47.369487],[35.254688,47.369459],[35.254667,47.370136]]]}},{"type":"Feature","properties":{"cadnum":"2323381100:01:032:0012"},"geometry":{"type":"Polygon","coordinates":[[[35.254581,47.37244],[35.255213,47.372489],[35.258549,47.372743],[35.258569,47.372418],[35.25857,47.372418],[35.258591,47.372083],[35.255213,47.371826],[35.255213,47.371825],[35.254609,47.371779],[35.254581,47.372418],[35.254582,47.372418],[35.254581,47.37244]]]}},{"type":"Feature","properties":{"cadnum":"2323381100:01:029:0002"},"geometry":{"type":"Polygon","coordinates":[[[35.254645,47.370814],[35.255041,47.370844],[35.255041,47.370845],[35.258493,47.371107],[35.25852,47.370429],[35.255213,47.370178],[35.254667,47.370136],[35.254645,47.370814]]]}},{"type":"Feature","properties":{"cadnum":"2323381100:01:029:0004"},"geometry":{"type":"Polygon","coordinates":[[[35.254688,47.369459],[35.255213,47.3695],[35.258547,47.369754],[35.258571,47.369122],[35.258572,47.369078],[35.255041,47.368809],[35.25471,47.368784],[35.254688,47.369459]]]}},{"type":"Feature","properties":{"cadnum":"2323381100:03:006:0035"},"geometry":{"type":"Polygon","coordinates":[[[35.344722,47.38638],[35.345772,47.386459],[35.346238,47.383819],[35.345185,47.383751],[35.344722,47.38638]]]}},{"type":"Feature","properties":{"cadnum":"2323381100:03:006:0036"},"geometry":{"type":"Polygon","coordinates":[[[35.345772,47.386459],[35.346769,47.386533],[35.347234,47.383883],[35.346238,47.383819],[35.345772,47.386459]]]}},{"type":"Feature","properties":{"cadnum":"2323381100:03:006:0034"},"geometry":{"type":"Polygon","coordinates":[[[35.343594,47.386541],[35.344136,47.38658],[35.344178,47.38634],[35.344722,47.38638],[35.345185,47.383751],[35.344097,47.383681],[35.343594,47.386541]]]}},{"type":"Feature","properties":{"cadnum":"2323381100:03:006:0037"},"geometry":{"type":"Polygon","coordinates":[[[35.346769,47.386533],[35.347757,47.386607],[35.348225,47.383946],[35.347234,47.383883],[35.346769,47.386533]]]}},{"type":"Feature","properties":{"cadnum":"2323381100:03:006:0038"},"geometry":{"type":"Polygon","coordinates":[[[35.347757,47.386607],[35.348425,47.386657],[35.348743,47.38668],[35.349212,47.38401],[35.348594,47.383971],[35.348225,47.383946],[35.347757,47.386607]]]}},{"type":"Feature","properties":{"cadnum":"2323381100:03:006:0007"},"geometry":{"type":"Polygon","coordinates":[[[35.340213,47.378769],[35.342932,47.378944],[35.345078,47.379081],[35.345192,47.378542],[35.343103,47.378408],[35.340311,47.378228],[35.340213,47.378769]]]}},{"type":"Feature","properties":{"cadnum":"2323381100:03:006:0043"},"geometry":{"type":"Polygon","coordinates":[[[35.337372,47.377859],[35.337438,47.377865],[35.337439,47.377865],[35.337519,47.377872],[35.33761,47.37788],[35.34009,47.378099],[35.340207,47.37742],[35.340444,47.377439],[35.340469,47.377284],[35.337484,47.377019],[35.337372,47.377859]]]}},{"type":"Feature","properties":{"cadnum":"2323381100:03:006:0005"},"geometry":{"type":"Polygon","coordinates":[[[35.340409,47.37769],[35.342932,47.377852],[35.345306,47.378004],[35.345418,47.377467],[35.343104,47.377319],[35.343103,47.377319],[35.340506,47.377152],[35.340409,47.37769]]]}},{"type":"Feature","properties":{"cadnum":"2323381100:03:006:0006"},"geometry":{"type":"Polygon","coordinates":[[[35.340311,47.378228],[35.342932,47.378397],[35.345192,47.378542],[35.345306,47.378004],[35.345305,47.378004],[35.343103,47.377863],[35.340409,47.37769],[35.340311,47.378228]]]}},{"type":"Feature","properties":{"cadnum":"2323381100:03:006:0009"},"geometry":{"type":"Polygon","coordinates":[[[35.34011,47.379336],[35.343103,47.37953],[35.343103,47.379529],[35.343104,47.379529],[35.344854,47.379641],[35.344957,47.379647],[35.345078,47.379081],[35.343104,47.378955],[35.343103,47.378955],[35.340213,47.378769],[35.34011,47.379336]]]}},{"type":"Feature","properties":{"cadnum":"2323381100:03:006:0042"},"geometry":{"type":"Polygon","coordinates":[[[35.337256,47.378721],[35.33761,47.378753],[35.339941,47.378959],[35.34009,47.378099],[35.337519,47.377872],[35.337372,47.377859],[35.337256,47.378721]]]}},{"type":"Feature","properties":{"cadnum":"2323381100:03:006:0004"},"geometry":{"type":"Polygon","coordinates":[[[35.340445,47.377145],[35.343103,47.377316],[35.343104,47.377316],[35.345419,47.377464],[35.345532,47.376933],[35.343104,47.376778],[35.343103,47.376778],[35.340602,47.376617],[35.340445,47.377145]]]}},{"type":"Feature","properties":{"cadnum":"2323381100:03:006:0003"},"geometry":{"type":"Polygon","coordinates":[[[35.340602,47.376617],[35.342932,47.376767],[35.345532,47.376933],[35.345653,47.376363],[35.343104,47.3762],[35.343103,47.3762],[35.343103,47.376199],[35.342151,47.376138],[35.342153,47.376138],[35.340967,47.376061],[35.340956,47.376138],[35.340925,47.376361],[35.341247,47.376389],[35.34121,47.376577],[35.34062,47.376522],[35.340602,47.376617]]]}},{"type":"Feature","properties":{"cadnum":"2323381100:03:006:0030"},"geometry":{"type":"Polygon","coordinates":[[[35.33606,47.376138],[35.336061,47.376138],[35.33606,47.376143],[35.337438,47.37624],[35.337439,47.37624],[35.340893,47.376482],[35.340932,47.376339],[35.340551,47.376088],[35.340628,47.375548],[35.338627,47.375404],[35.337467,47.375344],[35.336207,47.375277],[35.33606,47.376138]]]}},{"type":"Feature","properties":{"cadnum":"2323381100:01:004:0009"},"geometry":{"type":"Polygon","coordinates":[[[35.255653,47.337868],[35.259857,47.338162],[35.259866,47.337853],[35.255661,47.337559],[35.255653,47.337868]]]}},{"type":"Feature","properties":{"cadnum":"2323381100:01:004:0004"},"geometry":{"type":"Polygon","coordinates":[[[35.255618,47.339106],[35.259821,47.3394],[35.25983,47.33909],[35.256078,47.338827],[35.255626,47.338796],[35.255625,47.338809],[35.255622,47.33892],[35.255622,47.338926],[35.255618,47.339106]]]}},{"type":"Feature","properties":{"cadnum":"2323381100:01:004:0010"},"geometry":{"type":"Polygon","coordinates":[[[35.255661,47.337559],[35.259866,47.337853],[35.259874,47.337544],[35.25567,47.337249],[35.255661,47.337559]]]}},{"type":"Feature","properties":{"cadnum":"2323381100:01:004:0006"},"geometry":{"type":"Polygon","coordinates":[[[35.255635,47.338487],[35.25984,47.338781],[35.259844,47.338627],[35.255639,47.338332],[35.255635,47.338487]]]}},{"type":"Feature","properties":{"cadnum":"2323381100:01:004:0015"},"geometry":{"type":"Polygon","coordinates":[[[35.255705,47.336012],[35.259911,47.336306],[35.259928,47.335688],[35.255722,47.335394],[35.255705,47.336012]]]}},{"type":"Feature","properties":{"cadnum":"2323381100:01:004:0017"},"geometry":{"type":"Polygon","coordinates":[[[35.255732,47.335084],[35.255769,47.335087],[35.259937,47.335379],[35.259946,47.335093],[35.25987,47.335087],[35.259832,47.335084],[35.255741,47.334752],[35.255732,47.335084]]]}},{"type":"Feature","properties":{"cadnum":"2323381100:01:003:0003"},"geometry":{"type":"Polygon","coordinates":[[[35.259963,47.33588],[35.260534,47.335929],[35.260659,47.33594],[35.260706,47.335944],[35.264456,47.33626],[35.264462,47.335972],[35.260655,47.33565],[35.259971,47.335592],[35.259963,47.33588]]]}},{"type":"Feature","properties":{"cadnum":"2323381100:01:003:0004"},"geometry":{"type":"Polygon","coordinates":[[[35.259954,47.33617],[35.260706,47.336234],[35.264448,47.336549],[35.264454,47.33626],[35.260655,47.33594],[35.259962,47.33588],[35.259954,47.33617]]]}},{"type":"Feature","properties":{"cadnum":"2323381100:01:004:0013"},"geometry":{"type":"Polygon","coordinates":[[[35.255688,47.336631],[35.259892,47.336925],[35.259901,47.336616],[35.255697,47.336322],[35.255688,47.336631]]]}},{"type":"Feature","properties":{"cadnum":"2323381100:01:003:0005"},"geometry":{"type":"Polygon","coordinates":[[[35.259946,47.336469],[35.260534,47.336519],[35.260597,47.336524],[35.260706,47.336534],[35.264441,47.336849],[35.264448,47.336549],[35.260534,47.336219],[35.259954,47.33617],[35.259946,47.336469]]]}},{"type":"Feature","properties":{"cadnum":"2323381100:01:004:0014"},"geometry":{"type":"Polygon","coordinates":[[[35.255697,47.336322],[35.259901,47.336616],[35.259911,47.336306],[35.255705,47.336012],[35.255697,47.336322]]]}},{"type":"Feature","properties":{"cadnum":"2323381100:01:004:0016"},"geometry":{"type":"Polygon","coordinates":[[[35.255722,47.335394],[35.259928,47.335688],[35.259937,47.335379],[35.257427,47.335203],[35.255732,47.335084],[35.255732,47.335087],[35.25573,47.335087],[35.255722,47.335394]]]}},{"type":"Feature","properties":{"cadnum":"2323381100:01:003:0007"},"geometry":{"type":"Polygon","coordinates":[[[35.259928,47.337091],[35.260534,47.337143],[35.260635,47.337151],[35.260706,47.337157],[35.264426,47.337471],[35.264434,47.337156],[35.260608,47.336834],[35.259937,47.336777],[35.259928,47.337091]]]}},{"type":"Feature","properties":{"cadnum":"2323381100:01:004:0011"},"geometry":{"type":"Polygon","coordinates":[[[35.25567,47.337249],[35.259874,47.337544],[35.259884,47.337234],[35.255679,47.33694],[35.25567,47.337249]]]}},{"type":"Feature","properties":{"cadnum":"2323381100:01:003:0006"},"geometry":{"type":"Polygon","coordinates":[[[35.259937,47.336777],[35.260534,47.336828],[35.260608,47.336834],[35.260706,47.336843],[35.264434,47.337156],[35.264441,47.336849],[35.260597,47.336524],[35.259946,47.336469],[35.259937,47.336777]]]}},{"type":"Feature","properties":{"cadnum":"2323381100:01:004:0008"},"geometry":{"type":"Polygon","coordinates":[[[35.255643,47.338178],[35.259848,47.338471],[35.259857,47.338162],[35.255653,47.337868],[35.255643,47.338178]]]}},{"type":"Feature","properties":{"cadnum":"2323381100:01:003:0009"},"geometry":{"type":"Polygon","coordinates":[[[35.259909,47.337738],[35.260534,47.337791],[35.260534,47.337792],[35.260659,47.337802],[35.260706,47.337806],[35.264411,47.338119],[35.264419,47.337792],[35.260636,47.337473],[35.259919,47.337412],[35.259909,47.337738]]]}},{"type":"Feature","properties":{"cadnum":"2323381100:01:003:0002"},"geometry":{"type":"Polygon","coordinates":[[[35.259971,47.335592],[35.260534,47.33564],[35.260655,47.33565],[35.260706,47.335655],[35.264462,47.335972],[35.264469,47.335683],[35.260609,47.335358],[35.259979,47.335304],[35.259971,47.335592]]]}},{"type":"Feature","properties":{"cadnum":"2323381100:01:003:0001"},"geometry":{"type":"Polygon","coordinates":[[[35.259979,47.335304],[35.260534,47.335351],[35.260609,47.335358],[35.260706,47.335366],[35.264469,47.335683],[35.264473,47.335483],[35.260706,47.33516],[35.260706,47.335159],[35.259984,47.335097],[35.25998,47.335203],[35.259982,47.335203],[35.259979,47.335304]]]}},{"type":"Feature","properties":{"cadnum":"2323381100:01:003:0008"},"geometry":{"type":"Polygon","coordinates":[[[35.25992,47.337412],[35.260534,47.337464],[35.260643,47.337474],[35.260706,47.337479],[35.264419,47.337792],[35.264426,47.337471],[35.260635,47.337151],[35.259928,47.337091],[35.25992,47.337412]]]}},{"type":"Feature","properties":{"cadnum":"2323381100:01:003:0010"},"geometry":{"type":"Polygon","coordinates":[[[35.2599,47.338067],[35.260534,47.338121],[35.264403,47.338448],[35.264411,47.338119],[35.260659,47.337802],[35.259909,47.337738],[35.2599,47.338067]]]}},{"type":"Feature","properties":{"cadnum":"2323381100:01:004:0007"},"geometry":{"type":"Polygon","coordinates":[[[35.255639,47.338332],[35.259844,47.338627],[35.259848,47.338472],[35.255643,47.338178],[35.255639,47.338332]]]}},{"type":"Feature","properties":{"cadnum":"2323381100:01:004:0005"},"geometry":{"type":"Polygon","coordinates":[[[35.255626,47.338796],[35.25582,47.338809],[35.256078,47.338827],[35.257481,47.338926],[35.25983,47.33909],[35.259837,47.338844],[35.25984,47.338781],[35.255635,47.338487],[35.255626,47.338796]]]}},{"type":"Feature","properties":{"cadnum":"2323381100:01:004:0012"},"geometry":{"type":"Polygon","coordinates":[[[35.255679,47.33694],[35.259884,47.337234],[35.259893,47.336925],[35.255688,47.336631],[35.255679,47.33694]]]}},{"type":"Feature","properties":{"cadnum":"2323381100:01:003:0011"},"geometry":{"type":"Polygon","coordinates":[[[35.259891,47.338398],[35.260534,47.338452],[35.260706,47.338467],[35.264395,47.338779],[35.264403,47.338448],[35.260706,47.338136],[35.260706,47.338135],[35.2599,47.338067],[35.259891,47.338398]]]}},{"type":"Feature","properties":{"cadnum":"2323381100:01:018:0015"},"geometry":{"type":"Polygon","coordinates":[[[35.272635,47.352794],[35.276491,47.353106],[35.2765,47.352772],[35.272643,47.352459],[35.272635,47.352794]]]}},{"type":"Feature","properties":{"cadnum":"2323381100:01:013:0072"},"geometry":{"type":"Polygon","coordinates":[[[35.272897,47.351243],[35.27686,47.351565],[35.27687,47.351232],[35.272907,47.350911],[35.272897,47.351243]]]}},{"type":"Feature","properties":{"cadnum":"2323381100:01:018:0014"},"geometry":{"type":"Polygon","coordinates":[[[35.272627,47.35313],[35.27648,47.353441],[35.276491,47.353106],[35.272635,47.352794],[35.272627,47.35313]]]}},{"type":"Feature","properties":{"cadnum":"2323381100:01:018:0016"},"geometry":{"type":"Polygon","coordinates":[[[35.272643,47.352459],[35.2765,47.352772],[35.276511,47.352436],[35.272651,47.352124],[35.272643,47.352459]]]}},{"type":"Feature","properties":{"cadnum":"2323381100:01:018:0017"},"geometry":{"type":"Polygon","coordinates":[[[35.272651,47.352124],[35.276511,47.352436],[35.27652,47.352102],[35.272659,47.351789],[35.272651,47.352124]]]}},{"type":"Feature","properties":{"cadnum":"2323381100:01:018:0013"},"geometry":{"type":"Polygon","coordinates":[[[35.27262,47.353465],[35.275493,47.353697],[35.276455,47.353775],[35.276471,47.353776],[35.27648,47.353441],[35.272627,47.35313],[35.27262,47.353465]]]}},{"type":"Feature","properties":{"cadnum":"2323381100:01:018:0012"},"geometry":{"type":"Polygon","coordinates":[[[35.272612,47.3538],[35.27278,47.353814],[35.272781,47.353814],[35.27646,47.354112],[35.276471,47.353776],[35.276455,47.353775],[35.27262,47.353465],[35.272615,47.353697],[35.272614,47.353697],[35.272612,47.3538]]]}},{"type":"Feature","properties":{"cadnum":"2323381100:01:018:0018"},"geometry":{"type":"Polygon","coordinates":[[[35.272659,47.351789],[35.27652,47.352102],[35.276531,47.351768],[35.272667,47.351455],[35.272659,47.351789]]]}},{"type":"Feature","properties":{"cadnum":"2323381100:01:013:0073"},"geometry":{"type":"Polygon","coordinates":[[[35.272907,47.350911],[35.27687,47.351232],[35.276882,47.3509],[35.272918,47.350578],[35.272907,47.350911]]]}},{"type":"Feature","properties":{"cadnum":"2323381100:01:013:0002"},"geometry":{"type":"Polygon","coordinates":[[[35.272918,47.350578],[35.276881,47.3509],[35.276902,47.350235],[35.275144,47.350092],[35.27294,47.349913],[35.272937,47.349976],[35.272935,47.350029],[35.272933,47.350092],[35.272918,47.350578]]]}},{"type":"Feature","properties":{"cadnum":"2323381100:01:013:0003"},"geometry":{"type":"Polygon","coordinates":[[[35.27294,47.349913],[35.273711,47.349976],[35.276902,47.350235],[35.27691,47.350008],[35.276925,47.34957],[35.272961,47.349248],[35.272949,47.349629],[35.27294,47.349913]]]}},{"type":"Feature","properties":{"cadnum":"2323381100:01:017:0004"},"geometry":{"type":"Polygon","coordinates":[[[35.268368,47.352275],[35.271521,47.352495],[35.272552,47.352567],[35.272557,47.352257],[35.271692,47.352197],[35.268378,47.351966],[35.268368,47.352275]]]}},{"type":"Feature","properties":{"cadnum":"2323381100:01:017:0007"},"geometry":{"type":"Polygon","coordinates":[[[35.268337,47.353199],[35.271692,47.353434],[35.271692,47.353433],[35.272537,47.353492],[35.272543,47.353184],[35.271692,47.353125],[35.268346,47.352891],[35.268337,47.353199]]]}},{"type":"Feature","properties":{"cadnum":"2323381100:01:017:0006"},"geometry":{"type":"Polygon","coordinates":[[[35.268348,47.352891],[35.271521,47.353113],[35.272543,47.353184],[35.272548,47.352875],[35.271692,47.352816],[35.268357,47.352583],[35.268348,47.352891]]]}},{"type":"Feature","properties":{"cadnum":"2323381100:01:017:0008"},"geometry":{"type":"Polygon","coordinates":[[[35.268326,47.353506],[35.271521,47.35373],[35.271888,47.353756],[35.272532,47.3538],[35.272537,47.353492],[35.271521,47.353421],[35.271521,47.353422],[35.268337,47.353199],[35.268326,47.353506]]]}},{"type":"Feature","properties":{"cadnum":"2323381100:01:017:0003"},"geometry":{"type":"Polygon","coordinates":[[[35.268378,47.351966],[35.271521,47.352185],[35.272557,47.352257],[35.272563,47.351948],[35.271692,47.351888],[35.271692,47.351887],[35.270061,47.351773],[35.268389,47.351656],[35.268378,47.351966]]]}},{"type":"Feature","properties":{"cadnum":"2323381100:01:017:0002"},"geometry":{"type":"Polygon","coordinates":[[[35.270061,47.351773],[35.271521,47.351875],[35.271521,47.351876],[35.272563,47.351948],[35.272569,47.351547],[35.271523,47.351487],[35.271224,47.35147],[35.270595,47.351038],[35.270088,47.351002],[35.270061,47.351773]]]}},{"type":"Feature","properties":{"cadnum":"2323381100:01:017:0005"},"geometry":{"type":"Polygon","coordinates":[[[35.268357,47.352583],[35.271521,47.352804],[35.272548,47.352875],[35.272552,47.352567],[35.271692,47.352507],[35.268368,47.352275],[35.268357,47.352583]]]}},{"type":"Feature","properties":{"cadnum":"2323381100:01:017:0009"},"geometry":{"type":"Polygon","coordinates":[[[35.268315,47.353813],[35.268327,47.353814],[35.268328,47.353814],[35.271521,47.354037],[35.272526,47.354107],[35.272532,47.3538],[35.271888,47.353756],[35.271692,47.353742],[35.271691,47.353742],[35.271065,47.353697],[35.271058,47.353697],[35.268326,47.353506],[35.268319,47.353697],[35.268315,47.353813]]]}},{"type":"Feature","properties":{"cadnum":"2323381100:01:009:0002"},"geometry":{"type":"Polygon","coordinates":[[[35.26846,47.350417],[35.271692,47.350644],[35.271692,47.350643],[35.272615,47.350707],[35.272623,47.350397],[35.271692,47.350333],[35.268472,47.350107],[35.26846,47.350417]]]}},{"type":"Feature","properties":{"cadnum":"2323381100:01:009:0004"},"geometry":{"type":"Polygon","coordinates":[[[35.268484,47.349796],[35.271521,47.350008],[35.271521,47.350009],[35.271886,47.350034],[35.27263,47.350086],[35.272638,47.349775],[35.271521,47.349697],[35.268496,47.349485],[35.268484,47.349796]]]}},{"type":"Feature","properties":{"cadnum":"2323381100:01:009:0001"},"geometry":{"type":"Polygon","coordinates":[[[35.268456,47.350507],[35.269509,47.350588],[35.269481,47.350872],[35.271521,47.351014],[35.272606,47.35109],[35.272615,47.350707],[35.271521,47.350631],[35.271521,47.350632],[35.26846,47.350417],[35.268456,47.350507]]]}},{"type":"Feature","properties":{"cadnum":"2323381100:01:009:0003"},"geometry":{"type":"Polygon","coordinates":[[[35.268472,47.350107],[35.271521,47.350321],[35.272623,47.350397],[35.27263,47.350087],[35.271873,47.350034],[35.271692,47.350021],[35.27169,47.350021],[35.271049,47.349976],[35.271046,47.349976],[35.268484,47.349796],[35.268477,47.349976],[35.268476,47.349976],[35.268474,47.350047],[35.268472,47.350092],[35.268473,47.350092],[35.268472,47.350107]]]}},{"type":"Feature","properties":{"cadnum":"2323381100:02:002:0005"},"geometry":{"type":"Polygon","coordinates":[[[35.296487,47.366571],[35.298986,47.366722],[35.298986,47.366723],[35.29911,47.36673],[35.299158,47.366733],[35.299161,47.366733],[35.29919,47.36629],[35.299139,47.366287],[35.296496,47.366128],[35.296487,47.366571]]]}},{"type":"Feature","properties":{"cadnum":"2323381100:02:002:0006"},"geometry":{"type":"Polygon","coordinates":[[[35.296496,47.366128],[35.298986,47.366278],[35.299139,47.366287],[35.299158,47.366288],[35.29919,47.36629],[35.299212,47.36597],[35.298986,47.365956],[35.2965,47.365801],[35.296496,47.366128]]]}},{"type":"Feature","properties":{"cadnum":"2323381100:02:002:0008"},"geometry":{"type":"Polygon","coordinates":[[[35.296507,47.365423],[35.299158,47.365589],[35.299228,47.365593],[35.299244,47.365158],[35.298986,47.365142],[35.296513,47.364987],[35.296507,47.365423]]]}},{"type":"Feature","properties":{"cadnum":"2323381100:02:002:0007"},"geometry":{"type":"Polygon","coordinates":[[[35.296501,47.365757],[35.299158,47.365924],[35.299216,47.365927],[35.299228,47.365593],[35.298986,47.365578],[35.296507,47.365423],[35.296501,47.365757]]]}},{"type":"Feature","properties":{"cadnum":"2323381100:02:002:0003"},"geometry":{"type":"Polygon","coordinates":[[[35.296471,47.367418],[35.298986,47.36757],[35.298986,47.367571],[35.299103,47.367577],[35.299115,47.367398],[35.296475,47.367238],[35.296471,47.367418]]]}},{"type":"Feature","properties":{"cadnum":"2323381100:02:002:0002"},"geometry":{"type":"Polygon","coordinates":[[[35.29646,47.367976],[35.298986,47.368129],[35.298986,47.36813],[35.299751,47.368175],[35.299775,47.367722],[35.299097,47.367675],[35.299096,47.367675],[35.299103,47.367577],[35.296471,47.367418],[35.29646,47.367976]]]}},{"type":"Feature","properties":{"cadnum":"2323381100:02:002:0004"},"geometry":{"type":"Polygon","coordinates":[[[35.296475,47.367238],[35.298986,47.36739],[35.299115,47.367398],[35.299158,47.366773],[35.299158,47.366772],[35.299161,47.366733],[35.29911,47.36673],[35.296487,47.366571],[35.296475,47.367238]]]}},{"type":"Feature","properties":{"cadnum":"2323381100:02:002:0001"},"geometry":{"type":"Polygon","coordinates":[[[35.296452,47.368432],[35.297781,47.368581],[35.298986,47.368716],[35.299719,47.368798],[35.299729,47.368581],[35.299751,47.368175],[35.299158,47.36814],[35.29646,47.367976],[35.296452,47.368432]]]}},{"type":"Feature","properties":{"cadnum":"2323381100:03:011:0001"},"geometry":{"type":"Polygon","coordinates":[[[35.360931,47.376061],[35.361243,47.37608],[35.361789,47.376111],[35.361794,47.37608],[35.361794,47.376074],[35.361817,47.375929],[35.362369,47.372418],[35.36237,47.372418],[35.362445,47.371944],[35.36298,47.368581],[35.363559,47.36495],[35.363633,47.364554],[35.363374,47.364534],[35.363294,47.364529],[35.36326,47.364527],[35.363176,47.364521],[35.363146,47.364518],[35.363114,47.364515],[35.363023,47.364508],[35.362777,47.364487],[35.362709,47.364861],[35.362708,47.364861],[35.362705,47.364881],[35.362689,47.364977],[35.36269,47.364977],[35.362096,47.368697],[35.362096,47.368698],[35.361589,47.371881],[35.361523,47.372301],[35.361522,47.372301],[35.360949,47.375946],[35.360938,47.376021],[35.360937,47.376021],[35.360937,47.376024],[35.360931,47.376061]]]}},{"type":"Feature","properties":{"cadnum":"2323381100:03:007:0035"},"geometry":{"type":"Polygon","coordinates":[[[35.35638,47.3772],[35.359411,47.377396],[35.360559,47.37747],[35.360658,47.376836],[35.359583,47.376767],[35.356481,47.376566],[35.35638,47.3772]]]}},{"type":"Feature","properties":{"cadnum":"2323381100:03:007:0038"},"geometry":{"type":"Polygon","coordinates":[[[35.356183,47.378463],[35.359411,47.378671],[35.360362,47.378732],[35.360559,47.37747],[35.359583,47.377407],[35.35638,47.3772],[35.356183,47.378463]]]}},{"type":"Feature","properties":{"cadnum":"2323381100:03:007:0036"},"geometry":{"type":"Polygon","coordinates":[[[35.356481,47.376566],[35.359411,47.376756],[35.360658,47.376836],[35.360756,47.376209],[35.359583,47.376134],[35.359583,47.376133],[35.356579,47.375941],[35.356566,47.376021],[35.356565,47.376021],[35.356481,47.376566]]]}},{"type":"Feature","properties":{"cadnum":"2323381100:03:007:0031"},"geometry":{"type":"Polygon","coordinates":[[[35.355989,47.379707],[35.356522,47.379741],[35.356523,47.379741],[35.359411,47.379928],[35.360168,47.379976],[35.360204,47.379741],[35.360203,47.379741],[35.360264,47.379354],[35.359583,47.379311],[35.356087,47.379085],[35.355989,47.379707]]]}},{"type":"Feature","properties":{"cadnum":"2323381100:03:007:0032"},"geometry":{"type":"Polygon","coordinates":[[[35.356087,47.379085],[35.359411,47.3793],[35.360264,47.379354],[35.360362,47.378732],[35.359583,47.378682],[35.356183,47.378463],[35.356087,47.379085]]]}},{"type":"Feature","properties":{"cadnum":"2323381100:03:007:0001"},"geometry":{"type":"Polygon","coordinates":[[[35.359119,47.387541],[35.359323,47.387586],[35.359411,47.387605],[35.359417,47.387606],[35.359481,47.387619],[35.359583,47.387642],[35.359583,47.387641],[35.359591,47.387643],[35.359779,47.387684],[35.359957,47.387722],[35.360027,47.387275],[35.360028,47.387268],[35.360629,47.383461],[35.361197,47.379858],[35.361197,47.379857],[35.361198,47.379857],[35.361481,47.378067],[35.361757,47.376316],[35.361784,47.376143],[35.361789,47.376111],[35.361243,47.37608],[35.360931,47.376061],[35.360928,47.37608],[35.360925,47.376102],[35.360919,47.376138],[35.360913,47.376172],[35.360625,47.378004],[35.360331,47.379857],[35.360332,47.379857],[35.360332,47.379858],[35.359764,47.383461],[35.359763,47.383461],[35.359428,47.38559],[35.359177,47.38718],[35.359173,47.387206],[35.359171,47.387213],[35.359158,47.387296],[35.359119,47.387541]]]}},{"type":"Feature","properties":{"cadnum":"2323381100:02:001:0001"},"geometry":{"type":"Polygon","coordinates":[[[35.324914,47.367898],[35.326452,47.368051],[35.326452,47.368052],[35.326487,47.368054],[35.326584,47.365554],[35.326624,47.365556],[35.326805,47.365567],[35.326852,47.365137],[35.326624,47.365114],[35.32524,47.364976],[35.324914,47.367898]]]}},{"type":"Feature","properties":{"cadnum":"2323381100:02:008:0022"},"geometry":{"type":"Polygon","coordinates":[[[35.323079,47.368431],[35.326413,47.368512],[35.326416,47.3681],[35.323263,47.367754],[35.323079,47.368431]]]}},{"type":"Feature","properties":{"cadnum":"2323381100:02:015:0008"},"geometry":{"type":"Polygon","coordinates":[[[35.319461,47.359214],[35.321131,47.359344],[35.321131,47.359343],[35.321812,47.359396],[35.321824,47.358845],[35.320959,47.358779],[35.319477,47.358664],[35.319461,47.359214]]]}},{"type":"Feature","properties":{"cadnum":"2323381100:02:015:0009"},"geometry":{"type":"Polygon","coordinates":[[[35.319446,47.359763],[35.321131,47.359893],[35.3218,47.359944],[35.321812,47.359396],[35.320959,47.35933],[35.319461,47.359214],[35.319446,47.359763]]]}},{"type":"Feature","properties":{"cadnum":"2323381100:02:014:0005"},"geometry":{"type":"Polygon","coordinates":[[[35.315371,47.357535],[35.315371,47.357684],[35.315466,47.357691],[35.315521,47.357695],[35.315638,47.357704],[35.31943,47.357978],[35.319446,47.357535],[35.319456,47.357305],[35.315638,47.357029],[35.315638,47.357028],[35.315375,47.357009],[35.315371,47.357535]]]}},{"type":"Feature","properties":{"cadnum":"2323381100:02:015:0011"},"geometry":{"type":"Polygon","coordinates":[[[35.319417,47.360859],[35.321131,47.360992],[35.321131,47.360991],[35.321776,47.361041],[35.321788,47.360493],[35.320959,47.360429],[35.320959,47.36043],[35.319432,47.360311],[35.319417,47.360859]]]}},{"type":"Feature","properties":{"cadnum":"2323381100:02:015:0010"},"geometry":{"type":"Polygon","coordinates":[[[35.319432,47.360311],[35.321131,47.360443],[35.321788,47.360493],[35.3218,47.359944],[35.320959,47.35988],[35.319446,47.359763],[35.319432,47.360311]]]}},{"type":"Feature","properties":{"cadnum":"2323381100:02:015:0007"},"geometry":{"type":"Polygon","coordinates":[[[35.319476,47.358664],[35.320959,47.358779],[35.320959,47.35878],[35.321824,47.358846],[35.321836,47.358295],[35.320959,47.358228],[35.319492,47.358115],[35.319476,47.358664]]]}},{"type":"Feature","properties":{"cadnum":"2323381100:02:015:0006"},"geometry":{"type":"Polygon","coordinates":[[[35.319491,47.358115],[35.321131,47.358242],[35.321131,47.358241],[35.321836,47.358295],[35.321848,47.357744],[35.320959,47.357676],[35.319505,47.357563],[35.319491,47.358115]]]}},{"type":"Feature","properties":{"cadnum":"2323381100:02:014:0010"},"geometry":{"type":"Polygon","coordinates":[[[35.315355,47.361112],[35.315638,47.361133],[35.315638,47.361132],[35.316309,47.361181],[35.319303,47.361398],[35.319312,47.36114],[35.319311,47.36114],[35.319328,47.360706],[35.315503,47.360429],[35.315357,47.360418],[35.315355,47.361112]]]}},{"type":"Feature","properties":{"cadnum":"2323381100:02:014:0009"},"geometry":{"type":"Polygon","coordinates":[[[35.315357,47.360418],[35.315466,47.360427],[35.315503,47.360429],[35.315638,47.360439],[35.319328,47.360706],[35.319354,47.360019],[35.315549,47.359743],[35.315361,47.359729],[35.315357,47.360418]]]}},{"type":"Feature","properties":{"cadnum":"2323381100:02:014:0007"},"geometry":{"type":"Polygon","coordinates":[[[35.315364,47.359043],[35.315466,47.35905],[35.315466,47.359051],[35.319379,47.359335],[35.319405,47.358655],[35.315472,47.358369],[35.315368,47.358362],[35.315364,47.359043]]]}},{"type":"Feature","properties":{"cadnum":"2323381100:02:014:0008"},"geometry":{"type":"Polygon","coordinates":[[[35.315361,47.359729],[35.315466,47.359737],[35.315549,47.359743],[35.315638,47.35975],[35.319354,47.360019],[35.319379,47.359335],[35.315638,47.359064],[35.315638,47.359063],[35.315364,47.359043],[35.315361,47.359729]]]}},{"type":"Feature","properties":{"cadnum":"2323381100:02:014:0006"},"geometry":{"type":"Polygon","coordinates":[[[35.315368,47.358362],[35.315466,47.358369],[35.315472,47.358369],[35.315638,47.358382],[35.315638,47.358381],[35.319405,47.358655],[35.31943,47.357978],[35.315521,47.357695],[35.315371,47.357684],[35.315368,47.358362]]]}},{"type":"Feature","properties":{"cadnum":"2323381100:01:030:0024"},"geometry":{"type":"Polygon","coordinates":[[[35.27348,47.381549],[35.277012,47.381826],[35.277014,47.381807],[35.277116,47.380328],[35.273585,47.38005],[35.273582,47.380084],[35.273535,47.38077],[35.27348,47.381549]]]}},{"type":"Feature","properties":{"cadnum":"2323381100:01:013:0051"},"geometry":{"type":"Polygon","coordinates":[[[35.281005,47.348043],[35.282507,47.348165],[35.282507,47.348166],[35.285134,47.348378],[35.285156,47.347725],[35.282679,47.347525],[35.282679,47.347524],[35.281025,47.34739],[35.28101,47.347869],[35.281005,47.348043]]]}},{"type":"Feature","properties":{"cadnum":"2323381100:01:013:0071"},"geometry":{"type":"Polygon","coordinates":[[[35.280973,47.349016],[35.282507,47.349141],[35.282507,47.349142],[35.285103,47.349352],[35.285134,47.348378],[35.282679,47.34818],[35.282679,47.348179],[35.281005,47.348043],[35.280987,47.34855],[35.280973,47.349016]]]}},{"type":"Feature","properties":{"cadnum":"2323381100:01:013:0052"},"geometry":{"type":"Polygon","coordinates":[[[35.281025,47.34739],[35.282507,47.34751],[35.282507,47.347511],[35.285156,47.347725],[35.285177,47.347072],[35.282679,47.34687],[35.281046,47.346737],[35.281032,47.347186],[35.281025,47.34739]]]}},{"type":"Feature","properties":{"cadnum":"2323381100:01:013:0039"},"geometry":{"type":"Polygon","coordinates":[[[35.277034,47.348229],[35.277185,47.348242],[35.277186,47.348242],[35.280987,47.34855],[35.281005,47.348043],[35.28101,47.347869],[35.277055,47.347548],[35.277034,47.348229]]]}},{"type":"Feature","properties":{"cadnum":"2323381100:01:013:0038"},"geometry":{"type":"Polygon","coordinates":[[[35.277055,47.347548],[35.277185,47.347559],[35.277185,47.347558],[35.277186,47.347558],[35.28101,47.347869],[35.281025,47.34739],[35.281032,47.347186],[35.277078,47.346865],[35.277055,47.347548]]]}},{"type":"Feature","properties":{"cadnum":"2323381100:01:013:0041"},"geometry":{"type":"Polygon","coordinates":[[[35.27699,47.349571],[35.277014,47.349573],[35.280945,47.34989],[35.280966,47.349224],[35.277186,47.348918],[35.277185,47.348918],[35.277185,47.348917],[35.277012,47.348903],[35.27699,47.349571]]]}},{"type":"Feature","properties":{"cadnum":"2323381100:01:013:0040"},"geometry":{"type":"Polygon","coordinates":[[[35.277012,47.348903],[35.277014,47.348903],[35.277014,47.348904],[35.280966,47.349224],[35.280973,47.349016],[35.280987,47.34855],[35.277034,47.348229],[35.277012,47.348903]]]}},{"type":"Feature","properties":{"cadnum":"2323381100:01:029:0015"},"geometry":{"type":"Polygon","coordinates":[[[35.258755,47.364417],[35.260534,47.364553],[35.260534,47.364554],[35.262625,47.364713],[35.262647,47.364038],[35.260534,47.363878],[35.258781,47.363744],[35.258756,47.364373],[35.258755,47.364417]]]}},{"type":"Feature","properties":{"cadnum":"2323381100:01:023:0006"},"geometry":{"type":"Polygon","coordinates":[[[35.259113,47.361134],[35.259178,47.36114],[35.260534,47.361252],[35.263577,47.361503],[35.263591,47.361213],[35.263577,47.361212],[35.260534,47.360962],[35.259123,47.360845],[35.259113,47.361134]]]}},{"type":"Feature","properties":{"cadnum":"2323381100:01:023:0003"},"geometry":{"type":"Polygon","coordinates":[[[35.25907,47.362293],[35.260534,47.362414],[35.263526,47.36266],[35.263552,47.362081],[35.260706,47.361847],[35.259091,47.361713],[35.25907,47.362293]]]}},{"type":"Feature","properties":{"cadnum":"2323381100:01:023:0002"},"geometry":{"type":"Polygon","coordinates":[[[35.259059,47.362582],[35.260534,47.362704],[35.260534,47.362705],[35.263514,47.36295],[35.263526,47.36266],[35.260706,47.362428],[35.25907,47.362293],[35.259059,47.362582]]]}},{"type":"Feature","properties":{"cadnum":"2323381100:01:023:0001"},"geometry":{"type":"Polygon","coordinates":[[[35.259048,47.362868],[35.260534,47.362994],[35.260644,47.363003],[35.260706,47.363008],[35.263501,47.363245],[35.263514,47.36295],[35.260706,47.362719],[35.259059,47.362582],[35.259048,47.362868]]]}},{"type":"Feature","properties":{"cadnum":"2323381100:01:023:0004"},"geometry":{"type":"Polygon","coordinates":[[[35.259091,47.361713],[35.260534,47.361832],[35.260534,47.361833],[35.263552,47.362081],[35.263565,47.361792],[35.260534,47.361542],[35.260534,47.361543],[35.259102,47.361424],[35.259091,47.361713]]]}},{"type":"Feature","properties":{"cadnum":"2323381100:01:023:0005"},"geometry":{"type":"Polygon","coordinates":[[[35.259102,47.361424],[35.260706,47.361557],[35.260706,47.361556],[35.263565,47.361792],[35.263577,47.361503],[35.260706,47.361267],[35.260706,47.361266],[35.260585,47.361256],[35.259113,47.361134],[35.259112,47.36114],[35.259111,47.36114],[35.259108,47.361239],[35.259107,47.361256],[35.259108,47.361256],[35.259102,47.361424]]]}},{"type":"Feature","properties":{"cadnum":"2323381100:01:029:0014"},"geometry":{"type":"Polygon","coordinates":[[[35.258781,47.363744],[35.260706,47.363891],[35.262647,47.364038],[35.262667,47.363379],[35.260561,47.363201],[35.258808,47.363053],[35.258783,47.363704],[35.258781,47.363744]]]}},{"type":"Feature","properties":{"cadnum":"2323381100:01:021:0006"},"geometry":{"type":"Polygon","coordinates":[[[35.254879,47.360949],[35.255213,47.360979],[35.257027,47.36114],[35.259066,47.361321],[35.259072,47.36114],[35.259078,47.361012],[35.255078,47.360657],[35.254891,47.36064],[35.254879,47.360949]]]}},{"type":"Feature","properties":{"cadnum":"2323381100:01:021:0001"},"geometry":{"type":"Polygon","coordinates":[[[35.25482,47.362492],[35.255041,47.362512],[35.255063,47.362514],[35.255213,47.362528],[35.259008,47.362864],[35.25902,47.362556],[35.255081,47.362206],[35.254831,47.362184],[35.25482,47.362492]]]}},{"type":"Feature","properties":{"cadnum":"2323381100:01:021:0004"},"geometry":{"type":"Polygon","coordinates":[[[35.254855,47.361567],[35.255041,47.361583],[35.255041,47.361584],[35.259043,47.361938],[35.259055,47.361629],[35.255213,47.361289],[35.254867,47.361258],[35.254855,47.361567]]]}},{"type":"Feature","properties":{"cadnum":"2323381100:01:029:0010"},"geometry":{"type":"Polygon","coordinates":[[[35.254817,47.365416],[35.255213,47.365446],[35.258704,47.365712],[35.258728,47.36509],[35.258731,47.365041],[35.25873,47.365041],[35.256354,47.364861],[35.255041,47.364761],[35.254839,47.364745],[35.254835,47.364861],[35.254834,47.364865],[35.254831,47.364977],[35.254817,47.365416]]]}},{"type":"Feature","properties":{"cadnum":"2323381100:01:021:0005"},"geometry":{"type":"Polygon","coordinates":[[[35.254867,47.361256],[35.254867,47.361258],[35.255041,47.361273],[35.255041,47.361274],[35.259055,47.361629],[35.259066,47.361321],[35.258339,47.361256],[35.255041,47.360964],[35.254879,47.360949],[35.254871,47.36114],[35.254867,47.361244],[35.254867,47.361256]]]}},{"type":"Feature","properties":{"cadnum":"2323381100:01:029:0013"},"geometry":{"type":"Polygon","coordinates":[[[35.25488,47.363407],[35.255041,47.363419],[35.255041,47.36342],[35.258783,47.363704],[35.258808,47.363053],[35.255041,47.362734],[35.254902,47.362722],[35.25488,47.363407]]]}},{"type":"Feature","properties":{"cadnum":"2323381100:01:029:0011"},"geometry":{"type":"Polygon","coordinates":[[[35.254839,47.364745],[35.255213,47.364774],[35.257882,47.364977],[35.257883,47.364977],[35.25873,47.365041],[35.258731,47.365041],[35.258737,47.364861],[35.258737,47.36486],[35.258755,47.364417],[35.258756,47.364373],[35.255213,47.364103],[35.254859,47.364076],[35.254839,47.364745]]]}},{"type":"Feature","properties":{"cadnum":"2323381100:01:021:0003"},"geometry":{"type":"Polygon","coordinates":[[[35.254843,47.361875],[35.255041,47.361893],[35.255113,47.361899],[35.255213,47.361908],[35.259031,47.362247],[35.259043,47.361938],[35.255213,47.361599],[35.254855,47.361567],[35.254843,47.361875]]]}},{"type":"Feature","properties":{"cadnum":"2323381100:01:029:0012"},"geometry":{"type":"Polygon","coordinates":[[[35.254859,47.364076],[35.255041,47.36409],[35.258756,47.364373],[35.258781,47.363744],[35.258783,47.363704],[35.255213,47.363433],[35.25488,47.363407],[35.254859,47.364076]]]}},{"type":"Feature","properties":{"cadnum":"2323381100:01:021:0002"},"geometry":{"type":"Polygon","coordinates":[[[35.254831,47.362184],[35.255041,47.362203],[35.255081,47.362206],[35.255213,47.362218],[35.25902,47.362556],[35.259031,47.362247],[35.255113,47.361899],[35.254843,47.361875],[35.254831,47.362184]]]}},{"type":"Feature","properties":{"cadnum":"2323381100:03:006:0015"},"geometry":{"type":"Polygon","coordinates":[[[35.345087,47.379036],[35.348597,47.379263],[35.348597,47.379262],[35.351469,47.379446],[35.351546,47.379015],[35.348597,47.378826],[35.345178,47.378606],[35.345087,47.379036]]]}},{"type":"Feature","properties":{"cadnum":"2323381100:03:006:0017"},"geometry":{"type":"Polygon","coordinates":[[[35.345269,47.378175],[35.348425,47.378377],[35.351622,47.378581],[35.351696,47.37816],[35.348597,47.377961],[35.345358,47.377753],[35.345306,47.378004],[35.345269,47.378175]]]}},{"type":"Feature","properties":{"cadnum":"2323381100:03:006:0014"},"geometry":{"type":"Polygon","coordinates":[[[35.344992,47.379488],[35.348425,47.379708],[35.350644,47.37985],[35.35139,47.379898],[35.351406,47.379806],[35.351469,47.379446],[35.348425,47.379251],[35.348425,47.379252],[35.345087,47.379036],[35.344992,47.379488]]]}},{"type":"Feature","properties":{"cadnum":"2323381100:03:006:0019"},"geometry":{"type":"Polygon","coordinates":[[[35.345446,47.377338],[35.348425,47.37753],[35.351768,47.377744],[35.351842,47.377327],[35.348425,47.377108],[35.348425,47.377109],[35.345533,47.376923],[35.345532,47.376933],[35.345446,47.377338]]]}},{"type":"Feature","properties":{"cadnum":"2323381100:03:006:0016"},"geometry":{"type":"Polygon","coordinates":[[[35.345178,47.378606],[35.348425,47.378815],[35.351546,47.379015],[35.351622,47.378581],[35.348597,47.378388],[35.345269,47.378175],[35.345192,47.378542],[35.345178,47.378606]]]}},{"type":"Feature","properties":{"cadnum":"2323381100:03:006:0018"},"geometry":{"type":"Polygon","coordinates":[[[35.345358,47.377753],[35.348425,47.37795],[35.351696,47.37816],[35.351768,47.377744],[35.348597,47.377541],[35.345446,47.377338],[35.345418,47.377467],[35.345358,47.377753]]]}},{"type":"Feature","properties":{"cadnum":"2323381100:03:006:0020"},"geometry":{"type":"Polygon","coordinates":[[[35.345533,47.376923],[35.348597,47.37712],[35.348597,47.377119],[35.351842,47.377327],[35.351916,47.37691],[35.348597,47.376697],[35.345622,47.376506],[35.345533,47.376923]]]}},{"type":"Feature","properties":{"cadnum":"2323381100:03:006:0021"},"geometry":{"type":"Polygon","coordinates":[[[35.345622,47.376506],[35.348425,47.376686],[35.351916,47.37691],[35.35199,47.376491],[35.348425,47.376262],[35.348425,47.376263],[35.345711,47.376088],[35.345653,47.376363],[35.345622,47.376506]]]}},{"type":"Feature","properties":{"cadnum":"2323381100:01:030:0008"},"geometry":{"type":"Polygon","coordinates":[[[35.269935,47.376363],[35.271692,47.376502],[35.273818,47.376669],[35.273843,47.376303],[35.273864,47.376021],[35.273866,47.375988],[35.271521,47.375803],[35.271521,47.375804],[35.269978,47.375682],[35.269949,47.376138],[35.26995,47.376138],[35.269935,47.376363]]]}},{"type":"Feature","properties":{"cadnum":"2323381100:01:030:0006"},"geometry":{"type":"Polygon","coordinates":[[[35.269848,47.377728],[35.271692,47.377873],[35.273724,47.378033],[35.27374,47.377801],[35.273771,47.377351],[35.271521,47.377174],[35.269891,47.377045],[35.269848,47.377728]]]}},{"type":"Feature","properties":{"cadnum":"2323381100:01:030:0004"},"geometry":{"type":"Polygon","coordinates":[[[35.269761,47.379095],[35.271692,47.379247],[35.273629,47.3794],[35.273637,47.379301],[35.273677,47.378717],[35.271521,47.378547],[35.269804,47.378411],[35.269761,47.379095]]]}},{"type":"Feature","properties":{"cadnum":"2323381100:01:030:0005"},"geometry":{"type":"Polygon","coordinates":[[[35.269804,47.378411],[35.271692,47.378561],[35.271692,47.37856],[35.273677,47.378717],[35.273688,47.378552],[35.273724,47.378033],[35.271521,47.37786],[35.269848,47.377728],[35.269804,47.378411]]]}},{"type":"Feature","properties":{"cadnum":"2323381100:01:030:0007"},"geometry":{"type":"Polygon","coordinates":[[[35.269891,47.377045],[35.271692,47.377187],[35.273771,47.377351],[35.273792,47.377052],[35.273818,47.376669],[35.271521,47.376488],[35.269935,47.376363],[35.269891,47.377045]]]}},{"type":"Feature","properties":{"cadnum":"2323381100:01:030:0003"},"geometry":{"type":"Polygon","coordinates":[[[35.269717,47.37978],[35.271692,47.379936],[35.273582,47.380084],[35.273585,47.38005],[35.273603,47.379766],[35.273629,47.3794],[35.271521,47.379234],[35.269761,47.379095],[35.269719,47.379741],[35.269718,47.379741],[35.269717,47.37978]]]}},{"type":"Feature","properties":{"cadnum":"2323381100:03:008:0033"},"geometry":{"type":"Polygon","coordinates":[[[35.336171,47.368987],[35.33761,47.369043],[35.341356,47.369187],[35.341431,47.368674],[35.339028,47.368581],[35.339022,47.368581],[35.33761,47.368527],[35.336201,47.368472],[35.336194,47.368581],[35.33619,47.368645],[35.336187,47.368697],[35.336188,47.368697],[35.336171,47.368987]]]}},{"type":"Feature","properties":{"cadnum":"2323381100:03:008:0034"},"geometry":{"type":"Polygon","coordinates":[[[35.336201,47.368472],[35.337438,47.36852],[35.337439,47.36852],[35.341431,47.368674],[35.341505,47.368169],[35.33761,47.368019],[35.336229,47.367965],[35.336207,47.368334],[35.336201,47.368472]]]}},{"type":"Feature","properties":{"cadnum":"2323381100:03:009:0012"},"geometry":{"type":"Polygon","coordinates":[[[35.341676,47.369559],[35.342932,47.369608],[35.347234,47.369774],[35.347313,47.369255],[35.342932,47.369087],[35.342932,47.369088],[35.341753,47.369042],[35.341676,47.369559]]]}},{"type":"Feature","properties":{"cadnum":"2323381100:03:008:0030"},"geometry":{"type":"Polygon","coordinates":[[[35.33608,47.370613],[35.337438,47.370665],[35.337439,47.370665],[35.337439,47.370666],[35.341119,47.370807],[35.341195,47.370283],[35.33761,47.370145],[35.33611,47.370087],[35.336107,47.370122],[35.33608,47.370613]]]}},{"type":"Feature","properties":{"cadnum":"2323381100:03:008:0031"},"geometry":{"type":"Polygon","coordinates":[[[35.33611,47.370087],[35.337438,47.370139],[35.337439,47.370139],[35.341195,47.370283],[35.341273,47.369749],[35.33761,47.369609],[35.33761,47.369608],[35.336139,47.369551],[35.336135,47.36963],[35.33611,47.370087]]]}},{"type":"Feature","properties":{"cadnum":"2323381100:03:008:0028"},"geometry":{"type":"Polygon","coordinates":[[[35.33602,47.37168],[35.33761,47.371742],[35.33761,47.371741],[35.340963,47.37187],[35.341041,47.371336],[35.337439,47.371197],[35.337439,47.371198],[35.337438,47.371198],[35.336051,47.371143],[35.336025,47.371588],[35.33602,47.37168]]]}},{"type":"Feature","properties":{"cadnum":"2323381100:03:009:0007"},"geometry":{"type":"Polygon","coordinates":[[[35.341328,47.37193],[35.343103,47.371999],[35.343103,47.371998],[35.343104,47.371998],[35.346876,47.372143],[35.346948,47.371668],[35.343104,47.371521],[35.343103,47.371521],[35.341398,47.371456],[35.341328,47.37193]]]}},{"type":"Feature","properties":{"cadnum":"2323381100:03:009:0008"},"geometry":{"type":"Polygon","coordinates":[[[35.341398,47.371456],[35.342932,47.371515],[35.346948,47.371668],[35.347019,47.371194],[35.342932,47.371037],[35.342932,47.371038],[35.341467,47.370981],[35.341398,47.371456]]]}},{"type":"Feature","properties":{"cadnum":"2323381100:03:008:0027"},"geometry":{"type":"Polygon","coordinates":[[[35.33599,47.372221],[35.337438,47.372277],[35.337439,47.372277],[35.340884,47.372409],[35.340963,47.37187],[35.337439,47.371735],[35.337438,47.371735],[35.33602,47.37168],[35.335997,47.372084],[35.33599,47.372221]]]}},{"type":"Feature","properties":{"cadnum":"2323381100:03:009:0010"},"geometry":{"type":"Polygon","coordinates":[[[35.341537,47.370508],[35.342932,47.370562],[35.347091,47.370721],[35.347163,47.370247],[35.343104,47.370092],[35.343103,47.370092],[35.341607,47.370033],[35.341537,47.370508]]]}},{"type":"Feature","properties":{"cadnum":"2323381100:03:009:0011"},"geometry":{"type":"Polygon","coordinates":[[[35.341607,47.370033],[35.342932,47.370085],[35.347163,47.370247],[35.347234,47.369774],[35.343104,47.369615],[35.343103,47.369615],[35.341676,47.369559],[35.341607,47.370033]]]}},{"type":"Feature","properties":{"cadnum":"2323381100:03:008:0029"},"geometry":{"type":"Polygon","coordinates":[[[35.336051,47.371143],[35.33761,47.371204],[35.341041,47.371336],[35.341119,47.370807],[35.33761,47.370672],[35.33608,47.370613],[35.33608,47.370617],[35.336052,47.371108],[35.336051,47.371143]]]}},{"type":"Feature","properties":{"cadnum":"2323381100:03:009:0009"},"geometry":{"type":"Polygon","coordinates":[[[35.341467,47.370981],[35.343103,47.371044],[35.343104,47.371044],[35.347019,47.371194],[35.347092,47.370721],[35.343104,47.370569],[35.343103,47.370569],[35.343103,47.370568],[35.341537,47.370508],[35.341467,47.370981]]]}},{"type":"Feature","properties":{"cadnum":"2323381100:03:008:0026"},"geometry":{"type":"Polygon","coordinates":[[[35.335959,47.372767],[35.33761,47.372832],[35.33761,47.372831],[35.340805,47.372954],[35.340884,47.37241],[35.340884,47.372409],[35.338084,47.372301],[35.338076,47.372301],[35.33761,47.372283],[35.33599,47.372221],[35.335985,47.372301],[35.33598,47.372386],[35.335978,47.372418],[35.335966,47.372635],[35.335959,47.372767]]]}},{"type":"Feature","properties":{"cadnum":"2323381100:03:008:0032"},"geometry":{"type":"Polygon","coordinates":[[[35.336139,47.369551],[35.337438,47.369602],[35.337439,47.369602],[35.341273,47.369749],[35.341356,47.369187],[35.337439,47.369036],[35.337439,47.369037],[35.337438,47.369037],[35.336171,47.368987],[35.336159,47.369198],[35.336139,47.369551]]]}},{"type":"Feature","properties":{"cadnum":"2323381100:01:013:0001"},"geometry":{"type":"Polygon","coordinates":[[[35.273092,47.345176],[35.277057,47.345497],[35.277071,47.344816],[35.273107,47.344495],[35.273092,47.345176]]]}},{"type":"Feature","properties":{"cadnum":"2323381100:01:013:0015"},"geometry":{"type":"Polygon","coordinates":[[[35.273071,47.345856],[35.277035,47.346178],[35.277057,47.345497],[35.273092,47.345176],[35.273071,47.345856]]]}},{"type":"Feature","properties":{"cadnum":"2323381100:01:013:0008"},"geometry":{"type":"Polygon","coordinates":[[[35.273048,47.346537],[35.277012,47.346858],[35.277032,47.346271],[35.277035,47.346178],[35.273071,47.345856],[35.273053,47.34637],[35.273054,47.34637],[35.273048,47.346537]]]}},{"type":"Feature","properties":{"cadnum":"2323381100:01:013:0007"},"geometry":{"type":"Polygon","coordinates":[[[35.273102,47.344495],[35.277066,47.344816],[35.277085,47.344146],[35.273121,47.343804],[35.273102,47.344495]]]}},{"type":"Feature","properties":{"cadnum":"2323381100:01:008:0003"},"geometry":{"type":"Polygon","coordinates":[[[35.268781,47.343062],[35.271692,47.343306],[35.272864,47.343403],[35.272883,47.342991],[35.271521,47.342877],[35.268802,47.342649],[35.268781,47.343062]]]}},{"type":"Feature","properties":{"cadnum":"2323381100:01:008:0004"},"geometry":{"type":"Polygon","coordinates":[[[35.268802,47.342648],[35.268802,47.342649],[35.271692,47.342892],[35.271692,47.342891],[35.272883,47.342991],[35.272903,47.342578],[35.271521,47.342463],[35.268824,47.342237],[35.268808,47.342532],[35.268803,47.342642],[35.268802,47.342648]]]}},{"type":"Feature","properties":{"cadnum":"2323381100:01:008:0005"},"geometry":{"type":"Polygon","coordinates":[[[35.268759,47.343473],[35.271521,47.343704],[35.271521,47.343705],[35.272846,47.343815],[35.272864,47.343403],[35.271521,47.343292],[35.268781,47.343062],[35.268759,47.343473]]]}},{"type":"Feature","properties":{"cadnum":"2323381100:01:009:0011"},"geometry":{"type":"Polygon","coordinates":[[[35.268608,47.346668],[35.271692,47.346885],[35.271692,47.346884],[35.272705,47.346955],[35.272718,47.346346],[35.272564,47.346332],[35.271692,47.346253],[35.268635,47.345977],[35.268623,47.346254],[35.268622,47.346254],[35.268608,47.346668]]]}},{"type":"Feature","properties":{"cadnum":"2323381100:01:008:0013"},"geometry":{"type":"Polygon","coordinates":[[[35.268637,47.345952],[35.271521,47.346198],[35.271583,47.346203],[35.271692,47.346212],[35.272732,47.346299],[35.272754,47.345881],[35.271521,47.345779],[35.268657,47.345539],[35.268637,47.345952]]]}},{"type":"Feature","properties":{"cadnum":"2323381100:01:008:0002"},"geometry":{"type":"Polygon","coordinates":[[[35.268676,47.345126],[35.271692,47.345379],[35.272771,47.345469],[35.272788,47.345055],[35.271521,47.34495],[35.268695,47.344713],[35.268676,47.345126]]]}},{"type":"Feature","properties":{"cadnum":"2323381100:02:002:0020"},"geometry":{"type":"Polygon","coordinates":[[[35.300223,47.360782],[35.303636,47.360893],[35.303658,47.360545],[35.303657,47.360545],[35.300244,47.360434],[35.300223,47.36077],[35.300223,47.360782]]]}},{"type":"Feature","properties":{"cadnum":"2323381100:02:011:0002"},"geometry":{"type":"Polygon","coordinates":[[[35.300214,47.359171],[35.303692,47.359444],[35.303711,47.358661],[35.300239,47.358389],[35.300214,47.359171]]]}},{"type":"Feature","properties":{"cadnum":"2323381100:02:010:0008"},"geometry":{"type":"Polygon","coordinates":[[[35.296605,47.35967],[35.299158,47.359871],[35.299158,47.35987],[35.300149,47.359948],[35.300175,47.359174],[35.298986,47.359081],[35.296638,47.358897],[35.296605,47.35967]]]}},{"type":"Feature","properties":{"cadnum":"2323381100:02:010:0007"},"geometry":{"type":"Polygon","coordinates":[[[35.296638,47.358897],[35.299158,47.359095],[35.300175,47.359174],[35.3002,47.358394],[35.299158,47.358313],[35.296672,47.358117],[35.296638,47.358897]]]}},{"type":"Feature","properties":{"cadnum":"2323381100:02:002:0018"},"geometry":{"type":"Polygon","coordinates":[[[35.296595,47.360167],[35.298986,47.360307],[35.299039,47.36031],[35.299158,47.360317],[35.300248,47.360379],[35.300271,47.360017],[35.299158,47.359937],[35.299158,47.359936],[35.296603,47.35975],[35.296595,47.360167]]]}},{"type":"Feature","properties":{"cadnum":"2323381100:02:002:0017"},"geometry":{"type":"Polygon","coordinates":[[[35.29659,47.360558],[35.298986,47.360698],[35.299067,47.360703],[35.299158,47.360708],[35.300223,47.36077],[35.300244,47.360434],[35.300248,47.360379],[35.299039,47.36031],[35.296595,47.360167],[35.29659,47.360558]]]}},{"type":"Feature","properties":{"cadnum":"2323381100:02:002:0019"},"geometry":{"type":"Polygon","coordinates":[[[35.300244,47.360434],[35.303657,47.360545],[35.303658,47.360545],[35.303675,47.360265],[35.300271,47.360017],[35.300248,47.360379],[35.300244,47.360434]]]}},{"type":"Feature","properties":{"cadnum":"2323381100:02:011:0001"},"geometry":{"type":"Polygon","coordinates":[[[35.300188,47.359951],[35.303674,47.360224],[35.303692,47.359444],[35.300214,47.359171],[35.300188,47.359951]]]}},{"type":"Feature","properties":{"cadnum":"2323381100:02:010:0006"},"geometry":{"type":"Polygon","coordinates":[[[35.296672,47.358117],[35.298986,47.358299],[35.298986,47.3583],[35.3002,47.358394],[35.300226,47.357612],[35.299158,47.357528],[35.296705,47.357336],[35.296701,47.357419],[35.2967,47.357443],[35.296696,47.357535],[35.296672,47.358117]]]}},{"type":"Feature","properties":{"cadnum":"2323381100:02:011:0003"},"geometry":{"type":"Polygon","coordinates":[[[35.300239,47.358389],[35.303711,47.358661],[35.303731,47.357877],[35.300266,47.357607],[35.300239,47.358389]]]}},{"type":"Feature","properties":{"cadnum":"2323381100:03:013:0008"},"geometry":{"type":"Polygon","coordinates":[[[35.362419,47.37229],[35.362697,47.372301],[35.364904,47.372396],[35.365059,47.372402],[35.365076,47.372403],[35.367267,47.372496],[35.367281,47.372312],[35.367312,47.371939],[35.365053,47.371844],[35.362508,47.371735],[35.362419,47.37229]]]}},{"type":"Feature","properties":{"cadnum":"2323381100:03:013:0010"},"geometry":{"type":"Polygon","coordinates":[[[35.362598,47.371175],[35.364904,47.371274],[35.365046,47.37128],[35.365076,47.371281],[35.367357,47.371378],[35.367403,47.370811],[35.365076,47.370712],[35.362688,47.37061],[35.362598,47.371175]]]}},{"type":"Feature","properties":{"cadnum":"2323381100:03:013:0009"},"geometry":{"type":"Polygon","coordinates":[[[35.362508,47.371735],[35.364904,47.371837],[35.365053,47.371844],[35.365076,47.371845],[35.367312,47.371939],[35.367357,47.371378],[35.365046,47.37128],[35.362598,47.371175],[35.362508,47.371735]]]}},{"type":"Feature","properties":{"cadnum":"2323381100:03:013:0011"},"geometry":{"type":"Polygon","coordinates":[[[35.362688,47.37061],[35.364904,47.370705],[35.367403,47.370811],[35.36745,47.370238],[35.365076,47.370137],[35.362779,47.370039],[35.362688,47.37061]]]}},{"type":"Feature","properties":{"cadnum":"2323381100:03:010:0027"},"geometry":{"type":"Polygon","coordinates":[[[35.357603,47.370478],[35.359411,47.370547],[35.359411,47.370548],[35.361608,47.370631],[35.36171,47.369945],[35.359583,47.369865],[35.357707,47.369793],[35.357603,47.370478]]]}},{"type":"Feature","properties":{"cadnum":"2323381100:03:010:0028"},"geometry":{"type":"Polygon","coordinates":[[[35.357502,47.371152],[35.359411,47.371226],[35.361507,47.371306],[35.361608,47.370631],[35.359583,47.370554],[35.357603,47.370478],[35.357502,47.371152]]]}},{"type":"Feature","properties":{"cadnum":"2323381100:03:010:0030"},"geometry":{"type":"Polygon","coordinates":[[[35.357299,47.372485],[35.359583,47.372573],[35.359583,47.372572],[35.36131,47.372638],[35.361342,47.372418],[35.361408,47.371973],[35.359411,47.371896],[35.359411,47.371897],[35.357401,47.371819],[35.357326,47.372301],[35.357316,47.372366],[35.357308,47.372418],[35.357309,47.372418],[35.357299,47.372485]]]}},{"type":"Feature","properties":{"cadnum":"2323381100:03:010:0029"},"geometry":{"type":"Polygon","coordinates":[[[35.357401,47.371819],[35.359583,47.371904],[35.359583,47.371903],[35.361408,47.371973],[35.361507,47.371306],[35.359583,47.371233],[35.359583,47.371232],[35.357502,47.371152],[35.357401,47.371819]]]}},{"type":"Feature","properties":{"cadnum":"2323381100:03:010:0026"},"geometry":{"type":"Polygon","coordinates":[[[35.357707,47.369793],[35.359411,47.369858],[35.36171,47.369945],[35.361809,47.369279],[35.359583,47.369194],[35.359583,47.369193],[35.357809,47.369125],[35.357707,47.369793]]]}},{"type":"Feature","properties":{"cadnum":"2323381100:03:010:0025"},"geometry":{"type":"Polygon","coordinates":[[[35.357809,47.369125],[35.359411,47.369187],[35.361809,47.369279],[35.36191,47.368611],[35.361904,47.368611],[35.361124,47.368581],[35.361117,47.368581],[35.359583,47.368523],[35.357909,47.368459],[35.357891,47.368581],[35.35789,47.368581],[35.357809,47.369125]]]}},{"type":"Feature","properties":{"cadnum":"2323381100:03:013:0012"},"geometry":{"type":"Polygon","coordinates":[[[35.362779,47.370039],[35.364904,47.37013],[35.36745,47.370238],[35.367495,47.36966],[35.365076,47.369558],[35.362871,47.369463],[35.362779,47.370039]]]}},{"type":"Feature","properties":{"cadnum":"2323381100:03:013:0013"},"geometry":{"type":"Polygon","coordinates":[[[35.362871,47.369463],[35.364904,47.36955],[35.367495,47.36966],[35.367542,47.369076],[35.365076,47.368972],[35.362964,47.368882],[35.362871,47.369463]]]}},{"type":"Feature","properties":{"cadnum":"2323381100:03:013:0007"},"geometry":{"type":"Polygon","coordinates":[[[35.362331,47.37284],[35.364904,47.37295],[35.367222,47.373048],[35.367267,47.372496],[35.365076,47.372403],[35.365076,47.372402],[35.362419,47.37229],[35.362417,47.372301],[35.362403,47.372387],[35.362398,47.372418],[35.362331,47.37284]]]}},{"type":"Feature","properties":{"cadnum":"2323381100:05:040:0001"},"geometry":{"type":"Polygon","coordinates":[[[35.314483,47.384464],[35.315466,47.38453],[35.316075,47.38457],[35.316307,47.383559],[35.31635,47.383379],[35.316446,47.382965],[35.31562,47.382952],[35.314672,47.382936],[35.314609,47.383461],[35.314608,47.383461],[35.314602,47.383512],[35.314594,47.383577],[35.314595,47.383577],[35.314508,47.384299],[35.314483,47.384464]]]}},{"type":"Feature","properties":{"cadnum":"2323381100:05:033:0013"},"geometry":{"type":"Polygon","coordinates":[[[35.318746,47.383423],[35.318953,47.38346],[35.318953,47.383461],[35.319127,47.383492],[35.319266,47.383519],[35.319572,47.383577],[35.319684,47.383308],[35.31887,47.383153],[35.318746,47.383423]]]}},{"type":"Feature","properties":{"cadnum":"2323381100:05:033:0001"},"geometry":{"type":"Polygon","coordinates":[[[35.317511,47.384645],[35.318965,47.384781],[35.319127,47.383492],[35.318746,47.383423],[35.318746,47.383422],[35.31887,47.383153],[35.317893,47.382965],[35.317869,47.383146],[35.317794,47.383461],[35.317793,47.383461],[35.317613,47.384214],[35.317935,47.384244],[35.317899,47.384458],[35.317561,47.384425],[35.317511,47.384645]]]}},{"type":"Feature","properties":{"cadnum":"2323381100:05:033:0009"},"geometry":{"type":"Polygon","coordinates":[[[35.318965,47.384781],[35.319389,47.384807],[35.31982,47.384571],[35.319821,47.384571],[35.320358,47.38442],[35.319737,47.383606],[35.31979,47.383461],[35.319789,47.383461],[35.319833,47.383342],[35.319684,47.383308],[35.319621,47.383461],[35.31962,47.383461],[35.319619,47.383461],[35.319572,47.383577],[35.319266,47.383519],[35.319127,47.383492],[35.319116,47.383577],[35.318965,47.384781]]]}},{"type":"Feature","properties":{"cadnum":"2323381100:04:011:0032"},"geometry":{"type":"Polygon","coordinates":[[[35.29308,47.345844],[35.293665,47.345895],[35.293665,47.345894],[35.296841,47.346166],[35.296859,47.345446],[35.293665,47.345173],[35.293104,47.345124],[35.29308,47.345844]]]}},{"type":"Feature","properties":{"cadnum":"2323381100:04:011:0033"},"geometry":{"type":"Polygon","coordinates":[[[35.293104,47.345124],[35.293493,47.345158],[35.296859,47.345446],[35.296878,47.344725],[35.293665,47.344451],[35.293128,47.344405],[35.293104,47.345124]]]}},{"type":"Feature","properties":{"cadnum":"2323381100:04:011:0031"},"geometry":{"type":"Polygon","coordinates":[[[35.293056,47.346562],[35.293493,47.3466],[35.296821,47.346885],[35.296838,47.346254],[35.296841,47.346166],[35.293493,47.34588],[35.29308,47.345844],[35.293066,47.346254],[35.293065,47.346254],[35.293065,47.346278],[35.293061,47.34637],[35.293062,47.34637],[35.293056,47.346562]]]}},{"type":"Feature","properties":{"cadnum":"2323381100:04:011:0036"},"geometry":{"type":"Polygon","coordinates":[[[35.293177,47.342962],[35.293493,47.342989],[35.296916,47.343282],[35.296936,47.342558],[35.293665,47.342278],[35.293201,47.342238],[35.29319,47.342532],[35.293189,47.342566],[35.293186,47.342648],[35.293187,47.342648],[35.293177,47.342962]]]}},{"type":"Feature","properties":{"cadnum":"2323381100:04:011:0034"},"geometry":{"type":"Polygon","coordinates":[[[35.293128,47.344405],[35.293493,47.344436],[35.293493,47.344437],[35.296878,47.344725],[35.296897,47.344004],[35.293665,47.343728],[35.293153,47.343683],[35.293128,47.344405]]]}},{"type":"Feature","properties":{"cadnum":"2323381100:04:011:0035"},"geometry":{"type":"Polygon","coordinates":[[[35.293153,47.343683],[35.293493,47.343713],[35.296897,47.344004],[35.296916,47.343282],[35.293665,47.343004],[35.293665,47.343003],[35.293177,47.342962],[35.293153,47.343683]]]}},{"type":"Feature","properties":{"cadnum":"2323381100:04:013:0003"},"geometry":{"type":"Polygon","coordinates":[[[35.2972,47.343833],[35.299158,47.343965],[35.299158,47.343964],[35.300475,47.344052],[35.300494,47.343435],[35.300499,47.343243],[35.298986,47.343142],[35.298986,47.343143],[35.297224,47.343024],[35.2972,47.343833]]]}},{"type":"Feature","properties":{"cadnum":"2323381100:04:019:0007"},"geometry":{"type":"Polygon","coordinates":[[[35.297156,47.34547],[35.299158,47.345604],[35.300619,47.345701],[35.30064,47.344874],[35.300451,47.344861],[35.299158,47.344775],[35.297176,47.344642],[35.297156,47.34547]]]}},{"type":"Feature","properties":{"cadnum":"2323381100:04:013:0002"},"geometry":{"type":"Polygon","coordinates":[[[35.297176,47.344642],[35.298986,47.344763],[35.298986,47.344764],[35.300451,47.344861],[35.300472,47.344148],[35.300475,47.344052],[35.298986,47.343953],[35.2972,47.343833],[35.297176,47.344642]]]}},{"type":"Feature","properties":{"cadnum":"2323381100:04:009:0002"},"geometry":{"type":"Polygon","coordinates":[[[35.315564,47.351245],[35.319374,47.351559],[35.319374,47.351543],[35.319377,47.350853],[35.315591,47.350542],[35.315589,47.35056],[35.315564,47.351245]]]}},{"type":"Feature","properties":{"cadnum":"2323381100:04:009:0003"},"geometry":{"type":"Polygon","coordinates":[[[35.315537,47.351944],[35.315638,47.351953],[35.315638,47.351952],[35.31937,47.352259],[35.319374,47.351559],[35.315564,47.351245],[35.315537,47.351944]]]}},{"type":"Feature","properties":{"cadnum":"2323381100:04:009:0004"},"geometry":{"type":"Polygon","coordinates":[[[35.31551,47.352638],[35.315638,47.352649],[35.315638,47.352648],[35.319367,47.352955],[35.319367,47.352941],[35.31937,47.352259],[35.315537,47.351944],[35.315536,47.351963],[35.31551,47.352638]]]}},{"type":"Feature","properties":{"cadnum":"2323381100:04:009:0005"},"geometry":{"type":"Polygon","coordinates":[[[35.315483,47.353328],[35.315638,47.353341],[35.319363,47.353647],[35.319363,47.353634],[35.319366,47.353068],[35.319367,47.352955],[35.31551,47.352638],[35.315509,47.352658],[35.315483,47.353328]]]}},{"type":"Feature","properties":{"cadnum":"2323381100:04:014:0006"},"geometry":{"type":"Polygon","coordinates":[[[35.315426,47.349767],[35.315466,47.34977],[35.315603,47.349781],[35.315638,47.349784],[35.319371,47.350078],[35.319402,47.349385],[35.315609,47.349087],[35.315451,47.349073],[35.315451,47.349074],[35.315426,47.349767]]]}},{"type":"Feature","properties":{"cadnum":"2323381100:04:009:0006"},"geometry":{"type":"Polygon","coordinates":[[[35.315457,47.354014],[35.315466,47.354015],[35.315502,47.354018],[35.315638,47.35403],[35.31936,47.354336],[35.31936,47.354322],[35.319362,47.353814],[35.319363,47.353647],[35.315483,47.353328],[35.315482,47.353349],[35.315463,47.353814],[35.315464,47.353814],[35.315457,47.354014]]]}},{"type":"Feature","properties":{"cadnum":"2323381100:04:009:0001"},"geometry":{"type":"Polygon","coordinates":[[[35.315591,47.350542],[35.319377,47.350853],[35.319377,47.350837],[35.319381,47.350144],[35.317333,47.349976],[35.315617,47.349835],[35.315607,47.350092],[35.315608,47.350092],[35.315591,47.350542]]]}},{"type":"Feature","properties":{"cadnum":"2323381100:01:020:0007"},"geometry":{"type":"Polygon","coordinates":[[[35.279236,47.372987],[35.281206,47.373154],[35.282507,47.373266],[35.285146,47.37349],[35.28517,47.37309],[35.282679,47.372878],[35.281222,47.372754],[35.279248,47.372585],[35.279236,47.372987]]]}},{"type":"Feature","properties":{"cadnum":"2323381100:01:029:0068"},"geometry":{"type":"Polygon","coordinates":[[[35.274885,47.373034],[35.277185,47.37321],[35.277185,47.373209],[35.277186,47.373209],[35.278871,47.373337],[35.278883,47.373338],[35.278902,47.372669],[35.277186,47.37254],[35.277185,47.37254],[35.277185,47.372539],[35.274907,47.372367],[35.274906,47.372417],[35.274885,47.373034]]]}},{"type":"Feature","properties":{"cadnum":"2323381100:01:030:0022"},"geometry":{"type":"Polygon","coordinates":[[[35.273948,47.374796],[35.277185,47.375052],[35.277186,47.375052],[35.277479,47.375075],[35.277533,47.374308],[35.277186,47.374281],[35.277185,47.374281],[35.277185,47.37428],[35.274002,47.37403],[35.27396,47.374625],[35.273948,47.374796]]]}},{"type":"Feature","properties":{"cadnum":"2323381100:01:030:0023"},"geometry":{"type":"Polygon","coordinates":[[[35.274002,47.37403],[35.277014,47.374267],[35.277014,47.374268],[35.277533,47.374308],[35.277586,47.373541],[35.277014,47.373497],[35.274054,47.373262],[35.274007,47.373943],[35.274002,47.37403]]]}},{"type":"Feature","properties":{"cadnum":"2323381100:01:020:0006"},"geometry":{"type":"Polygon","coordinates":[[[35.279227,47.373361],[35.281107,47.373521],[35.282507,47.37364],[35.282536,47.373643],[35.282679,47.373655],[35.282679,47.373654],[35.282987,47.37368],[35.282976,47.37376],[35.285118,47.373942],[35.285146,47.37349],[35.282679,47.373281],[35.282679,47.37328],[35.281206,47.373154],[35.279236,47.372987],[35.279227,47.373361]]]}},{"type":"Feature","properties":{"cadnum":"2323381100:01:013:0029"},"geometry":{"type":"Polygon","coordinates":[[[35.277255,47.341408],[35.281209,47.341728],[35.281215,47.341512],[35.281232,47.341047],[35.277277,47.340726],[35.277255,47.341408]]]}},{"type":"Feature","properties":{"cadnum":"2323381100:01:013:0028"},"geometry":{"type":"Polygon","coordinates":[[[35.277277,47.340726],[35.281232,47.341047],[35.281237,47.340859],[35.281253,47.340364],[35.277299,47.340044],[35.277277,47.340726]]]}},{"type":"Feature","properties":{"cadnum":"2323381100:01:013:0030"},"geometry":{"type":"Polygon","coordinates":[[[35.277232,47.34209],[35.281187,47.342411],[35.281195,47.342166],[35.281209,47.341728],[35.277255,47.341408],[35.277232,47.34209]]]}},{"type":"Feature","properties":{"cadnum":"2323381100:01:013:0060"},"geometry":{"type":"Polygon","coordinates":[[[35.281195,47.342166],[35.282679,47.342286],[35.285325,47.3425],[35.285346,47.341848],[35.282679,47.341631],[35.281215,47.341512],[35.281209,47.341728],[35.281195,47.342166]]]}},{"type":"Feature","properties":{"cadnum":"2323381100:01:013:0061"},"geometry":{"type":"Polygon","coordinates":[[[35.281215,47.341512],[35.282507,47.341617],[35.282507,47.341618],[35.285346,47.341848],[35.285366,47.341194],[35.282679,47.340976],[35.281237,47.340859],[35.281232,47.341047],[35.281215,47.341512]]]}},{"type":"Feature","properties":{"cadnum":"2323381100:01:013:0064"},"geometry":{"type":"Polygon","coordinates":[[[35.28128,47.339553],[35.282507,47.339652],[35.282507,47.339653],[35.285409,47.339888],[35.285431,47.339235],[35.282679,47.339012],[35.2813,47.3389],[35.281297,47.339],[35.28128,47.339553]]]}},{"type":"Feature","properties":{"cadnum":"2323381100:01:013:0062"},"geometry":{"type":"Polygon","coordinates":[[[35.281237,47.340859],[35.282507,47.340962],[35.285366,47.341194],[35.285388,47.340541],[35.282679,47.340322],[35.281258,47.340206],[35.281253,47.340364],[35.281237,47.340859]]]}},{"type":"Feature","properties":{"cadnum":"2323381100:01:013:0063"},"geometry":{"type":"Polygon","coordinates":[[[35.281258,47.340206],[35.282507,47.340308],[35.285388,47.340541],[35.285409,47.339888],[35.282679,47.339667],[35.282679,47.339666],[35.28128,47.339553],[35.281258,47.340206]]]}},{"type":"Feature","properties":{"cadnum":"2323381100:01:015:0013"},"geometry":{"type":"Polygon","coordinates":[[[35.259357,47.354274],[35.260534,47.354369],[35.260534,47.35437],[35.263851,47.354636],[35.26386,47.354347],[35.260706,47.354094],[35.259365,47.353985],[35.259357,47.354274]]]}},{"type":"Feature","properties":{"cadnum":"2323381100:01:023:0021"},"geometry":{"type":"Polygon","coordinates":[[[35.259274,47.356809],[35.260706,47.356928],[35.263766,47.35718],[35.263773,47.357036],[35.260534,47.356769],[35.259279,47.356666],[35.259274,47.356809]]]}},{"type":"Feature","properties":{"cadnum":"2323381100:01:015:0020"},"geometry":{"type":"Polygon","coordinates":[[[35.259287,47.356588],[35.260706,47.356704],[35.260706,47.356703],[35.263778,47.356951],[35.263796,47.356371],[35.260534,47.356109],[35.259304,47.35601],[35.259287,47.356588]]]}},{"type":"Feature","properties":{"cadnum":"2323381100:01:015:0014"},"geometry":{"type":"Polygon","coordinates":[[[35.259349,47.354563],[35.260534,47.354659],[35.260534,47.35466],[35.263843,47.354926],[35.263851,47.354636],[35.260706,47.354383],[35.259357,47.354274],[35.259349,47.354563]]]}},{"type":"Feature","properties":{"cadnum":"2323381100:01:023:0018"},"geometry":{"type":"Polygon","coordinates":[[[35.259241,47.357672],[35.260534,47.357779],[35.263729,47.358042],[35.263742,47.357755],[35.260706,47.357505],[35.260706,47.357504],[35.259252,47.357384],[35.259245,47.357535],[35.259246,47.357535],[35.259247,47.357535],[35.259241,47.357672]]]}},{"type":"Feature","properties":{"cadnum":"2323381100:01:023:0019"},"geometry":{"type":"Polygon","coordinates":[[[35.259252,47.357384],[35.259669,47.357419],[35.260706,47.357505],[35.263741,47.357755],[35.263754,47.357467],[35.263751,47.357467],[35.26317,47.357419],[35.263168,47.357419],[35.260706,47.357217],[35.260706,47.357216],[35.259264,47.357097],[35.259252,47.357384]]]}},{"type":"Feature","properties":{"cadnum":"2323381100:01:023:0020"},"geometry":{"type":"Polygon","coordinates":[[[35.259263,47.357097],[35.260534,47.357202],[35.263754,47.357467],[35.263766,47.35718],[35.260534,47.356914],[35.259274,47.356809],[35.259263,47.357097]]]}},{"type":"Feature","properties":{"cadnum":"2323381100:01:015:0016"},"geometry":{"type":"Polygon","coordinates":[[[35.25933,47.355142],[35.260534,47.355239],[35.263824,47.355504],[35.263833,47.355215],[35.260534,47.354949],[35.260534,47.35495],[35.259339,47.354853],[35.25933,47.355142]]]}},{"type":"Feature","properties":{"cadnum":"2323381100:01:015:0018"},"geometry":{"type":"Polygon","coordinates":[[[35.259314,47.355721],[35.260534,47.355819],[35.260534,47.35582],[35.263805,47.356082],[35.263815,47.355793],[35.260706,47.355543],[35.259322,47.355431],[35.259314,47.355721]]]}},{"type":"Feature","properties":{"cadnum":"2323381100:01:015:0019"},"geometry":{"type":"Polygon","coordinates":[[[35.259304,47.35601],[35.260706,47.356123],[35.260706,47.356122],[35.263797,47.356371],[35.263805,47.356082],[35.260706,47.355833],[35.259314,47.355721],[35.259304,47.35601]]]}},{"type":"Feature","properties":{"cadnum":"2323381100:01:015:0017"},"geometry":{"type":"Polygon","coordinates":[[[35.259322,47.355431],[35.260534,47.355529],[35.263815,47.355793],[35.263824,47.355504],[35.260706,47.355253],[35.259331,47.355142],[35.259322,47.355431]]]}},{"type":"Feature","properties":{"cadnum":"2323381100:01:015:0015"},"geometry":{"type":"Polygon","coordinates":[[[35.259339,47.354853],[35.260706,47.354964],[35.260706,47.354963],[35.263833,47.355215],[35.263843,47.354926],[35.260706,47.354673],[35.259349,47.354563],[35.259339,47.354853]]]}},{"type":"Feature","properties":{"cadnum":"2323381100:01:015:0011"},"geometry":{"type":"Polygon","coordinates":[[[35.259374,47.353696],[35.259396,47.353697],[35.260706,47.353804],[35.260706,47.353803],[35.26387,47.354058],[35.263879,47.353769],[35.262989,47.353697],[35.262986,47.353697],[35.260706,47.353514],[35.259384,47.353407],[35.259374,47.353696]]]}},{"type":"Feature","properties":{"cadnum":"2323381100:01:015:0012"},"geometry":{"type":"Polygon","coordinates":[[[35.259365,47.353985],[35.260534,47.35408],[35.26386,47.354347],[35.26387,47.354058],[35.260706,47.353803],[35.259374,47.353696],[35.259374,47.353697],[35.259373,47.353697],[35.259365,47.353985]]]}},{"type":"Feature","properties":{"cadnum":"2323381100:01:021:0018"},"geometry":{"type":"Polygon","coordinates":[[[35.255025,47.357241],[35.255041,47.357242],[35.255142,47.357251],[35.255213,47.357258],[35.258343,47.357535],[35.259204,47.357611],[35.259207,47.357535],[35.259216,47.357302],[35.255159,47.356943],[35.255037,47.356932],[35.255025,47.357241]]]}},{"type":"Feature","properties":{"cadnum":"2323381100:01:021:0017"},"geometry":{"type":"Polygon","coordinates":[[[35.255013,47.35755],[35.255041,47.357552],[35.25512,47.357559],[35.255213,47.357568],[35.259193,47.357921],[35.259204,47.357611],[35.257031,47.357419],[35.25703,47.357419],[35.255142,47.357251],[35.255025,47.357241],[35.255018,47.357419],[35.255017,47.357419],[35.255015,47.357491],[35.255013,47.357535],[35.255013,47.35755]]]}},{"type":"Feature","properties":{"cadnum":"2323381100:01:021:0019"},"geometry":{"type":"Polygon","coordinates":[[[35.255037,47.356932],[35.255041,47.356932],[35.255041,47.356933],[35.255159,47.356943],[35.255213,47.356948],[35.259216,47.357302],[35.259227,47.356993],[35.255049,47.356622],[35.255037,47.356932]]]}},{"type":"Feature","properties":{"cadnum":"2323381100:01:021:0020"},"geometry":{"type":"Polygon","coordinates":[[[35.255049,47.356622],[35.255213,47.356636],[35.259227,47.356993],[35.25924,47.356662],[35.25506,47.356334],[35.255049,47.356622]]]}},{"type":"Feature","properties":{"cadnum":"2323381100:01:014:0002"},"geometry":{"type":"Polygon","coordinates":[[[35.255068,47.356124],[35.255213,47.356135],[35.255213,47.356134],[35.25925,47.356417],[35.259259,47.356109],[35.255077,47.355815],[35.255068,47.356124]]]}},{"type":"Feature","properties":{"cadnum":"2323381100:01:014:0008"},"geometry":{"type":"Polygon","coordinates":[[[35.255136,47.353964],[35.259315,47.354257],[35.259325,47.353948],[35.255744,47.353697],[35.255147,47.353656],[35.255145,47.353697],[35.255144,47.353697],[35.255142,47.353771],[35.25514,47.353814],[35.255141,47.353814],[35.255136,47.353964]]]}},{"type":"Feature","properties":{"cadnum":"2323381100:01:014:0009"},"geometry":{"type":"Polygon","coordinates":[[[35.255147,47.353656],[35.257404,47.353814],[35.257405,47.353814],[35.259325,47.353948],[35.259328,47.353814],[35.259329,47.353814],[35.259334,47.353639],[35.255156,47.353347],[35.255147,47.353656]]]}},{"type":"Feature","properties":{"cadnum":"2323381100:01:014:0001"},"geometry":{"type":"Polygon","coordinates":[[[35.255064,47.356263],[35.255213,47.356275],[35.259244,47.356585],[35.25925,47.356417],[35.255068,47.356124],[35.255064,47.356263]]]}},{"type":"Feature","properties":{"cadnum":"2323381100:01:014:0003"},"geometry":{"type":"Polygon","coordinates":[[[35.255077,47.355815],[35.255213,47.355825],[35.259259,47.356109],[35.259268,47.3558],[35.255088,47.355507],[35.255077,47.355815]]]}},{"type":"Feature","properties":{"cadnum":"2323381100:01:014:0007"},"geometry":{"type":"Polygon","coordinates":[[[35.255127,47.354273],[35.255213,47.35428],[35.255213,47.354279],[35.259306,47.354566],[35.259315,47.354257],[35.255136,47.353964],[35.255127,47.354273]]]}},{"type":"Feature","properties":{"cadnum":"2323381100:01:014:0004"},"geometry":{"type":"Polygon","coordinates":[[[35.255088,47.355507],[35.255213,47.355516],[35.259268,47.3558],[35.259278,47.355491],[35.255097,47.355198],[35.255088,47.355507]]]}},{"type":"Feature","properties":{"cadnum":"2323381100:01:014:0005"},"geometry":{"type":"Polygon","coordinates":[[[35.255097,47.355198],[35.255213,47.355206],[35.259278,47.355491],[35.259296,47.354874],[35.255118,47.354581],[35.255097,47.35517],[35.255097,47.355198]]]}},{"type":"Feature","properties":{"cadnum":"2323381100:01:014:0006"},"geometry":{"type":"Polygon","coordinates":[[[35.255118,47.354581],[35.255213,47.354589],[35.255213,47.354588],[35.259296,47.354874],[35.259306,47.354566],[35.255127,47.354273],[35.255118,47.354581]]]}},{"type":"Feature","properties":{"cadnum":"2323381100:01:029:0061"},"geometry":{"type":"Polygon","coordinates":[[[35.270782,47.3684],[35.271692,47.36847],[35.273157,47.368581],[35.273421,47.368601],[35.274686,47.368697],[35.275021,47.368723],[35.275025,47.368594],[35.275032,47.368394],[35.27504,47.368108],[35.271692,47.367854],[35.270802,47.367785],[35.270782,47.3684]]]}},{"type":"Feature","properties":{"cadnum":"2323381100:01:029:0058"},"geometry":{"type":"Polygon","coordinates":[[[35.270724,47.370247],[35.271692,47.370321],[35.274963,47.370569],[35.27497,47.370365],[35.274982,47.369954],[35.271692,47.369704],[35.270743,47.369631],[35.270724,47.370247]]]}},{"type":"Feature","properties":{"cadnum":"2323381100:01:029:0055"},"geometry":{"type":"Polygon","coordinates":[[[35.270666,47.372094],[35.271521,47.372159],[35.271521,47.37216],[35.274906,47.372417],[35.274907,47.372367],[35.274924,47.3718],[35.271521,47.371541],[35.271521,47.371542],[35.270685,47.371478],[35.270666,47.372094]]]}},{"type":"Feature","properties":{"cadnum":"2323381100:01:029:0060"},"geometry":{"type":"Polygon","coordinates":[[[35.270763,47.369016],[35.271521,47.369074],[35.275002,47.369339],[35.275012,47.369049],[35.275021,47.368723],[35.273421,47.368601],[35.271521,47.368457],[35.270782,47.3684],[35.270776,47.368581],[35.270775,47.368581],[35.270763,47.369016]]]}},{"type":"Feature","properties":{"cadnum":"2323381100:01:029:0054"},"geometry":{"type":"Polygon","coordinates":[[[35.270646,47.372712],[35.271521,47.372779],[35.274885,47.373034],[35.274906,47.372417],[35.273389,47.372301],[35.273387,47.372301],[35.271692,47.372173],[35.271692,47.372172],[35.270666,47.372094],[35.270659,47.372301],[35.270658,47.372301],[35.270646,47.372712]]]}},{"type":"Feature","properties":{"cadnum":"2323381100:01:029:0059"},"geometry":{"type":"Polygon","coordinates":[[[35.270743,47.369631],[35.271521,47.369691],[35.274982,47.369954],[35.27499,47.369706],[35.275002,47.369339],[35.271692,47.369087],[35.270763,47.369016],[35.270743,47.369631]]]}},{"type":"Feature","properties":{"cadnum":"2323381100:01:029:0056"},"geometry":{"type":"Polygon","coordinates":[[[35.270685,47.371478],[35.271692,47.371555],[35.271692,47.371554],[35.274924,47.3718],[35.274928,47.371698],[35.274944,47.371184],[35.271692,47.370937],[35.270705,47.370862],[35.270685,47.371478]]]}},{"type":"Feature","properties":{"cadnum":"2323381100:01:029:0057"},"geometry":{"type":"Polygon","coordinates":[[[35.270705,47.370862],[35.271521,47.370924],[35.274944,47.371184],[35.274948,47.37103],[35.274963,47.370569],[35.271521,47.370308],[35.270724,47.370247],[35.270705,47.370862]]]}},{"type":"Feature","properties":{"cadnum":"2323381100:03:009:0022"},"geometry":{"type":"Polygon","coordinates":[[[35.34245,47.364297],[35.342932,47.364316],[35.348031,47.364512],[35.348103,47.364029],[35.343104,47.363838],[35.343103,47.363838],[35.342521,47.363815],[35.34245,47.364297]]]}},{"type":"Feature","properties":{"cadnum":"2323381100:03:008:0047"},"geometry":{"type":"Polygon","coordinates":[[[35.336394,47.365012],[35.337438,47.365053],[35.337439,47.365053],[35.341935,47.365226],[35.341971,47.364977],[35.341972,47.364977],[35.342143,47.3638],[35.337439,47.36362],[35.337438,47.36362],[35.336474,47.363582],[35.33645,47.364014],[35.336426,47.364446],[35.336403,47.36486],[35.336403,47.364861],[35.336402,47.364861],[35.336402,47.364878],[35.336395,47.364977],[35.336396,47.364977],[35.336394,47.365012]]]}},{"type":"Feature","properties":{"cadnum":"2323381100:01:001:0008"},"geometry":{"type":"Polygon","coordinates":[[[35.26893,47.336085],[35.271521,47.336299],[35.273036,47.336424],[35.27304,47.336221],[35.271521,47.33609],[35.271521,47.336091],[35.268936,47.335868],[35.26893,47.336085]]]}},{"type":"Feature","properties":{"cadnum":"2323381100:01:001:0007"},"geometry":{"type":"Polygon","coordinates":[[[35.268909,47.336779],[35.271692,47.33701],[35.273023,47.337119],[35.273036,47.336424],[35.271692,47.336313],[35.26893,47.336085],[35.268909,47.336779]]]}},{"type":"Feature","properties":{"cadnum":"2323381100:01:001:0006"},"geometry":{"type":"Polygon","coordinates":[[[35.268889,47.337472],[35.271692,47.337704],[35.273009,47.337812],[35.273023,47.337119],[35.271521,47.336995],[35.271521,47.336996],[35.268909,47.336779],[35.268889,47.337472]]]}},{"type":"Feature","properties":{"cadnum":"2323381100:01:001:0005"},"geometry":{"type":"Polygon","coordinates":[[[35.268868,47.338164],[35.271692,47.338398],[35.271692,47.338397],[35.272997,47.338505],[35.273009,47.337812],[35.271521,47.33769],[35.268889,47.337472],[35.268868,47.338164]]]}},{"type":"Feature","properties":{"cadnum":"2323381100:01:001:0004"},"geometry":{"type":"Polygon","coordinates":[[[35.268848,47.338809],[35.268848,47.338855],[35.268873,47.338857],[35.269707,47.338926],[35.269708,47.338926],[35.271521,47.339075],[35.271521,47.339076],[35.272984,47.339196],[35.27299,47.338809],[35.272997,47.338505],[35.271521,47.338383],[35.271521,47.338384],[35.268868,47.338164],[35.268849,47.338809],[35.268848,47.338809]]]}},{"type":"Feature","properties":{"cadnum":"2323381100:05:018:0016"},"geometry":{"type":"Polygon","coordinates":[[[35.29883,47.371102],[35.298986,47.371121],[35.298986,47.371122],[35.299105,47.371136],[35.299158,47.371142],[35.299265,47.371155],[35.299334,47.370476],[35.299158,47.370454],[35.298903,47.370422],[35.29883,47.371102]]]}},{"type":"Feature","properties":{"cadnum":"2323381100:05:020:0003"},"geometry":{"type":"Polygon","coordinates":[[[35.296521,47.36941],[35.297067,47.369478],[35.29711,47.368599],[35.296558,47.368536],[35.296556,47.368581],[35.296555,47.368581],[35.296521,47.36941]]]}},{"type":"Feature","properties":{"cadnum":"2323381100:05:020:0002"},"geometry":{"type":"Polygon","coordinates":[[[35.298143,47.369356],[35.298514,47.369401],[35.298548,47.36886],[35.298176,47.368815],[35.298143,47.369356]]]}},{"type":"Feature","properties":{"cadnum":"2323381100:05:018:0012"},"geometry":{"type":"Polygon","coordinates":[[[35.297998,47.370974],[35.298455,47.371025],[35.298516,47.370375],[35.298068,47.370324],[35.297998,47.370974]]]}},{"type":"Feature","properties":{"cadnum":"2323381100:05:020:0001"},"geometry":{"type":"Polygon","coordinates":[[[35.298095,47.370152],[35.298463,47.370198],[35.298514,47.369398],[35.298144,47.369352],[35.298095,47.370152]]]}},{"type":"Feature","properties":{"cadnum":"2323381100:05:018:0009"},"geometry":{"type":"Polygon","coordinates":[[[35.297596,47.371765],[35.297908,47.371792],[35.297962,47.371301],[35.297653,47.37127],[35.297596,47.371765]]]}},{"type":"Feature","properties":{"cadnum":"2323381100:05:018:0013"},"geometry":{"type":"Polygon","coordinates":[[[35.297903,47.371849],[35.298375,47.371903],[35.298455,47.371025],[35.297998,47.370974],[35.297903,47.371849]]]}},{"type":"Feature","properties":{"cadnum":"2323381100:05:018:0017"},"geometry":{"type":"Polygon","coordinates":[[[35.298738,47.371955],[35.298986,47.371992],[35.298986,47.371993],[35.299123,47.372013],[35.299158,47.372018],[35.299177,47.372021],[35.299265,47.371155],[35.299105,47.371136],[35.29883,47.371102],[35.298738,47.371955]]]}},{"type":"Feature","properties":{"cadnum":"2323381100:05:016:0004"},"geometry":{"type":"Polygon","coordinates":[[[35.297144,47.372704],[35.297585,47.372747],[35.297621,47.372418],[35.297682,47.371874],[35.297226,47.371827],[35.297187,47.372301],[35.297185,47.372321],[35.297177,47.372418],[35.297178,47.372418],[35.297172,47.372497],[35.297144,47.372704]]]}},{"type":"Feature","properties":{"cadnum":"2323381100:05:018:0008"},"geometry":{"type":"Polygon","coordinates":[[[35.297653,47.37127],[35.297962,47.371301],[35.298068,47.370324],[35.297781,47.370294],[35.297727,47.370649],[35.297653,47.37127]]]}},{"type":"Feature","properties":{"cadnum":"2323381100:05:015:0006"},"geometry":{"type":"Polygon","coordinates":[[[35.293627,47.372256],[35.294094,47.372302],[35.294228,47.371517],[35.293766,47.371477],[35.293627,47.372256]]]}},{"type":"Feature","properties":{"cadnum":"2323381100:05:017:0005"},"geometry":{"type":"Polygon","coordinates":[[[35.293497,47.37131],[35.293665,47.371329],[35.293874,47.371352],[35.29404,47.370477],[35.293614,47.370428],[35.293497,47.37131]]]}},{"type":"Feature","properties":{"cadnum":"2323381100:05:017:0014"},"geometry":{"type":"Polygon","coordinates":[[[35.293894,47.371381],[35.294329,47.371432],[35.29447,47.370565],[35.29404,47.370477],[35.293894,47.371381]]]}},{"type":"Feature","properties":{"cadnum":"2323381100:05:017:0002"},"geometry":{"type":"Polygon","coordinates":[[[35.294885,47.370599],[35.295306,47.37065],[35.295332,47.370365],[35.295373,47.370369],[35.295412,47.369996],[35.294943,47.369939],[35.294885,47.370599]]]}},{"type":"Feature","properties":{"cadnum":"2323381100:05:015:0008"},"geometry":{"type":"Polygon","coordinates":[[[35.294427,47.372381],[35.294861,47.372413],[35.294954,47.37149],[35.294521,47.371454],[35.294435,47.372301],[35.294427,47.372381]]]}},{"type":"Feature","properties":{"cadnum":"2323381100:05:017:0001"},"geometry":{"type":"Polygon","coordinates":[[[35.29481,47.371473],[35.295229,47.371519],[35.295306,47.37065],[35.294885,47.370599],[35.294875,47.37073],[35.29481,47.371473]]]}},{"type":"Feature","properties":{"cadnum":"2323381100:05:016:0007"},"geometry":{"type":"Polygon","coordinates":[[[35.295833,47.372477],[35.295834,47.372477],[35.296263,47.372518],[35.296273,47.372418],[35.296353,47.371684],[35.29591,47.371641],[35.295845,47.372301],[35.295844,47.372301],[35.295842,47.372341],[35.295836,47.372418],[35.295837,47.372418],[35.295833,47.372477]]]}},{"type":"Feature","properties":{"cadnum":"2323381100:05:015:0005"},"geometry":{"type":"Polygon","coordinates":[[[35.293516,47.372878],[35.293665,47.372896],[35.293983,47.372934],[35.294094,47.372302],[35.293627,47.372256],[35.293619,47.372301],[35.293618,47.372301],[35.293516,47.372878]]]}},{"type":"Feature","properties":{"cadnum":"2323381100:05:017:0007"},"geometry":{"type":"Polygon","coordinates":[[[35.294495,47.370685],[35.294875,47.37073],[35.294943,47.369939],[35.294578,47.369894],[35.294495,47.370685]]]}},{"type":"Feature","properties":{"cadnum":"2323381100:05:017:0013"},"geometry":{"type":"Polygon","coordinates":[[[35.29404,47.370477],[35.29447,47.370565],[35.294578,47.369894],[35.294124,47.369833],[35.29404,47.370477]]]}},{"type":"Feature","properties":{"cadnum":"2323381100:05:019:0003"},"geometry":{"type":"Polygon","coordinates":[[[35.295065,47.368987],[35.295469,47.369041],[35.29553,47.368581],[35.295559,47.368376],[35.295155,47.368321],[35.29512,47.368581],[35.295119,47.368581],[35.295065,47.368987]]]}},{"type":"Feature","properties":{"cadnum":"2323381100:05:019:0002"},"geometry":{"type":"Polygon","coordinates":[[[35.294967,47.369713],[35.295369,47.369766],[35.295469,47.369041],[35.295065,47.368987],[35.294967,47.369713]]]}},{"type":"Feature","properties":{"cadnum":"2323381100:03:010:0019"},"geometry":{"type":"Polygon","coordinates":[[[35.358415,47.365113],[35.359583,47.365159],[35.359583,47.365158],[35.362407,47.365266],[35.362466,47.364861],[35.362466,47.36486],[35.362508,47.364582],[35.359583,47.36447],[35.358518,47.364429],[35.358453,47.364861],[35.358452,47.364861],[35.358442,47.36493],[35.358435,47.364977],[35.358415,47.365113]]]}},{"type":"Feature","properties":{"cadnum":"2323381100:05:035:0034"},"geometry":{"type":"Polygon","coordinates":[[[35.315985,47.37591],[35.316093,47.376021],[35.316092,47.376021],[35.316623,47.376571],[35.317008,47.376138],[35.317314,47.375795],[35.315985,47.37591]]]}},{"type":"Feature","properties":{"cadnum":"2323381100:05:032:0015"},"geometry":{"type":"Polygon","coordinates":[[[35.316623,47.376571],[35.317263,47.377232],[35.317306,47.376021],[35.317305,47.376021],[35.317314,47.375795],[35.317112,47.376021],[35.317111,47.376021],[35.316623,47.376571]]]}},{"type":"Feature","properties":{"cadnum":"2323381100:05:034:0010"},"geometry":{"type":"Polygon","coordinates":[[[35.320644,47.379224],[35.320909,47.379268],[35.321027,47.378957],[35.320758,47.378911],[35.320644,47.379224]]]}},{"type":"Feature","properties":{"cadnum":"2323381100:05:035:0009"},"geometry":{"type":"Polygon","coordinates":[[[35.320357,47.378793],[35.320959,47.378911],[35.321126,47.378944],[35.321131,47.378945],[35.321878,47.379091],[35.32209,47.378815],[35.321061,47.378631],[35.320468,47.378523],[35.320357,47.378793]]]}},{"type":"Feature","properties":{"cadnum":"2323381100:05:034:0006"},"geometry":{"type":"Polygon","coordinates":[[[35.318764,47.380084],[35.319036,47.380124],[35.319107,47.379857],[35.319393,47.378789],[35.319098,47.378747],[35.318849,47.379741],[35.318848,47.379741],[35.318764,47.380084]]]}},{"type":"Feature","properties":{"cadnum":"2323381100:05:034:0011"},"geometry":{"type":"Polygon","coordinates":[[[35.319036,47.380124],[35.319382,47.380174],[35.319411,47.379995],[35.319412,47.379995],[35.319516,47.380009],[35.319485,47.379915],[35.31943,47.379908],[35.31945,47.379804],[35.319558,47.379268],[35.319276,47.379227],[35.319138,47.379741],[35.319036,47.380124]]]}},{"type":"Feature","properties":{"cadnum":"2323381100:05:034:0007"},"geometry":{"type":"Polygon","coordinates":[[[35.317672,47.379919],[35.317938,47.37996],[35.317963,47.379857],[35.318025,47.379612],[35.31831,47.378487],[35.318019,47.378435],[35.317685,47.379857],[35.317686,47.379857],[35.317686,47.379858],[35.317672,47.379919]]]}},{"type":"Feature","properties":{"cadnum":"2323381100:05:034:0008"},"geometry":{"type":"Polygon","coordinates":[[[35.319276,47.379227],[35.319558,47.379268],[35.319665,47.378728],[35.31942,47.378687],[35.319276,47.379227]]]}},{"type":"Feature","properties":{"cadnum":"2323381100:05:034:0009"},"geometry":{"type":"Polygon","coordinates":[[[35.316922,47.379478],[35.317298,47.379568],[35.317578,47.378358],[35.317196,47.37829],[35.316922,47.379478]]]}},{"type":"Feature","properties":{"cadnum":"2323381100:05:032:0011"},"geometry":{"type":"Polygon","coordinates":[[[35.318025,47.379612],[35.318851,47.379738],[35.319118,47.378663],[35.318297,47.378539],[35.318025,47.379612]]]}},{"type":"Feature","properties":{"cadnum":"2323381100:05:035:0005"},"geometry":{"type":"Polygon","coordinates":[[[35.318758,47.378517],[35.320492,47.378821],[35.320521,47.37855],[35.318791,47.378246],[35.318758,47.378517]]]}},{"type":"Feature","properties":{"cadnum":"2323381100:05:032:0005"},"geometry":{"type":"Polygon","coordinates":[[[35.316107,47.379086],[35.316653,47.379155],[35.3169,47.378371],[35.316335,47.378301],[35.316107,47.379086]]]}},{"type":"Feature","properties":{"cadnum":"2323381100:05:034:0002"},"geometry":{"type":"Polygon","coordinates":[[[35.320648,47.377972],[35.320959,47.378024],[35.32108,47.378044],[35.321131,47.378052],[35.322377,47.378255],[35.322385,47.378176],[35.322405,47.377982],[35.320959,47.377747],[35.320676,47.377701],[35.320648,47.377972]]]}},{"type":"Feature","properties":{"cadnum":"2323381100:05:035:0033"},"geometry":{"type":"Polygon","coordinates":[[[35.320706,47.377426],[35.320959,47.377468],[35.321028,47.377479],[35.321131,47.377496],[35.322433,47.377709],[35.322461,47.377435],[35.321043,47.377204],[35.320734,47.377153],[35.320706,47.377426]]]}},{"type":"Feature","properties":{"cadnum":"2323381100:05:035:0023"},"geometry":{"type":"Polygon","coordinates":[[[35.320676,47.3777],[35.320959,47.377747],[35.321084,47.377767],[35.321131,47.377775],[35.322405,47.377983],[35.322433,47.37771],[35.321101,47.377491],[35.320706,47.377426],[35.320676,47.3777]]]}},{"type":"Feature","properties":{"cadnum":"2323381100:05:035:0011"},"geometry":{"type":"Polygon","coordinates":[[[35.320734,47.377153],[35.320959,47.37719],[35.321043,47.377204],[35.321131,47.377218],[35.322461,47.377435],[35.322489,47.377162],[35.321054,47.376928],[35.320762,47.37688],[35.320734,47.377153]]]}},{"type":"Feature","properties":{"cadnum":"2323381100:05:035:0004"},"geometry":{"type":"Polygon","coordinates":[[[35.32079,47.376606],[35.320959,47.376634],[35.321064,47.376651],[35.321131,47.376663],[35.321131,47.376662],[35.322517,47.376889],[35.322547,47.376615],[35.321095,47.376378],[35.320818,47.376332],[35.32079,47.376606]]]}},{"type":"Feature","properties":{"cadnum":"2323381100:05:035:0013"},"geometry":{"type":"Polygon","coordinates":[[[35.320818,47.376332],[35.320959,47.376355],[35.320959,47.376356],[35.321095,47.376378],[35.321131,47.376384],[35.322547,47.376615],[35.322575,47.376342],[35.321131,47.376106],[35.321131,47.376105],[35.320848,47.376059],[35.320838,47.376138],[35.320839,47.376138],[35.320818,47.376332]]]}},{"type":"Feature","properties":{"cadnum":"2323381100:05:035:0006"},"geometry":{"type":"Polygon","coordinates":[[[35.318852,47.377703],[35.320577,47.378006],[35.320606,47.377732],[35.318884,47.377431],[35.318859,47.377643],[35.318852,47.377703]]]}},{"type":"Feature","properties":{"cadnum":"2323381100:05:035:0021"},"geometry":{"type":"Polygon","coordinates":[[[35.317229,47.377662],[35.318825,47.377941],[35.318852,47.377703],[35.318859,47.377643],[35.317299,47.37737],[35.317229,47.377662]]]}},{"type":"Feature","properties":{"cadnum":"2323381100:05:035:0022"},"geometry":{"type":"Polygon","coordinates":[[[35.318821,47.377975],[35.320549,47.378278],[35.320577,47.378006],[35.318852,47.377703],[35.318825,47.377941],[35.318821,47.377975]]]}},{"type":"Feature","properties":{"cadnum":"2323381100:05:035:0007"},"geometry":{"type":"Polygon","coordinates":[[[35.318884,47.377431],[35.320606,47.377732],[35.320635,47.377459],[35.318915,47.377158],[35.318894,47.377342],[35.318884,47.377431]]]}},{"type":"Feature","properties":{"cadnum":"2323381100:05:035:0035"},"geometry":{"type":"Polygon","coordinates":[[[35.317335,47.376766],[35.318929,47.377045],[35.318939,47.376949],[35.317339,47.376668],[35.317335,47.376766]]]}},{"type":"Feature","properties":{"cadnum":"2323381100:05:035:0019"},"geometry":{"type":"Polygon","coordinates":[[[35.318915,47.377158],[35.320635,47.377459],[35.320663,47.377186],[35.318946,47.376884],[35.318939,47.376949],[35.318929,47.377045],[35.318915,47.377158]]]}},{"type":"Feature","properties":{"cadnum":"2323381100:05:035:0008"},"geometry":{"type":"Polygon","coordinates":[[[35.317299,47.37737],[35.318859,47.377643],[35.318884,47.377431],[35.318894,47.377342],[35.317325,47.377067],[35.317315,47.377302],[35.317299,47.37737]]]}},{"type":"Feature","properties":{"cadnum":"2323381100:05:035:0031"},"geometry":{"type":"Polygon","coordinates":[[[35.318978,47.376611],[35.320691,47.376911],[35.32072,47.376636],[35.31901,47.376337],[35.318997,47.376452],[35.318978,47.376611]]]}},{"type":"Feature","properties":{"cadnum":"2323381100:05:035:0010"},"geometry":{"type":"Polygon","coordinates":[[[35.31735,47.376373],[35.318973,47.376657],[35.318978,47.376611],[35.319006,47.37637],[35.317361,47.376081],[35.31735,47.376373]]]}},{"type":"Feature","properties":{"cadnum":"2323381100:05:035:0040"},"geometry":{"type":"Polygon","coordinates":[[[35.318946,47.376884],[35.320663,47.377186],[35.320691,47.376911],[35.318978,47.376611],[35.318973,47.376657],[35.318946,47.376884]]]}},{"type":"Feature","properties":{"cadnum":"2323381100:05:035:0003"},"geometry":{"type":"Polygon","coordinates":[[[35.317372,47.375794],[35.318666,47.376021],[35.319029,47.376085],[35.319039,47.376087],[35.319039,47.37608],[35.319041,47.376061],[35.319071,47.375807],[35.317382,47.37551],[35.317372,47.375794]]]}},{"type":"Feature","properties":{"cadnum":"2323381100:05:035:0032"},"geometry":{"type":"Polygon","coordinates":[[[35.317339,47.376668],[35.318939,47.376949],[35.318946,47.376884],[35.318973,47.376657],[35.31735,47.376373],[35.317339,47.376668]]]}},{"type":"Feature","properties":{"cadnum":"2323381100:05:025:0011"},"geometry":{"type":"Polygon","coordinates":[[[35.314236,47.377461],[35.315638,47.377542],[35.316147,47.377571],[35.316169,47.377332],[35.315466,47.377292],[35.314259,47.377222],[35.314236,47.377461]]]}},{"type":"Feature","properties":{"cadnum":"2323381100:05:032:0016"},"geometry":{"type":"Polygon","coordinates":[[[35.315249,47.377233],[35.315466,47.377246],[35.315478,47.377246],[35.315638,47.377256],[35.315638,47.377255],[35.31571,47.377259],[35.315654,47.376114],[35.315577,47.376129],[35.315573,47.376277],[35.315573,47.376278],[35.315398,47.376274],[35.315406,47.37614],[35.31532,47.376137],[35.315249,47.377233]]]}},{"type":"Feature","properties":{"cadnum":"2323381100:05:032:0014"},"geometry":{"type":"Polygon","coordinates":[[[35.314217,47.377672],[35.315638,47.377753],[35.316128,47.37778],[35.316147,47.377571],[35.315466,47.377532],[35.314236,47.377461],[35.314217,47.377672]]]}},{"type":"Feature","properties":{"cadnum":"2323381100:05:032:0013"},"geometry":{"type":"Polygon","coordinates":[[[35.315654,47.376114],[35.315654,47.376138],[35.315655,47.376138],[35.31571,47.377259],[35.31608,47.377281],[35.315923,47.376069],[35.315859,47.37608],[35.315654,47.376114]]]}},{"type":"Feature","properties":{"cadnum":"2323381100:05:032:0019"},"geometry":{"type":"Polygon","coordinates":[[[35.314883,47.378927],[35.315399,47.379006],[35.315466,47.378804],[35.315545,47.378564],[35.315638,47.378284],[35.315638,47.378283],[35.315652,47.378238],[35.315471,47.378211],[35.315135,47.378159],[35.314883,47.378927]]]}},{"type":"Feature","properties":{"cadnum":"2323381100:03:014:0029"},"geometry":{"type":"Polygon","coordinates":[[[35.371681,47.388559],[35.375891,47.388769],[35.375891,47.38877],[35.375903,47.38877],[35.376038,47.38718],[35.376062,47.386898],[35.376062,47.386887],[35.376345,47.383577],[35.376661,47.379858],[35.376661,47.379857],[35.376662,47.379857],[35.376817,47.37804],[35.376891,47.376847],[35.376062,47.376824],[35.376062,47.376823],[35.371913,47.376703],[35.37185,47.379857],[35.37185,47.379858],[35.371778,47.383577],[35.371705,47.387296],[35.371706,47.387296],[35.371681,47.388559]]]}},{"type":"Feature","properties":{"cadnum":"2323381100:03:012:0018"},"geometry":{"type":"Polygon","coordinates":[[[35.37454,47.376478],[35.376062,47.376541],[35.376923,47.376575],[35.376959,47.376138],[35.37696,47.376138],[35.376973,47.375978],[35.375891,47.375934],[35.37459,47.375881],[35.374578,47.376021],[35.37454,47.376478]]]}},{"type":"Feature","properties":{"cadnum":"2323381100:04:011:0042"},"geometry":{"type":"Polygon","coordinates":[[[35.293322,47.338629],[35.293493,47.338644],[35.293493,47.338645],[35.296786,47.338926],[35.296787,47.338926],[35.297031,47.338947],[35.297032,47.338877],[35.297043,47.338492],[35.297051,47.33821],[35.296351,47.338138],[35.293665,47.337922],[35.293346,47.337895],[35.293322,47.338629]]]}},{"type":"Feature","properties":{"cadnum":"2323381100:04:011:0041"},"geometry":{"type":"Polygon","coordinates":[[[35.293297,47.339347],[35.293493,47.339364],[35.293493,47.339365],[35.297012,47.339666],[35.297031,47.338947],[35.295426,47.338809],[35.295422,47.338809],[35.293665,47.33866],[35.293665,47.338659],[35.293322,47.338629],[35.293315,47.338809],[35.293313,47.338859],[35.293311,47.338926],[35.293297,47.339347]]]}},{"type":"Feature","properties":{"cadnum":"2323381100:04:013:0025"},"geometry":{"type":"Polygon","coordinates":[[[35.305695,47.345166],[35.309973,47.345463],[35.312612,47.345646],[35.315466,47.345879],[35.315466,47.34588],[35.319544,47.346211],[35.319682,47.342648],[35.319783,47.340067],[35.315638,47.339736],[35.315638,47.339735],[35.310145,47.339295],[35.310144,47.339295],[35.305904,47.338955],[35.305803,47.341941],[35.305779,47.342648],[35.305695,47.345166]]]}},{"type":"Feature","properties":{"cadnum":"2323381100:04:014:0001"},"geometry":{"type":"Polygon","coordinates":[[[35.315552,47.346254],[35.315552,47.346259],[35.315643,47.346267],[35.316953,47.34637],[35.316954,47.34637],[35.319528,47.346574],[35.319542,47.346257],[35.315564,47.345931],[35.315552,47.346254]]]}},{"type":"Feature","properties":{"cadnum":"2323381100:04:014:0002"},"geometry":{"type":"Polygon","coordinates":[[[35.315526,47.346965],[35.315638,47.346974],[35.315638,47.346973],[35.319496,47.347278],[35.319528,47.346574],[35.315643,47.346267],[35.315552,47.346259],[35.315548,47.34637],[35.315526,47.346965]]]}},{"type":"Feature","properties":{"cadnum":"2323381100:04:013:0001"},"geometry":{"type":"Polygon","coordinates":[[[35.319542,47.346257],[35.319933,47.346276],[35.32001,47.342532],[35.320009,47.342532],[35.320061,47.340093],[35.319783,47.340067],[35.319681,47.342648],[35.319682,47.342648],[35.319542,47.346257]]]}},{"type":"Feature","properties":{"cadnum":"2323381100:01:029:0077"},"geometry":{"type":"Polygon","coordinates":[[[35.275072,47.367081],[35.277185,47.367242],[35.277186,47.367242],[35.279044,47.367382],[35.279062,47.366725],[35.277186,47.366584],[35.277185,47.366584],[35.275093,47.366425],[35.275079,47.366877],[35.275072,47.367081]]]}},{"type":"Feature","properties":{"cadnum":"2323381100:01:029:0076"},"geometry":{"type":"Polygon","coordinates":[[[35.275052,47.367738],[35.277014,47.367887],[35.279027,47.368039],[35.279044,47.367382],[35.277014,47.367229],[35.275072,47.367081],[35.27506,47.367493],[35.275052,47.367738]]]}},{"type":"Feature","properties":{"cadnum":"2323381100:01:029:0078"},"geometry":{"type":"Polygon","coordinates":[[[35.275093,47.366425],[35.277014,47.366571],[35.279062,47.366725],[35.279079,47.366068],[35.277186,47.365925],[35.277185,47.365925],[35.277185,47.365924],[35.275113,47.365767],[35.275099,47.366262],[35.275093,47.366425]]]}},{"type":"Feature","properties":{"cadnum":"2323381100:01:029:0079"},"geometry":{"type":"Polygon","coordinates":[[[35.275113,47.365767],[35.277014,47.365911],[35.277014,47.365912],[35.279079,47.366068],[35.279098,47.36541],[35.277014,47.365252],[35.277014,47.365253],[35.275134,47.365109],[35.275117,47.365647],[35.275113,47.365767]]]}},{"type":"Feature","properties":{"cadnum":"2323381100:01:032:0001"},"geometry":{"type":"Polygon","coordinates":[[[35.254267,47.379857],[35.254278,47.379857],[35.255041,47.37992],[35.255041,47.379921],[35.258079,47.380171],[35.258106,47.379741],[35.258105,47.379741],[35.258123,47.379471],[35.255213,47.37925],[35.254295,47.37918],[35.254272,47.379741],[35.254271,47.379741],[35.254267,47.379857]]]}},{"type":"Feature","properties":{"cadnum":"2323381100:01:012:0003"},"geometry":{"type":"Polygon","coordinates":[[[35.255281,47.349126],[35.259467,47.34942],[35.259473,47.349112],[35.255288,47.348818],[35.255281,47.349126]]]}},{"type":"Feature","properties":{"cadnum":"2323381100:01:012:0002"},"geometry":{"type":"Polygon","coordinates":[[[35.255274,47.349435],[35.259459,47.349728],[35.259465,47.34942],[35.255281,47.349126],[35.255274,47.349435]]]}},{"type":"Feature","properties":{"cadnum":"2323381100:01:012:0001"},"geometry":{"type":"Polygon","coordinates":[[[35.255266,47.349877],[35.258334,47.350092],[35.258335,47.350092],[35.259448,47.35017],[35.259451,47.350038],[35.259459,47.349728],[35.255274,47.349435],[35.255266,47.349877]]]}},{"type":"Feature","properties":{"cadnum":"2323381100:01:012:0007"},"geometry":{"type":"Polygon","coordinates":[[[35.255313,47.347587],[35.259504,47.34788],[35.259511,47.347572],[35.25532,47.347279],[35.255313,47.347587]]]}},{"type":"Feature","properties":{"cadnum":"2323381100:01:012:0004"},"geometry":{"type":"Polygon","coordinates":[[[35.255288,47.348818],[35.259473,47.349112],[35.259482,47.348804],[35.255295,47.34851],[35.255288,47.348818]]]}},{"type":"Feature","properties":{"cadnum":"2323381100:01:012:0005"},"geometry":{"type":"Polygon","coordinates":[[[35.255295,47.34851],[35.259482,47.348804],[35.259496,47.348188],[35.255308,47.347895],[35.255295,47.34851]]]}},{"type":"Feature","properties":{"cadnum":"2323381100:01:012:0009"},"geometry":{"type":"Polygon","coordinates":[[[35.255327,47.346972],[35.259519,47.347265],[35.259526,47.346957],[35.255333,47.346664],[35.255327,47.346972]]]}},{"type":"Feature","properties":{"cadnum":"2323381100:01:012:0008"},"geometry":{"type":"Polygon","coordinates":[[[35.25532,47.347279],[35.259511,47.347572],[35.259519,47.347265],[35.255327,47.346972],[35.25532,47.347279]]]}},{"type":"Feature","properties":{"cadnum":"2323381100:01:014:0020"},"geometry":{"type":"Polygon","coordinates":[[[35.255254,47.350259],[35.259428,47.350551],[35.259437,47.350243],[35.255866,47.349991],[35.255264,47.349949],[35.255263,47.349976],[35.255262,47.349976],[35.255261,47.350012],[35.255258,47.350092],[35.255259,47.350092],[35.255254,47.350259]]]}},{"type":"Feature","properties":{"cadnum":"2323381100:01:012:0006"},"geometry":{"type":"Polygon","coordinates":[[[35.255308,47.347895],[35.259496,47.348188],[35.259504,47.34788],[35.255313,47.347587],[35.255308,47.347895]]]}},{"type":"Feature","properties":{"cadnum":"2323381100:01:029:0067"},"geometry":{"type":"Polygon","coordinates":[[[35.270898,47.364709],[35.271521,47.364757],[35.274419,47.364977],[35.27442,47.364977],[35.275136,47.365031],[35.275142,47.364861],[35.275141,47.364861],[35.275141,47.36486],[35.275155,47.364435],[35.271635,47.364138],[35.270917,47.364077],[35.270898,47.364709]]]}},{"type":"Feature","properties":{"cadnum":"2323381100:01:029:0066"},"geometry":{"type":"Polygon","coordinates":[[[35.270878,47.365325],[35.271692,47.365387],[35.275117,47.365647],[35.275134,47.365109],[35.275136,47.365031],[35.272891,47.364861],[35.272886,47.364861],[35.271692,47.36477],[35.270898,47.364709],[35.270893,47.364861],[35.270892,47.364876],[35.270889,47.364977],[35.270878,47.365325]]]}},{"type":"Feature","properties":{"cadnum":"2323381100:01:025:0002"},"geometry":{"type":"Polygon","coordinates":[[[35.267945,47.363168],[35.271692,47.363485],[35.272262,47.363533],[35.272276,47.363169],[35.271521,47.363106],[35.267959,47.362805],[35.267945,47.363168]]]}},{"type":"Feature","properties":{"cadnum":"2323381100:01:026:0001"},"geometry":{"type":"Polygon","coordinates":[[[35.272286,47.363988],[35.275581,47.364271],[35.275618,47.363442],[35.272316,47.363157],[35.272286,47.363988]]]}},{"type":"Feature","properties":{"cadnum":"2323381100:01:026:0002"},"geometry":{"type":"Polygon","coordinates":[[[35.272316,47.363157],[35.275618,47.363442],[35.275653,47.362627],[35.272344,47.362343],[35.272316,47.363157]]]}},{"type":"Feature","properties":{"cadnum":"2323381100:01:025:0003"},"geometry":{"type":"Polygon","coordinates":[[[35.267959,47.362805],[35.271692,47.36312],[35.272276,47.363169],[35.272288,47.362814],[35.271529,47.36275],[35.267971,47.362449],[35.267959,47.362805]]]}},{"type":"Feature","properties":{"cadnum":"2323381100:01:025:0001"},"geometry":{"type":"Polygon","coordinates":[[[35.26793,47.363619],[35.271521,47.363923],[35.271538,47.363925],[35.271692,47.363938],[35.272246,47.363984],[35.272262,47.363533],[35.271521,47.363471],[35.267945,47.363168],[35.26793,47.363619]]]}},{"type":"Feature","properties":{"cadnum":"2323381100:01:025:0005"},"geometry":{"type":"Polygon","coordinates":[[[35.267985,47.362023],[35.271521,47.362322],[35.271521,47.362323],[35.271537,47.362324],[35.271692,47.362337],[35.272304,47.362388],[35.27232,47.361936],[35.271521,47.361869],[35.268002,47.361571],[35.267985,47.362023]]]}},{"type":"Feature","properties":{"cadnum":"2323381100:01:025:0004"},"geometry":{"type":"Polygon","coordinates":[[[35.267971,47.362449],[35.271521,47.362749],[35.271529,47.36275],[35.271692,47.362764],[35.272288,47.362814],[35.272304,47.362388],[35.271537,47.362324],[35.267985,47.362023],[35.267971,47.362449]]]}},{"type":"Feature","properties":{"cadnum":"2323381100:01:025:0007"},"geometry":{"type":"Polygon","coordinates":[[[35.268015,47.36114],[35.268015,47.361167],[35.271521,47.361464],[35.271532,47.361465],[35.271692,47.361479],[35.271692,47.361478],[35.272333,47.361532],[35.272345,47.361202],[35.271616,47.36114],[35.271607,47.36114],[35.271562,47.361136],[35.268026,47.360835],[35.268016,47.36114],[35.268015,47.36114]]]}},{"type":"Feature","properties":{"cadnum":"2323381100:01:026:0004"},"geometry":{"type":"Polygon","coordinates":[[[35.272371,47.361603],[35.276267,47.361938],[35.276278,47.361248],[35.276235,47.361244],[35.272395,47.360914],[35.272387,47.36114],[35.272371,47.361603]]]}},{"type":"Feature","properties":{"cadnum":"2323381100:01:026:0003"},"geometry":{"type":"Polygon","coordinates":[[[35.272344,47.362343],[35.275653,47.362627],[35.275666,47.362304],[35.27626,47.36233],[35.276267,47.361938],[35.272371,47.361603],[35.272344,47.362343]]]}},{"type":"Feature","properties":{"cadnum":"2323381100:01:025:0006"},"geometry":{"type":"Polygon","coordinates":[[[35.268002,47.361571],[35.271521,47.361869],[35.271692,47.361884],[35.272319,47.361936],[35.272333,47.361532],[35.271532,47.361465],[35.269066,47.361256],[35.268015,47.361167],[35.268011,47.361256],[35.268012,47.361256],[35.268002,47.361571]]]}},{"type":"Feature","properties":{"cadnum":"2323381100:01:025:0008"},"geometry":{"type":"Polygon","coordinates":[[[35.268026,47.360835],[35.271521,47.361132],[35.271521,47.361133],[35.271562,47.361136],[35.271692,47.361147],[35.272345,47.361202],[35.272356,47.360902],[35.271531,47.360833],[35.268036,47.360537],[35.268026,47.360835]]]}},{"type":"Feature","properties":{"cadnum":"2323381100:01:026:0005"},"geometry":{"type":"Polygon","coordinates":[[[35.272395,47.360914],[35.275021,47.36114],[35.276235,47.361244],[35.276278,47.361248],[35.276288,47.360555],[35.27242,47.360222],[35.272395,47.360914]]]}},{"type":"Feature","properties":{"cadnum":"2323381100:03:016:0014"},"geometry":{"type":"Polygon","coordinates":[[[35.36468,47.388107],[35.364904,47.388123],[35.36628,47.388219],[35.366323,47.387746],[35.364904,47.387699],[35.364904,47.3877],[35.364713,47.387693],[35.36468,47.388107]],[[35.365791,47.388165],[35.365791,47.388174],[35.365778,47.388174],[35.365777,47.388174],[35.365777,47.388165],[35.365778,47.388165],[35.365791,47.388165]]]}},{"type":"Feature","properties":{"cadnum":"2323381100:03:016:7601"},"geometry":{"type":"Polygon","coordinates":[[[35.361639,47.387782],[35.361639,47.3878],[35.361666,47.3878],[35.361666,47.387782],[35.361639,47.387782]]]}},{"type":"Feature","properties":{"cadnum":"2323381100:03:016:0047"},"geometry":{"type":"Polygon","coordinates":[[[35.360047,47.387189],[35.361686,47.387238],[35.362899,47.387274],[35.363621,47.387296],[35.364703,47.387329],[35.364713,47.38718],[35.364729,47.386944],[35.360109,47.386806],[35.360048,47.38718],[35.360047,47.387189]]]}},{"type":"Feature","properties":{"cadnum":"2323381100:03:016:0049"},"geometry":{"type":"Polygon","coordinates":[[[35.362854,47.38796],[35.363358,47.387998],[35.364651,47.388095],[35.364703,47.387329],[35.362899,47.387274],[35.362854,47.38796]]]}},{"type":"Feature","properties":{"cadnum":"2323381100:03:016:0048"},"geometry":{"type":"Polygon","coordinates":[[[35.35996,47.387741],[35.361637,47.387868],[35.362854,47.38796],[35.362899,47.387274],[35.361686,47.387238],[35.360047,47.387189],[35.360029,47.387296],[35.36003,47.387296],[35.35996,47.387741]],[[35.361666,47.387782],[35.361666,47.3878],[35.361639,47.3878],[35.361639,47.387782],[35.361666,47.387782]]]}},{"type":"Feature","properties":{"cadnum":"2323381100:02:003:0004"},"geometry":{"type":"Polygon","coordinates":[[[35.292619,47.362372],[35.293665,47.36246],[35.296247,47.362676],[35.296252,47.361895],[35.293493,47.361663],[35.292642,47.361591],[35.292619,47.362372]]]}},{"type":"Feature","properties":{"cadnum":"2323381100:02:003:0001"},"geometry":{"type":"Polygon","coordinates":[[[35.292528,47.365473],[35.293665,47.365556],[35.296228,47.365743],[35.296233,47.364861],[35.296233,47.36486],[35.296237,47.364227],[35.293525,47.364],[35.292573,47.363919],[35.292541,47.364977],[35.292542,47.364977],[35.292528,47.365473]]]}},{"type":"Feature","properties":{"cadnum":"2323381100:02:003:0003"},"geometry":{"type":"Polygon","coordinates":[[[35.292596,47.363147],[35.293665,47.363237],[35.296243,47.363453],[35.296247,47.362676],[35.293493,47.362445],[35.292619,47.362372],[35.292596,47.363147]]]}},{"type":"Feature","properties":{"cadnum":"2323381100:02:003:0005"},"geometry":{"type":"Polygon","coordinates":[[[35.292642,47.361591],[35.293665,47.361678],[35.293665,47.361677],[35.296252,47.361895],[35.296255,47.361256],[35.296256,47.361256],[35.296257,47.361109],[35.293493,47.360877],[35.292664,47.360807],[35.292655,47.36114],[35.292654,47.36114],[35.292642,47.361591]]]}},{"type":"Feature","properties":{"cadnum":"2323381100:02:003:0002"},"geometry":{"type":"Polygon","coordinates":[[[35.292573,47.363919],[35.293493,47.363998],[35.293525,47.364],[35.293665,47.364012],[35.296237,47.364227],[35.296243,47.363453],[35.293493,47.363223],[35.292596,47.363147],[35.292573,47.363919]]]}},{"type":"Feature","properties":{"cadnum":"2323381100:05:035:0002"},"geometry":{"type":"Polygon","coordinates":[[[35.323526,47.378503],[35.324525,47.378672],[35.324608,47.378402],[35.323619,47.378207],[35.323526,47.378503]]]}},{"type":"Feature","properties":{"cadnum":"2323381100:05:038:0025"},"geometry":{"type":"Polygon","coordinates":[[[35.323141,47.378751],[35.324602,47.378923],[35.324647,47.378808],[35.323144,47.378631],[35.323141,47.378751]]]}},{"type":"Feature","properties":{"cadnum":"2323381100:05:036:0016"},"geometry":{"type":"Polygon","coordinates":[[[35.325542,47.379595],[35.326302,47.379702],[35.326452,47.379724],[35.326498,47.37973],[35.326624,47.379748],[35.3269,47.379787],[35.326934,47.379425],[35.326527,47.379371],[35.325665,47.379257],[35.325542,47.379595]]]}},{"type":"Feature","properties":{"cadnum":"2323381100:05:036:0010"},"geometry":{"type":"Polygon","coordinates":[[[35.324695,47.379477],[35.325542,47.379595],[35.325665,47.379257],[35.324817,47.379145],[35.324695,47.379477]]]}},{"type":"Feature","properties":{"cadnum":"2323381100:05:035:0001"},"geometry":{"type":"Polygon","coordinates":[[[35.323023,47.378419],[35.323526,47.378504],[35.323619,47.378207],[35.323618,47.378207],[35.323081,47.378102],[35.323023,47.378419]]]}},{"type":"Feature","properties":{"cadnum":"2323381100:05:036:0001"},"geometry":{"type":"Polygon","coordinates":[[[35.324817,47.379145],[35.325665,47.379257],[35.326452,47.379361],[35.326452,47.379362],[35.326527,47.379371],[35.326586,47.379205],[35.324883,47.378962],[35.324817,47.379145]]]}},{"type":"Feature","properties":{"cadnum":"2323381100:05:036:0002"},"geometry":{"type":"Polygon","coordinates":[[[35.326,47.378039],[35.326452,47.3781],[35.326452,47.378101],[35.32662,47.378123],[35.326624,47.378112],[35.326759,47.377736],[35.326624,47.377719],[35.326138,47.377656],[35.326,47.378039]]]}},{"type":"Feature","properties":{"cadnum":"2323381100:05:038:0016"},"geometry":{"type":"Polygon","coordinates":[[[35.323801,47.376981],[35.325099,47.377092],[35.325169,47.376881],[35.32388,47.376745],[35.323801,47.376981]]]}},{"type":"Feature","properties":{"cadnum":"2323381100:05:036:0003"},"geometry":{"type":"Polygon","coordinates":[[[35.325256,47.37794],[35.326,47.378039],[35.326138,47.377656],[35.325394,47.37756],[35.325256,47.37794]]]}},{"type":"Feature","properties":{"cadnum":"2323381100:05:038:0003"},"geometry":{"type":"Polygon","coordinates":[[[35.323095,47.377394],[35.324923,47.377601],[35.324976,47.377447],[35.323114,47.377237],[35.323095,47.377394]]]}},{"type":"Feature","properties":{"cadnum":"2323381100:05:038:0014"},"geometry":{"type":"Polygon","coordinates":[[[35.323227,47.376932],[35.323801,47.376981],[35.32388,47.376745],[35.323305,47.376685],[35.323227,47.376932]]]}},{"type":"Feature","properties":{"cadnum":"2323381100:05:036:0009"},"geometry":{"type":"Polygon","coordinates":[[[35.325672,47.376332],[35.326624,47.376371],[35.327189,47.376394],[35.327203,47.376173],[35.326481,47.376151],[35.326199,47.376142],[35.325689,47.376127],[35.325672,47.376332]]]}},{"type":"Feature","properties":{"cadnum":"2323381100:05:038:0018"},"geometry":{"type":"Polygon","coordinates":[[[35.324186,47.376675],[35.325281,47.376776],[35.325391,47.376787],[35.325416,47.376541],[35.324215,47.376438],[35.324186,47.376675]]]}},{"type":"Feature","properties":{"cadnum":"2323381100:05:038:0010"},"geometry":{"type":"Polygon","coordinates":[[[35.323478,47.376607],[35.324186,47.376675],[35.324215,47.376438],[35.323505,47.376379],[35.323478,47.376607]]]}},{"type":"Feature","properties":{"cadnum":"2323381100:05:036:0004"},"geometry":{"type":"Polygon","coordinates":[[[35.325653,47.376559],[35.326624,47.376599],[35.327174,47.376621],[35.327189,47.376394],[35.326452,47.376364],[35.325672,47.376332],[35.325653,47.376559]]]}},{"type":"Feature","properties":{"cadnum":"2323381100:05:028:0016"},"geometry":{"type":"Polygon","coordinates":[[[35.319639,47.372881],[35.320061,47.372923],[35.320229,47.372399],[35.320276,47.372255],[35.319855,47.372174],[35.31978,47.372418],[35.319781,47.372418],[35.319639,47.372881]]]}},{"type":"Feature","properties":{"cadnum":"2323381100:05:028:0004"},"geometry":{"type":"Polygon","coordinates":[[[35.316322,47.371499],[35.317027,47.371574],[35.317075,47.371349],[35.317829,47.371435],[35.317856,47.371311],[35.316336,47.371126],[35.316322,47.371499]]]}},{"type":"Feature","properties":{"cadnum":"2323381100:05:028:0015"},"geometry":{"type":"Polygon","coordinates":[[[35.320061,47.372923],[35.320168,47.372933],[35.321037,47.3724],[35.321029,47.372399],[35.320276,47.372255],[35.320261,47.372301],[35.32026,47.372301],[35.320229,47.372399],[35.320223,47.372418],[35.320061,47.372923]]]}},{"type":"Feature","properties":{"cadnum":"2323381100:05:028:0007"},"geometry":{"type":"Polygon","coordinates":[[[35.315541,47.371417],[35.315638,47.371428],[35.315638,47.371427],[35.316322,47.371499],[35.316336,47.371126],[35.315556,47.371031],[35.315541,47.371417]]]}},{"type":"Feature","properties":{"cadnum":"2323381100:05:028:0020"},"geometry":{"type":"Polygon","coordinates":[[[35.318139,47.371574],[35.319568,47.371724],[35.319696,47.371312],[35.319586,47.371308],[35.318301,47.371143],[35.318139,47.371574]]]}},{"type":"Feature","properties":{"cadnum":"2323381100:02:008:0011"},"geometry":{"type":"Polygon","coordinates":[[[35.314986,47.368614],[35.315466,47.368655],[35.315466,47.368656],[35.315753,47.36868],[35.315754,47.36868],[35.315967,47.367071],[35.315638,47.367043],[35.315199,47.367005],[35.31499,47.368581],[35.314986,47.368614]]]}},{"type":"Feature","properties":{"cadnum":"2323381100:02:008:0006"},"geometry":{"type":"Polygon","coordinates":[[[35.314947,47.370583],[35.315466,47.370644],[35.315466,47.370645],[35.315617,47.370662],[35.315638,47.370509],[35.315837,47.368993],[35.315717,47.368965],[35.315749,47.368725],[35.315574,47.36871],[35.315198,47.368677],[35.314947,47.370583]]]}},{"type":"Feature","properties":{"cadnum":"2323381100:02:008:0017"},"geometry":{"type":"Polygon","coordinates":[[[35.319503,47.369682],[35.320008,47.369751],[35.320146,47.368697],[35.320314,47.367431],[35.319807,47.367376],[35.319631,47.368697],[35.319632,47.368697],[35.319632,47.368698],[35.319503,47.369682]]]}},{"type":"Feature","properties":{"cadnum":"2323381100:02:008:0018"},"geometry":{"type":"Polygon","coordinates":[[[35.320008,47.369751],[35.320511,47.36982],[35.320658,47.368697],[35.320659,47.368697],[35.320818,47.367487],[35.320314,47.367431],[35.320162,47.368581],[35.320161,47.368581],[35.320008,47.369751]]]}},{"type":"Feature","properties":{"cadnum":"2323381100:02:008:0016"},"geometry":{"type":"Polygon","coordinates":[[[35.318738,47.369578],[35.319503,47.369682],[35.319647,47.368581],[35.319807,47.367376],[35.31904,47.367291],[35.318854,47.368697],[35.318854,47.368698],[35.318738,47.369578]]]}},{"type":"Feature","properties":{"cadnum":"2323381100:02:008:0013"},"geometry":{"type":"Polygon","coordinates":[[[35.316668,47.369295],[35.317449,47.369402],[35.317542,47.368697],[35.317747,47.36715],[35.316961,47.367064],[35.316745,47.368697],[35.316746,47.368697],[35.316746,47.368698],[35.316668,47.369295]]]}},{"type":"Feature","properties":{"cadnum":"2323381100:02:008:0015"},"geometry":{"type":"Polygon","coordinates":[[[35.317967,47.369473],[35.318738,47.369578],[35.31887,47.368581],[35.318869,47.368581],[35.31904,47.367291],[35.318266,47.367207],[35.318084,47.368581],[35.317967,47.369473]]]}},{"type":"Feature","properties":{"cadnum":"2323381100:02:008:0014"},"geometry":{"type":"Polygon","coordinates":[[[35.317449,47.369402],[35.317967,47.369473],[35.318069,47.368697],[35.318266,47.367207],[35.317747,47.36715],[35.317557,47.368581],[35.317449,47.369402]]]}},{"type":"Feature","properties":{"cadnum":"2323381100:02:008:0012"},"geometry":{"type":"Polygon","coordinates":[[[35.315878,47.369187],[35.316668,47.369295],[35.316761,47.368581],[35.316961,47.367064],[35.316169,47.366977],[35.315957,47.368581],[35.315878,47.369187]]]}},{"type":"Feature","properties":{"cadnum":"2323381100:03:012:0026"},"geometry":{"type":"Polygon","coordinates":[[[35.375002,47.370891],[35.376062,47.370934],[35.377385,47.370987],[35.377446,47.370241],[35.376062,47.370185],[35.376062,47.370184],[35.375063,47.370143],[35.375004,47.370868],[35.375002,47.370891]]]}},{"type":"Feature","properties":{"cadnum":"2323381100:03:012:0028"},"geometry":{"type":"Polygon","coordinates":[[[35.375105,47.369637],[35.376062,47.369677],[35.376062,47.369676],[35.377489,47.369734],[35.377551,47.368987],[35.375891,47.36892],[35.375167,47.36889],[35.375154,47.369052],[35.375113,47.369553],[35.375105,47.369637]]]}},{"type":"Feature","properties":{"cadnum":"2323381100:03:012:7607"},"geometry":{"type":"Polygon","coordinates":[[[35.377519,47.368957],[35.377519,47.368975],[35.377546,47.368975],[35.377546,47.368957],[35.377519,47.368957]]]}},{"type":"Feature","properties":{"cadnum":"2323381100:03:012:0027"},"geometry":{"type":"Polygon","coordinates":[[[35.375063,47.370143],[35.375891,47.370177],[35.375891,47.370178],[35.377446,47.370241],[35.377457,47.370108],[35.377489,47.369734],[35.375891,47.369669],[35.375105,47.369637],[35.375065,47.370138],[35.375063,47.370143]],[[35.377453,47.370089],[35.377453,47.370107],[35.377426,47.370107],[35.377426,47.370089],[35.377453,47.370089]]]}},{"type":"Feature","properties":{"cadnum":"2323381100:03:012:0025"},"geometry":{"type":"Polygon","coordinates":[[[35.37494,47.371637],[35.376062,47.371684],[35.376062,47.371683],[35.377323,47.371735],[35.377366,47.371218],[35.377385,47.370987],[35.375891,47.370927],[35.375002,47.370891],[35.374944,47.371598],[35.37494,47.371637]],[[35.377354,47.37122],[35.377354,47.371238],[35.377327,47.371238],[35.377327,47.37122],[35.377354,47.37122]]]}},{"type":"Feature","properties":{"cadnum":"2323381100:03:012:0024"},"geometry":{"type":"Polygon","coordinates":[[[35.374878,47.372385],[35.374881,47.372385],[35.376062,47.372434],[35.377261,47.372482],[35.377273,47.372345],[35.377323,47.371735],[35.375891,47.371677],[35.37494,47.371637],[35.374886,47.372301],[35.374885,47.372301],[35.374884,47.37233],[35.374881,47.37236],[35.374878,47.372385]],[[35.377261,47.372363],[35.377235,47.372363],[35.377235,47.372346],[35.377261,47.372346],[35.377261,47.372363]]]}},{"type":"Feature","properties":{"cadnum":"2323381100:03:012:0029"},"geometry":{"type":"Polygon","coordinates":[[[35.375167,47.36889],[35.376062,47.368927],[35.377551,47.368987],[35.377552,47.368957],[35.377574,47.368697],[35.377613,47.36824],[35.375891,47.368171],[35.375228,47.368143],[35.375195,47.36855],[35.375181,47.368697],[35.375182,47.368697],[35.375182,47.368698],[35.375167,47.36889]],[[35.377546,47.368975],[35.377519,47.368975],[35.377519,47.368957],[35.377546,47.368957],[35.377546,47.368975]]]}},{"type":"Feature","properties":{"cadnum":"2323381100:03:012:7604"},"geometry":{"type":"Polygon","coordinates":[[[35.377235,47.372346],[35.377235,47.372363],[35.377261,47.372363],[35.377261,47.372346],[35.377235,47.372346]]]}},{"type":"Feature","properties":{"cadnum":"2323381100:01:028:0014"},"geometry":{"type":"Polygon","coordinates":[[[35.280459,47.360943],[35.282507,47.361106],[35.284394,47.361256],[35.285616,47.361353],[35.285617,47.361256],[35.28562,47.361102],[35.282679,47.360868],[35.28047,47.360692],[35.280459,47.360943]]]}},{"type":"Feature","properties":{"cadnum":"2323381100:01:027:0008"},"geometry":{"type":"Polygon","coordinates":[[[35.276366,47.360651],[35.277185,47.360719],[35.277186,47.360719],[35.280341,47.360979],[35.280356,47.360655],[35.277014,47.360378],[35.277014,47.360379],[35.27637,47.360325],[35.276366,47.360651]]]}},{"type":"Feature","properties":{"cadnum":"2323381100:01:027:0016"},"geometry":{"type":"Polygon","coordinates":[[[35.276393,47.358869],[35.277185,47.358935],[35.277186,47.358935],[35.280419,47.359201],[35.280427,47.35904],[35.277186,47.358773],[35.277185,47.358773],[35.277185,47.358772],[35.276396,47.358707],[35.276393,47.358869]]]}},{"type":"Feature","properties":{"cadnum":"2323381100:01:027:0005"},"geometry":{"type":"Polygon","coordinates":[[[35.276381,47.359675],[35.277185,47.359743],[35.277185,47.359742],[35.277186,47.359742],[35.280384,47.360007],[35.280399,47.359684],[35.277186,47.359419],[35.277185,47.359419],[35.277185,47.359418],[35.276386,47.359352],[35.276381,47.359675]]]}},{"type":"Feature","properties":{"cadnum":"2323381100:01:027:0001"},"geometry":{"type":"Polygon","coordinates":[[[35.276412,47.358387],[35.277185,47.358452],[35.277185,47.358451],[35.277186,47.358451],[35.28044,47.358721],[35.280459,47.358402],[35.277014,47.358114],[35.276418,47.358064],[35.276412,47.358387]]]}},{"type":"Feature","properties":{"cadnum":"2323381100:01:027:0003"},"geometry":{"type":"Polygon","coordinates":[[[35.27639,47.359029],[35.277185,47.359096],[35.277185,47.359095],[35.277186,47.359095],[35.280412,47.359362],[35.280419,47.359201],[35.277014,47.35892],[35.277014,47.358921],[35.276393,47.358869],[35.27639,47.359029]]]}},{"type":"Feature","properties":{"cadnum":"2323381100:01:027:0004"},"geometry":{"type":"Polygon","coordinates":[[[35.276386,47.359352],[35.277014,47.359404],[35.277014,47.359405],[35.280399,47.359684],[35.280412,47.359362],[35.277014,47.359081],[35.27639,47.359029],[35.276386,47.359352]]]}},{"type":"Feature","properties":{"cadnum":"2323381100:01:027:0007"},"geometry":{"type":"Polygon","coordinates":[[[35.27637,47.360325],[35.277185,47.360393],[35.277186,47.360393],[35.280356,47.360655],[35.280369,47.36033],[35.277186,47.360067],[35.277185,47.360067],[35.276375,47.36],[35.27637,47.360325]]]}},{"type":"Feature","properties":{"cadnum":"2323381100:01:027:0006"},"geometry":{"type":"Polygon","coordinates":[[[35.276375,47.36],[35.277014,47.360053],[35.280369,47.36033],[35.280384,47.360007],[35.277014,47.359728],[35.276381,47.359675],[35.276375,47.36]]]}},{"type":"Feature","properties":{"cadnum":"2323381100:01:027:0002"},"geometry":{"type":"Polygon","coordinates":[[[35.276396,47.358707],[35.277014,47.358758],[35.277014,47.358759],[35.280427,47.35904],[35.28044,47.358721],[35.277014,47.358437],[35.276401,47.358386],[35.276396,47.358707]]]}},{"type":"Feature","properties":{"cadnum":"2323381100:01:028:0021"},"geometry":{"type":"Polygon","coordinates":[[[35.280534,47.359178],[35.282507,47.359336],[35.282661,47.359348],[35.282679,47.359349],[35.285644,47.359584],[35.285652,47.359077],[35.282679,47.35884],[35.280556,47.358671],[35.280534,47.359178]]]}},{"type":"Feature","properties":{"cadnum":"2323381100:01:028:0016"},"geometry":{"type":"Polygon","coordinates":[[[35.280481,47.36044],[35.282507,47.360602],[35.285624,47.36085],[35.285628,47.360597],[35.282679,47.360363],[35.280491,47.360189],[35.280481,47.36044]]]}},{"type":"Feature","properties":{"cadnum":"2323381100:01:028:0015"},"geometry":{"type":"Polygon","coordinates":[[[35.28047,47.360692],[35.282507,47.360854],[35.282507,47.360855],[35.28562,47.361102],[35.285624,47.36085],[35.282679,47.360616],[35.280481,47.36044],[35.28047,47.360692]]]}},{"type":"Feature","properties":{"cadnum":"2323381100:01:019:0012"},"geometry":{"type":"Polygon","coordinates":[[[35.276424,47.35798],[35.277185,47.358045],[35.277185,47.358044],[35.277186,47.358044],[35.278942,47.358191],[35.278953,47.357898],[35.278962,47.357667],[35.277186,47.357523],[35.277185,47.357523],[35.277185,47.357522],[35.27644,47.357462],[35.276437,47.357535],[35.276438,47.357535],[35.276424,47.35798]]]}},{"type":"Feature","properties":{"cadnum":"2323381100:01:033:0001"},"geometry":{"type":"Polygon","coordinates":[[[35.278942,47.358191],[35.282679,47.358503],[35.282679,47.358502],[35.283021,47.358531],[35.283031,47.358228],[35.282679,47.3582],[35.278953,47.357898],[35.278942,47.358191]]]}},{"type":"Feature","properties":{"cadnum":"2323381100:01:028:0022"},"geometry":{"type":"Polygon","coordinates":[[[35.280556,47.358671],[35.282507,47.358827],[35.285652,47.359077],[35.285656,47.358822],[35.282667,47.358585],[35.280566,47.358417],[35.280556,47.358671]]]}},{"type":"Feature","properties":{"cadnum":"2323381100:01:028:0020"},"geometry":{"type":"Polygon","coordinates":[[[35.280523,47.359432],[35.282507,47.35959],[35.282605,47.359598],[35.282679,47.359604],[35.28564,47.359838],[35.285644,47.359584],[35.282661,47.359348],[35.280534,47.359178],[35.280523,47.359432]]]}},{"type":"Feature","properties":{"cadnum":"2323381100:01:028:0019"},"geometry":{"type":"Polygon","coordinates":[[[35.280513,47.359684],[35.282507,47.359843],[35.285636,47.360092],[35.28564,47.359839],[35.282679,47.359604],[35.280523,47.359432],[35.280513,47.359684]]]}},{"type":"Feature","properties":{"cadnum":"2323381100:01:028:0018"},"geometry":{"type":"Polygon","coordinates":[[[35.280502,47.359937],[35.282507,47.360097],[35.282672,47.36011],[35.282679,47.36011],[35.285632,47.360345],[35.285636,47.360092],[35.282679,47.359857],[35.280513,47.359684],[35.280502,47.359937]]]}},{"type":"Feature","properties":{"cadnum":"2323381100:01:028:0017"},"geometry":{"type":"Polygon","coordinates":[[[35.28049,47.360189],[35.282507,47.360349],[35.285628,47.360597],[35.285632,47.360345],[35.282671,47.36011],[35.280501,47.359937],[35.28049,47.360189]]]}},{"type":"Feature","properties":{"cadnum":"2323381100:01:032:0007"},"geometry":{"type":"Polygon","coordinates":[[[35.25444,47.37578],[35.255041,47.375826],[35.258338,47.376077],[35.258358,47.375764],[35.25838,47.375405],[35.255213,47.375164],[35.254468,47.375107],[35.25444,47.37578]]]}},{"type":"Feature","properties":{"cadnum":"2323381100:01:032:0006"},"geometry":{"type":"Polygon","coordinates":[[[35.254411,47.376456],[35.255213,47.376517],[35.258296,47.376751],[35.258311,47.3765],[35.258338,47.376077],[35.258331,47.376076],[35.257609,47.376021],[35.255213,47.375839],[35.25444,47.37578],[35.254424,47.376138],[35.254425,47.376138],[35.254411,47.376456]]]}},{"type":"Feature","properties":{"cadnum":"2323381100:01:032:0010"},"geometry":{"type":"Polygon","coordinates":[[[35.254525,47.373769],[35.255041,47.373809],[35.258465,47.374069],[35.258498,47.373555],[35.258508,47.373405],[35.255041,47.373141],[35.254553,47.373103],[35.254525,47.373769]]]}},{"type":"Feature","properties":{"cadnum":"2323381100:01:032:0011"},"geometry":{"type":"Polygon","coordinates":[[[35.254553,47.373103],[35.255213,47.373154],[35.258508,47.373405],[35.258544,47.372819],[35.258549,47.372743],[35.255041,47.372476],[35.254581,47.37244],[35.254553,47.373103]]]}},{"type":"Feature","properties":{"cadnum":"2323381100:01:032:0008"},"geometry":{"type":"Polygon","coordinates":[[[35.254468,47.375107],[35.255041,47.375151],[35.25838,47.375405],[35.258405,47.375028],[35.258423,47.374736],[35.255041,47.374479],[35.255041,47.37448],[35.254497,47.374438],[35.254468,47.375107]]]}},{"type":"Feature","properties":{"cadnum":"2323381100:01:032:0009"},"geometry":{"type":"Polygon","coordinates":[[[35.254497,47.374438],[35.255213,47.374493],[35.255213,47.374492],[35.258423,47.374736],[35.258452,47.374291],[35.258465,47.374069],[35.255213,47.373822],[35.254525,47.373769],[35.254497,47.374438]]]}},{"type":"Feature","properties":{"cadnum":"2323381100:01:005:0014"},"geometry":{"type":"Polygon","coordinates":[[[35.255567,47.340422],[35.258004,47.340592],[35.258028,47.340077],[35.255592,47.33987],[35.255592,47.339871],[35.255567,47.340422]]]}},{"type":"Feature","properties":{"cadnum":"2323381100:01:005:0008"},"geometry":{"type":"Polygon","coordinates":[[[35.255482,47.342276],[35.259685,47.34257],[35.2597,47.342261],[35.255496,47.341967],[35.255482,47.342276]]]}},{"type":"Feature","properties":{"cadnum":"2323381100:01:004:0002"},"geometry":{"type":"Polygon","coordinates":[[[35.255598,47.339783],[35.258861,47.340073],[35.258873,47.339644],[35.255608,47.339415],[35.255598,47.339783]]]}},{"type":"Feature","properties":{"cadnum":"2323381100:01:005:0012"},"geometry":{"type":"Polygon","coordinates":[[[35.255539,47.34104],[35.259743,47.341334],[35.259758,47.341024],[35.255553,47.340731],[35.255539,47.34104]]]}},{"type":"Feature","properties":{"cadnum":"2323381100:01:005:0010"},"geometry":{"type":"Polygon","coordinates":[[[35.255511,47.341658],[35.259714,47.341952],[35.259728,47.341643],[35.255525,47.341349],[35.255511,47.341658]]]}},{"type":"Feature","properties":{"cadnum":"2323381100:01:005:0009"},"geometry":{"type":"Polygon","coordinates":[[[35.255496,47.341967],[35.2597,47.342261],[35.259714,47.341952],[35.255511,47.341658],[35.255496,47.341967]]]}},{"type":"Feature","properties":{"cadnum":"2323381100:01:005:0015"},"geometry":{"type":"Polygon","coordinates":[[[35.258004,47.340592],[35.259771,47.340716],[35.259794,47.340227],[35.258028,47.340077],[35.258004,47.340592]]]}},{"type":"Feature","properties":{"cadnum":"2323381100:01:004:0001"},"geometry":{"type":"Polygon","coordinates":[[[35.258861,47.340073],[35.259799,47.340156],[35.259813,47.339709],[35.258873,47.339644],[35.258861,47.340073]]]}},{"type":"Feature","properties":{"cadnum":"2323381100:01:005:0013"},"geometry":{"type":"Polygon","coordinates":[[[35.255553,47.340731],[35.259758,47.341024],[35.259771,47.340716],[35.258004,47.340592],[35.255567,47.340422],[35.255553,47.340731]]]}},{"type":"Feature","properties":{"cadnum":"2323381100:01:005:0011"},"geometry":{"type":"Polygon","coordinates":[[[35.255525,47.341349],[35.259728,47.341643],[35.259743,47.341334],[35.255539,47.34104],[35.255525,47.341349]]]}},{"type":"Feature","properties":{"cadnum":"2323381100:01:018:0011"},"geometry":{"type":"Polygon","coordinates":[[[35.272604,47.354136],[35.276451,47.354448],[35.27646,47.354112],[35.272612,47.3538],[35.272604,47.354136]]]}},{"type":"Feature","properties":{"cadnum":"2323381100:01:018:0008"},"geometry":{"type":"Polygon","coordinates":[[[35.27258,47.355145],[35.27642,47.355455],[35.27643,47.355119],[35.272588,47.354809],[35.27258,47.355145]]]}},{"type":"Feature","properties":{"cadnum":"2323381100:01:018:0009"},"geometry":{"type":"Polygon","coordinates":[[[35.272588,47.354809],[35.27643,47.355119],[35.27644,47.354783],[35.272596,47.354472],[35.272588,47.354809]]]}},{"type":"Feature","properties":{"cadnum":"2323381100:01:018:0006"},"geometry":{"type":"Polygon","coordinates":[[[35.272557,47.356155],[35.27639,47.356466],[35.2764,47.356129],[35.272565,47.355819],[35.272557,47.356155]]]}},{"type":"Feature","properties":{"cadnum":"2323381100:01:018:0007"},"geometry":{"type":"Polygon","coordinates":[[[35.272565,47.355819],[35.2764,47.356129],[35.27642,47.355455],[35.27258,47.355145],[35.272565,47.355819]]]}},{"type":"Feature","properties":{"cadnum":"2323381100:01:018:0002"},"geometry":{"type":"Polygon","coordinates":[[[35.273727,47.357755],[35.276345,47.357974],[35.276359,47.357478],[35.273737,47.357265],[35.273734,47.357419],[35.273733,47.357419],[35.273733,47.357461],[35.273731,47.357535],[35.273727,47.357755]]]}},{"type":"Feature","properties":{"cadnum":"2323381100:01:018:0001"},"geometry":{"type":"Polygon","coordinates":[[[35.272521,47.357655],[35.273727,47.357755],[35.273733,47.357461],[35.273737,47.357265],[35.272533,47.357168],[35.272527,47.357419],[35.272526,47.357419],[35.272524,47.357521],[35.272524,47.357535],[35.272521,47.357655]]]}},{"type":"Feature","properties":{"cadnum":"2323381100:01:018:0003"},"geometry":{"type":"Polygon","coordinates":[[[35.272533,47.357168],[35.273737,47.357265],[35.27563,47.357419],[35.276359,47.357478],[35.27637,47.35714],[35.272541,47.35683],[35.272533,47.357168]]]}},{"type":"Feature","properties":{"cadnum":"2323381100:01:018:0005"},"geometry":{"type":"Polygon","coordinates":[[[35.272549,47.356493],[35.276379,47.356803],[35.27639,47.356466],[35.272557,47.356155],[35.272549,47.356493]]]}},{"type":"Feature","properties":{"cadnum":"2323381100:01:018:0010"},"geometry":{"type":"Polygon","coordinates":[[[35.272596,47.354472],[35.27644,47.354783],[35.276451,47.354448],[35.272604,47.354136],[35.272596,47.354472]]]}},{"type":"Feature","properties":{"cadnum":"2323381100:01:018:0004"},"geometry":{"type":"Polygon","coordinates":[[[35.272541,47.35683],[35.27637,47.35714],[35.276379,47.356803],[35.272549,47.356493],[35.272541,47.35683]]]}},{"type":"Feature","properties":{"cadnum":"2323381100:01:017:0014"},"geometry":{"type":"Polygon","coordinates":[[[35.268263,47.355341],[35.271521,47.355569],[35.272501,47.355637],[35.272506,47.355332],[35.271692,47.355276],[35.271692,47.355275],[35.268272,47.355036],[35.268263,47.355341]]]}},{"type":"Feature","properties":{"cadnum":"2323381100:01:017:0012"},"geometry":{"type":"Polygon","coordinates":[[[35.268283,47.35473],[35.271692,47.354969],[35.272512,47.355026],[35.272517,47.35472],[35.271692,47.354663],[35.268294,47.354425],[35.268283,47.35473]]]}},{"type":"Feature","properties":{"cadnum":"2323381100:01:017:0016"},"geometry":{"type":"Polygon","coordinates":[[[35.268231,47.356253],[35.271521,47.356483],[35.272486,47.35655],[35.272492,47.356247],[35.271692,47.356191],[35.268242,47.35595],[35.268231,47.356253]]]}},{"type":"Feature","properties":{"cadnum":"2323381100:01:017:0013"},"geometry":{"type":"Polygon","coordinates":[[[35.268272,47.355036],[35.271521,47.355263],[35.271521,47.355264],[35.272506,47.355332],[35.272512,47.355026],[35.271521,47.354957],[35.268283,47.35473],[35.268272,47.355036]]]}},{"type":"Feature","properties":{"cadnum":"2323381100:01:017:0015"},"geometry":{"type":"Polygon","coordinates":[[[35.268242,47.35595],[35.271521,47.356179],[35.272492,47.356247],[35.272501,47.355637],[35.271692,47.355581],[35.268263,47.355341],[35.268242,47.35595]]]}},{"type":"Feature","properties":{"cadnum":"2323381100:01:017:0011"},"geometry":{"type":"Polygon","coordinates":[[[35.268294,47.354425],[35.271521,47.354651],[35.272517,47.35472],[35.272521,47.354413],[35.271692,47.354356],[35.268305,47.354119],[35.268294,47.354425]]]}},{"type":"Feature","properties":{"cadnum":"2323381100:01:017:0017"},"geometry":{"type":"Polygon","coordinates":[[[35.26822,47.356557],[35.271521,47.356788],[35.272481,47.356855],[35.272486,47.35655],[35.271692,47.356495],[35.268231,47.356253],[35.26822,47.356557]]]}},{"type":"Feature","properties":{"cadnum":"2323381100:01:017:0010"},"geometry":{"type":"Polygon","coordinates":[[[35.268305,47.354119],[35.271521,47.354344],[35.272521,47.354413],[35.272526,47.354107],[35.271692,47.354049],[35.268315,47.353813],[35.268305,47.354119]]]}},{"type":"Feature","properties":{"cadnum":"2323381100:01:017:0019"},"geometry":{"type":"Polygon","coordinates":[[[35.268195,47.357306],[35.269674,47.357425],[35.271692,47.357589],[35.271692,47.357588],[35.27238,47.357643],[35.272467,47.35765],[35.272469,47.357535],[35.272475,47.357158],[35.271692,47.357104],[35.271692,47.357103],[35.268209,47.356859],[35.268195,47.357306]]]}},{"type":"Feature","properties":{"cadnum":"2323381100:01:017:0018"},"geometry":{"type":"Polygon","coordinates":[[[35.268209,47.356859],[35.271521,47.357091],[35.271521,47.357092],[35.272475,47.357158],[35.272481,47.356855],[35.271692,47.3568],[35.26822,47.356557],[35.268209,47.356859]]]}},{"type":"Feature","properties":{"cadnum":"2323381100:03:007:0027"},"geometry":{"type":"Polygon","coordinates":[[[35.355598,47.382194],[35.359583,47.382452],[35.359583,47.382451],[35.359777,47.382464],[35.359875,47.381842],[35.359513,47.381819],[35.355696,47.381572],[35.355598,47.382194]]]}},{"type":"Feature","properties":{"cadnum":"2323381100:03:007:0041"},"geometry":{"type":"Polygon","coordinates":[[[35.35594,47.380017],[35.359411,47.380241],[35.359411,47.380242],[35.360118,47.380287],[35.360168,47.379976],[35.359583,47.379939],[35.358323,47.379858],[35.358322,47.379858],[35.358322,47.379857],[35.358323,47.379857],[35.358324,47.379857],[35.355989,47.379707],[35.355965,47.379857],[35.355965,47.379858],[35.35594,47.380017]]]}},{"type":"Feature","properties":{"cadnum":"2323381100:03:007:0025"},"geometry":{"type":"Polygon","coordinates":[[[35.355404,47.383437],[35.355767,47.383461],[35.359411,47.383697],[35.359583,47.383708],[35.359603,47.383577],[35.359681,47.383086],[35.359411,47.383068],[35.359411,47.383069],[35.355502,47.382816],[35.355404,47.383437]]]}},{"type":"Feature","properties":{"cadnum":"2323381100:03:007:0026"},"geometry":{"type":"Polygon","coordinates":[[[35.355502,47.382816],[35.359583,47.38308],[35.359583,47.383079],[35.359681,47.383086],[35.359777,47.382464],[35.359411,47.38244],[35.359411,47.382441],[35.355598,47.382194],[35.355502,47.382816]]]}},{"type":"Feature","properties":{"cadnum":"2323381100:03:016:0029"},"geometry":{"type":"Polygon","coordinates":[[[35.36134,47.38021],[35.364904,47.380316],[35.364904,47.380317],[35.365177,47.380324],[35.365199,47.379983],[35.365076,47.379979],[35.361377,47.379868],[35.36134,47.38021]]]}},{"type":"Feature","properties":{"cadnum":"2323381100:03:016:0036"},"geometry":{"type":"Polygon","coordinates":[[[35.361015,47.383163],[35.364904,47.38328],[35.364977,47.383282],[35.365002,47.382891],[35.361058,47.382772],[35.361015,47.383163]]]}},{"type":"Feature","properties":{"cadnum":"2323381100:03:016:0034"},"geometry":{"type":"Polygon","coordinates":[[[35.361105,47.38235],[35.364904,47.382464],[35.364904,47.382465],[35.365032,47.382468],[35.365055,47.382135],[35.361141,47.382017],[35.361105,47.38235]]]}},{"type":"Feature","properties":{"cadnum":"2323381100:03:016:0035"},"geometry":{"type":"Polygon","coordinates":[[[35.361058,47.382772],[35.364904,47.382888],[35.364904,47.382889],[35.365002,47.382891],[35.365032,47.382468],[35.361105,47.38235],[35.361058,47.382772]]]}},{"type":"Feature","properties":{"cadnum":"2323381100:03:016:0031"},"geometry":{"type":"Polygon","coordinates":[[[35.361242,47.381102],[35.365076,47.381218],[35.365076,47.381217],[35.365116,47.381219],[35.365147,47.380757],[35.365064,47.380755],[35.361293,47.380642],[35.361242,47.381102]]]}},{"type":"Feature","properties":{"cadnum":"2323381100:03:007:0028"},"geometry":{"type":"Polygon","coordinates":[[[35.355696,47.381572],[35.359411,47.381812],[35.359411,47.381813],[35.359513,47.381819],[35.359583,47.381823],[35.359875,47.381842],[35.359973,47.38122],[35.359537,47.381192],[35.355794,47.38095],[35.355696,47.381572]]]}},{"type":"Feature","properties":{"cadnum":"2323381100:03:007:0029"},"geometry":{"type":"Polygon","coordinates":[[[35.355794,47.38095],[35.359411,47.381184],[35.359537,47.381192],[35.359583,47.381195],[35.359973,47.38122],[35.36007,47.380598],[35.359577,47.380566],[35.355891,47.380328],[35.355794,47.38095]]]}},{"type":"Feature","properties":{"cadnum":"2323381100:03:016:0037"},"geometry":{"type":"Polygon","coordinates":[[[35.36098,47.383492],[35.36118,47.383498],[35.363801,47.383577],[35.364954,47.383611],[35.364961,47.383499],[35.364977,47.383282],[35.361015,47.383163],[35.360984,47.383461],[35.360983,47.383461],[35.36098,47.383492]]]}},{"type":"Feature","properties":{"cadnum":"2323381100:03:016:0038"},"geometry":{"type":"Polygon","coordinates":[[[35.360931,47.383939],[35.364923,47.384059],[35.364954,47.383611],[35.36134,47.383503],[35.360979,47.383492],[35.36097,47.383577],[35.360931,47.383939]]]}},{"type":"Feature","properties":{"cadnum":"2323381100:03:007:0040"},"geometry":{"type":"Polygon","coordinates":[[[35.355891,47.380328],[35.359411,47.380556],[35.359577,47.380566],[35.359583,47.380567],[35.36007,47.380598],[35.36007,47.380597],[35.360119,47.380287],[35.359583,47.380253],[35.359583,47.380252],[35.35594,47.380017],[35.355891,47.380328]]]}},{"type":"Feature","properties":{"cadnum":"2323381100:03:016:0033"},"geometry":{"type":"Polygon","coordinates":[[[35.361141,47.382017],[35.364904,47.38213],[35.364904,47.382131],[35.365055,47.382135],[35.365076,47.381818],[35.365076,47.381817],[35.365085,47.381678],[35.36503,47.381677],[35.361191,47.381561],[35.361141,47.382017]]]}},{"type":"Feature","properties":{"cadnum":"2323381100:03:016:0032"},"geometry":{"type":"Polygon","coordinates":[[[35.361191,47.381561],[35.364904,47.381673],[35.364904,47.381674],[35.36503,47.381677],[35.365076,47.381678],[35.365085,47.381678],[35.365116,47.381219],[35.364904,47.381212],[35.364904,47.381213],[35.361242,47.381102],[35.361191,47.381561]]]}},{"type":"Feature","properties":{"cadnum":"2323381100:03:016:0030"},"geometry":{"type":"Polygon","coordinates":[[[35.361293,47.380642],[35.364904,47.38075],[35.364904,47.380751],[35.365064,47.380755],[35.365076,47.380756],[35.365076,47.380755],[35.365147,47.380757],[35.365177,47.380324],[35.365076,47.380321],[35.36134,47.38021],[35.361293,47.380642]]]}},{"type":"Feature","properties":{"cadnum":"2323381100:04:002:0016"},"geometry":{"type":"Polygon","coordinates":[[[35.292732,47.353855],[35.293493,47.353924],[35.293493,47.353925],[35.293614,47.353935],[35.293665,47.35394],[35.2965,47.354194],[35.296513,47.353848],[35.294836,47.353697],[35.294831,47.353697],[35.293617,47.353589],[35.292745,47.353509],[35.292737,47.353697],[35.292733,47.3538],[35.292733,47.353814],[35.292732,47.353855]]]}},{"type":"Feature","properties":{"cadnum":"2323381100:02:009:0015"},"geometry":{"type":"Polygon","coordinates":[[[35.292717,47.354202],[35.293493,47.354272],[35.293581,47.354279],[35.293665,47.354287],[35.296485,47.354541],[35.296485,47.35454],[35.2965,47.354194],[35.293614,47.353935],[35.292732,47.353855],[35.292717,47.354202]]]}},{"type":"Feature","properties":{"cadnum":"2323381100:02:009:0010"},"geometry":{"type":"Polygon","coordinates":[[[35.292647,47.355932],[35.293493,47.356009],[35.293558,47.356014],[35.293665,47.356024],[35.296421,47.356271],[35.29643,47.355925],[35.293612,47.355672],[35.292662,47.355586],[35.292647,47.355932]]]}},{"type":"Feature","properties":{"cadnum":"2323381100:02:009:0011"},"geometry":{"type":"Polygon","coordinates":[[[35.292662,47.355586],[35.293493,47.355662],[35.293612,47.355672],[35.293665,47.355677],[35.29643,47.355925],[35.296444,47.355579],[35.293493,47.355314],[35.292675,47.35524],[35.292662,47.355586]]]}},{"type":"Feature","properties":{"cadnum":"2323381100:02:009:0012"},"geometry":{"type":"Polygon","coordinates":[[[35.292675,47.35524],[35.293665,47.355329],[35.296444,47.355579],[35.296458,47.355233],[35.293609,47.354977],[35.29269,47.354894],[35.292675,47.35524]]]}},{"type":"Feature","properties":{"cadnum":"2323381100:04:002:0014"},"geometry":{"type":"Polygon","coordinates":[[[35.292703,47.354548],[35.293493,47.354619],[35.293493,47.35462],[35.293615,47.35463],[35.293665,47.354635],[35.296472,47.354887],[35.296485,47.354541],[35.293581,47.354279],[35.292717,47.354202],[35.292703,47.354548]]]}},{"type":"Feature","properties":{"cadnum":"2323381100:04:002:0017"},"geometry":{"type":"Polygon","coordinates":[[[35.292745,47.353509],[35.293493,47.353577],[35.293617,47.353589],[35.293665,47.353593],[35.296129,47.353814],[35.296513,47.353848],[35.296519,47.353697],[35.296518,47.353697],[35.296527,47.353502],[35.29362,47.353241],[35.29276,47.353163],[35.292745,47.353509]]]}},{"type":"Feature","properties":{"cadnum":"2323381100:02:009:0009"},"geometry":{"type":"Polygon","coordinates":[[[35.292634,47.356279],[35.293493,47.356357],[35.293613,47.356367],[35.293665,47.356372],[35.296402,47.356617],[35.296416,47.356271],[35.293594,47.356018],[35.292647,47.355932],[35.292634,47.356279]]]}},{"type":"Feature","properties":{"cadnum":"2323381100:04:002:0013"},"geometry":{"type":"Polygon","coordinates":[[[35.29269,47.354894],[35.293493,47.354967],[35.293609,47.354977],[35.293665,47.354982],[35.296458,47.355233],[35.296472,47.354887],[35.293615,47.35463],[35.292703,47.354548],[35.29269,47.354894]]]}},{"type":"Feature","properties":{"cadnum":"2323381100:02:009:0018"},"geometry":{"type":"Polygon","coordinates":[[[35.292592,47.357317],[35.293493,47.357399],[35.293588,47.357407],[35.293665,47.357414],[35.294931,47.357527],[35.296361,47.357656],[35.29637,47.357419],[35.296369,47.357419],[35.296389,47.356964],[35.293608,47.356714],[35.29262,47.356625],[35.292592,47.357317]]]}},{"type":"Feature","properties":{"cadnum":"2323381100:02:009:0005"},"geometry":{"type":"Polygon","coordinates":[[[35.292577,47.357663],[35.293493,47.357746],[35.293587,47.357754],[35.293665,47.357761],[35.296347,47.358002],[35.296361,47.357656],[35.295017,47.357535],[35.294931,47.357527],[35.293723,47.357419],[35.293717,47.357419],[35.293588,47.357407],[35.292592,47.357317],[35.292588,47.357419],[35.292587,47.357419],[35.292577,47.357663]]]}},{"type":"Feature","properties":{"cadnum":"2323381100:02:009:0008"},"geometry":{"type":"Polygon","coordinates":[[[35.29262,47.356625],[35.293493,47.356704],[35.293608,47.356714],[35.293665,47.356719],[35.296389,47.356964],[35.296402,47.356617],[35.293613,47.356367],[35.292634,47.356279],[35.29262,47.356625]]]}},{"type":"Feature","properties":{"cadnum":"2323381100:02:001:0015"},"geometry":{"type":"Polygon","coordinates":[[[35.314044,47.366739],[35.315466,47.366862],[35.315466,47.366863],[35.315553,47.36687],[35.315638,47.366877],[35.315642,47.366877],[35.315866,47.364861],[35.315865,47.364861],[35.315865,47.36486],[35.315946,47.364144],[35.315919,47.364141],[35.315494,47.364104],[35.31439,47.364004],[35.31435,47.364001],[35.31424,47.364977],[35.314241,47.364977],[35.314044,47.366739]]]}},{"type":"Feature","properties":{"cadnum":"2323381100:02:001:0016"},"geometry":{"type":"Polygon","coordinates":[[[35.31439,47.364004],[35.315466,47.364101],[35.315494,47.364104],[35.315638,47.364117],[35.315638,47.364116],[35.315919,47.364141],[35.31624,47.361278],[35.315638,47.361231],[35.314707,47.361159],[35.314695,47.361256],[35.314696,47.361256],[35.31439,47.364004]]]}},{"type":"Feature","properties":{"cadnum":"2323381100:02:001:0012"},"geometry":{"type":"Polygon","coordinates":[[[35.318953,47.364414],[35.319118,47.364428],[35.320459,47.364548],[35.320782,47.361648],[35.320031,47.361572],[35.319277,47.361514],[35.318953,47.364414]]]}},{"type":"Feature","properties":{"cadnum":"2323381100:02:001:0011"},"geometry":{"type":"Polygon","coordinates":[[[35.317441,47.364277],[35.317541,47.364286],[35.318953,47.364414],[35.319277,47.361514],[35.317763,47.361396],[35.317441,47.364277]]]}},{"type":"Feature","properties":{"cadnum":"2323381100:02:001:0010"},"geometry":{"type":"Polygon","coordinates":[[[35.315919,47.364141],[35.315946,47.364144],[35.317441,47.364277],[35.317763,47.361396],[35.31624,47.361278],[35.315919,47.364141]]]}},{"type":"Feature","properties":{"cadnum":"2323381100:02:001:0008"},"geometry":{"type":"Polygon","coordinates":[[[35.317234,47.367042],[35.318807,47.367219],[35.319069,47.364861],[35.319069,47.36486],[35.319118,47.364428],[35.318953,47.364414],[35.317541,47.364286],[35.317463,47.364977],[35.317234,47.367042]]]}},{"type":"Feature","properties":{"cadnum":"2323381100:02:001:0009"},"geometry":{"type":"Polygon","coordinates":[[[35.31564,47.366877],[35.316111,47.366918],[35.317234,47.367042],[35.317476,47.364861],[35.317476,47.36486],[35.317541,47.364286],[35.317441,47.364277],[35.315946,47.364144],[35.315852,47.364977],[35.315853,47.364977],[35.31564,47.366877]]]}},{"type":"Feature","properties":{"cadnum":"2323381100:02:001:0007"},"geometry":{"type":"Polygon","coordinates":[[[35.318807,47.367218],[35.32036,47.367391],[35.320641,47.364861],[35.320641,47.36486],[35.320675,47.364567],[35.320459,47.364548],[35.319118,47.364428],[35.319056,47.364977],[35.318807,47.367218]]]}},{"type":"Feature","properties":{"cadnum":"2323381100:03:007:0018"},"geometry":{"type":"Polygon","coordinates":[[[35.352432,47.376321],[35.353918,47.376428],[35.356407,47.376605],[35.356498,47.376021],[35.356512,47.375937],[35.353918,47.375771],[35.352545,47.375683],[35.352485,47.376021],[35.352484,47.376021],[35.352432,47.376321]]]}},{"type":"Feature","properties":{"cadnum":"2323381100:03:007:0014"},"geometry":{"type":"Polygon","coordinates":[[[35.351976,47.378912],[35.35409,47.379065],[35.35409,47.379064],[35.356001,47.379201],[35.356101,47.378555],[35.353918,47.378399],[35.35209,47.378267],[35.351976,47.378912]]]}},{"type":"Feature","properties":{"cadnum":"2323381100:03:007:0012"},"geometry":{"type":"Polygon","coordinates":[[[35.351751,47.380197],[35.35409,47.380365],[35.3558,47.380487],[35.3559,47.379845],[35.354452,47.379741],[35.353918,47.379703],[35.351864,47.379556],[35.351831,47.379741],[35.35183,47.379741],[35.351751,47.380197]]]}},{"type":"Feature","properties":{"cadnum":"2323381100:03:007:0015"},"geometry":{"type":"Polygon","coordinates":[[[35.35209,47.378267],[35.35409,47.378412],[35.35409,47.378411],[35.356101,47.378555],[35.356203,47.377908],[35.35409,47.377756],[35.352204,47.377621],[35.35209,47.378267]]]}},{"type":"Feature","properties":{"cadnum":"2323381100:03:007:0016"},"geometry":{"type":"Polygon","coordinates":[[[35.352204,47.377621],[35.353918,47.377744],[35.356203,47.377908],[35.356305,47.377257],[35.35409,47.377099],[35.35409,47.377098],[35.352318,47.376971],[35.352204,47.377621]]]}},{"type":"Feature","properties":{"cadnum":"2323381100:03:007:0017"},"geometry":{"type":"Polygon","coordinates":[[[35.352318,47.376971],[35.353918,47.377086],[35.353918,47.377087],[35.356305,47.377257],[35.356407,47.376605],[35.35409,47.37644],[35.352432,47.376321],[35.352318,47.376971]]]}},{"type":"Feature","properties":{"cadnum":"2323381100:03:007:0013"},"geometry":{"type":"Polygon","coordinates":[[[35.351864,47.379556],[35.35409,47.379716],[35.35409,47.379715],[35.3559,47.379845],[35.356001,47.379201],[35.353918,47.379052],[35.351976,47.378912],[35.351864,47.379556]]]}},{"type":"Feature","properties":{"cadnum":"2323381100:01:029:0009"},"geometry":{"type":"Polygon","coordinates":[[[35.254796,47.366087],[35.255213,47.36612],[35.255213,47.366119],[35.258678,47.366383],[35.258702,47.365763],[35.258704,47.365712],[35.255041,47.365433],[35.254817,47.365416],[35.254796,47.366087]]]}},{"type":"Feature","properties":{"cadnum":"2323381100:01:029:0007"},"geometry":{"type":"Polygon","coordinates":[[[35.254753,47.367436],[35.255041,47.367458],[35.258626,47.36773],[35.25865,47.367109],[35.258651,47.367057],[35.255213,47.366795],[35.255213,47.366794],[35.254774,47.366761],[35.254753,47.367436]]]}},{"type":"Feature","properties":{"cadnum":"2323381100:01:029:0008"},"geometry":{"type":"Polygon","coordinates":[[[35.254774,47.366761],[35.255041,47.366781],[35.255041,47.366782],[35.258651,47.367057],[35.258676,47.366435],[35.258678,47.366383],[35.255041,47.366106],[35.254796,47.366087],[35.254774,47.366761]]]}},{"type":"Feature","properties":{"cadnum":"2323381100:01:029:0006"},"geometry":{"type":"Polygon","coordinates":[[[35.254731,47.36811],[35.255213,47.368147],[35.255213,47.368146],[35.258599,47.368404],[35.258623,47.367785],[35.258626,47.36773],[35.255213,47.367471],[35.254753,47.367436],[35.254731,47.36811]]]}},{"type":"Feature","properties":{"cadnum":"2323381100:02:005:0009"},"geometry":{"type":"Polygon","coordinates":[[[35.311039,47.35807],[35.315293,47.358377],[35.315297,47.358072],[35.311048,47.357766],[35.311039,47.35807]]]}},{"type":"Feature","properties":{"cadnum":"2323381100:02:005:0004"},"geometry":{"type":"Polygon","coordinates":[[[35.310988,47.359586],[35.31527,47.359895],[35.315275,47.359593],[35.310999,47.359284],[35.310988,47.359586]]]}},{"type":"Feature","properties":{"cadnum":"2323381100:02:005:0010"},"geometry":{"type":"Polygon","coordinates":[[[35.311047,47.357765],[35.315297,47.358072],[35.315302,47.357767],[35.311072,47.357461],[35.311059,47.357461],[35.311055,47.357535],[35.311056,47.357535],[35.311047,47.357765]]]}},{"type":"Feature","properties":{"cadnum":"2323381100:02:005:0007"},"geometry":{"type":"Polygon","coordinates":[[[35.311019,47.358678],[35.315284,47.358986],[35.315289,47.358681],[35.311028,47.358374],[35.311019,47.358678]]]}},{"type":"Feature","properties":{"cadnum":"2323381100:02:005:0005"},"geometry":{"type":"Polygon","coordinates":[[[35.310999,47.359284],[35.315275,47.359593],[35.31528,47.359289],[35.311008,47.358981],[35.310999,47.359284]]]}},{"type":"Feature","properties":{"cadnum":"2323381100:02:005:0003"},"geometry":{"type":"Polygon","coordinates":[[[35.310979,47.359889],[35.315266,47.360198],[35.31527,47.359895],[35.310988,47.359586],[35.310979,47.359889]]]}},{"type":"Feature","properties":{"cadnum":"2323381100:02:005:0006"},"geometry":{"type":"Polygon","coordinates":[[[35.311008,47.358981],[35.31528,47.359289],[35.315284,47.358986],[35.311019,47.358678],[35.311008,47.358981]]]}},{"type":"Feature","properties":{"cadnum":"2323381100:02:005:0002"},"geometry":{"type":"Polygon","coordinates":[[[35.310968,47.36019],[35.315262,47.3605],[35.315266,47.360198],[35.310979,47.359889],[35.310968,47.36019]]]}},{"type":"Feature","properties":{"cadnum":"2323381100:02:001:0021"},"geometry":{"type":"Polygon","coordinates":[[[35.310696,47.362413],[35.31299,47.362619],[35.313141,47.361256],[35.313142,47.361256],[35.313166,47.36104],[35.310835,47.360859],[35.310799,47.361256],[35.310696,47.362413]]]}},{"type":"Feature","properties":{"cadnum":"2323381100:02:001:0018"},"geometry":{"type":"Polygon","coordinates":[[[35.312851,47.363867],[35.31435,47.364001],[35.31439,47.364004],[35.314707,47.36116],[35.313166,47.36104],[35.313155,47.36114],[35.313154,47.36114],[35.31299,47.362619],[35.312851,47.363867]]]}},{"type":"Feature","properties":{"cadnum":"2323381100:02:005:0001"},"geometry":{"type":"Polygon","coordinates":[[[35.310948,47.360793],[35.315253,47.361103],[35.315262,47.3605],[35.310968,47.36019],[35.310948,47.360793]]]}},{"type":"Feature","properties":{"cadnum":"2323381100:02:005:0008"},"geometry":{"type":"Polygon","coordinates":[[[35.311028,47.358374],[35.315289,47.358681],[35.315293,47.358377],[35.311039,47.35807],[35.311028,47.358374]]]}},{"type":"Feature","properties":{"cadnum":"2323381100:02:005:0011"},"geometry":{"type":"Polygon","coordinates":[[[35.311059,47.357461],[35.311072,47.357461],[35.31209,47.357535],[35.312092,47.357535],[35.315302,47.357767],[35.315306,47.357461],[35.31107,47.357155],[35.311061,47.357419],[35.31106,47.357419],[35.311059,47.35746],[35.311059,47.357461]]]}},{"type":"Feature","properties":{"cadnum":"2323381100:01:030:0001"},"geometry":{"type":"Polygon","coordinates":[[[35.269631,47.381133],[35.271521,47.38128],[35.272796,47.381378],[35.272796,47.381379],[35.272787,47.381495],[35.27348,47.381549],[35.273535,47.38077],[35.271521,47.380611],[35.269674,47.380465],[35.269631,47.381133]]]}},{"type":"Feature","properties":{"cadnum":"2323381100:01:030:0002"},"geometry":{"type":"Polygon","coordinates":[[[35.269674,47.380465],[35.271692,47.380625],[35.273535,47.38077],[35.273582,47.380084],[35.271521,47.379923],[35.270696,47.379858],[35.270696,47.379857],[35.270697,47.379857],[35.269717,47.37978],[35.269711,47.379857],[35.269712,47.379857],[35.269712,47.379858],[35.269674,47.380465]]]}},{"type":"Feature","properties":{"cadnum":"2323381100:03:008:0048"},"geometry":{"type":"Polygon","coordinates":[[[35.335896,47.373878],[35.337438,47.373938],[35.337439,47.373938],[35.340642,47.374061],[35.340805,47.372954],[35.337439,47.372825],[35.337438,47.372825],[35.335959,47.372767],[35.335928,47.37331],[35.335896,47.373878]]]}},{"type":"Feature","properties":{"cadnum":"2323381100:03:008:0023"},"geometry":{"type":"Polygon","coordinates":[[[35.335868,47.374374],[35.33761,47.374492],[35.34055,47.374689],[35.340642,47.374061],[35.33761,47.373945],[35.33761,47.373944],[35.335896,47.373878],[35.335868,47.374374]]]}},{"type":"Feature","properties":{"cadnum":"2323381100:03:006:0032"},"geometry":{"type":"Polygon","coordinates":[[[35.337595,47.375331],[35.339198,47.375441],[35.339272,47.374814],[35.33765,47.374702],[35.337595,47.375331]]]}},{"type":"Feature","properties":{"cadnum":"2323381100:03:006:0031"},"geometry":{"type":"Polygon","coordinates":[[[35.339265,47.37545],[35.340628,47.375548],[35.340558,47.376035],[35.340967,47.376061],[35.341046,47.3755],[35.341124,47.374943],[35.339346,47.374814],[35.339265,47.37545]]]}},{"type":"Feature","properties":{"cadnum":"2323381100:01:013:0005"},"geometry":{"type":"Polygon","coordinates":[[[35.272982,47.348578],[35.276947,47.3489],[35.276968,47.348219],[35.273005,47.347898],[35.272982,47.348578]]]}},{"type":"Feature","properties":{"cadnum":"2323381100:01:013:0004"},"geometry":{"type":"Polygon","coordinates":[[[35.272961,47.349248],[35.276925,47.34957],[35.276947,47.3489],[35.272982,47.348578],[35.272961,47.349248]]]}},{"type":"Feature","properties":{"cadnum":"2323381100:01:013:0074"},"geometry":{"type":"Polygon","coordinates":[[[35.273005,47.347898],[35.276968,47.348219],[35.277012,47.346858],[35.273048,47.346537],[35.273005,47.347898]]]}},{"type":"Feature","properties":{"cadnum":"2323381100:01:009:0010"},"geometry":{"type":"Polygon","coordinates":[[[35.268586,47.347213],[35.271521,47.347418],[35.272691,47.347499],[35.272705,47.346955],[35.271521,47.346872],[35.271521,47.346873],[35.268608,47.346668],[35.268586,47.347213]]]}},{"type":"Feature","properties":{"cadnum":"2323381100:01:009:0007"},"geometry":{"type":"Polygon","coordinates":[[[35.268535,47.348497],[35.271521,47.348705],[35.272661,47.348785],[35.27267,47.348399],[35.271692,47.348331],[35.268551,47.348111],[35.268535,47.348497]]]}},{"type":"Feature","properties":{"cadnum":"2323381100:01:009:0006"},"geometry":{"type":"Polygon","coordinates":[[[35.268508,47.349174],[35.271521,47.349385],[35.272644,47.349463],[35.272661,47.348785],[35.271692,47.348717],[35.268535,47.348497],[35.268508,47.349174]]]}},{"type":"Feature","properties":{"cadnum":"2323381100:01:009:0005"},"geometry":{"type":"Polygon","coordinates":[[[35.268496,47.349485],[35.271692,47.34971],[35.271692,47.349709],[35.272638,47.349775],[35.272644,47.349463],[35.271692,47.349397],[35.268508,47.349174],[35.268496,47.349485]]]}},{"type":"Feature","properties":{"cadnum":"2323381100:01:009:0009"},"geometry":{"type":"Polygon","coordinates":[[[35.268568,47.347688],[35.271692,47.347907],[35.271692,47.347906],[35.272681,47.347975],[35.272691,47.347499],[35.271692,47.34743],[35.268586,47.347213],[35.268568,47.347688]]]}},{"type":"Feature","properties":{"cadnum":"2323381100:01:009:0008"},"geometry":{"type":"Polygon","coordinates":[[[35.268551,47.348111],[35.271521,47.348319],[35.27267,47.348399],[35.272681,47.347975],[35.271521,47.347894],[35.271521,47.347895],[35.268568,47.347688],[35.268551,47.348111]]]}},{"type":"Feature","properties":{"cadnum":"2323381100:03:010:0032"},"geometry":{"type":"Polygon","coordinates":[[[35.357098,47.373816],[35.359411,47.373905],[35.361112,47.37397],[35.361211,47.373304],[35.359583,47.373242],[35.357198,47.373151],[35.357098,47.373816]]]}},{"type":"Feature","properties":{"cadnum":"2323381100:03:013:0002"},"geometry":{"type":"Polygon","coordinates":[[[35.361903,47.375519],[35.364904,47.375647],[35.367006,47.375736],[35.367049,47.375208],[35.365076,47.375124],[35.361988,47.374992],[35.361903,47.375519]]]}},{"type":"Feature","properties":{"cadnum":"2323381100:03:013:0021"},"geometry":{"type":"Polygon","coordinates":[[[35.362072,47.374461],[35.364904,47.374582],[35.367092,47.374675],[35.367113,47.374407],[35.365076,47.37432],[35.362115,47.374194],[35.362072,47.374461]]]}},{"type":"Feature","properties":{"cadnum":"2323381100:03:010:0038"},"geometry":{"type":"Polygon","coordinates":[[[35.357198,47.373151],[35.359411,47.373236],[35.361211,47.373304],[35.36131,47.372638],[35.359411,47.372566],[35.357299,47.372485],[35.357198,47.373151]]]}},{"type":"Feature","properties":{"cadnum":"2323381100:03:013:0022"},"geometry":{"type":"Polygon","coordinates":[[[35.362115,47.374194],[35.364904,47.374313],[35.367113,47.374407],[35.367135,47.374137],[35.365076,47.37405],[35.362158,47.373925],[35.362115,47.374194]]]}},{"type":"Feature","properties":{"cadnum":"2323381100:03:010:0035"},"geometry":{"type":"Polygon","coordinates":[[[35.356804,47.375761],[35.359583,47.375937],[35.360807,47.376014],[35.360913,47.375299],[35.359411,47.375242],[35.359411,47.375243],[35.356897,47.375146],[35.356804,47.375761]]]}},{"type":"Feature","properties":{"cadnum":"2323381100:03:010:0033"},"geometry":{"type":"Polygon","coordinates":[[[35.356997,47.374481],[35.359411,47.374574],[35.361013,47.374635],[35.361112,47.37397],[35.359583,47.373912],[35.357098,47.373816],[35.356997,47.374481]]]}},{"type":"Feature","properties":{"cadnum":"2323381100:03:010:0034"},"geometry":{"type":"Polygon","coordinates":[[[35.356897,47.375146],[35.359583,47.375249],[35.360913,47.375299],[35.361013,47.374635],[35.359583,47.37458],[35.356997,47.374481],[35.356897,47.375146]]]}},{"type":"Feature","properties":{"cadnum":"2323381100:03:013:0005"},"geometry":{"type":"Polygon","coordinates":[[[35.362158,47.373925],[35.364904,47.374042],[35.367135,47.374137],[35.367179,47.373595],[35.365076,47.373506],[35.362244,47.373385],[35.362158,47.373925]]]}},{"type":"Feature","properties":{"cadnum":"2323381100:03:013:0003"},"geometry":{"type":"Polygon","coordinates":[[[35.361988,47.374992],[35.364904,47.375117],[35.367049,47.375208],[35.367092,47.374675],[35.365076,47.374589],[35.362072,47.374461],[35.361988,47.374992]]]}},{"type":"Feature","properties":{"cadnum":"2323381100:03:013:0006"},"geometry":{"type":"Polygon","coordinates":[[[35.362244,47.373385],[35.364904,47.373498],[35.365076,47.373506],[35.367179,47.373595],[35.367222,47.373048],[35.365076,47.372957],[35.362331,47.37284],[35.362244,47.373385]]]}},{"type":"Feature","properties":{"cadnum":"2323381100:05:007:0006"},"geometry":{"type":"Polygon","coordinates":[[[35.295886,47.379749],[35.296204,47.379799],[35.296256,47.379807],[35.296606,47.378899],[35.296234,47.378841],[35.295889,47.379741],[35.295888,47.379741],[35.295886,47.379749]]]}},{"type":"Feature","properties":{"cadnum":"2323381100:05:007:0004"},"geometry":{"type":"Polygon","coordinates":[[[35.297892,47.380034],[35.298222,47.380069],[35.298337,47.379741],[35.298497,47.379291],[35.298234,47.379249],[35.297969,47.379857],[35.297969,47.379858],[35.297892,47.380034]]]}},{"type":"Feature","properties":{"cadnum":"2323381100:05:003:0014"},"geometry":{"type":"Polygon","coordinates":[[[35.296603,47.381864],[35.296898,47.381903],[35.297251,47.380933],[35.296961,47.380893],[35.296603,47.381864]]]}},{"type":"Feature","properties":{"cadnum":"2323381100:05:003:0004"},"geometry":{"type":"Polygon","coordinates":[[[35.298064,47.382488],[35.298313,47.382526],[35.298809,47.381144],[35.298555,47.381106],[35.298231,47.382018],[35.298064,47.382488]]]}},{"type":"Feature","properties":{"cadnum":"2323381100:05:003:0007"},"geometry":{"type":"Polygon","coordinates":[[[35.297781,47.381921],[35.298089,47.381974],[35.298514,47.381082],[35.298206,47.381028],[35.297781,47.381921]]]}},{"type":"Feature","properties":{"cadnum":"2323381100:05:006:0008"},"geometry":{"type":"Polygon","coordinates":[[[35.296808,47.38081],[35.297082,47.380844],[35.297377,47.379741],[35.297376,47.379741],[35.297578,47.37899],[35.297305,47.378956],[35.297094,47.379741],[35.296808,47.38081]]]}},{"type":"Feature","properties":{"cadnum":"2323381100:05:003:0010"},"geometry":{"type":"Polygon","coordinates":[[[35.296916,47.383287],[35.297441,47.383324],[35.297704,47.382516],[35.297726,47.382449],[35.297209,47.382387],[35.296916,47.383287]]]}},{"type":"Feature","properties":{"cadnum":"2323381100:05:007:0007"},"geometry":{"type":"Polygon","coordinates":[[[35.295591,47.380514],[35.295968,47.380557],[35.296256,47.379807],[35.296204,47.379799],[35.295886,47.379749],[35.295843,47.379857],[35.295844,47.379857],[35.295844,47.379858],[35.295591,47.380514]]]}},{"type":"Feature","properties":{"cadnum":"2323381100:05:003:0009"},"geometry":{"type":"Polygon","coordinates":[[[35.292984,47.382134],[35.293493,47.382201],[35.293849,47.382247],[35.293877,47.382157],[35.293665,47.38213],[35.293665,47.382129],[35.29301,47.382044],[35.292984,47.382134]]]}},{"type":"Feature","properties":{"cadnum":"2323381100:05:003:0006"},"geometry":{"type":"Polygon","coordinates":[[[35.294239,47.381275],[35.294586,47.381332],[35.294872,47.380558],[35.294482,47.380509],[35.294239,47.381275]]]}},{"type":"Feature","properties":{"cadnum":"2323381100:05:003:0013"},"geometry":{"type":"Polygon","coordinates":[[[35.293698,47.381027],[35.294217,47.3811],[35.294384,47.380548],[35.293866,47.380476],[35.293698,47.381027]]]}},{"type":"Feature","properties":{"cadnum":"2323381100:05:003:0012"},"geometry":{"type":"Polygon","coordinates":[[[35.293464,47.381797],[35.293493,47.381801],[35.293493,47.381802],[35.293546,47.381809],[35.293665,47.381826],[35.293983,47.38187],[35.294217,47.3811],[35.293698,47.381027],[35.29356,47.381482],[35.293464,47.381797]]]}},{"type":"Feature","properties":{"cadnum":"2323381100:05:003:0008"},"geometry":{"type":"Polygon","coordinates":[[[35.293992,47.382058],[35.294305,47.382094],[35.294586,47.381332],[35.294239,47.381275],[35.293992,47.382058]]]}},{"type":"Feature","properties":{"cadnum":"2323381100:05:003:0005"},"geometry":{"type":"Polygon","coordinates":[[[35.294441,47.38312],[35.295058,47.383162],[35.295217,47.382614],[35.294852,47.382567],[35.294888,47.382462],[35.294679,47.382434],[35.294641,47.38254],[35.294441,47.38312]]]}},{"type":"Feature","properties":{"cadnum":"2323381100:05:003:0011"},"geometry":{"type":"Polygon","coordinates":[[[35.292776,47.383013],[35.293493,47.383061],[35.293493,47.383062],[35.293816,47.383083],[35.294102,47.382233],[35.293922,47.382213],[35.29391,47.382256],[35.293665,47.382224],[35.293044,47.382143],[35.292847,47.382781],[35.292776,47.383013]]]}},{"type":"Feature","properties":{"cadnum":"2323381100:04:003:0010"},"geometry":{"type":"Polygon","coordinates":[[[35.292949,47.34952],[35.293665,47.349582],[35.296716,47.349846],[35.296731,47.349509],[35.293493,47.349229],[35.29296,47.349183],[35.292949,47.34952]]]}},{"type":"Feature","properties":{"cadnum":"2323381100:04:011:0030"},"geometry":{"type":"Polygon","coordinates":[[[35.293033,47.347279],[35.293493,47.347319],[35.296802,47.347601],[35.296821,47.346885],[35.293665,47.346615],[35.293056,47.346562],[35.293033,47.347279]]]}},{"type":"Feature","properties":{"cadnum":"2323381100:04:003:0013"},"geometry":{"type":"Polygon","coordinates":[[[35.292984,47.348501],[35.293493,47.348545],[35.293493,47.348546],[35.29676,47.348827],[35.296779,47.348397],[35.293665,47.348129],[35.293665,47.348128],[35.292997,47.34807],[35.292984,47.348501]]]}},{"type":"Feature","properties":{"cadnum":"2323381100:04:003:0012"},"geometry":{"type":"Polygon","coordinates":[[[35.292972,47.348845],[35.293665,47.348905],[35.296745,47.349172],[35.29676,47.348827],[35.293665,47.34856],[35.292984,47.348501],[35.292972,47.348845]]]}},{"type":"Feature","properties":{"cadnum":"2323381100:04:011:0029"},"geometry":{"type":"Polygon","coordinates":[[[35.293009,47.347992],[35.293493,47.348034],[35.296783,47.348316],[35.296802,47.347601],[35.293665,47.347334],[35.293665,47.347333],[35.293033,47.347279],[35.293009,47.347992]]]}},{"type":"Feature","properties":{"cadnum":"2323381100:04:003:0009"},"geometry":{"type":"Polygon","coordinates":[[[35.292926,47.350197],[35.293493,47.350246],[35.293493,47.350247],[35.296686,47.350522],[35.296707,47.350022],[35.296716,47.349846],[35.293493,47.349567],[35.292949,47.34952],[35.292933,47.349976],[35.292932,47.349989],[35.292929,47.350092],[35.292926,47.350197]]]}},{"type":"Feature","properties":{"cadnum":"2323381100:04:003:0011"},"geometry":{"type":"Polygon","coordinates":[[[35.29296,47.349183],[35.293665,47.349244],[35.296731,47.349509],[35.296745,47.349172],[35.293493,47.34889],[35.292972,47.348845],[35.29296,47.349183]]]}},{"type":"Feature","properties":{"cadnum":"2323381100:02:014:0004"},"geometry":{"type":"Polygon","coordinates":[[[35.315375,47.357009],[35.315466,47.357016],[35.319456,47.357305],[35.31948,47.356636],[35.315638,47.356358],[35.315377,47.356338],[35.315375,47.357009]]]}},{"type":"Feature","properties":{"cadnum":"2323381100:02:014:0001"},"geometry":{"type":"Polygon","coordinates":[[[35.318638,47.355908],[35.319505,47.355971],[35.319535,47.355155],[35.318703,47.355088],[35.318638,47.355908]]]}},{"type":"Feature","properties":{"cadnum":"2323381100:02:014:0002"},"geometry":{"type":"Polygon","coordinates":[[[35.315381,47.355671],[35.315466,47.355677],[35.315505,47.35568],[35.315638,47.35569],[35.318638,47.355908],[35.318703,47.355088],[35.315626,47.354845],[35.315385,47.354825],[35.315381,47.355671]]]}},{"type":"Feature","properties":{"cadnum":"2323381100:04:009:0007"},"geometry":{"type":"Polygon","coordinates":[[[35.31543,47.354709],[35.315466,47.354712],[35.315466,47.354713],[35.319356,47.355007],[35.31936,47.354336],[35.315502,47.354018],[35.315457,47.354014],[35.315457,47.354036],[35.31543,47.354709]]]}},{"type":"Feature","properties":{"cadnum":"2323381100:02:014:0003"},"geometry":{"type":"Polygon","coordinates":[[[35.315377,47.356338],[35.315466,47.356345],[35.315466,47.356346],[35.31948,47.356636],[35.319505,47.355971],[35.318638,47.355908],[35.315505,47.35568],[35.315381,47.355671],[35.315377,47.356338]]]}},{"type":"Feature","properties":{"cadnum":"2323381100:03:010:0007"},"geometry":{"type":"Polygon","coordinates":[[[35.353026,47.371802],[35.353918,47.371836],[35.357312,47.371966],[35.357406,47.371343],[35.35409,47.371216],[35.35312,47.371179],[35.353026,47.371802]]]}},{"type":"Feature","properties":{"cadnum":"2323381100:03:010:0006"},"geometry":{"type":"Polygon","coordinates":[[[35.352931,47.372418],[35.352932,47.372418],[35.352931,47.372425],[35.353918,47.372463],[35.357217,47.372589],[35.357246,47.372398],[35.357312,47.371966],[35.35409,47.371843],[35.353026,47.371802],[35.352931,47.372418]]]}},{"type":"Feature","properties":{"cadnum":"2323381100:03:010:0008"},"geometry":{"type":"Polygon","coordinates":[[[35.35312,47.371179],[35.353918,47.371209],[35.353918,47.37121],[35.357406,47.371343],[35.3575,47.37072],[35.35409,47.37059],[35.35409,47.370589],[35.353214,47.370556],[35.35312,47.371179]]]}},{"type":"Feature","properties":{"cadnum":"2323381100:03:010:0010"},"geometry":{"type":"Polygon","coordinates":[[[35.353312,47.369913],[35.353918,47.369936],[35.357598,47.370077],[35.357695,47.36944],[35.35409,47.369303],[35.35409,47.369302],[35.353408,47.369276],[35.353312,47.369913]]]}},{"type":"Feature","properties":{"cadnum":"2323381100:03:010:0012"},"geometry":{"type":"Polygon","coordinates":[[[35.353502,47.368653],[35.353503,47.368653],[35.353918,47.368669],[35.357789,47.368817],[35.357815,47.368634],[35.357882,47.368194],[35.35409,47.36805],[35.353598,47.368031],[35.353513,47.368581],[35.353502,47.368653]]]}},{"type":"Feature","properties":{"cadnum":"2323381100:03:010:0009"},"geometry":{"type":"Polygon","coordinates":[[[35.353214,47.370556],[35.353918,47.370583],[35.3575,47.37072],[35.357598,47.370077],[35.35409,47.369943],[35.353312,47.369913],[35.353214,47.370556]]]}},{"type":"Feature","properties":{"cadnum":"2323381100:03:010:0011"},"geometry":{"type":"Polygon","coordinates":[[[35.353408,47.369276],[35.353918,47.369296],[35.357695,47.36944],[35.357789,47.368817],[35.35409,47.368676],[35.353502,47.368653],[35.353408,47.369276]]]}},{"type":"Feature","properties":{"cadnum":"2323381100:05:040:0003"},"geometry":{"type":"Polygon","coordinates":[[[35.313603,47.38355],[35.314066,47.383561],[35.314072,47.383519],[35.314079,47.383467],[35.314156,47.382907],[35.313709,47.382899],[35.313618,47.383461],[35.313617,47.383461],[35.313603,47.38355]]]}},{"type":"Feature","properties":{"cadnum":"2323381100:05:026:0002"},"geometry":{"type":"Polygon","coordinates":[[[35.312961,47.384368],[35.31344,47.3844],[35.313571,47.383514],[35.313114,47.383502],[35.3131,47.383577],[35.312961,47.384368]]]}},{"type":"Feature","properties":{"cadnum":"2323381100:05:040:0002"},"geometry":{"type":"Polygon","coordinates":[[[35.313461,47.384427],[35.313945,47.384438],[35.314066,47.383561],[35.313603,47.38355],[35.313461,47.384427]]]}},{"type":"Feature","properties":{"cadnum":"2323381100:05:026:0005"},"geometry":{"type":"Polygon","coordinates":[[[35.313971,47.384253],[35.314503,47.384299],[35.314596,47.383512],[35.314079,47.383467],[35.314063,47.383577],[35.314064,47.383577],[35.313971,47.384253]]]}},{"type":"Feature","properties":{"cadnum":"2323381100:05:040:0005"},"geometry":{"type":"Polygon","coordinates":[[[35.310693,47.384348],[35.31114,47.384386],[35.311498,47.383475],[35.311059,47.383439],[35.31105,47.383461],[35.311016,47.383543],[35.311003,47.383577],[35.310693,47.384348]]]}},{"type":"Feature","properties":{"cadnum":"2323381100:01:023:0010"},"geometry":{"type":"Polygon","coordinates":[[[35.259156,47.359979],[35.260534,47.360093],[35.263628,47.360348],[35.263647,47.359914],[35.260534,47.359658],[35.259172,47.359545],[35.259156,47.359979]]]}},{"type":"Feature","properties":{"cadnum":"2323381100:01:023:0012"},"geometry":{"type":"Polygon","coordinates":[[[35.259188,47.359113],[35.260534,47.359224],[35.260534,47.359225],[35.263666,47.359482],[35.263678,47.359194],[35.260706,47.358949],[35.259199,47.358824],[35.259188,47.359113]]]}},{"type":"Feature","properties":{"cadnum":"2323381100:01:023:0008"},"geometry":{"type":"Polygon","coordinates":[[[35.259134,47.360557],[35.260706,47.360686],[35.263603,47.360924],[35.263615,47.360636],[35.260534,47.360382],[35.259145,47.360268],[35.259134,47.360557]]]}},{"type":"Feature","properties":{"cadnum":"2323381100:01:023:0016"},"geometry":{"type":"Polygon","coordinates":[[[35.259227,47.358056],[35.260706,47.358178],[35.263713,47.358426],[35.263717,47.35833],[35.260706,47.358082],[35.259231,47.35796],[35.259227,47.358056]]]}},{"type":"Feature","properties":{"cadnum":"2323381100:01:023:0013"},"geometry":{"type":"Polygon","coordinates":[[[35.259199,47.358824],[35.260534,47.358934],[35.260534,47.358935],[35.263678,47.359194],[35.263691,47.358906],[35.260706,47.35866],[35.259209,47.358536],[35.259199,47.358824]]]}},{"type":"Feature","properties":{"cadnum":"2323381100:01:023:0014"},"geometry":{"type":"Polygon","coordinates":[[[35.259209,47.358536],[35.260534,47.358646],[35.263691,47.358906],[35.263709,47.358522],[35.260534,47.35826],[35.259224,47.358152],[35.259209,47.358536]]]}},{"type":"Feature","properties":{"cadnum":"2323381100:01:023:0007"},"geometry":{"type":"Polygon","coordinates":[[[35.259123,47.360845],[35.260706,47.360976],[35.262696,47.36114],[35.263577,47.361212],[35.263591,47.361213],[35.263603,47.360924],[35.260534,47.360672],[35.259134,47.360557],[35.259123,47.360845]]]}},{"type":"Feature","properties":{"cadnum":"2323381100:01:023:0015"},"geometry":{"type":"Polygon","coordinates":[[[35.259224,47.358152],[35.260706,47.358274],[35.263709,47.358522],[35.263713,47.358426],[35.260534,47.358164],[35.259227,47.358056],[35.259224,47.358152]]]}},{"type":"Feature","properties":{"cadnum":"2323381100:01:023:0011"},"geometry":{"type":"Polygon","coordinates":[[[35.259172,47.359545],[35.260706,47.359673],[35.260706,47.359672],[35.263647,47.359914],[35.263666,47.359482],[35.260706,47.359239],[35.260706,47.359238],[35.259188,47.359113],[35.259172,47.359545]]]}},{"type":"Feature","properties":{"cadnum":"2323381100:01:023:0009"},"geometry":{"type":"Polygon","coordinates":[[[35.259145,47.360268],[35.260706,47.360397],[35.260706,47.360396],[35.263615,47.360636],[35.263628,47.360348],[35.260706,47.360107],[35.259156,47.359979],[35.259145,47.360268]]]}},{"type":"Feature","properties":{"cadnum":"2323381100:01:023:0017"},"geometry":{"type":"Polygon","coordinates":[[[35.259231,47.35796],[35.260534,47.358068],[35.263717,47.35833],[35.263729,47.358042],[35.260706,47.357793],[35.259241,47.357672],[35.259231,47.35796]]]}},{"type":"Feature","properties":{"cadnum":"2323381100:01:021:0008"},"geometry":{"type":"Polygon","coordinates":[[[35.254903,47.360331],[35.255041,47.360344],[35.255113,47.36035],[35.255213,47.360359],[35.259089,47.360703],[35.259101,47.360394],[35.255134,47.360042],[35.254915,47.360022],[35.254903,47.360331]]]}},{"type":"Feature","properties":{"cadnum":"2323381100:01:021:0007"},"geometry":{"type":"Polygon","coordinates":[[[35.254891,47.36064],[35.255041,47.360654],[35.255078,47.360657],[35.255213,47.360669],[35.259078,47.361012],[35.259089,47.360703],[35.255113,47.36035],[35.254903,47.360331],[35.254891,47.36064]]]}},{"type":"Feature","properties":{"cadnum":"2323381100:01:021:0013"},"geometry":{"type":"Polygon","coordinates":[[[35.254965,47.358787],[35.255041,47.358794],[35.255138,47.358803],[35.255213,47.35881],[35.255213,47.358809],[35.259146,47.359158],[35.259158,47.358849],[35.255154,47.358493],[35.254977,47.358477],[35.254965,47.358787]]]}},{"type":"Feature","properties":{"cadnum":"2323381100:01:021:0011"},"geometry":{"type":"Polygon","coordinates":[[[35.254941,47.359405],[35.255041,47.359414],[35.255058,47.359415],[35.255213,47.359429],[35.259123,47.359776],[35.259136,47.359467],[35.25511,47.35911],[35.254953,47.359096],[35.254941,47.359405]]]}},{"type":"Feature","properties":{"cadnum":"2323381100:01:021:0012"},"geometry":{"type":"Polygon","coordinates":[[[35.254953,47.359096],[35.255041,47.359104],[35.25511,47.35911],[35.255213,47.359119],[35.259136,47.359467],[35.259148,47.359158],[35.255137,47.358803],[35.254965,47.358787],[35.254953,47.359096]]]}},{"type":"Feature","properties":{"cadnum":"2323381100:01:021:0014"},"geometry":{"type":"Polygon","coordinates":[[[35.254977,47.358477],[35.255041,47.358483],[35.255154,47.358493],[35.255213,47.358499],[35.259158,47.358849],[35.259169,47.35854],[35.255213,47.358189],[35.255213,47.358188],[35.254989,47.358168],[35.254977,47.358477]]]}},{"type":"Feature","properties":{"cadnum":"2323381100:01:021:0009"},"geometry":{"type":"Polygon","coordinates":[[[35.254915,47.360022],[35.255041,47.360034],[35.255134,47.360042],[35.255213,47.36005],[35.255213,47.360049],[35.259101,47.360394],[35.259113,47.360085],[35.255041,47.359723],[35.25493,47.359713],[35.254915,47.360022]]]}},{"type":"Feature","properties":{"cadnum":"2323381100:01:021:0015"},"geometry":{"type":"Polygon","coordinates":[[[35.254989,47.358168],[35.255041,47.358173],[35.255041,47.358174],[35.259169,47.35854],[35.259181,47.35823],[35.255049,47.357864],[35.255001,47.357859],[35.254989,47.358168]]]}},{"type":"Feature","properties":{"cadnum":"2323381100:01:021:0010"},"geometry":{"type":"Polygon","coordinates":[[[35.254927,47.359713],[35.255041,47.359724],[35.259113,47.360085],[35.259123,47.359776],[35.255041,47.359414],[35.254939,47.359405],[35.254927,47.359713]]]}},{"type":"Feature","properties":{"cadnum":"2323381100:01:021:0016"},"geometry":{"type":"Polygon","coordinates":[[[35.255001,47.357859],[35.255041,47.357863],[35.255049,47.357864],[35.255213,47.357878],[35.259181,47.35823],[35.259193,47.357921],[35.25512,47.357559],[35.255013,47.35755],[35.255001,47.357859]]]}},{"type":"Feature","properties":{"cadnum":"2323381100:04:007:0002"},"geometry":{"type":"Polygon","coordinates":[[[35.307553,47.353349],[35.310144,47.353549],[35.310145,47.353549],[35.310988,47.353614],[35.311019,47.352844],[35.310145,47.352777],[35.310144,47.352777],[35.30758,47.352579],[35.307553,47.353349]]]}},{"type":"Feature","properties":{"cadnum":"2323381100:04:007:0005"},"geometry":{"type":"Polygon","coordinates":[[[35.307634,47.35104],[35.309973,47.35122],[35.309973,47.351221],[35.311079,47.351305],[35.31111,47.350537],[35.310145,47.350463],[35.310144,47.350463],[35.307661,47.350271],[35.307634,47.35104]]]}},{"type":"Feature","properties":{"cadnum":"2323381100:04:007:0006"},"geometry":{"type":"Polygon","coordinates":[[[35.307661,47.350271],[35.309973,47.35045],[35.31111,47.350537],[35.311131,47.349976],[35.31114,47.34977],[35.309973,47.34968],[35.309973,47.349681],[35.307688,47.349504],[35.30767,47.349976],[35.307669,47.350023],[35.307666,47.350092],[35.307661,47.350271]]]}},{"type":"Feature","properties":{"cadnum":"2323381100:04:008:0006"},"geometry":{"type":"Polygon","coordinates":[[[35.311212,47.352838],[35.315442,47.353159],[35.315454,47.352853],[35.311221,47.352533],[35.311212,47.352838]]]}},{"type":"Feature","properties":{"cadnum":"2323381100:04:008:0004"},"geometry":{"type":"Polygon","coordinates":[[[35.311201,47.353144],[35.315431,47.353466],[35.315442,47.35316],[35.315442,47.353159],[35.311212,47.352838],[35.311201,47.353144]]]}},{"type":"Feature","properties":{"cadnum":"2323381100:04:008:0003"},"geometry":{"type":"Polygon","coordinates":[[[35.311181,47.353773],[35.311719,47.353814],[35.31172,47.353814],[35.315406,47.354094],[35.315432,47.353784],[35.315411,47.353782],[35.311205,47.35344],[35.311187,47.353697],[35.311186,47.353697],[35.311181,47.353773]]]}},{"type":"Feature","properties":{"cadnum":"2323381100:04:007:0004"},"geometry":{"type":"Polygon","coordinates":[[[35.307607,47.351808],[35.310144,47.352005],[35.310144,47.352004],[35.310145,47.352004],[35.311048,47.352074],[35.311079,47.351305],[35.310145,47.351234],[35.310144,47.351234],[35.310144,47.351233],[35.307634,47.35104],[35.307607,47.351808]]]}},{"type":"Feature","properties":{"cadnum":"2323381100:04:008:0005"},"geometry":{"type":"Polygon","coordinates":[[[35.311201,47.353144],[35.311205,47.35344],[35.314369,47.353697],[35.315291,47.353772],[35.315431,47.353784],[35.315431,47.353466],[35.311201,47.353144]]]}},{"type":"Feature","properties":{"cadnum":"2323381100:04:007:0001"},"geometry":{"type":"Polygon","coordinates":[[[35.307525,47.354121],[35.310144,47.354323],[35.310145,47.354323],[35.310957,47.354385],[35.310979,47.353814],[35.31098,47.353814],[35.310988,47.353614],[35.309973,47.353536],[35.307553,47.353349],[35.30754,47.353697],[35.307525,47.354121]]]}},{"type":"Feature","properties":{"cadnum":"2323381100:04:007:0003"},"geometry":{"type":"Polygon","coordinates":[[[35.30758,47.352579],[35.309973,47.352764],[35.311019,47.352844],[35.311048,47.352074],[35.309973,47.351991],[35.307607,47.351808],[35.30758,47.352579]]]}},{"type":"Feature","properties":{"cadnum":"2323381100:01:030:0011"},"geometry":{"type":"Polygon","coordinates":[[[35.270066,47.374318],[35.271692,47.374447],[35.271692,47.374446],[35.27396,47.374625],[35.274002,47.37403],[35.274007,47.373943],[35.271521,47.373746],[35.270108,47.373635],[35.270066,47.374318]]]}},{"type":"Feature","properties":{"cadnum":"2323381100:01:030:0010"},"geometry":{"type":"Polygon","coordinates":[[[35.270021,47.375001],[35.271692,47.375133],[35.273913,47.375308],[35.273948,47.374796],[35.27396,47.374625],[35.271521,47.374433],[35.270066,47.374318],[35.270021,47.375001]]]}},{"type":"Feature","properties":{"cadnum":"2323381100:01:030:0009"},"geometry":{"type":"Polygon","coordinates":[[[35.269978,47.375682],[35.271692,47.375817],[35.273866,47.375988],[35.273913,47.375308],[35.271521,47.37512],[35.270021,47.375001],[35.269978,47.375682]]]}},{"type":"Feature","properties":{"cadnum":"2323381100:01:030:0012"},"geometry":{"type":"Polygon","coordinates":[[[35.270108,47.373635],[35.271692,47.37376],[35.274007,47.373943],[35.274054,47.373262],[35.271521,47.373063],[35.270151,47.372955],[35.270108,47.373635]]]}},{"type":"Feature","properties":{"cadnum":"2323381100:03:008:0038"},"geometry":{"type":"Polygon","coordinates":[[[35.336312,47.366471],[35.337438,47.366514],[35.337439,47.366514],[35.337439,47.366515],[35.341722,47.366679],[35.341793,47.36619],[35.33761,47.36603],[35.33634,47.365981],[35.336312,47.366471]]]}},{"type":"Feature","properties":{"cadnum":"2323381100:03:008:0010"},"geometry":{"type":"Polygon","coordinates":[[[35.336367,47.365495],[35.337438,47.365536],[35.337439,47.365536],[35.341864,47.365706],[35.341935,47.365226],[35.33761,47.36506],[35.336394,47.365012],[35.336378,47.36531],[35.336367,47.365495]]]}},{"type":"Feature","properties":{"cadnum":"2323381100:03:008:0037"},"geometry":{"type":"Polygon","coordinates":[[[35.336285,47.366965],[35.33761,47.367017],[35.33761,47.367016],[35.341651,47.367171],[35.341722,47.366679],[35.33761,47.366521],[35.336312,47.366471],[35.336305,47.366606],[35.336285,47.366965]]]}},{"type":"Feature","properties":{"cadnum":"2323381100:03:008:0039"},"geometry":{"type":"Polygon","coordinates":[[[35.33634,47.365981],[35.337438,47.366023],[35.337439,47.366023],[35.341793,47.36619],[35.341864,47.365706],[35.33761,47.365543],[35.336367,47.365495],[35.33634,47.365981]]]}},{"type":"Feature","properties":{"cadnum":"2323381100:03:008:0049"},"geometry":{"type":"Polygon","coordinates":[[[35.336229,47.367965],[35.337438,47.368012],[35.337439,47.368012],[35.337439,47.368013],[35.341505,47.368169],[35.341651,47.367171],[35.337439,47.36701],[35.337438,47.36701],[35.336285,47.366965],[35.336281,47.367038],[35.336229,47.367965]]]}},{"type":"Feature","properties":{"cadnum":"2323381100:01:008:0011"},"geometry":{"type":"Polygon","coordinates":[[[35.268846,47.341825],[35.271692,47.342063],[35.272925,47.342166],[35.272946,47.341753],[35.271521,47.341634],[35.268871,47.341412],[35.268846,47.341825]]]}},{"type":"Feature","properties":{"cadnum":"2323381100:01:001:0002"},"geometry":{"type":"Polygon","coordinates":[[[35.268808,47.340232],[35.271521,47.340456],[35.271521,47.340457],[35.272958,47.340575],[35.272972,47.339886],[35.271521,47.339766],[35.271521,47.339767],[35.268828,47.339544],[35.268808,47.340232]]]}},{"type":"Feature","properties":{"cadnum":"2323381100:01:001:0001"},"geometry":{"type":"Polygon","coordinates":[[[35.268786,47.340919],[35.271692,47.34116],[35.271692,47.341159],[35.272945,47.341262],[35.272958,47.340575],[35.271692,47.340471],[35.268808,47.340232],[35.268786,47.340919]]]}},{"type":"Feature","properties":{"cadnum":"2323381100:01:001:0003"},"geometry":{"type":"Polygon","coordinates":[[[35.268828,47.339544],[35.271692,47.339781],[35.272972,47.339886],[35.272984,47.339196],[35.271692,47.33909],[35.271692,47.339089],[35.268873,47.338857],[35.268848,47.338855],[35.268845,47.338926],[35.268846,47.338926],[35.268828,47.339544]]]}},{"type":"Feature","properties":{"cadnum":"2323381100:01:008:0010"},"geometry":{"type":"Polygon","coordinates":[[[35.268824,47.342237],[35.271692,47.342477],[35.272903,47.342578],[35.272925,47.342166],[35.271521,47.342048],[35.271521,47.342049],[35.268846,47.341825],[35.268824,47.342237]]]}},{"type":"Feature","properties":{"cadnum":"2323381100:05:016:0003"},"geometry":{"type":"Polygon","coordinates":[[[35.297058,47.373367],[35.297511,47.373403],[35.297565,47.372928],[35.297585,47.372747],[35.297144,47.372704],[35.297058,47.373367]]]}},{"type":"Feature","properties":{"cadnum":"2323381100:05:014:0008"},"geometry":{"type":"Polygon","coordinates":[[[35.297702,47.374425],[35.29812,47.374484],[35.298252,47.373793],[35.29783,47.373734],[35.297702,47.374425]]]}},{"type":"Feature","properties":{"cadnum":"2323381100:05:014:0018"},"geometry":{"type":"Polygon","coordinates":[[[35.296694,47.37389],[35.296791,47.373899],[35.296778,47.374],[35.296963,47.374011],[35.296916,47.374265],[35.297244,47.374291],[35.297336,47.373642],[35.296833,47.373588],[35.296806,47.373793],[35.296715,47.373785],[35.296694,47.37389]]]}},{"type":"Feature","properties":{"cadnum":"2323381100:05:014:0009"},"geometry":{"type":"Polygon","coordinates":[[[35.297533,47.375304],[35.297959,47.375364],[35.29812,47.374484],[35.297702,47.374425],[35.297533,47.375304]]]}},{"type":"Feature","properties":{"cadnum":"2323381100:05:014:0024"},"geometry":{"type":"Polygon","coordinates":[[[35.298439,47.375324],[35.298879,47.375403],[35.299013,47.374659],[35.299015,47.374528],[35.298536,47.374457],[35.298439,47.375324]]]}},{"type":"Feature","properties":{"cadnum":"2323381100:05:014:0014"},"geometry":{"type":"Polygon","coordinates":[[[35.296099,47.374151],[35.296133,47.374151],[35.296131,47.374106],[35.296099,47.374106],[35.296099,47.374151]]]}},{"type":"Feature","properties":{"cadnum":"2323381100:05:012:0017"},"geometry":{"type":"Polygon","coordinates":[[[35.29772,47.377121],[35.297755,47.377124],[35.297938,47.377144],[35.298061,47.376625],[35.298061,47.376624],[35.298595,47.376673],[35.298695,47.376021],[35.298779,47.375489],[35.298205,47.375443],[35.298037,47.376021],[35.298015,47.376096],[35.298003,47.376138],[35.29772,47.377121]]]}},{"type":"Feature","properties":{"cadnum":"2323381100:05:012:0012"},"geometry":{"type":"Polygon","coordinates":[[[35.297082,47.376367],[35.297517,47.376421],[35.297618,47.376035],[35.297759,47.375502],[35.297315,47.375447],[35.297169,47.376021],[35.297161,47.376054],[35.29714,47.376138],[35.297082,47.376367]]]}},{"type":"Feature","properties":{"cadnum":"2323381100:05:012:0015"},"geometry":{"type":"Polygon","coordinates":[[[35.296662,47.376242],[35.297063,47.376294],[35.297109,47.376138],[35.297346,47.375335],[35.296928,47.375289],[35.296723,47.376021],[35.296708,47.376075],[35.29669,47.376138],[35.296691,47.376138],[35.296662,47.376242]]]}},{"type":"Feature","properties":{"cadnum":"2323381100:05:014:0023"},"geometry":{"type":"Polygon","coordinates":[[[35.297114,47.375118],[35.297561,47.375156],[35.2977,47.374425],[35.297719,47.374329],[35.29726,47.374288],[35.297114,47.375118]]]}},{"type":"Feature","properties":{"cadnum":"2323381100:05:014:0021"},"geometry":{"type":"Polygon","coordinates":[[[35.296747,47.37517],[35.297089,47.375199],[35.297235,47.374361],[35.297244,47.374291],[35.296916,47.374265],[35.296747,47.37517]]]}},{"type":"Feature","properties":{"cadnum":"2323381100:05:014:0022"},"geometry":{"type":"Polygon","coordinates":[[[35.297978,47.375269],[35.298186,47.375287],[35.298461,47.373811],[35.298273,47.373795],[35.298133,47.37449],[35.297978,47.375269]]]}},{"type":"Feature","properties":{"cadnum":"2323381100:05:014:0025"},"geometry":{"type":"Polygon","coordinates":[[[35.298536,47.374457],[35.299015,47.374528],[35.299017,47.374375],[35.299032,47.37387],[35.298608,47.373807],[35.298552,47.374317],[35.298536,47.374457]]]}},{"type":"Feature","properties":{"cadnum":"2323381100:05:015:0007"},"geometry":{"type":"Polygon","coordinates":[[[35.294357,47.373052],[35.294786,47.373107],[35.294861,47.372413],[35.294427,47.372381],[35.294357,47.373052]]]}},{"type":"Feature","properties":{"cadnum":"2323381100:05:039:0006"},"geometry":{"type":"Polygon","coordinates":[[[35.294427,47.376723],[35.294791,47.37677],[35.294892,47.37641],[35.294975,47.376045],[35.294566,47.375996],[35.29456,47.376021],[35.294559,47.376021],[35.294476,47.376378],[35.294427,47.376723]]]}},{"type":"Feature","properties":{"cadnum":"2323381100:05:039:0015"},"geometry":{"type":"Polygon","coordinates":[[[35.294067,47.376149],[35.294592,47.376223],[35.294616,47.376104],[35.294817,47.375153],[35.294326,47.375083],[35.294069,47.376138],[35.29407,47.376138],[35.294067,47.376149]]]}},{"type":"Feature","properties":{"cadnum":"2323381100:05:039:0018"},"geometry":{"type":"Polygon","coordinates":[[[35.293332,47.376605],[35.293493,47.376626],[35.293644,47.376645],[35.293665,47.376648],[35.293787,47.376663],[35.29391,47.376064],[35.293971,47.375773],[35.293599,47.375726],[35.293489,47.375712],[35.293435,47.376021],[35.293434,47.376021],[35.293332,47.376605]]]}},{"type":"Feature","properties":{"cadnum":"2323381100:05:039:0007"},"geometry":{"type":"Polygon","coordinates":[[[35.294566,47.375996],[35.294975,47.376045],[35.295162,47.375082],[35.294759,47.375016],[35.294566,47.375996]]]}},{"type":"Feature","properties":{"cadnum":"2323381100:05:016:0006"},"geometry":{"type":"Polygon","coordinates":[[[35.295785,47.373181],[35.295883,47.373199],[35.296178,47.373233],[35.296197,47.373126],[35.296263,47.372518],[35.295834,47.372477],[35.295833,47.372477],[35.295785,47.373181]]]}},{"type":"Feature","properties":{"cadnum":"2323381100:03:010:0020"},"geometry":{"type":"Polygon","coordinates":[[[35.358313,47.365786],[35.359411,47.365829],[35.362307,47.365939],[35.362406,47.365266],[35.359411,47.365151],[35.359411,47.365152],[35.358415,47.365113],[35.358313,47.365786]]]}},{"type":"Feature","properties":{"cadnum":"2323381100:03:010:0021"},"geometry":{"type":"Polygon","coordinates":[[[35.358212,47.366455],[35.359411,47.366501],[35.362207,47.366607],[35.362307,47.365939],[35.359583,47.365835],[35.358313,47.365786],[35.358212,47.366455]]]}},{"type":"Feature","properties":{"cadnum":"2323381100:03:010:0037"},"geometry":{"type":"Polygon","coordinates":[[[35.357909,47.368459],[35.359411,47.368516],[35.359411,47.368517],[35.361908,47.368611],[35.362108,47.367276],[35.359411,47.367172],[35.359411,47.367173],[35.358112,47.367122],[35.357909,47.368458],[35.357909,47.368459]]]}},{"type":"Feature","properties":{"cadnum":"2323381100:03:010:0022"},"geometry":{"type":"Polygon","coordinates":[[[35.358112,47.367122],[35.359583,47.36718],[35.359583,47.367179],[35.362108,47.367276],[35.362207,47.366607],[35.359583,47.366508],[35.359583,47.366507],[35.358212,47.366455],[35.358112,47.367122]]]}},{"type":"Feature","properties":{"cadnum":"2323381100:05:033:0004"},"geometry":{"type":"Polygon","coordinates":[[[35.316315,47.382089],[35.316753,47.382113],[35.316803,47.381525],[35.316383,47.381666],[35.316315,47.382089]]]}},{"type":"Feature","properties":{"cadnum":"2323381100:05:033:0005"},"geometry":{"type":"Polygon","coordinates":[[[35.31621,47.382725],[35.316698,47.382752],[35.316753,47.382113],[35.316315,47.382089],[35.31621,47.382725]]]}},{"type":"Feature","properties":{"cadnum":"2323381100:05:033:0003"},"geometry":{"type":"Polygon","coordinates":[[[35.319076,47.381112],[35.319622,47.381199],[35.319698,47.381014],[35.319151,47.380928],[35.319076,47.381112]]]}},{"type":"Feature","properties":{"cadnum":"2323381100:05:033:0010"},"geometry":{"type":"Polygon","coordinates":[[[35.318147,47.382869],[35.319771,47.383166],[35.319905,47.382247],[35.318245,47.381945],[35.318147,47.382869]]]}},{"type":"Feature","properties":{"cadnum":"2323381100:05:033:0006"},"geometry":{"type":"Polygon","coordinates":[[[35.316827,47.381012],[35.317441,47.38111],[35.317549,47.380581],[35.316896,47.380479],[35.316827,47.381012]]]}},{"type":"Feature","properties":{"cadnum":"2323381100:05:033:0008"},"geometry":{"type":"Polygon","coordinates":[[[35.318424,47.380856],[35.318867,47.380925],[35.31909,47.380377],[35.318593,47.380299],[35.318424,47.380856]]]}},{"type":"Feature","properties":{"cadnum":"2323381100:05:033:0002"},"geometry":{"type":"Polygon","coordinates":[[[35.319151,47.380928],[35.319698,47.381014],[35.319913,47.380509],[35.319358,47.38042],[35.319151,47.380928]]]}},{"type":"Feature","properties":{"cadnum":"2323381100:05:031:0021"},"geometry":{"type":"Polygon","coordinates":[[[35.314923,47.380839],[35.315466,47.380897],[35.315585,47.38091],[35.315638,47.380506],[35.315638,47.380505],[35.315654,47.38038],[35.315517,47.380361],[35.315066,47.380293],[35.314923,47.380839]]]}},{"type":"Feature","properties":{"cadnum":"2323381100:05:031:0019"},"geometry":{"type":"Polygon","coordinates":[[[35.315066,47.380293],[35.315466,47.380353],[35.315517,47.380361],[35.315638,47.380379],[35.315638,47.380378],[35.315654,47.38038],[35.315722,47.379854],[35.315638,47.379842],[35.315638,47.379841],[35.3152,47.379777],[35.315179,47.379857],[35.315179,47.379858],[35.315066,47.380293]]]}},{"type":"Feature","properties":{"cadnum":"2323381100:04:011:0037"},"geometry":{"type":"Polygon","coordinates":[[[35.293201,47.342238],[35.293493,47.342263],[35.293493,47.342264],[35.296936,47.342558],[35.296955,47.341834],[35.293665,47.341553],[35.293225,47.341515],[35.293201,47.342238]]]}},{"type":"Feature","properties":{"cadnum":"2323381100:04:011:0038"},"geometry":{"type":"Polygon","coordinates":[[[35.293225,47.341515],[35.293493,47.341538],[35.293493,47.341539],[35.296955,47.341834],[35.296973,47.341109],[35.293665,47.340826],[35.293249,47.34079],[35.293225,47.341515]]]}},{"type":"Feature","properties":{"cadnum":"2323381100:04:011:0040"},"geometry":{"type":"Polygon","coordinates":[[[35.293273,47.340067],[35.293493,47.340086],[35.296992,47.340385],[35.297012,47.339666],[35.293665,47.339379],[35.293297,47.339347],[35.293273,47.340067]]]}},{"type":"Feature","properties":{"cadnum":"2323381100:04:011:0039"},"geometry":{"type":"Polygon","coordinates":[[[35.293249,47.34079],[35.293493,47.340811],[35.296973,47.341109],[35.296992,47.340385],[35.293665,47.340101],[35.293273,47.340067],[35.293249,47.34079]]]}},{"type":"Feature","properties":{"cadnum":"2323381100:04:014:0004"},"geometry":{"type":"Polygon","coordinates":[[[35.315475,47.348374],[35.315638,47.348387],[35.319433,47.348686],[35.319465,47.347983],[35.315501,47.34767],[35.315475,47.348374]]]}},{"type":"Feature","properties":{"cadnum":"2323381100:04:014:0003"},"geometry":{"type":"Polygon","coordinates":[[[35.315501,47.34767],[35.315638,47.347681],[35.315638,47.34768],[35.319465,47.347983],[35.319496,47.347278],[35.315526,47.346965],[35.315501,47.34767]]]}},{"type":"Feature","properties":{"cadnum":"2323381100:04:014:0005"},"geometry":{"type":"Polygon","coordinates":[[[35.315451,47.349073],[35.315466,47.349075],[35.315609,47.349087],[35.315638,47.349089],[35.319402,47.349385],[35.319433,47.348686],[35.315475,47.348374],[35.315451,47.349073]]]}},{"type":"Feature","properties":{"cadnum":"2323381100:03:010:0017"},"geometry":{"type":"Polygon","coordinates":[[[35.353974,47.365536],[35.35409,47.365541],[35.358261,47.365701],[35.358356,47.365064],[35.354172,47.364904],[35.354071,47.3649],[35.354059,47.364977],[35.353974,47.365536]]]}},{"type":"Feature","properties":{"cadnum":"2323381100:03:010:0018"},"geometry":{"type":"Polygon","coordinates":[[[35.354071,47.3649],[35.354172,47.364904],[35.356083,47.364977],[35.358356,47.365064],[35.358378,47.364909],[35.358452,47.364426],[35.354168,47.364262],[35.354077,47.364861],[35.354076,47.364861],[35.354071,47.3649]]]}},{"type":"Feature","properties":{"cadnum":"2323381100:05:032:0006"},"geometry":{"type":"Polygon","coordinates":[[[35.312756,47.376327],[35.313229,47.376413],[35.313407,47.376021],[35.313462,47.375902],[35.312989,47.375817],[35.312841,47.376138],[35.312842,47.376138],[35.312756,47.376327]]]}},{"type":"Feature","properties":{"cadnum":"2323381100:05:032:0017"},"geometry":{"type":"Polygon","coordinates":[[[35.313685,47.376832],[35.313963,47.376927],[35.314087,47.377145],[35.314191,47.377171],[35.314419,47.376052],[35.313977,47.37599],[35.313966,47.376021],[35.313965,47.376021],[35.313928,47.37613],[35.313925,47.376138],[35.313685,47.376832]]]}},{"type":"Feature","properties":{"cadnum":"2323381100:05:032:0003"},"geometry":{"type":"Polygon","coordinates":[[[35.313084,47.376731],[35.313562,47.376807],[35.313816,47.376069],[35.31385,47.375971],[35.313462,47.375902],[35.313354,47.376138],[35.313229,47.376413],[35.313084,47.376731]]]}},{"type":"Feature","properties":{"cadnum":"2323381100:05:032:0010"},"geometry":{"type":"Polygon","coordinates":[[[35.314191,47.377171],[35.314769,47.377205],[35.314944,47.376122],[35.314623,47.37608],[35.314419,47.376052],[35.314401,47.376138],[35.314191,47.377171]]]}},{"type":"Feature","properties":{"cadnum":"2323381100:05:031:0008"},"geometry":{"type":"Polygon","coordinates":[[[35.313084,47.380436],[35.313397,47.380476],[35.313516,47.380133],[35.313642,47.37977],[35.313713,47.379563],[35.313401,47.379523],[35.313325,47.379741],[35.313324,47.379741],[35.31329,47.379839],[35.313284,47.379857],[35.313284,47.379858],[35.313084,47.380436]]]}},{"type":"Feature","properties":{"cadnum":"2323381100:05:032:0018"},"geometry":{"type":"Polygon","coordinates":[[[35.314701,47.379476],[35.315219,47.379555],[35.315399,47.379006],[35.314883,47.378927],[35.314701,47.379476]]]}},{"type":"Feature","properties":{"cadnum":"2323381100:05:031:0017"},"geometry":{"type":"Polygon","coordinates":[[[35.314506,47.38023],[35.315061,47.380312],[35.3152,47.379777],[35.314687,47.379699],[35.314672,47.379741],[35.314662,47.379769],[35.314632,47.379857],[35.314632,47.379858],[35.314506,47.38023]]]}},{"type":"Feature","properties":{"cadnum":"2323381100:05:032:0007"},"geometry":{"type":"Polygon","coordinates":[[[35.314018,47.379382],[35.314408,47.37943],[35.314624,47.378652],[35.314275,47.378611],[35.314225,47.378756],[35.314119,47.379074],[35.314018,47.379382]]]}},{"type":"Feature","properties":{"cadnum":"2323381100:05:031:0009"},"geometry":{"type":"Polygon","coordinates":[[[35.312776,47.380534],[35.313036,47.380578],[35.313297,47.379821],[35.313401,47.379523],[35.313119,47.379487],[35.313035,47.379741],[35.312776,47.380534]]]}},{"type":"Feature","properties":{"cadnum":"2323381100:05:032:0012"},"geometry":{"type":"Polygon","coordinates":[[[35.313438,47.378965],[35.314119,47.379074],[35.314225,47.378756],[35.313558,47.378649],[35.313438,47.378965]]]}},{"type":"Feature","properties":{"cadnum":"2323381100:05:032:0008"},"geometry":{"type":"Polygon","coordinates":[[[35.314275,47.378611],[35.314624,47.378652],[35.314769,47.378131],[35.314453,47.378093],[35.314275,47.378611]]]}},{"type":"Feature","properties":{"cadnum":"2323381100:05:024:0014"},"geometry":{"type":"Polygon","coordinates":[[[35.310582,47.378094],[35.31093,47.378147],[35.311298,47.377256],[35.310963,47.377197],[35.310962,47.377197],[35.310582,47.378094]]]}},{"type":"Feature","properties":{"cadnum":"2323381100:05:024:0003"},"geometry":{"type":"Polygon","coordinates":[[[35.310134,47.377938],[35.310442,47.378005],[35.31059,47.377687],[35.310287,47.37762],[35.310134,47.377938]]]}},{"type":"Feature","properties":{"cadnum":"2323381100:05:024:0015"},"geometry":{"type":"Polygon","coordinates":[[[35.310921,47.37817],[35.311283,47.378225],[35.311653,47.377319],[35.311298,47.377256],[35.310921,47.37817]]]}},{"type":"Feature","properties":{"cadnum":"2323381100:05:024:0001"},"geometry":{"type":"Polygon","coordinates":[[[35.309719,47.378749],[35.309973,47.378788],[35.309973,47.378789],[35.310092,47.378807],[35.310144,47.378687],[35.310144,47.378686],[35.310293,47.378344],[35.310442,47.378005],[35.310134,47.377938],[35.309965,47.378308],[35.309794,47.37855],[35.309719,47.378749]]]}},{"type":"Feature","properties":{"cadnum":"2323381100:05:024:0016"},"geometry":{"type":"Polygon","coordinates":[[[35.310603,47.37894],[35.310968,47.378996],[35.311283,47.378225],[35.310921,47.37817],[35.310603,47.37894]]]}},{"type":"Feature","properties":{"cadnum":"2323381100:05:031:0012"},"geometry":{"type":"Polygon","coordinates":[[[35.309908,47.380011],[35.309973,47.380021],[35.309973,47.380022],[35.310468,47.380099],[35.310556,47.379834],[35.310592,47.379727],[35.310059,47.379642],[35.310018,47.379741],[35.310017,47.379741],[35.309976,47.379843],[35.30997,47.379857],[35.30997,47.379858],[35.309908,47.380011]]]}},{"type":"Feature","properties":{"cadnum":"2323381100:05:031:0013"},"geometry":{"type":"Polygon","coordinates":[[[35.310843,47.380412],[35.311168,47.38045],[35.311336,47.379857],[35.311337,47.379857],[35.3115,47.379285],[35.311291,47.379259],[35.311058,47.379857],[35.311058,47.379858],[35.310843,47.380412]]]}},{"type":"Feature","properties":{"cadnum":"2323381100:01:014:0017"},"geometry":{"type":"Polygon","coordinates":[[[35.255225,47.351186],[35.2594,47.351478],[35.259409,47.351169],[35.255234,47.350877],[35.255225,47.351186]]]}},{"type":"Feature","properties":{"cadnum":"2323381100:01:014:0018"},"geometry":{"type":"Polygon","coordinates":[[[35.255234,47.350877],[35.259409,47.351169],[35.259418,47.35086],[35.255245,47.350568],[35.255234,47.350877]]]}},{"type":"Feature","properties":{"cadnum":"2323381100:01:014:0010"},"geometry":{"type":"Polygon","coordinates":[[[35.255156,47.353347],[35.259334,47.353639],[35.259343,47.353331],[35.255166,47.353039],[35.255156,47.353347]]]}},{"type":"Feature","properties":{"cadnum":"2323381100:01:014:0011"},"geometry":{"type":"Polygon","coordinates":[[[35.255166,47.353039],[35.259343,47.353331],[35.259353,47.353022],[35.255175,47.35273],[35.255166,47.353039]]]}},{"type":"Feature","properties":{"cadnum":"2323381100:01:014:0013"},"geometry":{"type":"Polygon","coordinates":[[[35.255186,47.352421],[35.259362,47.352713],[35.259372,47.352404],[35.255195,47.352112],[35.255186,47.352421]]]}},{"type":"Feature","properties":{"cadnum":"2323381100:01:014:0014"},"geometry":{"type":"Polygon","coordinates":[[[35.255195,47.352112],[35.259372,47.352404],[35.259381,47.352096],[35.255205,47.351803],[35.255195,47.352112]]]}},{"type":"Feature","properties":{"cadnum":"2323381100:01:014:0016"},"geometry":{"type":"Polygon","coordinates":[[[35.255215,47.351495],[35.25939,47.351787],[35.2594,47.351478],[35.255225,47.351186],[35.255215,47.351495]]]}},{"type":"Feature","properties":{"cadnum":"2323381100:01:014:0012"},"geometry":{"type":"Polygon","coordinates":[[[35.255175,47.35273],[35.259353,47.353022],[35.259362,47.352713],[35.255186,47.352421],[35.255175,47.35273]]]}},{"type":"Feature","properties":{"cadnum":"2323381100:01:014:0015"},"geometry":{"type":"Polygon","coordinates":[[[35.255205,47.351803],[35.259381,47.352096],[35.25939,47.351787],[35.255215,47.351495],[35.255205,47.351803]]]}},{"type":"Feature","properties":{"cadnum":"2323381100:01:014:0019"},"geometry":{"type":"Polygon","coordinates":[[[35.255245,47.350568],[35.259418,47.35086],[35.259428,47.350551],[35.255254,47.350259],[35.255245,47.350568]]]}},{"type":"Feature","properties":{"cadnum":"2323381100:01:015:0009"},"geometry":{"type":"Polygon","coordinates":[[[35.259392,47.353118],[35.260534,47.35321],[35.263887,47.35348],[35.263896,47.353191],[35.260706,47.352934],[35.2594,47.352829],[35.259392,47.353118]]]}},{"type":"Feature","properties":{"cadnum":"2323381100:01:015:0004"},"geometry":{"type":"Polygon","coordinates":[[[35.259443,47.351384],[35.260706,47.351487],[35.260706,47.351486],[35.263942,47.351747],[35.263951,47.351458],[35.260706,47.351197],[35.259451,47.351095],[35.259443,47.351384]]]}},{"type":"Feature","properties":{"cadnum":"2323381100:01:015:0007"},"geometry":{"type":"Polygon","coordinates":[[[35.259409,47.35254],[35.260706,47.352645],[35.263906,47.352902],[35.263915,47.352613],[35.260706,47.352356],[35.260706,47.352355],[35.259417,47.352251],[35.259409,47.35254]]]}},{"type":"Feature","properties":{"cadnum":"2323381100:01:015:0006"},"geometry":{"type":"Polygon","coordinates":[[[35.259417,47.352251],[35.260534,47.352341],[35.260534,47.352342],[35.263915,47.352613],[35.263925,47.352325],[35.260706,47.352066],[35.259425,47.351962],[35.259417,47.352251]]]}},{"type":"Feature","properties":{"cadnum":"2323381100:01:015:0003"},"geometry":{"type":"Polygon","coordinates":[[[35.259452,47.351095],[35.260706,47.351197],[35.260706,47.351196],[35.263951,47.351458],[35.263963,47.35117],[35.260706,47.350907],[35.25946,47.350806],[35.259452,47.351095]]]}},{"type":"Feature","properties":{"cadnum":"2323381100:01:015:0010"},"geometry":{"type":"Polygon","coordinates":[[[35.259382,47.353407],[35.260534,47.3535],[35.263879,47.353769],[35.263887,47.35348],[35.260706,47.353224],[35.25939,47.353118],[35.259382,47.353407]]]}},{"type":"Feature","properties":{"cadnum":"2323381100:01:015:0005"},"geometry":{"type":"Polygon","coordinates":[[[35.259425,47.351962],[35.260534,47.352052],[35.263925,47.352325],[35.263942,47.351747],[35.260534,47.351472],[35.260534,47.351473],[35.259443,47.351384],[35.259425,47.351962]]]}},{"type":"Feature","properties":{"cadnum":"2323381100:01:015:0008"},"geometry":{"type":"Polygon","coordinates":[[[35.2594,47.352829],[35.260534,47.35292],[35.260534,47.352921],[35.263896,47.353191],[35.263906,47.352902],[35.260534,47.352631],[35.259409,47.35254],[35.2594,47.352829]]]}},{"type":"Feature","properties":{"cadnum":"2323381100:01:015:0002"},"geometry":{"type":"Polygon","coordinates":[[[35.25946,47.350806],[35.260534,47.350893],[35.263961,47.35117],[35.263969,47.350881],[35.260706,47.350618],[35.259469,47.350518],[35.25946,47.350806]]]}},{"type":"Feature","properties":{"cadnum":"2323381100:01:015:0001"},"geometry":{"type":"Polygon","coordinates":[[[35.259469,47.350518],[35.260534,47.350604],[35.260534,47.350605],[35.263969,47.350881],[35.26398,47.350568],[35.260706,47.350339],[35.259476,47.350253],[35.259469,47.350518]]]}},{"type":"Feature","properties":{"cadnum":"2323381100:04:016:0001"},"geometry":{"type":"Polygon","coordinates":[[[35.307819,47.346173],[35.309026,47.346254],[35.310144,47.346329],[35.310145,47.346329],[35.311319,47.346408],[35.311323,47.346271],[35.311347,47.345589],[35.310145,47.345509],[35.310144,47.345509],[35.307844,47.345355],[35.307819,47.346173]]]}},{"type":"Feature","properties":{"cadnum":"2323381100:04:015:0007"},"geometry":{"type":"Polygon","coordinates":[[[35.311417,47.346656],[35.315451,47.347007],[35.315475,47.346254],[35.315486,47.345925],[35.311452,47.345596],[35.31143,47.346254],[35.311429,47.346254],[35.311417,47.346656]]]}},{"type":"Feature","properties":{"cadnum":"2323381100:01:029:0063"},"geometry":{"type":"Polygon","coordinates":[[[35.270821,47.36717],[35.271521,47.367224],[35.27506,47.367493],[35.275072,47.367081],[35.275079,47.366877],[35.271692,47.36662],[35.270839,47.366555],[35.270821,47.36717]]]}},{"type":"Feature","properties":{"cadnum":"2323381100:01:029:0062"},"geometry":{"type":"Polygon","coordinates":[[[35.270802,47.367785],[35.271521,47.36784],[35.271521,47.367841],[35.27504,47.368108],[35.275052,47.367738],[35.27506,47.367493],[35.271692,47.367237],[35.270821,47.36717],[35.270802,47.367785]]]}},{"type":"Feature","properties":{"cadnum":"2323381100:01:029:0064"},"geometry":{"type":"Polygon","coordinates":[[[35.270839,47.366555],[35.271521,47.366607],[35.275079,47.366877],[35.275093,47.366425],[35.275099,47.366262],[35.271692,47.366004],[35.271692,47.366003],[35.270859,47.36594],[35.270839,47.366555]]]}},{"type":"Feature","properties":{"cadnum":"2323381100:01:029:0065"},"geometry":{"type":"Polygon","coordinates":[[[35.270859,47.36594],[35.271521,47.36599],[35.271521,47.365991],[35.275099,47.366262],[35.275113,47.365767],[35.275117,47.365647],[35.271521,47.365374],[35.270878,47.365325],[35.270859,47.36594]]]}},{"type":"Feature","properties":{"cadnum":"2323381100:03:006:0056"},"geometry":{"type":"Polygon","coordinates":[[[35.332989,47.382623],[35.333828,47.382679],[35.333988,47.379741],[35.333993,47.379644],[35.333173,47.379624],[35.333165,47.379741],[35.333164,47.379741],[35.332989,47.382623]]]}},{"type":"Feature","properties":{"cadnum":"2323381100:03:017:0007"},"geometry":{"type":"Polygon","coordinates":[[[35.331683,47.382739],[35.331945,47.38275],[35.331945,47.382751],[35.332817,47.382786],[35.333001,47.379786],[35.332647,47.379787],[35.332117,47.37979],[35.33175,47.379791],[35.331783,47.379857],[35.331784,47.379857],[35.331881,47.380044],[35.331683,47.382739]]]}},{"type":"Feature","properties":{"cadnum":"2323381100:03:001:0005"},"geometry":{"type":"Polygon","coordinates":[[[35.334087,47.380516],[35.337063,47.38067],[35.337106,47.37988],[35.334426,47.379741],[35.334129,47.379726],[35.334128,47.379741],[35.334127,47.379741],[35.334125,47.379785],[35.334121,47.379857],[35.334121,47.379858],[35.334087,47.380516]]]}},{"type":"Feature","properties":{"cadnum":"2323381100:03:006:0052"},"geometry":{"type":"Polygon","coordinates":[[[35.331573,47.37972],[35.331829,47.379667],[35.331945,47.379665],[35.332749,47.379649],[35.332823,47.37734],[35.332822,47.37734],[35.331945,47.377306],[35.331945,47.377307],[35.331645,47.377295],[35.331573,47.37972]]]}},{"type":"Feature","properties":{"cadnum":"2323381100:03:001:0007"},"geometry":{"type":"Polygon","coordinates":[[[35.333926,47.379104],[35.336903,47.379258],[35.336946,47.378469],[35.33397,47.378314],[35.333926,47.379104]]]}},{"type":"Feature","properties":{"cadnum":"2323381100:03:006:0027"},"geometry":{"type":"Polygon","coordinates":[[[35.334062,47.378156],[35.337017,47.378441],[35.337135,47.377654],[35.33418,47.377369],[35.334062,47.378156]]]}},{"type":"Feature","properties":{"cadnum":"2323381100:03:006:0053"},"geometry":{"type":"Polygon","coordinates":[[[35.333114,47.377235],[35.334176,47.377314],[35.334299,47.376583],[35.334367,47.376138],[35.334396,47.375959],[35.334527,47.375151],[35.333889,47.375091],[35.33347,47.375057],[35.333292,47.376138],[35.333293,47.376138],[35.333114,47.377235]]]}},{"type":"Feature","properties":{"cadnum":"2323381100:03:006:0028"},"geometry":{"type":"Polygon","coordinates":[[[35.333889,47.375091],[35.334527,47.375151],[35.334396,47.375959],[35.334386,47.376021],[35.334385,47.376021],[35.334299,47.376583],[35.337255,47.376868],[35.337349,47.376243],[35.335889,47.376102],[35.334879,47.376005],[35.334878,47.376005],[35.33501,47.375111],[35.333901,47.375005],[35.333889,47.375091]]]}},{"type":"Feature","properties":{"cadnum":"2323381100:02:017:0014"},"geometry":{"type":"Polygon","coordinates":[[[35.294459,47.368053],[35.294727,47.368074],[35.294979,47.368112],[35.296125,47.368264],[35.296177,47.367008],[35.295367,47.366956],[35.294562,47.366905],[35.29451,47.366902],[35.294459,47.368053]]]}},{"type":"Feature","properties":{"cadnum":"2323381100:02:017:0005"},"geometry":{"type":"Polygon","coordinates":[[[35.295367,47.366956],[35.296177,47.367008],[35.296225,47.365799],[35.295418,47.365741],[35.295367,47.366956]]]}},{"type":"Feature","properties":{"cadnum":"2323381100:02:017:0003"},"geometry":{"type":"Polygon","coordinates":[[[35.293495,47.366837],[35.293665,47.366848],[35.294562,47.366905],[35.294613,47.365683],[35.293546,47.365605],[35.293495,47.366837]]]}},{"type":"Feature","properties":{"cadnum":"2323381100:02:017:0001"},"geometry":{"type":"Polygon","coordinates":[[[35.290859,47.36763],[35.293665,47.368005],[35.294453,47.36811],[35.294454,47.36811],[35.29451,47.366902],[35.29365,47.366847],[35.293141,47.366814],[35.2932,47.36558],[35.291015,47.365412],[35.290859,47.36763]]]}},{"type":"Feature","properties":{"cadnum":"2323381100:02:017:0004"},"geometry":{"type":"Polygon","coordinates":[[[35.294562,47.366905],[35.295367,47.366956],[35.295418,47.365741],[35.294613,47.365683],[35.294562,47.366905]]]}},{"type":"Feature","properties":{"cadnum":"2323381100:02:016:0006"},"geometry":{"type":"Polygon","coordinates":[[[35.288889,47.357269],[35.290623,47.357419],[35.291463,47.357491],[35.29197,47.357535],[35.292538,47.357584],[35.292541,47.357501],[35.292552,47.357232],[35.288903,47.356916],[35.288889,47.357269]]]}},{"type":"Feature","properties":{"cadnum":"2323381100:02:016:0004"},"geometry":{"type":"Polygon","coordinates":[[[35.288861,47.357973],[35.292512,47.358287],[35.292525,47.357936],[35.288876,47.35762],[35.288861,47.357973]]]}},{"type":"Feature","properties":{"cadnum":"2323381100:02:016:0005"},"geometry":{"type":"Polygon","coordinates":[[[35.288876,47.35762],[35.292525,47.357936],[35.292538,47.357584],[35.291463,47.357491],[35.288889,47.357269],[35.288883,47.357419],[35.288879,47.357513],[35.288879,47.357535],[35.288876,47.35762]]]}},{"type":"Feature","properties":{"cadnum":"2323381100:02:016:0002"},"geometry":{"type":"Polygon","coordinates":[[[35.288834,47.358677],[35.292485,47.358991],[35.292498,47.35864],[35.288848,47.358324],[35.288834,47.358677]]]}},{"type":"Feature","properties":{"cadnum":"2323381100:02:016:0003"},"geometry":{"type":"Polygon","coordinates":[[[35.288848,47.358324],[35.292498,47.35864],[35.292512,47.358287],[35.288861,47.357973],[35.288848,47.358324]]]}},{"type":"Feature","properties":{"cadnum":"2323381100:02:006:0011"},"geometry":{"type":"Polygon","coordinates":[[[35.286009,47.358123],[35.288172,47.358302],[35.288172,47.358301],[35.288807,47.358354],[35.288842,47.357429],[35.288,47.35736],[35.286042,47.357198],[35.286029,47.357535],[35.28603,47.357535],[35.286009,47.358123]]]}},{"type":"Feature","properties":{"cadnum":"2323381100:02:004:0011"},"geometry":{"type":"Polygon","coordinates":[[[35.28592,47.361411],[35.288172,47.361601],[35.291132,47.361849],[35.291141,47.361554],[35.291145,47.361424],[35.288108,47.361169],[35.288,47.36116],[35.287763,47.36114],[35.287762,47.36114],[35.285927,47.360985],[35.285921,47.361256],[35.285922,47.361256],[35.28592,47.361411]]]}},{"type":"Feature","properties":{"cadnum":"2323381100:02:004:0018"},"geometry":{"type":"Polygon","coordinates":[[[35.285962,47.359112],[35.288172,47.359298],[35.2912,47.359552],[35.291208,47.359305],[35.288,47.359036],[35.285966,47.358864],[35.285962,47.359112]]]}},{"type":"Feature","properties":{"cadnum":"2323381100:02:004:0013"},"geometry":{"type":"Polygon","coordinates":[[[35.285935,47.360561],[35.288,47.360735],[35.288,47.360736],[35.291157,47.361],[35.291169,47.360597],[35.288172,47.360346],[35.288172,47.360345],[35.285943,47.360158],[35.285935,47.360561]]]}},{"type":"Feature","properties":{"cadnum":"2323381100:02:004:0014"},"geometry":{"type":"Polygon","coordinates":[[[35.285943,47.360158],[35.288,47.36033],[35.288,47.360331],[35.291169,47.360597],[35.291179,47.360294],[35.288,47.360027],[35.285948,47.359854],[35.285943,47.360158]]]}},{"type":"Feature","properties":{"cadnum":"2323381100:02:004:0012"},"geometry":{"type":"Polygon","coordinates":[[[35.285927,47.360985],[35.288172,47.361174],[35.289145,47.361256],[35.289146,47.361256],[35.291145,47.361424],[35.291153,47.36114],[35.291157,47.361],[35.288,47.360735],[35.285935,47.36056],[35.285927,47.360985]]]}},{"type":"Feature","properties":{"cadnum":"2323381100:02:006:0013"},"geometry":{"type":"Polygon","coordinates":[[[35.285983,47.358784],[35.288,47.358958],[35.288,47.358959],[35.288781,47.359025],[35.288789,47.358816],[35.288172,47.358765],[35.285991,47.358585],[35.285983,47.358784]]]}},{"type":"Feature","properties":{"cadnum":"2323381100:02:004:0016"},"geometry":{"type":"Polygon","coordinates":[[[35.285952,47.359607],[35.288172,47.359794],[35.291185,47.360047],[35.291193,47.3598],[35.288,47.359532],[35.285958,47.359359],[35.285952,47.359607]]]}},{"type":"Feature","properties":{"cadnum":"2323381100:02:006:0012"},"geometry":{"type":"Polygon","coordinates":[[[35.285991,47.358585],[35.288,47.358751],[35.288789,47.358816],[35.288807,47.358354],[35.288,47.358287],[35.288,47.358288],[35.286009,47.358123],[35.285991,47.358585]]]}},{"type":"Feature","properties":{"cadnum":"2323381100:02:016:0001"},"geometry":{"type":"Polygon","coordinates":[[[35.288821,47.359029],[35.292471,47.359344],[35.292485,47.358991],[35.288834,47.358677],[35.288821,47.359029]]]}},{"type":"Feature","properties":{"cadnum":"2323381100:02:004:0015"},"geometry":{"type":"Polygon","coordinates":[[[35.285948,47.359854],[35.288172,47.360041],[35.291179,47.360294],[35.291183,47.360163],[35.291185,47.360047],[35.288,47.35978],[35.285952,47.359607],[35.285948,47.359854]]]}},{"type":"Feature","properties":{"cadnum":"2323381100:02:004:0017"},"geometry":{"type":"Polygon","coordinates":[[[35.285958,47.359359],[35.288172,47.359546],[35.291193,47.3598],[35.2912,47.359552],[35.288,47.359284],[35.285962,47.359112],[35.285958,47.359359]]]}},{"type":"Feature","properties":{"cadnum":"2323381100:02:009:0004"},"geometry":{"type":"Polygon","coordinates":[[[35.292564,47.358009],[35.293665,47.358108],[35.296332,47.358348],[35.296347,47.358002],[35.293587,47.357754],[35.292577,47.357663],[35.292564,47.358009]]]}},{"type":"Feature","properties":{"cadnum":"2323381100:02:009:0003"},"geometry":{"type":"Polygon","coordinates":[[[35.29255,47.358355],[35.293493,47.358441],[35.293606,47.358451],[35.293665,47.358456],[35.296319,47.358694],[35.296334,47.358348],[35.293493,47.358093],[35.292564,47.358009],[35.29255,47.358355]]]}},{"type":"Feature","properties":{"cadnum":"2323381100:02:009:0001"},"geometry":{"type":"Polygon","coordinates":[[[35.29251,47.359347],[35.293493,47.359432],[35.293493,47.359433],[35.29628,47.359673],[35.296302,47.359136],[35.293602,47.358894],[35.292532,47.358797],[35.29251,47.359347]]]}},{"type":"Feature","properties":{"cadnum":"2323381100:02:004:0020"},"geometry":{"type":"Polygon","coordinates":[[[35.291141,47.361554],[35.2926,47.361677],[35.292612,47.361256],[35.29264,47.360286],[35.291183,47.360163],[35.291179,47.360294],[35.291169,47.360597],[35.291157,47.361],[35.291149,47.361256],[35.29115,47.361256],[35.291145,47.361424],[35.291141,47.361554]]]}},{"type":"Feature","properties":{"cadnum":"2323381100:02:003:0007"},"geometry":{"type":"Polygon","coordinates":[[[35.292687,47.360067],[35.293665,47.36015],[35.293665,47.360149],[35.296261,47.360368],[35.296265,47.35973],[35.293493,47.359497],[35.292706,47.359431],[35.292687,47.360067]]]}},{"type":"Feature","properties":{"cadnum":"2323381100:02:003:0006"},"geometry":{"type":"Polygon","coordinates":[[[35.292664,47.360807],[35.293665,47.360892],[35.296257,47.361109],[35.296261,47.360368],[35.293493,47.360135],[35.292687,47.360067],[35.292664,47.360807]]]}},{"type":"Feature","properties":{"cadnum":"2323381100:02:009:0002"},"geometry":{"type":"Polygon","coordinates":[[[35.292532,47.358797],[35.293493,47.358884],[35.293602,47.358894],[35.293665,47.3589],[35.293665,47.358899],[35.296302,47.359136],[35.296319,47.358694],[35.293606,47.358451],[35.29255,47.358355],[35.292532,47.358797]]]}},{"type":"Feature","properties":{"cadnum":"2323381100:02:004:0019"},"geometry":{"type":"Polygon","coordinates":[[[35.291183,47.360163],[35.29264,47.360286],[35.292666,47.359427],[35.291208,47.359305],[35.2912,47.359552],[35.291193,47.3598],[35.291185,47.360047],[35.291183,47.360163]]]}},{"type":"Feature","properties":{"cadnum":"2323381100:05:028:0008"},"geometry":{"type":"Polygon","coordinates":[[[35.315591,47.373174],[35.315615,47.373655],[35.316355,47.373668],[35.316344,47.373404],[35.316335,47.373189],[35.316145,47.373184],[35.315591,47.373174]]]}},{"type":"Feature","properties":{"cadnum":"2323381100:05:028:0005"},"geometry":{"type":"Polygon","coordinates":[[[35.317251,47.373125],[35.318435,47.373222],[35.318829,47.373254],[35.318903,47.372844],[35.317325,47.372715],[35.317251,47.373125]]]}},{"type":"Feature","properties":{"cadnum":"2323381100:05:028:0017"},"geometry":{"type":"Polygon","coordinates":[[[35.315615,47.373655],[35.315638,47.374087],[35.315646,47.374299],[35.316382,47.374313],[35.316364,47.373886],[35.316355,47.373668],[35.315615,47.373655]]]}},{"type":"Feature","properties":{"cadnum":"2323381100:05:035:0016"},"geometry":{"type":"Polygon","coordinates":[[[35.317468,47.374964],[35.319134,47.375257],[35.318176,47.374513],[35.317468,47.374964]]]}},{"type":"Feature","properties":{"cadnum":"2323381100:05:028:0006"},"geometry":{"type":"Polygon","coordinates":[[[35.315646,47.374299],[35.315666,47.374846],[35.316406,47.374861],[35.316403,47.374824],[35.316387,47.374443],[35.316382,47.374313],[35.315646,47.374299]]]}},{"type":"Feature","properties":{"cadnum":"2323381100:05:035:0018"},"geometry":{"type":"Polygon","coordinates":[[[35.319169,47.374958],[35.320864,47.375255],[35.320892,47.374977],[35.319201,47.374681],[35.319169,47.374958]]]}},{"type":"Feature","properties":{"cadnum":"2323381100:05:035:0041"},"geometry":{"type":"Polygon","coordinates":[[[35.319264,47.374125],[35.32095,47.37442],[35.320979,47.374141],[35.319296,47.373846],[35.319264,47.374125]]]}},{"type":"Feature","properties":{"cadnum":"2323381100:05:028:0009"},"geometry":{"type":"Polygon","coordinates":[[[35.31717,47.373832],[35.317174,47.373903],[35.317197,47.37446],[35.317212,47.374803],[35.317618,47.37455],[35.317589,47.373871],[35.31717,47.373832]]]}},{"type":"Feature","properties":{"cadnum":"2323381100:05:035:0024"},"geometry":{"type":"Polygon","coordinates":[[[35.315985,47.37591],[35.317314,47.375795],[35.317342,47.375045],[35.315985,47.37591]]]}},{"type":"Feature","properties":{"cadnum":"2323381100:05:028:0013"},"geometry":{"type":"Polygon","coordinates":[[[35.315666,47.374846],[35.315697,47.375684],[35.315833,47.37568],[35.316423,47.375303],[35.316406,47.374861],[35.315666,47.374846]]]}},{"type":"Feature","properties":{"cadnum":"2323381100:03:012:0021"},"geometry":{"type":"Polygon","coordinates":[[[35.374713,47.374386],[35.376062,47.374441],[35.377096,47.374483],[35.377158,47.373735],[35.375891,47.373685],[35.374775,47.373639],[35.374763,47.37379],[35.374713,47.374386]]]}},{"type":"Feature","properties":{"cadnum":"2323381100:03:012:0023"},"geometry":{"type":"Polygon","coordinates":[[[35.374817,47.373132],[35.376062,47.373183],[35.3772,47.373229],[35.377261,47.372482],[35.375891,47.372427],[35.374878,47.372385],[35.374823,47.37306],[35.374817,47.373132]]]}},{"type":"Feature","properties":{"cadnum":"2323381100:03:012:0022"},"geometry":{"type":"Polygon","coordinates":[[[35.374775,47.373639],[35.376062,47.373692],[35.377158,47.373735],[35.37718,47.373472],[35.3772,47.373229],[35.375891,47.373176],[35.374817,47.373132],[35.374775,47.373639]],[[35.377165,47.373475],[35.377165,47.373493],[35.377138,47.373493],[35.377138,47.373475],[35.377165,47.373475]]]}},{"type":"Feature","properties":{"cadnum":"2323381100:03:012:0020"},"geometry":{"type":"Polygon","coordinates":[[[35.374652,47.375133],[35.376062,47.375191],[35.377033,47.37523],[35.377095,47.374483],[35.375891,47.374434],[35.374713,47.374386],[35.374701,47.374521],[35.374661,47.375018],[35.374652,47.375133]],[[35.377072,47.374646],[35.377072,47.374664],[35.377072,47.374665],[35.377046,47.374665],[35.377045,47.374665],[35.377045,47.374664],[35.377045,47.374646],[35.377046,47.374646],[35.377072,47.374646]]]}},{"type":"Feature","properties":{"cadnum":"2323381100:03:012:0019"},"geometry":{"type":"Polygon","coordinates":[[[35.37459,47.375881],[35.376062,47.375942],[35.376062,47.375941],[35.376884,47.375974],[35.376973,47.375978],[35.377035,47.37523],[35.37695,47.375227],[35.375891,47.375184],[35.374652,47.375133],[35.374601,47.375748],[35.37459,47.375881]],[[35.376981,47.375791],[35.376981,47.375809],[35.376954,47.375809],[35.376954,47.375791],[35.376981,47.375791]]]}},{"type":"Feature","properties":{"cadnum":"2323381100:03:007:0019"},"geometry":{"type":"Polygon","coordinates":[[[35.354819,47.387167],[35.354996,47.38718],[35.355151,47.387191],[35.356615,47.387296],[35.356616,47.387296],[35.358994,47.387467],[35.359038,47.38718],[35.359096,47.386818],[35.354917,47.386548],[35.354819,47.387167]]]}},{"type":"Feature","properties":{"cadnum":"2323381100:01:032:0025"},"geometry":{"type":"Polygon","coordinates":[[[35.25434,47.378154],[35.255213,47.378221],[35.255213,47.37822],[35.258187,47.378447],[35.25821,47.378107],[35.255041,47.377865],[35.254353,47.377812],[35.25434,47.378154]]]}},{"type":"Feature","properties":{"cadnum":"2323381100:01:032:0024"},"geometry":{"type":"Polygon","coordinates":[[[35.254325,47.378495],[35.255041,47.37855],[35.255041,47.378551],[35.258166,47.378788],[35.258171,47.378709],[35.258187,47.378447],[35.255041,47.378207],[35.255041,47.378208],[35.25434,47.378154],[35.254325,47.378495]]]}},{"type":"Feature","properties":{"cadnum":"2323381100:01:032:0004"},"geometry":{"type":"Polygon","coordinates":[[[35.254353,47.377812],[35.255213,47.377879],[35.255213,47.377878],[35.25821,47.378107],[35.258218,47.377973],[35.258253,47.377427],[35.255213,47.377197],[35.254383,47.377133],[35.254353,47.377812]]]}},{"type":"Feature","properties":{"cadnum":"2323381100:01:032:0002"},"geometry":{"type":"Polygon","coordinates":[[[35.254295,47.37918],[35.255041,47.379237],[35.258123,47.379471],[35.258124,47.379445],[35.258166,47.378788],[35.255213,47.378564],[35.255213,47.378563],[35.254325,47.378495],[35.254295,47.37918]]]}},{"type":"Feature","properties":{"cadnum":"2323381100:01:032:0005"},"geometry":{"type":"Polygon","coordinates":[[[35.254383,47.377133],[35.255041,47.377183],[35.255041,47.377184],[35.258253,47.377427],[35.258265,47.377237],[35.258296,47.376751],[35.255041,47.376504],[35.254411,47.376456],[35.254383,47.377133]]]}},{"type":"Feature","properties":{"cadnum":"2323381100:01:032:0014"},"geometry":{"type":"Polygon","coordinates":[[[35.258124,47.379445],[35.260534,47.379629],[35.261688,47.379717],[35.261735,47.37898],[35.260706,47.378902],[35.258171,47.378709],[35.258166,47.378788],[35.258124,47.379445]]]}},{"type":"Feature","properties":{"cadnum":"2323381100:01:032:0015"},"geometry":{"type":"Polygon","coordinates":[[[35.258171,47.378709],[35.260534,47.378889],[35.261735,47.37898],[35.26178,47.378244],[35.260534,47.378149],[35.260534,47.37815],[35.258218,47.377973],[35.25821,47.378107],[35.258187,47.378447],[35.258171,47.378709]]]}},{"type":"Feature","properties":{"cadnum":"2323381100:01:032:0017"},"geometry":{"type":"Polygon","coordinates":[[[35.258265,47.377237],[35.260706,47.377423],[35.260706,47.377422],[35.261827,47.377507],[35.261874,47.376772],[35.260706,47.376683],[35.258311,47.3765],[35.258296,47.376751],[35.258265,47.377237]]]}},{"type":"Feature","properties":{"cadnum":"2323381100:01:032:0016"},"geometry":{"type":"Polygon","coordinates":[[[35.258218,47.377973],[35.260706,47.378163],[35.260706,47.378162],[35.26178,47.378244],[35.261827,47.377507],[35.260534,47.377409],[35.260534,47.37741],[35.258265,47.377237],[35.258253,47.377427],[35.258218,47.377973]]]}},{"type":"Feature","properties":{"cadnum":"2323381100:05:030:0006"},"geometry":{"type":"Polygon","coordinates":[[[35.310562,47.371035],[35.311004,47.371092],[35.311134,47.370272],[35.310693,47.370216],[35.310562,47.371035]]]}},{"type":"Feature","properties":{"cadnum":"2323381100:02:008:0002"},"geometry":{"type":"Polygon","coordinates":[[[35.311319,47.370159],[35.312325,47.370276],[35.312548,47.368581],[35.312547,47.368581],[35.312565,47.368452],[35.311557,47.368365],[35.311528,47.368581],[35.311527,47.368581],[35.311319,47.370159]]]}},{"type":"Feature","properties":{"cadnum":"2323381100:05:030:0003"},"geometry":{"type":"Polygon","coordinates":[[[35.312183,47.370929],[35.31252,47.370968],[35.312634,47.370421],[35.312269,47.37038],[35.312183,47.370929]]]}},{"type":"Feature","properties":{"cadnum":"2323381100:02:008:0004"},"geometry":{"type":"Polygon","coordinates":[[[35.313312,47.370392],[35.314284,47.370506],[35.314534,47.36862],[35.313558,47.368537],[35.313552,47.368581],[35.313551,47.368581],[35.313312,47.370392]]]}},{"type":"Feature","properties":{"cadnum":"2323381100:05:030:0010"},"geometry":{"type":"Polygon","coordinates":[[[35.311604,47.371148],[35.311708,47.371158],[35.311986,47.371185],[35.312113,47.37039],[35.312113,47.370389],[35.311735,47.370343],[35.311604,47.371148]]]}},{"type":"Feature","properties":{"cadnum":"2323381100:02:008:0001"},"geometry":{"type":"Polygon","coordinates":[[[35.310419,47.369471],[35.310796,47.36952],[35.310631,47.370078],[35.311319,47.370159],[35.311512,47.368697],[35.311557,47.368365],[35.31071,47.368292],[35.310639,47.368581],[35.310638,47.368581],[35.310419,47.369471]]]}},{"type":"Feature","properties":{"cadnum":"2323381100:02:008:0003"},"geometry":{"type":"Polygon","coordinates":[[[35.312325,47.370276],[35.313312,47.370392],[35.313535,47.368697],[35.313536,47.368697],[35.313558,47.368537],[35.312565,47.368452],[35.312532,47.368697],[35.312532,47.368698],[35.312325,47.370276]]]}},{"type":"Feature","properties":{"cadnum":"2323381100:02:008:0005"},"geometry":{"type":"Polygon","coordinates":[[[35.314284,47.370506],[35.314947,47.370583],[35.315198,47.368678],[35.315198,47.368677],[35.314755,47.368639],[35.314534,47.36862],[35.314523,47.368697],[35.314524,47.368697],[35.314524,47.368698],[35.314284,47.370506]]]}},{"type":"Feature","properties":{"cadnum":"2323381100:05:029:0010"},"geometry":{"type":"Polygon","coordinates":[[[35.311055,47.372666],[35.31148,47.372696],[35.31152,47.372418],[35.311578,47.372022],[35.311149,47.371964],[35.311087,47.372418],[35.311088,47.372418],[35.311055,47.372666]]]}},{"type":"Feature","properties":{"cadnum":"2323381100:05:029:0032"},"geometry":{"type":"Polygon","coordinates":[[[35.310653,47.372734],[35.311066,47.372774],[35.311107,47.372418],[35.31116,47.371982],[35.310851,47.37195],[35.310798,47.372263],[35.310797,47.372263],[35.31072,47.372257],[35.310713,47.372301],[35.310653,47.372734]]]}},{"type":"Feature","properties":{"cadnum":"2323381100:05:029:0004"},"geometry":{"type":"Polygon","coordinates":[[[35.312388,47.372848],[35.312797,47.372895],[35.312856,47.372565],[35.312885,47.372418],[35.312886,47.372418],[35.312929,47.372206],[35.312489,47.372154],[35.31245,47.372418],[35.312388,47.372848]]]}},{"type":"Feature","properties":{"cadnum":"2323381100:05:029:0034"},"geometry":{"type":"Polygon","coordinates":[[[35.311515,47.372617],[35.311975,47.372648],[35.312013,47.372418],[35.312014,47.372418],[35.312072,47.37208],[35.311601,47.372026],[35.311543,47.372418],[35.311544,47.372418],[35.311515,47.372617]]]}},{"type":"Feature","properties":{"cadnum":"2323381100:05:030:0004"},"geometry":{"type":"Polygon","coordinates":[[[35.312038,47.371866],[35.312325,47.371901],[35.31252,47.370968],[35.312183,47.370929],[35.312038,47.371866]]]}},{"type":"Feature","properties":{"cadnum":"2323381100:05:030:0009"},"geometry":{"type":"Polygon","coordinates":[[[35.313343,47.371469],[35.313843,47.371532],[35.31394,47.370703],[35.31345,47.370641],[35.313343,47.371469]]]}},{"type":"Feature","properties":{"cadnum":"2323381100:01:025:0017"},"geometry":{"type":"Polygon","coordinates":[[[35.26812,47.358145],[35.271521,47.358434],[35.27156,47.358438],[35.271692,47.358449],[35.272442,47.358512],[35.272453,47.358213],[35.271561,47.358138],[35.269553,47.357967],[35.26813,47.357847],[35.26812,47.358145]]]}},{"type":"Feature","properties":{"cadnum":"2323381100:01:025:0018"},"geometry":{"type":"Polygon","coordinates":[[[35.269553,47.357967],[35.271521,47.358135],[35.271561,47.358138],[35.271692,47.358149],[35.272453,47.358213],[35.272469,47.357758],[35.271521,47.357685],[35.269568,47.357531],[35.269553,47.357967]]]}},{"type":"Feature","properties":{"cadnum":"2323381100:01:025:0009"},"geometry":{"type":"Polygon","coordinates":[[[35.268036,47.360537],[35.271521,47.360832],[35.271531,47.360833],[35.271692,47.360846],[35.272356,47.360902],[35.272367,47.360603],[35.271531,47.360533],[35.268047,47.360238],[35.268036,47.360537]]]}},{"type":"Feature","properties":{"cadnum":"2323381100:01:025:0015"},"geometry":{"type":"Polygon","coordinates":[[[35.268098,47.358743],[35.271692,47.359048],[35.271692,47.359047],[35.27242,47.359108],[35.272431,47.35881],[35.271559,47.358737],[35.268109,47.358444],[35.268098,47.358743]]]}},{"type":"Feature","properties":{"cadnum":"2323381100:01:025:0011"},"geometry":{"type":"Polygon","coordinates":[[[35.268058,47.359939],[35.271521,47.360232],[35.271531,47.360233],[35.271692,47.360247],[35.272378,47.360304],[35.272388,47.360005],[35.271526,47.359933],[35.268067,47.35964],[35.268058,47.359939]]]}},{"type":"Feature","properties":{"cadnum":"2323381100:01:025:0014"},"geometry":{"type":"Polygon","coordinates":[[[35.268089,47.359042],[35.271521,47.359333],[35.271526,47.359333],[35.271692,47.359347],[35.27241,47.359407],[35.27242,47.359108],[35.271521,47.359033],[35.268098,47.358743],[35.268089,47.359042]]]}},{"type":"Feature","properties":{"cadnum":"2323381100:01:025:0016"},"geometry":{"type":"Polygon","coordinates":[[[35.268109,47.358444],[35.271521,47.358734],[35.271559,47.358737],[35.271692,47.358749],[35.272431,47.35881],[35.272442,47.358512],[35.27156,47.358438],[35.26812,47.358145],[35.268109,47.358444]]]}},{"type":"Feature","properties":{"cadnum":"2323381100:01:025:0012"},"geometry":{"type":"Polygon","coordinates":[[[35.268067,47.35964],[35.271521,47.359932],[35.271526,47.359933],[35.271692,47.359947],[35.272388,47.360005],[35.272399,47.359706],[35.271526,47.359633],[35.268078,47.359341],[35.268067,47.35964]]]}},{"type":"Feature","properties":{"cadnum":"2323381100:01:025:0013"},"geometry":{"type":"Polygon","coordinates":[[[35.268078,47.359341],[35.271521,47.359633],[35.271526,47.359633],[35.271692,47.359647],[35.272399,47.359706],[35.27241,47.359407],[35.271526,47.359333],[35.268089,47.359042],[35.268078,47.359341]]]}},{"type":"Feature","properties":{"cadnum":"2323381100:01:025:0010"},"geometry":{"type":"Polygon","coordinates":[[[35.268047,47.360238],[35.271521,47.360532],[35.271531,47.360533],[35.271692,47.360547],[35.271692,47.360546],[35.272367,47.360603],[35.272378,47.360304],[35.271531,47.360233],[35.268058,47.359939],[35.268047,47.360238]]]}},{"type":"Feature","properties":{"cadnum":"2323381100:01:026:0009"},"geometry":{"type":"Polygon","coordinates":[[[35.272494,47.358131],[35.27632,47.358461],[35.276327,47.358058],[35.272508,47.357761],[35.272494,47.358131]]]}},{"type":"Feature","properties":{"cadnum":"2323381100:01:026:0006"},"geometry":{"type":"Polygon","coordinates":[[[35.27242,47.360222],[35.276288,47.360555],[35.276299,47.359859],[35.272445,47.359527],[35.27242,47.360222]]]}},{"type":"Feature","properties":{"cadnum":"2323381100:01:026:0008"},"geometry":{"type":"Polygon","coordinates":[[[35.27247,47.35883],[35.27631,47.359161],[35.27632,47.358461],[35.272494,47.358131],[35.27247,47.35883]]]}},{"type":"Feature","properties":{"cadnum":"2323381100:01:026:0007"},"geometry":{"type":"Polygon","coordinates":[[[35.272445,47.359527],[35.276299,47.359859],[35.27631,47.359161],[35.27247,47.35883],[35.272445,47.359527]]]}},{"type":"Feature","properties":{"cadnum":"2323381100:03:008:0044"},"geometry":{"type":"Polygon","coordinates":[[[35.329998,47.368961],[35.331945,47.369036],[35.336159,47.369198],[35.336171,47.368987],[35.33619,47.368645],[35.336201,47.368472],[35.336207,47.368334],[35.332117,47.368177],[35.330046,47.368097],[35.330018,47.368581],[35.330018,47.36859],[35.330012,47.368697],[35.329998,47.368961]]]}},{"type":"Feature","properties":{"cadnum":"2323381100:03:008:0004"},"geometry":{"type":"Polygon","coordinates":[[[35.329983,47.371355],[35.330708,47.371881],[35.331945,47.371929],[35.335997,47.372084],[35.33602,47.37168],[35.336025,47.371588],[35.332117,47.371438],[35.329983,47.371355]]]}},{"type":"Feature","properties":{"cadnum":"2323381100:03:008:0003"},"geometry":{"type":"Polygon","coordinates":[[[35.330708,47.371881],[35.331287,47.372301],[35.33142,47.372398],[35.331448,47.372418],[35.331511,47.372463],[35.331945,47.37248],[35.335966,47.372635],[35.33598,47.372386],[35.33599,47.372221],[35.335997,47.372084],[35.332117,47.371936],[35.332117,47.371935],[35.330708,47.371881]]]}},{"type":"Feature","properties":{"cadnum":"2323381100:03:008:0006"},"geometry":{"type":"Polygon","coordinates":[[[35.329891,47.37087],[35.331945,47.37095],[35.336052,47.371108],[35.33608,47.370617],[35.332117,47.370465],[35.329918,47.37038],[35.329891,47.37087]]]}},{"type":"Feature","properties":{"cadnum":"2323381100:03:008:0009"},"geometry":{"type":"Polygon","coordinates":[[[35.329974,47.369393],[35.331945,47.369469],[35.336135,47.36963],[35.336139,47.369551],[35.336159,47.369198],[35.332117,47.369043],[35.329998,47.368961],[35.329974,47.369393]]]}},{"type":"Feature","properties":{"cadnum":"2323381100:03:008:0005"},"geometry":{"type":"Polygon","coordinates":[[[35.329868,47.371272],[35.329983,47.371355],[35.331945,47.371431],[35.336025,47.371588],[35.336051,47.371143],[35.336052,47.371108],[35.332117,47.370957],[35.332117,47.370956],[35.329891,47.37087],[35.329868,47.371272]]]}},{"type":"Feature","properties":{"cadnum":"2323381100:03:008:0007"},"geometry":{"type":"Polygon","coordinates":[[[35.329918,47.37038],[35.331945,47.370458],[35.331945,47.370459],[35.33608,47.370617],[35.33608,47.370613],[35.336107,47.370122],[35.332117,47.369969],[35.329946,47.369885],[35.329918,47.37038]]]}},{"type":"Feature","properties":{"cadnum":"2323381100:03:008:0008"},"geometry":{"type":"Polygon","coordinates":[[[35.329946,47.369885],[35.331945,47.369962],[35.331945,47.369963],[35.336107,47.370122],[35.33611,47.370087],[35.336135,47.36963],[35.332117,47.369476],[35.329974,47.369393],[35.329946,47.369885]]]}},{"type":"Feature","properties":{"cadnum":"2323381100:03:016:0042"},"geometry":{"type":"Polygon","coordinates":[[[35.360335,47.385374],[35.364825,47.385509],[35.364853,47.385088],[35.360752,47.384965],[35.360699,47.385252],[35.360357,47.385234],[35.360335,47.385374]]]}},{"type":"Feature","properties":{"cadnum":"2323381100:03:016:0044"},"geometry":{"type":"Polygon","coordinates":[[[35.360211,47.38616],[35.364773,47.386296],[35.364798,47.385904],[35.360272,47.385769],[35.360211,47.38616]]]}},{"type":"Feature","properties":{"cadnum":"2323381100:03:016:0045"},"geometry":{"type":"Polygon","coordinates":[[[35.360161,47.386471],[35.364752,47.386609],[35.364773,47.386296],[35.360211,47.38616],[35.360161,47.386471]]]}},{"type":"Feature","properties":{"cadnum":"2323381100:03:016:0039"},"geometry":{"type":"Polygon","coordinates":[[[35.360858,47.384382],[35.364894,47.384504],[35.364923,47.384059],[35.360931,47.383939],[35.360917,47.384062],[35.360858,47.384382]]]}},{"type":"Feature","properties":{"cadnum":"2323381100:03:016:0046"},"geometry":{"type":"Polygon","coordinates":[[[35.360109,47.386806],[35.364729,47.386944],[35.364752,47.386609],[35.360161,47.386471],[35.360109,47.386806]]]}},{"type":"Feature","properties":{"cadnum":"2323381100:03:007:0024"},"geometry":{"type":"Polygon","coordinates":[[[35.355306,47.384059],[35.359411,47.384324],[35.359485,47.384329],[35.359583,47.383708],[35.357563,47.383577],[35.355404,47.383437],[35.3554,47.383461],[35.355396,47.383489],[35.355381,47.383577],[35.355382,47.383577],[35.355306,47.384059]]]}},{"type":"Feature","properties":{"cadnum":"2323381100:03:016:0041"},"geometry":{"type":"Polygon","coordinates":[[[35.360752,47.384965],[35.364853,47.385088],[35.364874,47.384797],[35.360805,47.384675],[35.360752,47.384965]]]}},{"type":"Feature","properties":{"cadnum":"2323381100:03:016:0043"},"geometry":{"type":"Polygon","coordinates":[[[35.360272,47.385769],[35.364798,47.385904],[35.364825,47.385509],[35.360335,47.385374],[35.360272,47.385769]]]}},{"type":"Feature","properties":{"cadnum":"2323381100:03:016:0040"},"geometry":{"type":"Polygon","coordinates":[[[35.360805,47.384675],[35.364874,47.384797],[35.364894,47.384504],[35.360858,47.384382],[35.360805,47.384675]]]}},{"type":"Feature","properties":{"cadnum":"2323381100:04:003:0004"},"geometry":{"type":"Polygon","coordinates":[[[35.292868,47.351893],[35.293493,47.351947],[35.296611,47.352216],[35.296626,47.351877],[35.293665,47.351622],[35.293665,47.351621],[35.29288,47.351553],[35.292868,47.351893]]]}},{"type":"Feature","properties":{"cadnum":"2323381100:04:002:0008"},"geometry":{"type":"Polygon","coordinates":[[[35.28916,47.351387],[35.292808,47.351703],[35.29282,47.35135],[35.289172,47.351034],[35.28916,47.351387]]]}},{"type":"Feature","properties":{"cadnum":"2323381100:04:003:0001"},"geometry":{"type":"Polygon","coordinates":[[[35.292833,47.352911],[35.293493,47.352969],[35.293493,47.35297],[35.296566,47.35324],[35.296582,47.352897],[35.293493,47.35263],[35.292846,47.352573],[35.292833,47.352911]]]}},{"type":"Feature","properties":{"cadnum":"2323381100:04:002:0011"},"geometry":{"type":"Polygon","coordinates":[[[35.28912,47.352582],[35.292768,47.352904],[35.292773,47.352759],[35.289124,47.352444],[35.28912,47.352582]]]}},{"type":"Feature","properties":{"cadnum":"2323381100:04:003:0002"},"geometry":{"type":"Polygon","coordinates":[[[35.292846,47.352573],[35.293665,47.352645],[35.296582,47.352897],[35.296597,47.352556],[35.293665,47.352303],[35.292856,47.352233],[35.292846,47.352573]]]}},{"type":"Feature","properties":{"cadnum":"2323381100:02:016:0017"},"geometry":{"type":"Polygon","coordinates":[[[35.289041,47.353395],[35.292686,47.353709],[35.292699,47.353357],[35.289054,47.353042],[35.289041,47.353395]]]}},{"type":"Feature","properties":{"cadnum":"2323381100:02:016:0015"},"geometry":{"type":"Polygon","coordinates":[[[35.289014,47.354099],[35.292659,47.354414],[35.292673,47.354062],[35.289032,47.353748],[35.289026,47.353747],[35.289023,47.353814],[35.289024,47.353814],[35.289014,47.354099]]]}},{"type":"Feature","properties":{"cadnum":"2323381100:02:016:0016"},"geometry":{"type":"Polygon","coordinates":[[[35.289026,47.353747],[35.289032,47.353748],[35.289795,47.353814],[35.292673,47.354062],[35.292686,47.353709],[35.289041,47.353395],[35.289028,47.353697],[35.289027,47.353697],[35.289026,47.353747]]]}},{"type":"Feature","properties":{"cadnum":"2323381100:02:006:0003"},"geometry":{"type":"Polygon","coordinates":[[[35.286163,47.353966],[35.288,47.354118],[35.288968,47.354197],[35.288986,47.353736],[35.288983,47.353736],[35.288512,47.353697],[35.28851,47.353697],[35.288,47.353656],[35.28618,47.353505],[35.286173,47.353697],[35.286172,47.353697],[35.286163,47.353966]]]}},{"type":"Feature","properties":{"cadnum":"2323381100:02:006:0002"},"geometry":{"type":"Polygon","coordinates":[[[35.28618,47.353505],[35.288172,47.35367],[35.288986,47.353736],[35.289003,47.353275],[35.288172,47.353207],[35.286196,47.353044],[35.28618,47.353505]]]}},{"type":"Feature","properties":{"cadnum":"2323381100:04:001:0006"},"geometry":{"type":"Polygon","coordinates":[[[35.285342,47.35022],[35.288,47.350451],[35.289109,47.350546],[35.28912,47.350209],[35.288172,47.350128],[35.287765,47.350092],[35.286543,47.349986],[35.286423,47.349976],[35.285353,47.349883],[35.28535,47.349976],[35.285349,47.349976],[35.285342,47.35022]]]}},{"type":"Feature","properties":{"cadnum":"2323381100:04:001:0003"},"geometry":{"type":"Polygon","coordinates":[[[35.285296,47.351569],[35.288172,47.351819],[35.289064,47.351896],[35.289074,47.351559],[35.288172,47.351481],[35.288172,47.35148],[35.285307,47.351232],[35.285296,47.351569]]]}},{"type":"Feature","properties":{"cadnum":"2323381100:04:001:0004"},"geometry":{"type":"Polygon","coordinates":[[[35.285307,47.351232],[35.288,47.351466],[35.289074,47.351559],[35.289086,47.351221],[35.288172,47.351143],[35.288172,47.351142],[35.285319,47.350895],[35.285307,47.351232]]]}},{"type":"Feature","properties":{"cadnum":"2323381100:04:002:0006"},"geometry":{"type":"Polygon","coordinates":[[[35.289178,47.350858],[35.292827,47.351174],[35.292832,47.350998],[35.289183,47.350683],[35.289178,47.350858]]]}},{"type":"Feature","properties":{"cadnum":"2323381100:04:003:0008"},"geometry":{"type":"Polygon","coordinates":[[[35.292914,47.350535],[35.293493,47.350585],[35.29667,47.35086],[35.296686,47.350522],[35.293665,47.350261],[35.292926,47.350197],[35.292914,47.350535]]]}},{"type":"Feature","properties":{"cadnum":"2323381100:04:003:0007"},"geometry":{"type":"Polygon","coordinates":[[[35.292903,47.350873],[35.293493,47.350925],[35.296656,47.351199],[35.29667,47.35086],[35.293665,47.3506],[35.292914,47.350535],[35.292903,47.350873]]]}},{"type":"Feature","properties":{"cadnum":"2323381100:04:001:0005"},"geometry":{"type":"Polygon","coordinates":[[[35.285319,47.350895],[35.288,47.351128],[35.289086,47.351221],[35.289109,47.350546],[35.288172,47.350466],[35.285342,47.35022],[35.285319,47.350895]]]}},{"type":"Feature","properties":{"cadnum":"2323381100:04:001:0007"},"geometry":{"type":"Polygon","coordinates":[[[35.285353,47.349883],[35.286543,47.349986],[35.288,47.350113],[35.28912,47.350209],[35.289124,47.350085],[35.289132,47.349872],[35.288172,47.34979],[35.285363,47.349546],[35.285353,47.349883]]]}},{"type":"Feature","properties":{"cadnum":"2323381100:04:002:0005"},"geometry":{"type":"Polygon","coordinates":[[[35.289183,47.350683],[35.292832,47.350998],[35.292856,47.350294],[35.28938,47.349993],[35.289207,47.349979],[35.289203,47.350092],[35.289183,47.350683]]]}},{"type":"Feature","properties":{"cadnum":"2323381100:04:003:0005"},"geometry":{"type":"Polygon","coordinates":[[[35.292879,47.351553],[35.293493,47.351606],[35.293493,47.351607],[35.296626,47.351877],[35.296641,47.351538],[35.293665,47.351281],[35.292891,47.351213],[35.292879,47.351553]]]}},{"type":"Feature","properties":{"cadnum":"2323381100:02:016:0018"},"geometry":{"type":"Polygon","coordinates":[[[35.289054,47.353042],[35.292699,47.353357],[35.292707,47.353151],[35.289062,47.352827],[35.289054,47.353042]]]}},{"type":"Feature","properties":{"cadnum":"2323381100:04:002:0007"},"geometry":{"type":"Polygon","coordinates":[[[35.289172,47.351034],[35.29282,47.35135],[35.292827,47.351174],[35.289178,47.350858],[35.289172,47.351034]]]}},{"type":"Feature","properties":{"cadnum":"2323381100:04:003:0006"},"geometry":{"type":"Polygon","coordinates":[[[35.292891,47.351213],[35.293493,47.351266],[35.296642,47.351538],[35.296657,47.351199],[35.293665,47.35094],[35.292903,47.350873],[35.292891,47.351213]]]}},{"type":"Feature","properties":{"cadnum":"2323381100:04:002:0010"},"geometry":{"type":"Polygon","coordinates":[[[35.289124,47.352444],[35.292773,47.352759],[35.292797,47.352055],[35.289148,47.351738],[35.289124,47.352444]]]}},{"type":"Feature","properties":{"cadnum":"2323381100:04:003:0003"},"geometry":{"type":"Polygon","coordinates":[[[35.292856,47.352233],[35.293493,47.352288],[35.296597,47.352556],[35.296611,47.352216],[35.293665,47.351962],[35.292868,47.351893],[35.292856,47.352233]]]}},{"type":"Feature","properties":{"cadnum":"2323381100:04:002:0009"},"geometry":{"type":"Polygon","coordinates":[[[35.289148,47.351738],[35.292797,47.352055],[35.292808,47.351703],[35.28916,47.351387],[35.289148,47.351738]]]}},{"type":"Feature","properties":{"cadnum":"2323381100:04:002:0004"},"geometry":{"type":"Polygon","coordinates":[[[35.289207,47.349976],[35.289207,47.349979],[35.28938,47.349993],[35.290521,47.350092],[35.290522,47.350092],[35.292856,47.350294],[35.292864,47.35003],[35.292868,47.34992],[35.289219,47.349605],[35.289207,47.349976]]]}},{"type":"Feature","properties":{"cadnum":"2323381100:02:006:0001"},"geometry":{"type":"Polygon","coordinates":[[[35.286196,47.353044],[35.288,47.353193],[35.289003,47.353275],[35.289022,47.352805],[35.288172,47.352736],[35.288172,47.352735],[35.286214,47.352573],[35.286196,47.353044]]]}},{"type":"Feature","properties":{"cadnum":"2323381100:04:001:0001"},"geometry":{"type":"Polygon","coordinates":[[[35.285274,47.352241],[35.288172,47.352498],[35.289041,47.352574],[35.289052,47.352234],[35.288,47.352143],[35.285286,47.351907],[35.285274,47.352241]]]}},{"type":"Feature","properties":{"cadnum":"2323381100:04:001:0002"},"geometry":{"type":"Polygon","coordinates":[[[35.285286,47.351907],[35.288172,47.352158],[35.289052,47.352234],[35.289064,47.351896],[35.288,47.351804],[35.285296,47.351569],[35.285286,47.351907]]]}},{"type":"Feature","properties":{"cadnum":"2323381100:03:012:0033"},"geometry":{"type":"Polygon","coordinates":[[[35.375395,47.366142],[35.375891,47.366162],[35.375891,47.366163],[35.377778,47.366239],[35.377819,47.365734],[35.377819,47.365733],[35.375891,47.365655],[35.375436,47.365636],[35.375417,47.365857],[35.375395,47.366142]]]}},{"type":"Feature","properties":{"cadnum":"2323381100:03:012:0031"},"geometry":{"type":"Polygon","coordinates":[[[35.37529,47.367396],[35.376062,47.367428],[35.376062,47.367427],[35.377674,47.367493],[35.377736,47.366745],[35.375891,47.366671],[35.375353,47.366649],[35.375315,47.367089],[35.37529,47.367396]]]}},{"type":"Feature","properties":{"cadnum":"2323381100:03:012:7609"},"geometry":{"type":"Polygon","coordinates":[[[35.377707,47.366679],[35.377707,47.366697],[35.377733,47.366697],[35.377733,47.366679],[35.377707,47.366679]]]}},{"type":"Feature","properties":{"cadnum":"2323381100:03:012:0030"},"geometry":{"type":"Polygon","coordinates":[[[35.375228,47.368143],[35.376062,47.368178],[35.376062,47.368177],[35.377613,47.36824],[35.377648,47.36782],[35.377674,47.367493],[35.375891,47.36742],[35.37529,47.367396],[35.375255,47.367819],[35.375228,47.368143]],[[35.377631,47.36782],[35.37763,47.367838],[35.377605,47.367838],[35.377605,47.36782],[35.377631,47.36782]]]}},{"type":"Feature","properties":{"cadnum":"2323381100:03:012:0032"},"geometry":{"type":"Polygon","coordinates":[[[35.375353,47.366649],[35.376062,47.366678],[35.377736,47.366745],[35.377741,47.36668],[35.377778,47.366239],[35.376062,47.36617],[35.376062,47.366169],[35.375395,47.366142],[35.375357,47.366587],[35.375353,47.366649]],[[35.377733,47.366679],[35.377733,47.366697],[35.377707,47.366697],[35.377707,47.366679],[35.377733,47.366679]]]}},{"type":"Feature","properties":{"cadnum":"2323381100:03:012:0034"},"geometry":{"type":"Polygon","coordinates":[[[35.375436,47.365636],[35.376062,47.365663],[35.376062,47.365662],[35.377819,47.365733],[35.377823,47.365694],[35.377861,47.365229],[35.376021,47.365152],[35.375478,47.365129],[35.375436,47.365636]],[[35.377815,47.365694],[35.377815,47.365712],[35.37779,47.365712],[35.37779,47.365694],[35.377815,47.365694]]]}},{"type":"Feature","properties":{"cadnum":"2323381100:03:007:0011"},"geometry":{"type":"Polygon","coordinates":[[[35.351638,47.380836],[35.35409,47.381012],[35.355699,47.381127],[35.3558,47.380487],[35.353918,47.380352],[35.353918,47.380353],[35.351751,47.380197],[35.351638,47.380836]]]}},{"type":"Feature","properties":{"cadnum":"2323381100:03:007:0010"},"geometry":{"type":"Polygon","coordinates":[[[35.351527,47.381473],[35.353918,47.381645],[35.3556,47.381765],[35.355699,47.381127],[35.353918,47.381],[35.351638,47.380836],[35.351527,47.381473]]]}},{"type":"Feature","properties":{"cadnum":"2323381100:03:007:0037"},"geometry":{"type":"Polygon","coordinates":[[[35.351192,47.383373],[35.352466,47.383465],[35.35409,47.383582],[35.355301,47.383669],[35.355333,47.383461],[35.355332,47.383461],[35.355499,47.382402],[35.353918,47.382288],[35.353918,47.382289],[35.351414,47.382109],[35.351192,47.383373]]]}},{"type":"Feature","properties":{"cadnum":"2323381100:03:007:0009"},"geometry":{"type":"Polygon","coordinates":[[[35.351414,47.382109],[35.35409,47.382301],[35.355499,47.382402],[35.3556,47.381765],[35.35409,47.381658],[35.35409,47.381657],[35.351527,47.381473],[35.351414,47.382109]]]}},{"type":"Feature","properties":{"cadnum":"2323381100:02:001:0025"},"geometry":{"type":"Polygon","coordinates":[[[35.305632,47.363233],[35.309973,47.363608],[35.310505,47.363653],[35.310586,47.362762],[35.309973,47.362709],[35.309973,47.36271],[35.305636,47.362335],[35.305632,47.363233]]]}},{"type":"Feature","properties":{"cadnum":"2323381100:02:001:0024"},"geometry":{"type":"Polygon","coordinates":[[[35.305628,47.364144],[35.309973,47.36452],[35.310124,47.364533],[35.310144,47.364534],[35.310145,47.364534],[35.310425,47.364558],[35.310505,47.363653],[35.310145,47.363623],[35.310144,47.363623],[35.310144,47.363622],[35.305632,47.363233],[35.305628,47.364144]]]}},{"type":"Feature","properties":{"cadnum":"2323381100:02:001:0026"},"geometry":{"type":"Polygon","coordinates":[[[35.305636,47.362335],[35.310144,47.362725],[35.310144,47.362724],[35.310145,47.362724],[35.310586,47.362762],[35.310663,47.361885],[35.310145,47.36184],[35.310144,47.36184],[35.309937,47.361822],[35.305638,47.361451],[35.305636,47.362335]]]}},{"type":"Feature","properties":{"cadnum":"2323381100:02:001:0017"},"geometry":{"type":"Polygon","coordinates":[[[35.312451,47.366602],[35.314044,47.366739],[35.314254,47.364861],[35.314253,47.364861],[35.314253,47.36486],[35.31435,47.364001],[35.312851,47.363867],[35.312758,47.363858],[35.312679,47.364557],[35.312645,47.364861],[35.312644,47.364861],[35.312451,47.366602]]]}},{"type":"Feature","properties":{"cadnum":"2323381100:02:001:0020"},"geometry":{"type":"Polygon","coordinates":[[[35.310521,47.364371],[35.312679,47.364557],[35.312758,47.363858],[35.312851,47.363867],[35.31299,47.362619],[35.310696,47.362413],[35.310521,47.364371]]]}},{"type":"Feature","properties":{"cadnum":"2323381100:02:001:0019"},"geometry":{"type":"Polygon","coordinates":[[[35.310338,47.366419],[35.312451,47.366602],[35.312631,47.364977],[35.312632,47.364977],[35.312679,47.364557],[35.310521,47.364371],[35.310466,47.364977],[35.310467,47.364977],[35.310338,47.366419]]]}},{"type":"Feature","properties":{"cadnum":"2323381100:03:008:0019"},"geometry":{"type":"Polygon","coordinates":[[[35.330217,47.365073],[35.331945,47.36514],[35.336378,47.36531],[35.336394,47.365012],[35.336402,47.364878],[35.336371,47.364877],[35.335953,47.364861],[35.335952,47.364861],[35.332117,47.364714],[35.332117,47.364713],[35.330241,47.364641],[35.330229,47.36486],[35.330229,47.364861],[35.330227,47.364861],[35.330217,47.365073]]]}},{"type":"Feature","properties":{"cadnum":"2323381100:03:008:0020"},"geometry":{"type":"Polygon","coordinates":[[[35.330241,47.364641],[35.331945,47.364707],[35.336402,47.364878],[35.336426,47.364446],[35.332117,47.36428],[35.330265,47.364208],[35.330241,47.364641]]]}},{"type":"Feature","properties":{"cadnum":"2323381100:03:008:0022"},"geometry":{"type":"Polygon","coordinates":[[[35.330289,47.363777],[35.331945,47.363841],[35.33645,47.364014],[35.336474,47.363582],[35.332117,47.363415],[35.332117,47.363414],[35.330317,47.363344],[35.330289,47.363777]]]}},{"type":"Feature","properties":{"cadnum":"2323381100:03:008:0021"},"geometry":{"type":"Polygon","coordinates":[[[35.330265,47.364208],[35.331945,47.364273],[35.331945,47.364274],[35.336426,47.364446],[35.33645,47.364014],[35.332117,47.363848],[35.330289,47.363777],[35.330265,47.364208]]]}},{"type":"Feature","properties":{"cadnum":"2323381100:05:039:0008"},"geometry":{"type":"Polygon","coordinates":[[[35.288873,47.376041],[35.289226,47.37608],[35.289377,47.376096],[35.289435,47.375512],[35.288929,47.375457],[35.288875,47.376021],[35.288873,47.376041]]]}},{"type":"Feature","properties":{"cadnum":"2323381100:05:039:0020"},"geometry":{"type":"Polygon","coordinates":[[[35.290651,47.376182],[35.290993,47.376228],[35.29103,47.376021],[35.291029,47.376021],[35.291125,47.375487],[35.291152,47.375347],[35.29082,47.375324],[35.290792,47.375467],[35.290683,47.376021],[35.290682,47.376021],[35.290675,47.376058],[35.29066,47.376138],[35.290651,47.376182]]]}},{"type":"Feature","properties":{"cadnum":"2323381100:05:039:0011"},"geometry":{"type":"Polygon","coordinates":[[[35.289377,47.376096],[35.289765,47.376138],[35.289766,47.376138],[35.289782,47.376139],[35.289785,47.376119],[35.289863,47.375421],[35.289449,47.375377],[35.289448,47.375377],[35.289385,47.376021],[35.289384,47.376021],[35.289377,47.376096]]]}},{"type":"Feature","properties":{"cadnum":"2323381100:05:006:0025"},"geometry":{"type":"Polygon","coordinates":[[[35.29081,47.380034],[35.291152,47.380075],[35.291219,47.379741],[35.291218,47.379741],[35.291317,47.379258],[35.290976,47.379216],[35.290845,47.379857],[35.290845,47.379858],[35.29081,47.380034]]]}},{"type":"Feature","properties":{"cadnum":"2323381100:05:009:0009"},"geometry":{"type":"Polygon","coordinates":[[[35.288769,47.377554],[35.28927,47.377579],[35.28932,47.376831],[35.289328,47.376743],[35.288833,47.376719],[35.288769,47.377554]]]}},{"type":"Feature","properties":{"cadnum":"2323381100:05:009:0012"},"geometry":{"type":"Polygon","coordinates":[[[35.289642,47.37821],[35.290051,47.378233],[35.290092,47.377635],[35.289683,47.37759],[35.289642,47.37821]]]}},{"type":"Feature","properties":{"cadnum":"2323381100:05:006:0015"},"geometry":{"type":"Polygon","coordinates":[[[35.288259,47.379684],[35.2885,47.379709],[35.288543,47.379189],[35.289219,47.379254],[35.289221,47.379235],[35.289245,47.378845],[35.288296,47.378743],[35.288259,47.379684]]]}},{"type":"Feature","properties":{"cadnum":"2323381100:05:009:0006"},"geometry":{"type":"Polygon","coordinates":[[[35.290323,47.378252],[35.290613,47.378273],[35.290841,47.376482],[35.290515,47.376444],[35.290323,47.378252]]]}},{"type":"Feature","properties":{"cadnum":"2323381100:05:029:0029"},"geometry":{"type":"Polygon","coordinates":[[[35.28923,47.378187],[35.289642,47.37821],[35.289721,47.377029],[35.28931,47.376983],[35.28923,47.378187]]]}},{"type":"Feature","properties":{"cadnum":"2323381100:05:009:0019"},"geometry":{"type":"Polygon","coordinates":[[[35.291196,47.377166],[35.291647,47.377231],[35.291655,47.377197],[35.291802,47.376615],[35.291319,47.376545],[35.291196,47.377166]]]}},{"type":"Feature","properties":{"cadnum":"2323381100:05:006:0017"},"geometry":{"type":"Polygon","coordinates":[[[35.28931,47.376983],[35.289721,47.377029],[35.289765,47.376354],[35.289369,47.37631],[35.28931,47.376983]]]}},{"type":"Feature","properties":{"cadnum":"2323381100:05:009:0010"},"geometry":{"type":"Polygon","coordinates":[[[35.288833,47.376719],[35.289328,47.376743],[35.289379,47.376158],[35.28888,47.376112],[35.288833,47.376719]]]}},{"type":"Feature","properties":{"cadnum":"2323381100:05:039:0017"},"geometry":{"type":"Polygon","coordinates":[[[35.290993,47.376228],[35.291365,47.376278],[35.291407,47.376021],[35.291406,47.376021],[35.291496,47.375469],[35.291141,47.375421],[35.291061,47.375897],[35.291011,47.376138],[35.291012,47.376138],[35.290993,47.376228]]]}},{"type":"Feature","properties":{"cadnum":"2323381100:05:039:0019"},"geometry":{"type":"Polygon","coordinates":[[[35.292508,47.376476],[35.293335,47.376585],[35.293398,47.376227],[35.292603,47.376121],[35.292572,47.376242],[35.292508,47.376476]]]}},{"type":"Feature","properties":{"cadnum":"2323381100:05:006:0006"},"geometry":{"type":"Polygon","coordinates":[[[35.292337,47.379636],[35.292693,47.379722],[35.292687,47.379741],[35.292686,47.379741],[35.292588,47.380078],[35.293017,47.380143],[35.293116,47.379857],[35.293297,47.379336],[35.292522,47.379145],[35.292337,47.379636]]]}},{"type":"Feature","properties":{"cadnum":"2323381100:05:009:0015"},"geometry":{"type":"Polygon","coordinates":[[[35.293358,47.378515],[35.293665,47.378559],[35.293665,47.378558],[35.293896,47.378591],[35.294058,47.378189],[35.293508,47.378112],[35.293358,47.378515]]]}},{"type":"Feature","properties":{"cadnum":"2323381100:05:009:0018"},"geometry":{"type":"Polygon","coordinates":[[[35.292945,47.378443],[35.293363,47.378499],[35.293493,47.378152],[35.293508,47.378112],[35.293665,47.377688],[35.293709,47.377568],[35.293546,47.377547],[35.293276,47.377511],[35.292945,47.378443]]]}},{"type":"Feature","properties":{"cadnum":"2323381100:05:009:0020"},"geometry":{"type":"Polygon","coordinates":[[[35.291006,47.378117],[35.291407,47.378175],[35.291647,47.377231],[35.291196,47.377166],[35.291006,47.378117]]]}},{"type":"Feature","properties":{"cadnum":"2323381100:05:006:0020"},"geometry":{"type":"Polygon","coordinates":[[[35.292973,47.379151],[35.293493,47.37921],[35.293623,47.379224],[35.293665,47.379125],[35.293665,47.379124],[35.293839,47.378704],[35.293775,47.378701],[35.293665,47.378692],[35.293182,47.378652],[35.292973,47.379151]]]}},{"type":"Feature","properties":{"cadnum":"2323381100:05:006:0009"},"geometry":{"type":"Polygon","coordinates":[[[35.29225,47.378991],[35.292584,47.379125],[35.292985,47.378312],[35.292695,47.378211],[35.29225,47.378991]]]}},{"type":"Feature","properties":{"cadnum":"2323381100:05:009:0017"},"geometry":{"type":"Polygon","coordinates":[[[35.293276,47.377511],[35.293493,47.37754],[35.293546,47.377547],[35.293665,47.377563],[35.293665,47.377562],[35.293709,47.377568],[35.293948,47.37692],[35.293505,47.376861],[35.293276,47.377511]]]}},{"type":"Feature","properties":{"cadnum":"2323381100:04:004:0002"},"geometry":{"type":"Polygon","coordinates":[[[35.296882,47.35304],[35.298986,47.353197],[35.299091,47.353204],[35.299158,47.353209],[35.300366,47.353299],[35.300377,47.352928],[35.299101,47.352834],[35.296894,47.352669],[35.296882,47.35304]]]}},{"type":"Feature","properties":{"cadnum":"2323381100:04:004:0001"},"geometry":{"type":"Polygon","coordinates":[[[35.296873,47.353299],[35.299158,47.353476],[35.299158,47.353475],[35.300358,47.353567],[35.300366,47.353299],[35.299091,47.353204],[35.296882,47.35304],[35.296873,47.353299]]]}},{"type":"Feature","properties":{"cadnum":"2323381100:04:004:0003"},"geometry":{"type":"Polygon","coordinates":[[[35.296893,47.352669],[35.298986,47.352825],[35.299098,47.352833],[35.299158,47.352838],[35.300377,47.352928],[35.300389,47.352556],[35.299047,47.352457],[35.296906,47.352298],[35.296893,47.352669]]]}},{"type":"Feature","properties":{"cadnum":"2323381100:04:004:0005"},"geometry":{"type":"Polygon","coordinates":[[[35.296944,47.351184],[35.298986,47.351336],[35.2991,47.351344],[35.299158,47.351349],[35.300423,47.351442],[35.300456,47.350327],[35.299158,47.350231],[35.29698,47.350069],[35.296944,47.351184]]]}},{"type":"Feature","properties":{"cadnum":"2323381100:04:004:0004"},"geometry":{"type":"Polygon","coordinates":[[[35.296906,47.352298],[35.298986,47.352453],[35.299047,47.352457],[35.299158,47.352465],[35.300389,47.352556],[35.300423,47.351442],[35.2991,47.351344],[35.296944,47.351184],[35.296906,47.352298]]]}},{"type":"Feature","properties":{"cadnum":"2323381100:04:011:0004"},"geometry":{"type":"Polygon","coordinates":[[[35.28551,47.345186],[35.288,47.3454],[35.289266,47.345508],[35.289266,47.345504],[35.28929,47.344788],[35.288172,47.344693],[35.285534,47.344467],[35.28551,47.345186]]]}},{"type":"Feature","properties":{"cadnum":"2323381100:04:011:0003"},"geometry":{"type":"Polygon","coordinates":[[[35.285486,47.345906],[35.288172,47.346137],[35.288172,47.346136],[35.289242,47.346228],[35.289242,47.346225],[35.289266,47.345508],[35.288172,47.345414],[35.28551,47.345186],[35.285486,47.345906]]]}},{"type":"Feature","properties":{"cadnum":"2323381100:04:011:0002"},"geometry":{"type":"Polygon","coordinates":[[[35.285461,47.346625],[35.288,47.346843],[35.289218,47.346946],[35.289218,47.346945],[35.289238,47.34633],[35.289242,47.346228],[35.288,47.346121],[35.288,47.346122],[35.285486,47.345906],[35.285473,47.346254],[35.285473,47.346258],[35.285469,47.34637],[35.28547,47.34637],[35.285461,47.346625]]]}},{"type":"Feature","properties":{"cadnum":"2323381100:04:011:0007"},"geometry":{"type":"Polygon","coordinates":[[[35.285582,47.343028],[35.288172,47.343251],[35.288172,47.34325],[35.289339,47.34335],[35.289339,47.343342],[35.289363,47.342631],[35.288205,47.342532],[35.288202,47.342532],[35.288172,47.342529],[35.285606,47.342309],[35.285598,47.342532],[35.285597,47.342569],[35.285594,47.342648],[35.285582,47.343028]]]}},{"type":"Feature","properties":{"cadnum":"2323381100:04:011:0005"},"geometry":{"type":"Polygon","coordinates":[[[35.285534,47.344467],[35.288,47.344678],[35.28929,47.344788],[35.28929,47.344784],[35.289314,47.344069],[35.288172,47.343972],[35.285558,47.343748],[35.285534,47.344467]]]}},{"type":"Feature","properties":{"cadnum":"2323381100:04:011:0006"},"geometry":{"type":"Polygon","coordinates":[[[35.285558,47.343748],[35.288,47.343957],[35.288,47.343958],[35.289314,47.344069],[35.289314,47.344063],[35.289339,47.34335],[35.288,47.343235],[35.288,47.343236],[35.285582,47.343028],[35.285558,47.343748]]]}},{"type":"Feature","properties":{"cadnum":"2323381100:04:011:0026"},"geometry":{"type":"Polygon","coordinates":[[[35.289242,47.346225],[35.289581,47.346254],[35.29076,47.346355],[35.290941,47.34637],[35.292992,47.346546],[35.293001,47.346254],[35.293016,47.345825],[35.289266,47.345504],[35.289266,47.345508],[35.289242,47.346225]]]}},{"type":"Feature","properties":{"cadnum":"2323381100:04:011:0021"},"geometry":{"type":"Polygon","coordinates":[[[35.289363,47.342622],[35.28967,47.342648],[35.289671,47.342648],[35.293111,47.342943],[35.293124,47.342533],[35.293135,47.342222],[35.289387,47.341901],[35.289387,47.341911],[35.289366,47.342532],[35.289365,47.342532],[35.289363,47.342622]]]}},{"type":"Feature","properties":{"cadnum":"2323381100:04:011:0024"},"geometry":{"type":"Polygon","coordinates":[[[35.28929,47.344784],[35.29304,47.345104],[35.293064,47.344384],[35.289314,47.344063],[35.289314,47.344069],[35.28929,47.344784]]]}},{"type":"Feature","properties":{"cadnum":"2323381100:04:011:0025"},"geometry":{"type":"Polygon","coordinates":[[[35.289266,47.345504],[35.293016,47.345825],[35.29304,47.345104],[35.28929,47.344784],[35.28929,47.344788],[35.289266,47.345504]]]}},{"type":"Feature","properties":{"cadnum":"2323381100:04:011:0022"},"geometry":{"type":"Polygon","coordinates":[[[35.289339,47.343342],[35.293087,47.343663],[35.293111,47.342943],[35.289363,47.342622],[35.289363,47.342631],[35.289339,47.343342]]]}},{"type":"Feature","properties":{"cadnum":"2323381100:04:011:0023"},"geometry":{"type":"Polygon","coordinates":[[[35.289314,47.344063],[35.293064,47.344384],[35.293087,47.343663],[35.289339,47.343342],[35.289339,47.34335],[35.289314,47.344063]]]}},{"type":"Feature","properties":{"cadnum":"2323381100:04:011:0027"},"geometry":{"type":"Polygon","coordinates":[[[35.289218,47.346945],[35.292968,47.347266],[35.292992,47.346546],[35.29076,47.346355],[35.289242,47.346225],[35.289242,47.346228],[35.289241,47.346254],[35.289238,47.34633],[35.289237,47.34637],[35.289218,47.346945]]]}},{"type":"Feature","properties":{"cadnum":"2323381100:04:011:0008"},"geometry":{"type":"Polygon","coordinates":[[[35.285606,47.342309],[35.288,47.342514],[35.288,47.342515],[35.289363,47.342631],[35.289363,47.342622],[35.289387,47.341911],[35.288172,47.341808],[35.28563,47.341589],[35.285606,47.342309]]]}},{"type":"Feature","properties":{"cadnum":"2323381100:03:010:0002"},"geometry":{"type":"Polygon","coordinates":[[[35.352554,47.374916],[35.353918,47.374969],[35.35684,47.375081],[35.356936,47.374457],[35.35409,47.374349],[35.352648,47.374293],[35.352554,47.374916]]]}},{"type":"Feature","properties":{"cadnum":"2323381100:03:010:0036"},"geometry":{"type":"Polygon","coordinates":[[[35.352743,47.37367],[35.353918,47.373715],[35.357029,47.373834],[35.357217,47.372589],[35.35409,47.37247],[35.35409,47.372469],[35.352931,47.372425],[35.352743,47.37367]]]}},{"type":"Feature","properties":{"cadnum":"2323381100:03:010:0001"},"geometry":{"type":"Polygon","coordinates":[[[35.352468,47.375486],[35.35409,47.375589],[35.356738,47.375756],[35.35684,47.375081],[35.35409,47.374975],[35.352554,47.374916],[35.352468,47.375486]]]}},{"type":"Feature","properties":{"cadnum":"2323381100:03:010:0003"},"geometry":{"type":"Polygon","coordinates":[[[35.352648,47.374293],[35.353918,47.374342],[35.356936,47.374457],[35.357029,47.373834],[35.35409,47.373722],[35.352743,47.37367],[35.352648,47.374293]]]}},{"type":"Feature","properties":{"cadnum":"2323381100:02:005:0015"},"geometry":{"type":"Polygon","coordinates":[[[35.311099,47.356239],[35.315321,47.356543],[35.315325,47.356237],[35.31111,47.355933],[35.311099,47.356239]]]}},{"type":"Feature","properties":{"cadnum":"2323381100:02:013:0009"},"geometry":{"type":"Polygon","coordinates":[[[35.307466,47.356571],[35.309973,47.356767],[35.309973,47.356768],[35.310901,47.35684],[35.310942,47.355266],[35.309973,47.355191],[35.307505,47.354997],[35.307466,47.356571]]]}},{"type":"Feature","properties":{"cadnum":"2323381100:04:008:0001"},"geometry":{"type":"Polygon","coordinates":[[[35.311161,47.354385],[35.315384,47.354706],[35.315395,47.3544],[35.311172,47.354079],[35.311161,47.354385]]]}},{"type":"Feature","properties":{"cadnum":"2323381100:02:013:0008"},"geometry":{"type":"Polygon","coordinates":[[[35.307505,47.354997],[35.310144,47.355205],[35.310144,47.355204],[35.310145,47.355204],[35.310942,47.355266],[35.310964,47.354475],[35.310145,47.354413],[35.310144,47.354413],[35.307525,47.354214],[35.307505,47.354997]]]}},{"type":"Feature","properties":{"cadnum":"2323381100:02:005:0016"},"geometry":{"type":"Polygon","coordinates":[[[35.31111,47.355933],[35.315325,47.356237],[35.315334,47.355623],[35.31113,47.35532],[35.31111,47.355933]]]}},{"type":"Feature","properties":{"cadnum":"2323381100:04:008:0002"},"geometry":{"type":"Polygon","coordinates":[[[35.311172,47.354079],[35.315395,47.3544],[35.315406,47.354094],[35.311181,47.353773],[35.311172,47.354079]]]}},{"type":"Feature","properties":{"cadnum":"2323381100:02:005:0017"},"geometry":{"type":"Polygon","coordinates":[[[35.311141,47.355013],[35.315339,47.355315],[35.315344,47.355007],[35.31115,47.354705],[35.311141,47.355013]]]}},{"type":"Feature","properties":{"cadnum":"2323381100:02:005:0018"},"geometry":{"type":"Polygon","coordinates":[[[35.31113,47.35532],[35.31324,47.355472],[35.315334,47.355623],[35.315339,47.355315],[35.313256,47.355166],[35.311141,47.355013],[35.31113,47.35532]]]}},{"type":"Feature","properties":{"cadnum":"2323381100:02:005:0012"},"geometry":{"type":"Polygon","coordinates":[[[35.31107,47.357155],[35.315306,47.357461],[35.315312,47.357155],[35.311079,47.35685],[35.31107,47.357155]]]}},{"type":"Feature","properties":{"cadnum":"2323381100:02:005:0013"},"geometry":{"type":"Polygon","coordinates":[[[35.311079,47.35685],[35.315312,47.357154],[35.315316,47.356849],[35.31109,47.356545],[35.311079,47.35685]]]}},{"type":"Feature","properties":{"cadnum":"2323381100:02:005:0014"},"geometry":{"type":"Polygon","coordinates":[[[35.31109,47.356545],[35.315316,47.356849],[35.315321,47.356543],[35.311099,47.356239],[35.31109,47.356545]]]}},{"type":"Feature","properties":{"cadnum":"2323381100:05:039:0010"},"geometry":{"type":"Polygon","coordinates":[[[35.293937,47.376698],[35.294463,47.376772],[35.294592,47.376223],[35.294067,47.376149],[35.293937,47.376698]]]}},{"type":"Feature","properties":{"cadnum":"2323381100:05:009:0007"},"geometry":{"type":"Polygon","coordinates":[[[35.293768,47.377405],[35.294342,47.377486],[35.294538,47.377002],[35.293948,47.37692],[35.293768,47.377405]]]}},{"type":"Feature","properties":{"cadnum":"2323381100:05:010:0002"},"geometry":{"type":"Polygon","coordinates":[[[35.294707,47.37859],[35.295087,47.378662],[35.295489,47.37787],[35.295103,47.377793],[35.294707,47.37859]]]}},{"type":"Feature","properties":{"cadnum":"2323381100:05:010:0001"},"geometry":{"type":"Polygon","coordinates":[[[35.295101,47.377793],[35.295489,47.37787],[35.29584,47.377177],[35.295446,47.377098],[35.295101,47.377793]]]}},{"type":"Feature","properties":{"cadnum":"2323381100:05:006:0022"},"geometry":{"type":"Polygon","coordinates":[[[35.293599,47.379282],[35.294231,47.379353],[35.294468,47.378746],[35.293839,47.378705],[35.293623,47.379224],[35.293599,47.379282]]]}},{"type":"Feature","properties":{"cadnum":"2323381100:05:009:0008"},"geometry":{"type":"Polygon","coordinates":[[[35.294048,47.378119],[35.294582,47.378234],[35.295001,47.377561],[35.294443,47.37744],[35.294048,47.378119]]]}},{"type":"Feature","properties":{"cadnum":"2323381100:05:010:0007"},"geometry":{"type":"Polygon","coordinates":[[[35.297849,47.379036],[35.298445,47.379125],[35.298907,47.377928],[35.298367,47.377855],[35.297849,47.379036]]]}},{"type":"Feature","properties":{"cadnum":"2323381100:05:012:0014"},"geometry":{"type":"Polygon","coordinates":[[[35.29646,47.376969],[35.29685,47.377019],[35.297063,47.376294],[35.296662,47.376242],[35.29646,47.376969]]]}},{"type":"Feature","properties":{"cadnum":"2323381100:05:010:0004"},"geometry":{"type":"Polygon","coordinates":[[[35.296224,47.377487],[35.296509,47.377526],[35.296627,47.377194],[35.296343,47.377155],[35.296224,47.377487]]]}},{"type":"Feature","properties":{"cadnum":"2323381100:05:012:0016"},"geometry":{"type":"Polygon","coordinates":[[[35.297938,47.377144],[35.298512,47.377207],[35.298595,47.376673],[35.298061,47.376624],[35.297938,47.377144]]]}},{"type":"Feature","properties":{"cadnum":"2323381100:05:012:0005"},"geometry":{"type":"Polygon","coordinates":[[[35.296912,47.377035],[35.297341,47.377087],[35.297517,47.376421],[35.297082,47.376367],[35.296912,47.377035]]]}},{"type":"Feature","properties":{"cadnum":"2323381100:05:010:0003"},"geometry":{"type":"Polygon","coordinates":[[[35.296178,47.378861],[35.296466,47.3789],[35.296467,47.3789],[35.296861,47.377662],[35.296574,47.377626],[35.296178,47.378861]]]}},{"type":"Feature","properties":{"cadnum":"2323381100:05:010:0005"},"geometry":{"type":"Polygon","coordinates":[[[35.296859,47.378989],[35.297066,47.379021],[35.29742,47.377849],[35.297232,47.377825],[35.296859,47.378989]]]}},{"type":"Feature","properties":{"cadnum":"2323381100:05:010:0006"},"geometry":{"type":"Polygon","coordinates":[[[35.298367,47.377855],[35.298907,47.377928],[35.299064,47.377521],[35.298544,47.377452],[35.298367,47.377855]]]}},{"type":"Feature","properties":{"cadnum":"2323381100:05:010:0008"},"geometry":{"type":"MultiPolygon","coordinates":[[[[35.295748,47.378697],[35.296032,47.378739],[35.296509,47.377526],[35.296224,47.377487],[35.295748,47.378697]]],[[[35.296509,47.377526],[35.296795,47.377565],[35.296913,47.377234],[35.296627,47.377194],[35.296509,47.377526]]]]}},{"type":"Feature","properties":{"cadnum":"2323381100:05:015:0013"},"geometry":{"type":"Polygon","coordinates":[[[35.288876,47.371676],[35.289363,47.371716],[35.289414,47.371329],[35.288928,47.371288],[35.288876,47.371676]]]}},{"type":"Feature","properties":{"cadnum":"2323381100:05:015:0014"},"geometry":{"type":"Polygon","coordinates":[[[35.288797,47.372265],[35.289263,47.372332],[35.289339,47.372029],[35.289323,47.372024],[35.289323,47.372023],[35.289322,47.372023],[35.289363,47.371716],[35.288876,47.371676],[35.288797,47.372265]]]}},{"type":"Feature","properties":{"cadnum":"2323381100:05:017:0009"},"geometry":{"type":"Polygon","coordinates":[[[35.287747,47.369818],[35.288,47.369834],[35.288,47.369835],[35.288115,47.369841],[35.288223,47.369042],[35.288,47.369028],[35.287853,47.369019],[35.287747,47.369818]]]}},{"type":"Feature","properties":{"cadnum":"2323381100:05:015:0003"},"geometry":{"type":"Polygon","coordinates":[[[35.290087,47.372445],[35.290586,47.372511],[35.290597,47.37241],[35.290657,47.371914],[35.290177,47.371847],[35.290108,47.372301],[35.290099,47.372364],[35.290091,47.372418],[35.290087,47.372445]]]}},{"type":"Feature","properties":{"cadnum":"2323381100:05:015:0004"},"geometry":{"type":"Polygon","coordinates":[[[35.290177,47.371847],[35.290657,47.371914],[35.290763,47.371033],[35.290311,47.370971],[35.290177,47.371847]]]}},{"type":"Feature","properties":{"cadnum":"2323381100:05:017:0010"},"geometry":{"type":"Polygon","coordinates":[[[35.287649,47.370555],[35.288,47.370576],[35.288,47.370577],[35.288019,47.370578],[35.288115,47.369841],[35.287747,47.369818],[35.287649,47.370555]]]}},{"type":"Feature","properties":{"cadnum":"2323381100:05:019:0001"},"geometry":{"type":"Polygon","coordinates":[[[35.288333,47.368718],[35.288656,47.368741],[35.288662,47.368697],[35.288663,47.368697],[35.288845,47.367528],[35.288518,47.367481],[35.288353,47.368581],[35.288335,47.368697],[35.288336,47.368697],[35.288336,47.368698],[35.288333,47.368718]]]}},{"type":"Feature","properties":{"cadnum":"2323381100:05:019:0008"},"geometry":{"type":"Polygon","coordinates":[[[35.290733,47.369174],[35.291098,47.36922],[35.291153,47.368681],[35.291173,47.368501],[35.291185,47.368386],[35.290833,47.368363],[35.290791,47.368697],[35.290791,47.368698],[35.290733,47.369174]]]}},{"type":"Feature","properties":{"cadnum":"2323381100:05:017:0006"},"geometry":{"type":"Polygon","coordinates":[[[35.292781,47.371274],[35.293145,47.371317],[35.293323,47.369774],[35.292954,47.369731],[35.292781,47.371274]]]}},{"type":"Feature","properties":{"cadnum":"2323381100:05:015:0002"},"geometry":{"type":"Polygon","coordinates":[[[35.2915,47.371852],[35.291899,47.371895],[35.291899,47.371894],[35.292056,47.371153],[35.291613,47.3711],[35.2915,47.371852]]]}},{"type":"Feature","properties":{"cadnum":"2323381100:03:009:0048"},"geometry":{"type":"Polygon","coordinates":[[[35.346974,47.371937],[35.348425,47.371993],[35.348425,47.371994],[35.352696,47.372157],[35.352836,47.371236],[35.348597,47.371074],[35.348597,47.371073],[35.347113,47.371016],[35.346974,47.371937]]]}},{"type":"Feature","properties":{"cadnum":"2323381100:03:009:0038"},"geometry":{"type":"Polygon","coordinates":[[[35.347113,47.371016],[35.348425,47.371067],[35.352836,47.371236],[35.352906,47.370776],[35.348597,47.370611],[35.347183,47.370557],[35.347113,47.371016]]]}},{"type":"Feature","properties":{"cadnum":"2323381100:03:009:0034"},"geometry":{"type":"Polygon","coordinates":[[[35.347399,47.369133],[35.348425,47.369173],[35.35312,47.369352],[35.35319,47.368893],[35.348597,47.368717],[35.348597,47.368716],[35.347467,47.368673],[35.347399,47.369133]]]}},{"type":"Feature","properties":{"cadnum":"2323381100:03:009:0036"},"geometry":{"type":"Polygon","coordinates":[[[35.347253,47.370096],[35.348425,47.370141],[35.348425,47.370142],[35.352974,47.370316],[35.353048,47.369835],[35.348597,47.369665],[35.347324,47.369616],[35.347253,47.370096]]]}},{"type":"Feature","properties":{"cadnum":"2323381100:03:009:0037"},"geometry":{"type":"Polygon","coordinates":[[[35.347183,47.370557],[35.348425,47.370604],[35.348425,47.370605],[35.352906,47.370776],[35.352974,47.370316],[35.348597,47.370148],[35.347253,47.370096],[35.347183,47.370557]]]}},{"type":"Feature","properties":{"cadnum":"2323381100:03:009:0035"},"geometry":{"type":"Polygon","coordinates":[[[35.347325,47.369616],[35.348425,47.369658],[35.353048,47.369835],[35.35312,47.369352],[35.348597,47.36918],[35.347398,47.369133],[35.347325,47.369616]]]}},{"type":"Feature","properties":{"cadnum":"2323381100:04:011:0015"},"geometry":{"type":"Polygon","coordinates":[[[35.289508,47.338298],[35.293256,47.338619],[35.29328,47.33789],[35.28953,47.337586],[35.289508,47.338298]]]}},{"type":"Feature","properties":{"cadnum":"2323381100:04:011:0016"},"geometry":{"type":"Polygon","coordinates":[[[35.289483,47.339018],[35.293232,47.33934],[35.293248,47.338833],[35.293256,47.338619],[35.289508,47.338298],[35.289506,47.338314],[35.289486,47.338926],[35.289483,47.339018]]]}},{"type":"Feature","properties":{"cadnum":"2323381100:04:011:0013"},"geometry":{"type":"Polygon","coordinates":[[[35.285727,47.338712],[35.286862,47.338809],[35.288,47.338907],[35.288,47.338908],[35.289482,47.339034],[35.289483,47.339018],[35.28949,47.338809],[35.289506,47.338314],[35.288172,47.338201],[35.285751,47.337992],[35.285727,47.338712]]]}},{"type":"Feature","properties":{"cadnum":"2323381100:04:011:0014"},"geometry":{"type":"Polygon","coordinates":[[[35.285751,47.337992],[35.288,47.338186],[35.289506,47.338314],[35.289508,47.338298],[35.28953,47.337586],[35.288,47.337463],[35.285775,47.337283],[35.285751,47.337992]]]}},{"type":"Feature","properties":{"cadnum":"2323381100:03:012:0010"},"geometry":{"type":"Polygon","coordinates":[[[35.372626,47.370039],[35.375065,47.370138],[35.375105,47.369637],[35.375113,47.369553],[35.372675,47.369454],[35.372626,47.370039]]]}},{"type":"Feature","properties":{"cadnum":"2323381100:03:012:0006"},"geometry":{"type":"Polygon","coordinates":[[[35.372385,47.372961],[35.374823,47.37306],[35.374878,47.372385],[35.374881,47.37236],[35.374884,47.37233],[35.372445,47.372231],[35.372439,47.372301],[35.372385,47.372961]]]}},{"type":"Feature","properties":{"cadnum":"2323381100:03:012:0009"},"geometry":{"type":"Polygon","coordinates":[[[35.372566,47.370769],[35.375004,47.370868],[35.375063,47.370143],[35.375065,47.370138],[35.372626,47.370039],[35.372566,47.370769]]]}},{"type":"Feature","properties":{"cadnum":"2323381100:03:012:0008"},"geometry":{"type":"Polygon","coordinates":[[[35.372506,47.371499],[35.374944,47.371598],[35.375002,47.370891],[35.375004,47.370868],[35.372566,47.370769],[35.372506,47.371499]]]}},{"type":"Feature","properties":{"cadnum":"2323381100:03:012:0007"},"geometry":{"type":"Polygon","coordinates":[[[35.372445,47.372231],[35.374884,47.37233],[35.37494,47.371637],[35.374944,47.371598],[35.372506,47.371499],[35.372445,47.372231]]]}},{"type":"Feature","properties":{"cadnum":"2323381100:03:012:0011"},"geometry":{"type":"Polygon","coordinates":[[[35.372675,47.369454],[35.375113,47.369553],[35.375154,47.369052],[35.372716,47.368953],[35.372675,47.369454]]]}},{"type":"Feature","properties":{"cadnum":"2323381100:03:012:0012"},"geometry":{"type":"Polygon","coordinates":[[[35.372716,47.368953],[35.375154,47.369052],[35.375167,47.36889],[35.375192,47.368581],[35.375195,47.36855],[35.372758,47.368451],[35.372747,47.368581],[35.372746,47.368581],[35.372738,47.368678],[35.372736,47.368697],[35.372737,47.368697],[35.372737,47.368698],[35.372716,47.368953]]]}},{"type":"Feature","properties":{"cadnum":"2323381100:03:015:0007"},"geometry":{"type":"Polygon","coordinates":[[[35.367585,47.372768],[35.370397,47.372888],[35.370398,47.372888],[35.372319,47.37297],[35.372366,47.3724],[35.371403,47.37236],[35.370569,47.372324],[35.370558,47.372324],[35.370039,47.372301],[35.370037,47.372301],[35.36763,47.372199],[35.367612,47.372418],[35.367585,47.372768]]]}},{"type":"Feature","properties":{"cadnum":"2323381100:03:015:0012"},"geometry":{"type":"Polygon","coordinates":[[[35.367805,47.369926],[35.370397,47.370037],[35.370398,47.370037],[35.370509,47.370042],[35.370569,47.370044],[35.372554,47.370128],[35.372601,47.36956],[35.370498,47.369472],[35.367848,47.369359],[35.367805,47.369926]]]}},{"type":"Feature","properties":{"cadnum":"2323381100:03:015:0010"},"geometry":{"type":"Polygon","coordinates":[[[35.367717,47.371062],[35.370397,47.371176],[35.370398,47.371176],[35.370545,47.371182],[35.370569,47.371183],[35.37246,47.371263],[35.372507,47.370696],[35.370523,47.370612],[35.367761,47.370494],[35.367717,47.371062]]]}},{"type":"Feature","properties":{"cadnum":"2323381100:03:015:0008"},"geometry":{"type":"Polygon","coordinates":[[[35.36763,47.372199],[35.370397,47.372317],[35.370398,47.372317],[35.371403,47.37236],[35.372366,47.3724],[35.372413,47.371832],[35.370569,47.371754],[35.367672,47.37163],[35.36763,47.372199]]]}},{"type":"Feature","properties":{"cadnum":"2323381100:03:015:0011"},"geometry":{"type":"Polygon","coordinates":[[[35.367761,47.370494],[35.370397,47.370607],[35.370398,47.370607],[35.370523,47.370612],[35.370569,47.370614],[35.372507,47.370696],[35.372554,47.370128],[35.370509,47.370042],[35.367805,47.369926],[35.367761,47.370494]]]}},{"type":"Feature","properties":{"cadnum":"2323381100:03:015:0009"},"geometry":{"type":"Polygon","coordinates":[[[35.367672,47.37163],[35.370397,47.371746],[35.370398,47.371746],[35.372413,47.371832],[35.37246,47.371263],[35.370545,47.371182],[35.367717,47.371062],[35.367672,47.37163]]]}},{"type":"Feature","properties":{"cadnum":"2323381100:03:015:0013"},"geometry":{"type":"Polygon","coordinates":[[[35.367848,47.369359],[35.370397,47.369468],[35.370398,47.369468],[35.370498,47.369472],[35.370569,47.369475],[35.372601,47.36956],[35.372648,47.368993],[35.370569,47.368905],[35.367892,47.368792],[35.367848,47.369359]]]}},{"type":"Feature","properties":{"cadnum":"2323381100:01:010:0014"},"geometry":{"type":"Polygon","coordinates":[[[35.264216,47.350504],[35.266027,47.350631],[35.268333,47.350792],[35.268341,47.350605],[35.266027,47.350444],[35.264222,47.350317],[35.264216,47.350504]]]}},{"type":"Feature","properties":{"cadnum":"2323381100:01:016:0020"},"geometry":{"type":"Polygon","coordinates":[[[35.26401,47.350867],[35.266027,47.351009],[35.268366,47.351172],[35.268377,47.350874],[35.266027,47.350711],[35.266027,47.350712],[35.264018,47.350571],[35.26401,47.350867]]]}},{"type":"Feature","properties":{"cadnum":"2323381100:01:016:0014"},"geometry":{"type":"Polygon","coordinates":[[[35.263976,47.352055],[35.266199,47.352211],[35.266199,47.35221],[35.268326,47.352359],[35.26833,47.35221],[35.266199,47.352061],[35.26398,47.351906],[35.263976,47.352055]]]}},{"type":"Feature","properties":{"cadnum":"2323381100:01:016:0016"},"geometry":{"type":"Polygon","coordinates":[[[35.263984,47.351758],[35.266027,47.351901],[35.268335,47.352062],[35.268349,47.351666],[35.266199,47.351516],[35.263996,47.351361],[35.263984,47.351758]]]}},{"type":"Feature","properties":{"cadnum":"2323381100:01:016:0013"},"geometry":{"type":"Polygon","coordinates":[[[35.263966,47.352352],[35.266027,47.352496],[35.268315,47.352656],[35.268326,47.352359],[35.266027,47.352198],[35.266027,47.352199],[35.263976,47.352055],[35.263966,47.352352]]]}},{"type":"Feature","properties":{"cadnum":"2323381100:01:016:0018"},"geometry":{"type":"Polygon","coordinates":[[[35.263998,47.351262],[35.266027,47.351405],[35.268353,47.351567],[35.268356,47.351469],[35.266199,47.351318],[35.264001,47.351163],[35.263998,47.351262]]]}},{"type":"Feature","properties":{"cadnum":"2323381100:01:016:0012"},"geometry":{"type":"Polygon","coordinates":[[[35.263958,47.352649],[35.266027,47.352794],[35.268305,47.352953],[35.268315,47.352656],[35.266199,47.352508],[35.263966,47.352352],[35.263958,47.352649]]]}},{"type":"Feature","properties":{"cadnum":"2323381100:01:016:0019"},"geometry":{"type":"Polygon","coordinates":[[[35.264001,47.351163],[35.266027,47.351306],[35.268357,47.351469],[35.268366,47.351172],[35.266199,47.351021],[35.26401,47.350867],[35.264001,47.351163]]]}},{"type":"Feature","properties":{"cadnum":"2323381100:01:016:0015"},"geometry":{"type":"Polygon","coordinates":[[[35.26398,47.351906],[35.266027,47.352049],[35.26833,47.35221],[35.268335,47.352062],[35.266199,47.351913],[35.263984,47.351758],[35.26398,47.351906]]]}},{"type":"Feature","properties":{"cadnum":"2323381100:01:016:0017"},"geometry":{"type":"Polygon","coordinates":[[[35.263996,47.351361],[35.266027,47.351504],[35.268349,47.351666],[35.268353,47.351567],[35.266199,47.351417],[35.263998,47.351262],[35.263996,47.351361]]]}},{"type":"Feature","properties":{"cadnum":"2323381100:01:017:0001"},"geometry":{"type":"Polygon","coordinates":[[[35.268389,47.351656],[35.270061,47.351773],[35.270088,47.351002],[35.268416,47.350883],[35.268389,47.351656]]]}},{"type":"Feature","properties":{"cadnum":"2323381100:01:016:0010"},"geometry":{"type":"Polygon","coordinates":[[[35.263931,47.353541],[35.266027,47.353688],[35.267831,47.353814],[35.267832,47.353814],[35.268274,47.353845],[35.268277,47.353735],[35.268295,47.35325],[35.266199,47.353104],[35.263949,47.352946],[35.263931,47.353541]]]}},{"type":"Feature","properties":{"cadnum":"2323381100:01:016:0009"},"geometry":{"type":"Polygon","coordinates":[[[35.263923,47.353814],[35.263924,47.353814],[35.263923,47.353839],[35.266199,47.353999],[35.266199,47.353998],[35.268264,47.354143],[35.268274,47.353845],[35.266167,47.353697],[35.26616,47.353697],[35.263931,47.353541],[35.263927,47.353697],[35.263926,47.353697],[35.263925,47.353768],[35.263923,47.353814]]]}},{"type":"Feature","properties":{"cadnum":"2323381100:01:016:0011"},"geometry":{"type":"Polygon","coordinates":[[[35.263949,47.352946],[35.266027,47.353092],[35.268295,47.35325],[35.268305,47.352953],[35.266199,47.352806],[35.263958,47.352649],[35.263949,47.352946]]]}},{"type":"Feature","properties":{"cadnum":"2323381100:03:010:0016"},"geometry":{"type":"Polygon","coordinates":[[[35.353879,47.366161],[35.353918,47.366163],[35.358165,47.366326],[35.358261,47.365701],[35.353974,47.365536],[35.353879,47.366161]]]}},{"type":"Feature","properties":{"cadnum":"2323381100:03:010:0015"},"geometry":{"type":"Polygon","coordinates":[[[35.353785,47.366784],[35.353918,47.36679],[35.358071,47.366949],[35.358165,47.366326],[35.35409,47.36617],[35.35409,47.366169],[35.353879,47.366161],[35.353785,47.366784]]]}},{"type":"Feature","properties":{"cadnum":"2323381100:03:010:0014"},"geometry":{"type":"Polygon","coordinates":[[[35.353691,47.367408],[35.353918,47.367416],[35.353918,47.367417],[35.357978,47.367572],[35.358071,47.366949],[35.35409,47.366796],[35.353785,47.366784],[35.353691,47.367408]]]}},{"type":"Feature","properties":{"cadnum":"2323381100:03:010:0013"},"geometry":{"type":"Polygon","coordinates":[[[35.353598,47.368031],[35.353918,47.368043],[35.357882,47.368194],[35.357978,47.367572],[35.35409,47.367423],[35.353691,47.367408],[35.353598,47.368031]]]}},{"type":"Feature","properties":{"cadnum":"2323381100:05:031:0004"},"geometry":{"type":"Polygon","coordinates":[[[35.312328,47.382602],[35.312953,47.382633],[35.313047,47.382158],[35.312427,47.382129],[35.312328,47.382602]]]}},{"type":"Feature","properties":{"cadnum":"2323381100:05:031:0022"},"geometry":{"type":"Polygon","coordinates":[[[35.312568,47.381457],[35.313178,47.381487],[35.313229,47.381234],[35.312652,47.381061],[35.312568,47.381457]]]}},{"type":"Feature","properties":{"cadnum":"2323381100:05:031:0016"},"geometry":{"type":"Polygon","coordinates":[[[35.313244,47.38264],[35.313763,47.382653],[35.313824,47.382337],[35.313582,47.382322],[35.313728,47.381429],[35.313499,47.381339],[35.313244,47.38264]]]}},{"type":"Feature","properties":{"cadnum":"2323381100:05:031:0015"},"geometry":{"type":"Polygon","coordinates":[[[35.313763,47.382653],[35.314248,47.382665],[35.314364,47.382069],[35.313885,47.382027],[35.313824,47.382337],[35.313763,47.382653]]]}},{"type":"Feature","properties":{"cadnum":"2323381100:05:031:0005"},"geometry":{"type":"Polygon","coordinates":[[[35.312427,47.382129],[35.313047,47.382158],[35.313178,47.381487],[35.312568,47.381457],[35.312427,47.382129]]]}},{"type":"Feature","properties":{"cadnum":"2323381100:05:031:0020"},"geometry":{"type":"Polygon","coordinates":[[[35.312953,47.382633],[35.313244,47.38264],[35.313499,47.381339],[35.313229,47.381234],[35.312953,47.382633]]]}},{"type":"Feature","properties":{"cadnum":"2323381100:05:031:0010"},"geometry":{"type":"Polygon","coordinates":[[[35.313036,47.380578],[35.313344,47.380628],[35.313397,47.380476],[35.313084,47.380436],[35.313036,47.380578]]]}},{"type":"Feature","properties":{"cadnum":"2323381100:05:031:0018"},"geometry":{"type":"Polygon","coordinates":[[[35.314319,47.380775],[35.314923,47.380839],[35.315061,47.380312],[35.314506,47.38023],[35.314319,47.380775]]]}},{"type":"Feature","properties":{"cadnum":"2323381100:05:031:0011"},"geometry":{"type":"Polygon","coordinates":[[[35.313344,47.380628],[35.313902,47.380724],[35.314077,47.380208],[35.313516,47.380133],[35.313344,47.380628]]]}},{"type":"Feature","properties":{"cadnum":"2323381100:05:040:0004"},"geometry":{"type":"Polygon","coordinates":[[[35.311059,47.383439],[35.311498,47.383475],[35.311758,47.382814],[35.311323,47.382779],[35.311059,47.383439]]]}},{"type":"Feature","properties":{"cadnum":"2323381100:05:026:0001"},"geometry":{"type":"Polygon","coordinates":[[[35.313114,47.383502],[35.313571,47.383514],[35.313669,47.382852],[35.31323,47.38284],[35.313114,47.383502]]]}},{"type":"Feature","properties":{"cadnum":"2323381100:05:026:0004"},"geometry":{"type":"Polygon","coordinates":[[[35.314079,47.383467],[35.314596,47.383512],[35.314664,47.382936],[35.314158,47.382892],[35.314079,47.383467]]]}},{"type":"Feature","properties":{"cadnum":"2323381100:05:031:0014"},"geometry":{"type":"Polygon","coordinates":[[[35.311184,47.380395],[35.311671,47.380455],[35.311805,47.379953],[35.311326,47.379894],[35.311184,47.380395]]]}},{"type":"Feature","properties":{"cadnum":"2323381100:05:023:0013"},"geometry":{"type":"Polygon","coordinates":[[[35.31004,47.382073],[35.310144,47.382084],[35.310145,47.382084],[35.310547,47.382124],[35.310736,47.380982],[35.310403,47.380948],[35.31004,47.382073]]]}},{"type":"Feature","properties":{"cadnum":"2323381100:05:031:0007"},"geometry":{"type":"Polygon","coordinates":[[[35.310933,47.381679],[35.311287,47.381704],[35.311429,47.380962],[35.311087,47.380937],[35.310933,47.381679]]]}},{"type":"Feature","properties":{"cadnum":"2323381100:05:023:0003"},"geometry":{"type":"Polygon","coordinates":[[[35.309918,47.382453],[35.310144,47.382472],[35.310144,47.382471],[35.310145,47.382471],[35.310485,47.382499],[35.310547,47.382127],[35.310547,47.382124],[35.31004,47.382073],[35.309918,47.382453]]]}},{"type":"Feature","properties":{"cadnum":"2323381100:05:031:0006"},"geometry":{"type":"Polygon","coordinates":[[[35.310763,47.38249],[35.311133,47.382516],[35.311287,47.381704],[35.310933,47.381679],[35.310763,47.38249]]]}},{"type":"Feature","properties":{"cadnum":"2323381100:05:022:0008"},"geometry":{"type":"Polygon","coordinates":[[[35.309706,47.383019],[35.310144,47.383054],[35.310144,47.383053],[35.310145,47.383053],[35.310343,47.383068],[35.31045,47.382666],[35.309994,47.382626],[35.309823,47.382611],[35.309706,47.383019]]]}},{"type":"Feature","properties":{"cadnum":"2323381100:04:016:0002"},"geometry":{"type":"Polygon","coordinates":[[[35.307795,47.346993],[35.309973,47.347138],[35.309973,47.347139],[35.311291,47.347226],[35.311319,47.346408],[35.310145,47.346329],[35.310144,47.346329],[35.310144,47.346328],[35.307819,47.346173],[35.307812,47.34637],[35.307813,47.34637],[35.307795,47.346993]]]}},{"type":"Feature","properties":{"cadnum":"2323381100:04:016:0004"},"geometry":{"type":"Polygon","coordinates":[[[35.307743,47.348692],[35.308388,47.348735],[35.310144,47.348853],[35.310144,47.348852],[35.310145,47.348852],[35.311232,47.348924],[35.311263,47.348047],[35.310145,47.347973],[35.310144,47.347973],[35.310144,47.347972],[35.307769,47.347813],[35.307743,47.348692]]]}},{"type":"Feature","properties":{"cadnum":"2323381100:04:016:0003"},"geometry":{"type":"Polygon","coordinates":[[[35.307769,47.347813],[35.309973,47.347961],[35.311263,47.348047],[35.311291,47.347226],[35.310145,47.34715],[35.310144,47.34715],[35.307795,47.346993],[35.307769,47.347813]]]}},{"type":"Feature","properties":{"cadnum":"2323381100:04:015:0004"},"geometry":{"type":"Polygon","coordinates":[[[35.311394,47.347348],[35.315428,47.3477],[35.315451,47.347007],[35.311417,47.346656],[35.311394,47.347348]]]}},{"type":"Feature","properties":{"cadnum":"2323381100:04:015:0002"},"geometry":{"type":"Polygon","coordinates":[[[35.311349,47.34873],[35.315383,47.349082],[35.315406,47.348392],[35.311372,47.34804],[35.311349,47.34873]]]}},{"type":"Feature","properties":{"cadnum":"2323381100:04:016:0005"},"geometry":{"type":"Polygon","coordinates":[[[35.308373,47.349168],[35.309973,47.349299],[35.309973,47.3493],[35.311216,47.349401],[35.311232,47.348924],[35.309973,47.348841],[35.308388,47.348735],[35.308373,47.349168]]]}},{"type":"Feature","properties":{"cadnum":"2323381100:04:015:0001"},"geometry":{"type":"Polygon","coordinates":[[[35.311326,47.349411],[35.31536,47.349761],[35.315383,47.349082],[35.311349,47.34873],[35.311326,47.349411]]]}},{"type":"Feature","properties":{"cadnum":"2323381100:04:007:0007"},"geometry":{"type":"Polygon","coordinates":[[[35.307688,47.349504],[35.310144,47.349694],[35.310145,47.349694],[35.31114,47.34977],[35.311152,47.349469],[35.309991,47.349378],[35.307698,47.349195],[35.307688,47.349504]]]}},{"type":"Feature","properties":{"cadnum":"2323381100:04:015:0003"},"geometry":{"type":"Polygon","coordinates":[[[35.311372,47.34804],[35.315406,47.348392],[35.315428,47.3477],[35.311394,47.347348],[35.311372,47.34804]]]}},{"type":"Feature","properties":{"cadnum":"2323381100:03:001:0004"},"geometry":{"type":"Polygon","coordinates":[[[35.333996,47.381303],[35.336972,47.381458],[35.337063,47.38067],[35.334087,47.380516],[35.333996,47.381303]]]}},{"type":"Feature","properties":{"cadnum":"2323381100:03:006:0047"},"geometry":{"type":"Polygon","coordinates":[[[35.333791,47.382889],[35.336602,47.383022],[35.336765,47.382944],[35.336883,47.382246],[35.333906,47.38209],[35.333791,47.382889]]]}},{"type":"Feature","properties":{"cadnum":"2323381100:03:006:0044"},"geometry":{"type":"Polygon","coordinates":[[[35.333906,47.38209],[35.336883,47.382246],[35.336972,47.381458],[35.333996,47.381303],[35.333906,47.38209]]]}},{"type":"Feature","properties":{"cadnum":"2323381100:03:002:0023"},"geometry":{"type":"Polygon","coordinates":[[[35.335384,47.385885],[35.336728,47.38599],[35.337178,47.383461],[35.337259,47.383011],[35.336152,47.383577],[35.336153,47.383577],[35.33576,47.383778],[35.335384,47.385885]]]}},{"type":"Feature","properties":{"cadnum":"2323381100:02:004:0009"},"geometry":{"type":"Polygon","coordinates":[[[35.285904,47.362234],[35.288172,47.362426],[35.291107,47.362672],[35.29112,47.362266],[35.288,47.362005],[35.285911,47.361828],[35.285904,47.362234]]]}},{"type":"Feature","properties":{"cadnum":"2323381100:02:004:0008"},"geometry":{"type":"Polygon","coordinates":[[[35.285897,47.362621],[35.288172,47.362813],[35.291095,47.363058],[35.291107,47.362672],[35.288,47.362412],[35.285904,47.362234],[35.285897,47.362621]]]}},{"type":"Feature","properties":{"cadnum":"2323381100:02:004:0007"},"geometry":{"type":"Polygon","coordinates":[[[35.285891,47.362996],[35.288172,47.363187],[35.291085,47.363432],[35.291095,47.363058],[35.288,47.362799],[35.285897,47.362621],[35.285891,47.362996]]]}},{"type":"Feature","properties":{"cadnum":"2323381100:02:004:0010"},"geometry":{"type":"Polygon","coordinates":[[[35.285912,47.361828],[35.288172,47.362019],[35.29112,47.362266],[35.291132,47.361849],[35.288,47.361587],[35.28592,47.361411],[35.285912,47.361828]]]}},{"type":"Feature","properties":{"cadnum":"2323381100:02:004:0004"},"geometry":{"type":"Polygon","coordinates":[[[35.28587,47.364109],[35.288172,47.364304],[35.291051,47.364545],[35.291062,47.364175],[35.288,47.363918],[35.285877,47.363739],[35.28587,47.364109]]]}},{"type":"Feature","properties":{"cadnum":"2323381100:02:004:0003"},"geometry":{"type":"Polygon","coordinates":[[[35.285862,47.364482],[35.287481,47.364617],[35.288,47.364661],[35.288,47.364662],[35.288092,47.364669],[35.288172,47.364676],[35.29104,47.364917],[35.291051,47.364545],[35.288,47.364289],[35.28587,47.364109],[35.285862,47.364482]]]}},{"type":"Feature","properties":{"cadnum":"2323381100:02:004:0006"},"geometry":{"type":"Polygon","coordinates":[[[35.285884,47.363368],[35.288172,47.363561],[35.291073,47.363804],[35.291083,47.363455],[35.291085,47.363432],[35.288,47.363173],[35.285891,47.362996],[35.285884,47.363368]]]}},{"type":"Feature","properties":{"cadnum":"2323381100:02:004:0005"},"geometry":{"type":"Polygon","coordinates":[[[35.285877,47.363739],[35.288172,47.363932],[35.291062,47.364175],[35.291073,47.363804],[35.288,47.363546],[35.285884,47.363368],[35.285877,47.363739]]]}},{"type":"Feature","properties":{"cadnum":"2323381100:02:004:0021"},"geometry":{"type":"Polygon","coordinates":[[[35.291083,47.363455],[35.292544,47.363578],[35.2926,47.361677],[35.291141,47.361554],[35.291132,47.361849],[35.29112,47.362266],[35.291107,47.362672],[35.291095,47.363058],[35.291085,47.363432],[35.291083,47.363455]]]}},{"type":"Feature","properties":{"cadnum":"2323381100:02:004:0022"},"geometry":{"type":"Polygon","coordinates":[[[35.291027,47.365364],[35.292487,47.36547],[35.292505,47.364861],[35.292504,47.364861],[35.292504,47.36486],[35.292544,47.363578],[35.291083,47.363455],[35.291073,47.363804],[35.291051,47.364545],[35.291042,47.36486],[35.291042,47.364861],[35.29104,47.364917],[35.291038,47.364977],[35.291039,47.364977],[35.291027,47.365364]]]}},{"type":"Feature","properties":{"cadnum":"2323381100:03:009:0023"},"geometry":{"type":"Polygon","coordinates":[[[35.348099,47.364503],[35.348597,47.364523],[35.348597,47.364522],[35.35382,47.364723],[35.353891,47.364251],[35.348597,47.364049],[35.348597,47.364048],[35.34817,47.364032],[35.348099,47.364503]]]}},{"type":"Feature","properties":{"cadnum":"2323381100:03:006:0057"},"geometry":{"type":"Polygon","coordinates":[[[35.329003,47.380163],[35.330222,47.379954],[35.330229,47.379839],[35.330387,47.377295],[35.329171,47.377262],[35.329027,47.379741],[35.329025,47.379778],[35.32902,47.379857],[35.329021,47.379857],[35.329021,47.379858],[35.329003,47.380163]]]}},{"type":"Feature","properties":{"cadnum":"2323381100:03:006:0054"},"geometry":{"type":"Polygon","coordinates":[[[35.329204,47.37719],[35.330697,47.377252],[35.330776,47.376138],[35.330852,47.37508],[35.329383,47.375033],[35.32929,47.376138],[35.329291,47.376138],[35.329204,47.37719]]]}},{"type":"Feature","properties":{"cadnum":"2323381100:01:031:0017"},"geometry":{"type":"Polygon","coordinates":[[[35.265833,47.37786],[35.266027,47.377874],[35.266027,47.377875],[35.269467,47.378136],[35.269514,47.377396],[35.266027,47.377132],[35.265887,47.377121],[35.265868,47.37738],[35.265833,47.37786]]]}},{"type":"Feature","properties":{"cadnum":"2323381100:01:031:0016"},"geometry":{"type":"Polygon","coordinates":[[[35.265781,47.378598],[35.266027,47.378617],[35.26942,47.378874],[35.269467,47.378136],[35.266199,47.377888],[35.265833,47.37786],[35.265818,47.378057],[35.265781,47.378598]]]}},{"type":"Feature","properties":{"cadnum":"2323381100:01:031:0018"},"geometry":{"type":"Polygon","coordinates":[[[35.265887,47.377121],[35.266199,47.377146],[35.266199,47.377145],[35.269514,47.377396],[35.269561,47.376656],[35.266199,47.376401],[35.265939,47.376381],[35.265916,47.376703],[35.265887,47.377121]]]}},{"type":"Feature","properties":{"cadnum":"2323381100:01:031:0015"},"geometry":{"type":"Polygon","coordinates":[[[35.265727,47.379333],[35.266027,47.379357],[35.269374,47.379611],[35.26942,47.378874],[35.266199,47.37863],[35.265781,47.378598],[35.26577,47.378737],[35.265727,47.379333]]]}},{"type":"Feature","properties":{"cadnum":"2323381100:01:007:0005"},"geometry":{"type":"Polygon","coordinates":[[[35.264422,47.34368],[35.266027,47.343793],[35.268565,47.34397],[35.268585,47.343492],[35.266199,47.343326],[35.264442,47.343203],[35.264422,47.34368]]]}},{"type":"Feature","properties":{"cadnum":"2323381100:01:007:0006"},"geometry":{"type":"Polygon","coordinates":[[[35.264442,47.343203],[35.266027,47.343314],[35.268585,47.343492],[35.268609,47.342957],[35.266199,47.342789],[35.264464,47.342667],[35.264442,47.343203]]]}},{"type":"Feature","properties":{"cadnum":"2323381100:01:007:0002"},"geometry":{"type":"Polygon","coordinates":[[[35.264373,47.344879],[35.266027,47.344995],[35.268511,47.345168],[35.268527,47.344798],[35.266199,47.344636],[35.264389,47.344508],[35.264373,47.344879]]]}},{"type":"Feature","properties":{"cadnum":"2323381100:01:007:0001"},"geometry":{"type":"Polygon","coordinates":[[[35.264347,47.345517],[35.266027,47.345669],[35.266027,47.34567],[35.268479,47.34589],[35.268511,47.345168],[35.266199,47.345007],[35.264373,47.344879],[35.264347,47.345517]]]}},{"type":"Feature","properties":{"cadnum":"2323381100:01:010:0013"},"geometry":{"type":"Polygon","coordinates":[[[35.264385,47.345948],[35.266027,47.346063],[35.268519,47.346237],[35.26853,47.345967],[35.266199,47.345757],[35.264398,47.345594],[35.264385,47.345948]]]}},{"type":"Feature","properties":{"cadnum":"2323381100:01:007:0004"},"geometry":{"type":"Polygon","coordinates":[[[35.264405,47.344111],[35.266027,47.344225],[35.266027,47.344226],[35.268545,47.344401],[35.268565,47.34397],[35.266199,47.343805],[35.264422,47.34368],[35.264405,47.344111]]]}},{"type":"Feature","properties":{"cadnum":"2323381100:01:007:0003"},"geometry":{"type":"Polygon","coordinates":[[[35.264389,47.344508],[35.266027,47.344623],[35.266027,47.344624],[35.268527,47.344798],[35.268545,47.344401],[35.266199,47.344238],[35.266199,47.344237],[35.264405,47.344111],[35.264389,47.344508]]]}},{"type":"Feature","properties":{"cadnum":"2323381100:01:034:0003"},"geometry":{"type":"Polygon","coordinates":[[[35.283049,47.357759],[35.285663,47.35797],[35.28568,47.357475],[35.283066,47.357264],[35.28306,47.357419],[35.283059,47.357419],[35.283058,47.357463],[35.283055,47.357535],[35.283056,47.357535],[35.283055,47.35757],[35.283049,47.357759]]]}},{"type":"Feature","properties":{"cadnum":"2323381100:01:034:0002"},"geometry":{"type":"Polygon","coordinates":[[[35.28303,47.358255],[35.285644,47.358466],[35.285663,47.35797],[35.283049,47.357759],[35.283031,47.358228],[35.28303,47.358255]]]}},{"type":"Feature","properties":{"cadnum":"2323381100:01:034:0001"},"geometry":{"type":"Polygon","coordinates":[[[35.283021,47.358531],[35.285634,47.358749],[35.285644,47.358466],[35.28303,47.358255],[35.283021,47.358531]]]}},{"type":"Feature","properties":{"cadnum":"2323381100:05:029:0024"},"geometry":{"type":"Polygon","coordinates":[[[35.310367,47.373353],[35.310614,47.373384],[35.310662,47.373095],[35.310417,47.373063],[35.310367,47.373353]]]}},{"type":"Feature","properties":{"cadnum":"2323381100:05:029:0012"},"geometry":{"type":"Polygon","coordinates":[[[35.310993,47.373128],[35.311409,47.373183],[35.31148,47.372696],[35.311055,47.372666],[35.310993,47.373128]]]}},{"type":"Feature","properties":{"cadnum":"2323381100:05:029:0023"},"geometry":{"type":"Polygon","coordinates":[[[35.31061,47.373044],[35.31103,47.373085],[35.311066,47.372774],[35.310653,47.372734],[35.31061,47.373044]]]}},{"type":"Feature","properties":{"cadnum":"2323381100:05:029:0123"},"geometry":{"type":"Polygon","coordinates":[[[35.311136,47.373441],[35.311396,47.373474],[35.311455,47.373195],[35.311217,47.373164],[35.311136,47.373441]]]}},{"type":"Feature","properties":{"cadnum":"2323381100:05:029:0033"},"geometry":{"type":"Polygon","coordinates":[[[35.311439,47.373136],[35.311887,47.373168],[35.311975,47.372648],[35.311515,47.372617],[35.311439,47.373136]]]}},{"type":"Feature","properties":{"cadnum":"2323381100:05:029:0026"},"geometry":{"type":"Polygon","coordinates":[[[35.314094,47.373057],[35.314523,47.373109],[35.31461,47.372409],[35.314201,47.37236],[35.314094,47.373057]]]}},{"type":"Feature","properties":{"cadnum":"2323381100:05:025:0002"},"geometry":{"type":"Polygon","coordinates":[[[35.312172,47.373581],[35.312442,47.373616],[35.31249,47.373337],[35.312219,47.373298],[35.312219,47.373301],[35.312172,47.373581]]]}},{"type":"Feature","properties":{"cadnum":"2323381100:05:029:0027"},"geometry":{"type":"Polygon","coordinates":[[[35.314023,47.373513],[35.314465,47.373567],[35.314523,47.373109],[35.314094,47.373057],[35.314023,47.373513]]]}},{"type":"Feature","properties":{"cadnum":"2323381100:05:029:0031"},"geometry":{"type":"Polygon","coordinates":[[[35.314474,47.373511],[35.314939,47.373579],[35.31501,47.373075],[35.31455,47.373008],[35.314474,47.373511]]]}},{"type":"Feature","properties":{"cadnum":"2323381100:05:029:0015"},"geometry":{"type":"Polygon","coordinates":[[[35.311903,47.373547],[35.312172,47.373581],[35.312219,47.373301],[35.31195,47.373266],[35.311903,47.373547]]]}},{"type":"Feature","properties":{"cadnum":"2323381100:05:029:0025"},"geometry":{"type":"Polygon","coordinates":[[[35.310614,47.373384],[35.310875,47.373417],[35.310922,47.37313],[35.310662,47.373095],[35.310614,47.373384]]]}},{"type":"Feature","properties":{"cadnum":"2323381100:05:029:0005"},"geometry":{"type":"Polygon","coordinates":[[[35.312325,47.373283],[35.312718,47.373333],[35.312797,47.372895],[35.312388,47.372848],[35.312325,47.373283]]]}},{"type":"Feature","properties":{"cadnum":"2323381100:05:029:0030"},"geometry":{"type":"Polygon","coordinates":[[[35.314551,47.373008],[35.315011,47.373075],[35.315101,47.372436],[35.314648,47.37237],[35.314551,47.373008]]]}},{"type":"Feature","properties":{"cadnum":"2323381100:05:025:0022"},"geometry":{"type":"Polygon","coordinates":[[[35.309541,47.37407],[35.309722,47.374092],[35.309973,47.374124],[35.309973,47.374125],[35.310072,47.374137],[35.310143,47.373861],[35.310144,47.373856],[35.310174,47.373746],[35.310117,47.373739],[35.309914,47.373713],[35.309973,47.373499],[35.309993,47.373426],[35.309734,47.373393],[35.309541,47.37407]]]}},{"type":"Feature","properties":{"cadnum":"2323381100:05:025:0019"},"geometry":{"type":"Polygon","coordinates":[[[35.309914,47.373713],[35.309973,47.37372],[35.309973,47.373721],[35.310117,47.373739],[35.310144,47.373743],[35.310145,47.373743],[35.310174,47.373746],[35.310248,47.373458],[35.309993,47.373426],[35.309914,47.373713]]]}},{"type":"Feature","properties":{"cadnum":"2323381100:05:025:0005"},"geometry":{"type":"Polygon","coordinates":[[[35.309871,47.375035],[35.309919,47.375041],[35.309973,47.375049],[35.310096,47.375065],[35.310144,47.375071],[35.310145,47.375071],[35.310234,47.375083],[35.310241,47.375056],[35.310301,47.374777],[35.310307,47.374756],[35.310138,47.374741],[35.309943,47.374723],[35.309878,47.375007],[35.309871,47.375035]]]}},{"type":"Feature","properties":{"cadnum":"2323381100:05:025:0006"},"geometry":{"type":"Polygon","coordinates":[[[35.309943,47.374723],[35.309973,47.374725],[35.309973,47.374726],[35.310138,47.374741],[35.310144,47.374742],[35.310145,47.374742],[35.310307,47.374756],[35.31054,47.373917],[35.310375,47.37389],[35.310143,47.373861],[35.309943,47.374723]]]}},{"type":"Feature","properties":{"cadnum":"2323381100:05:025:0001"},"geometry":{"type":"Polygon","coordinates":[[[35.310411,47.373766],[35.310587,47.373787],[35.310692,47.373799],[35.310765,47.373515],[35.310486,47.373474],[35.310411,47.373766]]]}},{"type":"Feature","properties":{"cadnum":"2323381100:05:025:0009"},"geometry":{"type":"Polygon","coordinates":[[[35.310834,47.375269],[35.31128,47.375335],[35.311396,47.374956],[35.311263,47.374935],[35.311362,47.374559],[35.311062,47.374515],[35.310834,47.375269]]]}},{"type":"Feature","properties":{"cadnum":"2323381100:05:025:0010"},"geometry":{"type":"Polygon","coordinates":[[[35.311062,47.374515],[35.311362,47.374559],[35.311408,47.374388],[35.311436,47.374279],[35.311486,47.374091],[35.311251,47.374062],[35.3112,47.374055],[35.311062,47.374515]]]}},{"type":"Feature","properties":{"cadnum":"2323381100:05:032:0009"},"geometry":{"type":"Polygon","coordinates":[[[35.311767,47.374127],[35.312014,47.374159],[35.312135,47.373757],[35.311887,47.373725],[35.311767,47.374127]]]}},{"type":"Feature","properties":{"cadnum":"2323381100:05:025:0023"},"geometry":{"type":"Polygon","coordinates":[[[35.311251,47.374062],[35.311486,47.374091],[35.311512,47.374094],[35.311626,47.373692],[35.311365,47.373659],[35.311251,47.374062]]]}},{"type":"Feature","properties":{"cadnum":"2323381100:05:025:0018"},"geometry":{"type":"Polygon","coordinates":[[[35.311408,47.374388],[35.311958,47.37447],[35.312038,47.374163],[35.312014,47.374159],[35.311767,47.374127],[35.311618,47.374108],[35.311563,47.374298],[35.311436,47.374279],[35.311408,47.374388]]]}},{"type":"Feature","properties":{"cadnum":"2323381100:05:025:0004"},"geometry":{"type":"Polygon","coordinates":[[[35.311514,47.374088],[35.311618,47.374108],[35.311767,47.374127],[35.311887,47.373725],[35.311626,47.373693],[35.311514,47.374088]]]}},{"type":"Feature","properties":{"cadnum":"2323381100:05:025:0014"},"geometry":{"type":"Polygon","coordinates":[[[35.313102,47.375611],[35.313547,47.375683],[35.313732,47.375039],[35.313284,47.374975],[35.313102,47.375611]]]}},{"type":"Feature","properties":{"cadnum":"2323381100:05:025:0013"},"geometry":{"type":"Polygon","coordinates":[[[35.313547,47.375682],[35.313972,47.375751],[35.314142,47.375053],[35.313747,47.374989],[35.313547,47.375682]]]}},{"type":"Feature","properties":{"cadnum":"2323381100:05:025:0028"},"geometry":{"type":"Polygon","coordinates":[[[35.312634,47.375524],[35.313077,47.375575],[35.31324,47.374922],[35.312796,47.374872],[35.312634,47.375524]]]}},{"type":"Feature","properties":{"cadnum":"2323381100:05:029:0003"},"geometry":{"type":"Polygon","coordinates":[[[35.312328,47.375477],[35.312634,47.375524],[35.313057,47.373821],[35.312739,47.37379],[35.312521,47.374685],[35.312328,47.375477]]]}},{"type":"Feature","properties":{"cadnum":"2323381100:05:025:0012"},"geometry":{"type":"Polygon","coordinates":[[[35.313747,47.374989],[35.314142,47.375053],[35.314404,47.373982],[35.314052,47.373924],[35.313747,47.374989]]]}},{"type":"Feature","properties":{"cadnum":"2323381100:05:025:0030"},"geometry":{"type":"Polygon","coordinates":[[[35.314339,47.37425],[35.314726,47.374298],[35.314799,47.374],[35.314412,47.373951],[35.314404,47.373982],[35.314339,47.37425]]]}},{"type":"Feature","properties":{"cadnum":"2323381100:05:025:0015"},"geometry":{"type":"Polygon","coordinates":[[[35.313284,47.374975],[35.313732,47.375039],[35.313819,47.374732],[35.313372,47.374668],[35.313284,47.374975]]]}},{"type":"Feature","properties":{"cadnum":"2323381100:05:025:0029"},"geometry":{"type":"Polygon","coordinates":[[[35.312796,47.374872],[35.31324,47.374922],[35.313402,47.37427],[35.312958,47.374219],[35.312796,47.374872]]]}},{"type":"Feature","properties":{"cadnum":"2323381100:05:025:0016"},"geometry":{"type":"Polygon","coordinates":[[[35.314979,47.374957],[35.315394,47.375014],[35.315359,47.374072],[35.315137,47.374042],[35.314979,47.374957]]]}},{"type":"Feature","properties":{"cadnum":"2323381100:03:001:0011"},"geometry":{"type":"Polygon","coordinates":[[[35.331998,47.375207],[35.332117,47.375212],[35.33343,47.375266],[35.333492,47.374027],[35.333207,47.373865],[35.332876,47.373662],[35.332104,47.373117],[35.331998,47.375207]]]}},{"type":"Feature","properties":{"cadnum":"2323381100:03:008:0001"},"geometry":{"type":"Polygon","coordinates":[[[35.332495,47.373178],[35.333629,47.373999],[35.334215,47.374188],[35.33514,47.374326],[35.335868,47.374374],[35.335896,47.373878],[35.335928,47.37331],[35.332495,47.373178]]]}},{"type":"Feature","properties":{"cadnum":"2323381100:03:008:0002"},"geometry":{"type":"Polygon","coordinates":[[[35.331511,47.372463],[35.331945,47.372779],[35.332495,47.373178],[35.335928,47.37331],[35.335959,47.372767],[35.335966,47.372635],[35.332117,47.372487],[35.331511,47.372463]]]}},{"type":"Feature","properties":{"cadnum":"2323381100:03:006:0058"},"geometry":{"type":"Polygon","coordinates":[[[35.331008,47.375044],[35.331945,47.375081],[35.332003,47.375083],[35.332104,47.373117],[35.331121,47.372425],[35.331059,47.373597],[35.331008,47.375044]]]}},{"type":"Feature","properties":{"cadnum":"2323381100:02:016:0008"},"geometry":{"type":"Polygon","coordinates":[[[35.288916,47.356565],[35.292565,47.356879],[35.292579,47.356527],[35.288931,47.356212],[35.288916,47.356565]]]}},{"type":"Feature","properties":{"cadnum":"2323381100:02:016:0007"},"geometry":{"type":"Polygon","coordinates":[[[35.288903,47.356916],[35.292552,47.357232],[35.292565,47.356879],[35.288916,47.356565],[35.288903,47.356916]]]}},{"type":"Feature","properties":{"cadnum":"2323381100:02:006:0010"},"geometry":{"type":"Polygon","coordinates":[[[35.286042,47.357198],[35.288172,47.357374],[35.288842,47.357429],[35.288861,47.356967],[35.288,47.356896],[35.288,47.356897],[35.28606,47.356736],[35.286042,47.357198]]]}},{"type":"Feature","properties":{"cadnum":"2323381100:02:006:0009"},"geometry":{"type":"Polygon","coordinates":[[[35.28606,47.356736],[35.288172,47.356911],[35.288172,47.35691],[35.288861,47.356967],[35.288879,47.356505],[35.288172,47.356447],[35.286077,47.356274],[35.28606,47.356736]]]}},{"type":"Feature","properties":{"cadnum":"2323381100:02:016:0011"},"geometry":{"type":"Polygon","coordinates":[[[35.288958,47.355508],[35.292605,47.355823],[35.292619,47.355471],[35.288971,47.355156],[35.288958,47.355508]]]}},{"type":"Feature","properties":{"cadnum":"2323381100:02:016:0013"},"geometry":{"type":"Polygon","coordinates":[[[35.288986,47.354804],[35.292632,47.355118],[35.292646,47.354766],[35.288999,47.354451],[35.288986,47.354804]]]}},{"type":"Feature","properties":{"cadnum":"2323381100:02:016:0014"},"geometry":{"type":"Polygon","coordinates":[[[35.288999,47.354451],[35.292646,47.354766],[35.292659,47.354414],[35.289013,47.354099],[35.288999,47.354451]]]}},{"type":"Feature","properties":{"cadnum":"2323381100:02:016:0010"},"geometry":{"type":"Polygon","coordinates":[[[35.288944,47.355861],[35.292592,47.356175],[35.292605,47.355822],[35.288958,47.355508],[35.288944,47.355861]]]}},{"type":"Feature","properties":{"cadnum":"2323381100:02:016:0012"},"geometry":{"type":"Polygon","coordinates":[[[35.288971,47.355156],[35.292619,47.355471],[35.292632,47.355118],[35.288986,47.354804],[35.288971,47.355156]]]}},{"type":"Feature","properties":{"cadnum":"2323381100:02:016:0009"},"geometry":{"type":"Polygon","coordinates":[[[35.288931,47.356212],[35.292579,47.356527],[35.292592,47.356175],[35.288944,47.355861],[35.288931,47.356212]]]}},{"type":"Feature","properties":{"cadnum":"2323381100:02:006:0007"},"geometry":{"type":"Polygon","coordinates":[[[35.286094,47.355812],[35.288172,47.355984],[35.288896,47.356043],[35.288915,47.355582],[35.288172,47.355521],[35.286112,47.355351],[35.286094,47.355812]]]}},{"type":"Feature","properties":{"cadnum":"2323381100:02:006:0008"},"geometry":{"type":"Polygon","coordinates":[[[35.286077,47.356274],[35.288,47.356432],[35.288,47.356433],[35.288879,47.356505],[35.288896,47.356043],[35.288,47.35597],[35.286094,47.355812],[35.286077,47.356274]]]}},{"type":"Feature","properties":{"cadnum":"2323381100:02:006:0006"},"geometry":{"type":"Polygon","coordinates":[[[35.286112,47.355351],[35.288,47.355507],[35.288915,47.355582],[35.288932,47.35512],[35.288172,47.355058],[35.288172,47.355057],[35.286128,47.354888],[35.286112,47.355351]]]}},{"type":"Feature","properties":{"cadnum":"2323381100:02:006:0005"},"geometry":{"type":"Polygon","coordinates":[[[35.286128,47.354888],[35.288,47.355043],[35.288,47.355044],[35.288932,47.35512],[35.288951,47.354659],[35.288,47.35458],[35.288,47.354581],[35.286145,47.354428],[35.286128,47.354888]]]}},{"type":"Feature","properties":{"cadnum":"2323381100:05:036:0014"},"geometry":{"type":"Polygon","coordinates":[[[35.326966,47.371983],[35.32748,47.372],[35.327525,47.37131],[35.327016,47.371294],[35.326989,47.371711],[35.326966,47.371983]]]}},{"type":"Feature","properties":{"cadnum":"2323381100:01:029:0047"},"geometry":{"type":"Polygon","coordinates":[[[35.266788,47.368415],[35.268966,47.368581],[35.270237,47.368678],[35.270491,47.368697],[35.270705,47.368714],[35.270709,47.368581],[35.270727,47.368048],[35.266808,47.36775],[35.266799,47.368065],[35.266788,47.368415]]]}},{"type":"Feature","properties":{"cadnum":"2323381100:01:029:0025"},"geometry":{"type":"Polygon","coordinates":[[[35.262506,47.370538],[35.266199,47.370819],[35.26671,47.370857],[35.266719,47.370548],[35.266027,47.370495],[35.262516,47.370227],[35.262506,47.370538]]]}},{"type":"Feature","properties":{"cadnum":"2323381100:01:029:0028"},"geometry":{"type":"Polygon","coordinates":[[[35.262478,47.371469],[35.266027,47.371739],[35.266681,47.371788],[35.266682,47.371743],[35.266701,47.371168],[35.266027,47.371117],[35.266027,47.371118],[35.262496,47.370848],[35.262478,47.371469]]]}},{"type":"Feature","properties":{"cadnum":"2323381100:01:029:0031"},"geometry":{"type":"Polygon","coordinates":[[[35.262537,47.369607],[35.266027,47.369873],[35.266027,47.369874],[35.26674,47.369927],[35.266745,47.369746],[35.26676,47.369307],[35.266199,47.369264],[35.262555,47.368986],[35.262537,47.369607]]]}},{"type":"Feature","properties":{"cadnum":"2323381100:01:029:0049"},"geometry":{"type":"Polygon","coordinates":[[[35.266745,47.369746],[35.270664,47.370044],[35.270685,47.369379],[35.266766,47.369081],[35.26676,47.369307],[35.266745,47.369746]]]}},{"type":"Feature","properties":{"cadnum":"2323381100:01:029:0051"},"geometry":{"type":"Polygon","coordinates":[[[35.266703,47.371078],[35.270622,47.371376],[35.270644,47.37071],[35.266725,47.370412],[35.266719,47.370548],[35.266703,47.371078]]]}},{"type":"Feature","properties":{"cadnum":"2323381100:01:029:0053"},"geometry":{"type":"Polygon","coordinates":[[[35.266662,47.372409],[35.266781,47.372418],[35.27058,47.372706],[35.270581,47.372706],[35.270592,47.372322],[35.270602,47.372042],[35.266682,47.371743],[35.266681,47.371788],[35.266665,47.372301],[35.266664,47.372301],[35.266662,47.372409]]]}},{"type":"Feature","properties":{"cadnum":"2323381100:01:029:0048"},"geometry":{"type":"Polygon","coordinates":[[[35.266766,47.369081],[35.270685,47.369379],[35.270705,47.368714],[35.270237,47.368678],[35.266788,47.368415],[35.266782,47.368581],[35.266781,47.368581],[35.266778,47.368686],[35.266777,47.368697],[35.266778,47.368697],[35.266766,47.369081]]]}},{"type":"Feature","properties":{"cadnum":"2323381100:01:029:0050"},"geometry":{"type":"Polygon","coordinates":[[[35.266725,47.370412],[35.270644,47.37071],[35.270664,47.370044],[35.266745,47.369746],[35.26674,47.369927],[35.266725,47.370412]]]}},{"type":"Feature","properties":{"cadnum":"2323381100:01:029:0052"},"geometry":{"type":"Polygon","coordinates":[[[35.266682,47.371743],[35.270602,47.372042],[35.270622,47.371376],[35.266703,47.371078],[35.266701,47.371168],[35.266682,47.371743]]]}},{"type":"Feature","properties":{"cadnum":"2323381100:01:029:0030"},"geometry":{"type":"Polygon","coordinates":[[[35.262516,47.370227],[35.266199,47.370508],[35.266719,47.370548],[35.266725,47.370412],[35.26674,47.369927],[35.266199,47.369887],[35.266199,47.369886],[35.262537,47.369607],[35.262516,47.370227]]]}},{"type":"Feature","properties":{"cadnum":"2323381100:01:029:0027"},"geometry":{"type":"Polygon","coordinates":[[[35.262496,47.370847],[35.266027,47.371117],[35.266701,47.371168],[35.266703,47.371078],[35.26671,47.370857],[35.266027,47.370805],[35.266027,47.370806],[35.262506,47.370538],[35.262496,47.370847]]]}},{"type":"Feature","properties":{"cadnum":"2323381100:03:007:0005"},"geometry":{"type":"Polygon","coordinates":[[[35.350972,47.384632],[35.35409,47.384856],[35.355104,47.384928],[35.355203,47.384299],[35.353918,47.384207],[35.351082,47.384004],[35.350972,47.384632]]]}},{"type":"Feature","properties":{"cadnum":"2323381100:03:007:0023"},"geometry":{"type":"Polygon","coordinates":[[[35.35521,47.384681],[35.359388,47.384951],[35.359485,47.384329],[35.355306,47.384059],[35.35521,47.384681]]]}},{"type":"Feature","properties":{"cadnum":"2323381100:03:007:0022"},"geometry":{"type":"Polygon","coordinates":[[[35.355112,47.385303],[35.359291,47.385573],[35.359388,47.384951],[35.35521,47.384681],[35.355112,47.385303]]]}},{"type":"Feature","properties":{"cadnum":"2323381100:03:007:0002"},"geometry":{"type":"Polygon","coordinates":[[[35.350639,47.386518],[35.35409,47.386767],[35.35409,47.386766],[35.354807,47.386818],[35.354908,47.38618],[35.353918,47.386109],[35.353918,47.38611],[35.35075,47.385882],[35.350639,47.386518]]]}},{"type":"Feature","properties":{"cadnum":"2323381100:03:007:0004"},"geometry":{"type":"Polygon","coordinates":[[[35.35086,47.385258],[35.353918,47.385477],[35.355006,47.385555],[35.355104,47.384928],[35.353918,47.384844],[35.350972,47.384632],[35.35086,47.385258]]]}},{"type":"Feature","properties":{"cadnum":"2323381100:03:007:0021"},"geometry":{"type":"Polygon","coordinates":[[[35.355014,47.385925],[35.359194,47.386195],[35.359291,47.385573],[35.355112,47.385303],[35.355014,47.385925]]]}},{"type":"Feature","properties":{"cadnum":"2323381100:03:007:0006"},"geometry":{"type":"Polygon","coordinates":[[[35.351082,47.384004],[35.35409,47.38422],[35.35409,47.384219],[35.355203,47.384299],[35.355301,47.383669],[35.354022,47.383577],[35.354023,47.383577],[35.352466,47.383465],[35.352405,47.383461],[35.351192,47.383373],[35.351176,47.383461],[35.351156,47.383573],[35.351155,47.383577],[35.351082,47.384004]]]}},{"type":"Feature","properties":{"cadnum":"2323381100:03:007:0020"},"geometry":{"type":"Polygon","coordinates":[[[35.354917,47.386548],[35.359096,47.386818],[35.359194,47.386195],[35.355014,47.385925],[35.354917,47.386548]]]}},{"type":"Feature","properties":{"cadnum":"2323381100:03:007:0039"},"geometry":{"type":"Polygon","coordinates":[[[35.350579,47.386863],[35.35409,47.387115],[35.354754,47.387163],[35.354807,47.386818],[35.353918,47.386754],[35.350639,47.386518],[35.350579,47.386863]]]}},{"type":"Feature","properties":{"cadnum":"2323381100:03:007:0003"},"geometry":{"type":"Polygon","coordinates":[[[35.35075,47.385882],[35.35409,47.386122],[35.354908,47.38618],[35.355006,47.385555],[35.35409,47.38549],[35.35409,47.385489],[35.35086,47.385258],[35.35075,47.385882]]]}},{"type":"Feature","properties":{"cadnum":"2323381100:03:012:7606"},"geometry":{"type":"Polygon","coordinates":[[[35.391883,47.370271],[35.391883,47.37029],[35.39191,47.37029],[35.39191,47.370271],[35.391883,47.370271]]]}},{"type":"Feature","properties":{"cadnum":"2323381100:03:012:7605"},"geometry":{"type":"Polygon","coordinates":[[[35.391784,47.371402],[35.391784,47.37142],[35.391811,47.37142],[35.391811,47.371402],[35.391784,47.371402]]]}},{"type":"Feature","properties":{"cadnum":"2323381100:01:002:0003"},"geometry":{"type":"Polygon","coordinates":[[[35.26482,47.33592],[35.266199,47.336036],[35.266199,47.336035],[35.268892,47.336259],[35.268927,47.335846],[35.266027,47.335603],[35.264857,47.335505],[35.26482,47.33592]]]}},{"type":"Feature","properties":{"cadnum":"2323381100:01:002:0001"},"geometry":{"type":"Polygon","coordinates":[[[35.264767,47.337604],[35.266027,47.337725],[35.266124,47.337734],[35.266199,47.337742],[35.266199,47.337741],[35.268814,47.33799],[35.268841,47.337574],[35.266027,47.337304],[35.266027,47.337305],[35.264778,47.337184],[35.264767,47.337604]]]}},{"type":"Feature","properties":{"cadnum":"2323381100:01:002:0007"},"geometry":{"type":"Polygon","coordinates":[[[35.264783,47.336804],[35.266027,47.336903],[35.266027,47.336904],[35.268856,47.33713],[35.26886,47.336713],[35.266199,47.336499],[35.264787,47.336386],[35.264783,47.336804]]]}},{"type":"Feature","properties":{"cadnum":"2323381100:01:002:0002"},"geometry":{"type":"Polygon","coordinates":[[[35.264737,47.338023],[35.266199,47.338161],[35.268801,47.338406],[35.268814,47.33799],[35.266124,47.337734],[35.264767,47.337604],[35.264737,47.338023]]]}},{"type":"Feature","properties":{"cadnum":"2323381100:01:034:0011"},"geometry":{"type":"Polygon","coordinates":[[[35.283192,47.353796],[35.283404,47.353814],[35.283405,47.353814],[35.285805,47.354008],[35.285812,47.353807],[35.285822,47.353513],[35.28321,47.353301],[35.283198,47.353626],[35.283195,47.353697],[35.283192,47.353796]]]}},{"type":"Feature","properties":{"cadnum":"2323381100:01:034:0013"},"geometry":{"type":"Polygon","coordinates":[[[35.283227,47.352806],[35.285841,47.353018],[35.285858,47.352522],[35.283246,47.352311],[35.283227,47.352806]]]}},{"type":"Feature","properties":{"cadnum":"2323381100:01:034:0012"},"geometry":{"type":"Polygon","coordinates":[[[35.28321,47.353301],[35.285822,47.353513],[35.285841,47.353018],[35.283227,47.352806],[35.283222,47.352969],[35.28321,47.353301]]]}},{"type":"Feature","properties":{"cadnum":"2323381100:02:008:0009"},"geometry":{"type":"Polygon","coordinates":[[[35.312717,47.368419],[35.313851,47.368517],[35.314063,47.366908],[35.31293,47.366811],[35.312717,47.368419]]]}},{"type":"Feature","properties":{"cadnum":"2323381100:02:008:0008"},"geometry":{"type":"Polygon","coordinates":[[[35.311582,47.368322],[35.312717,47.368419],[35.31293,47.366811],[35.311794,47.366714],[35.311582,47.368322]]]}},{"type":"Feature","properties":{"cadnum":"2323381100:02:008:0007"},"geometry":{"type":"Polygon","coordinates":[[[35.310721,47.368249],[35.311582,47.368322],[35.311794,47.366714],[35.311122,47.366656],[35.310862,47.367678],[35.310721,47.368249]]]}},{"type":"Feature","properties":{"cadnum":"2323381100:02:008:0010"},"geometry":{"type":"Polygon","coordinates":[[[35.313851,47.368517],[35.314986,47.368614],[35.315199,47.367005],[35.314063,47.366908],[35.313851,47.368517]]]}},{"type":"Feature","properties":{"cadnum":"2323381100:04:006:0003"},"geometry":{"type":"Polygon","coordinates":[[[35.303987,47.352352],[35.304651,47.352404],[35.304651,47.352403],[35.307539,47.352626],[35.307564,47.35188],[35.30448,47.351642],[35.304479,47.351642],[35.304014,47.351606],[35.303987,47.352352]]]}},{"type":"Feature","properties":{"cadnum":"2323381100:04:006:0002"},"geometry":{"type":"Polygon","coordinates":[[[35.303962,47.353098],[35.30448,47.353138],[35.30448,47.353139],[35.307512,47.353372],[35.307539,47.352626],[35.30448,47.35239],[35.304479,47.35239],[35.303987,47.352352],[35.303962,47.353098]]]}},{"type":"Feature","properties":{"cadnum":"2323381100:04:006:0004"},"geometry":{"type":"Polygon","coordinates":[[[35.304014,47.351606],[35.304651,47.351656],[35.304651,47.351655],[35.307564,47.35188],[35.307565,47.351838],[35.307565,47.351837],[35.307591,47.351133],[35.304651,47.350908],[35.304651,47.350907],[35.304041,47.35086],[35.304014,47.351606]]]}},{"type":"Feature","properties":{"cadnum":"2323381100:04:006:0005"},"geometry":{"type":"Polygon","coordinates":[[[35.304041,47.35086],[35.30448,47.350894],[35.307591,47.351133],[35.307616,47.350387],[35.304651,47.35016],[35.304651,47.350159],[35.304067,47.350114],[35.304041,47.35086]]]}},{"type":"Feature","properties":{"cadnum":"2323381100:03:008:0045"},"geometry":{"type":"Polygon","coordinates":[[[35.330046,47.368097],[35.331945,47.36817],[35.331945,47.368171],[35.336207,47.368334],[35.336229,47.367965],[35.336281,47.367038],[35.332117,47.366878],[35.33012,47.366801],[35.330046,47.368097]]]}},{"type":"Feature","properties":{"cadnum":"2323381100:03:008:0015"},"geometry":{"type":"Polygon","coordinates":[[[35.330119,47.366801],[35.331945,47.366871],[35.331945,47.366872],[35.336281,47.367038],[35.336285,47.366965],[35.336305,47.366606],[35.332117,47.366445],[35.330144,47.366368],[35.330119,47.366801]]]}},{"type":"Feature","properties":{"cadnum":"2323381100:03:008:0046"},"geometry":{"type":"Polygon","coordinates":[[[35.330143,47.366368],[35.331945,47.366438],[35.336305,47.366606],[35.336312,47.366471],[35.33634,47.365981],[35.336367,47.365495],[35.336378,47.36531],[35.332117,47.365147],[35.330217,47.365073],[35.330143,47.366368]]]}},{"type":"Feature","properties":{"cadnum":"2323381100:05:001:0003"},"geometry":{"type":"Polygon","coordinates":[[[35.289852,47.381348],[35.290413,47.381409],[35.290529,47.380828],[35.290008,47.380772],[35.289852,47.381348]]]}},{"type":"Feature","properties":{"cadnum":"2323381100:05:002:0008"},"geometry":{"type":"Polygon","coordinates":[[[35.291101,47.380771],[35.291566,47.380825],[35.291727,47.380216],[35.291247,47.380158],[35.291101,47.380771]]]}},{"type":"Feature","properties":{"cadnum":"2323381100:05:002:0009"},"geometry":{"type":"Polygon","coordinates":[[[35.290755,47.38222],[35.291639,47.382307],[35.291669,47.382192],[35.291629,47.382185],[35.291773,47.381634],[35.291364,47.381586],[35.291364,47.381585],[35.291566,47.380825],[35.291101,47.380771],[35.290755,47.38222]]]}},{"type":"Feature","properties":{"cadnum":"2323381100:05:001:0002"},"geometry":{"type":"Polygon","coordinates":[[[35.290008,47.380772],[35.290529,47.380828],[35.290647,47.380249],[35.290163,47.380196],[35.290008,47.380772]]]}},{"type":"Feature","properties":{"cadnum":"2323381100:05:002:0005"},"geometry":{"type":"Polygon","coordinates":[[[35.290322,47.382811],[35.290661,47.382837],[35.290755,47.38222],[35.290909,47.38157],[35.290568,47.381538],[35.290472,47.382039],[35.290366,47.382579],[35.290322,47.382811]]]}},{"type":"Feature","properties":{"cadnum":"2323381100:05:002:0007"},"geometry":{"type":"Polygon","coordinates":[[[35.290676,47.382866],[35.291692,47.382935],[35.291761,47.382481],[35.290739,47.382394],[35.290676,47.382866]]]}},{"type":"Feature","properties":{"cadnum":"2323381100:05:001:0008"},"geometry":{"type":"Polygon","coordinates":[[[35.287085,47.381863],[35.287379,47.381895],[35.287363,47.382119],[35.288,47.382167],[35.288,47.382168],[35.288585,47.382211],[35.288616,47.381864],[35.288,47.381817],[35.287102,47.381747],[35.287085,47.381863]]]}},{"type":"Feature","properties":{"cadnum":"2323381100:05:001:0012"},"geometry":{"type":"Polygon","coordinates":[[[35.28789,47.381045],[35.288,47.381053],[35.288108,47.381061],[35.288172,47.381065],[35.28839,47.38108],[35.288471,47.380199],[35.288,47.380149],[35.28789,47.381045]]]}},{"type":"Feature","properties":{"cadnum":"2323381100:05:001:0010"},"geometry":{"type":"Polygon","coordinates":[[[35.287102,47.381747],[35.288172,47.381831],[35.288172,47.38183],[35.28839,47.381847],[35.288461,47.381315],[35.288172,47.381293],[35.287171,47.381218],[35.287155,47.381346],[35.287119,47.381615],[35.287102,47.381747]]]}},{"type":"Feature","properties":{"cadnum":"2323381100:05:002:0004"},"geometry":{"type":"Polygon","coordinates":[[[35.292388,47.38274],[35.292787,47.382771],[35.292984,47.382134],[35.29301,47.382044],[35.293016,47.382026],[35.292557,47.381972],[35.292388,47.38274]]]}},{"type":"Feature","properties":{"cadnum":"2323381100:04:001:0013"},"geometry":{"type":"Polygon","coordinates":[[[35.285398,47.348537],[35.288172,47.348778],[35.289166,47.348864],[35.289179,47.348489],[35.288,47.348387],[35.288,47.348388],[35.285412,47.348163],[35.285398,47.348537]]]}},{"type":"Feature","properties":{"cadnum":"2323381100:04:001:0012"},"geometry":{"type":"Polygon","coordinates":[[[35.285385,47.348912],[35.288,47.349139],[35.289153,47.349238],[35.289166,47.348864],[35.288,47.348763],[35.285398,47.348537],[35.285385,47.348912]]]}},{"type":"Feature","properties":{"cadnum":"2323381100:04:002:0003"},"geometry":{"type":"Polygon","coordinates":[[[35.289219,47.349605],[35.292868,47.34992],[35.292884,47.349444],[35.289235,47.349128],[35.289219,47.349605]]]}},{"type":"Feature","properties":{"cadnum":"2323381100:04:011:0028"},"geometry":{"type":"Polygon","coordinates":[[[35.289194,47.347666],[35.292943,47.347987],[35.292968,47.347266],[35.289218,47.346945],[35.289218,47.346946],[35.289194,47.347666]]]}},{"type":"Feature","properties":{"cadnum":"2323381100:04:001:0011"},"geometry":{"type":"Polygon","coordinates":[[[35.28541,47.348163],[35.288172,47.348403],[35.288172,47.348402],[35.289179,47.348489],[35.289203,47.347741],[35.288172,47.347653],[35.288172,47.347652],[35.285436,47.347415],[35.28541,47.348163]]]}},{"type":"Feature","properties":{"cadnum":"2323381100:04:001:0008"},"geometry":{"type":"Polygon","coordinates":[[[35.285363,47.349546],[35.288,47.349775],[35.289132,47.349872],[35.289153,47.349238],[35.288172,47.349154],[35.288172,47.349153],[35.285385,47.348912],[35.285363,47.349546]]]}},{"type":"Feature","properties":{"cadnum":"2323381100:04:011:0001"},"geometry":{"type":"Polygon","coordinates":[[[35.285437,47.347344],[35.288,47.347564],[35.289194,47.347666],[35.289218,47.346946],[35.288172,47.346857],[35.285461,47.346625],[35.285437,47.347344]]]}},{"type":"Feature","properties":{"cadnum":"2323381100:04:002:0002"},"geometry":{"type":"Polygon","coordinates":[[[35.289235,47.349128],[35.292884,47.349444],[35.292906,47.348839],[35.289257,47.348523],[35.289235,47.349128]]]}},{"type":"Feature","properties":{"cadnum":"2323381100:04:002:0001"},"geometry":{"type":"Polygon","coordinates":[[[35.289255,47.347789],[35.289257,47.348523],[35.29297,47.348845],[35.292976,47.348053],[35.289255,47.347789]]]}},{"type":"Feature","properties":{"cadnum":"2323381100:03:005:0008"},"geometry":{"type":"Polygon","coordinates":[[[35.369444,47.383206],[35.370397,47.383218],[35.370398,47.383218],[35.371706,47.383235],[35.371711,47.382445],[35.370569,47.38243],[35.369448,47.382415],[35.369444,47.383205],[35.369444,47.383206]]]}},{"type":"Feature","properties":{"cadnum":"2323381100:03:014:0019"},"geometry":{"type":"Polygon","coordinates":[[[35.369342,47.382413],[35.370569,47.382432],[35.371706,47.382449],[35.371708,47.381944],[35.370398,47.381925],[35.370397,47.381925],[35.369343,47.38191],[35.369342,47.382413]]]}},{"type":"Feature","properties":{"cadnum":"2323381100:03:014:0027"},"geometry":{"type":"Polygon","coordinates":[[[35.369393,47.381205],[35.370569,47.381222],[35.37176,47.381239],[35.371759,47.380785],[35.370569,47.380769],[35.370569,47.380768],[35.369394,47.380751],[35.369393,47.381205]]]}},{"type":"Feature","properties":{"cadnum":"2323381100:03:014:0028"},"geometry":{"type":"Polygon","coordinates":[[[35.369393,47.38191],[35.370397,47.381924],[35.370398,47.381924],[35.370398,47.381925],[35.371759,47.381944],[35.37176,47.38124],[35.370569,47.381223],[35.370569,47.381222],[35.369393,47.381205],[35.369393,47.38191]]]}},{"type":"Feature","properties":{"cadnum":"2323381100:03:014:0026"},"geometry":{"type":"Polygon","coordinates":[[[35.369392,47.380751],[35.370397,47.380766],[35.370398,47.380766],[35.371757,47.380785],[35.371764,47.380083],[35.370569,47.380061],[35.369416,47.380039],[35.369392,47.380751]]]}},{"type":"Feature","properties":{"cadnum":"2323381100:01:029:0039"},"geometry":{"type":"Polygon","coordinates":[[[35.262692,47.364643],[35.266027,47.364897],[35.266027,47.364898],[35.266305,47.364919],[35.266896,47.364963],[35.266913,47.364422],[35.266915,47.364343],[35.266027,47.364276],[35.262712,47.364023],[35.262692,47.364643]]]}},{"type":"Feature","properties":{"cadnum":"2323381100:01:024:0001"},"geometry":{"type":"Polygon","coordinates":[[[35.263556,47.363249],[35.266027,47.363459],[35.266098,47.363465],[35.266199,47.363473],[35.26789,47.363616],[35.267906,47.36317],[35.266061,47.363015],[35.263575,47.362804],[35.263556,47.363249]]]}},{"type":"Feature","properties":{"cadnum":"2323381100:01:029:0042"},"geometry":{"type":"Polygon","coordinates":[[[35.266892,47.365088],[35.27081,47.365386],[35.270825,47.364899],[35.270831,47.36472],[35.266913,47.364422],[35.2669,47.36486],[35.2669,47.364861],[35.266899,47.364861],[35.266896,47.364963],[35.266895,47.364977],[35.266896,47.364977],[35.266892,47.365088]]]}},{"type":"Feature","properties":{"cadnum":"2323381100:01:029:0041"},"geometry":{"type":"Polygon","coordinates":[[[35.266913,47.364422],[35.270831,47.36472],[35.270851,47.36407],[35.266934,47.36374],[35.266915,47.364343],[35.266913,47.364422]]]}},{"type":"Feature","properties":{"cadnum":"2323381100:01:024:0004"},"geometry":{"type":"Polygon","coordinates":[[[35.263611,47.361901],[35.266027,47.362106],[35.266089,47.362111],[35.266199,47.362121],[35.267937,47.362267],[35.267953,47.361816],[35.266101,47.361659],[35.26363,47.36145],[35.263611,47.361901]]]}},{"type":"Feature","properties":{"cadnum":"2323381100:01:024:0003"},"geometry":{"type":"Polygon","coordinates":[[[35.263592,47.362356],[35.266199,47.362577],[35.267922,47.362722],[35.267937,47.362267],[35.266089,47.362111],[35.263611,47.361901],[35.263592,47.362356]]]}},{"type":"Feature","properties":{"cadnum":"2323381100:01:024:0002"},"geometry":{"type":"Polygon","coordinates":[[[35.263575,47.362804],[35.266027,47.363012],[35.266061,47.363015],[35.266199,47.363027],[35.266199,47.363026],[35.267906,47.36317],[35.267921,47.362722],[35.266027,47.362562],[35.263592,47.362356],[35.263575,47.362804]]]}},{"type":"Feature","properties":{"cadnum":"2323381100:01:024:0005"},"geometry":{"type":"Polygon","coordinates":[[[35.26363,47.36145],[35.266027,47.361653],[35.266101,47.361659],[35.266199,47.361668],[35.267953,47.361816],[35.267973,47.361226],[35.26798,47.361039],[35.266075,47.360879],[35.263662,47.360674],[35.263636,47.361256],[35.263637,47.361256],[35.26363,47.36145]]]}},{"type":"Feature","properties":{"cadnum":"2323381100:01:029:0040"},"geometry":{"type":"Polygon","coordinates":[[[35.262712,47.364023],[35.266199,47.364289],[35.266915,47.364343],[35.266934,47.36374],[35.266027,47.363663],[35.262732,47.363384],[35.262712,47.364023]]]}},{"type":"Feature","properties":{"cadnum":"2323381100:05:009:0005"},"geometry":{"type":"Polygon","coordinates":[[[35.287025,47.377443],[35.287485,47.377481],[35.287559,47.376587],[35.287083,47.376563],[35.287025,47.377443]]]}},{"type":"Feature","properties":{"cadnum":"2323381100:05:009:0004"},"geometry":{"type":"Polygon","coordinates":[[[35.286737,47.377472],[35.287013,47.377492],[35.287481,47.377526],[35.287485,47.377481],[35.287025,47.377443],[35.287116,47.37604],[35.287123,47.375946],[35.286876,47.375934],[35.28687,47.376021],[35.286866,47.376082],[35.286862,47.376138],[35.286852,47.376285],[35.286737,47.377472]]]}},{"type":"Feature","properties":{"cadnum":"2323381100:05:006:0013"},"geometry":{"type":"Polygon","coordinates":[[[35.285833,47.379498],[35.286682,47.379589],[35.286698,47.37924],[35.285846,47.379149],[35.285833,47.379498]]]}},{"type":"Feature","properties":{"cadnum":"2323381100:05:006:0018"},"geometry":{"type":"Polygon","coordinates":[[[35.285856,47.378939],[35.286183,47.378975],[35.286219,47.378071],[35.285892,47.378036],[35.285865,47.378683],[35.285856,47.378939]]]}},{"type":"Feature","properties":{"cadnum":"2323381100:05:006:0021"},"geometry":{"type":"Polygon","coordinates":[[[35.284916,47.379395],[35.285168,47.379422],[35.285195,47.377938],[35.284954,47.377924],[35.284916,47.379395]]]}},{"type":"Feature","properties":{"cadnum":"2323381100:05:006:0014"},"geometry":{"type":"Polygon","coordinates":[[[35.285846,47.379149],[35.286698,47.37924],[35.286706,47.379031],[35.286183,47.378975],[35.285856,47.378939],[35.285846,47.379149]]]}},{"type":"Feature","properties":{"cadnum":"2323381100:05:009:0003"},"geometry":{"type":"Polygon","coordinates":[[[35.287083,47.376563],[35.287559,47.376587],[35.287584,47.376278],[35.287596,47.376138],[35.287611,47.375971],[35.287123,47.375946],[35.287118,47.376021],[35.287117,47.376037],[35.28711,47.376138],[35.287083,47.376563]]]}},{"type":"Feature","properties":{"cadnum":"2323381100:05:006:0011"},"geometry":{"type":"Polygon","coordinates":[[[35.285477,47.379459],[35.285833,47.379498],[35.285865,47.378683],[35.285492,47.378643],[35.285477,47.379459]]]}},{"type":"Feature","properties":{"cadnum":"2323381100:05:006:0016"},"geometry":{"type":"Polygon","coordinates":[[[35.285166,47.379426],[35.285477,47.379459],[35.285492,47.378643],[35.285506,47.377985],[35.285506,47.377962],[35.285195,47.377938],[35.285166,47.379426]]]}},{"type":"Feature","properties":{"cadnum":"2323381100:05:001:0001"},"geometry":{"type":"Polygon","coordinates":[[[35.285056,47.377859],[35.287433,47.37798],[35.287464,47.377711],[35.285087,47.37759],[35.285056,47.377859]]]}},{"type":"Feature","properties":{"cadnum":"2323381100:05:001:0006"},"geometry":{"type":"Polygon","coordinates":[[[35.285849,47.380306],[35.286338,47.380356],[35.286446,47.379754],[35.285964,47.379705],[35.285957,47.379741],[35.285956,47.379741],[35.285849,47.380306]]]}},{"type":"Feature","properties":{"cadnum":"2323381100:05:006:0012"},"geometry":{"type":"Polygon","coordinates":[[[35.285492,47.378643],[35.285865,47.378683],[35.285892,47.378027],[35.285506,47.377985],[35.285492,47.378643]]]}},{"type":"Feature","properties":{"cadnum":"2323381100:05:006:0019"},"geometry":{"type":"Polygon","coordinates":[[[35.286183,47.378975],[35.286706,47.379031],[35.286746,47.378128],[35.286219,47.378071],[35.286183,47.378975]]]}},{"type":"Feature","properties":{"cadnum":"2323381100:05:023:0107"},"geometry":{"type":"Polygon","coordinates":[[[35.305188,47.378613],[35.30555,47.378642],[35.305569,47.378315],[35.305221,47.378274],[35.305188,47.378613]]]}},{"type":"Feature","properties":{"cadnum":"2323381100:05:024:0010"},"geometry":{"type":"Polygon","coordinates":[[[35.308244,47.378553],[35.308528,47.378597],[35.309054,47.376871],[35.308583,47.376816],[35.308244,47.378553]]]}},{"type":"Feature","properties":{"cadnum":"2323381100:05:023:0008"},"geometry":{"type":"Polygon","coordinates":[[[35.306235,47.379187],[35.306655,47.379213],[35.306741,47.378509],[35.306333,47.378465],[35.306235,47.379187]]]}},{"type":"Feature","properties":{"cadnum":"2323381100:05:024:0011"},"geometry":{"type":"Polygon","coordinates":[[[35.30701,47.378388],[35.307347,47.37844],[35.307481,47.377564],[35.307154,47.377514],[35.30701,47.378388]]]}},{"type":"Feature","properties":{"cadnum":"2323381100:05:024:0009"},"geometry":{"type":"Polygon","coordinates":[[[35.307481,47.377569],[35.307819,47.377621],[35.307958,47.37677],[35.30761,47.376727],[35.307481,47.377569]]]}},{"type":"Feature","properties":{"cadnum":"2323381100:05:023:0016"},"geometry":{"type":"Polygon","coordinates":[[[35.308385,47.378979],[35.308768,47.379039],[35.308807,47.378868],[35.30842,47.378806],[35.308385,47.378979]]]}},{"type":"Feature","properties":{"cadnum":"2323381100:05:023:0108"},"geometry":{"type":"Polygon","coordinates":[[[35.305111,47.37936],[35.305508,47.379391],[35.30555,47.378642],[35.305188,47.378613],[35.305153,47.378947],[35.305111,47.37936]]]}},{"type":"Feature","properties":{"cadnum":"2323381100:05:023:0017"},"geometry":{"type":"Polygon","coordinates":[[[35.30808,47.379257],[35.308321,47.379296],[35.308339,47.379203],[35.308385,47.378979],[35.30842,47.378806],[35.308188,47.37877],[35.30808,47.379257]]]}},{"type":"Feature","properties":{"cadnum":"2323381100:05:024:0007"},"geometry":{"type":"Polygon","coordinates":[[[35.309227,47.378202],[35.30965,47.378275],[35.309998,47.377365],[35.309561,47.377288],[35.309227,47.378202]]]}},{"type":"Feature","properties":{"cadnum":"2323381100:05:024:0025"},"geometry":{"type":"Polygon","coordinates":[[[35.30483,47.377916],[35.304846,47.377931],[35.305178,47.377997],[35.305119,47.377536],[35.304985,47.377523],[35.30483,47.377916]]]}},{"type":"Feature","properties":{"cadnum":"2323381100:05:024:0013"},"geometry":{"type":"Polygon","coordinates":[[[35.306698,47.37834],[35.30701,47.378388],[35.307289,47.376688],[35.306955,47.376647],[35.306698,47.37834]]]}},{"type":"Feature","properties":{"cadnum":"2323381100:05:024:0006"},"geometry":{"type":"Polygon","coordinates":[[[35.308982,47.378875],[35.309392,47.378947],[35.30965,47.378275],[35.309227,47.378202],[35.308982,47.378875]]]}},{"type":"Feature","properties":{"cadnum":"2323381100:05:027:0018"},"geometry":{"type":"Polygon","coordinates":[[[35.305819,47.376595],[35.305897,47.376598],[35.3059,47.376577],[35.305925,47.376579],[35.305933,47.376482],[35.305823,47.376478],[35.305821,47.376525],[35.305826,47.376525],[35.305819,47.376591],[35.305819,47.376595]]]}},{"type":"Feature","properties":{"cadnum":"2323381100:05:027:0014"},"geometry":{"type":"Polygon","coordinates":[[[35.308523,47.376377],[35.309017,47.376442],[35.309082,47.376104],[35.309128,47.375876],[35.308684,47.375813],[35.308625,47.376021],[35.308624,47.376021],[35.308523,47.376377]]]}},{"type":"Feature","properties":{"cadnum":"2323381100:05:027:0007"},"geometry":{"type":"Polygon","coordinates":[[[35.308426,47.376718],[35.308866,47.376779],[35.309057,47.376798],[35.309218,47.376358],[35.309299,47.376138],[35.3093,47.376138],[35.309359,47.375981],[35.309409,47.375943],[35.309513,47.375629],[35.309523,47.375624],[35.309688,47.375297],[35.309258,47.375235],[35.309247,47.375338],[35.309349,47.375357],[35.309324,47.375426],[35.309324,47.375427],[35.30922,47.375408],[35.309099,47.376021],[35.309098,47.376021],[35.309084,47.376093],[35.309076,47.376138],[35.309017,47.376442],[35.309016,47.376442],[35.308523,47.376377],[35.308426,47.376718]]]}},{"type":"Feature","properties":{"cadnum":"2323381100:05:024:0004"},"geometry":{"type":"Polygon","coordinates":[[[35.305644,47.376064],[35.305711,47.376067],[35.305705,47.376138],[35.305706,47.376138],[35.305684,47.376471],[35.305886,47.376478],[35.305915,47.376138],[35.305916,47.376138],[35.305963,47.375607],[35.305685,47.375597],[35.305647,47.376021],[35.305646,47.376021],[35.305644,47.376064]]]}},{"type":"Feature","properties":{"cadnum":"2323381100:05:027:0006"},"geometry":{"type":"Polygon","coordinates":[[[35.308291,47.376353],[35.308522,47.376384],[35.308591,47.376138],[35.308873,47.375147],[35.308638,47.375116],[35.308384,47.376021],[35.308291,47.376353]]]}},{"type":"Feature","properties":{"cadnum":"2323381100:05:027:0004"},"geometry":{"type":"Polygon","coordinates":[[[35.307087,47.376461],[35.307528,47.37649],[35.307615,47.376088],[35.307701,47.375702],[35.307224,47.375663],[35.307223,47.375663],[35.307142,47.376138],[35.307087,47.376461]]]}},{"type":"Feature","properties":{"cadnum":"2323381100:05:027:0012"},"geometry":{"type":"Polygon","coordinates":[[[35.305448,47.376409],[35.305448,47.376468],[35.305502,47.376468],[35.305502,47.376409],[35.305448,47.376409]]]}},{"type":"Feature","properties":{"cadnum":"2323381100:05:023:0012"},"geometry":{"type":"Polygon","coordinates":[[[35.305721,47.381238],[35.306002,47.381259],[35.306269,47.379741],[35.306268,47.379741],[35.306295,47.379589],[35.306014,47.379567],[35.305983,47.379741],[35.305721,47.381238]]]}},{"type":"Feature","properties":{"cadnum":"2323381100:05:023:0020"},"geometry":{"type":"Polygon","coordinates":[[[35.305903,47.381838],[35.306218,47.381891],[35.306301,47.381354],[35.306506,47.379921],[35.306298,47.379796],[35.306286,47.379857],[35.306286,47.379858],[35.305903,47.381838]]]}},{"type":"Feature","properties":{"cadnum":"2323381100:05:023:0009"},"geometry":{"type":"Polygon","coordinates":[[[35.306212,47.379356],[35.306632,47.379382],[35.306655,47.379213],[35.306235,47.379187],[35.306212,47.379356]]]}},{"type":"Feature","properties":{"cadnum":"2323381100:04:017:0006"},"geometry":{"type":"Polygon","coordinates":[[[35.304221,47.345915],[35.30448,47.345933],[35.30778,47.34616],[35.307804,47.345352],[35.304484,47.34513],[35.304242,47.345113],[35.304221,47.345915]]]}},{"type":"Feature","properties":{"cadnum":"2323381100:01:024:0007"},"geometry":{"type":"Polygon","coordinates":[[[35.263675,47.360369],[35.266027,47.360569],[35.266091,47.360575],[35.266199,47.360584],[35.267991,47.360735],[35.268,47.360433],[35.266027,47.360267],[35.263687,47.360069],[35.263675,47.360369]]]}},{"type":"Feature","properties":{"cadnum":"2323381100:01:024:0010"},"geometry":{"type":"Polygon","coordinates":[[[35.263711,47.359465],[35.266027,47.359662],[35.266045,47.359663],[35.266199,47.359676],[35.268022,47.35983],[35.268042,47.359226],[35.266088,47.359061],[35.263737,47.358861],[35.263711,47.359465]]]}},{"type":"Feature","properties":{"cadnum":"2323381100:01:024:0011"},"geometry":{"type":"Polygon","coordinates":[[[35.263737,47.358861],[35.266027,47.359056],[35.266088,47.359061],[35.266199,47.35907],[35.268042,47.359226],[35.268053,47.358923],[35.266097,47.358758],[35.263749,47.358559],[35.263737,47.358861]]]}},{"type":"Feature","properties":{"cadnum":"2323381100:01:024:0008"},"geometry":{"type":"Polygon","coordinates":[[[35.263687,47.360069],[35.266199,47.360281],[35.268,47.360433],[35.268011,47.360131],[35.266027,47.359964],[35.263699,47.359767],[35.263687,47.360069]]]}},{"type":"Feature","properties":{"cadnum":"2323381100:01:024:0012"},"geometry":{"type":"Polygon","coordinates":[[[35.263749,47.358559],[35.266027,47.358752],[35.266097,47.358758],[35.266199,47.358767],[35.268053,47.358923],[35.268063,47.358621],[35.266027,47.358449],[35.263762,47.358257],[35.263749,47.358559]]]}},{"type":"Feature","properties":{"cadnum":"2323381100:01:024:0009"},"geometry":{"type":"Polygon","coordinates":[[[35.263699,47.359767],[35.266199,47.359979],[35.268011,47.360131],[35.268022,47.35983],[35.266045,47.359663],[35.263711,47.359465],[35.263699,47.359767]]]}},{"type":"Feature","properties":{"cadnum":"2323381100:01:024:0013"},"geometry":{"type":"Polygon","coordinates":[[[35.263762,47.358257],[35.266199,47.358463],[35.268063,47.358621],[35.268074,47.358318],[35.266027,47.358145],[35.263774,47.357955],[35.263762,47.358257]]]}},{"type":"Feature","properties":{"cadnum":"2323381100:01:024:0016"},"geometry":{"type":"Polygon","coordinates":[[[35.2638,47.357349],[35.264626,47.357419],[35.266027,47.357538],[35.266103,47.357544],[35.266199,47.357552],[35.268094,47.357712],[35.268101,47.357512],[35.268105,47.357416],[35.266199,47.357249],[35.263812,47.357039],[35.2638,47.357349]]]}},{"type":"Feature","properties":{"cadnum":"2323381100:01:024:0014"},"geometry":{"type":"Polygon","coordinates":[[[35.263774,47.357955],[35.266027,47.358145],[35.266199,47.35816],[35.268074,47.358318],[35.268085,47.358016],[35.266049,47.357844],[35.263786,47.357652],[35.263774,47.357955]]]}},{"type":"Feature","properties":{"cadnum":"2323381100:01:024:0015"},"geometry":{"type":"Polygon","coordinates":[[[35.263786,47.357652],[35.266027,47.357842],[35.266049,47.357844],[35.266199,47.357857],[35.268085,47.358016],[35.268094,47.357712],[35.266103,47.357544],[35.265998,47.357535],[35.266001,47.357535],[35.2638,47.357349],[35.263796,47.357419],[35.263794,47.357467],[35.26379,47.357535],[35.263791,47.357535],[35.263786,47.357652]]]}},{"type":"Feature","properties":{"cadnum":"2323381100:01:024:0006"},"geometry":{"type":"Polygon","coordinates":[[[35.263662,47.360674],[35.266027,47.360874],[35.266027,47.360875],[35.266075,47.360879],[35.266199,47.360889],[35.26798,47.361039],[35.267991,47.360735],[35.266091,47.360575],[35.263675,47.360369],[35.263662,47.360674]]]}},{"type":"Feature","properties":{"cadnum":"2323381100:05:013:0007"},"geometry":{"type":"Polygon","coordinates":[[[35.288612,47.374186],[35.289065,47.374241],[35.28912,47.37331],[35.28871,47.373259],[35.288612,47.374186]]]}},{"type":"Feature","properties":{"cadnum":"2323381100:05:013:0009"},"geometry":{"type":"Polygon","coordinates":[[[35.289597,47.37436],[35.289917,47.37439],[35.289986,47.373475],[35.290045,47.372954],[35.289689,47.372939],[35.289597,47.37436]]]}},{"type":"Feature","properties":{"cadnum":"2323381100:05:013:0006"},"geometry":{"type":"Polygon","coordinates":[[[35.28871,47.373259],[35.28912,47.37331],[35.289141,47.372949],[35.289148,47.372843],[35.289168,47.372564],[35.288781,47.372517],[35.288743,47.372934],[35.28871,47.373259]]]}},{"type":"Feature","properties":{"cadnum":"2323381100:05:039:0016"},"geometry":{"type":"Polygon","coordinates":[[[35.291142,47.375419],[35.291516,47.375472],[35.291675,47.374531],[35.291293,47.374497],[35.291142,47.375419]]]}},{"type":"Feature","properties":{"cadnum":"2323381100:05:039:0009"},"geometry":{"type":"Polygon","coordinates":[[[35.288929,47.375457],[35.289435,47.375512],[35.289516,47.3747],[35.289006,47.374645],[35.288929,47.375457]]]}},{"type":"Feature","properties":{"cadnum":"2323381100:05:039:0012"},"geometry":{"type":"Polygon","coordinates":[[[35.289448,47.375377],[35.289449,47.375377],[35.289863,47.375421],[35.289899,47.37509],[35.290419,47.375145],[35.290462,47.374793],[35.289517,47.374691],[35.289448,47.375377]]]}},{"type":"Feature","properties":{"cadnum":"2323381100:05:013:0003"},"geometry":{"type":"Polygon","coordinates":[[[35.290397,47.374386],[35.290818,47.374419],[35.290914,47.373457],[35.290476,47.373421],[35.290466,47.373544],[35.290397,47.374386]]]}},{"type":"Feature","properties":{"cadnum":"2323381100:05:013:0004"},"geometry":{"type":"Polygon","coordinates":[[[35.290476,47.373421],[35.290914,47.373457],[35.29098,47.372804],[35.290531,47.372745],[35.290476,47.373421]]]}},{"type":"Feature","properties":{"cadnum":"2323381100:04:011:0012"},"geometry":{"type":"Polygon","coordinates":[[[35.285703,47.339431],[35.288,47.339628],[35.289458,47.339753],[35.289459,47.339739],[35.289482,47.339034],[35.288172,47.338922],[35.288172,47.338921],[35.285727,47.338712],[35.285723,47.338809],[35.285721,47.338877],[35.285719,47.338926],[35.285703,47.339431]]]}},{"type":"Feature","properties":{"cadnum":"2323381100:04:011:0017"},"geometry":{"type":"Polygon","coordinates":[[[35.289459,47.339739],[35.293208,47.34006],[35.293232,47.33934],[35.289483,47.339018],[35.289482,47.339034],[35.289459,47.339739]]]}},{"type":"Feature","properties":{"cadnum":"2323381100:04:011:0020"},"geometry":{"type":"Polygon","coordinates":[[[35.289387,47.341901],[35.293135,47.342222],[35.293159,47.341501],[35.289411,47.34118],[35.289411,47.341192],[35.289387,47.341901]]]}},{"type":"Feature","properties":{"cadnum":"2323381100:04:011:0019"},"geometry":{"type":"Polygon","coordinates":[[[35.289411,47.34118],[35.293159,47.341501],[35.293183,47.340781],[35.289435,47.34046],[35.289434,47.340473],[35.289411,47.34118]]]}},{"type":"Feature","properties":{"cadnum":"2323381100:04:011:0009"},"geometry":{"type":"Polygon","coordinates":[[[35.28563,47.341589],[35.288,47.341793],[35.289387,47.341911],[35.289387,47.341901],[35.289411,47.341192],[35.288172,47.341087],[35.285655,47.340871],[35.28563,47.341589]]]}},{"type":"Feature","properties":{"cadnum":"2323381100:04:011:0010"},"geometry":{"type":"Polygon","coordinates":[[[35.285655,47.340871],[35.288,47.341072],[35.289411,47.341192],[35.289411,47.34118],[35.289434,47.340473],[35.288,47.34035],[35.288,47.340351],[35.285679,47.340151],[35.285655,47.340871]]]}},{"type":"Feature","properties":{"cadnum":"2323381100:04:011:0011"},"geometry":{"type":"Polygon","coordinates":[[[35.285679,47.340151],[35.288172,47.340365],[35.289434,47.340473],[35.289435,47.34046],[35.289458,47.339753],[35.288172,47.339643],[35.285703,47.339431],[35.285679,47.340151]]]}},{"type":"Feature","properties":{"cadnum":"2323381100:04:011:0018"},"geometry":{"type":"Polygon","coordinates":[[[35.289435,47.34046],[35.293183,47.340781],[35.293208,47.34006],[35.289459,47.339739],[35.289458,47.339753],[35.289435,47.34046]]]}},{"type":"Feature","properties":{"cadnum":"2323381100:03:012:0005"},"geometry":{"type":"Polygon","coordinates":[[[35.372325,47.373691],[35.374763,47.37379],[35.374775,47.373639],[35.374817,47.373132],[35.374823,47.37306],[35.372385,47.372961],[35.372325,47.373691]]]}},{"type":"Feature","properties":{"cadnum":"2323381100:03:012:0003"},"geometry":{"type":"Polygon","coordinates":[[[35.372224,47.374918],[35.374661,47.375018],[35.374703,47.374521],[35.372264,47.374422],[35.372224,47.374918]]]}},{"type":"Feature","properties":{"cadnum":"2323381100:03:012:0002"},"geometry":{"type":"Polygon","coordinates":[[[35.372164,47.375649],[35.374601,47.375748],[35.374652,47.375133],[35.374661,47.375018],[35.372224,47.374918],[35.372164,47.375649]]]}},{"type":"Feature","properties":{"cadnum":"2323381100:03:012:0004"},"geometry":{"type":"Polygon","coordinates":[[[35.372264,47.374422],[35.374703,47.374521],[35.374713,47.374386],[35.374763,47.37379],[35.372325,47.373691],[35.372264,47.374422]]]}},{"type":"Feature","properties":{"cadnum":"2323381100:03:012:0001"},"geometry":{"type":"Polygon","coordinates":[[[35.372103,47.376379],[35.37454,47.376478],[35.374568,47.376138],[35.37459,47.375881],[35.374601,47.375748],[35.372164,47.375649],[35.372122,47.376138],[35.372123,47.376138],[35.372103,47.376379]]]}},{"type":"Feature","properties":{"cadnum":"2323381100:03:015:0006"},"geometry":{"type":"Polygon","coordinates":[[[35.367541,47.373339],[35.370397,47.37346],[35.370398,47.37346],[35.370499,47.373465],[35.370569,47.373468],[35.372272,47.373539],[35.372319,47.37297],[35.370569,47.372895],[35.367585,47.372768],[35.367541,47.373339]]]}},{"type":"Feature","properties":{"cadnum":"2323381100:03:015:0023"},"geometry":{"type":"Polygon","coordinates":[[[35.36752,47.373623],[35.370397,47.373746],[35.370398,47.373746],[35.370538,47.373752],[35.370569,47.373754],[35.372248,47.373824],[35.372272,47.373539],[35.370499,47.373465],[35.367541,47.373339],[35.36752,47.373623]]]}},{"type":"Feature","properties":{"cadnum":"2323381100:03:015:0003"},"geometry":{"type":"Polygon","coordinates":[[[35.367408,47.37505],[35.370397,47.375177],[35.370398,47.375177],[35.37213,47.37525],[35.372177,47.374679],[35.370569,47.374611],[35.367453,47.374478],[35.367408,47.37505]]]}},{"type":"Feature","properties":{"cadnum":"2323381100:03:015:0002"},"geometry":{"type":"Polygon","coordinates":[[[35.367364,47.375626],[35.370397,47.375756],[35.370398,47.375756],[35.370501,47.375761],[35.370569,47.375763],[35.372083,47.375827],[35.37213,47.37525],[35.370569,47.375184],[35.367408,47.37505],[35.367364,47.375626]]]}},{"type":"Feature","properties":{"cadnum":"2323381100:03:015:0004"},"geometry":{"type":"Polygon","coordinates":[[[35.367453,47.374478],[35.370397,47.374604],[35.370398,47.374604],[35.372177,47.374679],[35.372225,47.374109],[35.370521,47.374037],[35.367497,47.373908],[35.367453,47.374478]]]}},{"type":"Feature","properties":{"cadnum":"2323381100:03:015:0022"},"geometry":{"type":"Polygon","coordinates":[[[35.367497,47.373908],[35.370397,47.374031],[35.370397,47.374032],[35.370398,47.374032],[35.370521,47.374037],[35.370569,47.374039],[35.372225,47.374109],[35.372248,47.373824],[35.370538,47.373752],[35.36752,47.373623],[35.367497,47.373908]]]}},{"type":"Feature","properties":{"cadnum":"2323381100:01:025:0019"},"geometry":{"type":"Polygon","coordinates":[[[35.26813,47.357847],[35.269553,47.357967],[35.269568,47.357531],[35.268874,47.357477],[35.268145,47.35742],[35.268141,47.357535],[35.26813,47.357847]]]}},{"type":"Feature","properties":{"cadnum":"2323381100:01:016:0007"},"geometry":{"type":"Polygon","coordinates":[[[35.263896,47.354732],[35.266027,47.354882],[35.268234,47.355036],[35.268254,47.35444],[35.266199,47.354296],[35.263914,47.354136],[35.263896,47.354732]]]}},{"type":"Feature","properties":{"cadnum":"2323381100:01:016:0008"},"geometry":{"type":"Polygon","coordinates":[[[35.263914,47.354136],[35.266027,47.354284],[35.268254,47.35444],[35.268264,47.354143],[35.266027,47.353986],[35.266027,47.353987],[35.263923,47.353839],[35.263914,47.354136]]]}},{"type":"Feature","properties":{"cadnum":"2323381100:01:016:0003"},"geometry":{"type":"Polygon","coordinates":[[[35.263852,47.356224],[35.266027,47.356376],[35.266027,47.356377],[35.268181,47.356527],[35.268192,47.356229],[35.266199,47.35609],[35.263862,47.355925],[35.263852,47.356224]]]}},{"type":"Feature","properties":{"cadnum":"2323381100:01:016:0001"},"geometry":{"type":"Polygon","coordinates":[[[35.263831,47.356954],[35.266027,47.357131],[35.266027,47.357132],[35.266718,47.357187],[35.266734,47.356725],[35.268172,47.356825],[35.268181,47.356527],[35.266199,47.356389],[35.266199,47.356388],[35.263852,47.356224],[35.263831,47.356954]]]}},{"type":"Feature","properties":{"cadnum":"2323381100:01:016:0004"},"geometry":{"type":"Polygon","coordinates":[[[35.263862,47.355925],[35.266027,47.356077],[35.266027,47.356078],[35.268192,47.356229],[35.268213,47.355632],[35.266199,47.355491],[35.263879,47.355328],[35.263862,47.355925]]]}},{"type":"Feature","properties":{"cadnum":"2323381100:01:016:0005"},"geometry":{"type":"Polygon","coordinates":[[[35.263879,47.355328],[35.266027,47.355479],[35.268213,47.355632],[35.268223,47.355334],[35.266027,47.35518],[35.266027,47.355181],[35.263887,47.35503],[35.263879,47.355328]]]}},{"type":"Feature","properties":{"cadnum":"2323381100:01:016:0002"},"geometry":{"type":"Polygon","coordinates":[[[35.266718,47.357187],[35.268156,47.357302],[35.268172,47.356825],[35.266734,47.356725],[35.266718,47.357187]]]}},{"type":"Feature","properties":{"cadnum":"2323381100:01:016:0006"},"geometry":{"type":"Polygon","coordinates":[[[35.263887,47.35503],[35.266199,47.355193],[35.266199,47.355192],[35.268223,47.355334],[35.268234,47.355036],[35.266199,47.354894],[35.263896,47.354732],[35.263887,47.35503]]]}},{"type":"Feature","properties":{"cadnum":"2323381100:05:015:0011"},"geometry":{"type":"Polygon","coordinates":[[[35.285573,47.371102],[35.285958,47.371119],[35.286054,47.370425],[35.285659,47.370401],[35.285573,47.371102]]]}},{"type":"Feature","properties":{"cadnum":"2323381100:05:017:0004"},"geometry":{"type":"Polygon","coordinates":[[[35.285669,47.3703],[35.286038,47.370346],[35.286293,47.369541],[35.285912,47.369485],[35.285669,47.3703]]]}},{"type":"Feature","properties":{"cadnum":"2323381100:05:017:0003"},"geometry":{"type":"Polygon","coordinates":[[[35.285912,47.369485],[35.286294,47.369541],[35.286521,47.368826],[35.286102,47.368766],[35.286011,47.369112],[35.286003,47.369168],[35.285912,47.369485]]]}},{"type":"Feature","properties":{"cadnum":"2323381100:05:015:0012"},"geometry":{"type":"Polygon","coordinates":[[[35.285477,47.371885],[35.285849,47.371902],[35.285958,47.371119],[35.285573,47.371102],[35.285477,47.371885]]]}},{"type":"Feature","properties":{"cadnum":"2323381100:05:015:0009"},"geometry":{"type":"Polygon","coordinates":[[[35.286585,47.372013],[35.287028,47.372067],[35.287126,47.371424],[35.286659,47.371367],[35.286585,47.372013]]]}},{"type":"Feature","properties":{"cadnum":"2323381100:05:013:0008"},"geometry":{"type":"Polygon","coordinates":[[[35.286029,47.372844],[35.286471,47.372896],[35.286521,47.372415],[35.286541,47.372233],[35.286097,47.372181],[35.286084,47.372301],[35.286077,47.372372],[35.286072,47.372418],[35.286029,47.372844]]]}},{"type":"Feature","properties":{"cadnum":"2323381100:05:017:0011"},"geometry":{"type":"Polygon","coordinates":[[[35.286709,47.370473],[35.287122,47.370519],[35.28723,47.369686],[35.286815,47.369659],[35.286709,47.370473]]]}},{"type":"Feature","properties":{"cadnum":"2323381100:05:015:0010"},"geometry":{"type":"Polygon","coordinates":[[[35.286659,47.371367],[35.287126,47.371424],[35.287252,47.370596],[35.286756,47.370538],[35.286659,47.371367]]]}},{"type":"Feature","properties":{"cadnum":"2323381100:05:017:0012"},"geometry":{"type":"Polygon","coordinates":[[[35.286815,47.369659],[35.28723,47.369686],[35.287265,47.369418],[35.287322,47.368987],[35.28691,47.368938],[35.286815,47.369659]]]}},{"type":"Feature","properties":{"cadnum":"2323381100:05:030:0005"},"geometry":{"type":"Polygon","coordinates":[[[35.309316,47.370699],[35.309699,47.370748],[35.309813,47.370051],[35.30941,47.37],[35.309409,47.37],[35.309316,47.370699]]]}},{"type":"Feature","properties":{"cadnum":"2323381100:05:029:0036"},"geometry":{"type":"Polygon","coordinates":[[[35.308103,47.372256],[35.308539,47.372316],[35.308703,47.371675],[35.308235,47.371617],[35.308103,47.372256]]]}},{"type":"Feature","properties":{"cadnum":"2323381100:05:029:0021"},"geometry":{"type":"Polygon","coordinates":[[[35.308595,47.372103],[35.308966,47.372173],[35.309132,47.371753],[35.308759,47.371685],[35.308595,47.372103]]]}},{"type":"Feature","properties":{"cadnum":"2323381100:05:009:0021"},"geometry":{"type":"Polygon","coordinates":[[[35.30693,47.372558],[35.306969,47.372562],[35.307236,47.372594],[35.307295,47.3726],[35.307327,47.372418],[35.307406,47.371973],[35.30704,47.37193],[35.307005,47.372129],[35.306974,47.372301],[35.306955,47.37241],[35.306954,47.372418],[35.30693,47.372558]]]}},{"type":"Feature","properties":{"cadnum":"2323381100:05:030:0013"},"geometry":{"type":"Polygon","coordinates":[[[35.309235,47.371141],[35.309281,47.371144],[35.309249,47.371495],[35.309246,47.371519],[35.309565,47.37156],[35.309569,47.371536],[35.309699,47.370748],[35.309316,47.370699],[35.309289,47.370902],[35.309235,47.371141]]]}},{"type":"Feature","properties":{"cadnum":"2323381100:05:030:0007"},"geometry":{"type":"Polygon","coordinates":[[[35.308335,47.371428],[35.308726,47.371477],[35.308834,47.370733],[35.30844,47.370683],[35.308335,47.371428]]]}},{"type":"Feature","properties":{"cadnum":"2323381100:05:029:0037"},"geometry":{"type":"Polygon","coordinates":[[[35.308025,47.37264],[35.308443,47.372691],[35.308539,47.372316],[35.308103,47.372256],[35.30807,47.372418],[35.308025,47.37264]]]}},{"type":"Feature","properties":{"cadnum":"2323381100:05:029:0035"},"geometry":{"type":"Polygon","coordinates":[[[35.305555,47.372706],[35.305817,47.372736],[35.305915,47.372385],[35.305722,47.37236],[35.305653,47.37235],[35.305634,47.372418],[35.305635,47.372418],[35.305555,47.372706]]]}},{"type":"Feature","properties":{"cadnum":"2323381100:05:030:0008"},"geometry":{"type":"Polygon","coordinates":[[[35.30844,47.370683],[35.308834,47.370733],[35.308947,47.369967],[35.308547,47.369917],[35.30844,47.370683]]]}},{"type":"Feature","properties":{"cadnum":"2323381100:05:025:0008"},"geometry":{"type":"Polygon","coordinates":[[[35.305683,47.372425],[35.305897,47.372444],[35.306101,47.372463],[35.306111,47.372415],[35.306167,47.372158],[35.305752,47.372114],[35.30571,47.372301],[35.305709,47.372301],[35.30569,47.372389],[35.305684,47.372418],[35.305683,47.372425]]]}},{"type":"Feature","properties":{"cadnum":"2323381100:05:025:0007"},"geometry":{"type":"Polygon","coordinates":[[[35.305752,47.372114],[35.306167,47.372158],[35.306184,47.372082],[35.306263,47.371714],[35.306321,47.371438],[35.305929,47.371396],[35.305857,47.371695],[35.305768,47.372043],[35.305752,47.372114]]]}},{"type":"Feature","properties":{"cadnum":"2323381100:05:030:0015"},"geometry":{"type":"Polygon","coordinates":[[[35.307866,47.371368],[35.308335,47.371428],[35.308426,47.370778],[35.307993,47.370724],[35.307866,47.371368]]]}},{"type":"Feature","properties":{"cadnum":"2323381100:05:018:0001"},"geometry":{"type":"Polygon","coordinates":[[[35.308728,47.371453],[35.309246,47.371519],[35.309281,47.371144],[35.309235,47.371141],[35.309289,47.370902],[35.308814,47.370871],[35.308728,47.371453]]]}},{"type":"Feature","properties":{"cadnum":"2323381100:05:030:0011"},"geometry":{"type":"Polygon","coordinates":[[[35.306829,47.371306],[35.306946,47.371323],[35.306975,47.37132],[35.30728,47.371361],[35.307356,47.371102],[35.307464,47.37069],[35.307057,47.370639],[35.306946,47.370975],[35.306829,47.371306]]]}},{"type":"Feature","properties":{"cadnum":"2323381100:05:030:0012"},"geometry":{"type":"Polygon","coordinates":[[[35.307057,47.370639],[35.307464,47.37069],[35.307667,47.36991],[35.307407,47.369875],[35.30736,47.370052],[35.307256,47.370043],[35.307057,47.370639]]]}},{"type":"Feature","properties":{"cadnum":"2323381100:05:018:0002"},"geometry":{"type":"Polygon","coordinates":[[[35.308814,47.370871],[35.309289,47.370902],[35.309405,47.370025],[35.308947,47.369967],[35.308814,47.370871]]]}},{"type":"Feature","properties":{"cadnum":"2323381100:05:030:0104"},"geometry":{"type":"Polygon","coordinates":[[[35.306277,47.370823],[35.306639,47.370845],[35.306794,47.369706],[35.306432,47.369683],[35.306277,47.370823]]]}},{"type":"Feature","properties":{"cadnum":"2323381100:05:030:0016"},"geometry":{"type":"Polygon","coordinates":[[[35.307993,47.370724],[35.308426,47.370778],[35.30844,47.370683],[35.308543,47.369952],[35.308156,47.369903],[35.307993,47.370724]]]}},{"type":"Feature","properties":{"cadnum":"2323381100:05:029:0011"},"geometry":{"type":"Polygon","coordinates":[[[35.305381,47.371581],[35.305801,47.37162],[35.305862,47.371318],[35.305457,47.371271],[35.30543,47.371299],[35.305381,47.371581]]]}},{"type":"Feature","properties":{"cadnum":"2323381100:05:030:0103"},"geometry":{"type":"Polygon","coordinates":[[[35.306232,47.371149],[35.306595,47.371172],[35.306639,47.370845],[35.306277,47.370823],[35.306232,47.371149]]]}},{"type":"Feature","properties":{"cadnum":"2323381100:05:018:0003"},"geometry":{"type":"Polygon","coordinates":[[[35.303971,47.372075],[35.30448,47.372128],[35.304626,47.372143],[35.304651,47.372145],[35.304978,47.372178],[35.30504,47.371886],[35.30448,47.371832],[35.304479,47.371832],[35.304032,47.371788],[35.303971,47.372075]]]}},{"type":"Feature","properties":{"cadnum":"2323381100:01:011:0002"},"geometry":{"type":"Polygon","coordinates":[[[35.262103,47.350356],[35.263931,47.350484],[35.263942,47.350197],[35.26211,47.350068],[35.262103,47.350356]]]}},{"type":"Feature","properties":{"cadnum":"2323381100:02:017:0013"},"geometry":{"type":"Polygon","coordinates":[[[35.289245,47.36747],[35.289569,47.367514],[35.289803,47.367524],[35.289917,47.367517],[35.290087,47.367518],[35.290229,47.367546],[35.290367,47.367579],[35.290859,47.36763],[35.291015,47.365412],[35.289399,47.365293],[35.289314,47.366462],[35.289245,47.36747]]]}},{"type":"Feature","properties":{"cadnum":"2323381100:05:019:0007"},"geometry":{"type":"Polygon","coordinates":[[[35.290833,47.368363],[35.291185,47.368386],[35.291248,47.36778],[35.290909,47.367741],[35.290833,47.368363]]]}},{"type":"Feature","properties":{"cadnum":"2323381100:02:017:0007"},"geometry":{"type":"Polygon","coordinates":[[[35.28842,47.367339],[35.288693,47.367397],[35.289245,47.36747],[35.289314,47.366462],[35.289399,47.365293],[35.288571,47.365231],[35.288492,47.36636],[35.28842,47.367339]]]}},{"type":"Feature","properties":{"cadnum":"2323381100:05:019:0006"},"geometry":{"type":"Polygon","coordinates":[[[35.292526,47.368314],[35.293366,47.368391],[35.293461,47.368001],[35.292612,47.367905],[35.292526,47.368314]]]}},{"type":"Feature","properties":{"cadnum":"2323381100:02:017:0002"},"geometry":{"type":"Polygon","coordinates":[[[35.293141,47.366814],[35.293495,47.366837],[35.293546,47.365605],[35.2932,47.36558],[35.293141,47.366814]]]}},{"type":"Feature","properties":{"cadnum":"2323381100:03:012:0017"},"geometry":{"type":"Polygon","coordinates":[[[35.372981,47.365757],[35.375417,47.365856],[35.375436,47.365636],[35.375478,47.365129],[35.373041,47.365025],[35.372981,47.365757]]]}},{"type":"Feature","properties":{"cadnum":"2323381100:03:012:0016"},"geometry":{"type":"Polygon","coordinates":[[[35.37292,47.366488],[35.375357,47.366587],[35.375395,47.366142],[35.375417,47.365857],[35.372981,47.365758],[35.37292,47.366488]]]}},{"type":"Feature","properties":{"cadnum":"2323381100:03:012:0015"},"geometry":{"type":"Polygon","coordinates":[[[35.372879,47.36699],[35.375315,47.367089],[35.375352,47.366649],[35.375357,47.366587],[35.37292,47.366488],[35.372879,47.36699]]]}},{"type":"Feature","properties":{"cadnum":"2323381100:03:012:0014"},"geometry":{"type":"Polygon","coordinates":[[[35.372818,47.36772],[35.375255,47.367819],[35.37529,47.367396],[35.375315,47.367089],[35.372879,47.36699],[35.372818,47.36772]]]}},{"type":"Feature","properties":{"cadnum":"2323381100:03:012:0013"},"geometry":{"type":"Polygon","coordinates":[[[35.372758,47.368451],[35.375195,47.36855],[35.375228,47.368143],[35.375255,47.367819],[35.372818,47.36772],[35.372758,47.368451]]]}},{"type":"Feature","properties":{"cadnum":"2323381100:03:006:0046"},"geometry":{"type":"Polygon","coordinates":[[[35.330367,47.38258],[35.331736,47.382629],[35.331935,47.379934],[35.330564,47.380155],[35.330367,47.38258]]]}},{"type":"Feature","properties":{"cadnum":"2323381100:03:006:0045"},"geometry":{"type":"Polygon","coordinates":[[[35.328835,47.382522],[35.330367,47.38258],[35.330564,47.380155],[35.329011,47.380398],[35.328835,47.382522]]]}},{"type":"Feature","properties":{"cadnum":"2323381100:01:031:0006"},"geometry":{"type":"Polygon","coordinates":[[[35.261908,47.377079],[35.265868,47.37738],[35.265887,47.377121],[35.265916,47.376703],[35.26195,47.376401],[35.261908,47.377079]]]}},{"type":"Feature","properties":{"cadnum":"2323381100:01:031:0004"},"geometry":{"type":"Polygon","coordinates":[[[35.261822,47.378436],[35.26577,47.378737],[35.265781,47.378598],[35.265818,47.378057],[35.261865,47.377757],[35.261822,47.378436]]]}},{"type":"Feature","properties":{"cadnum":"2323381100:01:031:0005"},"geometry":{"type":"Polygon","coordinates":[[[35.261865,47.377757],[35.265818,47.378057],[35.265833,47.37786],[35.265868,47.37738],[35.261908,47.377079],[35.261865,47.377757]]]}},{"type":"Feature","properties":{"cadnum":"2323381100:01:031:0003"},"geometry":{"type":"Polygon","coordinates":[[[35.261779,47.379116],[35.265722,47.379417],[35.265727,47.379333],[35.26577,47.378737],[35.261822,47.378436],[35.261779,47.379116]]]}},{"type":"Feature","properties":{"cadnum":"2323381100:05:036:0013"},"geometry":{"type":"Polygon","coordinates":[[[35.326808,47.372835],[35.327422,47.372868],[35.327445,47.372508],[35.326836,47.372479],[35.326808,47.372835]]]}},{"type":"Feature","properties":{"cadnum":"2323381100:03:006:0055"},"geometry":{"type":"Polygon","coordinates":[[[35.32935,47.374975],[35.331008,47.375044],[35.331059,47.373597],[35.329399,47.373527],[35.32935,47.374975]]]}},{"type":"Feature","properties":{"cadnum":"2323381100:05:037:0002"},"geometry":{"type":"Polygon","coordinates":[[[35.326814,47.374037],[35.327288,47.374054],[35.327308,47.373785],[35.326833,47.373756],[35.326814,47.374037]]]}},{"type":"Feature","properties":{"cadnum":"2323381100:05:036:0007"},"geometry":{"type":"Polygon","coordinates":[[[35.327112,47.374835],[35.32729,47.374841],[35.327307,47.374612],[35.327131,47.374606],[35.327112,47.374835]]]}},{"type":"Feature","properties":{"cadnum":"2323381100:05:035:0028"},"geometry":{"type":"Polygon","coordinates":[[[35.327048,47.375584],[35.327121,47.375586],[35.32714,47.375359],[35.327066,47.375357],[35.327048,47.375584]]]}},{"type":"Feature","properties":{"cadnum":"2323381100:01:031:0023"},"geometry":{"type":"Polygon","coordinates":[[[35.266154,47.373409],[35.269752,47.373682],[35.269799,47.372935],[35.266207,47.372662],[35.266159,47.373333],[35.266154,47.373409]]]}},{"type":"Feature","properties":{"cadnum":"2323381100:01:031:0025"},"geometry":{"type":"Polygon","coordinates":[[[35.266127,47.373781],[35.269728,47.374055],[35.269752,47.373682],[35.266154,47.373409],[35.266127,47.373781]]]}},{"type":"Feature","properties":{"cadnum":"2323381100:03:012:7603"},"geometry":{"type":"Polygon","coordinates":[[[35.391596,47.373657],[35.391596,47.373676],[35.391623,47.373676],[35.391623,47.373657],[35.391596,47.373657]]]}},{"type":"Feature","properties":{"cadnum":"2323381100:03:012:7602"},"geometry":{"type":"Polygon","coordinates":[[[35.391504,47.374829],[35.391504,47.374847],[35.391531,47.374847],[35.391531,47.374829],[35.391504,47.374829]]]}},{"type":"Feature","properties":{"cadnum":"2323381100:03:012:7601"},"geometry":{"type":"Polygon","coordinates":[[[35.391413,47.375973],[35.391413,47.375991],[35.391439,47.375991],[35.391439,47.375973],[35.391413,47.375973]]]}},{"type":"Feature","properties":{"cadnum":"2323381100:01:034:0006"},"geometry":{"type":"Polygon","coordinates":[[[35.283102,47.356273],[35.285716,47.356485],[35.285734,47.35599],[35.28312,47.355778],[35.283102,47.356256],[35.283102,47.356273]]]}},{"type":"Feature","properties":{"cadnum":"2323381100:01:034:0008"},"geometry":{"type":"Polygon","coordinates":[[[35.283139,47.355283],[35.285751,47.355494],[35.28577,47.354998],[35.283156,47.354788],[35.283151,47.35494],[35.283139,47.355283]]]}},{"type":"Feature","properties":{"cadnum":"2323381100:01:034:0004"},"geometry":{"type":"Polygon","coordinates":[[[35.283066,47.357264],[35.28568,47.357475],[35.285697,47.35698],[35.283085,47.356768],[35.28308,47.356913],[35.283066,47.357264]]]}},{"type":"Feature","properties":{"cadnum":"2323381100:01:034:0005"},"geometry":{"type":"Polygon","coordinates":[[[35.283085,47.356768],[35.285697,47.35698],[35.285716,47.356485],[35.283102,47.356273],[35.283085,47.356768]]]}},{"type":"Feature","properties":{"cadnum":"2323381100:01:034:0007"},"geometry":{"type":"Polygon","coordinates":[[[35.283128,47.355779],[35.285742,47.35599],[35.285759,47.355494],[35.283147,47.355284],[35.283135,47.355599],[35.283128,47.355779]]]}},{"type":"Feature","properties":{"cadnum":"2323381100:01:034:0010"},"geometry":{"type":"Polygon","coordinates":[[[35.283173,47.354292],[35.285787,47.354503],[35.285805,47.354008],[35.283192,47.353796],[35.283175,47.354283],[35.283173,47.354292]]]}},{"type":"Feature","properties":{"cadnum":"2323381100:01:034:0009"},"geometry":{"type":"Polygon","coordinates":[[[35.283156,47.354788],[35.28577,47.354998],[35.285787,47.354503],[35.283173,47.354292],[35.283156,47.354788]]]}},{"type":"Feature","properties":{"cadnum":"2323381100:02:012:0002"},"geometry":{"type":"Polygon","coordinates":[[[35.304693,47.354466],[35.307473,47.354683],[35.307485,47.354212],[35.304744,47.354004],[35.304693,47.354466]]]}},{"type":"Feature","properties":{"cadnum":"2323381100:03:006:0040"},"geometry":{"type":"Polygon","coordinates":[[[35.349726,47.386754],[35.350178,47.386789],[35.350651,47.384102],[35.350197,47.384073],[35.349726,47.386754]]]}},{"type":"Feature","properties":{"cadnum":"2323381100:03:006:0039"},"geometry":{"type":"Polygon","coordinates":[[[35.348743,47.38668],[35.349726,47.386754],[35.350197,47.384073],[35.349212,47.38401],[35.348743,47.38668]]]}},{"type":"Feature","properties":{"cadnum":"2323381100:04:005:0004"},"geometry":{"type":"Polygon","coordinates":[[[35.300432,47.352428],[35.303871,47.352693],[35.303884,47.352313],[35.300444,47.352047],[35.300432,47.352428]]]}},{"type":"Feature","properties":{"cadnum":"2323381100:04:005:0005"},"geometry":{"type":"Polygon","coordinates":[[[35.300444,47.352047],[35.303884,47.352313],[35.303898,47.351933],[35.300455,47.351668],[35.300444,47.352047]]]}},{"type":"Feature","properties":{"cadnum":"2323381100:04:005:0007"},"geometry":{"type":"Polygon","coordinates":[[[35.300467,47.351287],[35.303911,47.351553],[35.303924,47.351173],[35.300478,47.350907],[35.300467,47.351287]]]}},{"type":"Feature","properties":{"cadnum":"2323381100:04:005:0006"},"geometry":{"type":"Polygon","coordinates":[[[35.300455,47.351668],[35.303898,47.351933],[35.303911,47.351553],[35.300467,47.351287],[35.300455,47.351668]]]}},{"type":"Feature","properties":{"cadnum":"2323381100:04:005:0009"},"geometry":{"type":"Polygon","coordinates":[[[35.30049,47.350527],[35.303938,47.350794],[35.303951,47.350415],[35.300501,47.350148],[35.30049,47.350527]]]}},{"type":"Feature","properties":{"cadnum":"2323381100:04:005:0008"},"geometry":{"type":"Polygon","coordinates":[[[35.300478,47.350907],[35.303924,47.351173],[35.303938,47.350794],[35.30049,47.350527],[35.300478,47.350907]]]}},{"type":"Feature","properties":{"cadnum":"2323381100:04:005:0003"},"geometry":{"type":"Polygon","coordinates":[[[35.30042,47.352809],[35.303857,47.353074],[35.303871,47.352693],[35.300432,47.352428],[35.30042,47.352809]]]}},{"type":"Feature","properties":{"cadnum":"2323381100:04:005:0002"},"geometry":{"type":"Polygon","coordinates":[[[35.300409,47.353189],[35.303844,47.353455],[35.303857,47.353074],[35.30042,47.352809],[35.300409,47.353189]]]}},{"type":"Feature","properties":{"cadnum":"2323381100:03:012:7610"},"geometry":{"type":"Polygon","coordinates":[[[35.392246,47.365876],[35.392246,47.365893],[35.392271,47.365893],[35.392271,47.365876],[35.392246,47.365876]]]}},{"type":"Feature","properties":{"cadnum":"2323381100:03:012:7608"},"geometry":{"type":"Polygon","coordinates":[[[35.39206,47.368003],[35.39206,47.368021],[35.392087,47.368021],[35.392087,47.368003],[35.39206,47.368003]]]}},{"type":"Feature","properties":{"cadnum":"2323381100:01:029:0044"},"geometry":{"type":"Polygon","coordinates":[[[35.26685,47.366418],[35.270768,47.366716],[35.27079,47.366051],[35.266871,47.365753],[35.26685,47.366418]]]}},{"type":"Feature","properties":{"cadnum":"2323381100:01:029:0046"},"geometry":{"type":"Polygon","coordinates":[[[35.266808,47.36775],[35.270727,47.368048],[35.270748,47.367382],[35.266829,47.367084],[35.266817,47.367445],[35.266808,47.36775]]]}},{"type":"Feature","properties":{"cadnum":"2323381100:01:029:0045"},"geometry":{"type":"Polygon","coordinates":[[[35.266829,47.367084],[35.270748,47.367382],[35.270768,47.366716],[35.26685,47.366418],[35.266829,47.367084]]]}},{"type":"Feature","properties":{"cadnum":"2323381100:01:029:0043"},"geometry":{"type":"Polygon","coordinates":[[[35.266871,47.365753],[35.27079,47.366051],[35.27081,47.365386],[35.266892,47.365088],[35.266876,47.365584],[35.266871,47.365753]]]}},{"type":"Feature","properties":{"cadnum":"2323381100:05:001:0009"},"geometry":{"type":"Polygon","coordinates":[[[35.284614,47.382456],[35.287291,47.382637],[35.287327,47.382377],[35.284647,47.382196],[35.284614,47.382456]]]}},{"type":"Feature","properties":{"cadnum":"2323381100:05:001:0004"},"geometry":{"type":"Polygon","coordinates":[[[35.28478,47.381202],[35.287155,47.381346],[35.287171,47.381218],[35.284803,47.381031],[35.28478,47.381202]]]}},{"type":"Feature","properties":{"cadnum":"2323381100:05:001:0011"},"geometry":{"type":"Polygon","coordinates":[[[35.284647,47.382196],[35.287327,47.382377],[35.287358,47.382157],[35.284677,47.381976],[35.284647,47.382196]]]}},{"type":"Feature","properties":{"cadnum":"2323381100:05:001:0005"},"geometry":{"type":"Polygon","coordinates":[[[35.284712,47.38172],[35.287085,47.381863],[35.287102,47.381747],[35.287119,47.381615],[35.284745,47.381471],[35.284712,47.38172]]]}},{"type":"Feature","properties":{"cadnum":"2323381100:05:001:0007"},"geometry":{"type":"Polygon","coordinates":[[[35.285708,47.381038],[35.286208,47.381089],[35.286338,47.380356],[35.285849,47.380306],[35.285708,47.381038]]]}},{"type":"Feature","properties":{"cadnum":"2323381100:03:014:0001"},"geometry":{"type":"Polygon","coordinates":[[[35.366769,47.382959],[35.369225,47.383036],[35.369251,47.38236],[35.366815,47.38227],[35.366769,47.382959]]]}},{"type":"Feature","properties":{"cadnum":"2323381100:03:014:0009"},"geometry":{"type":"Polygon","coordinates":[[[35.366815,47.38227],[35.369251,47.38236],[35.369282,47.381618],[35.366865,47.381538],[35.366815,47.38227]]]}},{"type":"Feature","properties":{"cadnum":"2323381100:03:014:0008"},"geometry":{"type":"Polygon","coordinates":[[[35.366865,47.381538],[35.369282,47.381618],[35.369306,47.38082],[35.366919,47.380749],[35.366865,47.381538]]]}},{"type":"Feature","properties":{"cadnum":"2323381100:03:014:0031"},"geometry":{"type":"Polygon","coordinates":[[[35.366736,47.383449],[35.369207,47.383514],[35.369225,47.383037],[35.366769,47.382959],[35.366736,47.383449]]]}},{"type":"Feature","properties":{"cadnum":"2323381100:03:016:0008"},"geometry":{"type":"Polygon","coordinates":[[[35.365032,47.38345],[35.3666,47.3835],[35.366664,47.38256],[35.365095,47.38251],[35.365032,47.38345]]]}},{"type":"Feature","properties":{"cadnum":"2323381100:03:016:0007"},"geometry":{"type":"Polygon","coordinates":[[[35.365095,47.38251],[35.366664,47.38256],[35.366715,47.381802],[35.366731,47.381575],[35.365162,47.381525],[35.365147,47.381753],[35.365095,47.38251]]]}},{"type":"Feature","properties":{"cadnum":"2323381100:03:016:0005"},"geometry":{"type":"Polygon","coordinates":[[[35.365162,47.381525],[35.366731,47.381575],[35.366807,47.380438],[35.365238,47.380388],[35.365162,47.381525]]]}},{"type":"Feature","properties":{"cadnum":"2323381100:05:023:0007"},"geometry":{"type":"Polygon","coordinates":[[[35.308709,47.380831],[35.309179,47.380936],[35.309411,47.380988],[35.309643,47.380485],[35.309035,47.380312],[35.308709,47.380831]]]}},{"type":"Feature","properties":{"cadnum":"2323381100:05:023:0011"},"geometry":{"type":"Polygon","coordinates":[[[35.307355,47.382077],[35.307629,47.382145],[35.308772,47.380232],[35.308464,47.38015],[35.307355,47.382077]]]}},{"type":"Feature","properties":{"cadnum":"2323381100:05:023:0010"},"geometry":{"type":"Polygon","coordinates":[[[35.306785,47.381955],[35.30691,47.381986],[35.307831,47.3803],[35.307442,47.38021],[35.307,47.381057],[35.306785,47.381955]]]}},{"type":"Feature","properties":{"cadnum":"2323381100:05:023:0014"},"geometry":{"type":"Polygon","coordinates":[[[35.306218,47.381891],[35.306678,47.381967],[35.306843,47.381329],[35.306589,47.381287],[35.306568,47.38139],[35.306301,47.381354],[35.306218,47.381891]]]}},{"type":"Feature","properties":{"cadnum":"2323381100:05:022:0015"},"geometry":{"type":"Polygon","coordinates":[[[35.306266,47.382505],[35.306439,47.382518],[35.306274,47.382996],[35.30655,47.383029],[35.306835,47.38221],[35.306387,47.382156],[35.306266,47.382505]]]}},{"type":"Feature","properties":{"cadnum":"2323381100:05:023:0018"},"geometry":{"type":"Polygon","coordinates":[[[35.306915,47.381989],[35.307347,47.382076],[35.307694,47.381476],[35.307253,47.381374],[35.306915,47.381989]]]}},{"type":"Feature","properties":{"cadnum":"2323381100:05:023:0019"},"geometry":{"type":"Polygon","coordinates":[[[35.307253,47.381374],[35.307694,47.381476],[35.308166,47.380662],[35.307702,47.380557],[35.307253,47.381374]]]}},{"type":"Feature","properties":{"cadnum":"2323381100:05:022:0013"},"geometry":{"type":"Polygon","coordinates":[[[35.308028,47.383272],[35.308376,47.383326],[35.308654,47.382515],[35.308307,47.382461],[35.308028,47.383272]]]}},{"type":"Feature","properties":{"cadnum":"2323381100:05:022:0005"},"geometry":{"type":"Polygon","coordinates":[[[35.305264,47.382841],[35.305632,47.382892],[35.305911,47.382071],[35.305585,47.382026],[35.305264,47.382841]]]}},{"type":"Feature","properties":{"cadnum":"2323381100:05:022:0016"},"geometry":{"type":"Polygon","coordinates":[[[35.307445,47.383081],[35.307839,47.383142],[35.308058,47.382388],[35.307697,47.382331],[35.307445,47.383081]]]}},{"type":"Feature","properties":{"cadnum":"2323381100:05:023:0015"},"geometry":{"type":"Polygon","coordinates":[[[35.306589,47.381287],[35.306843,47.381329],[35.307202,47.379946],[35.307202,47.379945],[35.306871,47.379913],[35.306589,47.381287]]]}},{"type":"Feature","properties":{"cadnum":"2323381100:05:023:0006"},"geometry":{"type":"Polygon","coordinates":[[[35.304745,47.38149],[35.305137,47.381521],[35.305239,47.380963],[35.304819,47.380933],[35.304745,47.38149]]]}},{"type":"Feature","properties":{"cadnum":"2323381100:05:022:0010"},"geometry":{"type":"Polygon","coordinates":[[[35.306541,47.383349],[35.307013,47.383413],[35.307379,47.38232],[35.306931,47.382257],[35.306541,47.383349]]]}},{"type":"Feature","properties":{"cadnum":"2323381100:05:022:0012"},"geometry":{"type":"Polygon","coordinates":[[[35.308016,47.383304],[35.308365,47.383359],[35.308376,47.383326],[35.308028,47.383272],[35.308016,47.383304]]]}},{"type":"Feature","properties":{"cadnum":"2323381100:04:017:0002"},"geometry":{"type":"Polygon","coordinates":[[[35.305653,47.348944],[35.30769,47.349112],[35.307706,47.348597],[35.305668,47.348457],[35.305653,47.348944]]]}},{"type":"Feature","properties":{"cadnum":"2323381100:04:016:0006"},"geometry":{"type":"Polygon","coordinates":[[[35.30773,47.349115],[35.308373,47.349168],[35.308388,47.348735],[35.307743,47.348692],[35.30773,47.349115]]]}},{"type":"Feature","properties":{"cadnum":"2323381100:05:012:0001"},"geometry":{"type":"Polygon","coordinates":[[[35.304214,47.377045],[35.304437,47.377049],[35.304443,47.376896],[35.304221,47.376891],[35.304214,47.377045]]]}},{"type":"Feature","properties":{"cadnum":"2323381100:05:012:0013"},"geometry":{"type":"Polygon","coordinates":[[[35.301957,47.377166],[35.303632,47.377268],[35.303616,47.377358],[35.303708,47.377365],[35.303723,47.377277],[35.303723,47.377276],[35.304423,47.377318],[35.304437,47.377049],[35.304241,47.377046],[35.304246,47.376921],[35.304246,47.37692],[35.304442,47.376924],[35.304476,47.376312],[35.302326,47.376143],[35.302055,47.376698],[35.301957,47.377166]]]}},{"type":"Feature","properties":{"cadnum":"2323381100:05:011:0012"},"geometry":{"type":"Polygon","coordinates":[[[35.299416,47.379349],[35.299751,47.379389],[35.300012,47.378545],[35.299668,47.378504],[35.299416,47.379349]]]}},{"type":"Feature","properties":{"cadnum":"2323381100:05:011:0013"},"geometry":{"type":"Polygon","coordinates":[[[35.299668,47.378504],[35.300012,47.378545],[35.300267,47.377724],[35.29991,47.377682],[35.299766,47.378177],[35.299668,47.378504]]]}},{"type":"Feature","properties":{"cadnum":"2323381100:05:011:0010"},"geometry":{"type":"Polygon","coordinates":[[[35.303278,47.378813],[35.303721,47.378868],[35.303801,47.378494],[35.303718,47.378488],[35.303727,47.378457],[35.303835,47.378104],[35.303494,47.378068],[35.303383,47.37844],[35.303278,47.378813]]]}},{"type":"Feature","properties":{"cadnum":"2323381100:05:011:0003"},"geometry":{"type":"Polygon","coordinates":[[[35.302003,47.378912],[35.302393,47.378914],[35.302396,47.378144],[35.302012,47.378143],[35.302003,47.378912]]]}},{"type":"Feature","properties":{"cadnum":"2323381100:05:011:0001"},"geometry":{"type":"Polygon","coordinates":[[[35.302421,47.379003],[35.302817,47.379004],[35.302807,47.37824],[35.302424,47.378238],[35.302421,47.379003]]]}},{"type":"Feature","properties":{"cadnum":"2323381100:05:011:0011"},"geometry":{"type":"Polygon","coordinates":[[[35.303039,47.379669],[35.303539,47.379728],[35.303721,47.378868],[35.303278,47.378813],[35.303043,47.379646],[35.303039,47.379669]]]}},{"type":"Feature","properties":{"cadnum":"2323381100:05:012:0011"},"geometry":{"type":"Polygon","coordinates":[[[35.302691,47.377793],[35.30305,47.377835],[35.303173,47.377387],[35.302811,47.377345],[35.302691,47.377793]]]}},{"type":"Feature","properties":{"cadnum":"2323381100:05:012:0009"},"geometry":{"type":"Polygon","coordinates":[[[35.300081,47.377484],[35.300586,47.377545],[35.300746,47.376956],[35.300271,47.3769],[35.300081,47.377484]]]}},{"type":"Feature","properties":{"cadnum":"2323381100:05:012:0006"},"geometry":{"type":"Polygon","coordinates":[[[35.300586,47.377545],[35.300855,47.377575],[35.301207,47.376299],[35.300932,47.376268],[35.300586,47.377545]]]}},{"type":"Feature","properties":{"cadnum":"2323381100:04:013:0018"},"geometry":{"type":"Polygon","coordinates":[[[35.300451,47.344861],[35.304166,47.345109],[35.304187,47.344396],[35.300472,47.344148],[35.300451,47.344861]]]}},{"type":"Feature","properties":{"cadnum":"2323381100:04:013:0016"},"geometry":{"type":"Polygon","coordinates":[[[35.300494,47.343435],[35.304209,47.343683],[35.30423,47.342973],[35.300514,47.342724],[35.300499,47.343243],[35.300494,47.343435]]]}},{"type":"Feature","properties":{"cadnum":"2323381100:04:013:0017"},"geometry":{"type":"Polygon","coordinates":[[[35.300472,47.344148],[35.304187,47.344396],[35.304209,47.343683],[35.300492,47.343435],[35.300475,47.344052],[35.300472,47.344148]]]}},{"type":"Feature","properties":{"cadnum":"2323381100:05:039:0014"},"geometry":{"type":"Polygon","coordinates":[[[35.28564,47.375711],[35.286076,47.375754],[35.286128,47.375154],[35.285696,47.375112],[35.28564,47.375711]]]}},{"type":"Feature","properties":{"cadnum":"2323381100:05:013:0005"},"geometry":{"type":"Polygon","coordinates":[[[35.285924,47.373786],[35.286371,47.373809],[35.286471,47.372896],[35.286029,47.372844],[35.285924,47.373786]]]}},{"type":"Feature","properties":{"cadnum":"2323381100:05:039:0001"},"geometry":{"type":"Polygon","coordinates":[[[35.287005,47.375061],[35.287438,47.375081],[35.287539,47.374142],[35.287091,47.374121],[35.287005,47.375061]]]}},{"type":"Feature","properties":{"cadnum":"2323381100:05:039:0022"},"geometry":{"type":"Polygon","coordinates":[[[35.286102,47.375655],[35.286522,47.375696],[35.286593,47.375003],[35.286163,47.374961],[35.286155,47.375057],[35.286102,47.375655]]]}},{"type":"Feature","properties":{"cadnum":"2323381100:05:039:0002"},"geometry":{"type":"Polygon","coordinates":[[[35.286942,47.375754],[35.287364,47.375773],[35.287438,47.375081],[35.287005,47.375061],[35.286942,47.375754]]]}},{"type":"Feature","properties":{"cadnum":"2323381100:05:039:0013"},"geometry":{"type":"Polygon","coordinates":[[[35.287438,47.375081],[35.287862,47.375097],[35.287956,47.374102],[35.287547,47.374083],[35.287539,47.374142],[35.287438,47.375081]]]}},{"type":"Feature","properties":{"cadnum":"2323381100:05:039:0021"},"geometry":{"type":"Polygon","coordinates":[[[35.286163,47.374961],[35.286593,47.375003],[35.28669,47.374072],[35.286243,47.374031],[35.286163,47.374961]]]}},{"type":"Feature","properties":{"cadnum":"2323381100:05:039:0005"},"geometry":{"type":"Polygon","coordinates":[[[35.287364,47.375773],[35.287794,47.375795],[35.287862,47.375097],[35.287438,47.375081],[35.287364,47.375773]]]}},{"type":"Feature","properties":{"cadnum":"2323381100:05:022:0001"},"geometry":{"type":"Polygon","coordinates":[[[35.285798,47.374823],[35.286062,47.374837],[35.286121,47.374115],[35.285856,47.374105],[35.285798,47.374823]]]}},{"type":"Feature","properties":{"cadnum":"2323381100:05:039:0004"},"geometry":{"type":"Polygon","coordinates":[[[35.285225,47.374932],[35.285715,47.375011],[35.285814,47.374412],[35.285326,47.374342],[35.285225,47.374932]]]}},{"type":"Feature","properties":{"cadnum":"2323381100:05:039:0003"},"geometry":{"type":"Polygon","coordinates":[[[35.285173,47.375664],[35.28564,47.375711],[35.285696,47.375112],[35.285699,47.375086],[35.285219,47.37504],[35.285173,47.375664]]]}},{"type":"Feature","properties":{"cadnum":"2323381100:05:029:0019"},"geometry":{"type":"Polygon","coordinates":[[[35.307431,47.372983],[35.307692,47.373015],[35.307757,47.372659],[35.307501,47.372627],[35.307431,47.372983]]]}},{"type":"Feature","properties":{"cadnum":"2323381100:05:029:0022"},"geometry":{"type":"Polygon","coordinates":[[[35.307952,47.373048],[35.308225,47.373082],[35.30829,47.372726],[35.308017,47.372691],[35.307952,47.373048]]]}},{"type":"Feature","properties":{"cadnum":"2323381100:05:029:0013"},"geometry":{"type":"Polygon","coordinates":[[[35.309306,47.373219],[35.30958,47.373253],[35.309631,47.372959],[35.309359,47.372924],[35.309306,47.373219]]]}},{"type":"Feature","properties":{"cadnum":"2323381100:05:029:0014"},"geometry":{"type":"Polygon","coordinates":[[[35.307692,47.373015],[35.307952,47.373048],[35.308017,47.372691],[35.307757,47.372659],[35.307692,47.373015]]]}},{"type":"Feature","properties":{"cadnum":"2323381100:05:029:0018"},"geometry":{"type":"Polygon","coordinates":[[[35.307171,47.372949],[35.307431,47.372983],[35.307501,47.372627],[35.307236,47.372594],[35.307171,47.372949]]]}},{"type":"Feature","properties":{"cadnum":"2323381100:05:029:0028"},"geometry":{"type":"Polygon","coordinates":[[[35.306912,47.372919],[35.307171,47.372949],[35.307236,47.372594],[35.30697,47.372562],[35.306912,47.372919]]]}},{"type":"Feature","properties":{"cadnum":"2323381100:05:029:0017"},"geometry":{"type":"Polygon","coordinates":[[[35.309046,47.373186],[35.309306,47.373219],[35.309359,47.372924],[35.309098,47.372889],[35.309046,47.373186]]]}},{"type":"Feature","properties":{"cadnum":"2323381100:05:029:0016"},"geometry":{"type":"Polygon","coordinates":[[[35.308225,47.373082],[35.308531,47.373122],[35.308586,47.372821],[35.308506,47.37281],[35.308515,47.372754],[35.30829,47.372726],[35.308225,47.373082]]]}},{"type":"Feature","properties":{"cadnum":"2323381100:05:029:0020"},"geometry":{"type":"Polygon","coordinates":[[[35.308786,47.373153],[35.309046,47.373186],[35.309098,47.372889],[35.308838,47.372855],[35.308786,47.373153]]]}},{"type":"Feature","properties":{"cadnum":"2323381100:05:025:0024"},"geometry":{"type":"Polygon","coordinates":[[[35.308868,47.374883],[35.309191,47.374932],[35.309306,47.374398],[35.309662,47.374433],[35.309698,47.374266],[35.309019,47.37418],[35.308868,47.374883]]]}},{"type":"Feature","properties":{"cadnum":"2323381100:05:025:0026"},"geometry":{"type":"Polygon","coordinates":[[[35.309019,47.37418],[35.309698,47.374266],[35.309737,47.374078],[35.309061,47.373992],[35.309019,47.37418]]]}},{"type":"Feature","properties":{"cadnum":"2323381100:05:027:0001"},"geometry":{"type":"Polygon","coordinates":[[[35.307223,47.375663],[35.307224,47.375663],[35.307701,47.375702],[35.307828,47.375124],[35.307328,47.375051],[35.307223,47.375663]]]}},{"type":"Feature","properties":{"cadnum":"2323381100:05:025:0027"},"geometry":{"type":"Polygon","coordinates":[[[35.308141,47.374863],[35.30883,47.374944],[35.308951,47.374475],[35.308435,47.374414],[35.308262,47.374394],[35.308141,47.374863]]]}},{"type":"Feature","properties":{"cadnum":"2323381100:05:025:0021"},"geometry":{"type":"Polygon","coordinates":[[[35.3085,47.374416],[35.309014,47.374481],[35.30911,47.374105],[35.308598,47.374041],[35.3085,47.374416]]]}},{"type":"Feature","properties":{"cadnum":"2323381100:05:027:0015"},"geometry":{"type":"Polygon","coordinates":[[[35.308684,47.375813],[35.309128,47.375876],[35.30922,47.375408],[35.309324,47.375427],[35.309349,47.375357],[35.309247,47.375338],[35.309247,47.375337],[35.309262,47.375203],[35.308873,47.375147],[35.308684,47.375813]]]}},{"type":"Feature","properties":{"cadnum":"2323381100:05:027:0009"},"geometry":{"type":"Polygon","coordinates":[[[35.306262,47.375347],[35.306861,47.375433],[35.306911,47.37494],[35.30632,47.374854],[35.306262,47.375347]]]}},{"type":"Feature","properties":{"cadnum":"2323381100:05:027:0011"},"geometry":{"type":"Polygon","coordinates":[[[35.306809,47.375956],[35.307159,47.376003],[35.307256,47.375358],[35.306873,47.375309],[35.306861,47.375433],[35.306809,47.375956]]]}},{"type":"Feature","properties":{"cadnum":"2323381100:05:027:0010"},"geometry":{"type":"Polygon","coordinates":[[[35.306203,47.375913],[35.306809,47.375956],[35.306861,47.375433],[35.306262,47.375347],[35.30623,47.375612],[35.306203,47.375913]]]}},{"type":"Feature","properties":{"cadnum":"2323381100:05:025:0020"},"geometry":{"type":"Polygon","coordinates":[[[35.308598,47.374041],[35.30911,47.374105],[35.309118,47.374077],[35.309298,47.3734],[35.309051,47.373369],[35.308968,47.373651],[35.308707,47.373618],[35.308598,47.374041]]]}},{"type":"Feature","properties":{"cadnum":"2323381100:05:027:0005"},"geometry":{"type":"Polygon","coordinates":[[[35.304914,47.374955],[35.30521,47.374964],[35.305211,47.374964],[35.305241,47.374792],[35.304933,47.374784],[35.304914,47.374955]]]}},{"type":"Feature","properties":{"cadnum":"2323381100:05:027:0008"},"geometry":{"type":"Polygon","coordinates":[[[35.305333,47.37488],[35.305452,47.374883],[35.305473,47.374705],[35.305355,47.374696],[35.305335,47.374855],[35.305333,47.37488]]]}},{"type":"Feature","properties":{"cadnum":"2323381100:05:027:0017"},"geometry":{"type":"Polygon","coordinates":[[[35.304933,47.374784],[35.305298,47.374793],[35.305315,47.374635],[35.304938,47.374619],[35.304933,47.374784]]]}},{"type":"Feature","properties":{"cadnum":"2323381100:05:027:0016"},"geometry":{"type":"Polygon","coordinates":[[[35.304882,47.375305],[35.305261,47.375326],[35.305279,47.375171],[35.305178,47.375164],[35.305196,47.375127],[35.304905,47.37511],[35.304882,47.375305]]]}},{"type":"Feature","properties":{"cadnum":"2323381100:05:021:0011"},"geometry":{"type":"Polygon","coordinates":[[[35.300255,47.36989],[35.300664,47.369941],[35.300765,47.369037],[35.300356,47.368986],[35.300255,47.36989]]]}},{"type":"Feature","properties":{"cadnum":"2323381100:05:021:0007"},"geometry":{"type":"Polygon","coordinates":[[[35.302638,47.37067],[35.303238,47.370748],[35.303277,47.370389],[35.303287,47.370251],[35.30268,47.370195],[35.302665,47.370327],[35.302638,47.37067]]]}},{"type":"Feature","properties":{"cadnum":"2323381100:05:021:0009"},"geometry":{"type":"Polygon","coordinates":[[[35.301773,47.370572],[35.302143,47.370617],[35.302209,47.370019],[35.302295,47.369219],[35.301926,47.369173],[35.301773,47.370572]]]}},{"type":"Feature","properties":{"cadnum":"2323381100:05:018:0014"},"geometry":{"type":"Polygon","coordinates":[[[35.300502,47.371294],[35.300948,47.37135],[35.301002,47.370686],[35.300562,47.37063],[35.300502,47.371294]]]}},{"type":"Feature","properties":{"cadnum":"2323381100:05:018:0022"},"geometry":{"type":"Polygon","coordinates":[[[35.300943,47.372242],[35.301337,47.372286],[35.301403,47.371459],[35.301404,47.371443],[35.30099,47.37139],[35.300943,47.372242]]]}},{"type":"Feature","properties":{"cadnum":"2323381100:05:018:0019"},"geometry":{"type":"Polygon","coordinates":[[[35.303604,47.371497],[35.304213,47.371583],[35.304316,47.371138],[35.303707,47.371053],[35.303604,47.371497]]]}},{"type":"Feature","properties":{"cadnum":"2323381100:05:018:0010"},"geometry":{"type":"Polygon","coordinates":[[[35.301367,47.372297],[35.301752,47.372348],[35.30182,47.371508],[35.301418,47.371457],[35.301367,47.372297]]]}},{"type":"Feature","properties":{"cadnum":"2323381100:05:018:0023"},"geometry":{"type":"Polygon","coordinates":[[[35.30099,47.37139],[35.301404,47.371443],[35.301458,47.370744],[35.301029,47.370688],[35.30099,47.37139]]]}},{"type":"Feature","properties":{"cadnum":"2323381100:05:018:0018"},"geometry":{"type":"Polygon","coordinates":[[[35.30042,47.372207],[35.300876,47.372265],[35.300948,47.37135],[35.300502,47.371294],[35.30042,47.372207]]]}},{"type":"Feature","properties":{"cadnum":"2323381100:05:029:0009"},"geometry":{"type":"Polygon","coordinates":[[[35.299263,47.371997],[35.299673,47.372053],[35.299737,47.371231],[35.29932,47.371172],[35.299263,47.371997]]]}},{"type":"Feature","properties":{"cadnum":"2323381100:05:018:0025"},"geometry":{"type":"Polygon","coordinates":[[[35.301805,47.371505],[35.302227,47.371561],[35.302228,47.371545],[35.302295,47.370857],[35.301881,47.370802],[35.301805,47.371505]]]}},{"type":"Feature","properties":{"cadnum":"2323381100:05:029:0008"},"geometry":{"type":"Polygon","coordinates":[[[35.29932,47.371172],[35.299737,47.371231],[35.299778,47.370714],[35.299835,47.370546],[35.299369,47.370481],[35.29932,47.371172]]]}},{"type":"Feature","properties":{"cadnum":"2323381100:05:021:0008"},"geometry":{"type":"Polygon","coordinates":[[[35.30268,47.370195],[35.303287,47.370251],[35.303344,47.369564],[35.302759,47.369498],[35.30268,47.370195]]]}},{"type":"Feature","properties":{"cadnum":"2323381100:05:021:0005"},"geometry":{"type":"Polygon","coordinates":[[[35.302143,47.370617],[35.302638,47.37067],[35.302665,47.370327],[35.30268,47.370195],[35.302695,47.370061],[35.302209,47.370019],[35.302143,47.370617]]]}},{"type":"Feature","properties":{"cadnum":"2323381100:05:021:0006"},"geometry":{"type":"Polygon","coordinates":[[[35.302209,47.370019],[35.302695,47.370061],[35.302759,47.369498],[35.302797,47.369218],[35.3023,47.369175],[35.302296,47.369219],[35.302209,47.370019]]]}},{"type":"Feature","properties":{"cadnum":"2323381100:05:021:0003"},"geometry":{"type":"Polygon","coordinates":[[[35.303243,47.370748],[35.303611,47.370786],[35.303696,47.369997],[35.303317,47.36996],[35.303243,47.370748]]]}},{"type":"Feature","properties":{"cadnum":"2323381100:05:018:0021"},"geometry":{"type":"Polygon","coordinates":[[[35.302228,47.371545],[35.302657,47.371601],[35.302721,47.370914],[35.302295,47.370857],[35.302228,47.371545]]]}},{"type":"Feature","properties":{"cadnum":"2323381100:05:018:0011"},"geometry":{"type":"Polygon","coordinates":[[[35.302756,47.371688],[35.303141,47.371728],[35.303159,47.371531],[35.303204,47.371027],[35.302818,47.370977],[35.302756,47.371688]]]}},{"type":"Feature","properties":{"cadnum":"2323381100:05:018:0004"},"geometry":{"type":"Polygon","coordinates":[[[35.303538,47.372032],[35.303971,47.372075],[35.304032,47.371788],[35.303597,47.371746],[35.303538,47.372032]]]}},{"type":"Feature","properties":{"cadnum":"2323381100:05:018:0007"},"geometry":{"type":"Polygon","coordinates":[[[35.301418,47.371457],[35.30182,47.371508],[35.301882,47.370795],[35.301457,47.370741],[35.301418,47.371457]]]}},{"type":"Feature","properties":{"cadnum":"2323381100:05:021:0004"},"geometry":{"type":"Polygon","coordinates":[[[35.303317,47.36996],[35.303696,47.369997],[35.303781,47.36932],[35.303388,47.369292],[35.303317,47.36996]]]}}]}