{"type":"FeatureCollection","features":[{"type":"Feature","properties":{"cadnum":"2324882800:02:020:0001"},"geometry":{"type":"Polygon","coordinates":[[[36.352726,46.939469],[36.353674,46.939848],[36.353674,46.939849],[36.353797,46.939898],[36.353846,46.939917],[36.357489,46.941374],[36.358749,46.940426],[36.35547,46.939115],[36.353977,46.938518],[36.353699,46.938729],[36.35319,46.939115],[36.353191,46.939115],[36.352726,46.939469]]]}},{"type":"Feature","properties":{"cadnum":"2324882800:02:019:0001"},"geometry":{"type":"Polygon","coordinates":[[[36.348204,46.937665],[36.348352,46.937724],[36.351538,46.938998],[36.352393,46.939339],[36.352825,46.939011],[36.353674,46.938366],[36.353816,46.938258],[36.349608,46.936575],[36.348204,46.937665]]]}},{"type":"Feature","properties":{"cadnum":"2324882800:02:019:0002"},"geometry":{"type":"Polygon","coordinates":[[[36.349608,46.936575],[36.353674,46.938201],[36.353816,46.938258],[36.353846,46.938236],[36.355262,46.937159],[36.353674,46.936525],[36.351033,46.935469],[36.349608,46.936575]]]}},{"type":"Feature","properties":{"cadnum":"2324882800:02:018:0002"},"geometry":{"type":"Polygon","coordinates":[[[36.345678,46.934372],[36.34786,46.935247],[36.348352,46.935445],[36.348352,46.935444],[36.348353,46.935444],[36.349896,46.936063],[36.350947,46.935247],[36.351865,46.934536],[36.348352,46.933127],[36.347699,46.932865],[36.345678,46.934372]]]}},{"type":"Feature","properties":{"cadnum":"2324882800:02:013:0014"},"geometry":{"type":"Polygon","coordinates":[[[36.344898,46.938166],[36.347849,46.938998],[36.34785,46.938998],[36.348352,46.93914],[36.348353,46.93914],[36.351676,46.940077],[36.351751,46.939307],[36.351265,46.939115],[36.348352,46.937961],[36.348352,46.93796],[36.345072,46.936659],[36.344898,46.938166]]]}},{"type":"Feature","properties":{"cadnum":"2324882800:02:018:0001"},"geometry":{"type":"Polygon","coordinates":[[[36.343687,46.935855],[36.347957,46.937568],[36.348181,46.937394],[36.348181,46.937395],[36.349896,46.936063],[36.348181,46.935375],[36.348181,46.935376],[36.348152,46.935365],[36.348152,46.935364],[36.348153,46.935364],[36.345678,46.934372],[36.344503,46.935247],[36.344502,46.935247],[36.343687,46.935855]]]}},{"type":"Feature","properties":{"cadnum":"2324882800:02:019:0003"},"geometry":{"type":"Polygon","coordinates":[[[36.351033,46.935469],[36.353846,46.936593],[36.355262,46.937159],[36.356718,46.936052],[36.354998,46.935365],[36.354998,46.935364],[36.353674,46.934835],[36.35247,46.934353],[36.351318,46.935247],[36.351033,46.935469]]]}},{"type":"Feature","properties":{"cadnum":"2324882800:02:022:0004"},"geometry":{"type":"Polygon","coordinates":[[[36.366327,46.940649],[36.370153,46.942163],[36.371633,46.942748],[36.37279,46.943206],[36.373235,46.942866],[36.374096,46.942207],[36.370153,46.940647],[36.370153,46.940648],[36.36762,46.939644],[36.367159,46.940001],[36.366795,46.940376],[36.366327,46.940649]]]}},{"type":"Feature","properties":{"cadnum":"2324882800:02:023:0003"},"geometry":{"type":"Polygon","coordinates":[[[36.370899,46.944788],[36.375517,46.946616],[36.375518,46.946616],[36.375647,46.946667],[36.379942,46.948366],[36.379977,46.948136],[36.379886,46.947907],[36.38006,46.947303],[36.37891,46.947392],[36.378909,46.947392],[36.378907,46.947062],[36.379498,46.947048],[36.378362,46.946599],[36.375818,46.945592],[36.371883,46.944035],[36.370899,46.944788]]]}},{"type":"Feature","properties":{"cadnum":"2324882800:02:023:0005"},"geometry":{"type":"Polygon","coordinates":[[[36.373144,46.943071],[36.375647,46.944061],[36.380581,46.946013],[36.380857,46.945334],[36.375647,46.943273],[36.375647,46.943274],[36.375646,46.943274],[36.37432,46.942748],[36.374319,46.942748],[36.373823,46.942552],[36.373411,46.942866],[36.373412,46.942866],[36.373144,46.943071]]]}},{"type":"Feature","properties":{"cadnum":"2324882800:02:023:0009"},"geometry":{"type":"Polygon","coordinates":[[[36.373823,46.942552],[36.374615,46.942866],[36.374616,46.942866],[36.375818,46.943342],[36.375818,46.943341],[36.380857,46.945334],[36.381149,46.944613],[36.376437,46.942748],[36.376436,46.942748],[36.376435,46.942748],[36.375818,46.942504],[36.374544,46.941999],[36.373823,46.942552]]]}},{"type":"Feature","properties":{"cadnum":"2324882800:02:023:0004"},"geometry":{"type":"Polygon","coordinates":[[[36.371883,46.944035],[36.375647,46.945524],[36.378109,46.946499],[36.378362,46.946599],[36.378405,46.946616],[36.379498,46.947048],[36.380165,46.947033],[36.380382,46.946499],[36.380382,46.946498],[36.380581,46.946013],[36.375818,46.944129],[36.373144,46.943071],[36.371883,46.944035]]]}},{"type":"Feature","properties":{"cadnum":"2324882800:02:022:0001"},"geometry":{"type":"Polygon","coordinates":[[[36.362628,46.943427],[36.36466,46.944231],[36.36466,46.944232],[36.369134,46.946002],[36.370325,46.945092],[36.37051,46.94495],[36.370153,46.944809],[36.370153,46.94481],[36.365241,46.942866],[36.364832,46.942704],[36.364011,46.942378],[36.363367,46.942866],[36.363368,46.942866],[36.362628,46.943427]]]}},{"type":"Feature","properties":{"cadnum":"2324882800:02:022:0003"},"geometry":{"type":"Polygon","coordinates":[[[36.365191,46.941482],[36.368391,46.942748],[36.370153,46.943446],[36.371685,46.944051],[36.37279,46.943206],[36.371929,46.942866],[36.370325,46.942231],[36.366327,46.940649],[36.366168,46.940741],[36.365191,46.941482]]]}},{"type":"Feature","properties":{"cadnum":"2324882800:02:022:0002"},"geometry":{"type":"Polygon","coordinates":[[[36.364011,46.942378],[36.36466,46.942636],[36.364945,46.942748],[36.370325,46.944878],[36.370325,46.944877],[36.37051,46.94495],[36.371685,46.944051],[36.370325,46.943514],[36.368688,46.942866],[36.365191,46.941482],[36.36466,46.941886],[36.364011,46.942378]]]}},{"type":"Feature","properties":{"cadnum":"2324882800:02:023:0001"},"geometry":{"type":"Polygon","coordinates":[[[36.369251,46.946048],[36.370153,46.946406],[36.370631,46.946594],[36.375647,46.948578],[36.375647,46.948579],[36.379674,46.950172],[36.379808,46.949272],[36.375818,46.947694],[36.375818,46.947693],[36.373095,46.946616],[36.373094,46.946616],[36.370325,46.94552],[36.370073,46.94542],[36.369251,46.946048]]]}},{"type":"Feature","properties":{"cadnum":"2324882800:01:004:0003"},"geometry":{"type":"Polygon","coordinates":[[[36.349632,46.906688],[36.353643,46.909102],[36.353644,46.909102],[36.353674,46.90912],[36.353808,46.909201],[36.353846,46.909158],[36.353846,46.909157],[36.353993,46.908985],[36.355184,46.907596],[36.353674,46.906688],[36.351258,46.905234],[36.35106,46.905115],[36.350954,46.905232],[36.350953,46.905232],[36.349632,46.906688]]]}},{"type":"Feature","properties":{"cadnum":"2324882800:01:003:0004"},"geometry":{"type":"Polygon","coordinates":[[[36.345281,46.902983],[36.348181,46.904737],[36.349193,46.905349],[36.349194,46.905349],[36.350084,46.905887],[36.350666,46.905232],[36.351179,46.904655],[36.348352,46.902946],[36.346397,46.901763],[36.345281,46.902983]]]}},{"type":"Feature","properties":{"cadnum":"2324882800:01:003:0007"},"geometry":{"type":"Polygon","coordinates":[[[36.348449,46.899518],[36.351692,46.901479],[36.353196,46.902388],[36.353197,46.902388],[36.353674,46.901851],[36.353674,46.901852],[36.354005,46.901479],[36.354307,46.90114],[36.353846,46.900861],[36.34958,46.898282],[36.348449,46.899518]]]}},{"type":"Feature","properties":{"cadnum":"2324882800:01:003:0003"},"geometry":{"type":"Polygon","coordinates":[[[36.344285,46.904074],[36.346393,46.905349],[36.346394,46.905349],[36.348181,46.90643],[36.349105,46.906988],[36.350084,46.905887],[36.349,46.905232],[36.348999,46.905232],[36.348352,46.904841],[36.345281,46.902983],[36.344285,46.904074]]]}},{"type":"Feature","properties":{"cadnum":"2324882800:01:004:0010"},"geometry":{"type":"Polygon","coordinates":[[[36.352445,46.903589],[36.353674,46.904329],[36.355174,46.905232],[36.355173,46.905232],[36.356517,46.90604],[36.357187,46.905258],[36.357747,46.904605],[36.353721,46.902183],[36.353222,46.902731],[36.352445,46.903589]]]}},{"type":"Feature","properties":{"cadnum":"2324882800:01:004:0004"},"geometry":{"type":"Polygon","coordinates":[[[36.35106,46.905115],[36.351255,46.905232],[36.351258,46.905234],[36.351449,46.905349],[36.353846,46.906791],[36.355184,46.907596],[36.356518,46.90604],[36.355175,46.905232],[36.355174,46.905232],[36.353674,46.904328],[36.352445,46.903589],[36.35106,46.905115]]]}},{"type":"Feature","properties":{"cadnum":"2324882800:01:003:0006"},"geometry":{"type":"Polygon","coordinates":[[[36.347403,46.900662],[36.348181,46.901133],[36.348752,46.901479],[36.352168,46.903543],[36.353197,46.902388],[36.353196,46.902388],[36.351886,46.901596],[36.348449,46.899518],[36.348227,46.899761],[36.347403,46.900662]]]}},{"type":"Feature","properties":{"cadnum":"2324882800:01:004:0006"},"geometry":{"type":"Polygon","coordinates":[[[36.353721,46.902183],[36.353846,46.902258],[36.357747,46.904606],[36.358894,46.903268],[36.35592,46.901479],[36.354912,46.900871],[36.35436,46.901479],[36.354359,46.901479],[36.353721,46.902183]]]}},{"type":"Feature","properties":{"cadnum":"2324882800:01:003:0005"},"geometry":{"type":"Polygon","coordinates":[[[36.346397,46.901763],[36.348181,46.902842],[36.351179,46.904655],[36.352168,46.903543],[36.348946,46.901596],[36.348947,46.901596],[36.348352,46.901237],[36.347403,46.900662],[36.346656,46.901479],[36.346652,46.901483],[36.346549,46.901596],[36.346397,46.901763]]]}},{"type":"Feature","properties":{"cadnum":"2324882800:01:007:0011"},"geometry":{"type":"Polygon","coordinates":[[[36.367326,46.908559],[36.36803,46.908984],[36.36803,46.908985],[36.368029,46.908985],[36.370153,46.910271],[36.372748,46.911841],[36.372951,46.911653],[36.373851,46.910812],[36.370831,46.908985],[36.37083,46.908985],[36.370325,46.908679],[36.368429,46.907531],[36.367326,46.908559]]]}},{"type":"Feature","properties":{"cadnum":"2324882800:01:007:0013"},"geometry":{"type":"Polygon","coordinates":[[[36.369522,46.90651],[36.370153,46.906892],[36.370153,46.906893],[36.37361,46.908984],[36.37361,46.908985],[36.373609,46.908985],[36.374944,46.909792],[36.374989,46.90975],[36.375646,46.909136],[36.375647,46.909136],[36.375647,46.909137],[36.375684,46.909102],[36.37604,46.908769],[36.375818,46.908636],[36.370617,46.905487],[36.370325,46.90576],[36.369522,46.90651]]]}},{"type":"Feature","properties":{"cadnum":"2324882800:01:007:0009"},"geometry":{"type":"Polygon","coordinates":[[[36.365195,46.910548],[36.368811,46.912737],[36.370153,46.913549],[36.370153,46.91355],[36.370617,46.91383],[36.371037,46.913439],[36.371662,46.912855],[36.37166,46.912853],[36.370325,46.912046],[36.36624,46.909573],[36.365195,46.910548]]]}},{"type":"Feature","properties":{"cadnum":"2324882800:01:007:0018"},"geometry":{"type":"Polygon","coordinates":[[[36.371037,46.913439],[36.375647,46.916229],[36.37627,46.916607],[36.376271,46.916607],[36.377417,46.9173],[36.37804,46.916592],[36.378279,46.916322],[36.375647,46.914729],[36.375646,46.914729],[36.372356,46.912737],[36.372355,46.912737],[36.372012,46.912529],[36.371788,46.912737],[36.371662,46.912855],[36.371037,46.913439]]]}},{"type":"Feature","properties":{"cadnum":"2324882800:01:007:0019"},"geometry":{"type":"Polygon","coordinates":[[[36.372012,46.912529],[36.372549,46.912855],[36.375818,46.914833],[36.378279,46.916322],[36.379109,46.91538],[36.375818,46.91339],[36.375818,46.913389],[36.374934,46.912855],[36.37295,46.911653],[36.372748,46.911841],[36.372012,46.912529]]]}},{"type":"Feature","properties":{"cadnum":"2324882800:01:007:0020"},"geometry":{"type":"Polygon","coordinates":[[[36.37295,46.911653],[36.37474,46.912737],[36.375647,46.913286],[36.379109,46.91538],[36.380001,46.914368],[36.377307,46.912737],[36.377306,46.912737],[36.375647,46.911732],[36.375647,46.911733],[36.375646,46.911733],[36.373959,46.910711],[36.373851,46.910812],[36.37295,46.911653]]]}},{"type":"Feature","properties":{"cadnum":"2324882800:01:007:0012"},"geometry":{"type":"Polygon","coordinates":[[[36.368429,46.907531],[36.370153,46.908575],[36.371024,46.909102],[36.373851,46.910812],[36.373959,46.910711],[36.374944,46.909792],[36.373804,46.909102],[36.370325,46.906997],[36.370325,46.906996],[36.369522,46.90651],[36.368429,46.907531]]]}},{"type":"Feature","properties":{"cadnum":"2324882800:01:007:0022"},"geometry":{"type":"Polygon","coordinates":[[[36.374989,46.90975],[36.375647,46.910148],[36.380118,46.912855],[36.380119,46.912855],[36.380912,46.913335],[36.38114,46.913076],[36.381179,46.913032],[36.381311,46.912881],[36.381311,46.91288],[36.381334,46.912855],[36.38184,46.91228],[36.381311,46.911961],[36.381311,46.91196],[36.376395,46.908985],[36.37604,46.908769],[36.375809,46.908985],[36.374989,46.90975]]]}},{"type":"Feature","properties":{"cadnum":"2324882800:01:007:0010"},"geometry":{"type":"Polygon","coordinates":[[[36.36624,46.909573],[36.370153,46.911942],[36.371468,46.912737],[36.37166,46.912853],[36.371662,46.912855],[36.372012,46.912529],[36.372748,46.911841],[36.370325,46.910375],[36.370325,46.910374],[36.368223,46.909102],[36.368224,46.909102],[36.367326,46.908559],[36.36687,46.908985],[36.366869,46.908985],[36.36624,46.909573]]]}},{"type":"Feature","properties":{"cadnum":"2324882800:01:007:0021"},"geometry":{"type":"Polygon","coordinates":[[[36.373959,46.910711],[36.375647,46.911732],[36.377307,46.912737],[36.380001,46.914367],[36.380912,46.913335],[36.379925,46.912737],[36.379924,46.912737],[36.375818,46.910252],[36.374989,46.90975],[36.374944,46.909792],[36.373959,46.910711]]]}},{"type":"Feature","properties":{"cadnum":"2324882800:02:003:0015"},"geometry":{"type":"Polygon","coordinates":[[[36.299268,46.913727],[36.304407,46.916406],[36.304792,46.916607],[36.304793,46.916607],[36.305672,46.917065],[36.306134,46.916833],[36.3057,46.916607],[36.304235,46.915844],[36.299733,46.913497],[36.299268,46.913727]]]}},{"type":"Feature","properties":{"cadnum":"2324882800:02:004:0010"},"geometry":{"type":"Polygon","coordinates":[[[36.304268,46.917969],[36.304407,46.918042],[36.308601,46.920241],[36.308601,46.920242],[36.309729,46.920833],[36.312352,46.922208],[36.313608,46.921655],[36.310913,46.920242],[36.310912,46.920242],[36.309729,46.919621],[36.309728,46.919621],[36.305449,46.917376],[36.304268,46.917969]]]}},{"type":"Feature","properties":{"cadnum":"2324882800:02:004:0009"},"geometry":{"type":"Polygon","coordinates":[[[36.303118,46.918546],[36.304407,46.919223],[36.304407,46.919222],[36.306573,46.920359],[36.306574,46.920359],[36.309729,46.922014],[36.311129,46.922748],[36.312352,46.922208],[36.3099,46.920923],[36.308825,46.920359],[36.304268,46.917969],[36.303118,46.918546]]]}},{"type":"Feature","properties":{"cadnum":"2324882800:02:004:0012"},"geometry":{"type":"Polygon","coordinates":[[[36.306762,46.916718],[36.309729,46.918274],[36.312805,46.919887],[36.312046,46.918949],[36.311138,46.91649],[36.311138,46.916489],[36.310952,46.915983],[36.310008,46.915089],[36.309729,46.915229],[36.307216,46.91649],[36.307215,46.91649],[36.307088,46.916554],[36.306982,46.916607],[36.306762,46.916718]]]}},{"type":"Feature","properties":{"cadnum":"2324882800:02:003:0011"},"geometry":{"type":"Polygon","coordinates":[[[36.300207,46.913261],[36.304407,46.915452],[36.304407,46.915451],[36.306399,46.916489],[36.306399,46.91649],[36.306604,46.916596],[36.306607,46.916598],[36.308154,46.915824],[36.304407,46.913871],[36.304407,46.91387],[36.302458,46.912855],[36.301761,46.912491],[36.301026,46.912855],[36.301027,46.912855],[36.300207,46.913261]]]}},{"type":"Feature","properties":{"cadnum":"2324882800:02:003:0010"},"geometry":{"type":"Polygon","coordinates":[[[36.299733,46.913497],[36.304407,46.915933],[36.305475,46.916489],[36.305475,46.91649],[36.306134,46.916833],[36.306606,46.916598],[36.306607,46.916598],[36.306604,46.916596],[36.304235,46.915362],[36.300207,46.913261],[36.299733,46.913497]]]}},{"type":"Feature","properties":{"cadnum":"2324882800:02:004:0008"},"geometry":{"type":"Polygon","coordinates":[[[36.301974,46.919119],[36.304113,46.920241],[36.304114,46.920241],[36.304114,46.920242],[36.304113,46.920242],[36.304235,46.920306],[36.309729,46.923186],[36.309782,46.923214],[36.3099,46.923276],[36.309914,46.923283],[36.311129,46.922748],[36.3099,46.922104],[36.30635,46.920242],[36.304235,46.919132],[36.304235,46.919133],[36.303118,46.918546],[36.301974,46.919119]]]}},{"type":"Feature","properties":{"cadnum":"2324882800:02:004:0011"},"geometry":{"type":"Polygon","coordinates":[[[36.305449,46.917376],[36.3099,46.919711],[36.311135,46.920359],[36.311136,46.920359],[36.313608,46.921655],[36.313768,46.921584],[36.313847,46.921176],[36.313186,46.920359],[36.312805,46.919887],[36.3099,46.918364],[36.306762,46.916718],[36.305449,46.917376]]]}},{"type":"Feature","properties":{"cadnum":"2324882800:02:003:0016"},"geometry":{"type":"Polygon","coordinates":[[[36.298804,46.913957],[36.298914,46.914014],[36.303663,46.916489],[36.303663,46.91649],[36.304235,46.916788],[36.30521,46.917296],[36.305672,46.917065],[36.304568,46.91649],[36.304567,46.91649],[36.304235,46.916316],[36.304235,46.916317],[36.299268,46.913727],[36.298804,46.913957]]]}},{"type":"Feature","properties":{"cadnum":"2324882800:02:003:0009"},"geometry":{"type":"Polygon","coordinates":[[[36.297412,46.914647],[36.298742,46.915341],[36.298742,46.915342],[36.300944,46.916489],[36.300944,46.91649],[36.303824,46.91799],[36.304407,46.917699],[36.304407,46.917698],[36.30521,46.917296],[36.304407,46.916878],[36.304407,46.916877],[36.303888,46.916607],[36.298804,46.913957],[36.297412,46.914647]]]}},{"type":"Feature","properties":{"cadnum":"2324882800:02:010:0003"},"geometry":{"type":"Polygon","coordinates":[[[36.311775,46.915842],[36.312096,46.916607],[36.312097,46.916607],[36.313194,46.919216],[36.313906,46.919069],[36.312821,46.91649],[36.31282,46.91649],[36.31282,46.916489],[36.312462,46.915635],[36.311775,46.915842]]]}},{"type":"Feature","properties":{"cadnum":"2324882800:02:003:0013"},"geometry":{"type":"Polygon","coordinates":[[[36.303274,46.91174],[36.304235,46.912241],[36.304235,46.912242],[36.305186,46.912737],[36.309662,46.91507],[36.309728,46.915036],[36.309729,46.915036],[36.309729,46.915037],[36.310482,46.914659],[36.31028,46.913967],[36.309729,46.91368],[36.309728,46.91368],[36.308145,46.912855],[36.304674,46.911045],[36.304316,46.911223],[36.303274,46.91174]]]}},{"type":"Feature","properties":{"cadnum":"2324882800:02:003:0014"},"geometry":{"type":"Polygon","coordinates":[[[36.304674,46.911045],[36.307919,46.912737],[36.3099,46.91377],[36.3099,46.913769],[36.31028,46.913967],[36.309952,46.912855],[36.309953,46.912855],[36.3099,46.912676],[36.3099,46.912674],[36.309747,46.91215],[36.309729,46.912089],[36.309616,46.911705],[36.307363,46.90971],[36.304674,46.911045]]]}},{"type":"Feature","properties":{"cadnum":"2324882800:02:010:0002"},"geometry":{"type":"Polygon","coordinates":[[[36.315144,46.915008],[36.315393,46.915602],[36.315394,46.915602],[36.315767,46.916489],[36.315767,46.91649],[36.315766,46.91649],[36.316617,46.91851],[36.319955,46.917823],[36.319442,46.916607],[36.318761,46.914985],[36.317499,46.915319],[36.316934,46.914586],[36.316273,46.914806],[36.315222,46.914994],[36.315222,46.914995],[36.315144,46.915008]],[[36.317058,46.915521],[36.317754,46.916344],[36.317342,46.91649],[36.317341,46.91649],[36.317137,46.916562],[36.316744,46.915607],[36.316744,46.915606],[36.317058,46.915521]]]}},{"type":"Feature","properties":{"cadnum":"2324882800:02:010:0001"},"geometry":{"type":"Polygon","coordinates":[[[36.31246,46.915635],[36.312868,46.916607],[36.312869,46.916607],[36.313905,46.919069],[36.315393,46.918763],[36.315394,46.918763],[36.316617,46.91851],[36.315816,46.916607],[36.315222,46.915193],[36.315144,46.915008],[36.313653,46.915276],[36.31246,46.915635]]]}},{"type":"Feature","properties":{"cadnum":"2324882800:02:007:0009"},"geometry":{"type":"Polygon","coordinates":[[[36.324592,46.922674],[36.324905,46.924111],[36.325723,46.927862],[36.32611,46.929638],[36.326208,46.929617],[36.326208,46.929618],[36.327615,46.929316],[36.327272,46.927745],[36.326454,46.923993],[36.32638,46.923654],[36.32638,46.923652],[36.326097,46.922354],[36.324592,46.922674]]]}},{"type":"Feature","properties":{"cadnum":"2324882800:02:007:0011"},"geometry":{"type":"Polygon","coordinates":[[[36.327446,46.922066],[36.327891,46.924111],[36.328709,46.927862],[36.328964,46.929026],[36.330422,46.928714],[36.33021,46.927745],[36.329392,46.923993],[36.328905,46.921755],[36.327446,46.922066]]]}},{"type":"Feature","properties":{"cadnum":"2324882800:02:007:0010"},"geometry":{"type":"Polygon","coordinates":[[[36.326097,46.922354],[36.326208,46.922864],[36.326208,46.922865],[36.326479,46.924111],[36.327297,46.927862],[36.327615,46.929316],[36.328964,46.929026],[36.328684,46.927745],[36.327866,46.923993],[36.327446,46.922066],[36.326359,46.922299],[36.326097,46.922354]]]}},{"type":"Feature","properties":{"cadnum":"2324882800:02:011:0002"},"geometry":{"type":"Polygon","coordinates":[[[36.322956,46.930638],[36.323372,46.931496],[36.323986,46.93276],[36.326208,46.932292],[36.326208,46.932293],[36.328704,46.931767],[36.328629,46.931614],[36.328629,46.931613],[36.327671,46.929639],[36.32638,46.929913],[36.322956,46.930638]]]}},{"type":"Feature","properties":{"cadnum":"2324882800:02:011:0003"},"geometry":{"type":"Polygon","coordinates":[[[36.327671,46.929639],[36.328572,46.931496],[36.328571,46.931496],[36.328704,46.931767],[36.329993,46.931496],[36.331583,46.931162],[36.331873,46.931101],[36.333478,46.930763],[36.332442,46.928627],[36.331873,46.928748],[36.327671,46.929639]]]}},{"type":"Feature","properties":{"cadnum":"2324882800:02:036:0001"},"geometry":{"type":"Polygon","coordinates":[[[36.303883,46.941143],[36.303923,46.94117],[36.304104,46.941288],[36.304148,46.941316],[36.304235,46.941254],[36.305037,46.940673],[36.307364,46.938998],[36.309728,46.937297],[36.309729,46.937297],[36.311716,46.935866],[36.312412,46.935363],[36.3137,46.934435],[36.315393,46.933218],[36.315393,46.933217],[36.315903,46.932851],[36.316575,46.932355],[36.317263,46.93202],[36.317854,46.931713],[36.318537,46.931538],[36.318828,46.931464],[36.320715,46.931061],[36.320726,46.931058],[36.320887,46.931025],[36.320887,46.931024],[36.32429,46.930302],[36.324277,46.930273],[36.324355,46.930257],[36.324368,46.930285],[36.32638,46.929865],[36.329421,46.929228],[36.331873,46.928709],[36.33633,46.927764],[36.337011,46.92762],[36.33704,46.927614],[36.337066,46.927609],[36.337194,46.927583],[36.337194,46.927584],[36.337255,46.927571],[36.337308,46.92756],[36.337366,46.927548],[36.340571,46.926866],[36.342859,46.926383],[36.342859,46.926382],[36.346235,46.925669],[36.348012,46.925292],[36.348181,46.925256],[36.34829,46.925233],[36.348352,46.92522],[36.348353,46.92522],[36.348985,46.925084],[36.350019,46.924864],[36.35143,46.924561],[36.351704,46.924503],[36.351984,46.924444],[36.353327,46.92416],[36.353674,46.924093],[36.353674,46.924094],[36.353812,46.924067],[36.353846,46.92406],[36.353846,46.924059],[36.353881,46.924052],[36.354134,46.923998],[36.354112,46.923953],[36.354035,46.923779],[36.354025,46.923758],[36.353803,46.923803],[36.353226,46.923919],[36.352873,46.923993],[36.352872,46.923993],[36.351808,46.924217],[36.351619,46.924257],[36.351299,46.924325],[36.349913,46.924623],[36.348879,46.924842],[36.348353,46.924956],[36.348352,46.924956],[36.348352,46.924955],[36.347894,46.925053],[36.346126,46.925429],[36.342688,46.926155],[36.340463,46.926625],[36.337194,46.927321],[36.337158,46.927328],[36.33696,46.927368],[36.336898,46.92738],[36.335177,46.927745],[36.335176,46.927745],[36.331701,46.928481],[36.331701,46.928482],[36.329314,46.928987],[36.326208,46.929641],[36.320887,46.930761],[36.320616,46.930818],[36.318695,46.931229],[36.31768,46.931491],[36.317668,46.931496],[36.317667,46.931496],[36.317011,46.931791],[36.316331,46.932178],[36.315639,46.932675],[36.315393,46.932852],[36.313435,46.93426],[36.312066,46.935247],[36.31196,46.935324],[36.311904,46.935364],[36.311904,46.935365],[36.311451,46.935692],[36.3099,46.936808],[36.306692,46.939115],[36.306693,46.939115],[36.304771,46.940499],[36.304286,46.940851],[36.303883,46.941143]]]}},{"type":"Feature","properties":{"cadnum":"2324882800:02:007:0012"},"geometry":{"type":"Polygon","coordinates":[[[36.328905,46.921755],[36.329417,46.924111],[36.330235,46.927862],[36.330236,46.927862],[36.330422,46.928714],[36.331873,46.928402],[36.331944,46.928387],[36.331873,46.928063],[36.331873,46.928062],[36.331806,46.927758],[36.331701,46.927275],[36.331701,46.927277],[36.330985,46.923993],[36.330426,46.921431],[36.328905,46.921755]]]}},{"type":"Feature","properties":{"cadnum":"2324882800:01:022:0146"},"geometry":{"type":"Polygon","coordinates":[[[36.325237,46.892924],[36.326208,46.893524],[36.326277,46.893567],[36.32638,46.89364],[36.32638,46.893639],[36.327018,46.894089],[36.327019,46.894089],[36.327481,46.894413],[36.327548,46.894585],[36.327465,46.894659],[36.328629,46.895366],[36.328774,46.895199],[36.328947,46.895],[36.327439,46.894089],[36.32638,46.893449],[36.32638,46.893448],[36.325334,46.892816],[36.325237,46.892924]]]}},{"type":"Feature","properties":{"cadnum":"2324882800:01:022:0145"},"geometry":{"type":"Polygon","coordinates":[[[36.325334,46.892816],[36.326208,46.893345],[36.327245,46.893972],[36.328947,46.895],[36.328956,46.894989],[36.329132,46.894786],[36.329132,46.894785],[36.32798,46.894089],[36.32638,46.893122],[36.325521,46.892603],[36.325334,46.892816]]]}},{"type":"Feature","properties":{"cadnum":"2324882800:01:022:0141"},"geometry":{"type":"Polygon","coordinates":[[[36.326089,46.891964],[36.32638,46.892141],[36.32638,46.89214],[36.329408,46.893972],[36.329533,46.894047],[36.329602,46.894089],[36.329603,46.894089],[36.329691,46.894142],[36.329737,46.894089],[36.329869,46.893936],[36.329877,46.893927],[36.326278,46.89175],[36.326089,46.891964]]]}},{"type":"Feature","properties":{"cadnum":"2324882800:01:022:0142"},"geometry":{"type":"Polygon","coordinates":[[[36.3259,46.892177],[36.326208,46.892364],[36.329061,46.894089],[36.329062,46.894089],[36.329505,46.894357],[36.329687,46.894147],[36.329691,46.894142],[36.329533,46.894047],[36.326208,46.892036],[36.326089,46.891964],[36.3259,46.892177]]]}},{"type":"Feature","properties":{"cadnum":"2324882800:01:022:0097"},"geometry":{"type":"Polygon","coordinates":[[[36.328201,46.895816],[36.331361,46.897725],[36.331469,46.89779],[36.331555,46.897843],[36.331701,46.89793],[36.331701,46.897931],[36.331779,46.897977],[36.331873,46.897941],[36.331873,46.89794],[36.332104,46.897848],[36.331998,46.897784],[36.331873,46.897709],[36.32841,46.895618],[36.328379,46.895653],[36.328201,46.895816]]]}},{"type":"Feature","properties":{"cadnum":"2324882800:01:022:0098"},"geometry":{"type":"Polygon","coordinates":[[[36.327969,46.896026],[36.330974,46.897843],[36.330975,46.897843],[36.330976,46.897843],[36.331104,46.897921],[36.331762,46.897984],[36.331779,46.897977],[36.331469,46.89779],[36.328201,46.895816],[36.327969,46.896026]]]}},{"type":"Feature","properties":{"cadnum":"2324882800:01:022:0101"},"geometry":{"type":"Polygon","coordinates":[[[36.326833,46.897062],[36.328056,46.897724],[36.328092,46.897725],[36.32933,46.897787],[36.329352,46.897789],[36.327357,46.896584],[36.326833,46.897062]]]}},{"type":"Feature","properties":{"cadnum":"2324882800:01:022:0099"},"geometry":{"type":"Polygon","coordinates":[[[36.327698,46.896275],[36.330099,46.897725],[36.330289,46.89784],[36.330292,46.897842],[36.330301,46.897843],[36.331104,46.897921],[36.330781,46.897725],[36.33078,46.897725],[36.327969,46.896026],[36.327698,46.896275]]]}},{"type":"Feature","properties":{"cadnum":"2324882800:01:022:0100"},"geometry":{"type":"Polygon","coordinates":[[[36.327357,46.896584],[36.329247,46.897725],[36.329246,46.897725],[36.329352,46.897789],[36.33018,46.897831],[36.330292,46.897842],[36.330289,46.89784],[36.327698,46.896275],[36.327357,46.896584]]]}},{"type":"Feature","properties":{"cadnum":"2324882800:01:022:0096"},"geometry":{"type":"Polygon","coordinates":[[[36.32841,46.895618],[36.331701,46.897605],[36.3319,46.897725],[36.331998,46.897784],[36.332094,46.897843],[36.332095,46.897843],[36.332104,46.897848],[36.332122,46.897841],[36.33217,46.897784],[36.332219,46.897725],[36.332289,46.897642],[36.331873,46.897391],[36.328593,46.895408],[36.32841,46.895618]]]}},{"type":"Feature","properties":{"cadnum":"2324882800:04:005:0004"},"geometry":{"type":"Polygon","coordinates":[[[36.325633,46.897066],[36.326026,46.897333],[36.326207,46.897462],[36.326208,46.897461],[36.32638,46.897344],[36.32638,46.897343],[36.326568,46.897214],[36.326238,46.896958],[36.326038,46.896802],[36.325922,46.896877],[36.325633,46.897066]]]}},{"type":"Feature","properties":{"cadnum":"2324882800:01:022:0087"},"geometry":{"type":"Polygon","coordinates":[[[36.330053,46.893725],[36.330654,46.894089],[36.330655,46.894089],[36.331873,46.894826],[36.331873,46.894825],[36.33372,46.895941],[36.333902,46.895728],[36.331873,46.894503],[36.331188,46.894089],[36.330235,46.893513],[36.330064,46.893712],[36.330053,46.893725]]]}},{"type":"Feature","properties":{"cadnum":"2324882800:01:022:0091"},"geometry":{"type":"Polygon","coordinates":[[[36.329321,46.894568],[36.331701,46.896007],[36.333001,46.896792],[36.333179,46.896579],[36.331873,46.89579],[36.329503,46.894358],[36.329321,46.894568]]]}},{"type":"Feature","properties":{"cadnum":"2324882800:01:022:0090"},"geometry":{"type":"Polygon","coordinates":[[[36.329503,46.894358],[36.331701,46.895686],[36.333179,46.896579],[36.333359,46.896365],[36.331873,46.895468],[36.329687,46.894147],[36.329505,46.894357],[36.329503,46.894358]]]}},{"type":"Feature","properties":{"cadnum":"2324882800:01:022:0088"},"geometry":{"type":"Polygon","coordinates":[[[36.329869,46.893936],[36.330121,46.894089],[36.330122,46.894089],[36.330123,46.894089],[36.331701,46.895043],[36.333539,46.896153],[36.33372,46.895941],[36.331701,46.894721],[36.331701,46.894722],[36.330461,46.893972],[36.33046,46.893972],[36.330053,46.893725],[36.329877,46.893927],[36.329869,46.893936]]]}},{"type":"Feature","properties":{"cadnum":"2324882800:01:022:0086"},"geometry":{"type":"Polygon","coordinates":[[[36.330235,46.893513],[36.330993,46.893972],[36.331701,46.8944],[36.333902,46.895728],[36.334084,46.895517],[36.331873,46.894182],[36.33172,46.894089],[36.330419,46.893303],[36.330252,46.893497],[36.330235,46.893513]]]}},{"type":"Feature","properties":{"cadnum":"2324882800:01:022:0085"},"geometry":{"type":"Polygon","coordinates":[[[36.330419,46.893303],[36.331526,46.893972],[36.331701,46.894078],[36.334084,46.895517],[36.334265,46.895304],[36.332254,46.894089],[36.331873,46.893859],[36.330603,46.893091],[36.330438,46.893282],[36.330419,46.893303]]]}},{"type":"Feature","properties":{"cadnum":"2324882800:01:022:0089"},"geometry":{"type":"Polygon","coordinates":[[[36.329687,46.894147],[36.331701,46.895364],[36.331701,46.895365],[36.333359,46.896365],[36.333463,46.896241],[36.333539,46.896153],[36.331873,46.895147],[36.329928,46.893972],[36.329869,46.893936],[36.329838,46.893972],[36.329837,46.893972],[36.329691,46.894142],[36.329687,46.894147]]]}},{"type":"Feature","properties":{"cadnum":"2324882800:01:022:0144"},"geometry":{"type":"Polygon","coordinates":[[[36.325521,46.892603],[36.326208,46.893018],[36.326208,46.893019],[36.327785,46.893972],[36.329132,46.894785],[36.329138,46.894778],[36.329318,46.894571],[36.32852,46.894089],[36.32638,46.892795],[36.325711,46.89239],[36.325521,46.892603]]]}},{"type":"Feature","properties":{"cadnum":"2324882800:01:022:0143"},"geometry":{"type":"Polygon","coordinates":[[[36.325711,46.89239],[36.326208,46.892691],[36.328326,46.893972],[36.329318,46.894571],[36.329321,46.894568],[36.329503,46.894358],[36.329505,46.894357],[36.328868,46.893972],[36.328867,46.893972],[36.32638,46.892468],[36.3259,46.892177],[36.325711,46.89239]]]}},{"type":"Feature","properties":{"cadnum":"2324882800:01:022:0095"},"geometry":{"type":"Polygon","coordinates":[[[36.328593,46.895408],[36.331701,46.897287],[36.332289,46.897642],[36.332467,46.897429],[36.331854,46.89706],[36.328774,46.895199],[36.328629,46.895366],[36.328593,46.895408]]]}},{"type":"Feature","properties":{"cadnum":"2324882800:01:022:0094"},"geometry":{"type":"Polygon","coordinates":[[[36.328774,46.895199],[36.331701,46.896967],[36.331854,46.89706],[36.331873,46.897071],[36.332467,46.897429],[36.332645,46.897218],[36.331873,46.896751],[36.328956,46.894989],[36.328947,46.895],[36.328774,46.895199]]]}},{"type":"Feature","properties":{"cadnum":"2324882800:01:022:0093"},"geometry":{"type":"Polygon","coordinates":[[[36.328956,46.894989],[36.331701,46.896647],[36.331701,46.896648],[36.332645,46.897218],[36.332822,46.897005],[36.331873,46.896432],[36.331873,46.896431],[36.329138,46.894778],[36.329132,46.894785],[36.329132,46.894786],[36.328956,46.894989]]]}},{"type":"Feature","properties":{"cadnum":"2324882800:01:022:0092"},"geometry":{"type":"Polygon","coordinates":[[[36.329138,46.894778],[36.331701,46.896328],[36.332822,46.897005],[36.333001,46.896792],[36.331873,46.896111],[36.329321,46.894568],[36.329318,46.894571],[36.329138,46.894778]]]}},{"type":"Feature","properties":{"cadnum":"2324882800:01:020:0006"},"geometry":{"type":"Polygon","coordinates":[[[36.38838,46.905082],[36.388633,46.905232],[36.392126,46.907297],[36.392126,46.907298],[36.393184,46.907923],[36.394312,46.906643],[36.392126,46.905351],[36.392123,46.905349],[36.3895,46.903798],[36.38838,46.905082]]]}},{"type":"Feature","properties":{"cadnum":"2324882800:01:020:0007"},"geometry":{"type":"Polygon","coordinates":[[[36.389499,46.903797],[36.391925,46.905232],[36.392298,46.905453],[36.392298,46.905452],[36.394312,46.906643],[36.395315,46.905505],[36.394901,46.90526],[36.392298,46.903722],[36.392298,46.903721],[36.390494,46.902654],[36.389499,46.903797]]]}},{"type":"Feature","properties":{"cadnum":"2324882800:01:020:0003"},"geometry":{"type":"Polygon","coordinates":[[[36.384777,46.909223],[36.386633,46.910321],[36.389551,46.912046],[36.390808,46.910619],[36.388242,46.909102],[36.386805,46.908252],[36.386024,46.90779],[36.384984,46.908985],[36.384983,46.908985],[36.384937,46.909038],[36.384881,46.909102],[36.384882,46.909102],[36.384777,46.909223]]]}},{"type":"Feature","properties":{"cadnum":"2324882800:01:019:0006"},"geometry":{"type":"Polygon","coordinates":[[[36.381222,46.903892],[36.381311,46.903946],[36.381312,46.903946],[36.383657,46.905349],[36.386476,46.907034],[36.386633,46.906854],[36.386704,46.906772],[36.386805,46.906657],[36.38733,46.906053],[36.386633,46.905636],[36.385957,46.905232],[36.382121,46.902938],[36.381222,46.903892]]]}},{"type":"Feature","properties":{"cadnum":"2324882800:01:020:0004"},"geometry":{"type":"Polygon","coordinates":[[[36.386024,46.90779],[36.386633,46.90815],[36.386633,46.908151],[36.388044,46.908985],[36.390808,46.910619],[36.392042,46.90922],[36.391681,46.909008],[36.387246,46.906385],[36.386805,46.906893],[36.386024,46.90779]]]}},{"type":"Feature","properties":{"cadnum":"2324882800:01:020:0005"},"geometry":{"type":"Polygon","coordinates":[[[36.387246,46.906385],[36.391642,46.908985],[36.391681,46.909008],[36.39184,46.909102],[36.391841,46.909102],[36.392042,46.90922],[36.392145,46.909102],[36.392146,46.909102],[36.393184,46.907923],[36.392298,46.907399],[36.388831,46.905349],[36.38838,46.905082],[36.388147,46.905349],[36.388148,46.905349],[36.387246,46.906385]]]}},{"type":"Feature","properties":{"cadnum":"2324882800:01:019:0007"},"geometry":{"type":"Polygon","coordinates":[[[36.382121,46.902938],[36.386153,46.905349],[36.386805,46.905738],[36.38733,46.906053],[36.387942,46.905349],[36.388174,46.905083],[36.386702,46.904204],[36.383011,46.901996],[36.382121,46.902938]]]}},{"type":"Feature","properties":{"cadnum":"2324882800:01:013:0004"},"geometry":{"type":"Polygon","coordinates":[[[36.345145,46.885393],[36.34694,46.886464],[36.348352,46.887305],[36.348353,46.887305],[36.349735,46.888128],[36.350733,46.887073],[36.349852,46.886549],[36.348181,46.885553],[36.348181,46.885554],[36.346132,46.884333],[36.345145,46.885393]]]}},{"type":"Feature","properties":{"cadnum":"2324882800:01:012:0002"},"geometry":{"type":"Polygon","coordinates":[[[36.33827,46.884114],[36.342363,46.886581],[36.342859,46.88688],[36.343236,46.887106],[36.343752,46.886548],[36.344116,46.886157],[36.342688,46.885296],[36.342687,46.885296],[36.339186,46.883185],[36.33827,46.884114]]]}},{"type":"Feature","properties":{"cadnum":"2324882800:01:007:0024"},"geometry":{"type":"Polygon","coordinates":[[[36.321149,46.87585],[36.322894,46.876855],[36.324765,46.877933],[36.326208,46.878765],[36.326208,46.878766],[36.326439,46.878898],[36.326533,46.878954],[36.326533,46.878955],[36.328163,46.879929],[36.329985,46.881018],[36.331701,46.882045],[36.331701,46.882046],[36.331725,46.88206],[36.331873,46.882148],[36.331929,46.882181],[36.333008,46.882827],[36.333781,46.883289],[36.335517,46.884351],[36.337194,46.885378],[36.337194,46.885379],[36.33726,46.885419],[36.337366,46.885483],[36.338937,46.886433],[36.338988,46.886463],[36.338988,46.886464],[36.340872,46.887602],[36.341387,46.887932],[36.342153,46.888389],[36.342859,46.888812],[36.344876,46.890016],[36.345213,46.890218],[36.346848,46.891193],[36.34709,46.891374],[36.348181,46.892006],[36.348181,46.892007],[36.348918,46.892434],[36.350631,46.893428],[36.351566,46.893972],[36.35262,46.894583],[36.353549,46.895209],[36.353674,46.895284],[36.353674,46.895285],[36.354539,46.895807],[36.355671,46.896493],[36.357471,46.897581],[36.357701,46.897725],[36.357743,46.897751],[36.357744,46.897751],[36.357896,46.897843],[36.359339,46.898703],[36.359665,46.898896],[36.361635,46.900069],[36.361827,46.900192],[36.363413,46.901149],[36.364152,46.901596],[36.364153,46.901596],[36.36466,46.901903],[36.364814,46.901995],[36.364832,46.902006],[36.364832,46.902007],[36.365368,46.90233],[36.365557,46.90242],[36.36692,46.903238],[36.368824,46.904382],[36.370325,46.905284],[36.370419,46.90534],[36.370432,46.905349],[36.370433,46.905349],[36.37062,46.905474],[36.372221,46.906448],[36.374107,46.907595],[36.375818,46.908636],[36.375818,46.908635],[36.37604,46.908769],[36.376584,46.909102],[36.37707,46.909398],[36.37827,46.91012],[36.380119,46.911239],[36.381311,46.911961],[36.381312,46.911961],[36.38184,46.91228],[36.38214,46.912428],[36.382844,46.912855],[36.382845,46.912855],[36.383041,46.912974],[36.384702,46.913979],[36.386633,46.915148],[36.386656,46.915162],[36.38674,46.915096],[36.386805,46.915136],[36.387409,46.915506],[36.388759,46.916331],[36.388974,46.916213],[36.387085,46.915065],[36.386957,46.914988],[36.386633,46.914792],[36.385799,46.914287],[36.383957,46.913176],[36.383425,46.912855],[36.382239,46.912137],[36.382104,46.912057],[36.381225,46.911531],[36.380344,46.911005],[36.37849,46.909896],[36.37716,46.909102],[36.377161,46.909102],[36.376612,46.908774],[36.376403,46.908637],[36.375647,46.90818],[36.375647,46.908181],[36.375646,46.908181],[36.374563,46.907525],[36.372636,46.906368],[36.370833,46.905282],[36.370682,46.905192],[36.370325,46.904977],[36.369223,46.904314],[36.367411,46.903223],[36.36587,46.902297],[36.365635,46.902094],[36.364694,46.901531],[36.364373,46.901339],[36.363178,46.900625],[36.36121,46.899446],[36.361018,46.899349],[36.359339,46.898354],[36.358729,46.897992],[36.358282,46.897725],[36.356863,46.896876],[36.35489,46.895702],[36.353674,46.894978],[36.353025,46.894591],[36.352804,46.894418],[36.35204,46.893972],[36.351122,46.893434],[36.349191,46.892295],[36.348305,46.891776],[36.347253,46.891157],[36.347049,46.890968],[36.34583,46.890247],[36.344208,46.889288],[36.342715,46.888405],[36.342474,46.888262],[36.342276,46.888142],[36.340728,46.887211],[36.339635,46.886552],[36.339182,46.886278],[36.337271,46.885126],[36.337016,46.884958],[36.335906,46.884293],[36.333946,46.883123],[36.333254,46.882709],[36.332069,46.882],[36.331834,46.881859],[36.330387,46.880994],[36.328633,46.879942],[36.327172,46.879072],[36.326781,46.878838],[36.326554,46.878683],[36.326208,46.878477],[36.325092,46.877811],[36.32322,46.876696],[36.321369,46.875593],[36.321149,46.87585]]]}},{"type":"Feature","properties":{"cadnum":"2324882800:01:013:0003"},"geometry":{"type":"Polygon","coordinates":[[[36.344076,46.886542],[36.344141,46.886581],[36.344142,46.886581],[36.348352,46.889089],[36.348352,46.889088],[36.348353,46.889088],[36.348657,46.889269],[36.349735,46.888128],[36.348181,46.887202],[36.348181,46.887203],[36.347137,46.886581],[36.345145,46.885393],[36.344148,46.886464],[36.344076,46.886542]]]}},{"type":"Feature","properties":{"cadnum":"2324882800:01:001:0010"},"geometry":{"type":"Polygon","coordinates":[[[36.340414,46.889069],[36.342428,46.890218],[36.342427,46.890218],[36.342688,46.890366],[36.345918,46.892208],[36.346848,46.891193],[36.34541,46.890335],[36.342688,46.88871],[36.342687,46.88871],[36.341387,46.887933],[36.340414,46.889069]]]}},{"type":"Feature","properties":{"cadnum":"2324882800:01:013:0002"},"geometry":{"type":"Polygon","coordinates":[[[36.343016,46.887681],[36.347275,46.890218],[36.347276,46.890218],[36.347383,46.890282],[36.347473,46.890335],[36.347585,46.890402],[36.347648,46.890335],[36.348181,46.889773],[36.348261,46.889689],[36.348352,46.889592],[36.348657,46.889269],[36.348181,46.888986],[36.344076,46.886542],[36.343016,46.887681]]]}},{"type":"Feature","properties":{"cadnum":"2324882800:01:013:0001"},"geometry":{"type":"Polygon","coordinates":[[[36.342474,46.888262],[36.342688,46.888388],[36.342739,46.888419],[36.342859,46.88849],[36.345976,46.890335],[36.345977,46.890335],[36.347049,46.890969],[36.347585,46.890402],[36.347383,46.890282],[36.343016,46.887681],[36.342804,46.887908],[36.342474,46.888262]]]}},{"type":"Feature","properties":{"cadnum":"2324882800:01:012:0001"},"geometry":{"type":"Polygon","coordinates":[[[36.337271,46.885126],[36.337366,46.885184],[36.339684,46.886581],[36.342276,46.888143],[36.342687,46.887699],[36.342688,46.887699],[36.343236,46.887106],[36.342688,46.886776],[36.342687,46.886776],[36.342169,46.886464],[36.342168,46.886464],[36.33827,46.884114],[36.337271,46.885126]]]}},{"type":"Feature","properties":{"cadnum":"2324882800:01:014:0002"},"geometry":{"type":"Polygon","coordinates":[[[36.34775,46.890633],[36.348352,46.890979],[36.348353,46.890979],[36.353341,46.893842],[36.353674,46.893487],[36.354287,46.89283],[36.353846,46.892577],[36.349738,46.890218],[36.349737,46.890218],[36.348705,46.889625],[36.348342,46.890008],[36.348143,46.890218],[36.348101,46.890263],[36.348032,46.890335],[36.34775,46.890633]]]}},{"type":"Feature","properties":{"cadnum":"2324882800:02:021:0005"},"geometry":{"type":"Polygon","coordinates":[[[36.364354,46.936504],[36.36466,46.936627],[36.364766,46.936669],[36.364832,46.936696],[36.368909,46.938325],[36.370153,46.93737],[36.370636,46.936999],[36.370153,46.936807],[36.366252,46.935247],[36.366103,46.935188],[36.365867,46.935364],[36.365868,46.935364],[36.365868,46.935365],[36.364696,46.936248],[36.364354,46.936504]]]}},{"type":"Feature","properties":{"cadnum":"2324882800:02:021:0006"},"geometry":{"type":"Polygon","coordinates":[[[36.366103,46.935188],[36.366545,46.935364],[36.370325,46.936875],[36.370635,46.936999],[36.371481,46.93635],[36.370325,46.935572],[36.370017,46.935365],[36.370017,46.935364],[36.366873,46.933249],[36.367608,46.934384],[36.366763,46.934691],[36.366103,46.935188]]]}},{"type":"Feature","properties":{"cadnum":"2324882800:02:021:0007"},"geometry":{"type":"Polygon","coordinates":[[[36.365413,46.930992],[36.365814,46.931613],[36.366873,46.933248],[36.369842,46.935247],[36.370153,46.935457],[36.371481,46.93635],[36.372365,46.935671],[36.371909,46.935364],[36.370153,46.934183],[36.370153,46.934184],[36.366161,46.931496],[36.36616,46.931496],[36.365413,46.930992]]]}},{"type":"Feature","properties":{"cadnum":"2324882800:02:020:0008"},"geometry":{"type":"Polygon","coordinates":[[[36.360326,46.933696],[36.364497,46.935364],[36.364498,46.935364],[36.36466,46.935429],[36.36466,46.93543],[36.36513,46.935617],[36.365478,46.935355],[36.366016,46.93495],[36.36466,46.934408],[36.361207,46.933027],[36.360326,46.933696]]]}},{"type":"Feature","properties":{"cadnum":"2324882800:02:020:0007"},"geometry":{"type":"Polygon","coordinates":[[[36.361207,46.933027],[36.364832,46.934477],[36.366016,46.93495],[36.366559,46.934541],[36.365293,46.932195],[36.364832,46.931857],[36.36434,46.931496],[36.363771,46.931079],[36.363221,46.931496],[36.363088,46.931597],[36.363067,46.931613],[36.361207,46.933027]]]}},{"type":"Feature","properties":{"cadnum":"2324882800:01:017:0002"},"geometry":{"type":"Polygon","coordinates":[[[36.367006,46.901098],[36.367832,46.901596],[36.370325,46.903096],[36.371804,46.903986],[36.372896,46.902813],[36.370678,46.901479],[36.370677,46.901479],[36.370153,46.901163],[36.370153,46.901164],[36.36811,46.899934],[36.367006,46.901098]]]}},{"type":"Feature","properties":{"cadnum":"2324882800:01:017:0001"},"geometry":{"type":"Polygon","coordinates":[[[36.365871,46.902297],[36.370153,46.904873],[36.370153,46.904874],[36.370683,46.905192],[36.371804,46.903986],[36.370153,46.902992],[36.370153,46.902993],[36.367638,46.901479],[36.367637,46.901479],[36.367006,46.901098],[36.366534,46.901596],[36.365871,46.902297]]]}},{"type":"Feature","properties":{"cadnum":"2324882800:01:016:0003"},"geometry":{"type":"Polygon","coordinates":[[[36.363205,46.897334],[36.36387,46.897725],[36.364832,46.89829],[36.367662,46.899951],[36.368827,46.898718],[36.367337,46.897843],[36.364832,46.89637],[36.364372,46.8961],[36.363205,46.897334]]]}},{"type":"Feature","properties":{"cadnum":"2324882800:01:017:0004"},"geometry":{"type":"Polygon","coordinates":[[[36.369349,46.898625],[36.370325,46.899214],[36.370325,46.899213],[36.37412,46.901496],[36.374735,46.900837],[36.375373,46.90015],[36.371538,46.897843],[36.371539,46.897843],[36.370616,46.897287],[36.370313,46.897608],[36.370201,46.897725],[36.3702,46.897725],[36.370128,46.897802],[36.370089,46.897843],[36.369349,46.898625]]]}},{"type":"Feature","properties":{"cadnum":"2324882800:01:016:0004"},"geometry":{"type":"Polygon","coordinates":[[[36.364372,46.8961],[36.36466,46.896269],[36.367137,46.897725],[36.368827,46.898718],[36.369765,46.897725],[36.370021,46.897455],[36.365564,46.894838],[36.36466,46.895794],[36.36466,46.895795],[36.364372,46.8961]]]}},{"type":"Feature","properties":{"cadnum":"2324882800:01:016:0002"},"geometry":{"type":"Polygon","coordinates":[[[36.361855,46.898764],[36.36466,46.900412],[36.364824,46.900508],[36.364832,46.900513],[36.36631,46.901381],[36.367662,46.899951],[36.36466,46.898189],[36.36407,46.897843],[36.363205,46.897334],[36.362724,46.897843],[36.361855,46.898764]]]}},{"type":"Feature","properties":{"cadnum":"2324882800:01:016:0001"},"geometry":{"type":"Polygon","coordinates":[[[36.36121,46.899446],[36.364802,46.901596],[36.364803,46.901596],[36.364832,46.901613],[36.365635,46.902094],[36.366105,46.901596],[36.366106,46.901596],[36.36631,46.901381],[36.364824,46.900508],[36.361855,46.898764],[36.36121,46.899446]]]}},{"type":"Feature","properties":{"cadnum":"2324882800:01:017:0003"},"geometry":{"type":"Polygon","coordinates":[[[36.36811,46.899934],[36.370325,46.901267],[36.370872,46.901596],[36.370873,46.901596],[36.372896,46.902813],[36.37412,46.901496],[36.370153,46.89911],[36.369349,46.898625],[36.36811,46.899934]]]}},{"type":"Feature","properties":{"cadnum":"2324882800:02:013:0001"},"geometry":{"type":"Polygon","coordinates":[[[36.343137,46.953441],[36.345528,46.954115],[36.345529,46.954115],[36.348352,46.954912],[36.348353,46.954912],[36.350184,46.955428],[36.350297,46.954279],[36.349299,46.953998],[36.348353,46.953732],[36.348352,46.953732],[36.348352,46.953731],[36.34327,46.952297],[36.343137,46.953441]]]}},{"type":"Feature","properties":{"cadnum":"2324882800:02:014:0004"},"geometry":{"type":"Polygon","coordinates":[[[36.35049,46.955516],[36.353674,46.956507],[36.35648,46.95738],[36.356651,46.956167],[36.356866,46.954644],[36.35524,46.954001],[36.353846,46.95345],[36.350807,46.952248],[36.350656,46.953797],[36.350637,46.953998],[36.350636,46.953998],[36.35049,46.955516]]]}},{"type":"Feature","properties":{"cadnum":"2324882800:02:013:0002"},"geometry":{"type":"Polygon","coordinates":[[[36.34327,46.952297],[36.348181,46.953683],[36.349715,46.954115],[36.350297,46.954279],[36.350324,46.953998],[36.350323,46.953998],[36.350408,46.953129],[36.348181,46.952501],[36.348181,46.952502],[36.343401,46.951154],[36.34327,46.952297]]]}},{"type":"Feature","properties":{"cadnum":"2324882800:02:017:0002"},"geometry":{"type":"Polygon","coordinates":[[[36.371861,46.961065],[36.373251,46.961614],[36.373252,46.961614],[36.375567,46.962527],[36.375646,46.962499],[36.375647,46.962499],[36.375795,46.962445],[36.375818,46.962437],[36.377092,46.961975],[36.377375,46.961898],[36.376656,46.961614],[36.375734,46.96125],[36.371987,46.959771],[36.371861,46.961065]]]}},{"type":"Feature","properties":{"cadnum":"2324882800:02:016:0001"},"geometry":{"type":"Polygon","coordinates":[[[36.364371,46.95976],[36.36466,46.959855],[36.36466,46.959856],[36.369683,46.961497],[36.370325,46.961707],[36.371403,46.962059],[36.371457,46.961525],[36.370153,46.961003],[36.364832,46.958869],[36.364479,46.958727],[36.364371,46.95976]]]}},{"type":"Feature","properties":{"cadnum":"2324882800:02:017:0001"},"geometry":{"type":"Polygon","coordinates":[[[36.371748,46.962212],[36.371875,46.962407],[36.371945,46.963368],[36.372553,46.963621],[36.375567,46.962527],[36.372955,46.961497],[36.371861,46.961065],[36.371806,46.961614],[36.371748,46.962212]]]}},{"type":"Feature","properties":{"cadnum":"2324882800:01:007:0025"},"geometry":{"type":"Polygon","coordinates":[[[36.353572,46.923119],[36.353674,46.923185],[36.353674,46.923186],[36.354421,46.923668],[36.354665,46.923616],[36.354918,46.923562],[36.355336,46.923472],[36.35512,46.923342],[36.354699,46.923429],[36.354452,46.923479],[36.354378,46.923495],[36.353993,46.923231],[36.353846,46.923192],[36.353572,46.923119]]]}},{"type":"Feature","properties":{"cadnum":"2324882800:01:006:0010"},"geometry":{"type":"Polygon","coordinates":[[[36.347463,46.918868],[36.348181,46.919326],[36.349617,46.920241],[36.349617,46.920242],[36.349616,46.920242],[36.351289,46.921308],[36.352069,46.920754],[36.351555,46.92046],[36.351483,46.920359],[36.35132,46.920133],[36.350929,46.919699],[36.350897,46.9194],[36.350852,46.919358],[36.350101,46.919247],[36.349451,46.918705],[36.349036,46.918585],[36.349036,46.918584],[36.348842,46.918052],[36.348283,46.918384],[36.347463,46.918868]],[[36.351668,46.920939],[36.351689,46.920951],[36.351689,46.920952],[36.35167,46.920966],[36.351649,46.920953],[36.351668,46.920939]],[[36.350172,46.920038],[36.350194,46.920051],[36.350175,46.920066],[36.350154,46.920053],[36.350172,46.920038]],[[36.348596,46.919089],[36.348597,46.919089],[36.348618,46.919102],[36.348599,46.919117],[36.348578,46.919104],[36.348596,46.919089]]]}},{"type":"Feature","properties":{"cadnum":"2324882800:02:025:0004"},"geometry":{"type":"Polygon","coordinates":[[[36.345032,46.920904],[36.346642,46.923993],[36.346641,46.923993],[36.347245,46.92515],[36.348181,46.924946],[36.350178,46.92451],[36.349908,46.923993],[36.349907,46.923993],[36.348965,46.922184],[36.348353,46.92204],[36.348352,46.92204],[36.3481,46.92198],[36.346209,46.921375],[36.345032,46.920904]]]}},{"type":"Feature","properties":{"cadnum":"2324882800:02:025:0005"},"geometry":{"type":"Polygon","coordinates":[[[36.348965,46.922184],[36.349968,46.924111],[36.349969,46.924111],[36.350178,46.92451],[36.352543,46.923993],[36.353454,46.923795],[36.35246,46.923088],[36.351226,46.922631],[36.349506,46.922312],[36.348965,46.922184]]]}},{"type":"Feature","properties":{"cadnum":"2324882800:02:005:0002"},"geometry":{"type":"Polygon","coordinates":[[[36.298281,46.937596],[36.298742,46.937839],[36.298742,46.93784],[36.301168,46.939115],[36.301169,46.939115],[36.304222,46.940721],[36.304235,46.940712],[36.304325,46.940648],[36.304407,46.940589],[36.30563,46.939712],[36.304407,46.939069],[36.304407,46.939068],[36.304299,46.939012],[36.304273,46.938998],[36.299881,46.936689],[36.298742,46.937335],[36.298281,46.937596]]]}},{"type":"Feature","properties":{"cadnum":"2324882800:02:012:0008"},"geometry":{"type":"Polygon","coordinates":[[[36.308817,46.937957],[36.309729,46.938231],[36.312668,46.939115],[36.312669,46.939115],[36.315222,46.939883],[36.320887,46.941586],[36.322394,46.942039],[36.322187,46.941588],[36.320887,46.941198],[36.320887,46.941197],[36.315222,46.939494],[36.315222,46.939495],[36.313571,46.938998],[36.31357,46.938998],[36.3099,46.937895],[36.3099,46.937894],[36.309198,46.937683],[36.308817,46.937957]]]}},{"type":"Feature","properties":{"cadnum":"2324882800:02:005:0007"},"geometry":{"type":"Polygon","coordinates":[[[36.304442,46.934106],[36.306611,46.935247],[36.30964,46.93684],[36.309729,46.936776],[36.309755,46.936758],[36.3099,46.936654],[36.3099,46.936653],[36.31054,46.936195],[36.3099,46.935859],[36.308736,46.935247],[36.305463,46.933526],[36.304911,46.933841],[36.304442,46.934106]]]}},{"type":"Feature","properties":{"cadnum":"2324882800:02:005:0003"},"geometry":{"type":"Polygon","coordinates":[[[36.299881,46.936689],[36.304235,46.938978],[36.304235,46.93898],[36.304494,46.939115],[36.304496,46.939115],[36.30563,46.939712],[36.306485,46.939099],[36.306876,46.93882],[36.304235,46.937432],[36.301297,46.935887],[36.299881,46.936689]]]}},{"type":"Feature","properties":{"cadnum":"2324882800:02:012:0007"},"geometry":{"type":"Polygon","coordinates":[[[36.308098,46.938474],[36.309729,46.938965],[36.309939,46.939028],[36.315222,46.940616],[36.315222,46.940617],[36.320715,46.942268],[36.320715,46.942269],[36.322312,46.942748],[36.322517,46.94281],[36.322654,46.942605],[36.322394,46.942039],[36.320715,46.941534],[36.320715,46.941535],[36.315394,46.939935],[36.315393,46.939935],[36.312279,46.938998],[36.312278,46.938998],[36.3099,46.938283],[36.308817,46.937957],[36.308098,46.938474]]]}},{"type":"Feature","properties":{"cadnum":"2324882800:02:012:0006"},"geometry":{"type":"Polygon","coordinates":[[[36.307402,46.938976],[36.307474,46.938998],[36.3099,46.939728],[36.3099,46.939727],[36.315222,46.941327],[36.319949,46.942748],[36.320715,46.942979],[36.322122,46.943401],[36.322327,46.943094],[36.322517,46.94281],[36.320887,46.94232],[36.315394,46.940668],[36.315393,46.940668],[36.310229,46.939115],[36.309939,46.939028],[36.3099,46.939016],[36.308098,46.938474],[36.307402,46.938976]]]}},{"type":"Feature","properties":{"cadnum":"2324882800:02:012:0005"},"geometry":{"type":"Polygon","coordinates":[[[36.306717,46.939469],[36.309729,46.940376],[36.315393,46.942079],[36.315394,46.942079],[36.317621,46.942748],[36.320887,46.943731],[36.320887,46.94373],[36.321733,46.943984],[36.322122,46.943402],[36.320887,46.943032],[36.320887,46.943031],[36.320337,46.942866],[36.315394,46.94138],[36.315393,46.94138],[36.3099,46.939728],[36.307864,46.939115],[36.307402,46.938976],[36.307371,46.938998],[36.307351,46.939013],[36.307207,46.939115],[36.307208,46.939115],[36.306717,46.939469]]]}},{"type":"Feature","properties":{"cadnum":"2324882800:02:005:0006"},"geometry":{"type":"Polygon","coordinates":[[[36.303433,46.934678],[36.304407,46.93519],[36.304738,46.935364],[36.304739,46.935364],[36.308754,46.937475],[36.30964,46.936841],[36.306611,46.935247],[36.30661,46.935247],[36.304442,46.934106],[36.304235,46.934223],[36.304235,46.934224],[36.303433,46.934678]]]}},{"type":"Feature","properties":{"cadnum":"2324882800:02:005:0005"},"geometry":{"type":"Polygon","coordinates":[[[36.302416,46.935254],[36.30243,46.935261],[36.302626,46.935364],[36.304235,46.936211],[36.307859,46.938116],[36.308754,46.937475],[36.304516,46.935247],[36.304235,46.9351],[36.303433,46.934678],[36.302427,46.935247],[36.302426,46.935247],[36.302416,46.935254]]]}},{"type":"Feature","properties":{"cadnum":"2324882800:02:005:0004"},"geometry":{"type":"Polygon","coordinates":[[[36.301297,46.935887],[36.304407,46.937523],[36.304407,46.937522],[36.306876,46.93882],[36.307859,46.938116],[36.304407,46.936302],[36.304407,46.936301],[36.30243,46.935261],[36.302416,46.935254],[36.30222,46.935364],[36.30222,46.935365],[36.301297,46.935887]]]}},{"type":"Feature","properties":{"cadnum":"2324882800:02:012:0009"},"geometry":{"type":"Polygon","coordinates":[[[36.309595,46.937396],[36.309729,46.937437],[36.309729,46.937438],[36.31492,46.938998],[36.315393,46.939141],[36.315393,46.93914],[36.315394,46.93914],[36.320715,46.94074],[36.321972,46.941118],[36.321514,46.940122],[36.320887,46.939934],[36.318164,46.939115],[36.315222,46.938231],[36.310435,46.936791],[36.309876,46.937194],[36.309595,46.937396]]]}},{"type":"Feature","properties":{"cadnum":"2324882800:02:005:0008"},"geometry":{"type":"Polygon","coordinates":[[[36.305463,46.933526],[36.308959,46.935364],[36.309729,46.935769],[36.31054,46.936195],[36.311461,46.935536],[36.311135,46.935365],[36.311135,46.935364],[36.3099,46.934716],[36.3099,46.934715],[36.306506,46.93293],[36.305463,46.933526]]]}},{"type":"Feature","properties":{"cadnum":"2324882800:01:013:0005"},"geometry":{"type":"Polygon","coordinates":[[[36.346132,46.884333],[36.348352,46.885656],[36.348353,46.885656],[36.349708,46.886464],[36.349852,46.886549],[36.349905,46.886581],[36.349906,46.886581],[36.350733,46.887073],[36.351308,46.886464],[36.351685,46.886065],[36.348352,46.884081],[36.347076,46.88332],[36.346132,46.884333]]]}},{"type":"Feature","properties":{"cadnum":"2324882800:01:014:0005"},"geometry":{"type":"Polygon","coordinates":[[[36.350467,46.887763],[36.353846,46.889703],[36.353846,46.889702],[36.354743,46.890218],[36.356034,46.890958],[36.356726,46.890218],[36.356886,46.890047],[36.353846,46.888303],[36.353846,46.888302],[36.351327,46.886856],[36.350467,46.887763]]]}},{"type":"Feature","properties":{"cadnum":"2324882800:01:014:0006"},"geometry":{"type":"Polygon","coordinates":[[[36.351327,46.886856],[36.353674,46.888204],[36.356886,46.890047],[36.357684,46.889193],[36.353674,46.886892],[36.352928,46.886464],[36.352132,46.886006],[36.351587,46.886581],[36.351327,46.886856]]]}},{"type":"Feature","properties":{"cadnum":"2324882800:01:014:0004"},"geometry":{"type":"Polygon","coordinates":[[[36.349618,46.888661],[36.352331,46.890218],[36.35233,46.890218],[36.353674,46.890989],[36.353674,46.89099],[36.355192,46.89186],[36.356034,46.890958],[36.354948,46.890335],[36.353674,46.889604],[36.350467,46.887763],[36.349618,46.888661]]]}},{"type":"Feature","properties":{"cadnum":"2324882800:01:014:0007"},"geometry":{"type":"Polygon","coordinates":[[[36.352132,46.886006],[36.353132,46.886581],[36.353133,46.886581],[36.353846,46.886991],[36.353846,46.88699],[36.357684,46.889193],[36.358522,46.888295],[36.355332,46.886464],[36.355331,46.886464],[36.353674,46.885512],[36.353674,46.885513],[36.352978,46.885113],[36.352132,46.886006]]]}},{"type":"Feature","properties":{"cadnum":"2324882800:01:014:0003"},"geometry":{"type":"Polygon","coordinates":[[[36.348705,46.889625],[36.349942,46.890335],[36.353674,46.892478],[36.353674,46.892479],[36.354287,46.89283],[36.355192,46.89186],[36.353846,46.891088],[36.352535,46.890335],[36.349618,46.888661],[36.348705,46.889625]]]}},{"type":"Feature","properties":{"cadnum":"2324882800:02:009:0005"},"geometry":{"type":"Polygon","coordinates":[[[36.300766,46.902203],[36.302969,46.90371],[36.304235,46.903595],[36.304267,46.903592],[36.304407,46.90358],[36.305114,46.903515],[36.306029,46.902455],[36.304685,46.901537],[36.304407,46.901348],[36.302708,46.900186],[36.301462,46.901479],[36.300766,46.902203]]]}},{"type":"Feature","properties":{"cadnum":"2324882800:02:009:0006"},"geometry":{"type":"Polygon","coordinates":[[[36.302708,46.900186],[36.304235,46.90123],[36.304407,46.901348],[36.304599,46.901479],[36.304685,46.901537],[36.304771,46.901596],[36.306029,46.902455],[36.306486,46.901925],[36.307316,46.901681],[36.307399,46.901596],[36.308068,46.900912],[36.304412,46.898414],[36.304235,46.898598],[36.302708,46.900186]]]}},{"type":"Feature","properties":{"cadnum":"2324882800:01:016:0005"},"geometry":{"type":"Polygon","coordinates":[[[36.365564,46.894838],[36.370021,46.897455],[36.370153,46.897315],[36.370198,46.897268],[36.370325,46.897133],[36.371256,46.896148],[36.370263,46.895566],[36.367752,46.894089],[36.366801,46.89353],[36.366271,46.894089],[36.365564,46.894838]]]}},{"type":"Feature","properties":{"cadnum":"2324882800:01:016:0006"},"geometry":{"type":"Polygon","coordinates":[[[36.366801,46.89353],[36.367552,46.893972],[36.370153,46.895501],[36.370263,46.895566],[36.370325,46.895602],[36.371256,46.896148],[36.372533,46.894796],[36.371328,46.894089],[36.370325,46.8935],[36.368077,46.892179],[36.366801,46.89353]]]}},{"type":"Feature","properties":{"cadnum":"2324882800:01:017:0008"},"geometry":{"type":"Polygon","coordinates":[[[36.374359,46.893336],[36.37561,46.894089],[36.375611,46.894089],[36.375647,46.89411],[36.375647,46.894111],[36.379073,46.896172],[36.380406,46.89474],[36.381011,46.894089],[36.381311,46.893766],[36.381682,46.893368],[36.38114,46.893042],[36.38114,46.893043],[36.376997,46.89055],[36.375707,46.891912],[36.374359,46.893336]]]}},{"type":"Feature","properties":{"cadnum":"2324882800:01:017:0005"},"geometry":{"type":"Polygon","coordinates":[[[36.370616,46.897287],[36.371344,46.897725],[36.371343,46.897725],[36.375373,46.90015],[36.375646,46.899856],[36.375647,46.899856],[36.375647,46.899857],[36.376494,46.898945],[36.375647,46.898436],[36.375646,46.898436],[36.374466,46.897725],[36.371749,46.89609],[36.370616,46.897287]]]}},{"type":"Feature","properties":{"cadnum":"2324882800:01:017:0006"},"geometry":{"type":"Polygon","coordinates":[[[36.371749,46.89609],[36.374661,46.897843],[36.375818,46.898539],[36.376494,46.898945],[36.377629,46.897725],[36.377735,46.897612],[36.375647,46.896355],[36.375646,46.896355],[36.373005,46.894765],[36.371749,46.89609]]]}},{"type":"Feature","properties":{"cadnum":"2324882800:01:016:0007"},"geometry":{"type":"Polygon","coordinates":[[[36.368077,46.892179],[36.370153,46.893399],[36.371128,46.893972],[36.372533,46.894796],[36.373289,46.893995],[36.373466,46.89381],[36.373213,46.893746],[36.373212,46.893746],[36.373105,46.893584],[36.372828,46.89367],[36.372453,46.893575],[36.372287,46.893325],[36.372427,46.893067],[36.372787,46.892954],[36.37287,46.892804],[36.372871,46.892804],[36.373113,46.892728],[36.373363,46.892792],[36.373474,46.892959],[36.37338,46.89313],[36.373247,46.893172],[36.373333,46.8933],[36.373289,46.893379],[36.373438,46.893333],[36.373689,46.893396],[36.373757,46.893501],[36.374098,46.89314],[36.375411,46.891751],[36.372999,46.890335],[36.370954,46.889134],[36.370227,46.889904],[36.369818,46.890335],[36.369641,46.890523],[36.368077,46.892179]],[[36.371,46.892197],[36.370972,46.892187],[36.370971,46.892187],[36.370945,46.892174],[36.370922,46.892158],[36.370903,46.89214],[36.370888,46.89212],[36.370878,46.892098],[36.370871,46.892077],[36.37087,46.892054],[36.370872,46.892032],[36.37088,46.89201],[36.370892,46.89199],[36.37091,46.891971],[36.37093,46.891954],[36.370954,46.891938],[36.370981,46.891926],[36.37101,46.891916],[36.371041,46.89191],[36.371073,46.891906],[36.371106,46.891906],[36.371138,46.891909],[36.37117,46.891915],[36.371199,46.891924],[36.371226,46.891936],[36.37125,46.891951],[36.371272,46.891968],[36.371289,46.891987],[36.371303,46.892008],[36.371311,46.892029],[36.371315,46.892052],[36.371315,46.892074],[36.371308,46.892096],[36.371299,46.892117],[36.371284,46.892137],[36.371265,46.892155],[36.371242,46.892171],[36.371217,46.892186],[36.371189,46.892197],[36.371159,46.892205],[36.371127,46.892209],[36.371095,46.892211],[36.371063,46.89221],[36.371031,46.892206],[36.371,46.892197]]]}},{"type":"Feature","properties":{"cadnum":"2324882800:01:017:0015"},"geometry":{"type":"Polygon","coordinates":[[[36.373005,46.894765],[36.375818,46.896459],[36.377735,46.897612],[36.379073,46.896172],[36.375818,46.894214],[36.375416,46.893972],[36.374359,46.893336],[36.373644,46.894089],[36.373005,46.894765]],[[36.374417,46.89403],[36.374418,46.894018],[36.374426,46.893996],[36.37444,46.893975],[36.374457,46.893957],[36.374481,46.893941],[36.374508,46.89393],[36.374537,46.893921],[36.374538,46.893921],[36.37457,46.893917],[36.374602,46.893917],[36.374634,46.89392],[36.374664,46.893929],[36.374692,46.893941],[36.374716,46.893955],[36.374733,46.893972],[36.374732,46.893972],[36.374735,46.893974],[36.374748,46.893994],[36.374756,46.894015],[36.374758,46.89403],[36.374759,46.894038],[36.374753,46.89406],[36.374744,46.894081],[36.374736,46.894089],[36.374737,46.894089],[36.374728,46.8941],[36.374706,46.894117],[36.374681,46.89413],[36.374653,46.894141],[36.374622,46.894148],[36.37459,46.89415],[36.374558,46.894148],[36.374525,46.894142],[36.374497,46.894132],[36.374472,46.894118],[36.37445,46.894102],[36.374433,46.894083],[36.374422,46.894062],[36.374417,46.89404],[36.374417,46.89403]]]}},{"type":"Feature","properties":{"cadnum":"2324882800:02:027:0002"},"geometry":{"type":"Polygon","coordinates":[[[36.328127,46.948568],[36.330045,46.949161],[36.331701,46.949674],[36.333559,46.950248],[36.333559,46.950249],[36.33567,46.950901],[36.335739,46.950366],[36.335971,46.9486],[36.331873,46.947308],[36.329657,46.946609],[36.328153,46.946134],[36.328298,46.946498],[36.328298,46.946499],[36.328661,46.947408],[36.328743,46.947569],[36.328916,46.947693],[36.329431,46.947901],[36.330296,46.948169],[36.330659,46.94835],[36.33075,46.94844],[36.330736,46.948607],[36.330632,46.948693],[36.330494,46.948731],[36.330119,46.948657],[36.329753,46.948587],[36.329191,46.948502],[36.328763,46.948415],[36.328563,46.948303],[36.328314,46.948319],[36.328127,46.948568]]]}},{"type":"Feature","properties":{"cadnum":"2324882800:02:028:0033"},"geometry":{"type":"Polygon","coordinates":[[[36.325303,46.947677],[36.326208,46.947967],[36.327284,46.948311],[36.327363,46.94817],[36.327492,46.947942],[36.327544,46.947773],[36.327583,46.947608],[36.327589,46.947484],[36.327547,46.947336],[36.32751,46.947228],[36.327451,46.947098],[36.32727,46.947011],[36.327081,46.946948],[36.326908,46.946885],[36.326635,46.946841],[36.32633,46.946822],[36.326165,46.946811],[36.325886,46.946825],[36.325682,46.946966],[36.325566,46.94719],[36.325422,46.947464],[36.325303,46.947677]]]}},{"type":"Feature","properties":{"cadnum":"2324882800:02:027:0005"},"geometry":{"type":"Polygon","coordinates":[[[36.327989,46.945491],[36.33001,46.946126],[36.331197,46.946499],[36.331701,46.946658],[36.331722,46.946664],[36.331873,46.946712],[36.332176,46.946806],[36.334162,46.947429],[36.336056,46.948024],[36.336093,46.947743],[36.334028,46.947095],[36.332248,46.946536],[36.331853,46.946412],[36.329981,46.945824],[36.328004,46.945203],[36.327989,46.945491]]]}},{"type":"Feature","properties":{"cadnum":"2324882800:02:027:0003"},"geometry":{"type":"Polygon","coordinates":[[[36.328016,46.945794],[36.328153,46.946134],[36.329311,46.946499],[36.329371,46.946517],[36.329684,46.946616],[36.329685,46.946616],[36.330024,46.946722],[36.331701,46.947249],[36.331937,46.947323],[36.333981,46.947964],[36.335979,46.948591],[36.336018,46.948305],[36.334079,46.947697],[36.332029,46.947053],[36.331701,46.946951],[36.330635,46.946616],[36.330117,46.946453],[36.328016,46.945794]]]}},{"type":"Feature","properties":{"cadnum":"2324882800:02:027:0048"},"geometry":{"type":"Polygon","coordinates":[[[36.327989,46.945491],[36.328016,46.945794],[36.330117,46.946453],[36.330262,46.946498],[36.330262,46.946499],[36.331873,46.947005],[36.332029,46.947053],[36.334079,46.947697],[36.336018,46.948305],[36.336056,46.948024],[36.334162,46.947429],[36.332176,46.946806],[36.331722,46.946664],[36.331568,46.946616],[36.331569,46.946616],[36.331197,46.946499],[36.331196,46.946499],[36.33001,46.946126],[36.327989,46.945491]]]}},{"type":"Feature","properties":{"cadnum":"2324882800:02:008:0011"},"geometry":{"type":"Polygon","coordinates":[[[36.325126,46.916282],[36.325338,46.916489],[36.325338,46.91649],[36.32638,46.917505],[36.329183,46.920241],[36.329183,46.920242],[36.33026,46.921291],[36.331873,46.920954],[36.331878,46.920952],[36.331701,46.92078],[36.331269,46.920359],[36.327305,46.91649],[36.327304,46.91649],[36.326456,46.91566],[36.32638,46.915696],[36.325126,46.916282]]]}},{"type":"Feature","properties":{"cadnum":"2324882800:02:008:0009"},"geometry":{"type":"Polygon","coordinates":[[[36.328161,46.915476],[36.329318,46.916607],[36.329319,46.916607],[36.331873,46.919098],[36.333044,46.920241],[36.333044,46.920242],[36.333439,46.920626],[36.33487,46.920327],[36.334872,46.920327],[36.331701,46.917233],[36.331059,46.916607],[36.329501,46.915085],[36.328161,46.915476]]]}},{"type":"Feature","properties":{"cadnum":"2324882800:02:008:0010"},"geometry":{"type":"Polygon","coordinates":[[[36.326456,46.91566],[36.327424,46.916607],[36.327425,46.916607],[36.331149,46.920241],[36.331149,46.920242],[36.331873,46.920948],[36.331873,46.920947],[36.331878,46.920952],[36.333439,46.920626],[36.333164,46.920359],[36.331701,46.918931],[36.329199,46.91649],[36.329198,46.91649],[36.328161,46.915476],[36.32764,46.915628],[36.326604,46.915592],[36.326456,46.91566]]]}},{"type":"Feature","properties":{"cadnum":"2324882800:03:010:0012"},"geometry":{"type":"Polygon","coordinates":[[[36.329664,46.913505],[36.329762,46.913564],[36.329936,46.913431],[36.329838,46.91337],[36.329664,46.913505]]]}},{"type":"Feature","properties":{"cadnum":"2324882800:03:010:0010"},"geometry":{"type":"Polygon","coordinates":[[[36.330307,46.913702],[36.330654,46.913935],[36.331275,46.9135],[36.330927,46.913268],[36.330307,46.913702]]]}},{"type":"Feature","properties":{"cadnum":"2324882800:02:028:0006"},"geometry":{"type":"Polygon","coordinates":[[[36.325489,46.914212],[36.325841,46.91445],[36.326024,46.914575],[36.32638,46.914818],[36.32638,46.914817],[36.32645,46.914864],[36.327247,46.915406],[36.32743,46.915311],[36.327945,46.915049],[36.328189,46.915274],[36.328854,46.914882],[36.329053,46.914763],[36.328939,46.914671],[36.328884,46.914633],[36.328819,46.914581],[36.328819,46.91458],[36.329016,46.914449],[36.32913,46.914371],[36.328853,46.914201],[36.328658,46.914083],[36.327445,46.913339],[36.327398,46.913312],[36.32686,46.912992],[36.326821,46.913026],[36.326573,46.913237],[36.326208,46.91356],[36.325626,46.914076],[36.325489,46.914212]]]}},{"type":"Feature","properties":{"cadnum":"2324882800:02:028:0001"},"geometry":{"type":"Polygon","coordinates":[[[36.33019,46.915095],[36.331652,46.916607],[36.331873,46.916835],[36.33505,46.920117],[36.335081,46.920241],[36.335081,46.920242],[36.335093,46.920289],[36.33511,46.920359],[36.335111,46.920359],[36.336067,46.924111],[36.33658,46.926121],[36.336492,46.92741],[36.337194,46.927264],[36.337279,46.927246],[36.337366,46.927228],[36.339493,46.926784],[36.338282,46.925632],[36.337366,46.924761],[36.337129,46.924535],[36.336977,46.923993],[36.335927,46.920242],[36.335813,46.919833],[36.336044,46.919396],[36.335071,46.918098],[36.334253,46.91649],[36.33409,46.916166],[36.335243,46.914687],[36.337102,46.913662],[36.335816,46.912737],[36.335769,46.912703],[36.335228,46.912376],[36.334559,46.912737],[36.334383,46.912833],[36.334342,46.912855],[36.331701,46.91428],[36.33019,46.915095]]]}},{"type":"Feature","properties":{"cadnum":"2324882800:02:026:0176"},"geometry":{"type":"Polygon","coordinates":[[[36.342119,46.940197],[36.342688,46.940374],[36.344481,46.940929],[36.344526,46.940533],[36.342859,46.940017],[36.342165,46.939801],[36.342119,46.940197]]]}},{"type":"Feature","properties":{"cadnum":"2324882800:02:026:0180"},"geometry":{"type":"Polygon","coordinates":[[[36.342297,46.938638],[36.342859,46.938813],[36.342859,46.938812],[36.343459,46.938998],[36.34347,46.939001],[36.343837,46.939115],[36.343838,46.939115],[36.34466,46.93937],[36.344692,46.939082],[36.344703,46.938993],[36.342859,46.938422],[36.342342,46.938261],[36.342297,46.938638]]]}},{"type":"Feature","properties":{"cadnum":"2324882800:02:013:0015"},"geometry":{"type":"Polygon","coordinates":[[[36.344836,46.938705],[36.345874,46.938998],[36.346253,46.939105],[36.34629,46.939115],[36.348352,46.939697],[36.348352,46.939696],[36.348353,46.939696],[36.351623,46.940619],[36.351676,46.940077],[36.348265,46.939115],[36.344898,46.938166],[36.344836,46.938705]]]}},{"type":"Feature","properties":{"cadnum":"2324882800:02:013:0005"},"geometry":{"type":"Polygon","coordinates":[[[36.344591,46.940836],[36.348352,46.941897],[36.348353,46.941897],[36.351416,46.94276],[36.351468,46.942229],[36.348181,46.941303],[36.344651,46.940307],[36.344591,46.940836]]]}},{"type":"Feature","properties":{"cadnum":"2324882800:02:013:0012"},"geometry":{"type":"Polygon","coordinates":[[[36.344651,46.940307],[36.348352,46.941351],[36.348353,46.941351],[36.351468,46.942229],[36.351571,46.941163],[36.348181,46.940207],[36.344773,46.939245],[36.344651,46.940307]]]}},{"type":"Feature","properties":{"cadnum":"2324882800:02:013:0013"},"geometry":{"type":"Polygon","coordinates":[[[36.344773,46.939245],[36.348352,46.940255],[36.348353,46.940255],[36.351571,46.941163],[36.351623,46.940619],[36.348181,46.939648],[36.346253,46.939105],[36.344836,46.938705],[36.344802,46.938998],[36.344801,46.938998],[36.34479,46.939099],[36.344788,46.939115],[36.344773,46.939245]]]}},{"type":"Feature","properties":{"cadnum":"2324882800:02:026:0013"},"geometry":{"type":"Polygon","coordinates":[[[36.34219,46.939579],[36.342688,46.939734],[36.344552,46.940311],[36.34458,46.94007],[36.342859,46.939537],[36.342217,46.939338],[36.34219,46.939579]]]}},{"type":"Feature","properties":{"cadnum":"2324882800:02:026:0011"},"geometry":{"type":"Polygon","coordinates":[[[36.342217,46.939338],[36.342688,46.939484],[36.34458,46.94007],[36.34466,46.93937],[36.34347,46.939001],[36.342688,46.938759],[36.342687,46.938759],[36.342297,46.938638],[36.342256,46.938998],[36.342217,46.939338]]]}},{"type":"Feature","properties":{"cadnum":"2324882800:02:026:0171"},"geometry":{"type":"Polygon","coordinates":[[[36.341912,46.941998],[36.342688,46.942239],[36.342855,46.942291],[36.342859,46.942292],[36.344274,46.94273],[36.344309,46.942431],[36.342859,46.941982],[36.341946,46.941699],[36.341912,46.941998]]]}},{"type":"Feature","properties":{"cadnum":"2324882800:02:013:0009"},"geometry":{"type":"Polygon","coordinates":[[[36.34429,46.943441],[36.348352,46.944586],[36.348353,46.944586],[36.351162,46.945378],[36.351264,46.94432],[36.348353,46.943499],[36.348352,46.943499],[36.348352,46.943498],[36.346109,46.942866],[36.344412,46.942387],[36.34437,46.942748],[36.344369,46.942748],[36.344356,46.942861],[36.344356,46.942866],[36.34429,46.943441]]]}},{"type":"Feature","properties":{"cadnum":"2324882800:02:026:0174"},"geometry":{"type":"Polygon","coordinates":[[[36.342029,46.940984],[36.342859,46.941242],[36.342859,46.941241],[36.344392,46.941716],[36.344435,46.94133],[36.342859,46.940842],[36.342073,46.940598],[36.342029,46.940984]]]}},{"type":"Feature","properties":{"cadnum":"2324882800:02:013:0011"},"geometry":{"type":"Polygon","coordinates":[[[36.344529,46.94136],[36.348181,46.94239],[36.348181,46.942391],[36.349864,46.942866],[36.349865,46.942866],[36.351365,46.943289],[36.351416,46.94276],[36.348181,46.941848],[36.344591,46.940836],[36.344529,46.94136]]]}},{"type":"Feature","properties":{"cadnum":"2324882800:02:026:0170"},"geometry":{"type":"Polygon","coordinates":[[[36.34182,46.9428],[36.342032,46.942866],[36.342033,46.942866],[36.342688,46.943069],[36.344183,46.943532],[36.344262,46.942836],[36.344274,46.94273],[36.342855,46.942291],[36.341912,46.941998],[36.341826,46.942748],[36.341825,46.942748],[36.34182,46.9428]]]}},{"type":"Feature","properties":{"cadnum":"2324882800:02:013:0010"},"geometry":{"type":"Polygon","coordinates":[[[36.344412,46.942387],[36.345693,46.942748],[36.348181,46.94345],[36.348181,46.943451],[36.351264,46.94432],[36.351365,46.943289],[36.349448,46.942748],[36.348181,46.942391],[36.34453,46.941361],[36.344412,46.942387]]]}},{"type":"Feature","properties":{"cadnum":"2324882800:01:003:0001"},"geometry":{"type":"Polygon","coordinates":[[[36.341863,46.906723],[36.342688,46.907221],[36.342688,46.907222],[36.345796,46.909102],[36.345797,46.909102],[36.346724,46.909663],[36.347328,46.908985],[36.347938,46.908299],[36.343098,46.905372],[36.342859,46.905633],[36.341863,46.906723]]]}},{"type":"Feature","properties":{"cadnum":"2324882800:01:004:0002"},"geometry":{"type":"Polygon","coordinates":[[[36.348197,46.908268],[36.348352,46.908363],[36.348352,46.908362],[36.348353,46.908362],[36.349581,46.909102],[36.352425,46.910813],[36.353674,46.909357],[36.353674,46.909358],[36.353808,46.909201],[36.353449,46.908985],[36.353448,46.908985],[36.349632,46.906688],[36.348197,46.908268]]]}},{"type":"Feature","properties":{"cadnum":"2324882800:01:003:0002"},"geometry":{"type":"Polygon","coordinates":[[[36.343098,46.905372],[36.347938,46.908299],[36.348181,46.908027],[36.349105,46.906988],[36.348352,46.906534],[36.3462,46.905232],[36.346199,46.905232],[36.344285,46.904074],[36.343118,46.905349],[36.343119,46.905349],[36.343098,46.905372]]]}},{"type":"Feature","properties":{"cadnum":"2324882800:01:004:0011"},"geometry":{"type":"Polygon","coordinates":[[[36.346862,46.909738],[36.348181,46.910531],[36.348181,46.910532],[36.351139,46.912312],[36.352425,46.910812],[36.349582,46.909102],[36.348197,46.908268],[36.347546,46.908985],[36.347545,46.908985],[36.346862,46.909738]]]}},{"type":"Feature","properties":{"cadnum":"2324882800:01:002:0002"},"geometry":{"type":"Polygon","coordinates":[[[36.337086,46.902235],[36.337366,46.902403],[36.342289,46.905349],[36.34229,46.905349],[36.342588,46.905528],[36.342687,46.90542],[36.342688,46.90542],[36.342688,46.905421],[36.342727,46.905377],[36.342753,46.905349],[36.342833,46.905262],[36.342859,46.905234],[36.342859,46.905233],[36.343093,46.904979],[36.343586,46.90444],[36.342688,46.903902],[36.342688,46.903903],[36.342687,46.903903],[36.338639,46.901479],[36.338086,46.901148],[36.337781,46.901479],[36.337334,46.901966],[36.337086,46.902235]]]}},{"type":"Feature","properties":{"cadnum":"2324882800:01:005:0012"},"geometry":{"type":"Polygon","coordinates":[[[36.339812,46.909017],[36.339817,46.90902],[36.33994,46.909102],[36.342688,46.910939],[36.342858,46.911052],[36.342859,46.911053],[36.343317,46.911358],[36.34558,46.912855],[36.345581,46.912855],[36.347203,46.913925],[36.34763,46.914274],[36.348352,46.914998],[36.348353,46.914998],[36.348753,46.915398],[36.349845,46.916489],[36.349845,46.91649],[36.349879,46.916523],[36.349967,46.916607],[36.350898,46.917491],[36.351917,46.918458],[36.35212,46.918628],[36.352404,46.91883],[36.353674,46.919583],[36.353825,46.919672],[36.353846,46.919685],[36.35431,46.919959],[36.355235,46.919317],[36.356159,46.918676],[36.355894,46.918501],[36.358376,46.916806],[36.358058,46.916716],[36.357781,46.916553],[36.354131,46.914393],[36.353697,46.914129],[36.352616,46.913471],[36.351409,46.912737],[36.351408,46.912737],[36.351102,46.91255],[36.349586,46.911629],[36.348181,46.910775],[36.348071,46.910708],[36.34648,46.909764],[36.345363,46.909102],[36.344891,46.908822],[36.3433,46.907879],[36.342688,46.907515],[36.342688,46.907516],[36.342687,46.907516],[36.341711,46.906935],[36.339842,46.908985],[36.339841,46.908985],[36.33984,46.908985],[36.339812,46.909017]]]}},{"type":"Feature","properties":{"cadnum":"2324882800:01:021:0011"},"geometry":{"type":"Polygon","coordinates":[[[36.396557,46.904363],[36.397619,46.904988],[36.398232,46.905349],[36.398233,46.905349],[36.398542,46.905531],[36.400528,46.906698],[36.402513,46.907866],[36.403112,46.908218],[36.403112,46.908219],[36.404416,46.908984],[36.404416,46.908985],[36.404499,46.909033],[36.404501,46.909034],[36.404616,46.909102],[36.406484,46.910201],[36.407686,46.909789],[36.406516,46.909102],[36.405938,46.908762],[36.403112,46.9071],[36.403112,46.907101],[36.4007,46.905681],[36.400135,46.905349],[36.398954,46.904655],[36.397791,46.90397],[36.397209,46.903627],[36.396557,46.904363]],[[36.398452,46.904939],[36.398406,46.904916],[36.398372,46.904885],[36.398349,46.90485],[36.398341,46.904811],[36.398347,46.904773],[36.398369,46.904737],[36.398402,46.904706],[36.398447,46.904682],[36.398499,46.904666],[36.398555,46.904661],[36.398612,46.904666],[36.398664,46.90468],[36.39871,46.904703],[36.398744,46.904734],[36.398766,46.904769],[36.398774,46.904808],[36.398767,46.904846],[36.398747,46.904883],[36.398712,46.904913],[36.398668,46.904937],[36.398616,46.904952],[36.398561,46.904958],[36.398504,46.904953],[36.398452,46.904939]]]}},{"type":"Feature","properties":{"cadnum":"2324882800:01:021:0010"},"geometry":{"type":"Polygon","coordinates":[[[36.395927,46.905075],[36.396193,46.905232],[36.396192,46.905232],[36.397619,46.906071],[36.402575,46.908984],[36.402575,46.908985],[36.403112,46.909301],[36.405323,46.9106],[36.406484,46.910201],[36.404614,46.909102],[36.403112,46.908219],[36.398034,46.905232],[36.398033,46.905232],[36.397791,46.905089],[36.396557,46.904363],[36.395927,46.905075]]]}},{"type":"Feature","properties":{"cadnum":"2324882800:01:021:0014"},"geometry":{"type":"Polygon","coordinates":[[[36.398459,46.902214],[36.403112,46.90495],[36.403112,46.904951],[36.40379,46.905349],[36.403791,46.905349],[36.408606,46.908181],[36.409992,46.908996],[36.41104,46.908636],[36.408777,46.907306],[36.405449,46.905349],[36.403112,46.903975],[36.399027,46.901572],[36.398459,46.902214]]]}},{"type":"Feature","properties":{"cadnum":"2324882800:01:021:0013"},"geometry":{"type":"Polygon","coordinates":[[[36.397851,46.9029],[36.398837,46.90348],[36.398932,46.903306],[36.399297,46.903192],[36.399671,46.903288],[36.399837,46.903538],[36.399711,46.90377],[36.399773,46.903863],[36.399703,46.903989],[36.401816,46.905232],[36.403112,46.905995],[36.408197,46.908984],[36.408197,46.908985],[36.408777,46.909325],[36.408872,46.909381],[36.409994,46.908997],[36.408777,46.908282],[36.403591,46.905232],[36.40359,46.905232],[36.403284,46.905052],[36.403284,46.905051],[36.398459,46.902214],[36.397851,46.9029]]]}},{"type":"Feature","properties":{"cadnum":"2324882800:01:021:0012"},"geometry":{"type":"Polygon","coordinates":[[[36.397209,46.903627],[36.397619,46.903869],[36.400135,46.905349],[36.400136,46.905349],[36.403112,46.9071],[36.406516,46.909102],[36.406517,46.909102],[36.407686,46.909789],[36.408777,46.909414],[36.408871,46.909381],[36.40873,46.909298],[36.408197,46.908985],[36.408196,46.908985],[36.403284,46.906096],[36.401816,46.905232],[36.401815,46.905232],[36.399703,46.903989],[36.399679,46.904034],[36.399436,46.90411],[36.399186,46.904046],[36.399076,46.903879],[36.399093,46.903847],[36.398958,46.903813],[36.398791,46.903563],[36.398837,46.90348],[36.397851,46.9029],[36.397619,46.903163],[36.397209,46.903627]],[[36.399871,46.904987],[36.39984,46.904961],[36.399821,46.904929],[36.399813,46.904896],[36.39982,46.904862],[36.399837,46.904831],[36.399837,46.90483],[36.399868,46.904803],[36.399907,46.904782],[36.399953,46.904769],[36.400002,46.904764],[36.400051,46.904768],[36.400098,46.904781],[36.400136,46.904801],[36.400137,46.904801],[36.400167,46.904828],[36.400187,46.904859],[36.400194,46.904893],[36.400189,46.904927],[36.40017,46.904958],[36.400141,46.904985],[36.400102,46.905006],[36.400056,46.90502],[36.400006,46.905025],[36.399957,46.905021],[36.399911,46.905008],[36.399871,46.904987]],[[36.399372,46.904405],[36.399494,46.904368],[36.399619,46.9044],[36.399675,46.904483],[36.399628,46.904568],[36.399506,46.904607],[36.399381,46.904575],[36.399327,46.904492],[36.399326,46.904491],[36.399327,46.904491],[36.399372,46.904405]]]}},{"type":"Feature","properties":{"cadnum":"2324882800:02:004:0007"},"geometry":{"type":"Polygon","coordinates":[[[36.300797,46.91971],[36.302032,46.920359],[36.302033,46.920359],[36.304235,46.921514],[36.304235,46.921515],[36.308605,46.923806],[36.308907,46.923727],[36.309728,46.923365],[36.309729,46.923365],[36.30981,46.923329],[36.3099,46.923289],[36.309914,46.923283],[36.309782,46.923214],[36.304407,46.920396],[36.304407,46.920395],[36.304337,46.920359],[36.301974,46.919119],[36.300797,46.91971]]]}},{"type":"Feature","properties":{"cadnum":"2324882800:02:004:0006"},"geometry":{"type":"Polygon","coordinates":[[[36.299609,46.920306],[36.299709,46.920359],[36.29971,46.920359],[36.304407,46.922823],[36.304407,46.922822],[36.30664,46.923993],[36.307256,46.924316],[36.307409,46.924248],[36.307854,46.924024],[36.307949,46.923976],[36.308605,46.923806],[36.304407,46.921605],[36.301809,46.920242],[36.300797,46.91971],[36.299737,46.920242],[36.299736,46.920242],[36.299609,46.920306]]]}},{"type":"Feature","properties":{"cadnum":"2324882800:02:004:0003"},"geometry":{"type":"Polygon","coordinates":[[[36.29601,46.92211],[36.298914,46.923634],[36.299822,46.924111],[36.299823,46.924111],[36.303463,46.92602],[36.304407,46.925596],[36.304726,46.925452],[36.304235,46.925195],[36.304235,46.925196],[36.302167,46.924111],[36.298914,46.922404],[36.297208,46.921509],[36.29601,46.92211]]]}},{"type":"Feature","properties":{"cadnum":"2324882800:02:004:0004"},"geometry":{"type":"Polygon","coordinates":[[[36.297208,46.921509],[36.298742,46.922314],[36.301944,46.923993],[36.304407,46.925286],[36.304407,46.925285],[36.304726,46.925452],[36.305982,46.924889],[36.304407,46.924063],[36.298742,46.921092],[36.2984,46.920912],[36.297208,46.921509]]]}},{"type":"Feature","properties":{"cadnum":"2324882800:02:003:0005"},"geometry":{"type":"Polygon","coordinates":[[[36.291675,46.917493],[36.293249,46.918314],[36.296947,46.920241],[36.296947,46.920242],[36.298109,46.920847],[36.298742,46.920531],[36.298887,46.920459],[36.298914,46.920445],[36.299085,46.920359],[36.299086,46.920359],[36.299566,46.920119],[36.298914,46.91978],[36.298914,46.919779],[36.293331,46.916868],[36.293138,46.916767],[36.291675,46.917493]]]}},{"type":"Feature","properties":{"cadnum":"2324882800:02:004:0002"},"geometry":{"type":"Polygon","coordinates":[[[36.294825,46.922706],[36.297502,46.924111],[36.297503,46.924111],[36.298914,46.924852],[36.298914,46.924851],[36.302213,46.926582],[36.302803,46.926317],[36.303463,46.92602],[36.299599,46.923993],[36.298742,46.923544],[36.29601,46.92211],[36.294825,46.922706]]]}},{"type":"Feature","properties":{"cadnum":"2324882800:02:012:0014"},"geometry":{"type":"Polygon","coordinates":[[[36.2984,46.920912],[36.298914,46.921182],[36.304235,46.923973],[36.304497,46.924111],[36.304498,46.924111],[36.305982,46.924889],[36.306562,46.924627],[36.307256,46.924316],[36.306864,46.924111],[36.304235,46.922732],[36.304235,46.922733],[36.299609,46.920306],[36.298816,46.920704],[36.2984,46.920912]]]}},{"type":"Feature","properties":{"cadnum":"2324882800:01:011:0013"},"geometry":{"type":"Polygon","coordinates":[[[36.343181,46.869744],[36.346221,46.871562],[36.346222,46.871562],[36.348352,46.872836],[36.348353,46.872836],[36.348694,46.87304],[36.349432,46.872288],[36.348314,46.871583],[36.34828,46.871562],[36.343987,46.868854],[36.343181,46.869744]]]}},{"type":"Feature","properties":{"cadnum":"2324882800:01:011:0012"},"geometry":{"type":"Polygon","coordinates":[[[36.342429,46.870574],[36.342688,46.870729],[36.342794,46.870793],[36.342859,46.870832],[36.34408,46.871562],[36.347903,46.873847],[36.348352,46.873389],[36.348694,46.87304],[36.348181,46.872733],[36.346026,46.871444],[36.346025,46.871444],[36.343181,46.869744],[36.342859,46.870099],[36.342429,46.870574]]]}},{"type":"Feature","properties":{"cadnum":"2324882800:01:011:0009"},"geometry":{"type":"Polygon","coordinates":[[[36.339796,46.873477],[36.342688,46.875205],[36.342688,46.875206],[36.345138,46.87667],[36.346177,46.875609],[36.345687,46.875317],[36.345688,46.875317],[36.342723,46.873545],[36.340786,46.872386],[36.339796,46.873477]]]}},{"type":"Feature","properties":{"cadnum":"2324882800:01:012:0006"},"geometry":{"type":"Polygon","coordinates":[[[36.346806,46.875454],[36.348352,46.876386],[36.348353,46.876386],[36.351442,46.878247],[36.352408,46.877205],[36.35338,46.876153],[36.351798,46.8752],[36.351797,46.8752],[36.348823,46.873407],[36.348352,46.873885],[36.347811,46.874434],[36.347056,46.8752],[36.346958,46.875299],[36.34694,46.875317],[36.346806,46.875454]]]}},{"type":"Feature","properties":{"cadnum":"2324882800:01:011:0008"},"geometry":{"type":"Polygon","coordinates":[[[36.338753,46.874629],[36.339902,46.875317],[36.339903,46.875317],[36.342859,46.877084],[36.344041,46.87779],[36.345138,46.87667],[36.342874,46.875317],[36.342859,46.875308],[36.339796,46.873477],[36.338753,46.874629]]]}},{"type":"Feature","properties":{"cadnum":"2324882800:01:011:0011"},"geometry":{"type":"Polygon","coordinates":[[[36.341667,46.871413],[36.341719,46.871444],[36.341718,46.871444],[36.342859,46.872127],[36.347104,46.874663],[36.347903,46.873847],[36.343883,46.871444],[36.343882,46.871444],[36.342805,46.8708],[36.342427,46.870574],[36.341667,46.871413]]]}},{"type":"Feature","properties":{"cadnum":"2324882800:01:011:0010"},"geometry":{"type":"Polygon","coordinates":[[[36.340786,46.872386],[36.342688,46.873524],[36.342723,46.873545],[36.342859,46.873626],[36.345491,46.875199],[36.345491,46.8752],[36.346177,46.875609],[36.346578,46.8752],[36.346578,46.875199],[36.347104,46.874663],[36.342688,46.872024],[36.342687,46.872024],[36.341915,46.871562],[36.341667,46.871413],[36.341639,46.871444],[36.341638,46.871444],[36.340786,46.872386]]]}},{"type":"Feature","properties":{"cadnum":"2324882800:02:016:0007"},"geometry":{"type":"Polygon","coordinates":[[[36.365032,46.953459],[36.366375,46.953998],[36.366376,46.953998],[36.370153,46.955513],[36.371985,46.956247],[36.372118,46.954918],[36.370325,46.9542],[36.370116,46.954116],[36.370116,46.954115],[36.365171,46.952132],[36.365032,46.953459]]]}},{"type":"Feature","properties":{"cadnum":"2324882800:02:016:0006"},"geometry":{"type":"Polygon","coordinates":[[[36.364906,46.954657],[36.370153,46.956762],[36.371865,46.957447],[36.371985,46.956247],[36.370325,46.955582],[36.366668,46.954116],[36.366668,46.954115],[36.365032,46.953459],[36.364974,46.953998],[36.364906,46.954657]]]}},{"type":"Feature","properties":{"cadnum":"2324882800:02:016:0009"},"geometry":{"type":"Polygon","coordinates":[[[36.365321,46.950701],[36.370153,46.952639],[36.370153,46.95264],[36.372262,46.953485],[36.372405,46.95205],[36.370325,46.951216],[36.368205,46.950366],[36.36547,46.949269],[36.365355,46.950366],[36.365356,46.950366],[36.365321,46.950701]]]}},{"type":"Feature","properties":{"cadnum":"2324882800:02:016:0010"},"geometry":{"type":"Polygon","coordinates":[[[36.36547,46.949269],[36.367912,46.950248],[36.367912,46.950249],[36.370153,46.951147],[36.370153,46.951148],[36.372405,46.95205],[36.372549,46.950615],[36.371928,46.950366],[36.370325,46.949723],[36.36562,46.947835],[36.36547,46.949269]]]}},{"type":"Feature","properties":{"cadnum":"2324882800:02:016:0002"},"geometry":{"type":"Polygon","coordinates":[[[36.365171,46.952132],[36.369823,46.953998],[36.369824,46.953998],[36.370153,46.954131],[36.372118,46.954918],[36.372209,46.953998],[36.372262,46.953485],[36.370325,46.952709],[36.370325,46.952708],[36.365321,46.950701],[36.365171,46.952132]]]}},{"type":"Feature","properties":{"cadnum":"2324882800:02:015:0008"},"geometry":{"type":"Polygon","coordinates":[[[36.357877,46.949464],[36.359167,46.949981],[36.359318,46.950042],[36.359339,46.95005],[36.360129,46.950366],[36.36466,46.952179],[36.36466,46.95218],[36.364827,46.952246],[36.364832,46.952197],[36.364832,46.952196],[36.364965,46.950953],[36.365026,46.950366],[36.365099,46.949692],[36.364708,46.949536],[36.359167,46.947317],[36.359167,46.947318],[36.35823,46.946942],[36.358055,46.948188],[36.357877,46.949464]]]}},{"type":"Feature","properties":{"cadnum":"2324882800:02:015:0007"},"geometry":{"type":"Polygon","coordinates":[[[36.357692,46.95079],[36.359167,46.95138],[36.36466,46.953578],[36.36466,46.953579],[36.364684,46.953588],[36.364827,46.952246],[36.359836,46.950249],[36.359318,46.950042],[36.357877,46.949464],[36.357767,46.950248],[36.357767,46.950249],[36.357692,46.95079]]]}},{"type":"Feature","properties":{"cadnum":"2324882800:02:001:0004"},"geometry":{"type":"Polygon","coordinates":[[[36.277303,46.914896],[36.278371,46.915453],[36.282434,46.913452],[36.282434,46.913451],[36.282435,46.913451],[36.283883,46.912737],[36.286886,46.911258],[36.285799,46.91071],[36.282435,46.912369],[36.282434,46.912369],[36.282434,46.912368],[36.281446,46.912855],[36.277303,46.914896]]]}},{"type":"Feature","properties":{"cadnum":"2324882800:02:001:0005"},"geometry":{"type":"Polygon","coordinates":[[[36.278371,46.915453],[36.279426,46.916005],[36.282263,46.914607],[36.282263,46.914608],[36.285819,46.912855],[36.287928,46.911817],[36.287928,46.911816],[36.28796,46.9118],[36.287756,46.911697],[36.287756,46.911698],[36.286886,46.911258],[36.283644,46.912855],[36.283645,46.912855],[36.282263,46.913536],[36.278371,46.915453]]]}},{"type":"Feature","properties":{"cadnum":"2324882800:02:001:0003"},"geometry":{"type":"Polygon","coordinates":[[[36.276236,46.914337],[36.276941,46.914707],[36.276941,46.914706],[36.277303,46.914896],[36.281445,46.912855],[36.281446,46.912855],[36.282434,46.912368],[36.282435,46.912368],[36.285799,46.91071],[36.284712,46.910161],[36.282263,46.911368],[36.279482,46.912737],[36.279481,46.912737],[36.27677,46.914074],[36.276236,46.914337]]]}},{"type":"Feature","properties":{"cadnum":"2324882800:02:001:0006"},"geometry":{"type":"Polygon","coordinates":[[[36.279426,46.916005],[36.280352,46.916489],[36.280353,46.916489],[36.280353,46.91649],[36.280352,46.91649],[36.280491,46.916562],[36.282434,46.915605],[36.282434,46.915604],[36.282435,46.915604],[36.287928,46.912898],[36.287928,46.912897],[36.288056,46.912834],[36.289043,46.912347],[36.28796,46.9118],[36.287756,46.911901],[36.286058,46.912737],[36.286057,46.912737],[36.282435,46.914523],[36.282434,46.914523],[36.279426,46.916005]]]}},{"type":"Feature","properties":{"cadnum":"2324882800:02:002:0005"},"geometry":{"type":"Polygon","coordinates":[[[36.283617,46.909419],[36.28515,46.910174],[36.286761,46.910967],[36.287756,46.911458],[36.288542,46.911845],[36.290085,46.912605],[36.290353,46.912737],[36.290352,46.912737],[36.291527,46.913315],[36.292285,46.913707],[36.293421,46.91314],[36.293621,46.91304],[36.294224,46.912737],[36.295277,46.91221],[36.296697,46.9115],[36.298274,46.910711],[36.298742,46.910477],[36.299578,46.910058],[36.301019,46.909337],[36.301724,46.908985],[36.302393,46.90865],[36.303918,46.907887],[36.302106,46.906909],[36.301497,46.906623],[36.301227,46.906583],[36.300833,46.906727],[36.300738,46.907558],[36.299991,46.908604],[36.300007,46.908875],[36.299956,46.908985],[36.299948,46.909003],[36.299198,46.909043],[36.299112,46.909048],[36.298742,46.909065],[36.298742,46.909066],[36.296794,46.909161],[36.294463,46.909273],[36.293421,46.909332],[36.29198,46.909413],[36.289853,46.909532],[36.288229,46.909623],[36.287909,46.90959],[36.286619,46.909251],[36.285086,46.909111],[36.284785,46.909117],[36.283617,46.909419]]]}},{"type":"Feature","properties":{"cadnum":"2324882800:02:001:0002"},"geometry":{"type":"Polygon","coordinates":[[[36.275172,46.913781],[36.276236,46.914337],[36.276941,46.91399],[36.276941,46.913989],[36.279243,46.912855],[36.279244,46.912855],[36.282434,46.911283],[36.282435,46.911283],[36.284712,46.910161],[36.283629,46.909614],[36.282263,46.910287],[36.282263,46.910288],[36.277051,46.912855],[36.277053,46.912855],[36.276941,46.91291],[36.276941,46.912909],[36.275172,46.913781]]]}},{"type":"Feature","properties":{"cadnum":"2324882800:02:001:0001"},"geometry":{"type":"Polygon","coordinates":[[[36.27392,46.913126],[36.275172,46.913781],[36.276769,46.912994],[36.27677,46.912994],[36.27677,46.912995],[36.27729,46.912737],[36.282434,46.910203],[36.282435,46.910203],[36.283629,46.909614],[36.28321,46.909402],[36.282386,46.909689],[36.281223,46.91009],[36.279052,46.910555],[36.27677,46.911698],[36.27677,46.911699],[36.27446,46.912855],[36.274461,46.912855],[36.27392,46.913126]]]}},{"type":"Feature","properties":{"cadnum":"2324882800:01:007:0005"},"geometry":{"type":"Polygon","coordinates":[[[36.366079,46.918068],[36.369646,46.920241],[36.369646,46.920242],[36.369645,46.920242],[36.369924,46.920411],[36.370325,46.920325],[36.370325,46.920324],[36.370608,46.920263],[36.372537,46.919846],[36.370325,46.918499],[36.370325,46.918498],[36.369268,46.917854],[36.367482,46.916763],[36.367477,46.916761],[36.366331,46.917832],[36.366079,46.918068]]]}},{"type":"Feature","properties":{"cadnum":"2324882800:01:007:0006"},"geometry":{"type":"Polygon","coordinates":[[[36.362071,46.913465],[36.363894,46.914577],[36.36466,46.915044],[36.365678,46.915664],[36.367223,46.916607],[36.367224,46.916607],[36.367477,46.916761],[36.367768,46.91649],[36.367768,46.916489],[36.368056,46.916221],[36.368574,46.915737],[36.364832,46.913473],[36.363617,46.912737],[36.363152,46.912455],[36.362849,46.912737],[36.362848,46.912737],[36.362071,46.913465]]]}},{"type":"Feature","properties":{"cadnum":"2324882800:01:007:0004"},"geometry":{"type":"Polygon","coordinates":[[[36.363974,46.920037],[36.364308,46.920241],[36.364308,46.920242],[36.36466,46.920457],[36.365984,46.921263],[36.368877,46.920637],[36.369924,46.920411],[36.369838,46.920359],[36.366079,46.918068],[36.365166,46.918922],[36.36466,46.919395],[36.363974,46.920037]]]}},{"type":"Feature","properties":{"cadnum":"2324882800:01:007:0002"},"geometry":{"type":"Polygon","coordinates":[[[36.359757,46.915623],[36.361369,46.916607],[36.36137,46.916607],[36.36466,46.918614],[36.365166,46.918922],[36.366079,46.918068],[36.366331,46.917832],[36.364832,46.916918],[36.364832,46.916917],[36.364131,46.91649],[36.36413,46.91649],[36.360924,46.914534],[36.359757,46.915623]]]}},{"type":"Feature","properties":{"cadnum":"2324882800:01:007:0003"},"geometry":{"type":"Polygon","coordinates":[[[36.360924,46.914535],[36.36413,46.916489],[36.36413,46.91649],[36.364129,46.91649],[36.364832,46.916918],[36.366331,46.917832],[36.367477,46.916761],[36.367031,46.91649],[36.365678,46.915664],[36.364832,46.915149],[36.364832,46.915148],[36.363894,46.914577],[36.362071,46.913465],[36.360924,46.914535]]]}},{"type":"Feature","properties":{"cadnum":"2324882800:01:007:0001"},"geometry":{"type":"Polygon","coordinates":[[[36.358562,46.916738],[36.359167,46.917107],[36.363974,46.920037],[36.364832,46.919235],[36.364832,46.919234],[36.365166,46.918922],[36.364832,46.918718],[36.361177,46.91649],[36.359757,46.915623],[36.359167,46.916173],[36.359167,46.916174],[36.358702,46.916607],[36.358562,46.916738]]]}},{"type":"Feature","properties":{"cadnum":"2324882800:01:007:0023"},"geometry":{"type":"Polygon","coordinates":[[[36.368056,46.916221],[36.368499,46.916489],[36.368499,46.91649],[36.370325,46.917595],[36.373647,46.919605],[36.374643,46.919391],[36.375609,46.919181],[36.371356,46.916607],[36.370153,46.915879],[36.369103,46.915243],[36.368574,46.915737],[36.368056,46.916221]]]}},{"type":"Feature","properties":{"cadnum":"2324882800:01:007:0014"},"geometry":{"type":"Polygon","coordinates":[[[36.367477,46.916761],[36.367482,46.916763],[36.369268,46.917854],[36.370153,46.918394],[36.372537,46.919846],[36.373647,46.919605],[36.370153,46.917491],[36.368693,46.916607],[36.368056,46.916221],[36.367642,46.916607],[36.367477,46.916761]]]}},{"type":"Feature","properties":{"cadnum":"2324882800:01:012:0012"},"geometry":{"type":"Polygon","coordinates":[[[36.361599,46.885398],[36.363389,46.886464],[36.364832,46.887322],[36.369652,46.89019],[36.370153,46.889659],[36.370224,46.889583],[36.370325,46.889476],[36.370381,46.889416],[36.370153,46.88928],[36.370153,46.889281],[36.365567,46.886551],[36.36466,46.886012],[36.362323,46.88462],[36.3619,46.885074],[36.361599,46.885398]]]}},{"type":"Feature","properties":{"cadnum":"2324882800:01:015:0013"},"geometry":{"type":"Polygon","coordinates":[[[36.362323,46.88462],[36.364832,46.886114],[36.365419,46.886464],[36.365567,46.886551],[36.365616,46.886581],[36.365617,46.886581],[36.370325,46.889383],[36.370325,46.889382],[36.370381,46.889416],[36.371111,46.888642],[36.370325,46.888175],[36.367448,46.886464],[36.364832,46.884907],[36.364832,46.884906],[36.363047,46.883844],[36.362323,46.88462]]]}},{"type":"Feature","properties":{"cadnum":"2324882800:01:015:0016"},"geometry":{"type":"Polygon","coordinates":[[[36.364497,46.882288],[36.36466,46.882385],[36.36466,46.882386],[36.365402,46.882827],[36.370153,46.885654],[36.371712,46.886581],[36.372571,46.887092],[36.373163,46.886464],[36.373273,46.886347],[36.370153,46.884453],[36.367478,46.882827],[36.365254,46.881475],[36.364832,46.881928],[36.364497,46.882288]]]}},{"type":"Feature","properties":{"cadnum":"2324882800:01:015:0014"},"geometry":{"type":"Polygon","coordinates":[[[36.363047,46.883844],[36.36466,46.884804],[36.36466,46.884805],[36.367646,46.886581],[36.370153,46.888073],[36.371111,46.888642],[36.371841,46.887868],[36.370153,46.886864],[36.370153,46.886865],[36.369677,46.886581],[36.369551,46.886506],[36.36948,46.886464],[36.364832,46.883699],[36.364832,46.883698],[36.363771,46.883067],[36.363047,46.883844]]]}},{"type":"Feature","properties":{"cadnum":"2324882800:02:014:0011"},"geometry":{"type":"Polygon","coordinates":[[[36.351827,46.941719],[36.353674,46.94245],[36.354725,46.942866],[36.354726,46.942866],[36.358328,46.944289],[36.358484,46.943172],[36.357412,46.942748],[36.353674,46.941271],[36.351937,46.940584],[36.351827,46.941719]]]}},{"type":"Feature","properties":{"cadnum":"2324882800:02:014:0012"},"geometry":{"type":"Polygon","coordinates":[[[36.351937,46.940584],[36.353846,46.941339],[36.353846,46.941338],[36.357708,46.942866],[36.358484,46.943172],[36.358527,46.942866],[36.358611,46.942278],[36.358628,46.942157],[36.35864,46.942066],[36.353846,46.94017],[36.352047,46.939458],[36.352047,46.939459],[36.352038,46.939548],[36.352026,46.939672],[36.351937,46.940584]]]}},{"type":"Feature","properties":{"cadnum":"2324882800:02:014:0010"},"geometry":{"type":"Polygon","coordinates":[[[36.351716,46.942866],[36.351716,46.942867],[36.353674,46.943641],[36.358168,46.945418],[36.358328,46.944289],[36.354429,46.942748],[36.353846,46.942518],[36.351827,46.941719],[36.351727,46.942748],[36.351717,46.942852],[36.351716,46.942866]]]}},{"type":"Feature","properties":{"cadnum":"2324882800:02:017:0010"},"geometry":{"type":"Polygon","coordinates":[[[36.3729,46.95038],[36.375818,46.951532],[36.379364,46.952931],[36.379518,46.95176],[36.37569,46.950249],[36.375688,46.950249],[36.373015,46.949193],[36.372913,46.950248],[36.372913,46.950249],[36.372912,46.950249],[36.3729,46.95038]]]}},{"type":"Feature","properties":{"cadnum":"2324882800:02:017:0011"},"geometry":{"type":"Polygon","coordinates":[[[36.373015,46.949194],[36.375647,46.950233],[36.375666,46.950241],[36.375818,46.950301],[36.375818,46.9503],[36.375985,46.950366],[36.379518,46.95176],[36.379693,46.950443],[36.379201,46.950249],[36.3792,46.950249],[36.375748,46.948887],[36.373145,46.947859],[36.373015,46.949194]]]}},{"type":"Feature","properties":{"cadnum":"2324882800:02:016:0011"},"geometry":{"type":"Polygon","coordinates":[[[36.36562,46.947835],[36.370153,46.949654],[36.371635,46.950249],[36.372549,46.950615],[36.372585,46.950249],[36.372585,46.950248],[36.372693,46.949177],[36.370325,46.948228],[36.366305,46.946616],[36.366304,46.946616],[36.365771,46.946402],[36.36576,46.946499],[36.36562,46.947835]]]}},{"type":"Feature","properties":{"cadnum":"2324882800:02:016:0012"},"geometry":{"type":"Polygon","coordinates":[[[36.365771,46.946402],[36.366012,46.946498],[36.366012,46.946499],[36.370153,46.948159],[36.372693,46.949177],[36.372844,46.947669],[36.371039,46.947029],[36.370325,46.946743],[36.370009,46.946616],[36.365921,46.944976],[36.365771,46.946402]]]}},{"type":"Feature","properties":{"cadnum":"2324882800:02:008:0001"},"geometry":{"type":"Polygon","coordinates":[[[36.30616,46.925026],[36.30791,46.925964],[36.3099,46.925549],[36.3099,46.925548],[36.312418,46.925022],[36.311363,46.923993],[36.310481,46.923131],[36.3099,46.923387],[36.3099,46.923386],[36.308514,46.923993],[36.30616,46.925026]]]}},{"type":"Feature","properties":{"cadnum":"2324882800:02:028:0002"},"geometry":{"type":"Polygon","coordinates":[[[36.307973,46.889513],[36.308569,46.889954],[36.308957,46.890335],[36.308958,46.890335],[36.309202,46.890573],[36.3099,46.891377],[36.310163,46.891679],[36.310461,46.892426],[36.311828,46.893972],[36.311827,46.893972],[36.312295,46.8945],[36.313657,46.894632],[36.31398,46.894491],[36.31392,46.894447],[36.313443,46.893972],[36.31333,46.893857],[36.314122,46.89348],[36.313908,46.893196],[36.313907,46.893196],[36.313816,46.892932],[36.313816,46.892931],[36.31488,46.892345],[36.313295,46.890918],[36.312569,46.890218],[36.312568,46.890218],[36.3099,46.88764],[36.309823,46.887564],[36.309822,46.887564],[36.307973,46.889513]]]}},{"type":"Feature","properties":{"cadnum":"2324882800:02:008:0005"},"geometry":{"type":"Polygon","coordinates":[[[36.323712,46.916942],[36.326208,46.919378],[36.326208,46.919379],[36.327092,46.920241],[36.327092,46.920242],[36.328538,46.921651],[36.33026,46.921291],[36.329303,46.920359],[36.326208,46.917338],[36.325458,46.916607],[36.325126,46.916282],[36.324681,46.91649],[36.323712,46.916942]]]}},{"type":"Feature","properties":{"cadnum":"2324882800:01:008:0004"},"geometry":{"type":"Polygon","coordinates":[[[36.381252,46.913438],[36.386293,46.916489],[36.386293,46.91649],[36.386292,46.91649],[36.386633,46.916695],[36.386633,46.916696],[36.386756,46.91677],[36.386805,46.91676],[36.386805,46.916759],[36.387788,46.916544],[36.388759,46.916331],[36.38674,46.915096],[36.386656,46.915162],[36.382651,46.912737],[36.38214,46.912428],[36.381765,46.912855],[36.381252,46.913438]]]}},{"type":"Feature","properties":{"cadnum":"2324882800:01:020:0001"},"geometry":{"type":"Polygon","coordinates":[[[36.382551,46.911781],[36.384167,46.912737],[36.386805,46.914297],[36.387306,46.914593],[36.388398,46.913355],[36.387552,46.912855],[36.386633,46.912311],[36.383633,46.910537],[36.382551,46.911781]]]}},{"type":"Feature","properties":{"cadnum":"2324882800:01:008:0002"},"geometry":{"type":"Polygon","coordinates":[[[36.378499,46.916568],[36.378562,46.916607],[36.378563,46.916607],[36.380937,46.918044],[36.38114,46.918],[36.381289,46.917967],[36.381311,46.917963],[36.381311,46.917962],[36.384383,46.91729],[36.38306,46.91649],[36.381311,46.915431],[36.38013,46.914715],[36.378568,46.91649],[36.378499,46.916568]]]}},{"type":"Feature","properties":{"cadnum":"2324882800:01:008:0003"},"geometry":{"type":"Polygon","coordinates":[[[36.38013,46.914715],[36.38114,46.915327],[36.383253,46.916607],[36.383254,46.916607],[36.384383,46.91729],[36.386633,46.916797],[36.386756,46.91677],[36.386487,46.916607],[36.381252,46.913438],[36.38013,46.914715]]]}},{"type":"Feature","properties":{"cadnum":"2324882800:01:020:0011"},"geometry":{"type":"Polygon","coordinates":[[[36.382239,46.912137],[36.383232,46.912737],[36.386633,46.914792],[36.386705,46.914836],[36.386805,46.914896],[36.386805,46.914895],[36.386959,46.914988],[36.387306,46.914593],[36.386633,46.914196],[36.384365,46.912855],[36.382551,46.911781],[36.382239,46.912137]]]}},{"type":"Feature","properties":{"cadnum":"2324882800:01:023:0050"},"geometry":{"type":"Polygon","coordinates":[[[36.315171,46.890642],[36.315393,46.890787],[36.315393,46.890786],[36.315394,46.890786],[36.317342,46.892047],[36.318294,46.892663],[36.319186,46.893239],[36.319665,46.893546],[36.320378,46.893151],[36.320715,46.893136],[36.320818,46.893131],[36.320887,46.893153],[36.321596,46.893379],[36.321977,46.893717],[36.322169,46.893919],[36.322221,46.893972],[36.322281,46.894032],[36.322338,46.894089],[36.322462,46.894214],[36.322814,46.894508],[36.323121,46.894753],[36.323436,46.894987],[36.323471,46.89495],[36.324233,46.894073],[36.324418,46.893861],[36.325212,46.892935],[36.326208,46.89181],[36.326208,46.891811],[36.327513,46.890335],[36.329066,46.888582],[36.330944,46.886464],[36.330943,46.886464],[36.331701,46.88561],[36.331759,46.885545],[36.331873,46.885417],[36.332408,46.884813],[36.331701,46.88439],[36.328889,46.882709],[36.32638,46.881209],[36.325068,46.880424],[36.324441,46.881111],[36.323967,46.881637],[36.323313,46.88237],[36.322906,46.882827],[36.322907,46.882827],[36.320944,46.885036],[36.320715,46.885288],[36.319645,46.886464],[36.319643,46.886464],[36.319587,46.886527],[36.319536,46.886581],[36.319237,46.8869],[36.318557,46.88759],[36.317443,46.888594],[36.31564,46.890218],[36.315614,46.890241],[36.31551,46.890335],[36.315262,46.89056],[36.315171,46.890642]]]}},{"type":"Feature","properties":{"cadnum":"2324882800:01:024:0002"},"geometry":{"type":"Polygon","coordinates":[[[36.310492,46.887617],[36.311715,46.888433],[36.313637,46.889642],[36.314754,46.890335],[36.314976,46.890473],[36.315187,46.890284],[36.315222,46.890253],[36.315222,46.890254],[36.315337,46.890151],[36.315393,46.890101],[36.315393,46.8901],[36.317828,46.887926],[36.319179,46.886464],[36.32005,46.885523],[36.320715,46.884804],[36.320715,46.884805],[36.322542,46.882827],[36.322543,46.882827],[36.322886,46.882455],[36.325705,46.879334],[36.326086,46.879009],[36.326287,46.878839],[36.323577,46.877224],[36.321127,46.875763],[36.320719,46.876207],[36.319293,46.877752],[36.318184,46.878955],[36.318183,46.878955],[36.316717,46.880545],[36.315394,46.881941],[36.315393,46.881941],[36.314664,46.882709],[36.314638,46.882736],[36.314553,46.882827],[36.314223,46.883176],[36.312242,46.885264],[36.311196,46.886464],[36.310492,46.887272],[36.310492,46.887617]]]}},{"type":"Feature","properties":{"cadnum":"2324882800:01:023:0001"},"geometry":{"type":"Polygon","coordinates":[[[36.32508,46.880417],[36.326208,46.881091],[36.32627,46.881128],[36.32638,46.881194],[36.328914,46.882709],[36.328913,46.882709],[36.331873,46.884479],[36.33242,46.884806],[36.333781,46.883289],[36.333008,46.882827],[36.333009,46.882827],[36.331701,46.882045],[36.326632,46.879013],[36.326443,46.8789],[36.326394,46.878955],[36.326393,46.878955],[36.326289,46.879071],[36.32508,46.880417]]]}},{"type":"Feature","properties":{"cadnum":"2324882800:01:002:0005"},"geometry":{"type":"Polygon","coordinates":[[[36.34007,46.898995],[36.342859,46.900666],[36.342859,46.900665],[36.344414,46.901596],[36.345563,46.902283],[36.346301,46.901479],[36.3463,46.901479],[36.346681,46.901064],[36.342859,46.898777],[36.341191,46.897779],[36.341131,46.897843],[36.341132,46.897843],[36.34007,46.898995]]]}},{"type":"Feature","properties":{"cadnum":"2324882800:01:002:0006"},"geometry":{"type":"Polygon","coordinates":[[[36.341191,46.897779],[36.341297,46.897843],[36.341298,46.897843],[36.342688,46.898675],[36.346681,46.901064],[36.347823,46.899818],[36.344325,46.897725],[36.342859,46.896848],[36.342336,46.896535],[36.34124,46.897725],[36.341239,46.897725],[36.341191,46.897778],[36.341191,46.897779]]]}},{"type":"Feature","properties":{"cadnum":"2324882800:01:001:0005"},"geometry":{"type":"Polygon","coordinates":[[[36.335718,46.894564],[36.337366,46.895504],[36.341002,46.897576],[36.341954,46.896536],[36.337456,46.893972],[36.337455,46.893972],[36.337366,46.893921],[36.337366,46.89392],[36.336628,46.8935],[36.336224,46.893972],[36.336223,46.893972],[36.33621,46.893987],[36.336123,46.894089],[36.335718,46.894564]]]}},{"type":"Feature","properties":{"cadnum":"2324882800:01:001:0006"},"geometry":{"type":"Polygon","coordinates":[[[36.336628,46.8935],[36.337194,46.893822],[36.337194,46.893823],[36.337661,46.894089],[36.337662,46.894089],[36.341954,46.896536],[36.342859,46.895549],[36.342859,46.895548],[36.342921,46.895481],[36.342688,46.895348],[36.342687,46.895348],[36.340478,46.894089],[36.340479,46.894089],[36.337551,46.89242],[36.337196,46.892836],[36.336628,46.8935]]]}},{"type":"Feature","properties":{"cadnum":"2324882800:01:002:0007"},"geometry":{"type":"Polygon","coordinates":[[[36.342336,46.896535],[36.342688,46.896745],[36.342688,46.896746],[36.344521,46.897843],[36.347823,46.899818],[36.348181,46.899428],[36.34893,46.898609],[36.348324,46.898246],[36.347454,46.897725],[36.343449,46.895328],[36.342754,46.896082],[36.342336,46.896535]]]}},{"type":"Feature","properties":{"cadnum":"2324882800:01:001:0007"},"geometry":{"type":"Polygon","coordinates":[[[36.337551,46.89242],[36.340273,46.893972],[36.340272,46.893972],[36.342859,46.895446],[36.342921,46.895481],[36.343924,46.894386],[36.343197,46.893972],[36.342688,46.893681],[36.342687,46.893681],[36.33851,46.891298],[36.337551,46.89242]]]}},{"type":"Feature","properties":{"cadnum":"2324882800:01:001:0003"},"geometry":{"type":"Polygon","coordinates":[[[36.33334,46.897346],[36.33421,46.897843],[36.334211,46.897843],[36.337366,46.899642],[36.338511,46.900295],[36.339791,46.898898],[36.337732,46.897725],[36.337366,46.897517],[36.337366,46.897516],[36.334561,46.895917],[36.33334,46.897346]],[[36.336189,46.897843],[36.336097,46.897704],[36.336191,46.897533],[36.336434,46.897458],[36.336683,46.897522],[36.336684,46.897522],[36.336795,46.897688],[36.336774,46.897725],[36.336773,46.897725],[36.336701,46.89786],[36.336458,46.897936],[36.336207,46.897871],[36.336189,46.897843]]]}},{"type":"Feature","properties":{"cadnum":"2324882800:01:001:0004"},"geometry":{"type":"Polygon","coordinates":[[[36.334562,46.895917],[36.337366,46.897516],[36.337733,46.897725],[36.337732,46.897725],[36.339791,46.898898],[36.340756,46.897843],[36.341002,46.897576],[36.337194,46.895406],[36.335718,46.894564],[36.334562,46.895917]]]}},{"type":"Feature","properties":{"cadnum":"2324882800:01:021:0002"},"geometry":{"type":"Polygon","coordinates":[[[36.388595,46.913359],[36.391799,46.915244],[36.392298,46.915073],[36.394312,46.914381],[36.392298,46.913196],[36.391717,46.912855],[36.389958,46.911819],[36.389145,46.912737],[36.388595,46.913359]]]}},{"type":"Feature","properties":{"cadnum":"2324882800:01:021:0004"},"geometry":{"type":"Polygon","coordinates":[[[36.391146,46.910477],[36.392126,46.911054],[36.394988,46.912737],[36.396505,46.913629],[36.397619,46.913246],[36.397619,46.913247],[36.398406,46.912975],[36.398141,46.91282],[36.397791,46.912614],[36.392177,46.909312],[36.391146,46.910477]]]}},{"type":"Feature","properties":{"cadnum":"2324882800:01:020:0002"},"geometry":{"type":"Polygon","coordinates":[[[36.383633,46.910537],[36.386805,46.912413],[36.387353,46.912737],[36.388398,46.913355],[36.388868,46.91282],[36.389551,46.912046],[36.386805,46.910423],[36.386805,46.910422],[36.384777,46.909223],[36.383633,46.910537]]]}},{"type":"Feature","properties":{"cadnum":"2324882800:01:021:0003"},"geometry":{"type":"Polygon","coordinates":[[[36.389958,46.911819],[36.391517,46.912737],[36.392126,46.913095],[36.394312,46.914381],[36.396505,46.913629],[36.395188,46.912855],[36.392298,46.911155],[36.391146,46.910477],[36.389958,46.911819]]]}},{"type":"Feature","properties":{"cadnum":"2324882800:01:021:0005"},"geometry":{"type":"Polygon","coordinates":[[[36.392177,46.909312],[36.392298,46.909383],[36.397619,46.912513],[36.398,46.912737],[36.398141,46.91282],[36.3982,46.912855],[36.398406,46.912975],[36.3991,46.912737],[36.400077,46.912402],[36.397619,46.910956],[36.397619,46.910957],[36.394466,46.909102],[36.393084,46.908288],[36.392362,46.909102],[36.392363,46.909102],[36.392177,46.909312]]]}},{"type":"Feature","properties":{"cadnum":"2324882800:02:024:0003"},"geometry":{"type":"Polygon","coordinates":[[[36.343173,46.926324],[36.347013,46.927862],[36.348181,46.92833],[36.348348,46.928397],[36.348352,46.928399],[36.351552,46.929679],[36.352749,46.928789],[36.35014,46.927745],[36.348352,46.92703],[36.345405,46.925849],[36.343173,46.926324]]]}},{"type":"Feature","properties":{"cadnum":"2324882800:02:024:0002"},"geometry":{"type":"Polygon","coordinates":[[[36.341684,46.926978],[36.342688,46.92738],[36.343891,46.927862],[36.348181,46.92958],[36.350459,46.930492],[36.351552,46.929679],[36.348348,46.928397],[36.34672,46.927745],[36.343173,46.926324],[36.342709,46.926424],[36.341888,46.926599],[36.341684,46.926978]]]}},{"type":"Feature","properties":{"cadnum":"2324882800:02:024:0001"},"geometry":{"type":"Polygon","coordinates":[[[36.341153,46.927963],[36.342688,46.928577],[36.348181,46.930777],[36.348263,46.93081],[36.348352,46.930846],[36.348353,46.930846],[36.349413,46.93127],[36.350459,46.930492],[36.348352,46.929649],[36.343598,46.927745],[36.342859,46.927449],[36.341684,46.926978],[36.34127,46.927745],[36.341238,46.927805],[36.341207,46.927862],[36.341153,46.927963]]]}},{"type":"Feature","properties":{"cadnum":"2324882800:02:024:0004"},"geometry":{"type":"Polygon","coordinates":[[[36.345405,46.925849],[36.348181,46.926961],[36.350432,46.927862],[36.350433,46.927862],[36.352749,46.928789],[36.353846,46.927974],[36.353846,46.927973],[36.354134,46.927759],[36.353687,46.927581],[36.348352,46.925445],[36.347986,46.925299],[36.345405,46.925849]]]}},{"type":"Feature","properties":{"cadnum":"2324882800:02:025:0003"},"geometry":{"type":"Polygon","coordinates":[[[36.342608,46.920396],[36.342688,46.920548],[36.342757,46.920681],[36.342859,46.920878],[36.344481,46.923993],[36.345305,46.925574],[36.347245,46.92515],[36.346702,46.924111],[36.346703,46.924111],[36.345032,46.920904],[36.343645,46.920351],[36.342859,46.920386],[36.342859,46.920385],[36.342608,46.920396]]]}},{"type":"Feature","properties":{"cadnum":"2324882800:02:025:0001"},"geometry":{"type":"Polygon","coordinates":[[[36.339221,46.921798],[36.340364,46.923993],[36.340363,46.923993],[36.341608,46.926381],[36.342687,46.926146],[36.342688,46.926146],[36.34281,46.926119],[36.342859,46.926108],[36.343394,46.925991],[36.342688,46.924635],[36.342688,46.924634],[36.342354,46.923993],[36.342353,46.923993],[36.340654,46.92073],[36.339352,46.921433],[36.339221,46.921798]]]}},{"type":"Feature","properties":{"cadnum":"2324882800:02:025:0002"},"geometry":{"type":"Polygon","coordinates":[[[36.340654,46.92073],[36.342414,46.924111],[36.342415,46.924111],[36.342859,46.924964],[36.343394,46.925991],[36.345305,46.925574],[36.344542,46.924111],[36.342757,46.920681],[36.342608,46.920396],[36.341958,46.920426],[36.340671,46.920722],[36.340654,46.92073]]]}},{"type":"Feature","properties":{"cadnum":"2324882800:02:024:0005"},"geometry":{"type":"Polygon","coordinates":[[[36.347986,46.925299],[36.348181,46.925376],[36.353674,46.927575],[36.353687,46.927581],[36.353846,46.927644],[36.354134,46.927759],[36.355864,46.926473],[36.353846,46.925665],[36.351212,46.92461],[36.348314,46.925229],[36.347986,46.925299]]]}},{"type":"Feature","properties":{"cadnum":"2324882800:02:005:0001"},"geometry":{"type":"Polygon","coordinates":[[[36.296023,46.938875],[36.29643,46.938998],[36.298914,46.939745],[36.303615,46.941157],[36.304222,46.940721],[36.301001,46.938998],[36.301,46.938998],[36.298742,46.937789],[36.298457,46.937636],[36.296023,46.938875]]]}},{"type":"Feature","properties":{"cadnum":"2324882800:02:012:0001"},"geometry":{"type":"Polygon","coordinates":[[[36.30408,46.941368],[36.304235,46.941415],[36.309061,46.942866],[36.3099,46.943118],[36.315393,46.94477],[36.315393,46.944769],[36.315394,46.944769],[36.320235,46.946225],[36.320601,46.945678],[36.315394,46.944114],[36.315393,46.944114],[36.310854,46.942748],[36.310853,46.942748],[36.3099,46.942462],[36.304722,46.940905],[36.304369,46.94116],[36.30408,46.941368]]]}},{"type":"Feature","properties":{"cadnum":"2324882800:01:002:0010"},"geometry":{"type":"Polygon","coordinates":[[[36.345275,46.893345],[36.346518,46.894089],[36.348181,46.895084],[36.350752,46.896622],[36.351205,46.896128],[36.351631,46.895662],[36.348807,46.893972],[36.348352,46.8937],[36.346158,46.892386],[36.345275,46.893345]]]}},{"type":"Feature","properties":{"cadnum":"2324882800:01:014:0001"},"geometry":{"type":"Polygon","coordinates":[[[36.347254,46.891157],[36.348181,46.891702],[36.348181,46.891703],[36.352043,46.893972],[36.352199,46.894063],[36.352243,46.894089],[36.352804,46.894418],[36.35311,46.894089],[36.353111,46.894089],[36.353341,46.893843],[36.353341,46.893842],[36.348181,46.89088],[36.348181,46.890881],[36.34775,46.890633],[36.347254,46.891157]]]}},{"type":"Feature","properties":{"cadnum":"2324882800:01:001:0008"},"geometry":{"type":"Polygon","coordinates":[[[36.338509,46.891298],[36.342859,46.893779],[36.343402,46.894089],[36.343403,46.894089],[36.343924,46.894386],[36.344234,46.894047],[36.3449,46.89332],[36.342688,46.892059],[36.342687,46.892059],[36.339519,46.890252],[36.339442,46.890208],[36.339433,46.890218],[36.33936,46.890303],[36.339332,46.890335],[36.338509,46.891298]]]}},{"type":"Feature","properties":{"cadnum":"2324882800:01:002:0011"},"geometry":{"type":"Polygon","coordinates":[[[36.346158,46.892386],[36.348181,46.893597],[36.349003,46.894089],[36.351631,46.895662],[36.35262,46.894583],[36.351768,46.894089],[36.348181,46.892007],[36.34709,46.891374],[36.346158,46.892386]]]}},{"type":"Feature","properties":{"cadnum":"2324882800:01:002:0009"},"geometry":{"type":"Polygon","coordinates":[[[36.344402,46.894292],[36.348181,46.896554],[36.349881,46.897571],[36.350752,46.896622],[36.348352,46.895187],[36.346322,46.893972],[36.345275,46.893345],[36.344588,46.894089],[36.344589,46.894089],[36.344402,46.894292]]]}},{"type":"Feature","properties":{"cadnum":"2324882800:01:001:0009"},"geometry":{"type":"Polygon","coordinates":[[[36.339442,46.890208],[36.33946,46.890218],[36.339519,46.890252],[36.339665,46.890335],[36.342859,46.892157],[36.3449,46.89332],[36.345918,46.892208],[36.342688,46.890366],[36.342427,46.890218],[36.340414,46.88907],[36.339442,46.890208]]]}},{"type":"Feature","properties":{"cadnum":"2324882800:02:002:0004"},"geometry":{"type":"Polygon","coordinates":[[[36.301019,46.909337],[36.304202,46.910946],[36.304235,46.910931],[36.304271,46.910914],[36.304407,46.91085],[36.304407,46.910849],[36.307308,46.909478],[36.306507,46.909102],[36.304353,46.908091],[36.303919,46.907887],[36.301725,46.908985],[36.301724,46.908985],[36.301019,46.909337]]]}},{"type":"Feature","properties":{"cadnum":"2324882800:02:022:0006"},"geometry":{"type":"Polygon","coordinates":[[[36.369125,46.938483],[36.370153,46.938891],[36.370424,46.938998],[36.37561,46.94105],[36.375646,46.941022],[36.375647,46.941022],[36.375683,46.940995],[36.375818,46.940891],[36.376898,46.940065],[36.375818,46.939638],[36.374497,46.939115],[36.370404,46.937495],[36.370274,46.937596],[36.369125,46.938483]]]}},{"type":"Feature","properties":{"cadnum":"2324882800:02:021:0008"},"geometry":{"type":"Polygon","coordinates":[[[36.362163,46.938155],[36.364564,46.939115],[36.36466,46.939154],[36.364687,46.939164],[36.364832,46.939222],[36.366744,46.939986],[36.367408,46.939477],[36.366503,46.939115],[36.36466,46.938379],[36.362835,46.937649],[36.362163,46.938155]]]}},{"type":"Feature","properties":{"cadnum":"2324882800:02:021:0004"},"geometry":{"type":"Polygon","coordinates":[[[36.362835,46.937649],[36.364832,46.938448],[36.366209,46.938998],[36.367408,46.939477],[36.368032,46.938998],[36.368909,46.938325],[36.364766,46.936669],[36.364354,46.936504],[36.362835,46.937649]]]}},{"type":"Feature","properties":{"cadnum":"2324882800:02:022:0005"},"geometry":{"type":"Polygon","coordinates":[[[36.36762,46.939644],[36.370325,46.940716],[36.370325,46.940715],[36.374096,46.942207],[36.37561,46.94105],[36.370721,46.939115],[36.370325,46.938959],[36.369125,46.938483],[36.368457,46.938998],[36.36762,46.939644]]]}},{"type":"Feature","properties":{"cadnum":"2324882800:02:020:0006"},"geometry":{"type":"Polygon","coordinates":[[[36.359458,46.934355],[36.361981,46.935364],[36.361982,46.935364],[36.364258,46.936275],[36.364832,46.935842],[36.36513,46.935617],[36.364832,46.935499],[36.364832,46.935498],[36.364204,46.935247],[36.360326,46.933696],[36.359458,46.934355]]]}},{"type":"Feature","properties":{"cadnum":"2324882800:01:006:0007"},"geometry":{"type":"Polygon","coordinates":[[[36.363109,46.905168],[36.363215,46.905232],[36.36466,46.906104],[36.36471,46.906134],[36.364832,46.906208],[36.367664,46.907915],[36.369071,46.906599],[36.366803,46.905232],[36.364677,46.90395],[36.364363,46.90376],[36.363109,46.905168]]]}},{"type":"Feature","properties":{"cadnum":"2324882800:01:005:0008"},"geometry":{"type":"Polygon","coordinates":[[[36.360917,46.901256],[36.361286,46.901479],[36.361418,46.901558],[36.361481,46.901596],[36.364436,46.903378],[36.364639,46.90315],[36.36466,46.903126],[36.364714,46.903066],[36.364832,46.902934],[36.364832,46.902933],[36.364902,46.902855],[36.364667,46.902714],[36.362814,46.901596],[36.361371,46.900725],[36.360917,46.901256]]]}},{"type":"Feature","properties":{"cadnum":"2324882800:01:006:0008"},"geometry":{"type":"Polygon","coordinates":[[[36.364363,46.90376],[36.36466,46.90394],[36.364677,46.90395],[36.364832,46.904043],[36.366998,46.905349],[36.369071,46.906599],[36.370153,46.905588],[36.370185,46.905558],[36.370325,46.905428],[36.370419,46.90534],[36.370239,46.905232],[36.370153,46.905181],[36.365557,46.90242],[36.364699,46.903383],[36.364363,46.90376]]]}},{"type":"Feature","properties":{"cadnum":"2324882800:01:005:0011"},"geometry":{"type":"Polygon","coordinates":[[[36.361371,46.900725],[36.362619,46.901479],[36.362681,46.901516],[36.362814,46.901596],[36.364832,46.902813],[36.364832,46.902812],[36.364902,46.902854],[36.365368,46.90233],[36.364785,46.901978],[36.364152,46.901596],[36.361825,46.900191],[36.361371,46.900725]]]}},{"type":"Feature","properties":{"cadnum":"2324882800:01:015:0007"},"geometry":{"type":"Polygon","coordinates":[[[36.357555,46.889733],[36.358369,46.890218],[36.359339,46.890795],[36.361566,46.89212],[36.36466,46.893961],[36.36466,46.893963],[36.364873,46.894089],[36.364874,46.894089],[36.364875,46.894089],[36.36558,46.89451],[36.366087,46.893972],[36.366432,46.893607],[36.36466,46.892553],[36.360933,46.890335],[36.360879,46.890303],[36.360736,46.890218],[36.359339,46.889387],[36.3584,46.888827],[36.357555,46.889733]]]}},{"type":"Feature","properties":{"cadnum":"2324882800:01:015:0009"},"geometry":{"type":"Polygon","coordinates":[[[36.359245,46.887922],[36.359339,46.887978],[36.363102,46.890218],[36.363207,46.890281],[36.363299,46.890335],[36.36466,46.891145],[36.367282,46.892705],[36.368128,46.891806],[36.365458,46.890218],[36.364832,46.889845],[36.360086,46.88702],[36.359245,46.887922]]]}},{"type":"Feature","properties":{"cadnum":"2324882800:01:015:0010"},"geometry":{"type":"Polygon","coordinates":[[[36.360086,46.88702],[36.36466,46.889743],[36.365655,46.890335],[36.368128,46.891806],[36.368914,46.890972],[36.367646,46.890218],[36.364832,46.888544],[36.364832,46.888543],[36.361512,46.886568],[36.360866,46.886183],[36.360604,46.886464],[36.360603,46.886464],[36.360086,46.88702]]]}},{"type":"Feature","properties":{"cadnum":"2324882800:01:014:0009"},"geometry":{"type":"Polygon","coordinates":[[[36.353874,46.884167],[36.357875,46.886463],[36.357875,46.886464],[36.357874,46.886464],[36.359339,46.887304],[36.35941,46.887344],[36.360232,46.886464],[36.360284,46.886408],[36.359339,46.885866],[36.359339,46.885865],[36.354756,46.883234],[36.353874,46.884167]]]}},{"type":"Feature","properties":{"cadnum":"2324882800:01:014:0008"},"geometry":{"type":"Polygon","coordinates":[[[36.352978,46.885113],[36.353846,46.885611],[36.355535,46.886581],[36.355536,46.886581],[36.358522,46.888295],[36.359339,46.887421],[36.35941,46.887344],[36.359167,46.887205],[36.359167,46.887206],[36.358079,46.886581],[36.353874,46.884167],[36.353751,46.884297],[36.352978,46.885113]]]}},{"type":"Feature","properties":{"cadnum":"2324882800:01:015:0008"},"geometry":{"type":"Polygon","coordinates":[[[36.3584,46.888827],[36.359167,46.889284],[36.359167,46.889285],[36.360879,46.890303],[36.364832,46.892656],[36.364832,46.892655],[36.366432,46.893607],[36.367282,46.892705],[36.364832,46.891247],[36.363207,46.890281],[36.359245,46.887922],[36.3584,46.888827]]]}},{"type":"Feature","properties":{"cadnum":"2324882800:02:012:0004"},"geometry":{"type":"Polygon","coordinates":[[[36.306042,46.939956],[36.309729,46.941064],[36.309729,46.941065],[36.315222,46.942716],[36.315615,46.942834],[36.320887,46.944419],[36.321349,46.944558],[36.321733,46.943984],[36.320715,46.943679],[36.318011,46.942866],[36.315222,46.942027],[36.3099,46.940428],[36.3099,46.940427],[36.306717,46.939469],[36.306716,46.939469],[36.306042,46.939956]]]}},{"type":"Feature","properties":{"cadnum":"2324882800:02:012:0002"},"geometry":{"type":"Polygon","coordinates":[[[36.304722,46.940905],[36.309729,46.94241],[36.309729,46.942411],[36.311243,46.942866],[36.311244,46.942866],[36.315222,46.944062],[36.320601,46.945678],[36.320715,46.945508],[36.32079,46.945395],[36.320887,46.945251],[36.320887,46.94525],[36.320971,46.945123],[36.320715,46.945047],[36.315222,46.943395],[36.313461,46.942866],[36.3099,46.941796],[36.3099,46.941795],[36.305377,46.940435],[36.304722,46.940905]]]}},{"type":"Feature","properties":{"cadnum":"2324882800:02:012:0003"},"geometry":{"type":"Polygon","coordinates":[[[36.305377,46.940435],[36.309729,46.941744],[36.313071,46.942748],[36.315393,46.943447],[36.315393,46.943446],[36.315394,46.943446],[36.320887,46.945099],[36.320887,46.945098],[36.320971,46.945123],[36.321349,46.944558],[36.320715,46.944367],[36.320715,46.944368],[36.315721,46.942866],[36.315615,46.942834],[36.31533,46.942748],[36.315329,46.942748],[36.3099,46.941116],[36.306042,46.939956],[36.305377,46.940435]]]}},{"type":"Feature","properties":{"cadnum":"2324882800:02:011:0001"},"geometry":{"type":"Polygon","coordinates":[[[36.318088,46.93167],[36.319114,46.933785],[36.320715,46.933448],[36.320715,46.933449],[36.323986,46.93276],[36.323429,46.931614],[36.323429,46.931613],[36.322956,46.930638],[36.320715,46.931113],[36.320715,46.931114],[36.318909,46.931496],[36.318907,46.931496],[36.318494,46.931584],[36.318355,46.931613],[36.318355,46.931614],[36.318088,46.93167]]]}},{"type":"Feature","properties":{"cadnum":"2324882800:04:002:0001"},"geometry":{"type":"Polygon","coordinates":[[[36.3228,46.899113],[36.322904,46.899181],[36.323085,46.899055],[36.322979,46.898985],[36.3228,46.899113]]]}},{"type":"Feature","properties":{"cadnum":"2324882800:04:003:0017"},"geometry":{"type":"Polygon","coordinates":[[[36.325917,46.90054],[36.325937,46.900594],[36.326208,46.900772],[36.326208,46.900773],[36.326287,46.900824],[36.32638,46.900885],[36.32645,46.90093],[36.326506,46.90091],[36.326644,46.900807],[36.326712,46.900714],[36.326802,46.900638],[36.326892,46.900561],[36.326782,46.9005],[36.326675,46.900439],[36.326549,46.900366],[36.326342,46.900251],[36.326267,46.900244],[36.326262,46.900246],[36.325917,46.90054]]]}},{"type":"Feature","properties":{"cadnum":"2324882800:03:007:0014"},"geometry":{"type":"Polygon","coordinates":[[[36.32418,46.900822],[36.324304,46.900904],[36.324512,46.900757],[36.324387,46.900674],[36.32418,46.900822]]]}},{"type":"Feature","properties":{"cadnum":"2324882800:03:007:0013"},"geometry":{"type":"Polygon","coordinates":[[[36.322825,46.90101],[36.322972,46.901231],[36.32311,46.901147],[36.323557,46.900802],[36.324078,46.900465],[36.323876,46.900329],[36.323374,46.90068],[36.322968,46.900936],[36.322825,46.90101]]]}},{"type":"Feature","properties":{"cadnum":"2324882800:04:002:0002"},"geometry":{"type":"Polygon","coordinates":[[[36.322767,46.89928],[36.323128,46.899523],[36.323724,46.899107],[36.323365,46.898863],[36.322767,46.89928]]]}},{"type":"Feature","properties":{"cadnum":"2324882800:04:005:0002"},"geometry":{"type":"Polygon","coordinates":[[[36.32429,46.897915],[36.324675,46.898173],[36.325234,46.897781],[36.324851,46.897523],[36.324561,46.897725],[36.324492,46.897774],[36.324394,46.897843],[36.32429,46.897915]]]}},{"type":"Feature","properties":{"cadnum":"2324882800:01:018:0009"},"geometry":{"type":"Polygon","coordinates":[[[36.379648,46.895899],[36.381311,46.896901],[36.381311,46.8969],[36.381312,46.8969],[36.382681,46.897725],[36.385246,46.899269],[36.386485,46.897956],[36.386592,46.897843],[36.386593,46.897843],[36.386805,46.897619],[36.386805,46.897618],[36.387627,46.896748],[36.386633,46.896149],[36.383017,46.893972],[36.382022,46.893372],[36.381458,46.893972],[36.381393,46.894041],[36.381348,46.894089],[36.38114,46.894312],[36.380884,46.894584],[36.379648,46.895899]]]}},{"type":"Feature","properties":{"cadnum":"2324882800:01:019:0009"},"geometry":{"type":"Polygon","coordinates":[[[36.383931,46.901021],[36.384891,46.901596],[36.386633,46.902638],[36.386704,46.902681],[36.386805,46.90274],[36.389047,46.90408],[36.39003,46.90295],[36.387568,46.901479],[36.387567,46.901479],[36.386805,46.901022],[36.384967,46.899924],[36.384765,46.900137],[36.384766,46.900138],[36.384672,46.900309],[36.384573,46.900341],[36.383931,46.901021]]]}},{"type":"Feature","properties":{"cadnum":"2324882800:01:019:0008"},"geometry":{"type":"Polygon","coordinates":[[[36.383011,46.901996],[36.386633,46.904162],[36.386633,46.904163],[36.386702,46.904204],[36.386805,46.904265],[36.388174,46.905083],[36.389047,46.90408],[36.386704,46.902681],[36.384695,46.901479],[36.383931,46.901021],[36.383387,46.901596],[36.383388,46.901596],[36.383011,46.901996]]]}},{"type":"Feature","properties":{"cadnum":"2324882800:01:019:0010"},"geometry":{"type":"Polygon","coordinates":[[[36.384967,46.899923],[36.386633,46.90092],[36.386737,46.900982],[36.386805,46.901022],[36.387765,46.901596],[36.39003,46.90295],[36.391279,46.901514],[36.386778,46.898825],[36.386283,46.898528],[36.384967,46.899923]]]}},{"type":"Feature","properties":{"cadnum":"2324882800:01:019:0011"},"geometry":{"type":"Polygon","coordinates":[[[36.386283,46.898528],[36.386633,46.898738],[36.386778,46.898825],[36.386805,46.898841],[36.391279,46.901514],[36.392298,46.900343],[36.392612,46.899982],[36.392144,46.899703],[36.388836,46.897725],[36.387688,46.897039],[36.38704,46.897725],[36.387039,46.897725],[36.386736,46.898049],[36.386283,46.898528]]]}},{"type":"Feature","properties":{"cadnum":"2324882800:01:018:0008"},"geometry":{"type":"Polygon","coordinates":[[[36.378454,46.897172],[36.379567,46.897843],[36.381311,46.898893],[36.381312,46.898893],[36.384047,46.900539],[36.384239,46.900337],[36.384179,46.900321],[36.384069,46.900155],[36.384161,46.899983],[36.384404,46.899908],[36.384597,46.899957],[36.385246,46.899269],[36.382876,46.897843],[36.38114,46.896797],[36.379648,46.895899],[36.378454,46.897172]]]}},{"type":"Feature","properties":{"cadnum":"2324882800:01:018:0007"},"geometry":{"type":"Polygon","coordinates":[[[36.377311,46.898389],[36.381311,46.900798],[36.381312,46.900798],[36.382636,46.901596],[36.382637,46.901596],[36.382901,46.901755],[36.383161,46.901479],[36.38316,46.901479],[36.384047,46.900539],[36.38114,46.898789],[36.379372,46.897725],[36.378454,46.897172],[36.377933,46.897725],[36.377311,46.898389]]]}},{"type":"Feature","properties":{"cadnum":"2324882800:01:018:0006"},"geometry":{"type":"Polygon","coordinates":[[[36.376198,46.899573],[36.379362,46.901479],[36.379361,46.901479],[36.38114,46.902549],[36.38114,46.90255],[36.381785,46.902937],[36.382901,46.901755],[36.382442,46.901479],[36.38114,46.900694],[36.377311,46.898389],[36.376198,46.899573]]]}},{"type":"Feature","properties":{"cadnum":"2324882800:02:001:0007"},"geometry":{"type":"Polygon","coordinates":[[[36.280491,46.916562],[36.280577,46.916607],[36.281571,46.917126],[36.282434,46.916701],[36.282435,46.916701],[36.282625,46.916607],[36.287756,46.914079],[36.290143,46.912902],[36.289816,46.912737],[36.289043,46.912347],[36.288251,46.912737],[36.288056,46.912834],[36.288013,46.912855],[36.287756,46.912982],[36.282263,46.915689],[36.280638,46.91649],[36.280637,46.91649],[36.280491,46.916562]]]}},{"type":"Feature","properties":{"cadnum":"2324882800:01:004:0009"},"geometry":{"type":"Polygon","coordinates":[[[36.336995,46.910764],[36.337194,46.911094],[36.337194,46.911095],[36.338187,46.912737],[36.338255,46.912849],[36.338258,46.912855],[36.338494,46.913244],[36.342504,46.915694],[36.342687,46.91558],[36.342688,46.91558],[36.342688,46.915581],[36.343219,46.91525],[36.343335,46.915316],[36.344357,46.914682],[36.343727,46.914438],[36.343113,46.914187],[36.342859,46.914037],[36.342641,46.913907],[36.342549,46.913921],[36.342087,46.914295],[36.342087,46.914296],[36.34154,46.914315],[36.340912,46.914051],[36.340728,46.913767],[36.340887,46.912974],[36.340802,46.912912],[36.340405,46.912842],[36.340404,46.912841],[36.340026,46.9126],[36.340286,46.911945],[36.340398,46.911592],[36.34061,46.911423],[36.34059,46.911299],[36.339921,46.91062],[36.339395,46.910063],[36.338411,46.909391],[36.338379,46.9095],[36.337983,46.90997],[36.337194,46.910604],[36.336995,46.910764]]]}},{"type":"Feature","properties":{"cadnum":"2324882800:02:026:0001"},"geometry":{"type":"Polygon","coordinates":[[[36.339588,46.915162],[36.340197,46.915525],[36.340444,46.915352],[36.340528,46.915333],[36.34077,46.915339],[36.339859,46.914796],[36.339633,46.914972],[36.339745,46.91504],[36.339588,46.915162]]]}},{"type":"Feature","properties":{"cadnum":"2324882800:01:011:0006"},"geometry":{"type":"Polygon","coordinates":[[[36.336828,46.876752],[36.337194,46.876971],[36.337258,46.877009],[36.337366,46.877073],[36.340709,46.879072],[36.34071,46.879072],[36.342018,46.879854],[36.342687,46.879171],[36.342688,46.879171],[36.342688,46.879172],[36.342859,46.878996],[36.342899,46.878955],[36.342899,46.878954],[36.3429,46.878954],[36.343052,46.878799],[36.342688,46.878581],[36.337813,46.875666],[36.337194,46.876348],[36.337194,46.876349],[36.336828,46.876752]]]}},{"type":"Feature","properties":{"cadnum":"2324882800:01:011:0002"},"geometry":{"type":"Polygon","coordinates":[[[36.332993,46.880981],[36.336079,46.882827],[36.337194,46.883494],[36.337213,46.883505],[36.337366,46.883597],[36.337366,46.883596],[36.337987,46.883967],[36.338939,46.882997],[36.338654,46.882827],[36.337194,46.881955],[36.333898,46.879984],[36.332993,46.880981]]]}},{"type":"Feature","properties":{"cadnum":"2324882800:01:011:0003"},"geometry":{"type":"Polygon","coordinates":[[[36.333898,46.879984],[36.337366,46.882058],[36.338652,46.882827],[36.338653,46.882827],[36.338938,46.882997],[36.33922,46.882709],[36.339219,46.882709],[36.339944,46.881971],[36.337207,46.880336],[36.334897,46.878955],[36.334854,46.878929],[36.334831,46.878955],[36.33483,46.878955],[36.333898,46.879984]]]}},{"type":"Feature","properties":{"cadnum":"2324882800:01:011:0005"},"geometry":{"type":"Polygon","coordinates":[[[36.33584,46.877842],[36.337366,46.878754],[36.337702,46.878954],[36.337702,46.878955],[36.337701,46.878955],[36.34098,46.880914],[36.342018,46.879854],[36.340514,46.878955],[36.340513,46.878955],[36.337258,46.877009],[36.336828,46.876752],[36.33584,46.877842]]]}},{"type":"Feature","properties":{"cadnum":"2324882800:01:012:0003"},"geometry":{"type":"Polygon","coordinates":[[[36.339186,46.883185],[36.342859,46.885399],[36.344116,46.886157],[36.344942,46.885264],[36.342688,46.883905],[36.342688,46.883906],[36.342687,46.883906],[36.340897,46.882827],[36.340046,46.882313],[36.339655,46.882709],[36.339654,46.882709],[36.339186,46.883185]]]}},{"type":"Feature","properties":{"cadnum":"2324882800:01:012:0004"},"geometry":{"type":"Polygon","coordinates":[[[36.340046,46.882313],[36.340702,46.882709],[36.340701,46.882709],[36.342859,46.884009],[36.344942,46.885264],[36.345757,46.884384],[36.342977,46.882709],[36.342688,46.882535],[36.342687,46.882535],[36.340893,46.881453],[36.340046,46.882313]]]}},{"type":"Feature","properties":{"cadnum":"2324882800:01:011:0004"},"geometry":{"type":"Polygon","coordinates":[[[36.334854,46.878929],[36.335093,46.879072],[36.337194,46.880329],[36.337207,46.880336],[36.337366,46.880431],[36.339944,46.881971],[36.34098,46.880914],[36.337703,46.878955],[36.337702,46.878955],[36.337235,46.878675],[36.33584,46.877841],[36.334854,46.878929]]]}},{"type":"Feature","properties":{"cadnum":"2324882800:01:012:0005"},"geometry":{"type":"Polygon","coordinates":[[[36.340893,46.881453],[36.342859,46.882639],[36.343172,46.882827],[36.345757,46.884384],[36.346677,46.88339],[36.347309,46.882709],[36.347308,46.882709],[36.347635,46.882358],[36.342846,46.879473],[36.341851,46.880482],[36.340893,46.881453]]]}},{"type":"Feature","properties":{"cadnum":"2324882800:02:026:0164"},"geometry":{"type":"Polygon","coordinates":[[[36.341607,46.944664],[36.342688,46.944999],[36.343968,46.945395],[36.343999,46.945135],[36.342688,46.944729],[36.342687,46.944729],[36.341636,46.944403],[36.341607,46.944664]]]}},{"type":"Feature","properties":{"cadnum":"2324882800:02:026:0168"},"geometry":{"type":"Polygon","coordinates":[[[36.341756,46.943365],[36.342688,46.943654],[36.344119,46.944097],[36.34416,46.943734],[36.342816,46.943319],[36.341797,46.943003],[36.341756,46.943365]]]}},{"type":"Feature","properties":{"cadnum":"2324882800:02:026:0025"},"geometry":{"type":"Polygon","coordinates":[[[36.34147,46.945851],[36.342688,46.946229],[36.343833,46.946584],[36.34387,46.946255],[36.342795,46.945923],[36.341507,46.945524],[36.34147,46.945851]]]}},{"type":"Feature","properties":{"cadnum":"2324882800:02:013:0007"},"geometry":{"type":"Polygon","coordinates":[[[36.344047,46.945545],[36.34743,46.946499],[36.348181,46.946711],[36.348202,46.946717],[36.348352,46.94676],[36.348352,46.946759],[36.348353,46.946759],[36.350956,46.947493],[36.351041,46.946616],[36.351059,46.946438],[36.348181,46.945627],[36.344168,46.944495],[36.344047,46.945545]]]}},{"type":"Feature","properties":{"cadnum":"2324882800:02:013:0008"},"geometry":{"type":"Polygon","coordinates":[[[36.344168,46.944495],[36.348352,46.945676],[36.348352,46.945675],[36.348353,46.945675],[36.351059,46.946438],[36.351162,46.945378],[36.348181,46.944537],[36.348181,46.944538],[36.34429,46.943441],[36.344168,46.944495]]]}},{"type":"Feature","properties":{"cadnum":"2324882800:02:026:0009"},"geometry":{"type":"Polygon","coordinates":[[[36.341636,46.944403],[36.342859,46.944783],[36.342859,46.944782],[36.343999,46.945135],[36.344025,46.944908],[36.342859,46.944548],[36.341662,46.944176],[36.341636,46.944403]]]}},{"type":"Feature","properties":{"cadnum":"2324882800:02:013:0006"},"geometry":{"type":"Polygon","coordinates":[[[36.343911,46.946727],[36.348181,46.947931],[36.348181,46.947932],[36.35084,46.948681],[36.350956,46.947493],[36.348202,46.946717],[36.347845,46.946616],[36.344047,46.945545],[36.343936,46.946499],[36.343931,46.946544],[36.343923,46.946616],[36.343911,46.946727]]]}},{"type":"Feature","properties":{"cadnum":"2324882800:02:026:0161"},"geometry":{"type":"Polygon","coordinates":[[[36.341507,46.945524],[36.342688,46.94589],[36.342795,46.945923],[36.342859,46.945943],[36.34387,46.946255],[36.343905,46.945947],[36.342859,46.945623],[36.342859,46.945622],[36.341544,46.945214],[36.341507,46.945524]]]}},{"type":"Feature","properties":{"cadnum":"2324882800:02:026:0159"},"geometry":{"type":"Polygon","coordinates":[[[36.341431,46.946189],[36.342429,46.946499],[36.342688,46.946579],[36.343794,46.946922],[36.343833,46.946584],[36.343558,46.946499],[36.342859,46.946283],[36.34147,46.945851],[36.341431,46.946189]]]}},{"type":"Feature","properties":{"cadnum":"2324882800:02:026:0162"},"geometry":{"type":"Polygon","coordinates":[[[36.341544,46.945214],[36.342688,46.945569],[36.343905,46.945947],[36.343935,46.945695],[36.342809,46.945347],[36.341572,46.944963],[36.341544,46.945214]]]}},{"type":"Feature","properties":{"cadnum":"2324882800:02:026:0166"},"geometry":{"type":"Polygon","coordinates":[[[36.341662,46.944176],[36.342688,46.944494],[36.344025,46.944908],[36.344098,46.944261],[36.342859,46.943877],[36.341737,46.943529],[36.341662,46.944176]]]}},{"type":"Feature","properties":{"cadnum":"2324882800:02:026:0022"},"geometry":{"type":"Polygon","coordinates":[[[36.341572,46.944963],[36.342688,46.945309],[36.342809,46.945347],[36.342859,46.945362],[36.343935,46.945695],[36.343968,46.945395],[36.342859,46.945052],[36.341607,46.944664],[36.341572,46.944963]]]}},{"type":"Feature","properties":{"cadnum":"2324882800:01:019:0012"},"geometry":{"type":"Polygon","coordinates":[[[36.387688,46.897039],[36.389032,46.897843],[36.389033,46.897843],[36.392126,46.899693],[36.392144,46.899703],[36.392298,46.899795],[36.392612,46.899982],[36.393903,46.898499],[36.39255,46.897725],[36.392282,46.897573],[36.388972,46.895679],[36.387688,46.897039]]]}},{"type":"Feature","properties":{"cadnum":"2324882800:01:018:0011"},"geometry":{"type":"Polygon","coordinates":[[[36.382022,46.893372],[36.383212,46.894089],[36.386805,46.896253],[36.387627,46.896748],[36.388761,46.895543],[36.386805,46.894372],[36.386333,46.894089],[36.386194,46.894006],[36.386137,46.893972],[36.383143,46.892179],[36.382022,46.893372]]]}},{"type":"Feature","properties":{"cadnum":"2324882800:01:021:0008"},"geometry":{"type":"Polygon","coordinates":[[[36.394619,46.906553],[36.397619,46.908317],[36.397619,46.908318],[36.398753,46.908984],[36.398753,46.908985],[36.398752,46.908985],[36.40291,46.911429],[36.403112,46.91136],[36.40415,46.911003],[36.403284,46.910494],[36.400917,46.909102],[36.397791,46.907264],[36.395291,46.905793],[36.394619,46.906553]]]}},{"type":"Feature","properties":{"cadnum":"2324882800:01:022:0001"},"geometry":{"type":"Polygon","coordinates":[[[36.354025,46.923758],[36.354035,46.923779],[36.354112,46.923953],[36.354134,46.923998],[36.354425,46.923937],[36.354818,46.923853],[36.356026,46.923598],[36.357418,46.923303],[36.359167,46.922941],[36.36466,46.921802],[36.366165,46.92149],[36.368678,46.920946],[36.370153,46.920633],[36.370153,46.920634],[36.371777,46.920289],[36.375646,46.919468],[36.375647,46.919468],[36.381311,46.918268],[36.381311,46.918267],[36.384936,46.917498],[36.386534,46.91715],[36.386633,46.917126],[36.388242,46.916725],[36.38886,46.916585],[36.388862,46.916585],[36.3892,46.916475],[36.390301,46.916101],[36.390399,46.91607],[36.390654,46.915987],[36.390777,46.915946],[36.392298,46.915423],[36.39283,46.915239],[36.392958,46.915197],[36.393151,46.915192],[36.393333,46.915113],[36.393444,46.91503],[36.394417,46.914706],[36.394921,46.914534],[36.397791,46.913563],[36.397791,46.913562],[36.39988,46.912855],[36.400576,46.912619],[36.403284,46.911677],[36.403776,46.911505],[36.404601,46.911222],[36.405178,46.911019],[36.408605,46.909837],[36.408606,46.909837],[36.408606,46.909838],[36.411009,46.909008],[36.410983,46.908973],[36.410873,46.908822],[36.410844,46.908783],[36.410252,46.908985],[36.410251,46.908985],[36.408777,46.909488],[36.404997,46.910775],[36.404413,46.91097],[36.403602,46.911247],[36.403284,46.911357],[36.400383,46.912359],[36.399282,46.912737],[36.399281,46.912737],[36.397619,46.913309],[36.394745,46.914296],[36.394246,46.914462],[36.392665,46.915014],[36.392262,46.915149],[36.390612,46.915703],[36.390125,46.915864],[36.388918,46.91628],[36.388718,46.916347],[36.388709,46.916348],[36.388128,46.91648],[36.388092,46.91649],[36.388091,46.91649],[36.387867,46.916546],[36.387625,46.916607],[36.387626,46.916607],[36.386805,46.916814],[36.386412,46.916913],[36.3848,46.917264],[36.381312,46.918004],[36.381311,46.918004],[36.375818,46.919169],[36.370761,46.920242],[36.37076,46.920242],[36.370408,46.920317],[36.370208,46.920359],[36.368571,46.920706],[36.366035,46.921254],[36.36466,46.921539],[36.359339,46.922642],[36.359339,46.922641],[36.357291,46.923066],[36.355918,46.923357],[36.355345,46.923479],[36.354091,46.923743],[36.354025,46.923758]]]}},{"type":"Feature","properties":{"cadnum":"2324882800:01:021:0009"},"geometry":{"type":"Polygon","coordinates":[[[36.395291,46.905793],[36.397619,46.907163],[36.400717,46.908984],[36.400717,46.908985],[36.403112,46.910393],[36.40415,46.911003],[36.405323,46.9106],[36.403284,46.909402],[36.402774,46.909102],[36.397791,46.906172],[36.396392,46.905349],[36.395927,46.905075],[36.395788,46.905232],[36.395787,46.905232],[36.395291,46.905793]]]}},{"type":"Feature","properties":{"cadnum":"2324882800:02:004:0001"},"geometry":{"type":"Polygon","coordinates":[[[36.293584,46.923327],[36.294855,46.923993],[36.294854,46.923993],[36.298742,46.926033],[36.300908,46.927169],[36.302213,46.926582],[36.298914,46.924852],[36.297502,46.924111],[36.294824,46.922706],[36.293584,46.923327]]]}},{"type":"Feature","properties":{"cadnum":"2324882800:02:006:0001"},"geometry":{"type":"Polygon","coordinates":[[[36.301044,46.927289],[36.301909,46.927745],[36.303589,46.928631],[36.304235,46.928181],[36.304398,46.928067],[36.304407,46.928061],[36.304859,46.927745],[36.307339,46.926017],[36.305759,46.925177],[36.304344,46.925812],[36.301044,46.927289]]]}},{"type":"Feature","properties":{"cadnum":"2324882800:01:012:0007"},"geometry":{"type":"Polygon","coordinates":[[[36.342846,46.879473],[36.347635,46.882358],[36.348352,46.881584],[36.348352,46.881583],[36.348592,46.881323],[36.348181,46.881076],[36.344663,46.878955],[36.343844,46.87846],[36.343356,46.878955],[36.343355,46.878955],[36.342846,46.879472],[36.342846,46.879473]]]}},{"type":"Feature","properties":{"cadnum":"2324882800:01:012:0008"},"geometry":{"type":"Polygon","coordinates":[[[36.343844,46.87846],[36.344858,46.879072],[36.348352,46.881179],[36.348353,46.881179],[36.348592,46.881323],[36.349535,46.880306],[36.348181,46.87949],[36.347292,46.878955],[36.347291,46.878955],[36.344823,46.877467],[36.343844,46.87846]]]}},{"type":"Feature","properties":{"cadnum":"2324882800:01:012:0009"},"geometry":{"type":"Polygon","coordinates":[[[36.344823,46.877467],[36.347486,46.879072],[36.348352,46.879594],[36.348352,46.879593],[36.348353,46.879593],[36.349535,46.880306],[36.350485,46.879281],[36.349943,46.878955],[36.348352,46.877996],[36.345811,46.876464],[36.344823,46.877467]]]}},{"type":"Feature","properties":{"cadnum":"2324882800:01:012:0010"},"geometry":{"type":"Polygon","coordinates":[[[36.345811,46.876464],[36.348181,46.877892],[36.348181,46.877893],[36.350137,46.879072],[36.350138,46.879072],[36.350485,46.879281],[36.350744,46.879001],[36.351442,46.878247],[36.348181,46.876282],[36.346806,46.875454],[36.345811,46.876464]]]}},{"type":"Feature","properties":{"cadnum":"2324882800:01:011:0007"},"geometry":{"type":"Polygon","coordinates":[[[36.337813,46.875666],[36.342859,46.878684],[36.343052,46.878799],[36.344041,46.87779],[36.342859,46.877084],[36.339907,46.875317],[36.338766,46.874634],[36.338135,46.875317],[36.337813,46.875666]]]}},{"type":"Feature","properties":{"cadnum":"2324882800:02:009:0003"},"geometry":{"type":"Polygon","coordinates":[[[36.302205,46.895674],[36.304235,46.897062],[36.30506,46.897625],[36.307215,46.895387],[36.305231,46.89403],[36.304336,46.893419],[36.303702,46.894089],[36.302205,46.895674]]]}},{"type":"Feature","properties":{"cadnum":"2324882800:02:016:0003"},"geometry":{"type":"Polygon","coordinates":[[[36.364479,46.958727],[36.36466,46.9588],[36.370325,46.961072],[36.370325,46.961071],[36.371457,46.961525],[36.371539,46.960705],[36.371631,46.959782],[36.370325,46.959258],[36.366852,46.957865],[36.364662,46.956986],[36.364581,46.957748],[36.364576,46.957803],[36.364569,46.957865],[36.364565,46.957908],[36.364479,46.958727]]]}},{"type":"Feature","properties":{"cadnum":"2324882800:02:016:0004"},"geometry":{"type":"Polygon","coordinates":[[[36.364662,46.956986],[36.364832,46.957055],[36.364832,46.957054],[36.366559,46.957748],[36.370153,46.959189],[36.371631,46.959782],[36.371744,46.958651],[36.370325,46.958083],[36.369491,46.957748],[36.36949,46.957748],[36.36478,46.955858],[36.364662,46.956986]]]}},{"type":"Feature","properties":{"cadnum":"2324882800:02:016:0005"},"geometry":{"type":"Polygon","coordinates":[[[36.36478,46.955858],[36.369782,46.957865],[36.369783,46.957865],[36.370153,46.958014],[36.371744,46.958651],[36.371834,46.957748],[36.371865,46.957447],[36.370325,46.956831],[36.370325,46.95683],[36.364906,46.954657],[36.36478,46.955858]]]}},{"type":"Feature","properties":{"cadnum":"2324882800:02:001:0008"},"geometry":{"type":"Polygon","coordinates":[[[36.281571,46.917126],[36.282263,46.917489],[36.282337,46.917527],[36.282434,46.917579],[36.282435,46.917579],[36.282654,46.917693],[36.284859,46.916607],[36.287928,46.915096],[36.291247,46.91346],[36.290143,46.912902],[36.287928,46.913995],[36.287928,46.913994],[36.282863,46.91649],[36.282862,46.91649],[36.282263,46.916785],[36.282263,46.916786],[36.281571,46.917126]]]}},{"type":"Feature","properties":{"cadnum":"2324882800:02:001:0009"},"geometry":{"type":"Polygon","coordinates":[[[36.282654,46.917693],[36.283698,46.918238],[36.287246,46.91649],[36.287246,46.916489],[36.287756,46.916239],[36.292309,46.913995],[36.291247,46.91346],[36.287756,46.91518],[36.287756,46.915181],[36.285097,46.91649],[36.282654,46.917693]]]}},{"type":"Feature","properties":{"cadnum":"2324882800:02:001:0010"},"geometry":{"type":"Polygon","coordinates":[[[36.283698,46.918238],[36.284777,46.918803],[36.287756,46.917335],[36.287756,46.917336],[36.289234,46.916607],[36.293249,46.914629],[36.293409,46.91455],[36.292309,46.913995],[36.287928,46.916155],[36.287928,46.916154],[36.287008,46.916607],[36.283698,46.918238]]]}},{"type":"Feature","properties":{"cadnum":"2324882800:01:007:0026"},"geometry":{"type":"Polygon","coordinates":[[[36.354292,46.920068],[36.354772,46.920359],[36.354773,46.920359],[36.358619,46.922689],[36.359339,46.922538],[36.359339,46.922537],[36.36235,46.921902],[36.363783,46.921697],[36.36466,46.921526],[36.36466,46.921527],[36.36569,46.921325],[36.364832,46.920803],[36.364102,46.920359],[36.359339,46.917459],[36.358789,46.917123],[36.358684,46.917067],[36.35627,46.918668],[36.354292,46.920068]]]}},{"type":"Feature","properties":{"cadnum":"2324882800:01:005:0003"},"geometry":{"type":"Polygon","coordinates":[[[36.35433,46.908954],[36.354379,46.908984],[36.354379,46.908985],[36.35454,46.909082],[36.354574,46.909102],[36.357846,46.911074],[36.358012,46.910886],[36.357819,46.91081],[36.359339,46.909104],[36.359339,46.909103],[36.359349,46.909091],[36.359339,46.909084],[36.355961,46.907049],[36.35433,46.908954]]]}},{"type":"Feature","properties":{"cadnum":"2324882800:01:006:0006"},"geometry":{"type":"Polygon","coordinates":[[[36.361782,46.906657],[36.364832,46.908495],[36.365838,46.909102],[36.366176,46.909305],[36.366393,46.909102],[36.367664,46.907915],[36.36471,46.906134],[36.363409,46.905349],[36.363109,46.905168],[36.363051,46.905232],[36.362985,46.905306],[36.362946,46.905349],[36.361782,46.906657]]]}},{"type":"Feature","properties":{"cadnum":"2324882800:01:006:0004"},"geometry":{"type":"Polygon","coordinates":[[[36.35974,46.908948],[36.3598,46.908984],[36.3598,46.908985],[36.35996,46.909081],[36.359995,46.909102],[36.363885,46.911447],[36.364637,46.910744],[36.36177,46.909016],[36.36041,46.908196],[36.35974,46.908948]]]}},{"type":"Feature","properties":{"cadnum":"2324882800:01:005:0006"},"geometry":{"type":"Polygon","coordinates":[[[36.359084,46.903398],[36.359167,46.903449],[36.359312,46.903536],[36.359339,46.903552],[36.362319,46.905349],[36.362555,46.905491],[36.362785,46.905232],[36.363094,46.904885],[36.363975,46.903896],[36.360468,46.901781],[36.359167,46.903301],[36.359084,46.903398]]]}},{"type":"Feature","properties":{"cadnum":"2324882800:01:005:0004"},"geometry":{"type":"Polygon","coordinates":[[[36.355961,46.907048],[36.359167,46.90898],[36.359167,46.908981],[36.359349,46.909091],[36.361121,46.907102],[36.359213,46.905952],[36.358214,46.905349],[36.357687,46.905031],[36.357515,46.905232],[36.357514,46.905232],[36.355961,46.907048]]]}},{"type":"Feature","properties":{"cadnum":"2324882800:01:006:0005"},"geometry":{"type":"Polygon","coordinates":[[[36.36041,46.908196],[36.361718,46.908985],[36.36177,46.909016],[36.361912,46.909102],[36.361913,46.909102],[36.364637,46.910744],[36.36466,46.910723],[36.364742,46.910646],[36.364832,46.910562],[36.366176,46.909305],[36.365643,46.908985],[36.36466,46.908392],[36.361782,46.906657],[36.36041,46.908196]]]}},{"type":"Feature","properties":{"cadnum":"2324882800:01:005:0005"},"geometry":{"type":"Polygon","coordinates":[[[36.357687,46.905031],[36.358019,46.905232],[36.359167,46.905924],[36.359213,46.905952],[36.359339,46.906028],[36.361121,46.907102],[36.362555,46.905491],[36.362124,46.905232],[36.359312,46.903536],[36.359084,46.903398],[36.357687,46.905031]]]}},{"type":"Feature","properties":{"cadnum":"2324882800:01:006:0009"},"geometry":{"type":"Polygon","coordinates":[[[36.359054,46.909716],[36.359167,46.909784],[36.359315,46.909874],[36.359339,46.909888],[36.363117,46.912165],[36.363885,46.911447],[36.35996,46.909081],[36.35974,46.908948],[36.359707,46.908985],[36.359706,46.908985],[36.359627,46.909073],[36.359602,46.909102],[36.359255,46.909492],[36.359054,46.909716]]]}},{"type":"Feature","properties":{"cadnum":"2324882800:01:016:0010"},"geometry":{"type":"Polygon","coordinates":[[[36.372243,46.887769],[36.375647,46.88977],[36.375808,46.889865],[36.375818,46.88987],[36.37641,46.890218],[36.37643,46.89023],[36.37661,46.890335],[36.376699,46.890387],[36.376859,46.890218],[36.377988,46.889024],[36.375818,46.887749],[36.373831,46.886581],[36.373532,46.886405],[36.373476,46.886464],[36.373475,46.886464],[36.372243,46.887769]]]}},{"type":"Feature","properties":{"cadnum":"2324882800:01:016:0009"},"geometry":{"type":"Polygon","coordinates":[[[36.370954,46.889134],[36.372799,46.890218],[36.375411,46.891751],[36.375646,46.891502],[36.375647,46.891502],[36.375694,46.891452],[36.375818,46.89132],[36.376699,46.890387],[36.37643,46.89023],[36.375808,46.889865],[36.372243,46.887769],[36.370954,46.889134]]]}},{"type":"Feature","properties":{"cadnum":"2324882800:01:017:0010"},"geometry":{"type":"Polygon","coordinates":[[[36.376997,46.89055],[36.381311,46.893146],[36.381312,46.893146],[36.381682,46.893368],[36.38291,46.892046],[36.38114,46.890965],[36.379917,46.890218],[36.379916,46.890218],[36.378267,46.88921],[36.3772,46.890335],[36.376997,46.89055]]]}},{"type":"Feature","properties":{"cadnum":"2324882800:02:008:0012"},"geometry":{"type":"Polygon","coordinates":[[[36.321923,46.917465],[36.324887,46.920359],[36.324888,46.920359],[36.32638,46.921815],[36.326623,46.922052],[36.328538,46.921651],[36.327212,46.920359],[36.327213,46.920359],[36.32638,46.919546],[36.32638,46.919545],[36.323712,46.916942],[36.323132,46.917212],[36.321923,46.917465]]]}},{"type":"Feature","properties":{"cadnum":"2324882800:02:008:0007"},"geometry":{"type":"Polygon","coordinates":[[[36.317959,46.918284],[36.319964,46.920241],[36.319964,46.920242],[36.320887,46.921142],[36.322668,46.92288],[36.324666,46.922461],[36.322391,46.920242],[36.320715,46.918606],[36.319961,46.91787],[36.317959,46.918284]]]}},{"type":"Feature","properties":{"cadnum":"2324882800:02:008:0008"},"geometry":{"type":"Polygon","coordinates":[[[36.319961,46.917871],[36.320887,46.918774],[36.32239,46.920241],[36.32239,46.920242],[36.324666,46.922461],[36.32638,46.922103],[36.326623,46.922052],[36.326208,46.921648],[36.324768,46.920242],[36.324767,46.920242],[36.321923,46.917465],[36.320715,46.917715],[36.320715,46.917716],[36.319961,46.917871]]]}},{"type":"Feature","properties":{"cadnum":"2324882800:02:026:0108"},"geometry":{"type":"Polygon","coordinates":[[[36.338265,46.934217],[36.340274,46.93484],[36.340295,46.934655],[36.338312,46.93387],[36.338265,46.934217]]]}},{"type":"Feature","properties":{"cadnum":"2324882800:02:026:0107"},"geometry":{"type":"Polygon","coordinates":[[[36.338202,46.934678],[36.34022,46.935305],[36.340274,46.93484],[36.338265,46.934217],[36.338202,46.934678]]]}},{"type":"Feature","properties":{"cadnum":"2324882800:02:027:0072"},"geometry":{"type":"Polygon","coordinates":[[[36.335632,46.933699],[36.337194,46.934043],[36.337194,46.934044],[36.338093,46.934242],[36.338149,46.933849],[36.337194,46.933636],[36.335688,46.9333],[36.335632,46.933699]]]}},{"type":"Feature","properties":{"cadnum":"2324882800:02:026:0432"},"geometry":{"type":"Polygon","coordinates":[[[36.338152,46.935049],[36.339169,46.935364],[36.340177,46.935677],[36.34022,46.935305],[36.338202,46.934678],[36.338152,46.935049]]]}},{"type":"Feature","properties":{"cadnum":"2324882800:02:024:0214"},"geometry":{"type":"Polygon","coordinates":[[[36.342033,46.93177],[36.342688,46.932033],[36.342811,46.932082],[36.342859,46.932102],[36.342859,46.932101],[36.344198,46.932636],[36.344503,46.932278],[36.342842,46.931614],[36.342841,46.931614],[36.342841,46.931613],[36.342842,46.931613],[36.342339,46.931412],[36.342267,46.931496],[36.342266,46.931496],[36.342257,46.931507],[36.342166,46.931613],[36.342166,46.931614],[36.342033,46.93177]]]}},{"type":"Feature","properties":{"cadnum":"2324882800:02:024:0099"},"geometry":{"type":"Polygon","coordinates":[[[36.338926,46.932645],[36.340652,46.933336],[36.340936,46.933003],[36.339123,46.932276],[36.338926,46.932645]]]}},{"type":"Feature","properties":{"cadnum":"2324882800:02:024:0289"},"geometry":{"type":"Polygon","coordinates":[[[36.340447,46.933629],[36.342611,46.934495],[36.342859,46.934204],[36.342891,46.934166],[36.342789,46.934125],[36.340728,46.933299],[36.340447,46.933629]]]}},{"type":"Feature","properties":{"cadnum":"2324882800:02:026:0105"},"geometry":{"type":"Polygon","coordinates":[[[36.3381,46.935435],[36.340133,46.936065],[36.340177,46.935677],[36.33879,46.935247],[36.338152,46.935049],[36.338125,46.935247],[36.338124,46.935247],[36.3381,46.935435]]]}},{"type":"Feature","properties":{"cadnum":"2324882800:02:024:0212"},"geometry":{"type":"Polygon","coordinates":[[[36.341426,46.932482],[36.342688,46.932987],[36.342781,46.933024],[36.342859,46.933056],[36.34359,46.933348],[36.343874,46.933015],[36.342793,46.932582],[36.34171,46.932148],[36.341426,46.932482]]]}},{"type":"Feature","properties":{"cadnum":"2324882800:02:024:0210"},"geometry":{"type":"Polygon","coordinates":[[[36.340958,46.933031],[36.342688,46.933724],[36.342774,46.933759],[36.342859,46.933793],[36.343121,46.933897],[36.343333,46.933649],[36.342859,46.93346],[36.341169,46.932783],[36.340958,46.933031]]]}},{"type":"Feature","properties":{"cadnum":"2324882800:02:024:0225"},"geometry":{"type":"Polygon","coordinates":[[[36.342606,46.934555],[36.342688,46.934588],[36.342842,46.93465],[36.342859,46.934657],[36.344235,46.935207],[36.344777,46.934798],[36.343003,46.934089],[36.342859,46.934257],[36.342606,46.934555]]]}},{"type":"Feature","properties":{"cadnum":"2324882800:02:026:0140"},"geometry":{"type":"Polygon","coordinates":[[[36.340278,46.935146],[36.340982,46.935364],[36.340983,46.935364],[36.342576,46.935859],[36.34261,46.93557],[36.341792,46.935247],[36.340333,46.93467],[36.340278,46.935146]]]}},{"type":"Feature","properties":{"cadnum":"2324882800:02:024:0209"},"geometry":{"type":"Polygon","coordinates":[[[36.340728,46.933299],[36.342688,46.934084],[36.342789,46.934125],[36.342859,46.934153],[36.342891,46.934166],[36.343121,46.933897],[36.342774,46.933759],[36.340958,46.933031],[36.340728,46.933299]]]}},{"type":"Feature","properties":{"cadnum":"2324882800:02:024:0195"},"geometry":{"type":"Polygon","coordinates":[[[36.339689,46.930799],[36.341429,46.931496],[36.341428,46.931496],[36.34202,46.931732],[36.342221,46.931496],[36.34232,46.93138],[36.339899,46.930411],[36.339689,46.930799]]]}},{"type":"Feature","properties":{"cadnum":"2324882800:02:024:0193"},"geometry":{"type":"Polygon","coordinates":[[[36.339096,46.931899],[36.339269,46.932005],[36.339257,46.932028],[36.341128,46.932777],[36.341737,46.932063],[36.340614,46.931614],[36.340614,46.931613],[36.339492,46.931164],[36.339312,46.931496],[36.339279,46.931558],[36.339249,46.931613],[36.339249,46.931614],[36.339096,46.931899]]]}},{"type":"Feature","properties":{"cadnum":"2324882800:01:002:0003"},"geometry":{"type":"Polygon","coordinates":[[[36.338086,46.901148],[36.338835,46.901596],[36.342859,46.904006],[36.342859,46.904005],[36.343586,46.90444],[36.344573,46.903364],[36.342859,46.902338],[36.342688,46.902236],[36.341422,46.901479],[36.341421,46.901479],[36.339075,46.900074],[36.338086,46.901148]]]}},{"type":"Feature","properties":{"cadnum":"2324882800:01:001:0002"},"geometry":{"type":"Polygon","coordinates":[[[36.332169,46.898714],[36.337018,46.901479],[36.337017,46.901479],[36.337194,46.901579],[36.337194,46.90158],[36.337287,46.901632],[36.337366,46.901546],[36.337366,46.901545],[36.337393,46.901516],[36.338511,46.900295],[36.337194,46.899544],[36.334004,46.897725],[36.333339,46.897346],[36.332914,46.897843],[36.332169,46.898714]]]}},{"type":"Feature","properties":{"cadnum":"2324882800:01:002:0004"},"geometry":{"type":"Polygon","coordinates":[[[36.339075,46.900074],[36.341617,46.901596],[36.341618,46.901596],[36.342688,46.902236],[36.344573,46.903364],[36.345002,46.902893],[36.345563,46.902283],[36.344218,46.901479],[36.342688,46.900562],[36.342688,46.900563],[36.342687,46.900563],[36.34007,46.898995],[36.339075,46.900074]]]}},{"type":"Feature","properties":{"cadnum":"2324882800:01:009:0011"},"geometry":{"type":"Polygon","coordinates":[[[36.331964,46.864038],[36.331986,46.864051],[36.337093,46.867094],[36.337366,46.866794],[36.337366,46.866793],[36.337956,46.866145],[36.337366,46.865794],[36.33444,46.864051],[36.332829,46.863091],[36.33206,46.863933],[36.332059,46.863933],[36.331964,46.864038]]]}},{"type":"Feature","properties":{"cadnum":"2324882800:01:009:0012"},"geometry":{"type":"Polygon","coordinates":[[[36.332829,46.863091],[36.334243,46.863933],[36.337194,46.865691],[36.337194,46.865692],[36.337956,46.866145],[36.338243,46.865829],[36.337194,46.865204],[36.335259,46.864051],[36.333119,46.862775],[36.332829,46.863091]]]}},{"type":"Feature","properties":{"cadnum":"2324882800:01:010:0012"},"geometry":{"type":"Polygon","coordinates":[[[36.33784,46.866752],[36.339603,46.867806],[36.339604,46.867806],[36.342688,46.869649],[36.342787,46.869708],[36.342859,46.869628],[36.34373,46.868662],[36.342688,46.867981],[36.342687,46.867981],[36.342242,46.867689],[36.342241,46.867689],[36.338951,46.865536],[36.33784,46.866752]]]}},{"type":"Feature","properties":{"cadnum":"2324882800:01:009:0013"},"geometry":{"type":"Polygon","coordinates":[[[36.333119,46.862775],[36.335062,46.863933],[36.337366,46.865307],[36.337366,46.865306],[36.338243,46.865829],[36.338656,46.865357],[36.337194,46.864328],[36.336802,46.864051],[36.336803,46.864051],[36.333878,46.861988],[36.333119,46.862775]]]}},{"type":"Feature","properties":{"cadnum":"2324882800:01:010:0011"},"geometry":{"type":"Polygon","coordinates":[[[36.336763,46.867928],[36.337194,46.868187],[36.337248,46.868219],[36.337366,46.86829],[36.337366,46.868289],[36.341721,46.870891],[36.342687,46.869818],[36.342688,46.869818],[36.342688,46.869819],[36.342787,46.869708],[36.339407,46.867689],[36.33784,46.866752],[36.337194,46.867457],[36.336982,46.867689],[36.336981,46.867689],[36.336892,46.867787],[36.336874,46.867806],[36.336763,46.867928]]]}},{"type":"Feature","properties":{"cadnum":"2324882800:01:021:0001"},"geometry":{"type":"Polygon","coordinates":[[[36.387078,46.915072],[36.388974,46.916213],[36.391799,46.915244],[36.388595,46.913359],[36.387078,46.915072]]]}},{"type":"Feature","properties":{"cadnum":"2324882800:02:024:0234"},"geometry":{"type":"Polygon","coordinates":[[[36.344953,46.931804],[36.347447,46.932802],[36.347741,46.932584],[36.345166,46.931554],[36.345115,46.931613],[36.345115,46.931614],[36.344953,46.931804]]]}},{"type":"Feature","properties":{"cadnum":"2324882800:02:024:0220"},"geometry":{"type":"Polygon","coordinates":[[[36.343464,46.930094],[36.345627,46.93096],[36.345922,46.930614],[36.343759,46.929748],[36.343464,46.930094]]]}},{"type":"Feature","properties":{"cadnum":"2324882800:02:024:0009"},"geometry":{"type":"Polygon","coordinates":[[[36.34092,46.928516],[36.342295,46.929068],[36.342688,46.929226],[36.342688,46.929227],[36.343782,46.929665],[36.343994,46.929418],[36.342757,46.928924],[36.341065,46.928246],[36.34092,46.928516]]]}},{"type":"Feature","properties":{"cadnum":"2324882800:02:024:0109"},"geometry":{"type":"Polygon","coordinates":[[[36.345948,46.930638],[36.348093,46.931496],[36.348091,46.931496],[36.348352,46.931601],[36.348353,46.931601],[36.348815,46.931786],[36.349064,46.931601],[36.349065,46.931601],[36.349061,46.931599],[36.348285,46.931289],[36.346129,46.930426],[36.345948,46.930638]]]}},{"type":"Feature","properties":{"cadnum":"2324882800:02:024:0204"},"geometry":{"type":"Polygon","coordinates":[[[36.341066,46.928246],[36.342688,46.928895],[36.343994,46.929418],[36.34409,46.929305],[36.342859,46.928812],[36.341133,46.92812],[36.341066,46.928246]]]}},{"type":"Feature","properties":{"cadnum":"2324882800:02:024:0236"},"geometry":{"type":"Polygon","coordinates":[[[36.345348,46.931341],[36.346027,46.931613],[36.34799,46.932399],[36.348257,46.932201],[36.346495,46.931496],[36.345541,46.931114],[36.345348,46.931341]]]}},{"type":"Feature","properties":{"cadnum":"2324882800:02:024:0238"},"geometry":{"type":"Polygon","coordinates":[[[36.34576,46.930859],[36.347644,46.931613],[36.348181,46.931828],[36.348181,46.931829],[36.348239,46.931852],[36.348352,46.931897],[36.348353,46.931897],[36.348558,46.931979],[36.348815,46.931786],[36.348352,46.931601],[36.348352,46.9316],[36.345948,46.930638],[36.34576,46.930859]]]}},{"type":"Feature","properties":{"cadnum":"2324882800:02:024:0221"},"geometry":{"type":"Polygon","coordinates":[[[36.343759,46.929748],[36.345922,46.930614],[36.346235,46.930248],[36.344072,46.929382],[36.343759,46.929748]]]}},{"type":"Feature","properties":{"cadnum":"2324882800:02:024:0059"},"geometry":{"type":"Polygon","coordinates":[[[36.345166,46.931554],[36.345313,46.931613],[36.345315,46.931613],[36.347741,46.932584],[36.34799,46.932399],[36.345735,46.931496],[36.345734,46.931496],[36.345348,46.931341],[36.345216,46.931496],[36.345215,46.931496],[36.345214,46.931496],[36.345166,46.931554]]]}},{"type":"Feature","properties":{"cadnum":"2324882800:02:024:0008"},"geometry":{"type":"Polygon","coordinates":[[[36.343026,46.930606],[36.34519,46.931472],[36.345446,46.931172],[36.343283,46.930305],[36.343026,46.930606]]]}},{"type":"Feature","properties":{"cadnum":"2324882800:01:002:0008"},"geometry":{"type":"Polygon","coordinates":[[[36.343449,46.895328],[36.34765,46.897843],[36.348181,46.89816],[36.348181,46.898161],[36.348324,46.898246],[36.348352,46.898263],[36.34893,46.898609],[36.349632,46.897843],[36.349881,46.897571],[36.348352,46.896657],[36.344402,46.894292],[36.343449,46.895328]]]}},{"type":"Feature","properties":{"cadnum":"2324882800:02:002:0002"},"geometry":{"type":"Polygon","coordinates":[[[36.295277,46.912211],[36.29655,46.912855],[36.29843,46.913804],[36.298742,46.913648],[36.298742,46.913649],[36.300564,46.912737],[36.301429,46.912305],[36.298742,46.910947],[36.298276,46.910711],[36.295277,46.912211]]]}},{"type":"Feature","properties":{"cadnum":"2324882800:02:002:0003"},"geometry":{"type":"Polygon","coordinates":[[[36.298276,46.910711],[36.298914,46.911034],[36.301429,46.912305],[36.303148,46.911444],[36.304202,46.910946],[36.301019,46.909337],[36.298914,46.910392],[36.298276,46.910711]]]}},{"type":"Feature","properties":{"cadnum":"2324882800:02:003:0012"},"geometry":{"type":"Polygon","coordinates":[[[36.301761,46.912491],[36.302233,46.912737],[36.304235,46.913781],[36.304235,46.913782],[36.308154,46.915824],[36.309662,46.91507],[36.305412,46.912855],[36.304407,46.912331],[36.304407,46.91233],[36.303274,46.91174],[36.301761,46.912491]]]}},{"type":"Feature","properties":{"cadnum":"2324882800:02:015:0009"},"geometry":{"type":"Polygon","coordinates":[[[36.357086,46.955127],[36.359167,46.955961],[36.363925,46.957865],[36.363926,46.957865],[36.364216,46.957981],[36.364228,46.957865],[36.364269,46.957494],[36.359167,46.955417],[36.359167,46.955418],[36.357159,46.9546],[36.357086,46.955127]]]}},{"type":"Feature","properties":{"cadnum":"2324882800:02:015:0002"},"geometry":{"type":"Polygon","coordinates":[[[36.356945,46.956131],[36.359167,46.957021],[36.361275,46.957865],[36.361276,46.957865],[36.364108,46.958998],[36.364216,46.957981],[36.363633,46.957748],[36.359339,46.95603],[36.359339,46.956029],[36.357086,46.955127],[36.356945,46.956131]]]}},{"type":"Feature","properties":{"cadnum":"2324882800:02:015:0001"},"geometry":{"type":"Polygon","coordinates":[[[36.35676,46.957461],[36.3577,46.957748],[36.359167,46.958195],[36.364035,46.959677],[36.364108,46.958998],[36.360983,46.957748],[36.359339,46.95709],[36.356945,46.956131],[36.35676,46.957461]]]}},{"type":"Feature","properties":{"cadnum":"2324882800:02:018:0006"},"geometry":{"type":"Polygon","coordinates":[[[36.354434,46.927848],[36.354471,46.927862],[36.358423,46.929447],[36.359339,46.928737],[36.359339,46.928736],[36.360206,46.928063],[36.359689,46.927745],[36.359339,46.92753],[36.356886,46.926021],[36.354572,46.927745],[36.354571,46.927745],[36.354434,46.927847],[36.354434,46.927848]]]}},{"type":"Feature","properties":{"cadnum":"2324882800:02:012:0010"},"geometry":{"type":"Polygon","coordinates":[[[36.310435,46.936791],[36.315393,46.938283],[36.315393,46.938282],[36.315394,46.938282],[36.317774,46.938998],[36.320715,46.939882],[36.321514,46.940122],[36.321012,46.939028],[36.321011,46.939027],[36.320715,46.938938],[36.320715,46.938939],[36.315222,46.937286],[36.315222,46.937287],[36.311361,46.936125],[36.310435,46.936791]]]}},{"type":"Feature","properties":{"cadnum":"2324882800:02:023:0007"},"geometry":{"type":"Polygon","coordinates":[[[36.375986,46.940897],[36.38096,46.942866],[36.380961,46.942866],[36.38114,46.942937],[36.381281,46.942993],[36.381311,46.943005],[36.381312,46.943005],[36.381737,46.943172],[36.381861,46.942866],[36.381965,46.942613],[36.38114,46.94206],[36.377586,46.939673],[36.375986,46.940897]]]}},{"type":"Feature","properties":{"cadnum":"2324882800:02:023:0008"},"geometry":{"type":"Polygon","coordinates":[[[36.377586,46.939673],[36.381311,46.942175],[36.381312,46.942175],[36.381963,46.942613],[36.382053,46.942393],[36.382089,46.942304],[36.382128,46.942207],[36.38114,46.941543],[36.377947,46.939398],[36.3779,46.939433],[36.37778,46.939524],[36.377586,46.939673]]]}},{"type":"Feature","properties":{"cadnum":"2324882800:02:022:0008"},"geometry":{"type":"Polygon","coordinates":[[[36.371917,46.936329],[36.375818,46.93895],[36.376064,46.939115],[36.377169,46.939857],[36.377853,46.939335],[36.377525,46.939115],[36.375647,46.937853],[36.372597,46.935804],[36.371917,46.936329]]]}},{"type":"Feature","properties":{"cadnum":"2324882800:02:022:0007"},"geometry":{"type":"Polygon","coordinates":[[[36.370404,46.937495],[36.374201,46.938998],[36.375647,46.93957],[36.376898,46.940065],[36.377169,46.939857],[36.375889,46.938998],[36.375647,46.938835],[36.371917,46.936329],[36.370404,46.937495]]]}},{"type":"Feature","properties":{"cadnum":"2324882800:02:023:0006"},"geometry":{"type":"Polygon","coordinates":[[[36.374544,46.941999],[36.375647,46.942436],[36.376732,46.942866],[36.376733,46.942866],[36.38114,46.94461],[36.381149,46.944613],[36.381311,46.944216],[36.381311,46.944215],[36.381737,46.943172],[36.381281,46.942993],[36.380665,46.942748],[36.380664,46.942748],[36.375986,46.940897],[36.375818,46.941025],[36.374544,46.941999]]]}},{"type":"Feature","properties":{"cadnum":"2324882800:01:015:0020"},"geometry":{"type":"Polygon","coordinates":[[[36.35671,46.89064],[36.359339,46.892206],[36.359339,46.892205],[36.360721,46.893028],[36.362307,46.893972],[36.36466,46.895373],[36.364729,46.895413],[36.364832,46.895304],[36.365582,46.89451],[36.364832,46.894064],[36.364832,46.894063],[36.361566,46.89212],[36.359167,46.890693],[36.358566,46.890335],[36.357555,46.889733],[36.356993,46.890335],[36.356994,46.890335],[36.35671,46.89064]]]}},{"type":"Feature","properties":{"cadnum":"2324882800:01:015:0005"},"geometry":{"type":"Polygon","coordinates":[[[36.355868,46.891542],[36.359167,46.893506],[36.360147,46.894089],[36.363882,46.896311],[36.364078,46.896101],[36.364729,46.895413],[36.362504,46.894089],[36.359167,46.892103],[36.35671,46.89064],[36.355868,46.891542]]]}},{"type":"Feature","properties":{"cadnum":"2324882800:01:015:0004"},"geometry":{"type":"Polygon","coordinates":[[[36.355141,46.892321],[36.357913,46.893972],[36.358008,46.894028],[36.35811,46.894089],[36.359167,46.894717],[36.359167,46.894718],[36.36315,46.897088],[36.363882,46.896311],[36.35995,46.893972],[36.359339,46.893608],[36.355868,46.891542],[36.355141,46.892321]]]}},{"type":"Feature","properties":{"cadnum":"2324882800:01:019:0004"},"geometry":{"type":"Polygon","coordinates":[[[36.379368,46.905855],[36.38114,46.906914],[36.381164,46.906929],[36.381311,46.907017],[36.381312,46.907017],[36.384605,46.908984],[36.384605,46.908985],[36.384719,46.909052],[36.385588,46.908054],[36.381296,46.905488],[36.380868,46.905232],[36.380867,46.905232],[36.380285,46.904884],[36.379956,46.905232],[36.379368,46.905855]]]}},{"type":"Feature","properties":{"cadnum":"2324882800:01:019:0001"},"geometry":{"type":"Polygon","coordinates":[[[36.376614,46.908774],[36.376966,46.908984],[36.376966,46.908985],[36.376965,46.908985],[36.38114,46.91148],[36.381171,46.911499],[36.381311,46.911583],[36.382104,46.912057],[36.383033,46.910989],[36.381178,46.909881],[36.379679,46.908985],[36.377593,46.907737],[36.376614,46.908774]]]}},{"type":"Feature","properties":{"cadnum":"2324882800:01:019:0003"},"geometry":{"type":"Polygon","coordinates":[[[36.378491,46.906785],[36.38114,46.908369],[36.382366,46.909102],[36.383885,46.91001],[36.384719,46.909052],[36.381164,46.906929],[36.379368,46.905855],[36.378491,46.906785]]]}},{"type":"Feature","properties":{"cadnum":"2324882800:01:018:0002"},"geometry":{"type":"Polygon","coordinates":[[[36.371839,46.904212],[36.373532,46.905232],[36.375818,46.906609],[36.377413,46.907568],[36.378436,46.906483],[36.376551,46.905349],[36.376552,46.905349],[36.375818,46.904908],[36.375818,46.904907],[36.37286,46.903126],[36.371839,46.904212]]]}},{"type":"Feature","properties":{"cadnum":"2324882800:01:018:0001"},"geometry":{"type":"Polygon","coordinates":[[[36.370833,46.905283],[36.370942,46.905349],[36.370943,46.905349],[36.375647,46.908181],[36.375647,46.908182],[36.376404,46.908637],[36.377413,46.907568],[36.375647,46.906505],[36.375646,46.906505],[36.373727,46.905349],[36.371839,46.904212],[36.370882,46.905232],[36.37088,46.905232],[36.370833,46.905283]]]}},{"type":"Feature","properties":{"cadnum":"2324882800:01:018:0004"},"geometry":{"type":"Polygon","coordinates":[[[36.373959,46.901956],[36.375818,46.903076],[36.379398,46.905232],[36.379538,46.905316],[36.380696,46.90409],[36.376359,46.901479],[36.376358,46.901479],[36.375647,46.90105],[36.375646,46.90105],[36.375113,46.900728],[36.374408,46.901479],[36.374407,46.901479],[36.373959,46.901956]]]}},{"type":"Feature","properties":{"cadnum":"2324882800:01:018:0003"},"geometry":{"type":"Polygon","coordinates":[[[36.37286,46.903126],[36.375647,46.904804],[36.375647,46.904805],[36.376356,46.905232],[36.378436,46.906483],[36.379538,46.905316],[36.375647,46.902972],[36.375646,46.902972],[36.373959,46.901956],[36.37286,46.903126]]]}},{"type":"Feature","properties":{"cadnum":"2324882800:01:019:0005"},"geometry":{"type":"Polygon","coordinates":[[[36.380285,46.904884],[36.381063,46.905349],[36.38114,46.905395],[36.381296,46.905488],[36.381311,46.905498],[36.385588,46.908054],[36.386476,46.907034],[36.383461,46.905232],[36.381222,46.903892],[36.380285,46.904884]]]}},{"type":"Feature","properties":{"cadnum":"2324882800:01:019:0002"},"geometry":{"type":"Polygon","coordinates":[[[36.377593,46.907737],[36.379875,46.909102],[36.38114,46.909858],[36.381178,46.909881],[36.381311,46.90996],[36.381312,46.90996],[36.383033,46.910989],[36.383885,46.91001],[36.38217,46.908985],[36.382169,46.908985],[36.381311,46.908472],[36.378491,46.906785],[36.377593,46.907737]]]}},{"type":"Feature","properties":{"cadnum":"2324882800:03:006:0012"},"geometry":{"type":"Polygon","coordinates":[[[36.319744,46.905148],[36.3199,46.905232],[36.320118,46.905347],[36.320119,46.905348],[36.32012,46.905348],[36.320715,46.904818],[36.320715,46.904819],[36.320837,46.90471],[36.320711,46.904636],[36.320653,46.904608],[36.320334,46.904865],[36.32018,46.90481],[36.319744,46.905148]]]}},{"type":"Feature","properties":{"cadnum":"2324882800:02:012:0011"},"geometry":{"type":"Polygon","coordinates":[[[36.311361,46.936125],[36.315393,46.937339],[36.315393,46.937338],[36.315394,46.937338],[36.320887,46.938991],[36.320887,46.93899],[36.321011,46.939027],[36.320715,46.938381],[36.32044,46.937781],[36.315394,46.936265],[36.315393,46.936265],[36.312412,46.935368],[36.311361,46.936125]]]}},{"type":"Feature","properties":{"cadnum":"2324882800:02:028:0053"},"geometry":{"type":"Polygon","coordinates":[[[36.325411,46.940286],[36.325528,46.940768],[36.326205,46.942174],[36.326208,46.942181],[36.326453,46.942748],[36.326452,46.942748],[36.326495,46.942846],[36.326503,46.942866],[36.326545,46.942961],[36.326735,46.943474],[36.32679,46.943947],[36.32666,46.9442],[36.326657,46.944737],[36.326952,46.945049],[36.327235,46.945339],[36.32774,46.945773],[36.327647,46.945186],[36.327923,46.942748],[36.328126,46.940965],[36.328536,46.938998],[36.328535,46.938998],[36.329063,46.936475],[36.32957,46.935247],[36.329629,46.935104],[36.329923,46.934059],[36.329325,46.934217],[36.32852,46.934304],[36.327901,46.934237],[36.32752,46.934276],[36.327237,46.934552],[36.326822,46.935247],[36.326785,46.93531],[36.32675,46.935364],[36.326751,46.935364],[36.326751,46.935365],[36.326572,46.935653],[36.326361,46.936156],[36.326071,46.936646],[36.325698,46.938417],[36.325609,46.938998],[36.325411,46.940286]]]}},{"type":"Feature","properties":{"cadnum":"2324882800:02:026:0014"},"geometry":{"type":"Polygon","coordinates":[[[36.34074,46.95221],[36.342688,46.952814],[36.342688,46.952815],[36.342767,46.952839],[36.342859,46.952868],[36.343103,46.952943],[36.343138,46.952633],[36.34276,46.952517],[36.340775,46.951902],[36.34074,46.95221]]]}},{"type":"Feature","properties":{"cadnum":"2324882800:02:026:0073"},"geometry":{"type":"Polygon","coordinates":[[[36.335983,46.95109],[36.337194,46.951466],[36.338325,46.951816],[36.33843,46.950896],[36.337337,46.950558],[36.336718,46.950366],[36.336107,46.950176],[36.336097,46.950248],[36.336097,46.950249],[36.336096,46.950249],[36.336087,46.950313],[36.33608,46.950366],[36.335983,46.95109]]]}},{"type":"Feature","properties":{"cadnum":"2324882800:02:026:0023"},"geometry":{"type":"Polygon","coordinates":[[[36.336107,46.950176],[36.33634,46.950249],[36.336402,46.950268],[36.336718,46.950366],[36.336719,46.950366],[36.337194,46.950513],[36.338431,46.950896],[36.338497,46.950309],[36.338525,46.950068],[36.337366,46.949709],[36.336218,46.949353],[36.336107,46.950176]]]}},{"type":"Feature","properties":{"cadnum":"2324882800:02:026:0144"},"geometry":{"type":"Polygon","coordinates":[[[36.340813,46.951583],[36.342688,46.952164],[36.342688,46.952165],[36.342761,46.952187],[36.342859,46.952218],[36.343174,46.952315],[36.343224,46.951885],[36.342802,46.951755],[36.340861,46.951153],[36.340813,46.951583]]]}},{"type":"Feature","properties":{"cadnum":"2324882800:02:026:0146"},"geometry":{"type":"Polygon","coordinates":[[[36.340903,46.950796],[36.342688,46.95135],[36.3428,46.951384],[36.342859,46.951403],[36.343266,46.951528],[36.343305,46.95119],[36.342762,46.951022],[36.340941,46.950458],[36.340903,46.950796]]]}},{"type":"Feature","properties":{"cadnum":"2324882800:02:026:0149"},"geometry":{"type":"Polygon","coordinates":[[[36.341015,46.949816],[36.342411,46.950248],[36.342411,46.950249],[36.342688,46.950334],[36.342688,46.950335],[36.342814,46.950374],[36.342859,46.950388],[36.343378,46.950548],[36.343403,46.950324],[36.343424,46.950152],[36.34276,46.949947],[36.341061,46.94942],[36.341015,46.949816]]]}},{"type":"Feature","properties":{"cadnum":"2324882800:02:026:0109"},"geometry":{"type":"Polygon","coordinates":[[[36.338363,46.951828],[36.340663,46.95254],[36.340762,46.951682],[36.33846,46.950969],[36.338363,46.951828]]]}},{"type":"Feature","properties":{"cadnum":"2324882800:02:026:0010"},"geometry":{"type":"Polygon","coordinates":[[[36.338595,46.949804],[36.340409,46.950366],[36.34041,46.950366],[36.340895,46.950516],[36.340912,46.950366],[36.340943,46.950105],[36.338641,46.949392],[36.338595,46.949804]]]}},{"type":"Feature","properties":{"cadnum":"2324882800:02:026:0110"},"geometry":{"type":"Polygon","coordinates":[[[36.33846,46.950969],[36.340762,46.951682],[36.340856,46.950864],[36.339171,46.950342],[36.338554,46.950151],[36.338543,46.950248],[36.338543,46.950249],[36.338542,46.950249],[36.338531,46.950344],[36.338529,46.950366],[36.33846,46.950969]]]}},{"type":"Feature","properties":{"cadnum":"2324882800:02:026:0145"},"geometry":{"type":"Polygon","coordinates":[[[36.340861,46.951153],[36.342688,46.95172],[36.342759,46.951742],[36.342859,46.951773],[36.343225,46.951885],[36.343266,46.951528],[36.3428,46.951384],[36.340903,46.950796],[36.340861,46.951153]]]}},{"type":"Feature","properties":{"cadnum":"2324882800:02:026:0141"},"geometry":{"type":"Polygon","coordinates":[[[36.340701,46.952544],[36.342688,46.95316],[36.342774,46.953186],[36.342859,46.953213],[36.343064,46.953276],[36.343103,46.952943],[36.342767,46.952839],[36.34074,46.95221],[36.340701,46.952544]]]}},{"type":"Feature","properties":{"cadnum":"2324882800:03:006:0006"},"geometry":{"type":"Polygon","coordinates":[[[36.326073,46.905285],[36.326172,46.905349],[36.326173,46.905349],[36.326208,46.905372],[36.326285,46.905421],[36.32638,46.905482],[36.326605,46.905626],[36.327009,46.90533],[36.327008,46.905329],[36.326476,46.904989],[36.326223,46.905175],[36.326145,46.905232],[36.326073,46.905285]]]}},{"type":"Feature","properties":{"cadnum":"2324882800:03:006:0010"},"geometry":{"type":"Polygon","coordinates":[[[36.320614,46.904163],[36.320715,46.904221],[36.320715,46.904222],[36.320718,46.904223],[36.320728,46.904213],[36.320821,46.904267],[36.320809,46.904277],[36.320887,46.904323],[36.320892,46.904326],[36.320932,46.904332],[36.321086,46.904419],[36.321101,46.904428],[36.321242,46.904312],[36.320766,46.904039],[36.320614,46.904163]]]}},{"type":"Feature","properties":{"cadnum":"2324882800:03:006:0003"},"geometry":{"type":"Polygon","coordinates":[[[36.321058,46.903851],[36.321326,46.904007],[36.321707,46.90371],[36.321466,46.903549],[36.321058,46.903851]]]}},{"type":"Feature","properties":{"cadnum":"2324882800:03:002:0002"},"geometry":{"type":"Polygon","coordinates":[[[36.319988,46.903269],[36.320409,46.903506],[36.320715,46.903279],[36.320796,46.903218],[36.320887,46.903151],[36.320887,46.90315],[36.32092,46.903125],[36.32081,46.903064],[36.320459,46.902866],[36.319988,46.903269]]]}},{"type":"Feature","properties":{"cadnum":"2324882800:03:007:0012"},"geometry":{"type":"Polygon","coordinates":[[[36.32414,46.901942],[36.324619,46.902238],[36.324923,46.902011],[36.324465,46.901704],[36.32414,46.901942]]]}},{"type":"Feature","properties":{"cadnum":"2324882800:03:003:0007"},"geometry":{"type":"Polygon","coordinates":[[[36.325075,46.902984],[36.32539,46.903175],[36.325414,46.903179],[36.325465,46.90318],[36.325973,46.902834],[36.326208,46.902941],[36.326208,46.902942],[36.326452,46.903053],[36.326633,46.902982],[36.326857,46.902819],[36.327176,46.902593],[36.326889,46.902399],[36.326429,46.90209],[36.326283,46.901991],[36.326082,46.901854],[36.326002,46.901911],[36.325835,46.902036],[36.325661,46.902156],[36.325572,46.902226],[36.325527,46.902257],[36.325461,46.902298],[36.325721,46.902498],[36.325094,46.902945],[36.325082,46.902967],[36.325075,46.902984]]]}},{"type":"Feature","properties":{"cadnum":"2324882800:03:006:0001"},"geometry":{"type":"Polygon","coordinates":[[[36.324753,46.904848],[36.324976,46.904974],[36.325151,46.904829],[36.325009,46.904748],[36.324988,46.904765],[36.324907,46.90472],[36.324886,46.904737],[36.32486,46.904723],[36.324795,46.904778],[36.324819,46.904793],[36.324753,46.904848]]]}},{"type":"Feature","properties":{"cadnum":"2324882800:01:018:0005"},"geometry":{"type":"Polygon","coordinates":[[[36.375113,46.900728],[36.375818,46.901153],[36.376553,46.901596],[36.376554,46.901596],[36.380696,46.90409],[36.38114,46.903621],[36.381785,46.902937],[36.381311,46.902653],[36.381311,46.902652],[36.379557,46.901596],[36.376198,46.899573],[36.375647,46.90016],[36.375113,46.900728]]]}},{"type":"Feature","properties":{"cadnum":"2324882800:01:009:0005"},"geometry":{"type":"Polygon","coordinates":[[[36.325572,46.871025],[36.326208,46.871403],[36.326208,46.871404],[36.326474,46.871562],[36.326475,46.871562],[36.330726,46.874096],[36.331725,46.872998],[36.329314,46.871562],[36.326574,46.869929],[36.32638,46.870142],[36.325572,46.871025]]]}},{"type":"Feature","properties":{"cadnum":"2324882800:01:009:0004"},"geometry":{"type":"Polygon","coordinates":[[[36.324231,46.872491],[36.326208,46.873669],[36.326208,46.87367],[36.328776,46.8752],[36.329391,46.875565],[36.329616,46.875317],[36.330726,46.874096],[36.32638,46.871505],[36.325572,46.871025],[36.325188,46.871444],[36.325087,46.871554],[36.32508,46.871562],[36.324231,46.87249],[36.324231,46.872491]],[[36.328232,46.873773],[36.328271,46.873702],[36.328515,46.873626],[36.328764,46.87369],[36.328874,46.873856],[36.328874,46.873857],[36.328782,46.874028],[36.328538,46.874104],[36.328288,46.87404],[36.328178,46.873873],[36.328232,46.873773]],[[36.325635,46.873079],[36.325729,46.872908],[36.325972,46.872832],[36.326208,46.872893],[36.326223,46.872897],[36.326333,46.873063],[36.326278,46.873163],[36.326239,46.873234],[36.325996,46.87331],[36.325747,46.873246],[36.325635,46.873079]]]}},{"type":"Feature","properties":{"cadnum":"2324882800:01:022:0050"},"geometry":{"type":"Polygon","coordinates":[[[36.337074,46.885633],[36.337194,46.885706],[36.337194,46.885707],[36.338447,46.886464],[36.340687,46.887816],[36.340872,46.887602],[36.339182,46.886581],[36.33726,46.88542],[36.337074,46.885633]]]}},{"type":"Feature","properties":{"cadnum":"2324882800:01:022:0052"},"geometry":{"type":"Polygon","coordinates":[[[36.336702,46.886062],[36.337194,46.88636],[36.337364,46.886462],[36.337366,46.886464],[36.340317,46.888246],[36.340502,46.888031],[36.337908,46.886464],[36.337907,46.886464],[36.337366,46.886137],[36.337366,46.886136],[36.336889,46.885848],[36.336877,46.885861],[36.336702,46.886062]]]}},{"type":"Feature","properties":{"cadnum":"2324882800:01:022:0051"},"geometry":{"type":"Polygon","coordinates":[[[36.336889,46.885848],[36.337194,46.886033],[36.338101,46.886581],[36.338102,46.886581],[36.340502,46.888031],[36.340687,46.887816],[36.338642,46.886581],[36.338641,46.886581],[36.337366,46.88581],[36.337074,46.885633],[36.337068,46.885641],[36.336889,46.885848]]]}},{"type":"Feature","properties":{"cadnum":"2324882800:01:022:0053"},"geometry":{"type":"Polygon","coordinates":[[[36.336517,46.886277],[36.336826,46.886463],[36.336826,46.886464],[36.337194,46.886686],[36.340131,46.888461],[36.340317,46.888246],[36.337561,46.886581],[36.337364,46.886462],[36.336702,46.886062],[36.336685,46.886082],[36.336517,46.886277]]]}},{"type":"Feature","properties":{"cadnum":"2324882800:01:011:0001"},"geometry":{"type":"Polygon","coordinates":[[[36.33207,46.882001],[36.333255,46.882709],[36.333254,46.882709],[36.337017,46.884958],[36.337366,46.884602],[36.337987,46.883967],[36.337213,46.883505],[36.335883,46.882709],[36.335882,46.882709],[36.332993,46.880981],[36.33207,46.882001]]]}},{"type":"Feature","properties":{"cadnum":"2324882800:02:026:0153"},"geometry":{"type":"Polygon","coordinates":[[[36.341196,46.948232],[36.342688,46.948694],[36.343559,46.948964],[36.343592,46.948689],[36.342787,46.94844],[36.341228,46.947957],[36.341196,46.948232]]]}},{"type":"Feature","properties":{"cadnum":"2324882800:02:026:0152"},"geometry":{"type":"Polygon","coordinates":[[[36.341145,46.948681],[36.342688,46.949159],[36.342787,46.94919],[36.342859,46.949212],[36.343508,46.949413],[36.343559,46.948964],[36.342859,46.948747],[36.341196,46.948232],[36.341145,46.948681]]]}},{"type":"Feature","properties":{"cadnum":"2324882800:02:013:0004"},"geometry":{"type":"Polygon","coordinates":[[[36.343546,46.949894],[36.344802,46.950249],[36.344803,46.950249],[36.348181,46.951201],[36.348181,46.951202],[36.350532,46.951863],[36.350682,46.950306],[36.35084,46.948681],[36.348353,46.947981],[36.348352,46.947981],[36.348352,46.94798],[36.343911,46.946727],[36.343724,46.948344],[36.343546,46.949894]]]}},{"type":"Feature","properties":{"cadnum":"2324882800:02:013:0003"},"geometry":{"type":"Polygon","coordinates":[[[36.343401,46.951154],[36.348352,46.95255],[36.348353,46.95255],[36.350408,46.953129],[36.350532,46.951863],[36.348353,46.95125],[36.348352,46.95125],[36.348352,46.951249],[36.345218,46.950366],[36.343546,46.949894],[36.343505,46.950248],[36.343505,46.950249],[36.343504,46.950249],[36.343493,46.950348],[36.343491,46.950366],[36.343401,46.951154]]]}},{"type":"Feature","properties":{"cadnum":"2324882800:02:026:0151"},"geometry":{"type":"Polygon","coordinates":[[[36.341106,46.949024],[36.342688,46.949514],[36.343468,46.949756],[36.343508,46.949413],[36.342787,46.94919],[36.341145,46.948681],[36.341106,46.949024]]]}},{"type":"Feature","properties":{"cadnum":"2324882800:02:026:0158"},"geometry":{"type":"Polygon","coordinates":[[[36.341384,46.946595],[36.341451,46.946616],[36.341452,46.946616],[36.342688,46.946999],[36.343747,46.947327],[36.343794,46.946922],[36.342859,46.946632],[36.342807,46.946616],[36.341431,46.946189],[36.341395,46.946499],[36.341384,46.946595]]]}},{"type":"Feature","properties":{"cadnum":"2324882800:02:026:0155"},"geometry":{"type":"Polygon","coordinates":[[[36.34127,46.947594],[36.342859,46.948088],[36.342859,46.948087],[36.343633,46.948327],[36.343669,46.948013],[36.342859,46.947762],[36.341306,46.94728],[36.34127,46.947594]]]}},{"type":"Feature","properties":{"cadnum":"2324882800:02:026:0154"},"geometry":{"type":"Polygon","coordinates":[[[36.341228,46.947957],[36.342688,46.948409],[36.342787,46.94844],[36.342859,46.948462],[36.343592,46.948689],[36.343633,46.948327],[36.342688,46.948034],[36.342688,46.948035],[36.342687,46.948035],[36.34127,46.947594],[36.341228,46.947957]]]}},{"type":"Feature","properties":{"cadnum":"2324882800:02:006:0002"},"geometry":{"type":"Polygon","coordinates":[[[36.303589,46.928631],[36.304235,46.928972],[36.304262,46.928986],[36.304407,46.929063],[36.305662,46.929724],[36.308332,46.927862],[36.308333,46.927862],[36.309404,46.927116],[36.307339,46.926017],[36.30469,46.927862],[36.304691,46.927862],[36.304398,46.928067],[36.303589,46.928631]]]}},{"type":"Feature","properties":{"cadnum":"2324882800:01:020:0010"},"geometry":{"type":"Polygon","coordinates":[[[36.392705,46.900112],[36.395017,46.901479],[36.395018,46.901479],[36.397545,46.902973],[36.397619,46.90289],[36.398765,46.901588],[36.398889,46.901448],[36.397619,46.900697],[36.394039,46.898579],[36.394038,46.898579],[36.392705,46.900112]]]}},{"type":"Feature","properties":{"cadnum":"2324882800:02:002:0001"},"geometry":{"type":"Polygon","coordinates":[[[36.292285,46.913708],[36.293249,46.914196],[36.293249,46.914197],[36.295438,46.915302],[36.29843,46.913804],[36.296318,46.912737],[36.295277,46.912211],[36.293991,46.912855],[36.293421,46.91314],[36.292285,46.913708]]]}},{"type":"Feature","properties":{"cadnum":"2324882800:02:003:0007"},"geometry":{"type":"Polygon","coordinates":[[[36.294602,46.916041],[36.295687,46.916607],[36.295688,46.916607],[36.298742,46.918199],[36.298742,46.9182],[36.301025,46.919389],[36.302422,46.91869],[36.298742,46.916772],[36.298427,46.916607],[36.296006,46.915344],[36.294602,46.916041]]]}},{"type":"Feature","properties":{"cadnum":"2324882800:02:003:0006"},"geometry":{"type":"Polygon","coordinates":[[[36.293138,46.916767],[36.293249,46.916825],[36.293249,46.916826],[36.293331,46.916868],[36.293421,46.916916],[36.293421,46.916915],[36.298742,46.919689],[36.298742,46.91969],[36.299566,46.920119],[36.301025,46.919389],[36.298914,46.918289],[36.295463,46.91649],[36.294602,46.916041],[36.29346,46.916607],[36.293461,46.916607],[36.293351,46.916661],[36.293138,46.916767]]]}},{"type":"Feature","properties":{"cadnum":"2324882800:02:001:0012"},"geometry":{"type":"Polygon","coordinates":[[[36.285854,46.919366],[36.286607,46.919759],[36.287928,46.919108],[36.293003,46.916607],[36.293004,46.916607],[36.293249,46.916486],[36.293249,46.916487],[36.29527,46.91549],[36.294504,46.915104],[36.293421,46.915638],[36.291691,46.91649],[36.287928,46.918345],[36.285854,46.919366]]]}},{"type":"Feature","properties":{"cadnum":"2324882800:02:001:0011"},"geometry":{"type":"Polygon","coordinates":[[[36.284777,46.918803],[36.284784,46.918807],[36.285854,46.919366],[36.287756,46.918429],[36.287756,46.91843],[36.291453,46.916607],[36.293249,46.915722],[36.293249,46.915723],[36.294504,46.915104],[36.293409,46.91455],[36.289472,46.91649],[36.289471,46.91649],[36.287928,46.917251],[36.284777,46.918803]]]}},{"type":"Feature","properties":{"cadnum":"2324882800:02:003:0008"},"geometry":{"type":"Polygon","coordinates":[[[36.296006,46.915344],[36.298202,46.916489],[36.298202,46.91649],[36.298914,46.916861],[36.298914,46.91686],[36.302422,46.918689],[36.303822,46.91799],[36.300944,46.91649],[36.300943,46.91649],[36.298914,46.915431],[36.297412,46.914647],[36.296006,46.915344]]]}},{"type":"Feature","properties":{"cadnum":"2324882800:01:005:0002"},"geometry":{"type":"Polygon","coordinates":[[[36.35279,46.910753],[36.353674,46.911286],[36.35374,46.911326],[36.353846,46.91139],[36.356081,46.912737],[36.356269,46.91285],[36.356273,46.912853],[36.356323,46.912796],[36.356351,46.912765],[36.356351,46.912764],[36.35768,46.911261],[36.357743,46.911191],[36.357846,46.911074],[36.35454,46.909082],[36.35433,46.908954],[36.354304,46.908985],[36.354303,46.908985],[36.354241,46.909057],[36.354202,46.909102],[36.354203,46.909102],[36.353736,46.909648],[36.35279,46.910753]]]}},{"type":"Feature","properties":{"cadnum":"2324882800:01:005:0001"},"geometry":{"type":"Polygon","coordinates":[[[36.351343,46.912443],[36.35183,46.912737],[36.35196,46.912816],[36.352024,46.912855],[36.352025,46.912855],[36.353674,46.913848],[36.353674,46.913849],[36.354794,46.914524],[36.356273,46.912853],[36.356269,46.91285],[36.35374,46.911326],[36.35279,46.910753],[36.351343,46.912443]]]}},{"type":"Feature","properties":{"cadnum":"2324882800:01:006:0001"},"geometry":{"type":"Polygon","coordinates":[[[36.354794,46.914524],[36.358053,46.916489],[36.358053,46.91649],[36.358069,46.9165],[36.358247,46.916607],[36.358248,46.916607],[36.358318,46.916649],[36.358488,46.91649],[36.358488,46.916489],[36.359167,46.915856],[36.359167,46.915857],[36.359272,46.915759],[36.359339,46.915696],[36.360074,46.915009],[36.359173,46.914467],[36.356386,46.912786],[36.356351,46.912765],[36.356323,46.912796],[36.356273,46.912853],[36.35627,46.912855],[36.356271,46.912855],[36.354794,46.914524]]]}},{"type":"Feature","properties":{"cadnum":"2324882800:01:006:0002"},"geometry":{"type":"Polygon","coordinates":[[[36.356351,46.912765],[36.356386,46.912786],[36.3565,46.912855],[36.359167,46.914463],[36.359173,46.914467],[36.359339,46.914567],[36.360074,46.915009],[36.361573,46.913608],[36.360127,46.912737],[36.359167,46.912158],[36.35768,46.911261],[36.356375,46.912737],[36.356351,46.912764],[36.356351,46.912765]]]}},{"type":"Feature","properties":{"cadnum":"2324882800:01:013:0010"},"geometry":{"type":"Polygon","coordinates":[[[36.350824,46.879291],[36.353846,46.881091],[36.355472,46.882059],[36.356277,46.881208],[36.353674,46.879658],[36.35269,46.879072],[36.351621,46.878435],[36.351027,46.879072],[36.350824,46.879291]]]}},{"type":"Feature","properties":{"cadnum":"2324882800:01:014:0014"},"geometry":{"type":"Polygon","coordinates":[[[36.358594,46.87918],[36.359167,46.879509],[36.364089,46.882333],[36.364832,46.881538],[36.364832,46.881537],[36.365059,46.881294],[36.36466,46.881066],[36.360983,46.878955],[36.360982,46.878955],[36.359575,46.878146],[36.359339,46.878395],[36.358808,46.878955],[36.358783,46.878981],[36.358696,46.879072],[36.358697,46.879072],[36.358594,46.87918]]]}},{"type":"Feature","properties":{"cadnum":"2324882800:01:013:0012"},"geometry":{"type":"Polygon","coordinates":[[[36.352392,46.877606],[36.353846,46.878472],[36.354656,46.878954],[36.354656,46.878955],[36.357056,46.880384],[36.357756,46.879643],[36.356797,46.879072],[36.353674,46.877212],[36.353085,46.876861],[36.352392,46.877606]]]}},{"type":"Feature","properties":{"cadnum":"2324882800:01:013:0013"},"geometry":{"type":"Polygon","coordinates":[[[36.353085,46.876861],[36.353846,46.877315],[36.353846,46.877314],[36.3566,46.878954],[36.3566,46.878955],[36.357756,46.879643],[36.358295,46.879072],[36.358482,46.878875],[36.353804,46.876089],[36.353085,46.876861]]]}},{"type":"Feature","properties":{"cadnum":"2324882800:01:014:0013"},"geometry":{"type":"Polygon","coordinates":[[[36.357719,46.880106],[36.359167,46.880938],[36.362253,46.882709],[36.36322,46.883264],[36.363738,46.882709],[36.364089,46.882333],[36.359339,46.879608],[36.359339,46.879607],[36.358594,46.87918],[36.357719,46.880106]]]}},{"type":"Feature","properties":{"cadnum":"2324882800:01:013:0009"},"geometry":{"type":"Polygon","coordinates":[[[36.349892,46.880292],[36.353674,46.882545],[36.354147,46.882827],[36.354531,46.883055],[36.354857,46.882709],[36.355472,46.882059],[36.353674,46.880989],[36.350824,46.879291],[36.349892,46.880292]]]}},{"type":"Feature","properties":{"cadnum":"2324882800:01:013:0011"},"geometry":{"type":"Polygon","coordinates":[[[36.351621,46.878435],[36.352492,46.878954],[36.352492,46.878955],[36.353846,46.87976],[36.356277,46.881208],[36.357056,46.880384],[36.354853,46.879072],[36.353674,46.87837],[36.352392,46.877606],[36.351621,46.878435]]]}},{"type":"Feature","properties":{"cadnum":"2324882800:01:014:0011"},"geometry":{"type":"Polygon","coordinates":[[[36.355663,46.882278],[36.356414,46.882709],[36.359339,46.884388],[36.361183,46.885446],[36.362221,46.884334],[36.359388,46.882709],[36.359339,46.882681],[36.35671,46.881172],[36.355663,46.882278]]]}},{"type":"Feature","properties":{"cadnum":"2324882800:01:014:0010"},"geometry":{"type":"Polygon","coordinates":[[[36.354756,46.883234],[36.359167,46.885767],[36.360284,46.886408],[36.361183,46.885446],[36.359167,46.884289],[36.359167,46.88429],[36.356619,46.882827],[36.355663,46.882278],[36.355142,46.882827],[36.354756,46.883234]]]}},{"type":"Feature","properties":{"cadnum":"2324882800:01:014:0012"},"geometry":{"type":"Polygon","coordinates":[[[36.35671,46.881172],[36.359167,46.882582],[36.359167,46.882583],[36.359592,46.882827],[36.359593,46.882827],[36.362221,46.884334],[36.36322,46.883264],[36.362458,46.882827],[36.359339,46.881037],[36.359339,46.881036],[36.357719,46.880106],[36.35671,46.881172]]]}},{"type":"Feature","properties":{"cadnum":"2324882800:01:013:0008"},"geometry":{"type":"Polygon","coordinates":[[[36.348956,46.881299],[36.351519,46.882827],[36.35152,46.882827],[36.353585,46.884057],[36.353674,46.883963],[36.353692,46.883944],[36.353846,46.883782],[36.353846,46.883781],[36.354531,46.883055],[36.35395,46.882709],[36.353846,46.882647],[36.349892,46.880292],[36.348956,46.881299]]]}},{"type":"Feature","properties":{"cadnum":"2324882800:02:021:0001"},"geometry":{"type":"Polygon","coordinates":[[[36.357747,46.94148],[36.359167,46.942049],[36.359235,46.942076],[36.359339,46.942118],[36.359339,46.942117],[36.361211,46.942866],[36.361212,46.942866],[36.362384,46.943334],[36.363147,46.942748],[36.363148,46.942748],[36.364151,46.941978],[36.359536,46.940133],[36.359167,46.940412],[36.357747,46.94148]]]}},{"type":"Feature","properties":{"cadnum":"2324882800:02:015:0012"},"geometry":{"type":"Polygon","coordinates":[[[36.358548,46.944667],[36.359167,46.944915],[36.363417,46.946616],[36.36466,46.947114],[36.36472,46.947138],[36.364832,46.947183],[36.364832,46.947182],[36.365344,46.947387],[36.365438,46.946499],[36.365437,46.946499],[36.365472,46.946182],[36.364699,46.945873],[36.359339,46.943728],[36.358714,46.943477],[36.358548,46.944667]]]}},{"type":"Feature","properties":{"cadnum":"2324882800:02:015:0013"},"geometry":{"type":"Polygon","coordinates":[[[36.358714,46.943477],[36.359167,46.943659],[36.36466,46.945858],[36.364699,46.945873],[36.364832,46.945926],[36.365472,46.946182],[36.365611,46.944872],[36.364732,46.94452],[36.360306,46.942748],[36.360305,46.942748],[36.359329,46.942358],[36.358895,46.942183],[36.358798,46.942866],[36.358799,46.942866],[36.358714,46.943477]]]}},{"type":"Feature","properties":{"cadnum":"2324882800:02:015:0011"},"geometry":{"type":"Polygon","coordinates":[[[36.358391,46.945794],[36.359167,46.946105],[36.360444,46.946616],[36.36466,46.948304],[36.364717,46.948327],[36.364832,46.948373],[36.365222,46.948528],[36.365344,46.947387],[36.364832,46.947182],[36.363418,46.946616],[36.359339,46.944982],[36.358548,46.944666],[36.358391,46.945794]]]}},{"type":"Feature","properties":{"cadnum":"2324882800:02:015:0010"},"geometry":{"type":"Polygon","coordinates":[[[36.35823,46.946942],[36.359339,46.947387],[36.359339,46.947386],[36.36466,46.949517],[36.364708,46.949536],[36.364832,46.949586],[36.365099,46.949692],[36.365222,46.948528],[36.364717,46.948327],[36.360151,46.946499],[36.359339,46.946174],[36.358391,46.945794],[36.358292,46.946499],[36.358291,46.946499],[36.35823,46.946942]]]}},{"type":"Feature","properties":{"cadnum":"2324882800:02:017:0004"},"geometry":{"type":"Polygon","coordinates":[[[36.372111,46.95848],[36.375647,46.959875],[36.375663,46.959881],[36.375818,46.959943],[36.378306,46.960924],[36.378526,46.959266],[36.378722,46.957782],[36.375726,46.9566],[36.372421,46.955295],[36.372275,46.9568],[36.37217,46.957865],[36.372171,46.957865],[36.372111,46.95848]]]}},{"type":"Feature","properties":{"cadnum":"2324882800:02:017:0003"},"geometry":{"type":"Polygon","coordinates":[[[36.371987,46.959771],[36.375647,46.961216],[36.375734,46.96125],[36.375818,46.961284],[36.376359,46.961497],[36.377375,46.961898],[36.378207,46.96167],[36.37823,46.961497],[36.378229,46.961497],[36.378306,46.960924],[36.375663,46.959881],[36.372111,46.95848],[36.371987,46.959771]]]}},{"type":"Feature","properties":{"cadnum":"2324882800:01:006:0003"},"geometry":{"type":"Polygon","coordinates":[[[36.35768,46.911261],[36.359339,46.912262],[36.360322,46.912855],[36.361573,46.913608],[36.362378,46.912855],[36.362379,46.912855],[36.363117,46.912165],[36.359315,46.909874],[36.359054,46.909716],[36.358012,46.910886],[36.357846,46.911074],[36.357743,46.911191],[36.35768,46.911261]]]}},{"type":"Feature","properties":{"cadnum":"2324882800:01:007:0007"},"geometry":{"type":"Polygon","coordinates":[[[36.363152,46.912455],[36.36381,46.912855],[36.363811,46.912855],[36.36466,46.913369],[36.368574,46.915737],[36.369103,46.915244],[36.369583,46.914796],[36.366375,46.912855],[36.366376,46.912855],[36.364832,46.91192],[36.36416,46.911513],[36.363152,46.912455]]]}},{"type":"Feature","properties":{"cadnum":"2324882800:01:007:0008"},"geometry":{"type":"Polygon","coordinates":[[[36.36416,46.911513],[36.36466,46.911816],[36.36466,46.911817],[36.366181,46.912737],[36.369583,46.914796],[36.370068,46.914343],[36.370153,46.914263],[36.370617,46.91383],[36.370325,46.913654],[36.370325,46.913653],[36.369005,46.912855],[36.365195,46.910548],[36.364832,46.910887],[36.36416,46.911513]]]}},{"type":"Feature","properties":{"cadnum":"2324882800:02:008:0002"},"geometry":{"type":"Polygon","coordinates":[[[36.310481,46.923131],[36.311364,46.923993],[36.311363,46.923993],[36.312364,46.924969],[36.312419,46.925022],[36.315393,46.924401],[36.315394,46.924401],[36.315946,46.924285],[36.315767,46.924111],[36.315768,46.924111],[36.315246,46.923602],[36.313438,46.921836],[36.310481,46.923131]]]}},{"type":"Feature","properties":{"cadnum":"2324882800:02:007:0005"},"geometry":{"type":"Polygon","coordinates":[[[36.318281,46.924019],[36.3183,46.924111],[36.318301,46.924111],[36.319118,46.927862],[36.3198,46.930991],[36.320887,46.930758],[36.321381,46.930652],[36.320748,46.927745],[36.320747,46.927745],[36.319946,46.924073],[36.319862,46.923682],[36.318401,46.923993],[36.3184,46.923993],[36.318282,46.924019],[36.318281,46.924019]]]}},{"type":"Feature","properties":{"cadnum":"2324882800:02:007:0002"},"geometry":{"type":"Polygon","coordinates":[[[36.312687,46.925211],[36.313264,46.927862],[36.313513,46.929003],[36.314964,46.929778],[36.315222,46.929875],[36.315317,46.929911],[36.315393,46.929939],[36.315394,46.929939],[36.315448,46.929959],[36.3156,46.930113],[36.316245,46.930465],[36.315652,46.927745],[36.315393,46.926556],[36.315393,46.926555],[36.315287,46.926065],[36.315222,46.925767],[36.314994,46.92472],[36.312687,46.925211]]]}},{"type":"Feature","properties":{"cadnum":"2324882800:02:007:0006"},"geometry":{"type":"Polygon","coordinates":[[[36.319862,46.923682],[36.319929,46.923993],[36.319946,46.924073],[36.319955,46.924111],[36.320773,46.927862],[36.320887,46.928382],[36.320887,46.92838],[36.321381,46.930652],[36.322963,46.930313],[36.322402,46.927745],[36.321589,46.924016],[36.321443,46.923345],[36.320823,46.923477],[36.319862,46.923682]]]}},{"type":"Feature","properties":{"cadnum":"2324882800:02:007:0003"},"geometry":{"type":"Polygon","coordinates":[[[36.314994,46.92472],[36.315287,46.926065],[36.315678,46.927862],[36.316245,46.930465],[36.317944,46.931389],[36.318219,46.93133],[36.317437,46.927745],[36.3167,46.924356],[36.315394,46.924635],[36.315393,46.924635],[36.314994,46.92472]]]}},{"type":"Feature","properties":{"cadnum":"2324882800:02:007:0004"},"geometry":{"type":"Polygon","coordinates":[[[36.3167,46.924356],[36.317463,46.927862],[36.318219,46.93133],[36.3198,46.930991],[36.319092,46.927745],[36.318281,46.924019],[36.31785,46.924111],[36.3167,46.924356]]]}},{"type":"Feature","properties":{"cadnum":"2324882800:02:008:0003"},"geometry":{"type":"Polygon","coordinates":[[[36.313124,46.919283],[36.313668,46.920241],[36.313668,46.920242],[36.313667,46.920242],[36.314251,46.921267],[36.314251,46.921268],[36.314109,46.921455],[36.314154,46.921522],[36.313438,46.921836],[36.315222,46.923578],[36.315246,46.923602],[36.315393,46.923746],[36.315394,46.923746],[36.315647,46.923993],[36.315946,46.924285],[36.317338,46.923993],[36.318047,46.923845],[36.315222,46.921088],[36.314474,46.920359],[36.314475,46.920359],[36.313329,46.91924],[36.313124,46.919283]]]}},{"type":"Feature","properties":{"cadnum":"2324882800:01:013:0014"},"geometry":{"type":"Polygon","coordinates":[[[36.353804,46.876089],[36.358482,46.878875],[36.359167,46.87815],[36.359167,46.878151],[36.359323,46.877986],[36.354839,46.875317],[36.354636,46.875195],[36.354631,46.8752],[36.35463,46.8752],[36.353804,46.876089]]]}},{"type":"Feature","properties":{"cadnum":"2324882800:03:005:0005"},"geometry":{"type":"Polygon","coordinates":[[[36.316567,46.892785],[36.316909,46.893124],[36.317555,46.89277],[36.317421,46.8927],[36.317203,46.892628],[36.316997,46.89261],[36.316845,46.892654],[36.316567,46.892785]]]}},{"type":"Feature","properties":{"cadnum":"2324882800:02:007:0008"},"geometry":{"type":"Polygon","coordinates":[[[36.323026,46.923008],[36.323266,46.924111],[36.324084,46.927862],[36.324545,46.929974],[36.32611,46.929638],[36.325697,46.927745],[36.324879,46.923993],[36.324592,46.922674],[36.323026,46.923008]]]}},{"type":"Feature","properties":{"cadnum":"2324882800:02:007:0007"},"geometry":{"type":"Polygon","coordinates":[[[36.321443,46.923345],[36.321584,46.923993],[36.321589,46.924016],[36.321609,46.924111],[36.32161,46.924111],[36.322428,46.927862],[36.322963,46.930313],[36.324545,46.929974],[36.324058,46.927745],[36.32324,46.923993],[36.323026,46.923008],[36.321443,46.923345]]]}},{"type":"Feature","properties":{"cadnum":"2324882800:02:008:0006"},"geometry":{"type":"Polygon","coordinates":[[[36.315907,46.918708],[36.317478,46.920241],[36.317478,46.920242],[36.32062,46.923307],[36.320715,46.923288],[36.320828,46.923264],[36.320887,46.923252],[36.322668,46.92288],[36.320715,46.920974],[36.319964,46.920242],[36.319963,46.920242],[36.317959,46.918285],[36.315907,46.918708]]]}},{"type":"Feature","properties":{"cadnum":"2324882800:02:026:0026"},"geometry":{"type":"Polygon","coordinates":[[[36.339929,46.938181],[36.342229,46.938894],[36.342264,46.938591],[36.339964,46.937879],[36.339929,46.938181]]]}},{"type":"Feature","properties":{"cadnum":"2324882800:02:026:0183"},"geometry":{"type":"Polygon","coordinates":[[[36.342434,46.937449],[36.342859,46.937582],[36.342859,46.937581],[36.344796,46.938182],[36.34484,46.937805],[36.34285,46.937189],[36.342477,46.937073],[36.342434,46.937449]]]}},{"type":"Feature","properties":{"cadnum":"2324882800:02:026:0095"},"geometry":{"type":"Polygon","coordinates":[[[36.337633,46.938884],[36.337999,46.938998],[36.33814,46.939042],[36.338377,46.939115],[36.338378,46.939115],[36.339734,46.939535],[36.339781,46.939122],[36.339588,46.939063],[36.337689,46.938473],[36.337633,46.938884]]]}},{"type":"Feature","properties":{"cadnum":"2324882800:02:026:0102"},"geometry":{"type":"Polygon","coordinates":[[[36.337944,46.936588],[36.34,46.937225],[36.34004,46.936875],[36.337991,46.93624],[36.337944,46.936588]]]}},{"type":"Feature","properties":{"cadnum":"2324882800:02:027:0058"},"geometry":{"type":"Polygon","coordinates":[[[36.334992,46.938149],[36.337194,46.938635],[36.337331,46.938665],[36.337366,46.938673],[36.337455,46.938692],[36.3375,46.938372],[36.337358,46.938341],[36.335038,46.937829],[36.334992,46.938149]]]}},{"type":"Feature","properties":{"cadnum":"2324882800:02:027:0065"},"geometry":{"type":"Polygon","coordinates":[[[36.335278,46.936159],[36.337366,46.93662],[36.337366,46.936619],[36.33774,46.936701],[36.337782,46.936405],[36.337366,46.936313],[36.335321,46.935861],[36.335278,46.936159]]]}},{"type":"Feature","properties":{"cadnum":"2324882800:02:026:0132"},"geometry":{"type":"Polygon","coordinates":[[[36.339964,46.937879],[36.342264,46.938591],[36.3423,46.938269],[36.340001,46.937557],[36.339964,46.937879]]]}},{"type":"Feature","properties":{"cadnum":"2324882800:02:026:0181"},"geometry":{"type":"Polygon","coordinates":[[[36.342342,46.938261],[36.342688,46.938368],[36.342688,46.938369],[36.344705,46.938993],[36.344742,46.938655],[36.342859,46.938072],[36.342379,46.937923],[36.342342,46.938261]]]}},{"type":"Feature","properties":{"cadnum":"2324882800:02:026:0187"},"geometry":{"type":"Polygon","coordinates":[[[36.342576,46.936213],[36.342688,46.936248],[36.344939,46.936946],[36.344963,46.936729],[36.342859,46.936077],[36.3426,46.935996],[36.342576,46.936213]]]}},{"type":"Feature","properties":{"cadnum":"2324882800:02:026:0186"},"geometry":{"type":"Polygon","coordinates":[[[36.342533,46.93658],[36.342688,46.936629],[36.344896,46.937313],[36.344938,46.936946],[36.342859,46.936301],[36.342576,46.936213],[36.342533,46.93658]]]}},{"type":"Feature","properties":{"cadnum":"2324882800:02:026:0012"},"geometry":{"type":"Polygon","coordinates":[[[36.342505,46.936831],[36.342688,46.936888],[36.344867,46.937564],[36.344896,46.937313],[36.342859,46.936682],[36.342533,46.93658],[36.342505,46.936831]]]}},{"type":"Feature","properties":{"cadnum":"2324882800:02:026:0020"},"geometry":{"type":"Polygon","coordinates":[[[36.337764,46.937919],[36.339846,46.938565],[36.339887,46.938208],[36.337811,46.937565],[36.337764,46.937919]]]}},{"type":"Feature","properties":{"cadnum":"2324882800:02:026:0215"},"geometry":{"type":"Polygon","coordinates":[[[36.342379,46.937923],[36.342688,46.938019],[36.344742,46.938655],[36.344796,46.938182],[36.342688,46.937528],[36.342688,46.937529],[36.342687,46.937529],[36.342434,46.937449],[36.342379,46.937923]]]}},{"type":"Feature","properties":{"cadnum":"2324882800:02:026:0019"},"geometry":{"type":"Polygon","coordinates":[[[36.340119,46.936525],[36.342418,46.937238],[36.342457,46.93691],[36.340157,46.936198],[36.340119,46.936525]]]}},{"type":"Feature","properties":{"cadnum":"2324882800:02:026:0018"},"geometry":{"type":"Polygon","coordinates":[[[36.337811,46.937565],[36.339887,46.938208],[36.339925,46.937873],[36.337857,46.937232],[36.337811,46.937565]]]}},{"type":"Feature","properties":{"cadnum":"2324882800:02:027:0056"},"geometry":{"type":"Polygon","coordinates":[[[36.334893,46.938838],[36.335619,46.938998],[36.337194,46.939345],[36.337194,46.939346],[36.337355,46.939381],[36.337366,46.939307],[36.337366,46.939306],[36.337408,46.939018],[36.337366,46.939009],[36.334945,46.938475],[36.334893,46.938838]]]}},{"type":"Feature","properties":{"cadnum":"2324882800:02:027:0057"},"geometry":{"type":"Polygon","coordinates":[[[36.334945,46.938475],[36.337194,46.938971],[36.337408,46.939018],[36.337455,46.938692],[36.337331,46.938665],[36.334992,46.938149],[36.334945,46.938475]]]}},{"type":"Feature","properties":{"cadnum":"2324882800:02:027:0063"},"geometry":{"type":"Polygon","coordinates":[[[36.335188,46.936782],[36.337366,46.937263],[36.337366,46.937262],[36.337652,46.937325],[36.337684,46.937092],[36.337366,46.937023],[36.335222,46.936549],[36.335188,46.936782]]]}},{"type":"Feature","properties":{"cadnum":"2324882800:02:027:0061"},"geometry":{"type":"Polygon","coordinates":[[[36.335102,46.937382],[36.337366,46.937882],[36.337366,46.937881],[36.337565,46.937925],[36.337605,46.937642],[36.337194,46.937551],[36.337194,46.937552],[36.335144,46.937098],[36.335102,46.937382]]]}},{"type":"Feature","properties":{"cadnum":"2324882800:02:026:0028"},"geometry":{"type":"Polygon","coordinates":[[[36.338043,46.935852],[36.340085,46.936484],[36.340133,46.936065],[36.3381,46.935435],[36.338043,46.935852]]]}},{"type":"Feature","properties":{"cadnum":"2324882800:02:026:0100"},"geometry":{"type":"Polygon","coordinates":[[[36.337857,46.937232],[36.339925,46.937873],[36.339973,46.937458],[36.337912,46.936819],[36.337857,46.937232]]]}},{"type":"Feature","properties":{"cadnum":"2324882800:02:026:0094"},"geometry":{"type":"Polygon","coordinates":[[[36.337593,46.939181],[36.3397,46.939834],[36.339734,46.939535],[36.338379,46.939115],[36.337634,46.938884],[36.337601,46.939115],[36.337602,46.939115],[36.337593,46.939181]]]}},{"type":"Feature","properties":{"cadnum":"2324882800:02:026:0128"},"geometry":{"type":"Polygon","coordinates":[[[36.339734,46.939878],[36.342034,46.94059],[36.342134,46.939722],[36.339839,46.939011],[36.339834,46.93901],[36.339822,46.939115],[36.339734,46.939878]]]}},{"type":"Feature","properties":{"cadnum":"2324882800:02:026:0184"},"geometry":{"type":"Polygon","coordinates":[[[36.342477,46.937073],[36.342688,46.937139],[36.34285,46.937189],[36.342859,46.937192],[36.34484,46.937805],[36.344867,46.937564],[36.342859,46.936941],[36.342505,46.936831],[36.342477,46.937073]]]}},{"type":"Feature","properties":{"cadnum":"2324882800:02:026:0007"},"geometry":{"type":"Polygon","coordinates":[[[36.3426,46.935996],[36.342688,46.936023],[36.342688,46.936024],[36.344963,46.936729],[36.344988,46.936511],[36.342859,46.93567],[36.342647,46.935586],[36.3426,46.935996]]]}},{"type":"Feature","properties":{"cadnum":"2324882800:02:026:0096"},"geometry":{"type":"Polygon","coordinates":[[[36.337689,46.938473],[36.339379,46.938998],[36.339588,46.939063],[36.339757,46.939115],[36.339758,46.939115],[36.339781,46.939122],[36.33979,46.939045],[36.339816,46.938822],[36.33773,46.938175],[36.337689,46.938473]]]}},{"type":"Feature","properties":{"cadnum":"2324882800:02:026:0129"},"geometry":{"type":"Polygon","coordinates":[[[36.339834,46.93901],[36.339839,46.939011],[36.340173,46.939115],[36.340174,46.939115],[36.342134,46.939722],[36.342182,46.939301],[36.341347,46.939042],[36.339883,46.938589],[36.339835,46.938998],[36.339834,46.93901]]]}},{"type":"Feature","properties":{"cadnum":"2324882800:02:026:0021"},"geometry":{"type":"Polygon","coordinates":[[[36.339882,46.938589],[36.341581,46.939115],[36.341582,46.939115],[36.342182,46.939301],[36.342203,46.939115],[36.342229,46.938894],[36.339929,46.938181],[36.339882,46.938589]]]}},{"type":"Feature","properties":{"cadnum":"2324882800:02:026:0101"},"geometry":{"type":"Polygon","coordinates":[[[36.337912,46.936819],[36.339973,46.937458],[36.34,46.937225],[36.337944,46.936588],[36.337912,46.936819]]]}},{"type":"Feature","properties":{"cadnum":"2324882800:01:001:0001"},"geometry":{"type":"Polygon","coordinates":[[[36.330988,46.900097],[36.331701,46.900504],[36.331701,46.900505],[36.33341,46.901479],[36.336049,46.902983],[36.337194,46.901733],[36.337287,46.901632],[36.337204,46.901585],[36.332169,46.898714],[36.331701,46.899262],[36.330988,46.900097]]]}},{"type":"Feature","properties":{"cadnum":"2324882800:01:002:0001"},"geometry":{"type":"Polygon","coordinates":[[[36.336135,46.903266],[36.337194,46.903901],[36.339614,46.905349],[36.341642,46.906562],[36.342588,46.905528],[36.342093,46.905232],[36.337194,46.9023],[36.337086,46.902235],[36.336135,46.903266]]]}},{"type":"Feature","properties":{"cadnum":"2324882800:02:018:0003"},"geometry":{"type":"Polygon","coordinates":[[[36.347699,46.932865],[36.348181,46.933058],[36.351865,46.934536],[36.353674,46.933133],[36.353839,46.933004],[36.350371,46.931613],[36.349727,46.931355],[36.349537,46.931496],[36.348353,46.932379],[36.348352,46.932379],[36.347699,46.932865]]]}},{"type":"Feature","properties":{"cadnum":"2324882800:02:018:0004"},"geometry":{"type":"Polygon","coordinates":[[[36.349727,46.931355],[36.350078,46.931496],[36.353674,46.932938],[36.353674,46.932939],[36.353839,46.933004],[36.353846,46.933],[36.353846,46.932999],[36.355782,46.931496],[36.356142,46.931218],[36.353846,46.930298],[36.353846,46.930297],[36.352091,46.929594],[36.349727,46.931355]]]}},{"type":"Feature","properties":{"cadnum":"2324882800:02:019:0004"},"geometry":{"type":"Polygon","coordinates":[[[36.35247,46.934353],[36.353846,46.934904],[36.354704,46.935247],[36.356718,46.936052],[36.357745,46.93527],[36.358408,46.934766],[36.354138,46.933058],[36.353846,46.933286],[36.35247,46.934353]]]}},{"type":"Feature","properties":{"cadnum":"2324882800:02:020:0005"},"geometry":{"type":"Polygon","coordinates":[[[36.35787,46.935561],[36.359167,46.93608],[36.359223,46.936103],[36.359339,46.936149],[36.362662,46.937477],[36.364258,46.936275],[36.361688,46.935247],[36.359458,46.934355],[36.359339,46.934446],[36.358283,46.935247],[36.358183,46.935323],[36.358129,46.935364],[36.35787,46.935561]]]}},{"type":"Feature","properties":{"cadnum":"2324882800:02:019:0005"},"geometry":{"type":"Polygon","coordinates":[[[36.354138,46.933058],[36.358408,46.934766],[36.359167,46.934189],[36.360374,46.933271],[36.359167,46.932789],[36.356078,46.931554],[36.356077,46.931554],[36.355999,46.931613],[36.356,46.931613],[36.356,46.931614],[36.354138,46.933058]]]}},{"type":"Feature","properties":{"cadnum":"2324882800:02:019:0006"},"geometry":{"type":"Polygon","coordinates":[[[36.356077,46.931554],[36.356078,46.931554],[36.356226,46.931613],[36.359339,46.932858],[36.360374,46.933271],[36.362327,46.931786],[36.361894,46.931614],[36.361894,46.931613],[36.359339,46.930593],[36.359339,46.930592],[36.358003,46.930058],[36.356152,46.931496],[36.356151,46.931496],[36.356077,46.931554]]]}},{"type":"Feature","properties":{"cadnum":"2324882800:01:004:0007"},"geometry":{"type":"Polygon","coordinates":[[[36.354912,46.900871],[36.356115,46.901596],[36.358894,46.903268],[36.359339,46.90275],[36.359339,46.902749],[36.360256,46.901678],[36.359923,46.901479],[36.359167,46.901023],[36.356325,46.899313],[36.354912,46.900871]]]}},{"type":"Feature","properties":{"cadnum":"2324882800:01:003:0010"},"geometry":{"type":"Polygon","coordinates":[[[36.352741,46.896055],[36.353674,46.89662],[36.355502,46.897725],[36.356699,46.898449],[36.357314,46.897757],[36.357471,46.897581],[36.353846,46.895389],[36.353846,46.895388],[36.353549,46.895209],[36.352741,46.896055]]]}},{"type":"Feature","properties":{"cadnum":"2324882800:01:003:0009"},"geometry":{"type":"Polygon","coordinates":[[[36.350733,46.89702],[36.351899,46.897725],[36.351898,46.897725],[36.353674,46.898799],[36.355439,46.899866],[36.356699,46.898449],[36.355696,46.897843],[36.353846,46.896724],[36.352741,46.896055],[36.352,46.896831],[36.351222,46.896484],[36.350733,46.89702]]]}},{"type":"Feature","properties":{"cadnum":"2324882800:01:003:0008"},"geometry":{"type":"Polygon","coordinates":[[[36.34958,46.898282],[36.353674,46.900757],[36.353674,46.900758],[36.354307,46.90114],[36.354436,46.900995],[36.355439,46.899866],[36.353846,46.898903],[36.352093,46.897843],[36.350733,46.89702],[36.349981,46.897843],[36.34958,46.898282]]]}},{"type":"Feature","properties":{"cadnum":"2324882800:01:015:0001"},"geometry":{"type":"Polygon","coordinates":[[[36.353025,46.894591],[36.353846,46.895081],[36.353846,46.89508],[36.358289,46.897725],[36.359339,46.89835],[36.361018,46.899349],[36.361738,46.898585],[36.360376,46.897775],[36.359339,46.897158],[36.359339,46.897157],[36.354179,46.894087],[36.35374,46.893825],[36.353603,46.893972],[36.353602,46.893972],[36.353025,46.894591]]]}},{"type":"Feature","properties":{"cadnum":"2324882800:01:004:0008"},"geometry":{"type":"Polygon","coordinates":[[[36.356325,46.899313],[36.359339,46.901127],[36.360118,46.901596],[36.360119,46.901596],[36.360256,46.901678],[36.360426,46.901479],[36.361635,46.900069],[36.359167,46.8986],[36.359167,46.898601],[36.357744,46.897752],[36.357743,46.897752],[36.35766,46.897843],[36.356325,46.899313]]]}},{"type":"Feature","properties":{"cadnum":"2324882800:02:009:0001"},"geometry":{"type":"Polygon","coordinates":[[[36.297891,46.900238],[36.298742,46.900821],[36.299705,46.901479],[36.299791,46.901537],[36.299877,46.901596],[36.300699,46.902158],[36.301239,46.901596],[36.302889,46.899882],[36.300057,46.897946],[36.298742,46.899337],[36.297891,46.900238]]]}},{"type":"Feature","properties":{"cadnum":"2324882800:02:019:0007"},"geometry":{"type":"Polygon","coordinates":[[[36.358003,46.930058],[36.359167,46.930524],[36.3616,46.931496],[36.362327,46.931786],[36.362688,46.931511],[36.363375,46.930989],[36.362705,46.930537],[36.362529,46.929988],[36.361483,46.929132],[36.361483,46.929131],[36.361235,46.928804],[36.360335,46.928248],[36.359339,46.929022],[36.358003,46.930058]]]}},{"type":"Feature","properties":{"cadnum":"2324882800:01:015:0003"},"geometry":{"type":"Polygon","coordinates":[[[36.354446,46.893067],[36.355966,46.893972],[36.356161,46.894088],[36.356163,46.894089],[36.359167,46.895876],[36.359167,46.895877],[36.362274,46.897725],[36.362436,46.897822],[36.36245,46.89783],[36.36315,46.897088],[36.359339,46.89482],[36.359339,46.894819],[36.358008,46.894028],[36.355141,46.892321],[36.354446,46.893067]]]}},{"type":"Feature","properties":{"cadnum":"2324882800:01:015:0002"},"geometry":{"type":"Polygon","coordinates":[[[36.35374,46.893825],[36.353846,46.893888],[36.353985,46.893972],[36.354179,46.894087],[36.354182,46.894089],[36.359167,46.897055],[36.360292,46.897725],[36.360376,46.897775],[36.360489,46.897843],[36.36049,46.897843],[36.361738,46.898585],[36.36245,46.89783],[36.362436,46.897822],[36.359339,46.895979],[36.356161,46.894088],[36.354446,46.893067],[36.35374,46.893825]]]}},{"type":"Feature","properties":{"cadnum":"2324882800:03:004:0004"},"geometry":{"type":"Polygon","coordinates":[[[36.319748,46.909737],[36.320208,46.909964],[36.320681,46.909555],[36.320246,46.909325],[36.319748,46.909737]]]}},{"type":"Feature","properties":{"cadnum":"2324882800:02:028:0052"},"geometry":{"type":"Polygon","coordinates":[[[36.316818,46.912817],[36.31685,46.912855],[36.316973,46.912998],[36.317575,46.912756],[36.31794,46.91261],[36.317785,46.912428],[36.317016,46.912737],[36.317015,46.912737],[36.316818,46.912817]]]}},{"type":"Feature","properties":{"cadnum":"2324882800:03:003:0001"},"geometry":{"type":"Polygon","coordinates":[[[36.332442,46.907098],[36.332832,46.907338],[36.33338,46.90692],[36.33299,46.90668],[36.332442,46.907098]]]}},{"type":"Feature","properties":{"cadnum":"2324882800:03:011:0001"},"geometry":{"type":"Polygon","coordinates":[[[36.332113,46.908045],[36.332306,46.908166],[36.332342,46.90814],[36.333453,46.90884],[36.333595,46.908734],[36.332291,46.907912],[36.332113,46.908045]]]}},{"type":"Feature","properties":{"cadnum":"2324882800:03:009:0011"},"geometry":{"type":"Polygon","coordinates":[[[36.33137,46.907104],[36.331567,46.907236],[36.331701,46.907141],[36.33172,46.907128],[36.331873,46.90702],[36.332568,46.906528],[36.33237,46.906396],[36.331873,46.906748],[36.33137,46.907104]]]}},{"type":"Feature","properties":{"cadnum":"2324882800:01:009:0007"},"geometry":{"type":"Polygon","coordinates":[[[36.326796,46.869688],[36.329743,46.871444],[36.331701,46.872611],[36.331701,46.872612],[36.331945,46.872756],[36.332641,46.87199],[36.331873,46.871532],[36.327496,46.868923],[36.326796,46.869688]]]}},{"type":"Feature","properties":{"cadnum":"2324882800:01:010:0013"},"geometry":{"type":"Polygon","coordinates":[[[36.33397,46.870981],[36.334947,46.871562],[36.337194,46.872896],[36.338966,46.873947],[36.339061,46.873842],[36.339875,46.872938],[36.337375,46.871444],[36.337366,46.871439],[36.337294,46.871396],[36.337194,46.871336],[36.3349,46.869965],[36.334076,46.870864],[36.33397,46.870981]]]}},{"type":"Feature","properties":{"cadnum":"2324882800:01:009:0006"},"geometry":{"type":"Polygon","coordinates":[[[36.326574,46.869929],[36.329117,46.871444],[36.331701,46.872984],[36.331701,46.872985],[36.331725,46.872998],[36.331873,46.872838],[36.331947,46.872757],[36.331701,46.872612],[36.329743,46.871444],[36.329742,46.871444],[36.326796,46.869688],[36.326574,46.869929]]]}},{"type":"Feature","properties":{"cadnum":"2324882800:01:010:0005"},"geometry":{"type":"Polygon","coordinates":[[[36.330431,46.874849],[36.331214,46.875317],[36.331215,46.875317],[36.331873,46.87571],[36.335451,46.877848],[36.336761,46.876394],[36.337194,46.875914],[36.337297,46.8758],[36.337366,46.875723],[36.337815,46.875224],[36.338047,46.874967],[36.337194,46.874458],[36.333053,46.871984],[36.331755,46.873403],[36.330431,46.874849]]]}},{"type":"Feature","properties":{"cadnum":"2324882800:01:010:0014"},"geometry":{"type":"Polygon","coordinates":[[[36.333053,46.871984],[36.337366,46.874561],[36.337366,46.87456],[36.338047,46.874967],[36.338509,46.874456],[36.337366,46.873777],[36.333511,46.871484],[36.33351,46.871484],[36.333438,46.871562],[36.333439,46.871562],[36.333053,46.871984]]]}},{"type":"Feature","properties":{"cadnum":"2324882800:01:010:0007"},"geometry":{"type":"Polygon","coordinates":[[[36.33351,46.871484],[36.333511,46.871484],[36.333641,46.871562],[36.337194,46.873675],[36.338509,46.874456],[36.338966,46.873947],[36.337366,46.872998],[36.337366,46.872997],[36.33475,46.871444],[36.334749,46.871444],[36.33397,46.870981],[36.333547,46.871444],[36.333546,46.871444],[36.333545,46.871444],[36.33351,46.871484]]]}},{"type":"Feature","properties":{"cadnum":"2324882800:01:009:0008"},"geometry":{"type":"Polygon","coordinates":[[[36.327496,46.868923],[36.331701,46.871429],[36.331701,46.87143],[36.331923,46.871562],[36.331924,46.871562],[36.332641,46.87199],[36.333138,46.871444],[36.333137,46.871444],[36.333698,46.870828],[36.33464,46.869793],[36.331873,46.868145],[36.331263,46.867781],[36.329501,46.866731],[36.328624,46.867689],[36.328623,46.867689],[36.328555,46.867764],[36.328516,46.867806],[36.327496,46.868923]]]}},{"type":"Feature","properties":{"cadnum":"2324882800:02:015:0004"},"geometry":{"type":"Polygon","coordinates":[[[36.357227,46.954118],[36.359167,46.954895],[36.364325,46.95696],[36.364435,46.955932],[36.359894,46.954116],[36.359894,46.954115],[36.359244,46.953856],[36.357369,46.953105],[36.357243,46.953998],[36.357235,46.954058],[36.357227,46.954115],[36.357227,46.954116],[36.357227,46.954118]]]}},{"type":"Feature","properties":{"cadnum":"2324882800:02:015:0005"},"geometry":{"type":"Polygon","coordinates":[[[36.357369,46.953105],[36.359167,46.953825],[36.359244,46.953856],[36.359339,46.953894],[36.3596,46.953998],[36.364435,46.955932],[36.36455,46.954847],[36.36243,46.953998],[36.359339,46.952761],[36.357519,46.952032],[36.357369,46.953105]]]}},{"type":"Feature","properties":{"cadnum":"2324882800:02:015:0006"},"geometry":{"type":"Polygon","coordinates":[[[36.357519,46.952032],[36.359167,46.952692],[36.362722,46.954115],[36.362723,46.954115],[36.36455,46.954847],[36.364628,46.954116],[36.364628,46.954115],[36.364684,46.953588],[36.359339,46.951449],[36.357692,46.95079],[36.357519,46.952032]]]}},{"type":"Feature","properties":{"cadnum":"2324882800:02:014:0005"},"geometry":{"type":"Polygon","coordinates":[[[36.350974,46.95052],[36.353846,46.951656],[36.353846,46.951655],[36.357106,46.952944],[36.357353,46.951196],[36.357469,46.950366],[36.357518,46.950022],[36.353846,46.948571],[36.353846,46.94857],[36.351263,46.947549],[36.351146,46.948743],[36.351,46.950248],[36.351,46.950249],[36.350974,46.95052]]]}},{"type":"Feature","properties":{"cadnum":"2324882800:02:014:0003"},"geometry":{"type":"Polygon","coordinates":[[[36.350807,46.952248],[36.353674,46.953382],[36.355232,46.953998],[36.35524,46.954001],[36.355529,46.954115],[36.356866,46.954644],[36.356939,46.954116],[36.356939,46.954115],[36.35694,46.954115],[36.357106,46.952944],[36.353674,46.951587],[36.353674,46.951588],[36.350974,46.95052],[36.350807,46.952248]]]}},{"type":"Feature","properties":{"cadnum":"2324882800:02:003:0004"},"geometry":{"type":"Polygon","coordinates":[[[36.290214,46.918217],[36.293421,46.91989],[36.294321,46.920359],[36.294322,46.920359],[36.296653,46.921574],[36.298109,46.920847],[36.297172,46.920359],[36.293421,46.918404],[36.293421,46.918403],[36.291675,46.917493],[36.290214,46.918217]]]}},{"type":"Feature","properties":{"cadnum":"2324882800:02:003:0003"},"geometry":{"type":"Polygon","coordinates":[[[36.288754,46.918941],[36.291248,46.920241],[36.291248,46.920242],[36.293249,46.921284],[36.293249,46.921285],[36.295199,46.922301],[36.296653,46.921574],[36.294097,46.920242],[36.294096,46.920242],[36.293249,46.9198],[36.290214,46.918217],[36.288754,46.918941]]]}},{"type":"Feature","properties":{"cadnum":"2324882800:02:006:0006"},"geometry":{"type":"Polygon","coordinates":[[[36.311384,46.932739],[36.313706,46.933963],[36.313712,46.933966],[36.315222,46.932914],[36.315222,46.932915],[36.317088,46.931613],[36.317089,46.931613],[36.317421,46.931382],[36.315394,46.930303],[36.315393,46.930303],[36.315101,46.930147],[36.312997,46.931613],[36.312998,46.931613],[36.312998,46.931614],[36.312997,46.931614],[36.311384,46.932739]]]}},{"type":"Feature","properties":{"cadnum":"2324882800:03:003:0004"},"geometry":{"type":"Polygon","coordinates":[[[36.318424,46.897987],[36.318734,46.898302],[36.319068,46.898143],[36.319379,46.898],[36.319154,46.897773],[36.319071,46.897688],[36.318989,46.897725],[36.318894,46.897769],[36.318735,46.897843],[36.318736,46.897843],[36.318424,46.897987]]]}},{"type":"Feature","properties":{"cadnum":"2324882800:04:002:0003"},"geometry":{"type":"Polygon","coordinates":[[[36.320161,46.897381],[36.320329,46.897537],[36.32049,46.897667],[36.320715,46.897523],[36.320782,46.89748],[36.320887,46.897413],[36.321096,46.897278],[36.320754,46.897012],[36.320634,46.897082],[36.320161,46.897381]]]}},{"type":"Feature","properties":{"cadnum":"2324882800:03:003:0003"},"geometry":{"type":"Polygon","coordinates":[[[36.319071,46.897688],[36.319107,46.897725],[36.319154,46.897773],[36.319222,46.897843],[36.319223,46.897843],[36.319379,46.898],[36.31972,46.897843],[36.320027,46.897701],[36.319719,46.897388],[36.319071,46.897688]]]}},{"type":"Feature","properties":{"cadnum":"2324882800:02:009:0010"},"geometry":{"type":"Polygon","coordinates":[[[36.311504,46.899276],[36.313488,46.901479],[36.313987,46.902031],[36.314386,46.901891],[36.314714,46.901596],[36.315222,46.901139],[36.315222,46.90114],[36.315377,46.900999],[36.315393,46.900966],[36.31552,46.900702],[36.315568,46.900316],[36.315631,46.900063],[36.315949,46.89963],[36.315953,46.89883],[36.315925,46.89802],[36.316002,46.897836],[36.316107,46.897592],[36.316399,46.897359],[36.317196,46.897041],[36.315989,46.895945],[36.315462,46.895669],[36.315222,46.895624],[36.315222,46.895625],[36.31405,46.895404],[36.31225,46.896039],[36.31447,46.897725],[36.314469,46.897725],[36.314843,46.898008],[36.314843,46.898009],[36.311504,46.899276]]]}},{"type":"Feature","properties":{"cadnum":"2324882800:02:011:0004"},"geometry":{"type":"Polygon","coordinates":[[[36.332442,46.928627],[36.33348,46.930763],[36.337366,46.929946],[36.337366,46.929945],[36.338572,46.929691],[36.337194,46.928016],[36.337059,46.927852],[36.336917,46.927678],[36.336601,46.927745],[36.3366,46.927745],[36.332442,46.928627]]]}},{"type":"Feature","properties":{"cadnum":"2324882800:02:007:0015"},"geometry":{"type":"Polygon","coordinates":[[[36.333402,46.920796],[36.334125,46.924111],[36.33492,46.927749],[36.33636,46.92744],[36.335608,46.923993],[36.334843,46.920489],[36.333402,46.920796]]]}},{"type":"Feature","properties":{"cadnum":"2324882800:02:007:0014"},"geometry":{"type":"Polygon","coordinates":[[[36.331932,46.92111],[36.332585,46.924111],[36.333404,46.927862],[36.333405,46.927862],[36.333449,46.928065],[36.33492,46.927749],[36.334099,46.923993],[36.333402,46.920796],[36.331932,46.92111]]]}},{"type":"Feature","properties":{"cadnum":"2324882800:02:007:0013"},"geometry":{"type":"Polygon","coordinates":[[[36.330426,46.921431],[36.331011,46.924111],[36.331829,46.927862],[36.331944,46.928387],[36.333449,46.928065],[36.333379,46.927745],[36.33256,46.923993],[36.331932,46.92111],[36.331775,46.921144],[36.330426,46.921431]]]}},{"type":"Feature","properties":{"cadnum":"2324882800:01:022:0130"},"geometry":{"type":"Polygon","coordinates":[[[36.328177,46.889608],[36.329184,46.890218],[36.331701,46.891739],[36.331701,46.89174],[36.331751,46.891769],[36.331873,46.891629],[36.331889,46.89161],[36.331939,46.891552],[36.331786,46.89146],[36.329924,46.890335],[36.328367,46.889394],[36.328177,46.889608]]]}},{"type":"Feature","properties":{"cadnum":"2324882800:01:022:0129"},"geometry":{"type":"Polygon","coordinates":[[[36.328367,46.889394],[36.32973,46.890218],[36.331701,46.891409],[36.331786,46.89146],[36.331873,46.891513],[36.331939,46.891552],[36.332073,46.891397],[36.332126,46.891336],[36.331873,46.891183],[36.33047,46.890335],[36.328558,46.889178],[36.328367,46.889394]]]}},{"type":"Feature","properties":{"cadnum":"2324882800:01:022:0073"},"geometry":{"type":"Polygon","coordinates":[[[36.332625,46.890761],[36.336269,46.892963],[36.336451,46.892749],[36.33281,46.890549],[36.332692,46.890684],[36.332625,46.890761]]]}},{"type":"Feature","properties":{"cadnum":"2324882800:01:022:0066"},"geometry":{"type":"Polygon","coordinates":[[[36.333918,46.889271],[36.335485,46.890218],[36.337194,46.891251],[36.337333,46.891335],[36.337366,46.891354],[36.337548,46.891464],[36.337731,46.89125],[36.337335,46.891011],[36.336217,46.890335],[36.334103,46.889057],[36.334016,46.889158],[36.333918,46.889271]]]}},{"type":"Feature","properties":{"cadnum":"2324882800:01:022:0072"},"geometry":{"type":"Polygon","coordinates":[[[36.33281,46.890549],[36.336451,46.892749],[36.336634,46.892536],[36.332994,46.890336],[36.33288,46.890467],[36.33281,46.890549]]]}},{"type":"Feature","properties":{"cadnum":"2324882800:01:022:0071"},"geometry":{"type":"Polygon","coordinates":[[[36.332994,46.890336],[36.336634,46.892536],[36.336816,46.892321],[36.333529,46.890335],[36.333179,46.890123],[36.333097,46.890218],[36.333096,46.890218],[36.333069,46.890249],[36.332994,46.890335],[36.332995,46.890335],[36.332994,46.890336]]]}},{"type":"Feature","properties":{"cadnum":"2324882800:01:022:0074"},"geometry":{"type":"Polygon","coordinates":[[[36.332442,46.890973],[36.336088,46.893177],[36.336269,46.892963],[36.332625,46.890761],[36.332503,46.890902],[36.332442,46.890973]]]}},{"type":"Feature","properties":{"cadnum":"2324882800:01:022:0069"},"geometry":{"type":"Polygon","coordinates":[[[36.333364,46.88991],[36.333873,46.890218],[36.337,46.892108],[36.337182,46.891893],[36.334603,46.890335],[36.333548,46.889697],[36.333447,46.889814],[36.333364,46.88991]]]}},{"type":"Feature","properties":{"cadnum":"2324882800:01:022:0070"},"geometry":{"type":"Polygon","coordinates":[[[36.333179,46.890123],[36.333335,46.890218],[36.336816,46.892321],[36.337,46.892108],[36.334067,46.890335],[36.333364,46.88991],[36.333258,46.890031],[36.333179,46.890123]]]}},{"type":"Feature","properties":{"cadnum":"2324882800:01:022:0068"},"geometry":{"type":"Polygon","coordinates":[[[36.333548,46.889697],[36.334409,46.890218],[36.337182,46.891893],[36.337194,46.891879],[36.337365,46.891679],[36.335141,46.890335],[36.333733,46.889484],[36.333636,46.889595],[36.333548,46.889697]]]}},{"type":"Feature","properties":{"cadnum":"2324882800:01:022:0067"},"geometry":{"type":"Polygon","coordinates":[[[36.333733,46.889484],[36.334947,46.890218],[36.337194,46.891576],[36.337365,46.891679],[36.337366,46.891678],[36.337366,46.891677],[36.337548,46.891464],[36.337333,46.891335],[36.335679,46.890335],[36.333918,46.889271],[36.333827,46.889377],[36.333733,46.889484]]]}},{"type":"Feature","properties":{"cadnum":"2324882800:01:022:0065"},"geometry":{"type":"Polygon","coordinates":[[[36.334103,46.889057],[36.336022,46.890218],[36.337194,46.890926],[36.337335,46.891011],[36.337366,46.89103],[36.337731,46.89125],[36.337915,46.891034],[36.337332,46.890683],[36.336756,46.890335],[36.334288,46.888844],[36.334205,46.88894],[36.334103,46.889057]]]}},{"type":"Feature","properties":{"cadnum":"2324882800:01:022:0064"},"geometry":{"type":"Polygon","coordinates":[[[36.334288,46.888844],[36.336561,46.890218],[36.337194,46.8906],[36.337332,46.890683],[36.337366,46.890704],[36.337915,46.891034],[36.338097,46.89082],[36.337366,46.890378],[36.337101,46.890218],[36.3371,46.890218],[36.334475,46.88863],[36.334396,46.888721],[36.334288,46.888844]]]}},{"type":"Feature","properties":{"cadnum":"2324882800:01:022:0063"},"geometry":{"type":"Polygon","coordinates":[[[36.334475,46.88863],[36.337294,46.890335],[36.337295,46.890335],[36.338097,46.89082],[36.338281,46.890605],[36.337834,46.890335],[36.337194,46.889948],[36.337194,46.889949],[36.33466,46.888417],[36.334586,46.888502],[36.334475,46.88863]]]}},{"type":"Feature","properties":{"cadnum":"2324882800:01:022:0124"},"geometry":{"type":"Polygon","coordinates":[[[36.329322,46.888316],[36.331701,46.889755],[36.332467,46.890218],[36.33288,46.890467],[36.332994,46.890336],[36.333069,46.890249],[36.331873,46.889526],[36.329514,46.8881],[36.329322,46.888316]]]}},{"type":"Feature","properties":{"cadnum":"2324882800:01:022:0084"},"geometry":{"type":"Polygon","coordinates":[[[36.330603,46.893091],[36.331701,46.893755],[36.332059,46.893972],[36.334265,46.895304],[36.334448,46.895093],[36.334448,46.895092],[36.332786,46.894089],[36.331873,46.893537],[36.330787,46.89288],[36.330624,46.893066],[36.330603,46.893091]]]}},{"type":"Feature","properties":{"cadnum":"2324882800:01:022:0083"},"geometry":{"type":"Polygon","coordinates":[[[36.330787,46.89288],[36.331701,46.893433],[36.331701,46.893434],[36.332592,46.893972],[36.334448,46.895092],[36.33463,46.89488],[36.333127,46.893972],[36.333126,46.893972],[36.331701,46.89311],[36.331701,46.893111],[36.33097,46.892668],[36.330812,46.89285],[36.330787,46.89288]]]}},{"type":"Feature","properties":{"cadnum":"2324882800:01:022:0082"},"geometry":{"type":"Polygon","coordinates":[[[36.33097,46.892668],[36.331873,46.893215],[36.331873,46.893214],[36.33332,46.894089],[36.333321,46.894089],[36.33463,46.89488],[36.334813,46.894667],[36.333855,46.894089],[36.331873,46.892891],[36.331154,46.892457],[36.331,46.892635],[36.33097,46.892668]]]}},{"type":"Feature","properties":{"cadnum":"2324882800:01:022:0081"},"geometry":{"type":"Polygon","coordinates":[[[36.331154,46.892457],[36.331701,46.892787],[36.331701,46.892788],[36.333661,46.893972],[36.334813,46.894667],[36.334995,46.894455],[36.334384,46.894086],[36.331873,46.892569],[36.331338,46.892245],[36.331188,46.892418],[36.331154,46.892457]]]}},{"type":"Feature","properties":{"cadnum":"2324882800:01:022:0080"},"geometry":{"type":"Polygon","coordinates":[[[36.331338,46.892245],[36.331701,46.892465],[36.334194,46.893972],[36.334384,46.894086],[36.334389,46.894089],[36.334995,46.894455],[36.335177,46.894242],[36.334924,46.894089],[36.331873,46.892246],[36.331522,46.892033],[36.331374,46.892202],[36.331338,46.892245]]]}},{"type":"Feature","properties":{"cadnum":"2324882800:01:022:0079"},"geometry":{"type":"Polygon","coordinates":[[[36.331522,46.892033],[36.331701,46.892142],[36.334729,46.893972],[36.335177,46.894242],[36.33536,46.894029],[36.331705,46.891822],[36.331563,46.891986],[36.331522,46.892033]]]}},{"type":"Feature","properties":{"cadnum":"2324882800:01:022:0078"},"geometry":{"type":"Polygon","coordinates":[[[36.331705,46.891822],[36.331873,46.891923],[36.33536,46.894029],[36.335542,46.893817],[36.331889,46.89161],[36.331751,46.891769],[36.331705,46.891822]]]}},{"type":"Feature","properties":{"cadnum":"2324882800:01:022:0002"},"geometry":{"type":"Polygon","coordinates":[[[36.331889,46.89161],[36.335542,46.893817],[36.335723,46.893603],[36.332073,46.891397],[36.331939,46.891552],[36.331889,46.89161]]]}},{"type":"Feature","properties":{"cadnum":"2324882800:01:022:0075"},"geometry":{"type":"Polygon","coordinates":[[[36.332256,46.891186],[36.335906,46.89339],[36.336088,46.893177],[36.332442,46.890973],[36.332316,46.891119],[36.332256,46.891186]]]}},{"type":"Feature","properties":{"cadnum":"2324882800:01:022:0076"},"geometry":{"type":"Polygon","coordinates":[[[36.332073,46.891397],[36.335723,46.893603],[36.335906,46.89339],[36.332256,46.891186],[36.332126,46.891336],[36.332073,46.891397]]]}},{"type":"Feature","properties":{"cadnum":"2324882800:01:022:0128"},"geometry":{"type":"Polygon","coordinates":[[[36.328558,46.889178],[36.330276,46.890218],[36.331701,46.891079],[36.332126,46.891336],[36.332256,46.891186],[36.332316,46.891119],[36.331701,46.890748],[36.331018,46.890335],[36.331019,46.890335],[36.32875,46.888963],[36.328558,46.889178]]]}},{"type":"Feature","properties":{"cadnum":"2324882800:01:022:0127"},"geometry":{"type":"Polygon","coordinates":[[[36.32875,46.888963],[36.330824,46.890218],[36.331873,46.890852],[36.331873,46.890851],[36.332316,46.891119],[36.332442,46.890973],[36.332503,46.890902],[36.331873,46.890521],[36.331566,46.890335],[36.32894,46.888748],[36.32875,46.888963]]]}},{"type":"Feature","properties":{"cadnum":"2324882800:01:022:0126"},"geometry":{"type":"Polygon","coordinates":[[[36.32894,46.888748],[36.331371,46.890218],[36.331701,46.890417],[36.331701,46.890418],[36.332503,46.890902],[36.332625,46.890761],[36.332692,46.890684],[36.332114,46.890335],[36.331873,46.890189],[36.329132,46.888531],[36.32894,46.888748]]]}},{"type":"Feature","properties":{"cadnum":"2324882800:01:022:0125"},"geometry":{"type":"Polygon","coordinates":[[[36.329132,46.888531],[36.331701,46.890086],[36.33192,46.890218],[36.332692,46.890684],[36.33281,46.890549],[36.33288,46.890467],[36.332662,46.890335],[36.331873,46.889859],[36.329322,46.888316],[36.329132,46.888531]]]}},{"type":"Feature","properties":{"cadnum":"2324882800:02:020:0002"},"geometry":{"type":"Polygon","coordinates":[[[36.353977,46.938518],[36.355176,46.938998],[36.358749,46.940426],[36.359339,46.939982],[36.360031,46.93946],[36.359167,46.939115],[36.355252,46.937549],[36.353977,46.938518]]]}},{"type":"Feature","properties":{"cadnum":"2324882800:02:020:0003"},"geometry":{"type":"Polygon","coordinates":[[[36.355252,46.937549],[36.358874,46.938998],[36.358873,46.938998],[36.359339,46.939184],[36.360031,46.93946],[36.360644,46.938998],[36.361336,46.938476],[36.359339,46.937678],[36.359339,46.937677],[36.356552,46.936563],[36.355252,46.937549]]]}},{"type":"Feature","properties":{"cadnum":"2324882800:02:020:0004"},"geometry":{"type":"Polygon","coordinates":[[[36.356552,46.936563],[36.359167,46.937609],[36.359167,46.93761],[36.361336,46.938476],[36.362662,46.937477],[36.359223,46.936103],[36.35787,46.935561],[36.356552,46.936563]]]}},{"type":"Feature","properties":{"cadnum":"2324882800:02:006:0005"},"geometry":{"type":"Polygon","coordinates":[[[36.309444,46.931718],[36.309729,46.931868],[36.309734,46.931871],[36.3099,46.931959],[36.3099,46.931958],[36.311384,46.932739],[36.313166,46.931496],[36.313165,46.931496],[36.315101,46.930147],[36.313171,46.929121],[36.309786,46.93148],[36.309763,46.931496],[36.309762,46.931496],[36.309704,46.931537],[36.309593,46.931613],[36.309594,46.931613],[36.309594,46.931614],[36.309444,46.931718]]]}},{"type":"Feature","properties":{"cadnum":"2324882800:02:012:0013"},"geometry":{"type":"Polygon","coordinates":[[[36.313848,46.934333],[36.315393,46.934798],[36.315394,46.934798],[36.316889,46.935247],[36.319659,46.93608],[36.31966,46.93608],[36.319279,46.935251],[36.319279,46.93525],[36.317696,46.931802],[36.316501,46.932422],[36.315222,46.933344],[36.313848,46.934333]]]}},{"type":"Feature","properties":{"cadnum":"2324882800:02:005:0009"},"geometry":{"type":"Polygon","coordinates":[[[36.306506,46.93293],[36.309729,46.934625],[36.310912,46.935247],[36.310911,46.935247],[36.311461,46.935536],[36.311699,46.935364],[36.3117,46.935364],[36.312443,46.934831],[36.309729,46.933405],[36.309728,46.933405],[36.307619,46.932296],[36.306506,46.93293]]]}},{"type":"Feature","properties":{"cadnum":"2324882800:02:005:0010"},"geometry":{"type":"Polygon","coordinates":[[[36.307619,46.932296],[36.3099,46.933495],[36.312443,46.934831],[36.313524,46.934058],[36.3099,46.932153],[36.308843,46.931597],[36.307619,46.932296]]]}},{"type":"Feature","properties":{"cadnum":"2324882800:02:028:0004"},"geometry":{"type":"Polygon","coordinates":[[[36.310997,46.9007],[36.311013,46.90087],[36.311093,46.901008],[36.31129,46.901177],[36.311616,46.901479],[36.311676,46.901534],[36.311743,46.901596],[36.311819,46.901666],[36.312198,46.901961],[36.312404,46.902123],[36.312875,46.902444],[36.313111,46.902614],[36.313772,46.902266],[36.313281,46.901864],[36.312856,46.901516],[36.312856,46.901515],[36.312113,46.900715],[36.311806,46.900537],[36.311436,46.900316],[36.311158,46.900364],[36.311055,46.900535],[36.310997,46.9007]]]}},{"type":"Feature","properties":{"cadnum":"2324882800:02:009:0009"},"geometry":{"type":"Polygon","coordinates":[[[36.308271,46.898245],[36.309714,46.899231],[36.309728,46.899216],[36.309729,46.899216],[36.30981,46.899133],[36.3099,46.899041],[36.310763,46.89816],[36.311618,46.898816],[36.311424,46.89924],[36.314723,46.898015],[36.314333,46.897725],[36.314332,46.897725],[36.311262,46.895446],[36.311098,46.895306],[36.3099,46.896551],[36.30877,46.897725],[36.308666,46.897833],[36.308657,46.897843],[36.308271,46.898245]]]}},{"type":"Feature","properties":{"cadnum":"2324882800:01:021:0007"},"geometry":{"type":"Polygon","coordinates":[[[36.393892,46.907374],[36.396631,46.908984],[36.396631,46.908985],[36.397619,46.909566],[36.40157,46.911889],[36.40291,46.911429],[36.398952,46.909102],[36.397791,46.908419],[36.394618,46.906553],[36.393892,46.907374]]]}},{"type":"Feature","properties":{"cadnum":"2324882800:01:020:0008"},"geometry":{"type":"Polygon","coordinates":[[[36.390494,46.902654],[36.392126,46.903619],[36.392126,46.90362],[36.394853,46.905232],[36.394901,46.90526],[36.395051,46.905349],[36.395315,46.905505],[36.395538,46.905252],[36.396277,46.904413],[36.392126,46.901959],[36.391447,46.901558],[36.390494,46.902654]]]}},{"type":"Feature","properties":{"cadnum":"2324882800:01:021:0006"},"geometry":{"type":"Polygon","coordinates":[[[36.393084,46.908288],[36.394267,46.908984],[36.394267,46.908985],[36.394266,46.908985],[36.397791,46.911058],[36.397791,46.911057],[36.400077,46.912402],[36.40157,46.911889],[36.397791,46.909667],[36.39683,46.909102],[36.396831,46.909102],[36.393892,46.907374],[36.393084,46.908288]]]}},{"type":"Feature","properties":{"cadnum":"2324882800:01:010:0001"},"geometry":{"type":"Polygon","coordinates":[[[36.326781,46.878838],[36.327171,46.879072],[36.327172,46.879072],[36.331701,46.881778],[36.331701,46.881779],[36.331835,46.881859],[36.331873,46.881817],[36.332745,46.880848],[36.331701,46.880225],[36.329771,46.879072],[36.327699,46.877833],[36.326781,46.878838]]]}},{"type":"Feature","properties":{"cadnum":"2324882800:01:010:0002"},"geometry":{"type":"Polygon","coordinates":[[[36.327699,46.877833],[36.329575,46.878954],[36.329575,46.878955],[36.329574,46.878955],[36.331873,46.880328],[36.332745,46.880848],[36.333616,46.879882],[36.332063,46.878955],[36.331701,46.878738],[36.328579,46.876872],[36.327699,46.877833]]]}},{"type":"Feature","properties":{"cadnum":"2324882800:02:026:0405"},"geometry":{"type":"Polygon","coordinates":[[[36.336588,46.946618],[36.337194,46.946806],[36.338841,46.947316],[36.338923,46.946592],[36.338941,46.946447],[36.337366,46.945959],[36.336705,46.945754],[36.336604,46.946499],[36.336603,46.946499],[36.336591,46.946596],[36.336588,46.946616],[36.336588,46.946618]]]}},{"type":"Feature","properties":{"cadnum":"2324882800:02:027:0006"},"geometry":{"type":"Polygon","coordinates":[[[36.328004,46.945203],[36.329981,46.945824],[36.331701,46.946364],[36.331701,46.946365],[36.331853,46.946412],[36.331873,46.946418],[36.332129,46.946499],[36.332248,46.946536],[36.332502,46.946616],[36.332503,46.946616],[36.334028,46.947095],[36.336093,46.947743],[36.336131,46.947463],[36.333999,46.946794],[36.333268,46.946565],[36.332077,46.94619],[36.331701,46.946073],[36.330147,46.945585],[36.328019,46.944916],[36.328004,46.945203]]]}},{"type":"Feature","properties":{"cadnum":"2324882800:02:026:0084"},"geometry":{"type":"Polygon","coordinates":[[[36.337083,46.942956],[36.337194,46.942991],[36.339264,46.943632],[36.339292,46.943387],[36.337236,46.942748],[36.337234,46.942748],[36.337117,46.942712],[36.337112,46.942748],[36.337111,46.942748],[36.337103,46.942812],[36.337095,46.942866],[36.337083,46.942956]]]}},{"type":"Feature","properties":{"cadnum":"2324882800:02:026:0081"},"geometry":{"type":"Polygon","coordinates":[[[36.336852,46.944664],[36.337194,46.94477],[36.339067,46.94535],[36.339106,46.945015],[36.337366,46.944476],[36.336897,46.944331],[36.336852,46.944664]]]}},{"type":"Feature","properties":{"cadnum":"2324882800:02:027:0037"},"geometry":{"type":"Polygon","coordinates":[[[36.328239,46.942986],[36.330581,46.943723],[36.331873,46.944128],[36.332765,46.944407],[36.334738,46.945027],[36.336375,46.945541],[36.336411,46.945272],[36.334716,46.944739],[36.332766,46.944127],[36.331701,46.943793],[36.330627,46.943455],[36.328748,46.942866],[36.328259,46.942712],[36.328256,46.942742],[36.328256,46.942748],[36.328255,46.942748],[36.328248,46.942851],[36.328247,46.942866],[36.328239,46.942986]]]}},{"type":"Feature","properties":{"cadnum":"2324882800:02:027:0029"},"geometry":{"type":"Polygon","coordinates":[[[36.328218,46.943262],[36.330484,46.943973],[36.331873,46.94441],[36.332647,46.944653],[36.334637,46.945277],[36.336337,46.945811],[36.336346,46.94576],[36.336375,46.945541],[36.334738,46.945027],[36.332765,46.944407],[36.331701,46.944074],[36.330581,46.943723],[36.328239,46.942986],[36.328218,46.943262]]]}},{"type":"Feature","properties":{"cadnum":"2324882800:02:027:0042"},"geometry":{"type":"Polygon","coordinates":[[[36.328123,46.944368],[36.330164,46.945009],[36.331873,46.945545],[36.332242,46.945661],[36.334375,46.946331],[36.334908,46.946499],[36.335026,46.946536],[36.335281,46.946616],[36.336174,46.946896],[36.336214,46.946624],[36.335814,46.946499],[36.334394,46.946053],[36.332357,46.945413],[36.331701,46.945208],[36.330246,46.944751],[36.328157,46.944094],[36.328123,46.944368]]]}},{"type":"Feature","properties":{"cadnum":"2324882800:02:027:0007"},"geometry":{"type":"Polygon","coordinates":[[[36.328019,46.944916],[36.330147,46.945585],[36.331873,46.946127],[36.331873,46.946126],[36.332077,46.94619],[36.333057,46.946498],[36.333057,46.946499],[36.333268,46.946565],[36.33343,46.946616],[36.333999,46.946794],[36.336131,46.947463],[36.336168,46.947184],[36.33431,46.9466],[36.334304,46.946599],[36.332193,46.945936],[36.331701,46.945783],[36.330085,46.945274],[36.328033,46.94463],[36.328019,46.944916]]]}},{"type":"Feature","properties":{"cadnum":"2324882800:02:027:0041"},"geometry":{"type":"Polygon","coordinates":[[[36.328157,46.944094],[36.330246,46.944751],[36.331873,46.945262],[36.331873,46.945261],[36.332357,46.945413],[36.334394,46.946053],[36.336187,46.946616],[36.336188,46.946616],[36.336214,46.946624],[36.336233,46.946499],[36.336256,46.946353],[36.334451,46.945786],[36.332467,46.945164],[36.331701,46.944924],[36.330402,46.944515],[36.328181,46.943818],[36.328167,46.944009],[36.328157,46.944094]]]}},{"type":"Feature","properties":{"cadnum":"2324882800:02:027:0027"},"geometry":{"type":"Polygon","coordinates":[[[36.3282,46.943539],[36.330477,46.944254],[36.331873,46.944692],[36.332594,46.944918],[36.334581,46.945542],[36.336296,46.946081],[36.336337,46.945811],[36.334637,46.945277],[36.332647,46.944653],[36.331701,46.944356],[36.330484,46.943973],[36.328218,46.943262],[36.328216,46.943295],[36.3282,46.943539]]]}},{"type":"Feature","properties":{"cadnum":"2324882800:02:027:0009"},"geometry":{"type":"Polygon","coordinates":[[[36.328033,46.94463],[36.330085,46.945274],[36.331873,46.945837],[36.331873,46.945836],[36.332193,46.945936],[36.333985,46.946498],[36.333985,46.946499],[36.334304,46.946599],[36.33431,46.9466],[36.334358,46.946616],[36.334359,46.946616],[36.336168,46.947184],[36.336206,46.946906],[36.335022,46.946534],[36.334375,46.946331],[36.332242,46.945661],[36.331701,46.945491],[36.331701,46.945492],[36.330164,46.945009],[36.328048,46.944344],[36.328039,46.944511],[36.328033,46.94463]]]}},{"type":"Feature","properties":{"cadnum":"2324882800:02:027:0047"},"geometry":{"type":"Polygon","coordinates":[[[36.328181,46.943818],[36.330402,46.944515],[36.331873,46.944978],[36.332467,46.945164],[36.334451,46.945786],[36.336256,46.946353],[36.336296,46.946081],[36.334581,46.945542],[36.332594,46.944918],[36.331701,46.944638],[36.330477,46.944254],[36.3282,46.943539],[36.328181,46.943818]]]}},{"type":"Feature","properties":{"cadnum":"2324882800:02:026:0008"},"geometry":{"type":"Polygon","coordinates":[[[36.336897,46.944331],[36.337194,46.944423],[36.339106,46.945015],[36.339165,46.944497],[36.337366,46.943941],[36.337366,46.94394],[36.336966,46.943816],[36.336897,46.944331]]]}},{"type":"Feature","properties":{"cadnum":"2324882800:02:027:0036"},"geometry":{"type":"Polygon","coordinates":[[[36.328489,46.940751],[36.330854,46.941378],[36.331873,46.941648],[36.331873,46.941647],[36.333193,46.941997],[36.335198,46.942528],[36.336032,46.942748],[36.336358,46.942835],[36.336476,46.942866],[36.336729,46.942932],[36.336749,46.942784],[36.336789,46.942492],[36.335251,46.942151],[36.333264,46.941711],[36.331701,46.941365],[36.330891,46.941185],[36.328505,46.940657],[36.328489,46.940751]]]}},{"type":"Feature","properties":{"cadnum":"2324882800:02:027:0049"},"geometry":{"type":"Polygon","coordinates":[[[36.328344,46.94162],[36.330644,46.942343],[36.331873,46.942729],[36.332148,46.942815],[36.332891,46.943048],[36.334799,46.943647],[36.336557,46.944199],[36.33658,46.944027],[36.336594,46.943931],[36.334907,46.943402],[36.332992,46.942801],[36.332991,46.942801],[36.332988,46.942799],[36.332825,46.942748],[36.331701,46.942396],[36.330694,46.942079],[36.328382,46.941354],[36.328374,46.941405],[36.328344,46.94162]]]}},{"type":"Feature","properties":{"cadnum":"2324882800:02:027:0046"},"geometry":{"type":"Polygon","coordinates":[[[36.328429,46.941089],[36.330749,46.941817],[36.331873,46.942171],[36.333079,46.942549],[36.333713,46.942748],[36.335006,46.943154],[36.33663,46.943664],[36.336666,46.943396],[36.335085,46.942899],[36.334603,46.942748],[36.333171,46.942299],[36.331873,46.941892],[36.331873,46.941891],[36.330791,46.941552],[36.328476,46.940825],[36.328429,46.941089]]]}},{"type":"Feature","properties":{"cadnum":"2324882800:02:027:0026"},"geometry":{"type":"Polygon","coordinates":[[[36.328382,46.941354],[36.330694,46.942079],[36.331873,46.94245],[36.332988,46.942799],[36.332991,46.942801],[36.332992,46.942801],[36.333198,46.942866],[36.334907,46.943402],[36.336594,46.943931],[36.33663,46.943664],[36.335006,46.943154],[36.334087,46.942866],[36.333079,46.942549],[36.331701,46.942117],[36.330749,46.941817],[36.328429,46.941089],[36.328382,46.941354]]]}},{"type":"Feature","properties":{"cadnum":"2324882800:02:027:0015"},"geometry":{"type":"Polygon","coordinates":[[[36.328269,46.942435],[36.329266,46.942748],[36.330551,46.943151],[36.331873,46.943567],[36.332759,46.943844],[36.334658,46.94444],[36.336447,46.945003],[36.336485,46.944734],[36.334709,46.944177],[36.332832,46.943587],[36.331701,46.943233],[36.3306,46.942887],[36.330159,46.942748],[36.328281,46.942159],[36.328269,46.942435]]]}},{"type":"Feature","properties":{"cadnum":"2324882800:02:027:0053"},"geometry":{"type":"Polygon","coordinates":[[[36.328259,46.942712],[36.328375,46.942748],[36.328374,46.942748],[36.330627,46.943455],[36.331873,46.943847],[36.332766,46.944127],[36.334716,46.944739],[36.336411,46.945272],[36.336447,46.945003],[36.334658,46.94444],[36.332759,46.943844],[36.331701,46.943513],[36.330551,46.943151],[36.32964,46.942866],[36.328269,46.942435],[36.328259,46.942712]]]}},{"type":"Feature","properties":{"cadnum":"2324882800:02:027:0035"},"geometry":{"type":"Polygon","coordinates":[[[36.32831,46.941889],[36.330557,46.942595],[36.331088,46.942761],[36.331701,46.942954],[36.331711,46.942957],[36.331873,46.943008],[36.332835,46.94331],[36.334742,46.943908],[36.336521,46.944466],[36.336557,46.944199],[36.334799,46.943647],[36.332891,46.943048],[36.33231,46.942866],[36.332148,46.942815],[36.331936,46.942748],[36.331935,46.942748],[36.331701,46.942675],[36.330644,46.942343],[36.328344,46.94162],[36.32831,46.941889]]]}},{"type":"Feature","properties":{"cadnum":"2324882800:02:027:0020"},"geometry":{"type":"Polygon","coordinates":[[[36.328281,46.942159],[36.330532,46.942866],[36.330533,46.942866],[36.3306,46.942887],[36.331873,46.943287],[36.332832,46.943587],[36.334709,46.944177],[36.336485,46.944734],[36.336521,46.944466],[36.334742,46.943908],[36.332835,46.94331],[36.331711,46.942957],[36.33142,46.942866],[36.331088,46.942761],[36.331047,46.942748],[36.330557,46.942595],[36.32831,46.941889],[36.328285,46.942068],[36.328281,46.942159]]]}},{"type":"Feature","properties":{"cadnum":"2324882800:02:026:0083"},"geometry":{"type":"Polygon","coordinates":[[[36.336966,46.943816],[36.337194,46.943887],[36.339165,46.944497],[36.339264,46.943632],[36.337366,46.943044],[36.337083,46.942956],[36.336966,46.943816]]]}},{"type":"Feature","properties":{"cadnum":"2324882800:03:011:0010"},"geometry":{"type":"Polygon","coordinates":[[[36.332318,46.910232],[36.33257,46.910373],[36.332615,46.910396],[36.332763,46.910479],[36.333254,46.910088],[36.332813,46.90984],[36.332564,46.910039],[36.332425,46.910145],[36.332318,46.910232]]]}},{"type":"Feature","properties":{"cadnum":"2324882800:03:011:0002"},"geometry":{"type":"Polygon","coordinates":[[[36.331476,46.909751],[36.331701,46.909875],[36.331823,46.909942],[36.331873,46.90997],[36.331873,46.909969],[36.331927,46.909999],[36.332388,46.90959],[36.331948,46.909347],[36.331854,46.909428],[36.331476,46.909751]]]}},{"type":"Feature","properties":{"cadnum":"2324882800:01:010:0004"},"geometry":{"type":"Polygon","coordinates":[[[36.32946,46.875909],[36.331873,46.877351],[36.334489,46.878914],[36.335451,46.877848],[36.331701,46.875608],[36.331019,46.8752],[36.331018,46.8752],[36.330431,46.874849],[36.33011,46.8752],[36.330109,46.8752],[36.32946,46.875909]]]}},{"type":"Feature","properties":{"cadnum":"2324882800:01:010:0003"},"geometry":{"type":"Polygon","coordinates":[[[36.328579,46.876872],[36.331873,46.878841],[36.332259,46.879072],[36.33226,46.879072],[36.333616,46.879882],[36.334372,46.879044],[36.334489,46.878914],[36.331701,46.877249],[36.32946,46.875909],[36.328579,46.876872]]]}},{"type":"Feature","properties":{"cadnum":"2324882800:02:015:0014"},"geometry":{"type":"Polygon","coordinates":[[[36.357159,46.9546],[36.359339,46.955488],[36.359339,46.955487],[36.364269,46.957494],[36.364325,46.95696],[36.359339,46.954964],[36.357227,46.954118],[36.357159,46.9546]]]}},{"type":"Feature","properties":{"cadnum":"2324882800:02:003:0002"},"geometry":{"type":"Polygon","coordinates":[[[36.287296,46.919665],[36.287928,46.919994],[36.288402,46.920241],[36.288402,46.920242],[36.293421,46.922858],[36.293421,46.922857],[36.293747,46.923027],[36.295199,46.922302],[36.293249,46.921285],[36.291473,46.920359],[36.291474,46.920359],[36.288755,46.918941],[36.287756,46.919436],[36.287756,46.919437],[36.287296,46.919665]]]}},{"type":"Feature","properties":{"cadnum":"2324882800:02:003:0001"},"geometry":{"type":"Polygon","coordinates":[[[36.286859,46.919882],[36.287548,46.920241],[36.287548,46.920242],[36.287928,46.920439],[36.293249,46.923213],[36.293311,46.923245],[36.293421,46.92319],[36.293747,46.923027],[36.293249,46.922768],[36.288628,46.920359],[36.287756,46.919905],[36.287296,46.919665],[36.286859,46.919882]]]}},{"type":"Feature","properties":{"cadnum":"2324882800:01:007:0016"},"geometry":{"type":"Polygon","coordinates":[[[36.369103,46.915244],[36.370325,46.915984],[36.370325,46.915983],[36.371161,46.916489],[36.371161,46.91649],[36.375609,46.919181],[36.375646,46.919173],[36.375647,46.919173],[36.375647,46.919174],[36.375795,46.919141],[36.375818,46.919115],[36.37656,46.918272],[36.375647,46.91772],[36.375646,46.91772],[36.373807,46.916607],[36.373808,46.916607],[36.370153,46.914395],[36.370068,46.914343],[36.369583,46.914796],[36.369103,46.915244]]]}},{"type":"Feature","properties":{"cadnum":"2324882800:01:007:0017"},"geometry":{"type":"Polygon","coordinates":[[[36.370068,46.914343],[36.370325,46.9145],[36.370325,46.914499],[36.373614,46.916489],[36.373614,46.91649],[36.373613,46.91649],[36.375818,46.917824],[36.37656,46.918272],[36.377417,46.9173],[36.376077,46.91649],[36.376076,46.91649],[36.375818,46.916333],[36.371037,46.913439],[36.370617,46.91383],[36.370325,46.914103],[36.370068,46.914343]]]}},{"type":"Feature","properties":{"cadnum":"2324882800:01:012:0013"},"geometry":{"type":"Polygon","coordinates":[[[36.348823,46.873407],[36.351992,46.875317],[36.351993,46.875317],[36.35338,46.876153],[36.353674,46.875836],[36.353674,46.875837],[36.354203,46.875264],[36.354408,46.875044],[36.353674,46.874627],[36.349797,46.872419],[36.348823,46.873407]]]}},{"type":"Feature","properties":{"cadnum":"2324882800:02:012:0012"},"geometry":{"type":"Polygon","coordinates":[[[36.314058,46.91909],[36.315356,46.920359],[36.315357,46.920359],[36.315393,46.920395],[36.315393,46.920394],[36.315394,46.920394],[36.318773,46.923694],[36.319792,46.923481],[36.32062,46.923307],[36.317598,46.920359],[36.315907,46.918708],[36.315394,46.918815],[36.315393,46.918815],[36.315393,46.918814],[36.314058,46.91909]]]}},{"type":"Feature","properties":{"cadnum":"2324882800:02:008:0004"},"geometry":{"type":"Polygon","coordinates":[[[36.313329,46.91924],[36.314355,46.920241],[36.314355,46.920242],[36.314354,46.920242],[36.315393,46.921256],[36.315394,46.921256],[36.318047,46.923845],[36.318773,46.923694],[36.315238,46.920242],[36.315236,46.920242],[36.314058,46.91909],[36.313329,46.91924]]]}},{"type":"Feature","properties":{"cadnum":"2324882800:02:027:0021"},"geometry":{"type":"Polygon","coordinates":[[[36.329806,46.935002],[36.330918,46.935247],[36.331011,46.935268],[36.331449,46.935364],[36.33145,46.935364],[36.331701,46.93542],[36.332497,46.935595],[36.332539,46.935297],[36.331701,46.935112],[36.329872,46.934708],[36.329806,46.935002]]]}},{"type":"Feature","properties":{"cadnum":"2324882800:02:027:0022"},"geometry":{"type":"Polygon","coordinates":[[[36.329872,46.934708],[36.331873,46.93515],[36.332539,46.935297],[36.332663,46.934431],[36.331873,46.934257],[36.331,46.934064],[36.329911,46.934532],[36.329872,46.934708]]]}},{"type":"Feature","properties":{"cadnum":"2324882800:02:027:0023"},"geometry":{"type":"Polygon","coordinates":[[[36.331,46.934064],[36.331701,46.934219],[36.331701,46.93422],[36.332663,46.934431],[36.332781,46.933615],[36.331701,46.933863],[36.331205,46.933976],[36.331,46.934064]]]}},{"type":"Feature","properties":{"cadnum":"2324882800:04:003:0019"},"geometry":{"type":"Polygon","coordinates":[[[36.327547,46.901051],[36.32796,46.901328],[36.328481,46.900963],[36.32807,46.900686],[36.327547,46.901051]]]}},{"type":"Feature","properties":{"cadnum":"2324882800:04:005:0001"},"geometry":{"type":"Polygon","coordinates":[[[36.326731,46.899547],[36.326948,46.899684],[36.327247,46.899476],[36.327028,46.899325],[36.326731,46.899547]]]}},{"type":"Feature","properties":{"cadnum":"2324882800:01:022:0003"},"geometry":{"type":"Polygon","coordinates":[[[36.329028,46.899582],[36.32935,46.89964],[36.329605,46.899741],[36.32981,46.899714],[36.330622,46.900191],[36.330921,46.899986],[36.331367,46.899393],[36.330999,46.899034],[36.330694,46.898603],[36.330348,46.898352],[36.329333,46.899402],[36.329028,46.899582]]]}},{"type":"Feature","properties":{"cadnum":"2324882800:04:003:0013"},"geometry":{"type":"Polygon","coordinates":[[[36.327112,46.900823],[36.327437,46.901032],[36.327484,46.900999],[36.327521,46.900969],[36.327583,46.90102],[36.328074,46.900677],[36.327679,46.900419],[36.327112,46.900823]]]}},{"type":"Feature","properties":{"cadnum":"2324882800:01:009:0009"},"geometry":{"type":"Polygon","coordinates":[[[36.330233,46.865929],[36.331701,46.866804],[36.331701,46.866805],[36.333185,46.867689],[36.335369,46.86899],[36.336232,46.868043],[36.335637,46.867689],[36.335636,46.867689],[36.331873,46.865447],[36.331873,46.865446],[36.331098,46.864984],[36.330233,46.865929]]]}},{"type":"Feature","properties":{"cadnum":"2324882800:01:009:0014"},"geometry":{"type":"Polygon","coordinates":[[[36.329501,46.866731],[36.331107,46.867689],[36.331263,46.867781],[36.331304,46.867806],[36.331701,46.868042],[36.331701,46.868043],[36.33464,46.869793],[36.335369,46.86899],[36.333382,46.867806],[36.331873,46.866907],[36.330233,46.865929],[36.329501,46.866731]]]}},{"type":"Feature","properties":{"cadnum":"2324882800:01:009:0010"},"geometry":{"type":"Polygon","coordinates":[[[36.331098,46.864984],[36.331701,46.865344],[36.335636,46.867689],[36.33623,46.868043],[36.336444,46.867806],[36.336445,46.867806],[36.337093,46.867094],[36.331964,46.864038],[36.331857,46.864155],[36.331098,46.864984]]]}},{"type":"Feature","properties":{"cadnum":"2324882800:02:024:0006"},"geometry":{"type":"Polygon","coordinates":[[[36.351212,46.92461],[36.353674,46.925596],[36.355864,46.926473],[36.356706,46.925846],[36.354233,46.924258],[36.35389,46.92418],[36.353846,46.924187],[36.353301,46.924265],[36.352723,46.924287],[36.351212,46.92461]]]}},{"type":"Feature","properties":{"cadnum":"2324882800:03:001:0002"},"geometry":{"type":"Polygon","coordinates":[[[36.31523,46.902302],[36.315393,46.902434],[36.315394,46.902434],[36.315522,46.902538],[36.316088,46.902032],[36.315666,46.901821],[36.315479,46.901996],[36.31523,46.902302]]]}},{"type":"Feature","properties":{"cadnum":"2324882800:02:028:0005"},"geometry":{"type":"Polygon","coordinates":[[[36.313111,46.902614],[36.313229,46.9027],[36.313494,46.902893],[36.313682,46.903053],[36.31389,46.903243],[36.314133,46.903472],[36.314492,46.903842],[36.314663,46.904065],[36.314865,46.904298],[36.315131,46.90453],[36.315222,46.904607],[36.315222,46.904608],[36.315367,46.904731],[36.315393,46.904746],[36.315394,46.904746],[36.315697,46.904914],[36.316154,46.904746],[36.316107,46.904555],[36.31597,46.904306],[36.315482,46.903888],[36.31536,46.903757],[36.314785,46.903134],[36.313878,46.902357],[36.313772,46.902266],[36.313111,46.902614]],[[36.313614,46.902376],[36.313637,46.902366],[36.313651,46.90238],[36.31363,46.90239],[36.313614,46.902376]]]}},{"type":"Feature","properties":{"cadnum":"2324882800:01:022:0116"},"geometry":{"type":"Polygon","coordinates":[[[36.330859,46.886583],[36.331701,46.887092],[36.334396,46.888721],[36.334475,46.88863],[36.334586,46.888502],[36.331701,46.886759],[36.331213,46.886464],[36.331051,46.886366],[36.330964,46.886464],[36.330898,46.886538],[36.33086,46.886581],[36.330861,46.886581],[36.330859,46.886583]]]}},{"type":"Feature","properties":{"cadnum":"2324882800:01:022:0115"},"geometry":{"type":"Polygon","coordinates":[[[36.331051,46.886366],[36.331406,46.886581],[36.331407,46.886581],[36.331873,46.886863],[36.334586,46.888502],[36.33466,46.888417],[36.334775,46.888283],[36.331873,46.886529],[36.331873,46.886528],[36.331244,46.886148],[36.331051,46.886366]]]}},{"type":"Feature","properties":{"cadnum":"2324882800:01:022:0114"},"geometry":{"type":"Polygon","coordinates":[[[36.331244,46.886148],[36.331701,46.886424],[36.331701,46.886425],[36.331959,46.886581],[36.33196,46.886581],[36.334775,46.888283],[36.334845,46.888202],[36.334966,46.888064],[36.332513,46.886581],[36.331873,46.886194],[36.331437,46.88593],[36.331244,46.886148]]]}},{"type":"Feature","properties":{"cadnum":"2324882800:01:022:0113"},"geometry":{"type":"Polygon","coordinates":[[[36.331437,46.88593],[36.331701,46.88609],[36.331701,46.886091],[36.332318,46.886463],[36.332318,46.886464],[36.334966,46.888064],[36.335031,46.887989],[36.335156,46.887844],[36.332872,46.886464],[36.332871,46.886464],[36.331701,46.885756],[36.33163,46.885713],[36.331437,46.88593]]]}},{"type":"Feature","properties":{"cadnum":"2324882800:01:022:0112"},"geometry":{"type":"Polygon","coordinates":[[[36.33163,46.885713],[36.331873,46.885861],[36.331873,46.88586],[36.333065,46.886581],[36.333066,46.886581],[36.335156,46.887844],[36.335346,46.887625],[36.333619,46.886581],[36.331823,46.885495],[36.33163,46.885713]]]}},{"type":"Feature","properties":{"cadnum":"2324882800:02:026:0075"},"geometry":{"type":"Polygon","coordinates":[[[36.336218,46.949353],[36.337194,46.949656],[36.338525,46.950068],[36.338627,46.949179],[36.337366,46.948789],[36.336337,46.94847],[36.336218,46.949353]]]}},{"type":"Feature","properties":{"cadnum":"2324882800:02:026:0076"},"geometry":{"type":"Polygon","coordinates":[[[36.336337,46.94847],[36.337194,46.948736],[36.338627,46.949179],[36.338735,46.948234],[36.337366,46.947811],[36.336465,46.94753],[36.336337,46.94847]]]}},{"type":"Feature","properties":{"cadnum":"2324882800:02:026:0077"},"geometry":{"type":"Polygon","coordinates":[[[36.336465,46.94753],[36.337194,46.947757],[36.338735,46.948234],[36.338841,46.947316],[36.337366,46.946859],[36.336588,46.946618],[36.336465,46.94753]]]}},{"type":"Feature","properties":{"cadnum":"2324882800:02:014:0006"},"geometry":{"type":"Polygon","coordinates":[[[36.351263,46.947549],[36.353674,46.948503],[36.357518,46.950022],[36.357681,46.948867],[36.353846,46.947351],[36.351987,46.946616],[36.351377,46.946374],[36.351364,46.946499],[36.351363,46.946499],[36.351263,46.947549]]]}},{"type":"Feature","properties":{"cadnum":"2324882800:02:014:0008"},"geometry":{"type":"Polygon","coordinates":[[[36.351491,46.945193],[36.353674,46.946056],[36.355089,46.946616],[36.357845,46.947705],[36.358007,46.946556],[36.353846,46.944911],[36.351605,46.944025],[36.351491,46.945193]]]}},{"type":"Feature","properties":{"cadnum":"2324882800:02:014:0007"},"geometry":{"type":"Polygon","coordinates":[[[36.351377,46.946374],[36.35169,46.946498],[36.351691,46.946498],[36.351691,46.946499],[36.35169,46.946499],[36.353674,46.947283],[36.357681,46.948867],[36.357845,46.947705],[36.354792,46.946499],[36.353846,46.946124],[36.351491,46.945193],[36.351377,46.946374]]]}},{"type":"Feature","properties":{"cadnum":"2324882800:02:014:0009"},"geometry":{"type":"Polygon","coordinates":[[[36.351605,46.944025],[36.353674,46.944843],[36.358007,46.946556],[36.358168,46.945418],[36.353846,46.943709],[36.351716,46.942867],[36.351605,46.944025]]]}},{"type":"Feature","properties":{"cadnum":"2324882800:02:017:0006"},"geometry":{"type":"Polygon","coordinates":[[[36.372421,46.955295],[36.375647,46.956569],[36.375726,46.9566],[36.375818,46.956636],[36.378722,46.957782],[36.378885,46.95655],[36.375673,46.955284],[36.372544,46.954049],[36.372543,46.954049],[36.372537,46.954115],[36.372537,46.954116],[36.372421,46.955295]]]}},{"type":"Feature","properties":{"cadnum":"2324882800:02:017:0005"},"geometry":{"type":"Polygon","coordinates":[[[36.372543,46.954049],[36.372544,46.954049],[36.372712,46.954115],[36.372713,46.954115],[36.375647,46.955273],[36.375673,46.955284],[36.375818,46.955341],[36.378885,46.95655],[36.379045,46.955341],[36.379205,46.954131],[36.378868,46.953998],[36.378867,46.953998],[36.375776,46.952779],[36.372782,46.951596],[36.372663,46.952823],[36.372548,46.953998],[36.372547,46.953998],[36.372543,46.954049]]]}},{"type":"Feature","properties":{"cadnum":"2324882800:02:017:0009"},"geometry":{"type":"Polygon","coordinates":[[[36.372782,46.951596],[36.375647,46.952728],[36.375776,46.952779],[36.375818,46.952795],[36.379164,46.954115],[36.379165,46.954115],[36.379205,46.954131],[36.379222,46.953998],[36.379364,46.952931],[36.375647,46.951464],[36.3729,46.95038],[36.372782,46.951596]]]}},{"type":"Feature","properties":{"cadnum":"2324882800:02:007:0001"},"geometry":{"type":"Polygon","coordinates":[[[36.308198,46.926167],[36.309729,46.926984],[36.311154,46.927745],[36.313513,46.929003],[36.313238,46.927745],[36.312687,46.925211],[36.3099,46.925805],[36.308198,46.926167]]]}},{"type":"Feature","properties":{"cadnum":"2324882800:02:006:0003"},"geometry":{"type":"Polygon","coordinates":[[[36.305662,46.929724],[36.307686,46.930791],[36.3099,46.929249],[36.3099,46.929248],[36.31142,46.928189],[36.310586,46.927745],[36.310585,46.927745],[36.309729,46.927289],[36.309404,46.927116],[36.308501,46.927745],[36.3085,46.927745],[36.305662,46.929724]]]}},{"type":"Feature","properties":{"cadnum":"2324882800:02:009:0008"},"geometry":{"type":"Polygon","coordinates":[[[36.306042,46.896721],[36.30751,46.897725],[36.307675,46.897838],[36.307682,46.897843],[36.308271,46.898245],[36.308666,46.897833],[36.309728,46.89673],[36.309729,46.89673],[36.311098,46.895306],[36.310592,46.894874],[36.31004,46.894089],[36.310041,46.894089],[36.309886,46.893868],[36.309423,46.893207],[36.308687,46.893972],[36.306042,46.896721]]]}},{"type":"Feature","properties":{"cadnum":"2324882800:02:009:0004"},"geometry":{"type":"Polygon","coordinates":[[[36.304336,46.893419],[36.305145,46.893972],[36.305231,46.89403],[36.305316,46.894089],[36.307215,46.895387],[36.308464,46.894089],[36.309416,46.8931],[36.30767,46.891057],[36.306745,46.890872],[36.304336,46.893419]]]}},{"type":"Feature","properties":{"cadnum":"2324882800:02:027:0019"},"geometry":{"type":"Polygon","coordinates":[[[36.329653,46.935686],[36.331701,46.936138],[36.332396,46.936291],[36.332442,46.935976],[36.331701,46.935813],[36.331701,46.935814],[36.329722,46.935376],[36.329653,46.935686]]]}},{"type":"Feature","properties":{"cadnum":"2324882800:02:027:0050"},"geometry":{"type":"Polygon","coordinates":[[[36.329061,46.938331],[36.331873,46.938953],[36.331873,46.938952],[36.33201,46.938982],[36.332034,46.938815],[36.331701,46.938742],[36.329097,46.938166],[36.329061,46.938331]]]}},{"type":"Feature","properties":{"cadnum":"2324882800:02:027:0011"},"geometry":{"type":"Polygon","coordinates":[[[36.329142,46.937967],[36.331701,46.938532],[36.331701,46.938533],[36.331847,46.938564],[36.331873,46.93857],[36.332062,46.938611],[36.33209,46.938423],[36.331873,46.938375],[36.329184,46.937782],[36.329142,46.937967]]]}},{"type":"Feature","properties":{"cadnum":"2324882800:02:027:0016"},"geometry":{"type":"Polygon","coordinates":[[[36.329425,46.9367],[36.331701,46.937204],[36.332248,46.937324],[36.332286,46.937059],[36.331701,46.93693],[36.331701,46.936931],[36.329484,46.93644],[36.329425,46.9367]]]}},{"type":"Feature","properties":{"cadnum":"2324882800:02:027:0017"},"geometry":{"type":"Polygon","coordinates":[[[36.329484,46.93644],[36.331701,46.93693],[36.332286,46.937058],[36.332342,46.936665],[36.331873,46.936561],[36.32957,46.936053],[36.329484,46.93644]]]}},{"type":"Feature","properties":{"cadnum":"2324882800:02:027:0018"},"geometry":{"type":"Polygon","coordinates":[[[36.32957,46.936053],[36.331701,46.936523],[36.331701,46.936524],[36.332344,46.936665],[36.332396,46.936291],[36.331873,46.936176],[36.329653,46.935686],[36.32957,46.936053]]]}},{"type":"Feature","properties":{"cadnum":"2324882800:02:027:0010"},"geometry":{"type":"Polygon","coordinates":[[[36.329097,46.938166],[36.331873,46.93878],[36.331873,46.938779],[36.332034,46.938815],[36.332063,46.938611],[36.331701,46.938532],[36.329142,46.937967],[36.329097,46.938166]]]}},{"type":"Feature","properties":{"cadnum":"2324882800:02:027:0008"},"geometry":{"type":"Polygon","coordinates":[[[36.329002,46.938594],[36.331014,46.939038],[36.331701,46.93919],[36.331808,46.939213],[36.331873,46.939228],[36.331971,46.939249],[36.332001,46.939043],[36.33201,46.938982],[36.331701,46.938915],[36.329061,46.938331],[36.329002,46.938594]]]}},{"type":"Feature","properties":{"cadnum":"2324882800:03:009:0012"},"geometry":{"type":"Polygon","coordinates":[[[36.330028,46.90586],[36.33018,46.906019],[36.330897,46.905538],[36.331223,46.905305],[36.331224,46.905304],[36.331035,46.905179],[36.330785,46.905349],[36.330786,46.905349],[36.330772,46.905359],[36.330789,46.905371],[36.330665,46.905452],[36.330028,46.90586]]]}},{"type":"Feature","properties":{"cadnum":"2324882800:04:006:0001"},"geometry":{"type":"Polygon","coordinates":[[[36.331214,46.902547],[36.331479,46.902714],[36.331701,46.902824],[36.331701,46.902825],[36.331709,46.902828],[36.331873,46.902699],[36.332133,46.902493],[36.331732,46.90219],[36.331606,46.902282],[36.331214,46.902547]]]}},{"type":"Feature","properties":{"cadnum":"2324882800:04:003:0001"},"geometry":{"type":"Polygon","coordinates":[[[36.327482,46.902417],[36.327703,46.902567],[36.328684,46.901923],[36.328477,46.901773],[36.327938,46.902142],[36.327816,46.902225],[36.327619,46.902346],[36.327482,46.902417]]]}},{"type":"Feature","properties":{"cadnum":"2324882800:02:021:0002"},"geometry":{"type":"Polygon","coordinates":[[[36.359536,46.940133],[36.364151,46.941978],[36.364832,46.941456],[36.365893,46.940642],[36.364832,46.940218],[36.362073,46.939115],[36.361299,46.938806],[36.361044,46.938998],[36.361043,46.938998],[36.359536,46.940133]]]}},{"type":"Feature","properties":{"cadnum":"2324882800:02:021:0003"},"geometry":{"type":"Polygon","coordinates":[[[36.361299,46.938806],[36.36178,46.938998],[36.36466,46.940149],[36.36466,46.94015],[36.365893,46.940642],[36.366746,46.939987],[36.36466,46.939154],[36.364564,46.939115],[36.362163,46.938155],[36.361299,46.938806]]]}},{"type":"Feature","properties":{"cadnum":"2324882800:02:018:0005"},"geometry":{"type":"Polygon","coordinates":[[[36.352091,46.929594],[36.353674,46.930229],[36.356142,46.931218],[36.358423,46.929447],[36.354434,46.927848],[36.353674,46.928414],[36.353674,46.928415],[36.352091,46.929594]]]}},{"type":"Feature","properties":{"cadnum":"2324882800:01:020:0009"},"geometry":{"type":"Polygon","coordinates":[[[36.391447,46.901558],[36.391512,46.901596],[36.391513,46.901596],[36.392298,46.902061],[36.392298,46.90206],[36.396277,46.904413],[36.397545,46.902973],[36.395216,46.901596],[36.392705,46.900112],[36.392126,46.900778],[36.391516,46.901479],[36.391447,46.901558]]]}},{"type":"Feature","properties":{"cadnum":"2324882800:01:005:0010"},"geometry":{"type":"Polygon","coordinates":[[[36.343335,46.915316],[36.345006,46.916282],[36.345006,46.916283],[36.344723,46.91649],[36.344722,46.91649],[36.344261,46.916828],[36.347463,46.918868],[36.348181,46.918444],[36.348283,46.918384],[36.348352,46.918343],[36.348842,46.918052],[36.34874,46.917773],[36.348512,46.917454],[36.348405,46.917132],[36.348409,46.916742],[36.348316,46.916665],[36.348106,46.91649],[36.348105,46.91649],[36.347926,46.916339],[36.347544,46.916168],[36.34701,46.91573],[36.346011,46.91547],[36.345464,46.915149],[36.344895,46.914785],[36.344534,46.914753],[36.344357,46.914682],[36.343335,46.915316]],[[36.347489,46.918398],[36.347549,46.918434],[36.347496,46.918476],[36.347495,46.918476],[36.347434,46.918439],[36.347489,46.918398]]]}},{"type":"Feature","properties":{"cadnum":"2324882800:01:013:0006"},"geometry":{"type":"Polygon","coordinates":[[[36.347076,46.88332],[36.348181,46.883978],[36.348181,46.883979],[36.351685,46.886065],[36.352636,46.885059],[36.348885,46.882827],[36.348811,46.882783],[36.348688,46.882709],[36.348352,46.88251],[36.348352,46.882509],[36.348016,46.882309],[36.347533,46.882827],[36.347534,46.882827],[36.347076,46.88332]]]}},{"type":"Feature","properties":{"cadnum":"2324882800:01:013:0007"},"geometry":{"type":"Polygon","coordinates":[[[36.348016,46.882309],[36.348181,46.882407],[36.348181,46.882408],[36.348811,46.882783],[36.352636,46.885059],[36.353584,46.884057],[36.351519,46.882827],[36.348956,46.881299],[36.348264,46.882042],[36.348016,46.882309]]]}},{"type":"Feature","properties":{"cadnum":"2324882800:02:009:0002"},"geometry":{"type":"Polygon","coordinates":[[[36.300057,46.897946],[36.302889,46.899882],[36.304235,46.898483],[36.304851,46.897843],[36.30506,46.897625],[36.304407,46.897179],[36.302205,46.895674],[36.300153,46.897843],[36.300154,46.897843],[36.300057,46.897946]]]}},{"type":"Feature","properties":{"cadnum":"2324882800:02:006:0004"},"geometry":{"type":"Polygon","coordinates":[[[36.307686,46.930791],[36.309023,46.931496],[36.309185,46.931581],[36.309246,46.931613],[36.309444,46.931718],[36.309704,46.931537],[36.309728,46.93152],[36.309729,46.93152],[36.309786,46.93148],[36.3099,46.931401],[36.3099,46.9314],[36.313171,46.929121],[36.31142,46.928189],[36.309729,46.929368],[36.307686,46.930791]]]}},{"type":"Feature","properties":{"cadnum":"2324882800:02:009:0007"},"geometry":{"type":"Polygon","coordinates":[[[36.304412,46.898414],[36.308068,46.900912],[36.309714,46.899231],[36.307675,46.897838],[36.306042,46.896721],[36.304961,46.897843],[36.304962,46.897843],[36.304412,46.898414]]]}},{"type":"Feature","properties":{"cadnum":"2324882800:02:027:0024"},"geometry":{"type":"Polygon","coordinates":[[[36.331708,46.941363],[36.331873,46.9414],[36.334406,46.941959],[36.334448,46.94167],[36.33175,46.941075],[36.331708,46.941363]]]}},{"type":"Feature","properties":{"cadnum":"2324882800:02:027:0004"},"geometry":{"type":"Polygon","coordinates":[[[36.328784,46.939567],[36.331701,46.94021],[36.331701,46.940211],[36.331829,46.940239],[36.33186,46.940032],[36.32883,46.939363],[36.328784,46.939567]]]}},{"type":"Feature","properties":{"cadnum":"2324882800:02:027:0025"},"geometry":{"type":"Polygon","coordinates":[[[36.33175,46.941075],[36.331873,46.941102],[36.334448,46.94167],[36.334561,46.940881],[36.331862,46.940285],[36.33175,46.941075]]]}},{"type":"Feature","properties":{"cadnum":"2324882800:02:027:0173"},"geometry":{"type":"Polygon","coordinates":[[[36.328611,46.940336],[36.331701,46.941017],[36.331701,46.941018],[36.331717,46.941021],[36.331807,46.940389],[36.328751,46.939714],[36.328611,46.940336]]]}},{"type":"Feature","properties":{"cadnum":"2324882800:01:010:0009"},"geometry":{"type":"Polygon","coordinates":[[[36.3349,46.869965],[36.337294,46.871396],[36.337571,46.871562],[36.337572,46.871562],[36.339875,46.872938],[36.340763,46.871953],[36.339912,46.871444],[36.339911,46.871444],[36.337194,46.869821],[36.335796,46.868984],[36.3349,46.869965]]]}},{"type":"Feature","properties":{"cadnum":"2324882800:01:010:0010"},"geometry":{"type":"Polygon","coordinates":[[[36.335796,46.868984],[36.337366,46.869923],[36.340107,46.871562],[36.340108,46.871562],[36.340763,46.871953],[36.341115,46.871562],[36.341116,46.871562],[36.341721,46.870891],[36.337248,46.868219],[36.336763,46.867928],[36.335796,46.868984]]]}},{"type":"Feature","properties":{"cadnum":"2324882800:02:024:0227"},"geometry":{"type":"Polygon","coordinates":[[[36.343199,46.93386],[36.345041,46.934598],[36.345398,46.934329],[36.343461,46.933553],[36.343199,46.93386]]]}},{"type":"Feature","properties":{"cadnum":"2324882800:02:024:0010"},"geometry":{"type":"Polygon","coordinates":[[[36.343774,46.933187],[36.345826,46.934008],[36.346102,46.933802],[36.343975,46.93295],[36.343774,46.933187]]]}},{"type":"Feature","properties":{"cadnum":"2324882800:02:024:0233"},"geometry":{"type":"Polygon","coordinates":[[[36.344742,46.932051],[36.347158,46.933018],[36.347447,46.932802],[36.344953,46.931804],[36.344742,46.932051]]]}},{"type":"Feature","properties":{"cadnum":"2324882800:02:024:0226"},"geometry":{"type":"Polygon","coordinates":[[[36.343003,46.934089],[36.344777,46.934798],[36.345041,46.934598],[36.343199,46.93386],[36.343003,46.934089]]]}},{"type":"Feature","properties":{"cadnum":"2324882800:02:024:0228"},"geometry":{"type":"Polygon","coordinates":[[[36.343461,46.933553],[36.345398,46.934329],[36.345605,46.934173],[36.345826,46.934008],[36.343774,46.933187],[36.343461,46.933553]]]}},{"type":"Feature","properties":{"cadnum":"2324882800:02:028:0003"},"geometry":{"type":"Polygon","coordinates":[[[36.320856,46.946208],[36.322078,46.946616],[36.322934,46.946901],[36.325147,46.947638],[36.325637,46.946775],[36.325658,46.946616],[36.325749,46.945944],[36.325652,46.945088],[36.325676,46.94445],[36.326082,46.943594],[36.324711,46.943006],[36.3243,46.942829],[36.323403,46.942442],[36.323189,46.942748],[36.323188,46.942748],[36.322517,46.943713],[36.321683,46.944913],[36.320877,46.946071],[36.320856,46.946208]]]}},{"type":"Feature","properties":{"cadnum":"2324882800:03:006:0004"},"geometry":{"type":"Polygon","coordinates":[[[36.322863,46.906876],[36.323243,46.9071],[36.323706,46.906757],[36.323818,46.906677],[36.323437,46.906439],[36.323024,46.906754],[36.322863,46.906876]]]}},{"type":"Feature","properties":{"cadnum":"2324882800:03:008:0013"},"geometry":{"type":"Polygon","coordinates":[[[36.322552,46.909275],[36.323302,46.909682],[36.323574,46.909442],[36.323227,46.909247],[36.322822,46.909031],[36.322822,46.90903],[36.322743,46.909102],[36.322552,46.909275]]]}},{"type":"Feature","properties":{"cadnum":"2324882800:03:006:0005"},"geometry":{"type":"Polygon","coordinates":[[[36.323437,46.906439],[36.323818,46.906677],[36.323909,46.906612],[36.323526,46.906372],[36.323437,46.906439]]]}},{"type":"Feature","properties":{"cadnum":"2324882800:03:008:0012"},"geometry":{"type":"Polygon","coordinates":[[[36.325853,46.909289],[36.326024,46.9094],[36.326208,46.909257],[36.326283,46.909199],[36.32638,46.909123],[36.326416,46.909095],[36.32638,46.90907],[36.326323,46.909033],[36.326251,46.908985],[36.32625,46.908985],[36.326246,46.908982],[36.326242,46.908985],[36.326143,46.909062],[36.326091,46.909102],[36.325853,46.909289]]]}},{"type":"Feature","properties":{"cadnum":"2324882800:03:006:0002"},"geometry":{"type":"Polygon","coordinates":[[[36.32355,46.906942],[36.323598,46.906967],[36.323659,46.906998],[36.323667,46.906991],[36.323785,46.906885],[36.323685,46.906833],[36.323675,46.906828],[36.323659,46.906843],[36.323631,46.906828],[36.323593,46.906864],[36.323622,46.906878],[36.32355,46.906942]]]}},{"type":"Feature","properties":{"cadnum":"2324882800:01:009:0002"},"geometry":{"type":"Polygon","coordinates":[[[36.322244,46.874662],[36.323145,46.875199],[36.323145,46.8752],[36.326208,46.877025],[36.326208,46.877026],[36.327411,46.877742],[36.32831,46.876754],[36.32638,46.875605],[36.325897,46.875317],[36.323145,46.873677],[36.322244,46.874662]]]}},{"type":"Feature","properties":{"cadnum":"2324882800:01:009:0003"},"geometry":{"type":"Polygon","coordinates":[[[36.323145,46.873677],[36.3257,46.875199],[36.3257,46.8752],[36.326208,46.875503],[36.32831,46.876754],[36.329391,46.875565],[36.328974,46.875317],[36.328973,46.875317],[36.32638,46.873772],[36.32638,46.873771],[36.324231,46.872491],[36.323145,46.873677]]]}},{"type":"Feature","properties":{"cadnum":"2324882800:01:009:0001"},"geometry":{"type":"Polygon","coordinates":[[[36.321384,46.875601],[36.326208,46.878476],[36.326208,46.878477],[36.326555,46.878683],[36.327411,46.877742],[36.32638,46.877128],[36.323342,46.875317],[36.322244,46.874662],[36.321752,46.8752],[36.321384,46.875601]]]}},{"type":"Feature","properties":{"cadnum":"2324882800:01:022:0057"},"geometry":{"type":"Polygon","coordinates":[[[36.335773,46.887133],[36.337194,46.887992],[36.33939,46.889319],[36.339575,46.889104],[36.337366,46.88777],[36.335959,46.886919],[36.335919,46.886965],[36.335773,46.887133]]]}},{"type":"Feature","properties":{"cadnum":"2324882800:01:022:0055"},"geometry":{"type":"Polygon","coordinates":[[[36.336144,46.886705],[36.337194,46.88734],[36.33976,46.88889],[36.339945,46.888675],[36.337366,46.887116],[36.336331,46.886491],[36.336331,46.88649],[36.336303,46.886522],[36.336301,46.886524],[36.336252,46.886581],[36.336144,46.886705]]]}},{"type":"Feature","properties":{"cadnum":"2324882800:01:022:0062"},"geometry":{"type":"Polygon","coordinates":[[[36.33466,46.888417],[36.337366,46.890053],[36.337366,46.890052],[36.33764,46.890218],[36.338281,46.890605],[36.338389,46.890478],[36.338464,46.89039],[36.338351,46.890322],[36.337366,46.889727],[36.334845,46.888202],[36.334775,46.888283],[36.33466,46.888417]]]}},{"type":"Feature","properties":{"cadnum":"2324882800:01:022:0061"},"geometry":{"type":"Polygon","coordinates":[[[36.334845,46.888202],[36.337194,46.889623],[36.338179,46.890218],[36.338351,46.890322],[36.338373,46.890335],[36.338464,46.89039],[36.338524,46.890321],[36.33865,46.890176],[36.337366,46.8894],[36.335031,46.887989],[36.334966,46.888064],[36.334845,46.888202]]]}},{"type":"Feature","properties":{"cadnum":"2324882800:01:022:0059"},"geometry":{"type":"Polygon","coordinates":[[[36.335403,46.887561],[36.337366,46.888749],[36.337366,46.888748],[36.33902,46.889748],[36.339205,46.889533],[36.337366,46.888422],[36.335588,46.887347],[36.335537,46.887405],[36.335403,46.887561]]]}},{"type":"Feature","properties":{"cadnum":"2324882800:01:022:0060"},"geometry":{"type":"Polygon","coordinates":[[[36.335031,46.887989],[36.337194,46.889296],[36.337194,46.889297],[36.33865,46.890176],[36.33902,46.889748],[36.337194,46.888644],[36.337194,46.888645],[36.335403,46.887561],[36.335346,46.887625],[36.335156,46.887844],[36.335031,46.887989]]]}},{"type":"Feature","properties":{"cadnum":"2324882800:01:022:0058"},"geometry":{"type":"Polygon","coordinates":[[[36.335588,46.887347],[36.337194,46.888319],[36.339205,46.889533],[36.33939,46.889319],[36.337366,46.888096],[36.335773,46.887133],[36.335729,46.887185],[36.335588,46.887347]]]}},{"type":"Feature","properties":{"cadnum":"2324882800:01:022:0054"},"geometry":{"type":"Polygon","coordinates":[[[36.336331,46.88649],[36.336331,46.886491],[36.33648,46.886581],[36.336481,46.886581],[36.337194,46.887012],[36.337194,46.887013],[36.339945,46.888675],[36.340131,46.888461],[36.337366,46.88679],[36.33702,46.886581],[36.336517,46.886277],[36.336493,46.886303],[36.336354,46.886464],[36.336331,46.88649]]]}},{"type":"Feature","properties":{"cadnum":"2324882800:02:026:0027"},"geometry":{"type":"Polygon","coordinates":[[[36.337367,46.940852],[36.339507,46.941514],[36.339556,46.941088],[36.337424,46.940426],[36.337367,46.940852]]]}},{"type":"Feature","properties":{"cadnum":"2324882800:02:026:0015"},"geometry":{"type":"Polygon","coordinates":[[[36.337457,46.940187],[36.339584,46.940847],[36.33961,46.940621],[36.337488,46.939964],[36.337457,46.940187]]]}},{"type":"Feature","properties":{"cadnum":"2324882800:02:026:0016"},"geometry":{"type":"Polygon","coordinates":[[[36.337488,46.939964],[36.33961,46.940621],[36.339658,46.940196],[36.337544,46.939541],[36.337488,46.939964]]]}},{"type":"Feature","properties":{"cadnum":"2324882800:02:026:0093"},"geometry":{"type":"Polygon","coordinates":[[[36.337544,46.939541],[36.339658,46.940196],[36.3397,46.939834],[36.337593,46.939181],[36.337544,46.939541]]]}},{"type":"Feature","properties":{"cadnum":"2324882800:02:026:0004"},"geometry":{"type":"Polygon","coordinates":[[[36.339521,46.941728],[36.341821,46.942441],[36.341899,46.941766],[36.3396,46.941054],[36.339521,46.941728]]]}},{"type":"Feature","properties":{"cadnum":"2324882800:02:027:0055"},"geometry":{"type":"Polygon","coordinates":[[[36.33479,46.939559],[36.337194,46.940089],[36.337194,46.94009],[36.337252,46.940102],[36.337355,46.939381],[36.336151,46.939115],[36.334893,46.938838],[36.33487,46.938998],[36.334869,46.938998],[36.33479,46.939559]]]}},{"type":"Feature","properties":{"cadnum":"2324882800:02:026:0127"},"geometry":{"type":"Polygon","coordinates":[[[36.339639,46.940707],[36.341939,46.941419],[36.342034,46.94059],[36.339734,46.939878],[36.339639,46.940707]]]}},{"type":"Feature","properties":{"cadnum":"2324882800:02:026:0124"},"geometry":{"type":"Polygon","coordinates":[[[36.339422,46.942596],[36.339912,46.942748],[36.341722,46.943309],[36.341778,46.942813],[36.341821,46.942441],[36.339521,46.941728],[36.339422,46.942596]]]}},{"type":"Feature","properties":{"cadnum":"2324882800:02:026:0087"},"geometry":{"type":"Polygon","coordinates":[[[36.337264,46.941612],[36.337366,46.941644],[36.339419,46.942281],[36.33946,46.941925],[36.337312,46.94126],[36.337264,46.941612]]]}},{"type":"Feature","properties":{"cadnum":"2324882800:02:026:0085"},"geometry":{"type":"Polygon","coordinates":[[[36.337117,46.942712],[36.337194,46.942736],[36.337612,46.942866],[36.337614,46.942866],[36.339292,46.943387],[36.339352,46.942866],[36.339394,46.942508],[36.337235,46.941838],[36.337117,46.942712]]]}},{"type":"Feature","properties":{"cadnum":"2324882800:02:026:0126"},"geometry":{"type":"Polygon","coordinates":[[[36.339599,46.941054],[36.341899,46.941766],[36.341939,46.941419],[36.339639,46.940707],[36.339599,46.941054]]]}},{"type":"Feature","properties":{"cadnum":"2324882800:02:026:0003"},"geometry":{"type":"Polygon","coordinates":[[[36.337235,46.941838],[36.337366,46.941879],[36.339394,46.942508],[36.339419,46.942281],[36.337264,46.941612],[36.337235,46.941838]]]}},{"type":"Feature","properties":{"cadnum":"2324882800:01:022:0140"},"geometry":{"type":"Polygon","coordinates":[[[36.326278,46.89175],[36.32638,46.891813],[36.32638,46.891812],[36.329877,46.893927],[36.330053,46.893725],[36.330064,46.893712],[36.326467,46.891537],[36.326278,46.89175]]]}},{"type":"Feature","properties":{"cadnum":"2324882800:01:005:0007"},"geometry":{"type":"Polygon","coordinates":[[[36.360468,46.901781],[36.363975,46.903896],[36.364436,46.903378],[36.361418,46.901558],[36.360917,46.901256],[36.360727,46.901479],[36.360725,46.901479],[36.360468,46.901781]]]}},{"type":"Feature","properties":{"cadnum":"2324882800:03:008:0001"},"geometry":{"type":"Polygon","coordinates":[[[36.324113,46.909663],[36.324636,46.909996],[36.325033,46.910222],[36.325098,46.910161],[36.325175,46.910096],[36.324807,46.90987],[36.324289,46.909529],[36.324113,46.909663]]]}},{"type":"Feature","properties":{"cadnum":"2324882800:03:004:0001"},"geometry":{"type":"Polygon","coordinates":[[[36.325204,46.911915],[36.325354,46.911993],[36.325611,46.911763],[36.325461,46.911685],[36.325204,46.911915]]]}},{"type":"Feature","properties":{"cadnum":"2324882800:03:008:0010"},"geometry":{"type":"Polygon","coordinates":[[[36.325622,46.911564],[36.325921,46.911729],[36.326097,46.911589],[36.325799,46.911424],[36.325622,46.911564]]]}},{"type":"Feature","properties":{"cadnum":"2324882800:03:008:0011"},"geometry":{"type":"Polygon","coordinates":[[[36.324872,46.909428],[36.325057,46.909544],[36.325112,46.909578],[36.325517,46.909803],[36.325684,46.909665],[36.325245,46.909417],[36.325044,46.909285],[36.324872,46.909428]]]}},{"type":"Feature","properties":{"cadnum":"2324882800:03:008:0009"},"geometry":{"type":"Polygon","coordinates":[[[36.324595,46.911072],[36.325024,46.911229],[36.325181,46.91132],[36.325622,46.911564],[36.325799,46.911424],[36.325063,46.910997],[36.325063,46.910996],[36.325122,46.910943],[36.324812,46.910768],[36.324595,46.911072]]]}},{"type":"Feature","properties":{"cadnum":"2324882800:03:002:0001"},"geometry":{"type":"Polygon","coordinates":[[[36.317339,46.901009],[36.317515,46.901141],[36.31873,46.900386],[36.318554,46.900253],[36.317339,46.901009]]]}},{"type":"Feature","properties":{"cadnum":"2324882800:03:001:0001"},"geometry":{"type":"Polygon","coordinates":[[[36.315666,46.901821],[36.316088,46.902032],[36.316334,46.901814],[36.31644,46.901716],[36.316555,46.90161],[36.316547,46.901604],[36.316566,46.901584],[36.316472,46.901537],[36.316387,46.901495],[36.316344,46.901474],[36.316142,46.901372],[36.316029,46.901479],[36.316028,46.901479],[36.315666,46.901821]]]}},{"type":"Feature","properties":{"cadnum":"2324882800:02:026:0117"},"geometry":{"type":"Polygon","coordinates":[[[36.338899,46.94715],[36.341199,46.947863],[36.341289,46.947088],[36.339506,46.946536],[36.338989,46.946376],[36.338974,46.946499],[36.338899,46.94715]]]}},{"type":"Feature","properties":{"cadnum":"2324882800:02:026:0006"},"geometry":{"type":"Polygon","coordinates":[[[36.339327,46.943425],[36.341627,46.944137],[36.34168,46.943676],[36.33938,46.942964],[36.339327,46.943425]]]}},{"type":"Feature","properties":{"cadnum":"2324882800:02:026:0119"},"geometry":{"type":"Polygon","coordinates":[[[36.339087,46.945513],[36.341387,46.946226],[36.341482,46.945402],[36.339182,46.944689],[36.339087,46.945513]]]}},{"type":"Feature","properties":{"cadnum":"2324882800:02:026:0118"},"geometry":{"type":"Polygon","coordinates":[[[36.338989,46.946376],[36.339384,46.946499],[36.339506,46.946536],[36.339763,46.946616],[36.341289,46.947088],[36.341349,46.946552],[36.341387,46.946226],[36.339087,46.945513],[36.338989,46.946376]]]}},{"type":"Feature","properties":{"cadnum":"2324882800:02:026:0120"},"geometry":{"type":"Polygon","coordinates":[[[36.339182,46.944689],[36.341482,46.945402],[36.341528,46.945005],[36.339228,46.944293],[36.339182,46.944689]]]}},{"type":"Feature","properties":{"cadnum":"2324882800:04:005:0003"},"geometry":{"type":"Polygon","coordinates":[[[36.324851,46.897523],[36.325234,46.897781],[36.325525,46.897577],[36.325142,46.897319],[36.324851,46.897523]]]}},{"type":"Feature","properties":{"cadnum":"2324882800:01:008:0001"},"geometry":{"type":"Polygon","coordinates":[[[36.376309,46.919058],[36.380937,46.918044],[36.378499,46.916568],[36.376309,46.919058]]]}},{"type":"Feature","properties":{"cadnum":"2324882800:02:024:0196"},"geometry":{"type":"Polygon","coordinates":[[[36.339899,46.930411],[36.34232,46.93138],[36.342489,46.931182],[36.340016,46.930192],[36.339899,46.930411]]]}},{"type":"Feature","properties":{"cadnum":"2324882800:02:024:0197"},"geometry":{"type":"Polygon","coordinates":[[[36.340016,46.930192],[36.342489,46.931182],[36.342769,46.930853],[36.340212,46.929829],[36.340016,46.930192]]]}},{"type":"Feature","properties":{"cadnum":"2324882800:02:026:0005"},"geometry":{"type":"Polygon","coordinates":[[[36.338802,46.947998],[36.341102,46.948711],[36.341102,46.94871],[36.341199,46.947863],[36.338899,46.94715],[36.338802,46.947998]]]}},{"type":"Feature","properties":{"cadnum":"2324882800:02:026:0113"},"geometry":{"type":"Polygon","coordinates":[[[36.338641,46.949392],[36.340943,46.950105],[36.341023,46.9494],[36.338723,46.948688],[36.338641,46.949392]]]}},{"type":"Feature","properties":{"cadnum":"2324882800:02:026:0017"},"geometry":{"type":"Polygon","coordinates":[[[36.338764,46.948331],[36.341064,46.949043],[36.341102,46.948711],[36.338802,46.947998],[36.338764,46.948331]]]}},{"type":"Feature","properties":{"cadnum":"2324882800:02:026:0024"},"geometry":{"type":"Polygon","coordinates":[[[36.338723,46.948688],[36.341023,46.9494],[36.341064,46.949043],[36.338764,46.948331],[36.338723,46.948688]]]}},{"type":"Feature","properties":{"cadnum":"2324882800:02:027:0043"},"geometry":{"type":"Polygon","coordinates":[[[36.332684,46.934562],[36.335383,46.935157],[36.335413,46.934946],[36.332714,46.93435],[36.332684,46.934562]]]}},{"type":"Feature","properties":{"cadnum":"2324882800:02:027:0044"},"geometry":{"type":"Polygon","coordinates":[[[36.332714,46.93435],[36.335413,46.934946],[36.335446,46.934716],[36.332747,46.934121],[36.332714,46.93435]]]}},{"type":"Feature","properties":{"cadnum":"2324882800:02:027:0045"},"geometry":{"type":"Polygon","coordinates":[[[36.332747,46.934121],[36.335446,46.934716],[36.335499,46.934343],[36.332801,46.933748],[36.332747,46.934121]]]}},{"type":"Feature","properties":{"cadnum":"2324882800:02:027:0052"},"geometry":{"type":"Polygon","coordinates":[[[36.332986,46.933568],[36.33553,46.934129],[36.335584,46.933754],[36.333844,46.933371],[36.332986,46.933568]]]}},{"type":"Feature","properties":{"cadnum":"2324882800:02:027:0039"},"geometry":{"type":"Polygon","coordinates":[[[36.332539,46.935572],[36.335238,46.936167],[36.335293,46.935786],[36.333383,46.935365],[36.333383,46.935364],[36.332594,46.93519],[36.332586,46.935247],[36.332585,46.935247],[36.332539,46.935572]]]}},{"type":"Feature","properties":{"cadnum":"2324882800:02:027:0040"},"geometry":{"type":"Polygon","coordinates":[[[36.332594,46.93519],[36.332851,46.935247],[36.335293,46.935786],[36.335337,46.935476],[36.334299,46.935247],[36.332639,46.934881],[36.332594,46.93519]]]}},{"type":"Feature","properties":{"cadnum":"2324882800:01:022:0132"},"geometry":{"type":"Polygon","coordinates":[[[36.327796,46.890038],[36.328093,46.890218],[36.328092,46.890218],[36.331374,46.892202],[36.331522,46.892033],[36.331563,46.891986],[36.328638,46.890218],[36.328637,46.890218],[36.327986,46.889824],[36.327796,46.890038]]]}},{"type":"Feature","properties":{"cadnum":"2324882800:01:022:0131"},"geometry":{"type":"Polygon","coordinates":[[[36.327986,46.889824],[36.328831,46.890335],[36.328832,46.890335],[36.331563,46.891986],[36.331705,46.891822],[36.331751,46.891769],[36.329378,46.890335],[36.328177,46.889608],[36.327986,46.889824]]]}},{"type":"Feature","properties":{"cadnum":"2324882800:01:022:0122"},"geometry":{"type":"Polygon","coordinates":[[[36.329706,46.887883],[36.331701,46.88909],[36.333258,46.890031],[36.333364,46.88991],[36.333447,46.889814],[36.331873,46.888862],[36.329897,46.887667],[36.329706,46.887883]]]}},{"type":"Feature","properties":{"cadnum":"2324882800:01:022:0123"},"geometry":{"type":"Polygon","coordinates":[[[36.329514,46.8881],[36.331701,46.889422],[36.333069,46.890249],[36.333179,46.890123],[36.333258,46.890031],[36.331873,46.889194],[36.329706,46.887883],[36.329514,46.8881]]]}},{"type":"Feature","properties":{"cadnum":"2324882800:01:022:0121"},"geometry":{"type":"Polygon","coordinates":[[[36.329897,46.887667],[36.331701,46.888758],[36.331701,46.888759],[36.333447,46.889814],[36.333548,46.889697],[36.333636,46.889596],[36.333636,46.889595],[36.331873,46.88853],[36.330089,46.887451],[36.329897,46.887667]]]}},{"type":"Feature","properties":{"cadnum":"2324882800:01:022:0120"},"geometry":{"type":"Polygon","coordinates":[[[36.330089,46.887451],[36.331701,46.888426],[36.333636,46.889595],[36.333733,46.889484],[36.333827,46.889377],[36.331873,46.888197],[36.330281,46.887234],[36.330089,46.887451]]]}},{"type":"Feature","properties":{"cadnum":"2324882800:01:022:0118"},"geometry":{"type":"Polygon","coordinates":[[[36.330474,46.887017],[36.331701,46.887759],[36.331701,46.88776],[36.334016,46.889158],[36.334103,46.889057],[36.334205,46.88894],[36.331873,46.887531],[36.330666,46.8868],[36.330474,46.887017]]]}},{"type":"Feature","properties":{"cadnum":"2324882800:01:022:0117"},"geometry":{"type":"Polygon","coordinates":[[[36.330666,46.8868],[36.331701,46.887427],[36.334205,46.88894],[36.334288,46.888844],[36.334396,46.888721],[36.331873,46.887196],[36.330859,46.886583],[36.330666,46.8868]]]}},{"type":"Feature","properties":{"cadnum":"2324882800:01:022:0119"},"geometry":{"type":"Polygon","coordinates":[[[36.330281,46.887234],[36.331701,46.888093],[36.333827,46.889377],[36.333918,46.889271],[36.334016,46.889158],[36.331873,46.887863],[36.330474,46.887017],[36.330281,46.887234]]]}},{"type":"Feature","properties":{"cadnum":"2324882800:01:022:0134"},"geometry":{"type":"Polygon","coordinates":[[[36.327415,46.890467],[36.331,46.892635],[36.331154,46.892457],[36.331188,46.892418],[36.327606,46.890253],[36.327532,46.890335],[36.327415,46.890467]]]}},{"type":"Feature","properties":{"cadnum":"2324882800:01:022:0133"},"geometry":{"type":"Polygon","coordinates":[[[36.327606,46.890253],[36.327741,46.890335],[36.327742,46.890335],[36.331188,46.892418],[36.331338,46.892245],[36.331374,46.892202],[36.328287,46.890335],[36.327796,46.890038],[36.327636,46.890218],[36.327606,46.890252],[36.327606,46.890253]]]}},{"type":"Feature","properties":{"cadnum":"2324882800:01:022:0107"},"geometry":{"type":"Polygon","coordinates":[[[36.332597,46.884621],[36.335644,46.886463],[36.335644,46.886464],[36.33579,46.886552],[36.335839,46.886581],[36.336111,46.886745],[36.336144,46.886705],[36.336301,46.886524],[36.332792,46.884402],[36.332597,46.884621]]]}},{"type":"Feature","properties":{"cadnum":"2324882800:01:022:0105"},"geometry":{"type":"Polygon","coordinates":[[[36.332986,46.884184],[36.336493,46.886303],[36.336517,46.886277],[36.336685,46.886082],[36.333179,46.883964],[36.332986,46.884184]]]}},{"type":"Feature","properties":{"cadnum":"2324882800:01:022:0106"},"geometry":{"type":"Polygon","coordinates":[[[36.332792,46.884402],[36.336201,46.886463],[36.336201,46.886464],[36.336301,46.886524],[36.336303,46.886522],[36.336331,46.88649],[36.336493,46.886303],[36.332986,46.884184],[36.332792,46.884402]]]}},{"type":"Feature","properties":{"cadnum":"2324882800:01:022:0104"},"geometry":{"type":"Polygon","coordinates":[[[36.333179,46.883964],[36.336685,46.886082],[36.336702,46.886062],[36.336877,46.885861],[36.333374,46.883745],[36.333179,46.883964]]]}},{"type":"Feature","properties":{"cadnum":"2324882800:01:022:0103"},"geometry":{"type":"Polygon","coordinates":[[[36.333374,46.883745],[36.336877,46.885861],[36.336889,46.885848],[36.337068,46.885641],[36.333568,46.883526],[36.333374,46.883745]]]}},{"type":"Feature","properties":{"cadnum":"2324882800:01:022:0102"},"geometry":{"type":"Polygon","coordinates":[[[36.333568,46.883526],[36.337068,46.885641],[36.337074,46.885633],[36.33726,46.88542],[36.333764,46.883306],[36.333568,46.883526]]]}},{"type":"Feature","properties":{"cadnum":"2324882800:01:022:0111"},"geometry":{"type":"Polygon","coordinates":[[[36.331823,46.885495],[36.333425,46.886463],[36.333425,46.886464],[36.335346,46.887625],[36.335403,46.887561],[36.335537,46.887405],[36.334173,46.886581],[36.332016,46.885277],[36.331823,46.885495]]]}},{"type":"Feature","properties":{"cadnum":"2324882800:01:022:0110"},"geometry":{"type":"Polygon","coordinates":[[[36.332016,46.885277],[36.333979,46.886463],[36.333979,46.886464],[36.333978,46.886464],[36.335537,46.887405],[36.335588,46.887347],[36.335729,46.887185],[36.334728,46.886581],[36.33221,46.885059],[36.332016,46.885277]]]}},{"type":"Feature","properties":{"cadnum":"2324882800:01:022:0109"},"geometry":{"type":"Polygon","coordinates":[[[36.33221,46.885059],[36.334534,46.886463],[36.334534,46.886464],[36.335729,46.887185],[36.335773,46.887133],[36.335919,46.886965],[36.335283,46.886581],[36.332404,46.88484],[36.33221,46.885059]]]}},{"type":"Feature","properties":{"cadnum":"2324882800:01:022:0108"},"geometry":{"type":"Polygon","coordinates":[[[36.332404,46.88484],[36.335089,46.886463],[36.335089,46.886464],[36.335919,46.886965],[36.335959,46.886919],[36.336111,46.886745],[36.33579,46.886552],[36.332597,46.884621],[36.332404,46.88484]]]}},{"type":"Feature","properties":{"cadnum":"2324882800:03:009:0014"},"geometry":{"type":"Polygon","coordinates":[[[36.32833,46.907969],[36.328598,46.908123],[36.329002,46.907824],[36.329374,46.907559],[36.329063,46.907372],[36.328646,46.907711],[36.32833,46.907969]]]}},{"type":"Feature","properties":{"cadnum":"2324882800:03:009:0013"},"geometry":{"type":"Polygon","coordinates":[[[36.327627,46.908888],[36.327713,46.908943],[36.32778,46.908984],[36.32778,46.908985],[36.327823,46.909011],[36.327968,46.909102],[36.327969,46.909102],[36.327986,46.909113],[36.328103,46.909024],[36.32819,46.908957],[36.328237,46.908984],[36.328237,46.908985],[36.328271,46.909004],[36.328319,46.90897],[36.327875,46.9087],[36.327679,46.908849],[36.327627,46.908888]]]}},{"type":"Feature","properties":{"cadnum":"2324882800:03:009:0051"},"geometry":{"type":"Polygon","coordinates":[[[36.329907,46.908877],[36.330094,46.908984],[36.330094,46.908985],[36.330093,46.908985],[36.330249,46.909074],[36.330297,46.909102],[36.33038,46.90915],[36.330596,46.908989],[36.330631,46.908963],[36.330842,46.908805],[36.330352,46.908519],[36.33025,46.908606],[36.330033,46.908775],[36.329907,46.908877]]]}},{"type":"Feature","properties":{"cadnum":"2324882800:04:003:0014"},"geometry":{"type":"Polygon","coordinates":[[[36.330543,46.909206],[36.331024,46.909485],[36.331389,46.909199],[36.331463,46.909133],[36.331286,46.909032],[36.330986,46.908859],[36.330915,46.908904],[36.330812,46.908985],[36.330811,46.908985],[36.330734,46.909045],[36.330661,46.909102],[36.330576,46.909169],[36.330543,46.909206]]]}},{"type":"Feature","properties":{"cadnum":"2324882800:02:010:0020"},"geometry":{"type":"Polygon","coordinates":[[[36.329474,46.907894],[36.32958,46.908066],[36.329645,46.908094],[36.329518,46.908304],[36.330005,46.908063],[36.329474,46.907894]]]}},{"type":"Feature","properties":{"cadnum":"2324882800:03:009:0001"},"geometry":{"type":"Polygon","coordinates":[[[36.327875,46.9087],[36.328319,46.90897],[36.328507,46.908839],[36.328538,46.908813],[36.328558,46.908797],[36.328589,46.908771],[36.328693,46.908684],[36.328807,46.908591],[36.328668,46.908516],[36.328631,46.908495],[36.328349,46.908341],[36.327875,46.9087]]]}},{"type":"Feature","properties":{"cadnum":"2324882800:02:027:0033"},"geometry":{"type":"Polygon","coordinates":[[[36.332243,46.937634],[36.334941,46.93823],[36.334979,46.937966],[36.332281,46.937371],[36.332243,46.937634]]]}},{"type":"Feature","properties":{"cadnum":"2324882800:02:027:0034"},"geometry":{"type":"Polygon","coordinates":[[[36.332281,46.937371],[36.334979,46.937966],[36.335029,46.937627],[36.332329,46.937032],[36.332281,46.937371]]]}},{"type":"Feature","properties":{"cadnum":"2324882800:02:027:0032"},"geometry":{"type":"Polygon","coordinates":[[[36.332212,46.937846],[36.334911,46.938441],[36.334941,46.93823],[36.332243,46.937634],[36.332212,46.937846]]]}},{"type":"Feature","properties":{"cadnum":"2324882800:02:027:0028"},"geometry":{"type":"Polygon","coordinates":[[[36.331988,46.939412],[36.334687,46.940007],[36.33474,46.93963],[36.332065,46.939039],[36.332042,46.939034],[36.33203,46.939115],[36.331988,46.939412]]]}},{"type":"Feature","properties":{"cadnum":"2324882800:02:027:0030"},"geometry":{"type":"Polygon","coordinates":[[[36.332073,46.938822],[36.332869,46.938998],[36.332892,46.939003],[36.3334,46.939115],[36.333401,46.939115],[36.334771,46.939417],[36.334831,46.938998],[36.334881,46.938654],[36.332181,46.938058],[36.332073,46.938822]]]}},{"type":"Feature","properties":{"cadnum":"2324882800:02:027:0038"},"geometry":{"type":"Polygon","coordinates":[[[36.332489,46.935924],[36.335187,46.936519],[36.335238,46.936167],[36.332539,46.935572],[36.332489,46.935924]]]}},{"type":"Feature","properties":{"cadnum":"2324882800:02:027:0031"},"geometry":{"type":"Polygon","coordinates":[[[36.332181,46.938058],[36.334881,46.938654],[36.334911,46.938441],[36.332212,46.937846],[36.332181,46.938058]]]}},{"type":"Feature","properties":{"cadnum":"2324882800:01:022:0137"},"geometry":{"type":"Polygon","coordinates":[[[36.326845,46.89111],[36.330438,46.893282],[36.330603,46.893091],[36.330624,46.893066],[36.327036,46.890896],[36.326845,46.89111]]]}},{"type":"Feature","properties":{"cadnum":"2324882800:01:022:0136"},"geometry":{"type":"Polygon","coordinates":[[[36.327036,46.890896],[36.330624,46.893066],[36.330787,46.89288],[36.330812,46.89285],[36.327226,46.890682],[36.327036,46.890896]]]}},{"type":"Feature","properties":{"cadnum":"2324882800:01:022:0138"},"geometry":{"type":"Polygon","coordinates":[[[36.326656,46.891323],[36.330252,46.893497],[36.330419,46.893303],[36.330438,46.893282],[36.326845,46.89111],[36.326656,46.891323]]]}},{"type":"Feature","properties":{"cadnum":"2324882800:01:022:0135"},"geometry":{"type":"Polygon","coordinates":[[[36.327226,46.890682],[36.330812,46.89285],[36.33097,46.892668],[36.331,46.892635],[36.327415,46.890467],[36.327226,46.890682]]]}},{"type":"Feature","properties":{"cadnum":"2324882800:01:022:0139"},"geometry":{"type":"Polygon","coordinates":[[[36.326467,46.891537],[36.330064,46.893712],[36.330235,46.893513],[36.330252,46.893497],[36.326656,46.891323],[36.326467,46.891537]]]}},{"type":"Feature","properties":{"cadnum":"2324882800:03:010:0011"},"geometry":{"type":"Polygon","coordinates":[[[36.329378,46.912522],[36.329726,46.912755],[36.330172,46.912442],[36.329826,46.91221],[36.329694,46.912302],[36.329378,46.912522]]]}},{"type":"Feature","properties":{"cadnum":"2324882800:03:010:0001"},"geometry":{"type":"Polygon","coordinates":[[[36.327775,46.91144],[36.328244,46.911724],[36.328629,46.911956],[36.32888,46.911762],[36.328485,46.911524],[36.328024,46.911246],[36.327775,46.91144]]]}},{"type":"Feature","properties":{"cadnum":"2324882800:02:027:0150"},"geometry":{"type":"Polygon","coordinates":[[[36.331898,46.940031],[36.334598,46.940627],[36.334687,46.940007],[36.331988,46.939412],[36.331898,46.940031]]]}},{"type":"Feature","properties":{"cadnum":"2324882800:02:027:0051"},"geometry":{"type":"Polygon","coordinates":[[[36.334534,46.941349],[36.336995,46.941892],[36.337088,46.941237],[36.334628,46.940694],[36.334534,46.941349]]]}},{"type":"Feature","properties":{"cadnum":"2324882800:02:027:0242"},"geometry":{"type":"Polygon","coordinates":[[[36.334444,46.941967],[36.336913,46.942511],[36.336964,46.94216],[36.334495,46.941615],[36.334444,46.941967]]]}}]}