{"type":"FeatureCollection","features":[{"type":"Feature","properties":{"cadnum":"4410346900:03:001:0004"},"geometry":{"type":"Polygon","coordinates":[[[39.128288,48.169604],[39.128309,48.169622],[39.128336,48.169607],[39.128315,48.169589],[39.128288,48.169604]]]}},{"type":"Feature","properties":{"cadnum":"4410346900:03:001:0048"},"geometry":{"type":"Polygon","coordinates":[[[39.128188,48.169826],[39.128211,48.169838],[39.128231,48.169851],[39.128233,48.169851],[39.12826,48.169868],[39.128309,48.169931],[39.128445,48.17006],[39.128764,48.170359],[39.128988,48.17027],[39.128795,48.17009],[39.128534,48.169844],[39.128484,48.169794],[39.128435,48.169745],[39.128284,48.169794],[39.12826,48.169802],[39.128225,48.169815],[39.128188,48.169826]]]}},{"type":"Feature","properties":{"cadnum":"4410346900:03:001:0035"},"geometry":{"type":"Polygon","coordinates":[[[39.130376,48.168987],[39.13082,48.169341],[39.130848,48.169371],[39.130982,48.169449],[39.131175,48.16932],[39.130982,48.169308],[39.130951,48.16929],[39.130902,48.169293],[39.130938,48.16923],[39.130883,48.169129],[39.130856,48.169092],[39.130812,48.168967],[39.13069,48.168847],[39.130376,48.168987]]]}},{"type":"Feature","properties":{"cadnum":"4410346900:03:001:0032"},"geometry":{"type":"Polygon","coordinates":[[[39.129177,48.169464],[39.129441,48.169706],[39.129478,48.169737],[39.129477,48.169737],[39.129756,48.169964],[39.129944,48.169877],[39.129908,48.169846],[39.129391,48.169389],[39.129365,48.1694],[39.12932,48.169416],[39.129235,48.169442],[39.129198,48.169455],[39.129177,48.169464]]]}},{"type":"Feature","properties":{"cadnum":"4410346900:02:001:0004"},"geometry":{"type":"Polygon","coordinates":[[[39.134903,48.171303],[39.134903,48.171321],[39.13493,48.171321],[39.13493,48.171303],[39.134903,48.171303]]]}},{"type":"Feature","properties":{"cadnum":"4410346900:02:001:0005"},"geometry":{"type":"Polygon","coordinates":[[[39.134827,48.170881],[39.134827,48.170896],[39.134854,48.170896],[39.134854,48.170881],[39.134827,48.170881]]]}},{"type":"Feature","properties":{"cadnum":"4410346900:01:001:0012"},"geometry":{"type":"Polygon","coordinates":[[[39.125292,48.168412],[39.125489,48.168925],[39.125542,48.168916],[39.125543,48.168916],[39.125821,48.169691],[39.125844,48.169737],[39.125843,48.169737],[39.126104,48.170261],[39.126342,48.17059],[39.126728,48.170947],[39.127218,48.171267],[39.127722,48.17152],[39.127779,48.171549],[39.127893,48.171593],[39.127894,48.171593],[39.127896,48.171594],[39.128143,48.171687],[39.128944,48.171908],[39.129383,48.171949],[39.1299,48.17198],[39.130407,48.171974],[39.130789,48.171938],[39.131296,48.171866],[39.131759,48.171755],[39.132141,48.171636],[39.132644,48.171365],[39.133387,48.170804],[39.133387,48.170803],[39.133538,48.170688],[39.133911,48.170321],[39.134405,48.169892],[39.1345,48.169789],[39.134913,48.169344],[39.135146,48.16912],[39.135083,48.169083],[39.134844,48.169314],[39.134451,48.169737],[39.13445,48.169737],[39.134402,48.169789],[39.134344,48.169851],[39.134345,48.169851],[39.134337,48.169859],[39.133848,48.17029],[39.13347,48.170656],[39.133387,48.17072],[39.13259,48.171327],[39.132096,48.171587],[39.131728,48.171707],[39.131278,48.171812],[39.130775,48.171884],[39.130399,48.17192],[39.129904,48.171926],[39.129391,48.171896],[39.128965,48.171854],[39.128175,48.171636],[39.127942,48.171549],[39.127825,48.171503],[39.127273,48.171228],[39.126787,48.17091],[39.12641,48.170563],[39.126181,48.170239],[39.125981,48.169842],[39.125898,48.169676],[39.125426,48.168388],[39.125292,48.168412]]]}},{"type":"Feature","properties":{"cadnum":"4410346900:02:001:0001"},"geometry":{"type":"Polygon","coordinates":[[[39.134674,48.169695],[39.134703,48.169737],[39.134702,48.169737],[39.134706,48.169742],[39.134741,48.169755],[39.134748,48.169851],[39.134749,48.169851],[39.134751,48.169877],[39.134863,48.170413],[39.134877,48.170452],[39.135389,48.170668],[39.136246,48.170704],[39.136678,48.170605],[39.137018,48.170383],[39.137018,48.170173],[39.136983,48.169943],[39.136875,48.169782],[39.136875,48.169781],[39.135815,48.168907],[39.135707,48.168814],[39.135586,48.168876],[39.135316,48.169018],[39.135213,48.169071],[39.135106,48.169182],[39.134984,48.169302],[39.134913,48.169395],[39.134768,48.169571],[39.134674,48.169695]]]}},{"type":"Feature","properties":{"cadnum":"4410346900:02:001:0024"},"geometry":{"type":"Polygon","coordinates":[[[39.133152,48.171381],[39.133215,48.171456],[39.133215,48.171457],[39.133345,48.171612],[39.133387,48.171661],[39.133556,48.171863],[39.133628,48.171839],[39.133682,48.171821],[39.133808,48.17178],[39.133615,48.171567],[39.133326,48.171264],[39.133215,48.171339],[39.133152,48.171381]]]}},{"type":"Feature","properties":{"cadnum":"4410346900:02:001:0003"},"geometry":{"type":"Polygon","coordinates":[[[39.134966,48.171636],[39.134966,48.171653],[39.134989,48.171653],[39.134989,48.171636],[39.134966,48.171636]]]}},{"type":"Feature","properties":{"cadnum":"4410346900:02:001:0006"},"geometry":{"type":"Polygon","coordinates":[[[39.134661,48.170027],[39.134737,48.170024],[39.134737,48.170009],[39.134661,48.170009],[39.134661,48.170027]]]}},{"type":"Feature","properties":{"cadnum":"4410346900:04:003:0055"},"geometry":{"type":"Polygon","coordinates":[[[39.110617,48.181433],[39.11064,48.181468],[39.11073,48.181633],[39.110869,48.181594],[39.111242,48.181491],[39.111242,48.181492],[39.111367,48.181457],[39.111331,48.181402],[39.111256,48.181268],[39.110864,48.181366],[39.11077,48.181391],[39.110617,48.181433]]]}},{"type":"Feature","properties":{"cadnum":"4410346900:04:003:0015"},"geometry":{"type":"Polygon","coordinates":[[[39.111048,48.18084],[39.111048,48.180841],[39.111134,48.181004],[39.11116,48.181067],[39.111242,48.181059],[39.111484,48.181034],[39.111377,48.180769],[39.111376,48.180767],[39.111242,48.180797],[39.111048,48.18084]]]}},{"type":"Feature","properties":{"cadnum":"4410346900:04:003:0045"},"geometry":{"type":"Polygon","coordinates":[[[39.109005,48.181828],[39.109013,48.181857],[39.109067,48.181966],[39.109503,48.181881],[39.109746,48.181839],[39.109723,48.181762],[39.109669,48.181684],[39.109472,48.181735],[39.109225,48.181788],[39.109005,48.181828]]]}},{"type":"Feature","properties":{"cadnum":"4410346900:04:003:0010"},"geometry":{"type":"Polygon","coordinates":[[[39.110002,48.182813],[39.110137,48.183095],[39.110357,48.183044],[39.110245,48.182822],[39.110222,48.182777],[39.110002,48.182813]]]}},{"type":"Feature","properties":{"cadnum":"4410346900:04:003:0011"},"geometry":{"type":"Polygon","coordinates":[[[39.109548,48.181124],[39.109723,48.18149],[39.110218,48.181375],[39.110051,48.181055],[39.109772,48.181112],[39.109548,48.181124]]]}},{"type":"Feature","properties":{"cadnum":"4410346900:04:003:0019"},"geometry":{"type":"Polygon","coordinates":[[[39.106556,48.181528],[39.10662,48.181765],[39.10666,48.181903],[39.106921,48.181807],[39.107109,48.181738],[39.106975,48.181513],[39.106979,48.181513],[39.106966,48.181484],[39.106876,48.181346],[39.106566,48.181501],[39.106556,48.181528]]]}},{"type":"Feature","properties":{"cadnum":"4410346900:04:003:0020"},"geometry":{"type":"Polygon","coordinates":[[[39.107405,48.181899],[39.107415,48.181921],[39.107419,48.181917],[39.107446,48.181968],[39.107491,48.18207],[39.107715,48.182037],[39.108084,48.18199],[39.108017,48.181843],[39.108004,48.181813],[39.107585,48.181873],[39.107405,48.181899]]]}},{"type":"Feature","properties":{"cadnum":"4410346900:04:003:0003"},"geometry":{"type":"Polygon","coordinates":[[[39.109585,48.181522],[39.109669,48.181684],[39.109723,48.181762],[39.110289,48.181615],[39.110352,48.181603],[39.110338,48.181577],[39.110334,48.181579],[39.110258,48.181457],[39.110249,48.181433],[39.110218,48.181375],[39.109585,48.181522]]]}},{"type":"Feature","properties":{"cadnum":"4410346900:04:003:0009"},"geometry":{"type":"Polygon","coordinates":[[[39.10944,48.182903],[39.109445,48.182915],[39.109468,48.182966],[39.109526,48.18308],[39.109606,48.183217],[39.110137,48.183095],[39.110002,48.182813],[39.10944,48.182903]]]}},{"type":"Feature","properties":{"cadnum":"4410346900:04:003:0057"},"geometry":{"type":"Polygon","coordinates":[[[39.109067,48.180774],[39.109084,48.180841],[39.109085,48.180841],[39.109086,48.180842],[39.109162,48.18096],[39.109275,48.180929],[39.109894,48.180771],[39.109899,48.180767],[39.109822,48.180647],[39.109751,48.180531],[39.10953,48.180606],[39.109198,48.180726],[39.109197,48.180726],[39.109067,48.180773],[39.109067,48.180774]]]}},{"type":"Feature","properties":{"cadnum":"4410346900:04:003:0046"},"geometry":{"type":"Polygon","coordinates":[[[39.111372,48.184329],[39.111432,48.184389],[39.111431,48.184389],[39.111529,48.184486],[39.111529,48.184487],[39.111545,48.184503],[39.111546,48.184503],[39.111749,48.184697],[39.112042,48.184568],[39.111887,48.184404],[39.11169,48.184194],[39.111646,48.184212],[39.11143,48.184301],[39.11138,48.184325],[39.111372,48.184329]]]}},{"type":"Feature","properties":{"cadnum":"4410346900:04:001:0018"},"geometry":{"type":"Polygon","coordinates":[[[39.118743,48.181444],[39.118824,48.181537],[39.119286,48.181351],[39.119206,48.181259],[39.118743,48.181444]]]}},{"type":"Feature","properties":{"cadnum":"4410346900:04:001:0015"},"geometry":{"type":"Polygon","coordinates":[[[39.117099,48.181705],[39.117175,48.182005],[39.117342,48.181987],[39.117791,48.181879],[39.117688,48.181621],[39.117099,48.181705]]]}},{"type":"Feature","properties":{"cadnum":"4410346900:04:001:0070"},"geometry":{"type":"Polygon","coordinates":[[[39.119336,48.180711],[39.119344,48.180726],[39.119343,48.180726],[39.119466,48.180962],[39.119596,48.181211],[39.119703,48.181178],[39.119856,48.181076],[39.119793,48.180974],[39.119678,48.180739],[39.119654,48.180687],[39.119336,48.180711]]]}},{"type":"Feature","properties":{"cadnum":"4410346900:04:001:0048"},"geometry":{"type":"Polygon","coordinates":[[[39.117063,48.181493],[39.117099,48.181705],[39.117688,48.181621],[39.117862,48.181597],[39.117845,48.181519],[39.117818,48.181384],[39.117503,48.181435],[39.117287,48.181468],[39.117063,48.181493]]]}},{"type":"Feature","properties":{"cadnum":"4410346900:04:001:0019"},"geometry":{"type":"Polygon","coordinates":[[[39.118688,48.181062],[39.118774,48.181433],[39.119206,48.181259],[39.119281,48.181342],[39.119304,48.181333],[39.119124,48.181007],[39.118688,48.181062]]]}},{"type":"Feature","properties":{"cadnum":"4410346900:04:001:0016"},"geometry":{"type":"Polygon","coordinates":[[[39.117688,48.181621],[39.117791,48.181879],[39.117971,48.181816],[39.117952,48.181783],[39.117862,48.181597],[39.117688,48.181621]]]}},{"type":"Feature","properties":{"cadnum":"4410346900:04:001:0073"},"geometry":{"type":"Polygon","coordinates":[[[39.116178,48.181615],[39.116183,48.181642],[39.116277,48.181888],[39.116313,48.181876],[39.116676,48.181765],[39.116694,48.181762],[39.116735,48.181752],[39.116798,48.181736],[39.116907,48.18171],[39.116907,48.181709],[39.116923,48.181705],[39.116896,48.181594],[39.116887,48.181568],[39.116874,48.181513],[39.116178,48.181615]]]}},{"type":"Feature","properties":{"cadnum":"4410346900:04:001:0068"},"geometry":{"type":"Polygon","coordinates":[[[39.116313,48.181876],[39.116434,48.182139],[39.116735,48.182062],[39.116833,48.182037],[39.116907,48.182019],[39.117,48.181996],[39.11695,48.181801],[39.116942,48.181768],[39.116923,48.181705],[39.116798,48.181736],[39.116694,48.181762],[39.116676,48.181765],[39.116313,48.181876]]]}},{"type":"Feature","properties":{"cadnum":"4410346900:05:001:0096"},"geometry":{"type":"Polygon","coordinates":[[[39.108223,48.173232],[39.108251,48.1734],[39.10825,48.1734],[39.10826,48.17345],[39.108261,48.173457],[39.108268,48.17349],[39.108421,48.173457],[39.108681,48.173403],[39.108606,48.173142],[39.108223,48.173232]]]}},{"type":"Feature","properties":{"cadnum":"4410346900:04:002:0160"},"geometry":{"type":"Polygon","coordinates":[[[39.110765,48.175263],[39.110851,48.175586],[39.110923,48.175736],[39.111256,48.175697],[39.111206,48.175496],[39.111179,48.175368],[39.111183,48.175361],[39.111166,48.175266],[39.111157,48.175266],[39.111156,48.175266],[39.111134,48.175208],[39.110841,48.175254],[39.110788,48.175259],[39.110765,48.175263]]]}},{"type":"Feature","properties":{"cadnum":"4410346900:05:001:0131"},"geometry":{"type":"Polygon","coordinates":[[[39.11069,48.1747],[39.11073,48.174828],[39.110757,48.174897],[39.11081,48.175119],[39.110927,48.175101],[39.110958,48.175095],[39.111237,48.175062],[39.111166,48.174819],[39.111138,48.174733],[39.111111,48.174649],[39.11069,48.1747]]]}},{"type":"Feature","properties":{"cadnum":"4410346900:05:001:0004"},"geometry":{"type":"Polygon","coordinates":[[[39.111107,48.174718],[39.111111,48.174742],[39.111214,48.175071],[39.111242,48.175067],[39.111696,48.175008],[39.111574,48.174631],[39.111276,48.17468],[39.111152,48.1747],[39.111107,48.174718]]]}},{"type":"Feature","properties":{"cadnum":"4410346900:05:001:0132"},"geometry":{"type":"Polygon","coordinates":[[[39.110564,48.174289],[39.11069,48.1747],[39.111111,48.174649],[39.110977,48.174235],[39.110891,48.174244],[39.110564,48.174289]]]}},{"type":"Feature","properties":{"cadnum":"4410346900:05:004:0027"},"geometry":{"type":"Polygon","coordinates":[[[39.10569,48.173256],[39.105708,48.173283],[39.105749,48.173356],[39.105774,48.1734],[39.105773,48.1734],[39.105827,48.173493],[39.105839,48.173515],[39.105919,48.173654],[39.105921,48.173654],[39.106157,48.173583],[39.106216,48.173565],[39.106233,48.173558],[39.106247,48.173556],[39.106243,48.173547],[39.106229,48.173523],[39.106206,48.173472],[39.106153,48.173394],[39.106139,48.173372],[39.106117,48.173334],[39.106107,48.173319],[39.106113,48.173319],[39.106063,48.173229],[39.106031,48.173172],[39.105921,48.1732],[39.105721,48.17325],[39.10569,48.173256]]]}},{"type":"Feature","properties":{"cadnum":"4410346900:05:001:0051"},"geometry":{"type":"Polygon","coordinates":[[[39.107818,48.172783],[39.107908,48.17305],[39.108047,48.1734],[39.108046,48.1734],[39.108071,48.173459],[39.108094,48.173457],[39.10826,48.173445],[39.108219,48.173196],[39.108174,48.173025],[39.108156,48.172948],[39.108138,48.172833],[39.108124,48.172764],[39.10808,48.172735],[39.107818,48.172783]]]}},{"type":"Feature","properties":{"cadnum":"4410346900:05:004:0026"},"geometry":{"type":"Polygon","coordinates":[[[39.106031,48.173172],[39.106063,48.173229],[39.106112,48.173319],[39.106107,48.173319],[39.106117,48.173334],[39.106139,48.173372],[39.106153,48.173394],[39.106157,48.1734],[39.106206,48.173472],[39.106225,48.173515],[39.106226,48.173515],[39.106229,48.173523],[39.106243,48.173547],[39.106247,48.173556],[39.106269,48.173594],[39.106328,48.173579],[39.106314,48.17355],[39.106314,48.173549],[39.106359,48.173541],[39.106467,48.173528],[39.106526,48.173519],[39.106522,48.173499],[39.106521,48.173498],[39.106417,48.17333],[39.106323,48.173169],[39.106287,48.173106],[39.106031,48.173172]]]}},{"type":"Feature","properties":{"cadnum":"4410346900:05:002:0229"},"geometry":{"type":"Polygon","coordinates":[[[39.099887,48.169236],[39.100143,48.169622],[39.100201,48.169695],[39.10023,48.169737],[39.100229,48.169737],[39.100273,48.169799],[39.100308,48.169851],[39.100309,48.169851],[39.100381,48.169955],[39.100428,48.169942],[39.100428,48.169941],[39.10056,48.169901],[39.100601,48.169889],[39.100525,48.169782],[39.100524,48.169781],[39.100489,48.169742],[39.100344,48.169553],[39.100071,48.169179],[39.099887,48.169236]]]}},{"type":"Feature","properties":{"cadnum":"4410346900:05:002:0211"},"geometry":{"type":"Polygon","coordinates":[[[39.102797,48.169527],[39.10291,48.169713],[39.102925,48.169737],[39.102947,48.169771],[39.102997,48.169851],[39.102998,48.169851],[39.103036,48.16991],[39.103113,48.170039],[39.103426,48.169952],[39.103336,48.169811],[39.103121,48.169464],[39.102923,48.169509],[39.102887,48.169515],[39.102797,48.169527]]]}},{"type":"Feature","properties":{"cadnum":"4410346900:05:002:0220"},"geometry":{"type":"Polygon","coordinates":[[[39.104329,48.168223],[39.104455,48.168415],[39.104631,48.168691],[39.104666,48.168742],[39.104725,48.168841],[39.104985,48.168774],[39.104751,48.168418],[39.104576,48.168161],[39.104329,48.168223]]]}},{"type":"Feature","properties":{"cadnum":"4410346900:07:001:0014"},"geometry":{"type":"Polygon","coordinates":[[[39.139655,48.192806],[39.139965,48.192892],[39.14019,48.192569],[39.139884,48.192477],[39.139655,48.192806]]]}},{"type":"Feature","properties":{"cadnum":"4410346900:07:001:0013"},"geometry":{"type":"Polygon","coordinates":[[[39.139884,48.192477],[39.14019,48.192569],[39.140531,48.192075],[39.140221,48.191991],[39.139884,48.192477]]]}},{"type":"Feature","properties":{"cadnum":"4410346900:04:001:0005"},"geometry":{"type":"Polygon","coordinates":[[[39.116348,48.178725],[39.116407,48.178788],[39.116541,48.178728],[39.116483,48.178669],[39.116348,48.178725]]]}},{"type":"Feature","properties":{"cadnum":"4410346900:04:001:0072"},"geometry":{"type":"Polygon","coordinates":[[[39.115976,48.180776],[39.115986,48.180841],[39.115998,48.180915],[39.116003,48.180953],[39.116735,48.180876],[39.116766,48.180873],[39.116757,48.180831],[39.116735,48.180707],[39.11673,48.180684],[39.11669,48.180687],[39.116376,48.180726],[39.116375,48.180726],[39.115978,48.180776],[39.115976,48.180776]]]}},{"type":"Feature","properties":{"cadnum":"4410346900:04:001:0057"},"geometry":{"type":"Polygon","coordinates":[[[39.114134,48.179249],[39.114134,48.179273],[39.114183,48.179423],[39.114359,48.17942],[39.114692,48.179411],[39.114902,48.17939],[39.114885,48.179282],[39.114875,48.17924],[39.114871,48.179217],[39.114596,48.179231],[39.114466,48.179231],[39.114134,48.179249]]]}},{"type":"Feature","properties":{"cadnum":"4410346900:04:003:0017"},"geometry":{"type":"Polygon","coordinates":[[[39.112539,48.179683],[39.112621,48.179848],[39.113178,48.17969],[39.113321,48.179659],[39.113277,48.179506],[39.113281,48.179504],[39.113271,48.179477],[39.113178,48.179495],[39.113178,48.179504],[39.113177,48.179504],[39.113137,48.179515],[39.113097,48.179525],[39.113015,48.179548],[39.112539,48.179683]]]}},{"type":"Feature","properties":{"cadnum":"4410346900:04:003:0013"},"geometry":{"type":"Polygon","coordinates":[[[39.110788,48.180409],[39.110887,48.180582],[39.111242,48.180478],[39.111745,48.18033],[39.111717,48.180276],[39.111655,48.180163],[39.111242,48.18028],[39.110788,48.180409]]]}},{"type":"Feature","properties":{"cadnum":"4410346900:04:003:0054"},"geometry":{"type":"Polygon","coordinates":[[[39.11174,48.17992],[39.11178,48.180022],[39.111807,48.180076],[39.111897,48.180058],[39.112118,48.180004],[39.112612,48.17989],[39.112621,48.179848],[39.112539,48.179683],[39.112076,48.179836],[39.11174,48.17992]]]}},{"type":"Feature","properties":{"cadnum":"4410346900:04:001:0075"},"geometry":{"type":"Polygon","coordinates":[[[39.11351,48.179575],[39.113554,48.179759],[39.1136,48.179752],[39.113617,48.17975],[39.113636,48.179746],[39.113753,48.179728],[39.113933,48.179686],[39.114224,48.179624],[39.114197,48.179435],[39.113766,48.179534],[39.11351,48.179575]]]}},{"type":"Feature","properties":{"cadnum":"4410346900:04:001:0077"},"geometry":{"type":"Polygon","coordinates":[[[39.113554,48.179759],[39.113564,48.179792],[39.113604,48.179941],[39.11425,48.179815],[39.114256,48.179797],[39.114224,48.179624],[39.113933,48.179686],[39.113753,48.179728],[39.113636,48.179746],[39.113617,48.17975],[39.1136,48.179752],[39.113554,48.179759]]]}},{"type":"Feature","properties":{"cadnum":"4410346900:04:001:0078"},"geometry":{"type":"Polygon","coordinates":[[[39.115738,48.179357],[39.115738,48.179375],[39.115751,48.179453],[39.115769,48.179501],[39.116003,48.17948],[39.116151,48.179474],[39.116155,48.179474],[39.11652,48.179447],[39.116501,48.179342],[39.116493,48.1793],[39.116308,48.179318],[39.116101,48.17933],[39.115984,48.179342],[39.115738,48.179357]]]}},{"type":"Feature","properties":{"cadnum":"4410346900:04:003:0004"},"geometry":{"type":"Polygon","coordinates":[[[39.111686,48.179515],[39.111696,48.179531],[39.111767,48.179506],[39.111759,48.179492],[39.111686,48.179515]]]}},{"type":"Feature","properties":{"cadnum":"4410346900:04:001:0001"},"geometry":{"type":"Polygon","coordinates":[[[39.113887,48.178962],[39.113887,48.17898],[39.113914,48.17898],[39.113914,48.178962],[39.113887,48.178962]]]}},{"type":"Feature","properties":{"cadnum":"4410346900:04:003:0014"},"geometry":{"type":"Polygon","coordinates":[[[39.111376,48.180767],[39.111377,48.180769],[39.111406,48.180841],[39.111484,48.181034],[39.112063,48.180977],[39.112019,48.180855],[39.112005,48.180822],[39.111992,48.180785],[39.111991,48.180783],[39.111973,48.180747],[39.111929,48.180645],[39.111562,48.180726],[39.111561,48.180726],[39.111379,48.180767],[39.111376,48.180767]]]}},{"type":"Feature","properties":{"cadnum":"4410346900:04:002:0016"},"geometry":{"type":"Polygon","coordinates":[[[39.116735,48.178701],[39.116749,48.178827],[39.116907,48.178821],[39.11699,48.178818],[39.116986,48.1788],[39.117153,48.178797],[39.11713,48.178551],[39.116946,48.17856],[39.116829,48.178563],[39.116776,48.178567],[39.116735,48.178701]]]}},{"type":"Feature","properties":{"cadnum":"4410346900:04:003:0001"},"geometry":{"type":"Polygon","coordinates":[[[39.1113,48.179573],[39.1113,48.17963],[39.111421,48.17963],[39.111421,48.179573],[39.1113,48.179573]]]}},{"type":"Feature","properties":{"cadnum":"4410346900:04:003:0002"},"geometry":{"type":"Polygon","coordinates":[[[39.113353,48.179049],[39.113353,48.179064],[39.11338,48.179064],[39.11338,48.179049],[39.113353,48.179049]]]}},{"type":"Feature","properties":{"cadnum":"4410346900:04:003:0044"},"geometry":{"type":"Polygon","coordinates":[[[39.11205,48.180603],[39.11205,48.180606],[39.112063,48.18063],[39.112122,48.180776],[39.112346,48.180729],[39.112787,48.180636],[39.112751,48.180456],[39.112235,48.180561],[39.11205,48.180603]]]}},{"type":"Feature","properties":{"cadnum":"4410346900:04:003:0049"},"geometry":{"type":"Polygon","coordinates":[[[39.112751,48.180456],[39.112787,48.180636],[39.112795,48.180672],[39.113263,48.180579],[39.113524,48.180525],[39.113474,48.180294],[39.113375,48.180312],[39.113119,48.180367],[39.113118,48.180367],[39.112751,48.180456]]]}},{"type":"Feature","properties":{"cadnum":"4410346900:04:002:0027"},"geometry":{"type":"Polygon","coordinates":[[[39.120971,48.177042],[39.120971,48.17706],[39.120997,48.17706],[39.120997,48.177042],[39.120971,48.177042]]]}},{"type":"Feature","properties":{"cadnum":"4410346900:04:002:0026"},"geometry":{"type":"Polygon","coordinates":[[[39.12093,48.176685],[39.12093,48.1767],[39.120952,48.1767],[39.120952,48.176685],[39.12093,48.176685]]]}},{"type":"Feature","properties":{"cadnum":"4410346900:04:002:0142"},"geometry":{"type":"Polygon","coordinates":[[[39.119502,48.176898],[39.119536,48.177063],[39.11955,48.177131],[39.11956,48.177178],[39.119609,48.177408],[39.119632,48.177527],[39.11982,48.177521],[39.119793,48.177357],[39.11975,48.177078],[39.119722,48.176895],[39.119502,48.176898]]]}},{"type":"Feature","properties":{"cadnum":"4410346900:04:002:0145"},"geometry":{"type":"Polygon","coordinates":[[[39.121047,48.176644],[39.121711,48.176571],[39.12168,48.176443],[39.121667,48.176395],[39.121172,48.176452],[39.121069,48.176452],[39.121055,48.176449],[39.121047,48.176644]]]}},{"type":"Feature","properties":{"cadnum":"4410346900:04:002:0087"},"geometry":{"type":"Polygon","coordinates":[[[39.12093,48.174122],[39.120938,48.174191],[39.120957,48.17434],[39.121011,48.174706],[39.121357,48.17467],[39.121303,48.174454],[39.121262,48.174311],[39.121158,48.174091],[39.12093,48.174122]]]}},{"type":"Feature","properties":{"cadnum":"4410346900:04:002:0133"},"geometry":{"type":"Polygon","coordinates":[[[39.119659,48.174837],[39.119757,48.175119],[39.11982,48.175293],[39.120216,48.175155],[39.120027,48.174757],[39.119946,48.174775],[39.119862,48.174795],[39.119659,48.174837]]]}},{"type":"Feature","properties":{"cadnum":"4410346900:04:002:0024"},"geometry":{"type":"Polygon","coordinates":[[[39.120875,48.175981],[39.120898,48.175981],[39.120898,48.175963],[39.120875,48.175967],[39.120875,48.175981]]]}},{"type":"Feature","properties":{"cadnum":"4410346900:04:002:0164"},"geometry":{"type":"Polygon","coordinates":[[[39.121357,48.174859],[39.121397,48.175041],[39.121617,48.175011],[39.122044,48.174957],[39.122021,48.174849],[39.121999,48.174784],[39.121694,48.174819],[39.121357,48.174859]]]}},{"type":"Feature","properties":{"cadnum":"4410346900:04:002:0014"},"geometry":{"type":"Polygon","coordinates":[[[39.11912,48.173801],[39.119151,48.173879],[39.11938,48.173834],[39.119353,48.173756],[39.11912,48.173801]]]}},{"type":"Feature","properties":{"cadnum":"4410346900:04:002:0083"},"geometry":{"type":"Polygon","coordinates":[[[39.11713,48.174646],[39.117453,48.175074],[39.117476,48.175101],[39.117512,48.175086],[39.117642,48.175038],[39.117692,48.17502],[39.117409,48.174682],[39.117301,48.174679],[39.11713,48.174646]]]}},{"type":"Feature","properties":{"cadnum":"4410346900:04:002:0129"},"geometry":{"type":"Polygon","coordinates":[[[39.119219,48.176904],[39.119267,48.177178],[39.119268,48.177178],[39.119322,48.177479],[39.11933,48.177506],[39.119363,48.177503],[39.119556,48.17753],[39.119632,48.177527],[39.119609,48.177408],[39.11955,48.177131],[39.119502,48.176898],[39.119461,48.176898],[39.119219,48.176904]]]}},{"type":"Feature","properties":{"cadnum":"4410346900:04:002:0147"},"geometry":{"type":"Polygon","coordinates":[[[39.120315,48.173465],[39.120342,48.173515],[39.120343,48.173515],[39.120503,48.173798],[39.120575,48.173807],[39.120606,48.173864],[39.120665,48.173849],[39.120692,48.1739],[39.120944,48.173834],[39.120875,48.173654],[39.120849,48.173639],[39.120835,48.173616],[39.120831,48.173588],[39.120835,48.173567],[39.120845,48.173547],[39.120867,48.173516],[39.120917,48.173481],[39.120925,48.173325],[39.120804,48.173363],[39.120827,48.1734],[39.120826,48.1734],[39.120845,48.17343],[39.120844,48.17343],[39.120751,48.173457],[39.120768,48.173483],[39.120767,48.173484],[39.12065,48.173515],[39.120634,48.173519],[39.120625,48.173507],[39.120624,48.173508],[39.120599,48.173515],[39.1206,48.173515],[39.120503,48.173543],[39.120436,48.173439],[39.120352,48.173457],[39.120328,48.173463],[39.120315,48.173465]]]}},{"type":"Feature","properties":{"cadnum":"4410346900:04:002:0153"},"geometry":{"type":"Polygon","coordinates":[[[39.119174,48.173891],[39.119281,48.174073],[39.119281,48.174074],[39.119219,48.174083],[39.119227,48.174113],[39.119267,48.174184],[39.119277,48.174202],[39.119403,48.174394],[39.119736,48.174286],[39.119682,48.174116],[39.119663,48.174053],[39.119636,48.174044],[39.119596,48.174047],[39.119583,48.174014],[39.119579,48.17399],[39.119533,48.17399],[39.119533,48.173989],[39.119529,48.173981],[39.119497,48.173984],[39.119493,48.17396],[39.119489,48.173956],[39.119453,48.173825],[39.119174,48.173891]]]}},{"type":"Feature","properties":{"cadnum":"4410346900:04:002:0020"},"geometry":{"type":"Polygon","coordinates":[[[39.120849,48.174526],[39.120849,48.174544],[39.120875,48.174544],[39.120875,48.174526],[39.120849,48.174526]]]}},{"type":"Feature","properties":{"cadnum":"4410346900:04:002:0159"},"geometry":{"type":"Polygon","coordinates":[[[39.121055,48.176449],[39.121069,48.176452],[39.121172,48.176452],[39.121667,48.176395],[39.121617,48.176221],[39.121384,48.176249],[39.121254,48.176258],[39.121097,48.17626],[39.121061,48.176263],[39.121065,48.176284],[39.121055,48.176449]]]}},{"type":"Feature","properties":{"cadnum":"4410346900:04:002:0023"},"geometry":{"type":"Polygon","coordinates":[[[39.120867,48.175607],[39.120867,48.175623],[39.120894,48.175623],[39.120894,48.175607],[39.120867,48.175607]]]}},{"type":"Feature","properties":{"cadnum":"4410346900:04:002:0174"},"geometry":{"type":"Polygon","coordinates":[[[39.121846,48.173394],[39.121848,48.1734],[39.121874,48.173491],[39.121881,48.173515],[39.121927,48.173669],[39.122228,48.1736],[39.122229,48.1736],[39.122601,48.173514],[39.122574,48.173457],[39.122552,48.173412],[39.122542,48.173385],[39.122512,48.173307],[39.122345,48.173325],[39.121846,48.173394]]]}},{"type":"Feature","properties":{"cadnum":"4410346900:04:002:0038"},"geometry":{"type":"Polygon","coordinates":[[[39.120395,48.173651],[39.120472,48.173792],[39.120413,48.173813],[39.120503,48.173956],[39.120575,48.173939],[39.120584,48.173954],[39.120938,48.173876],[39.120984,48.173501],[39.120395,48.173651]]]}},{"type":"Feature","properties":{"cadnum":"4410346900:04:002:0154"},"geometry":{"type":"Polygon","coordinates":[[[39.119569,48.17434],[39.119583,48.174371],[39.119736,48.174325],[39.11974,48.174304],[39.119736,48.174286],[39.119569,48.17434]]]}},{"type":"Feature","properties":{"cadnum":"4410346900:04:002:0088"},"geometry":{"type":"Polygon","coordinates":[[[39.120904,48.173954],[39.12093,48.174122],[39.121158,48.174091],[39.121083,48.173924],[39.120904,48.173954]]]}},{"type":"Feature","properties":{"cadnum":"4410346900:04:002:0156"},"geometry":{"type":"Polygon","coordinates":[[[39.117894,48.175152],[39.117912,48.175182],[39.117942,48.175173],[39.117961,48.1752],[39.118357,48.17508],[39.118325,48.175029],[39.118298,48.175035],[39.118267,48.17499],[39.117898,48.175101],[39.117925,48.175143],[39.117894,48.175152]]]}},{"type":"Feature","properties":{"cadnum":"4410346900:04:002:0021"},"geometry":{"type":"Polygon","coordinates":[[[39.120854,48.174886],[39.120854,48.174904],[39.120881,48.174904],[39.120881,48.174886],[39.120854,48.174886]]]}},{"type":"Feature","properties":{"cadnum":"4410346900:04:002:0173"},"geometry":{"type":"Polygon","coordinates":[[[39.119726,48.176928],[39.119749,48.177063],[39.119748,48.177063],[39.119803,48.177386],[39.119833,48.177554],[39.120045,48.177533],[39.120095,48.177524],[39.120099,48.177524],[39.120076,48.177425],[39.120055,48.177279],[39.120045,48.177228],[39.120016,48.177102],[39.120005,48.177057],[39.119982,48.176934],[39.119726,48.176928]]]}},{"type":"Feature","properties":{"cadnum":"4410346900:04:002:0025"},"geometry":{"type":"Polygon","coordinates":[[[39.122044,48.174049],[39.122049,48.174089],[39.122089,48.174227],[39.122229,48.174206],[39.122229,48.174207],[39.12238,48.174184],[39.1224,48.174183],[39.1224,48.174182],[39.12243,48.174178],[39.122766,48.17414],[39.122736,48.173969],[39.122359,48.174007],[39.122044,48.174049]]]}},{"type":"Feature","properties":{"cadnum":"4410346900:04:002:0022"},"geometry":{"type":"Polygon","coordinates":[[[39.120858,48.175245],[39.120862,48.175263],[39.120885,48.175263],[39.120885,48.175245],[39.120858,48.175245]]]}},{"type":"Feature","properties":{"cadnum":"4410346900:09:001:0005"},"geometry":{"type":"Polygon","coordinates":[[[39.059319,48.185694],[39.059319,48.185712],[39.059342,48.185712],[39.059342,48.185694],[39.059319,48.185694]]]}},{"type":"Feature","properties":{"cadnum":"4410346900:09:001:0001"},"geometry":{"type":"Polygon","coordinates":[[[39.06125,48.186689],[39.061318,48.186712],[39.061359,48.186667],[39.06129,48.18664],[39.06125,48.186689]]]}},{"type":"Feature","properties":{"cadnum":"4410346900:09:001:0002"},"geometry":{"type":"Polygon","coordinates":[[[39.060663,48.186607],[39.06068,48.186622],[39.060739,48.186587],[39.06072,48.186574],[39.060663,48.186607]]]}},{"type":"Feature","properties":{"cadnum":"4410346900:09:001:0006"},"geometry":{"type":"Polygon","coordinates":[[[39.057527,48.184649],[39.057554,48.184646],[39.057554,48.184631],[39.057527,48.184631],[39.057527,48.184649]]]}},{"type":"Feature","properties":{"cadnum":"4410346900:09:001:0007"},"geometry":{"type":"Polygon","coordinates":[[[39.057257,48.184427],[39.057257,48.184487],[39.057343,48.184487],[39.057343,48.184472],[39.05728,48.184472],[39.05728,48.184427],[39.057257,48.184427]]]}},{"type":"Feature","properties":{"cadnum":"4410346900:09:001:0003"},"geometry":{"type":"Polygon","coordinates":[[[39.060194,48.186272],[39.060194,48.18629],[39.060221,48.18629],[39.060221,48.186272],[39.060194,48.186272]]]}},{"type":"Feature","properties":{"cadnum":"4410346900:09:001:0004"},"geometry":{"type":"Polygon","coordinates":[[[39.0598,48.186012],[39.0598,48.18603],[39.059822,48.18603],[39.059822,48.186012],[39.0598,48.186012]]]}},{"type":"Feature","properties":{"cadnum":"4410346900:07:001:0005"},"geometry":{"type":"Polygon","coordinates":[[[39.134616,48.190123],[39.134616,48.190138],[39.134643,48.190138],[39.134638,48.190123],[39.134616,48.190123]]]}},{"type":"Feature","properties":{"cadnum":"4410346900:07:001:0001"},"geometry":{"type":"Polygon","coordinates":[[[39.135653,48.190575],[39.13572,48.190611],[39.13577,48.190569],[39.135703,48.19053],[39.135653,48.190575]]]}},{"type":"Feature","properties":{"cadnum":"4410346900:07:001:0004"},"geometry":{"type":"Polygon","coordinates":[[[39.134657,48.190437],[39.134657,48.190453],[39.134683,48.190453],[39.134683,48.190437],[39.134657,48.190437]]]}},{"type":"Feature","properties":{"cadnum":"4410346900:07:001:0007"},"geometry":{"type":"Polygon","coordinates":[[[39.133821,48.189901],[39.133821,48.189919],[39.133848,48.189919],[39.133848,48.189901],[39.133821,48.189901]]]}},{"type":"Feature","properties":{"cadnum":"4410346900:07:001:0006"},"geometry":{"type":"Polygon","coordinates":[[[39.134225,48.190015],[39.134225,48.19003],[39.134252,48.19003],[39.134252,48.190015],[39.134225,48.190015]]]}},{"type":"Feature","properties":{"cadnum":"4410346900:07:001:0003"},"geometry":{"type":"Polygon","coordinates":[[[39.13498,48.190545],[39.13498,48.190563],[39.13498,48.190564],[39.135003,48.190564],[39.135003,48.190563],[39.135003,48.190545],[39.13498,48.190545]]]}},{"type":"Feature","properties":{"cadnum":"4410346900:07:001:0008"},"geometry":{"type":"Polygon","coordinates":[[[39.133435,48.189796],[39.133435,48.189812],[39.133456,48.189812],[39.133456,48.189796],[39.133435,48.189796]]]}},{"type":"Feature","properties":{"cadnum":"4410346900:07:001:0002"},"geometry":{"type":"Polygon","coordinates":[[[39.135263,48.190641],[39.135263,48.190659],[39.135339,48.190659],[39.135339,48.190641],[39.135263,48.190641]]]}},{"type":"Feature","properties":{"cadnum":"4410346900:04:001:0026"},"geometry":{"type":"Polygon","coordinates":[[[39.122066,48.177797],[39.12207,48.177821],[39.12208,48.177965],[39.122229,48.177948],[39.122229,48.177949],[39.122799,48.177883],[39.122799,48.177881],[39.122795,48.177859],[39.122772,48.177764],[39.122762,48.177721],[39.122758,48.177719],[39.122583,48.177734],[39.122327,48.177767],[39.122066,48.177797]]]}},{"type":"Feature","properties":{"cadnum":"4410346900:04:001:0032"},"geometry":{"type":"Polygon","coordinates":[[[39.121814,48.179893],[39.121814,48.179899],[39.121824,48.179926],[39.121887,48.180148],[39.122017,48.180121],[39.122228,48.180048],[39.122229,48.180048],[39.12234,48.18001],[39.1224,48.179979],[39.122942,48.179704],[39.122269,48.179817],[39.121814,48.179893]]]}},{"type":"Feature","properties":{"cadnum":"4410346900:04:001:0022"},"geometry":{"type":"Polygon","coordinates":[[[39.123774,48.178189],[39.123814,48.178264],[39.12385,48.178264],[39.123845,48.178381],[39.124487,48.178462],[39.124568,48.178314],[39.12451,48.1783],[39.124527,48.178249],[39.124541,48.178213],[39.124537,48.17815],[39.124195,48.178162],[39.123774,48.178189]]]}},{"type":"Feature","properties":{"cadnum":"4410346900:04:001:0029"},"geometry":{"type":"Polygon","coordinates":[[[39.122332,48.178965],[39.122363,48.179111],[39.122372,48.179151],[39.122888,48.179117],[39.123091,48.179106],[39.123059,48.178973],[39.123045,48.178914],[39.123045,48.178899],[39.122973,48.178905],[39.122875,48.178914],[39.122843,48.178917],[39.122332,48.178965]]]}},{"type":"Feature","properties":{"cadnum":"4410346900:04:001:0030"},"geometry":{"type":"Polygon","coordinates":[[[39.12229,48.178788],[39.122327,48.178947],[39.122332,48.178965],[39.1224,48.178958],[39.122843,48.178917],[39.123001,48.178902],[39.123045,48.178899],[39.123041,48.17888],[39.123001,48.178716],[39.122803,48.178737],[39.12229,48.178788]]]}},{"type":"Feature","properties":{"cadnum":"4410346900:04:001:0074"},"geometry":{"type":"Polygon","coordinates":[[[39.123625,48.177647],[39.12367,48.177767],[39.123944,48.177719],[39.124223,48.177665],[39.124393,48.177644],[39.124613,48.177605],[39.124577,48.177545],[39.124546,48.177554],[39.124533,48.177539],[39.124568,48.17753],[39.124527,48.177468],[39.124437,48.177485],[39.123994,48.177572],[39.123854,48.177593],[39.123625,48.177647]]]}},{"type":"Feature","properties":{"cadnum":"4410346900:01:001:0014"},"geometry":{"type":"Polygon","coordinates":[[[39.124946,48.177776],[39.12512,48.177845],[39.125255,48.177688],[39.125085,48.17762],[39.124946,48.177776]]]}},{"type":"Feature","properties":{"cadnum":"4410346900:02:001:0031"},"geometry":{"type":"Polygon","coordinates":[[[39.127403,48.177279],[39.127452,48.177293],[39.127526,48.177178],[39.127686,48.176928],[39.127496,48.176901],[39.127456,48.177063],[39.127455,48.177063],[39.127437,48.177138],[39.127427,48.177178],[39.127403,48.177279]]]}},{"type":"Feature","properties":{"cadnum":"4410346900:04:001:0066"},"geometry":{"type":"Polygon","coordinates":[[[39.122214,48.177428],[39.122229,48.17749],[39.122296,48.17777],[39.122327,48.177767],[39.1224,48.177758],[39.122583,48.177734],[39.122758,48.177719],[39.122636,48.177381],[39.1224,48.177408],[39.122214,48.177428]]]}},{"type":"Feature","properties":{"cadnum":"4410346900:04:001:0023"},"geometry":{"type":"Polygon","coordinates":[[[39.123845,48.178381],[39.123858,48.178587],[39.124384,48.178662],[39.124487,48.178462],[39.123845,48.178381]]]}},{"type":"Feature","properties":{"cadnum":"4410346900:04:001:0025"},"geometry":{"type":"Polygon","coordinates":[[[39.122206,48.178398],[39.122229,48.178528],[39.122229,48.178529],[39.122233,48.178551],[39.122263,48.178626],[39.1224,48.178612],[39.122682,48.178582],[39.122709,48.178576],[39.122709,48.178575],[39.122973,48.178545],[39.122919,48.178356],[39.122911,48.17833],[39.122911,48.178318],[39.122377,48.17838],[39.122206,48.178398]]]}},{"type":"Feature","properties":{"cadnum":"4410346900:05:002:0225"},"geometry":{"type":"Polygon","coordinates":[[[39.108067,48.166444],[39.108241,48.166627],[39.108493,48.16686],[39.108506,48.166873],[39.10873,48.166791],[39.108501,48.166578],[39.108304,48.166387],[39.108264,48.166393],[39.108227,48.166402],[39.108067,48.166444]]]}},{"type":"Feature","properties":{"cadnum":"4410346900:05:002:0219"},"geometry":{"type":"Polygon","coordinates":[[[39.106543,48.166833],[39.106692,48.167109],[39.106818,48.167352],[39.107078,48.167295],[39.10697,48.1671],[39.106795,48.166767],[39.106696,48.166789],[39.106543,48.166833]]]}},{"type":"Feature","properties":{"cadnum":"4410346900:05:002:0027"},"geometry":{"type":"Polygon","coordinates":[[[39.106908,48.169362],[39.106921,48.169383],[39.107002,48.169527],[39.107585,48.169418],[39.107518,48.169269],[39.107455,48.169149],[39.106975,48.169272],[39.106935,48.169287],[39.106969,48.16934],[39.106969,48.169341],[39.106908,48.169362]]]}},{"type":"Feature","properties":{"cadnum":"4410346900:05:002:0098"},"geometry":{"type":"Polygon","coordinates":[[[39.109944,48.16882],[39.109958,48.168838],[39.110294,48.168754],[39.110281,48.168736],[39.110074,48.168787],[39.109944,48.16882]]]}},{"type":"Feature","properties":{"cadnum":"4410346900:05:002:0087"},"geometry":{"type":"Polygon","coordinates":[[[39.10922,48.166174],[39.109225,48.166188],[39.109226,48.166188],[39.109243,48.166225],[39.109539,48.166597],[39.109841,48.166531],[39.109503,48.166112],[39.10942,48.16613],[39.109306,48.166156],[39.10922,48.166174]]]}},{"type":"Feature","properties":{"cadnum":"4410346900:05:002:0097"},"geometry":{"type":"Polygon","coordinates":[[[39.109958,48.168838],[39.110114,48.169071],[39.110199,48.169227],[39.110254,48.169308],[39.110401,48.169266],[39.110586,48.169218],[39.110464,48.169014],[39.110294,48.168754],[39.109958,48.168838]]]}},{"type":"Feature","properties":{"cadnum":"4410346900:05:002:0093"},"geometry":{"type":"Polygon","coordinates":[[[39.107774,48.169391],[39.107818,48.169473],[39.107824,48.169485],[39.107873,48.169575],[39.107931,48.169562],[39.108034,48.169544],[39.108143,48.16952],[39.108354,48.169478],[39.108304,48.169395],[39.10825,48.169293],[39.107774,48.169391]]]}},{"type":"Feature","properties":{"cadnum":"4410346900:05:002:0184"},"geometry":{"type":"Polygon","coordinates":[[[39.109247,48.16672],[39.109413,48.166986],[39.109503,48.166962],[39.109723,48.166911],[39.109688,48.166849],[39.109656,48.166798],[39.109585,48.166678],[39.109566,48.166645],[39.10953,48.166651],[39.109337,48.166698],[39.109256,48.166716],[39.109247,48.16672]]]}},{"type":"Feature","properties":{"cadnum":"4410346900:05:002:0192"},"geometry":{"type":"Polygon","coordinates":[[[39.108178,48.168622],[39.108178,48.16864],[39.108187,48.168649],[39.10826,48.168787],[39.108295,48.168843],[39.108313,48.168876],[39.108501,48.168825],[39.108533,48.168816],[39.10852,48.168792],[39.10848,48.168723],[39.108403,48.168625],[39.108376,48.168574],[39.108317,48.168589],[39.1083,48.168592],[39.10825,48.168603],[39.108197,48.168619],[39.108178,48.168622]]]}},{"type":"Feature","properties":{"cadnum":"4410346900:05:002:0221"},"geometry":{"type":"Polygon","coordinates":[[[39.106795,48.166767],[39.10697,48.1671],[39.107073,48.167286],[39.107392,48.167211],[39.107298,48.167028],[39.107199,48.166887],[39.107181,48.166851],[39.107128,48.166767],[39.107078,48.166698],[39.106795,48.166767]]]}},{"type":"Feature","properties":{"cadnum":"4410346900:05:001:0031"},"geometry":{"type":"Polygon","coordinates":[[[39.11082,48.169781],[39.11082,48.169796],[39.110841,48.169796],[39.110841,48.169781],[39.11082,48.169781]]]}},{"type":"Feature","properties":{"cadnum":"4410346900:05:002:0109"},"geometry":{"type":"Polygon","coordinates":[[[39.10891,48.16624],[39.109233,48.166657],[39.109539,48.166597],[39.109342,48.166351],[39.109243,48.166225],[39.10922,48.166174],[39.10891,48.16624]]]}},{"type":"Feature","properties":{"cadnum":"4410346900:06:001:0004"},"geometry":{"type":"Polygon","coordinates":[[[39.100027,48.159574],[39.10013,48.159745],[39.100214,48.159865],[39.100256,48.159944],[39.100256,48.159945],[39.10034,48.160105],[39.100428,48.160083],[39.100646,48.160027],[39.10052,48.159814],[39.100408,48.15961],[39.100363,48.159517],[39.100287,48.15953],[39.100255,48.159538],[39.100201,48.159547],[39.100027,48.159574]]]}},{"type":"Feature","properties":{"cadnum":"4410346900:06:001:0009"},"geometry":{"type":"Polygon","coordinates":[[[39.100358,48.159517],[39.100408,48.15961],[39.10052,48.159814],[39.100646,48.160027],[39.100664,48.160051],[39.100952,48.159979],[39.100799,48.1597],[39.100759,48.15961],[39.100673,48.159452],[39.100358,48.159517]]]}},{"type":"Feature","properties":{"cadnum":"4410346900:06:001:0007"},"geometry":{"type":"Polygon","coordinates":[[[39.101289,48.159281],[39.101482,48.159556],[39.101679,48.159799],[39.101962,48.159697],[39.101855,48.159563],[39.101755,48.159448],[39.101562,48.159199],[39.101486,48.159221],[39.101455,48.15923],[39.101289,48.159281]]]}},{"type":"Feature","properties":{"cadnum":"4410346900:05:001:0086"},"geometry":{"type":"Polygon","coordinates":[[[39.11148,48.169451],[39.11161,48.169667],[39.111659,48.169737],[39.111658,48.169737],[39.111669,48.169751],[39.111694,48.169794],[39.111713,48.169826],[39.111724,48.169851],[39.111725,48.169851],[39.111812,48.170042],[39.112109,48.169952],[39.112019,48.169814],[39.111897,48.169622],[39.111709,48.16938],[39.11148,48.169451]]]}},{"type":"Feature","properties":{"cadnum":"4410346900:05:001:0020"},"geometry":{"type":"Polygon","coordinates":[[[39.116739,48.170799],[39.116739,48.170817],[39.116762,48.170817],[39.116762,48.170799],[39.116739,48.170799]]]}},{"type":"Feature","properties":{"cadnum":"4410346900:05:001:0024"},"geometry":{"type":"Polygon","coordinates":[[[39.114202,48.170099],[39.114202,48.170113],[39.114229,48.170113],[39.114229,48.170099],[39.114202,48.170099]]]}},{"type":"Feature","properties":{"cadnum":"4410346900:05:001:0039"},"geometry":{"type":"Polygon","coordinates":[[[39.113864,48.171108],[39.113864,48.171126],[39.113891,48.171126],[39.113891,48.171108],[39.113864,48.171108]]]}},{"type":"Feature","properties":{"cadnum":"4410346900:05:001:0122"},"geometry":{"type":"Polygon","coordinates":[[[39.11621,48.170195],[39.116294,48.170215],[39.116304,48.170242],[39.11629,48.170275],[39.116308,48.170279],[39.116326,48.170248],[39.116317,48.17021],[39.116313,48.170197],[39.116218,48.170177],[39.11621,48.170195]]]}},{"type":"Feature","properties":{"cadnum":"4410346900:05:001:0038"},"geometry":{"type":"Polygon","coordinates":[[[39.113367,48.170827],[39.113393,48.170823],[39.113393,48.170808],[39.113367,48.170808],[39.113367,48.170827]]]}},{"type":"Feature","properties":{"cadnum":"4410346900:05:001:0025"},"geometry":{"type":"Polygon","coordinates":[[[39.11355,48.170126],[39.11355,48.170141],[39.113573,48.170141],[39.113573,48.170126],[39.11355,48.170126]]]}},{"type":"Feature","properties":{"cadnum":"4410346900:05:001:0027"},"geometry":{"type":"Polygon","coordinates":[[[39.112369,48.170206],[39.112369,48.170224],[39.112392,48.170224],[39.112392,48.170206],[39.112369,48.170206]]]}},{"type":"Feature","properties":{"cadnum":"4410346900:05:001:0079"},"geometry":{"type":"Polygon","coordinates":[[[39.111722,48.169332],[39.111999,48.169737],[39.112122,48.169916],[39.112235,48.170053],[39.112306,48.170179],[39.112333,48.170224],[39.11334,48.170021],[39.114533,48.169988],[39.114669,48.169985],[39.114666,48.16979],[39.114665,48.16968],[39.11452,48.169607],[39.11352,48.169653],[39.113519,48.169653],[39.11338,48.169409],[39.113105,48.168942],[39.112768,48.169036],[39.111722,48.169332]],[[39.113074,48.169371],[39.113181,48.169338],[39.113182,48.169338],[39.113254,48.169442],[39.113254,48.169443],[39.113147,48.169476],[39.113074,48.169371]],[[39.112235,48.170009],[39.112261,48.170003],[39.112262,48.170003],[39.11227,48.170021],[39.112269,48.170021],[39.112248,48.170027],[39.112248,48.170026],[39.112235,48.170009]],[[39.111912,48.169554],[39.111912,48.169553],[39.111973,48.169536],[39.111983,48.169553],[39.111982,48.169553],[39.111925,48.169569],[39.111912,48.169554]]]}},{"type":"Feature","properties":{"cadnum":"4410346900:05:001:0037"},"geometry":{"type":"Polygon","coordinates":[[[39.112868,48.170506],[39.112868,48.170524],[39.112891,48.170524],[39.112891,48.170506],[39.112868,48.170506]]]}},{"type":"Feature","properties":{"cadnum":"4410346900:05:001:0018"},"geometry":{"type":"Polygon","coordinates":[[[39.114466,48.171695],[39.114512,48.17174],[39.114583,48.171707],[39.114543,48.171662],[39.114466,48.171695]]]}},{"type":"Feature","properties":{"cadnum":"4410346900:05:001:0021"},"geometry":{"type":"Polygon","coordinates":[[[39.116204,48.170368],[39.116227,48.170366],[39.116227,48.17035],[39.116204,48.17035],[39.116204,48.170368]]]}},{"type":"Feature","properties":{"cadnum":"4410346900:05:001:0080"},"geometry":{"type":"Polygon","coordinates":[[[39.113734,48.170297],[39.114229,48.171094],[39.114983,48.170883],[39.11448,48.170102],[39.113734,48.170297]]]}},{"type":"Feature","properties":{"cadnum":"4410346900:05:001:0040"},"geometry":{"type":"Polygon","coordinates":[[[39.114309,48.171374],[39.114309,48.171393],[39.114336,48.171393],[39.114336,48.171374],[39.114309,48.171374]]]}},{"type":"Feature","properties":{"cadnum":"4410346900:05:001:0023"},"geometry":{"type":"Polygon","coordinates":[[[39.114893,48.170146],[39.114893,48.170164],[39.114916,48.170164],[39.114916,48.170146],[39.114893,48.170146]]]}},{"type":"Feature","properties":{"cadnum":"4410346900:05:001:0047"},"geometry":{"type":"Polygon","coordinates":[[[39.112292,48.17089],[39.112629,48.171476],[39.113258,48.171314],[39.112921,48.170728],[39.112292,48.17089]]]}},{"type":"Feature","properties":{"cadnum":"4410346900:05:001:0087"},"geometry":{"type":"Polygon","coordinates":[[[39.116739,48.170381],[39.116907,48.17044],[39.116907,48.170439],[39.117359,48.170596],[39.117489,48.170428],[39.11687,48.170213],[39.116739,48.170381]]]}},{"type":"Feature","properties":{"cadnum":"4410346900:05:001:0022"},"geometry":{"type":"Polygon","coordinates":[[[39.115571,48.170228],[39.115571,48.170246],[39.115598,48.170246],[39.115598,48.170228],[39.115571,48.170228]]]}},{"type":"Feature","properties":{"cadnum":"4410346900:05:001:0026"},"geometry":{"type":"Polygon","coordinates":[[[39.112971,48.170164],[39.112971,48.170182],[39.112998,48.170182],[39.112998,48.170164],[39.112971,48.170164]]]}},{"type":"Feature","properties":{"cadnum":"4410346900:04:002:0075"},"geometry":{"type":"Polygon","coordinates":[[[39.11457,48.173556],[39.114785,48.173723],[39.114992,48.173888],[39.115298,48.173741],[39.115109,48.173567],[39.114985,48.173454],[39.114889,48.173363],[39.114828,48.1734],[39.114827,48.1734],[39.114755,48.173445],[39.114732,48.173457],[39.114722,48.173463],[39.114637,48.173515],[39.11457,48.173556]]]}},{"type":"Feature","properties":{"cadnum":"4410346900:04:002:0080"},"geometry":{"type":"Polygon","coordinates":[[[39.116434,48.172483],[39.116735,48.172722],[39.116824,48.172792],[39.116907,48.172863],[39.116907,48.172862],[39.117022,48.172959],[39.11726,48.172839],[39.11708,48.172699],[39.11682,48.172489],[39.11673,48.172415],[39.116694,48.172387],[39.116659,48.172355],[39.116631,48.172369],[39.116483,48.172456],[39.116434,48.172483]]]}},{"type":"Feature","properties":{"cadnum":"4410346900:05:001:0097"},"geometry":{"type":"Polygon","coordinates":[[[39.114237,48.17295],[39.114543,48.173376],[39.114826,48.17319],[39.114858,48.173175],[39.114902,48.173145],[39.114692,48.172935],[39.114637,48.172879],[39.114543,48.172899],[39.114485,48.172923],[39.114237,48.17295]]]}},{"type":"Feature","properties":{"cadnum":"4410346900:04:002:0151"},"geometry":{"type":"Polygon","coordinates":[[[39.115441,48.173059],[39.115648,48.173214],[39.115701,48.173256],[39.115888,48.1734],[39.115942,48.173442],[39.116037,48.173515],[39.116141,48.173594],[39.116231,48.173534],[39.116057,48.1734],[39.116056,48.1734],[39.115541,48.173001],[39.115486,48.173032],[39.115455,48.17305],[39.115441,48.173059]]]}},{"type":"Feature","properties":{"cadnum":"4410346900:05:001:0133"},"geometry":{"type":"Polygon","coordinates":[[[39.111799,48.172944],[39.111835,48.173001],[39.111925,48.173154],[39.111987,48.173142],[39.112072,48.173112],[39.112199,48.173076],[39.112329,48.173043],[39.112351,48.173067],[39.112401,48.173052],[39.112422,48.17305],[39.112396,48.172981],[39.112392,48.172981],[39.112319,48.17283],[39.112298,48.172801],[39.112145,48.172839],[39.111799,48.172944]]]}},{"type":"Feature","properties":{"cadnum":"4410346900:05:001:0145"},"geometry":{"type":"Polygon","coordinates":[[[39.112409,48.172543],[39.112468,48.172693],[39.112495,48.172771],[39.112499,48.172783],[39.112512,48.172804],[39.112602,48.172777],[39.113038,48.172648],[39.112921,48.17242],[39.112912,48.172399],[39.112841,48.172417],[39.112701,48.172453],[39.112612,48.172483],[39.112409,48.172543]]]}},{"type":"Feature","properties":{"cadnum":"4410346900:05:001:0143"},"geometry":{"type":"Polygon","coordinates":[[[39.119363,48.168436],[39.119407,48.168472],[39.119542,48.168565],[39.11969,48.168667],[39.119736,48.1687],[39.119973,48.168556],[39.119929,48.16852],[39.120112,48.168412],[39.120076,48.168388],[39.120072,48.168391],[39.120013,48.168355],[39.119942,48.168316],[39.119906,48.168295],[39.11991,48.16829],[39.119902,48.168283],[39.11987,48.168256],[39.119862,48.16825],[39.119825,48.16823],[39.119816,48.168223],[39.119703,48.168283],[39.119686,48.168265],[39.119479,48.16837],[39.11943,48.1684],[39.119363,48.168436]]]}},{"type":"Feature","properties":{"cadnum":"4410346900:05:002:0224"},"geometry":{"type":"Polygon","coordinates":[[[39.117273,48.166809],[39.117499,48.167046],[39.117548,48.167109],[39.117562,48.167124],[39.117579,48.167145],[39.117584,48.167148],[39.117804,48.167061],[39.117709,48.166951],[39.117525,48.166702],[39.117409,48.166753],[39.117273,48.166809]]]}},{"type":"Feature","properties":{"cadnum":"4410346900:05:002:0026"},"geometry":{"type":"Polygon","coordinates":[[[39.118451,48.166378],[39.118837,48.167247],[39.119178,48.167349],[39.119489,48.167181],[39.119659,48.166762],[39.119088,48.166088],[39.119088,48.166087],[39.118778,48.165842],[39.118504,48.166034],[39.118498,48.166073],[39.118451,48.166378]]]}},{"type":"Feature","properties":{"cadnum":"4410346900:05:002:0108"},"geometry":{"type":"Polygon","coordinates":[[[39.122269,48.168061],[39.122296,48.168139],[39.12239,48.168125],[39.122359,48.168047],[39.122269,48.168061]]]}},{"type":"Feature","properties":{"cadnum":"4410346900:05:002:0202"},"geometry":{"type":"Polygon","coordinates":[[[39.120462,48.16628],[39.120476,48.166298],[39.120485,48.166321],[39.120535,48.166366],[39.120917,48.166291],[39.121725,48.166173],[39.121734,48.166171],[39.12173,48.166049],[39.121582,48.166073],[39.121581,48.166073],[39.120961,48.166174],[39.12096,48.166174],[39.120897,48.166188],[39.120818,48.166205],[39.120462,48.16628]]]}},{"type":"Feature","properties":{"cadnum":"4410346900:05:002:0189"},"geometry":{"type":"Polygon","coordinates":[[[39.116407,48.165764],[39.116667,48.166016],[39.116731,48.166073],[39.116735,48.166077],[39.116796,48.16613],[39.116829,48.16616],[39.11686,48.166188],[39.116861,48.166188],[39.11687,48.166196],[39.116905,48.166181],[39.116906,48.16618],[39.116907,48.16618],[39.117013,48.166132],[39.117013,48.16613],[39.117013,48.166129],[39.117045,48.166114],[39.117126,48.166078],[39.117149,48.166067],[39.117116,48.166034],[39.116937,48.165854],[39.116833,48.16577],[39.11669,48.165656],[39.116407,48.165764]]]}},{"type":"Feature","properties":{"cadnum":"4410346900:05:001:0141"},"geometry":{"type":"Polygon","coordinates":[[[39.116587,48.168436],[39.116617,48.168469],[39.116636,48.16849],[39.116654,48.168505],[39.116694,48.168544],[39.116713,48.168565],[39.116735,48.168588],[39.116766,48.168619],[39.116789,48.16864],[39.116824,48.168622],[39.116847,48.168613],[39.11687,48.168586],[39.116907,48.168569],[39.116937,48.168556],[39.116963,48.168586],[39.116996,48.168571],[39.117018,48.168595],[39.11708,48.168565],[39.117107,48.168598],[39.116866,48.168703],[39.116887,48.168709],[39.116907,48.168706],[39.116923,48.168703],[39.116959,48.168694],[39.117233,48.168577],[39.117197,48.168532],[39.117256,48.168505],[39.117332,48.168475],[39.117287,48.168427],[39.117216,48.168457],[39.117013,48.168286],[39.117067,48.168277],[39.117063,48.168259],[39.117049,48.168217],[39.116996,48.168223],[39.116762,48.168259],[39.116587,48.168436]]]}},{"type":"Feature","properties":{"cadnum":"4410346900:05:002:0099"},"geometry":{"type":"Polygon","coordinates":[[[39.117525,48.166702],[39.117709,48.166951],[39.117804,48.167061],[39.117956,48.167004],[39.117988,48.166993],[39.118038,48.166975],[39.118101,48.166951],[39.118172,48.166924],[39.117839,48.166582],[39.117692,48.166638],[39.117525,48.166702]]]}},{"type":"Feature","properties":{"cadnum":"4410346900:05:002:0208"},"geometry":{"type":"Polygon","coordinates":[[[39.116977,48.166294],[39.117202,48.166513],[39.117409,48.166753],[39.117525,48.166702],[39.117659,48.166651],[39.11722,48.166187],[39.11717,48.166207],[39.116977,48.166294]]]}},{"type":"Feature","properties":{"cadnum":"4410346900:05:001:0142"},"geometry":{"type":"Polygon","coordinates":[[[39.116789,48.16864],[39.116843,48.168697],[39.116866,48.168703],[39.116907,48.168685],[39.117107,48.168598],[39.11708,48.168565],[39.117018,48.168595],[39.117018,48.168594],[39.116996,48.168571],[39.116964,48.168586],[39.116963,48.168586],[39.116937,48.168556],[39.11687,48.168586],[39.116847,48.168613],[39.116824,48.168622],[39.116789,48.16864]]]}},{"type":"Feature","properties":{"cadnum":"4410346900:05:001:0146"},"geometry":{"type":"Polygon","coordinates":[[[39.118814,48.169095],[39.11917,48.169367],[39.119434,48.169251],[39.119564,48.169179],[39.119502,48.169134],[39.11939,48.169038],[39.119363,48.169053],[39.119246,48.16896],[39.119187,48.168903],[39.119017,48.168969],[39.119017,48.168967],[39.118971,48.168985],[39.118917,48.169002],[39.11885,48.169038],[39.118877,48.16906],[39.118814,48.169095]]]}},{"type":"Feature","properties":{"cadnum":"4410346900:05:002:0039"},"geometry":{"type":"Polygon","coordinates":[[[39.120126,48.167948],[39.120319,48.168217],[39.120503,48.168161],[39.120634,48.168226],[39.120875,48.168263],[39.120961,48.168307],[39.120908,48.168152],[39.120849,48.16819],[39.120782,48.168185],[39.120481,48.167813],[39.120508,48.167771],[39.120558,48.167753],[39.120629,48.16775],[39.120552,48.167657],[39.120503,48.167699],[39.120409,48.167739],[39.120261,48.167837],[39.120198,48.167921],[39.120126,48.167948]]]}},{"type":"Feature","properties":{"cadnum":"4410346900:05:002:0203"},"geometry":{"type":"Polygon","coordinates":[[[39.116717,48.166402],[39.116735,48.166421],[39.116874,48.166558],[39.116907,48.166595],[39.117149,48.166858],[39.117273,48.166809],[39.117409,48.166753],[39.117202,48.166513],[39.116977,48.166294],[39.11682,48.16636],[39.116739,48.166393],[39.116717,48.166402]]]}},{"type":"Feature","properties":{"cadnum":"4410346900:05:002:0205"},"geometry":{"type":"Polygon","coordinates":[[[39.120606,48.166468],[39.120642,48.16651],[39.120656,48.166534],[39.120678,48.166558],[39.120867,48.166522],[39.120961,48.166501],[39.121034,48.166492],[39.121447,48.166429],[39.121753,48.166375],[39.121946,48.166339],[39.12194,48.166234],[39.121743,48.166265],[39.121024,48.166381],[39.120921,48.166402],[39.120606,48.166468]]]}},{"type":"Feature","properties":{"cadnum":"4410346900:05:002:0209"},"geometry":{"type":"Polygon","coordinates":[[[39.11722,48.166188],[39.117659,48.166651],[39.117692,48.166638],[39.117839,48.166582],[39.117912,48.166552],[39.117714,48.166354],[39.117602,48.166234],[39.117521,48.166154],[39.117501,48.16613],[39.117458,48.166081],[39.117382,48.166112],[39.117355,48.166127],[39.117347,48.16613],[39.11722,48.166187],[39.11722,48.166188]]]}},{"type":"Feature","properties":{"cadnum":"4410346900:04:002:0010"},"geometry":{"type":"Polygon","coordinates":[[[39.122296,48.170416],[39.122363,48.170479],[39.1224,48.17046],[39.1224,48.170459],[39.122529,48.170392],[39.122412,48.17029],[39.122304,48.170348],[39.122349,48.170386],[39.122296,48.170416]]]}},{"type":"Feature","properties":{"cadnum":"4410346900:04:002:0079"},"geometry":{"type":"Polygon","coordinates":[[[39.123256,48.171183],[39.123544,48.171387],[39.123768,48.171273],[39.12385,48.171234],[39.123674,48.171006],[39.123621,48.17103],[39.123256,48.171183]]]}},{"type":"Feature","properties":{"cadnum":"4410346900:04:002:0017"},"geometry":{"type":"Polygon","coordinates":[[[39.122457,48.17053],[39.122636,48.170679],[39.122808,48.17059],[39.12278,48.170299],[39.122669,48.170206],[39.122489,48.170306],[39.122556,48.170437],[39.122587,48.170461],[39.122457,48.17053]]]}},{"type":"Feature","properties":{"cadnum":"4410346900:04:002:0019"},"geometry":{"type":"Polygon","coordinates":[[[39.12217,48.171043],[39.1224,48.171204],[39.1224,48.171203],[39.122497,48.17127],[39.122722,48.171126],[39.122394,48.170899],[39.122363,48.170923],[39.12229,48.170967],[39.122229,48.171006],[39.122206,48.171021],[39.12217,48.171043]]]}},{"type":"Feature","properties":{"cadnum":"4410346900:04:002:0039"},"geometry":{"type":"Polygon","coordinates":[[[39.12181,48.170683],[39.121837,48.170695],[39.121856,48.17071],[39.121833,48.170752],[39.121864,48.170788],[39.121842,48.170794],[39.121856,48.170806],[39.121896,48.171012],[39.122017,48.171138],[39.122229,48.171217],[39.122229,48.171218],[39.122394,48.171279],[39.1224,48.171279],[39.1224,48.171278],[39.122497,48.17127],[39.122229,48.171084],[39.12217,48.171043],[39.12217,48.171042],[39.122206,48.171021],[39.122071,48.170928],[39.122125,48.170899],[39.12216,48.170874],[39.122147,48.170866],[39.122147,48.170865],[39.122214,48.170817],[39.122228,48.170808],[39.122229,48.170808],[39.122237,48.170803],[39.122007,48.170641],[39.12199,48.170656],[39.121977,48.170662],[39.121976,48.170662],[39.121963,48.17065],[39.121927,48.170626],[39.121909,48.170617],[39.121873,48.170628],[39.12186,48.17065],[39.121824,48.170659],[39.12181,48.170683]]]}},{"type":"Feature","properties":{"cadnum":"4410346900:03:001:0053"},"geometry":{"type":"Polygon","coordinates":[[[39.126432,48.170386],[39.12676,48.170817],[39.127047,48.17073],[39.127087,48.170716],[39.126886,48.170437],[39.1269,48.170431],[39.126877,48.170399],[39.12689,48.170392],[39.126868,48.170357],[39.126913,48.170344],[39.126927,48.170366],[39.126971,48.17035],[39.126957,48.17033],[39.126953,48.170324],[39.126953,48.170323],[39.126963,48.170321],[39.126953,48.170299],[39.12694,48.170302],[39.126935,48.170299],[39.126818,48.170297],[39.126741,48.170317],[39.12676,48.170348],[39.126733,48.170353],[39.126688,48.170368],[39.12667,48.170344],[39.126657,48.170321],[39.126585,48.170339],[39.126584,48.170339],[39.126576,48.17033],[39.126491,48.17035],[39.126432,48.170386]],[[39.126831,48.170707],[39.126814,48.170695],[39.126859,48.170662],[39.12686,48.170662],[39.126881,48.170674],[39.126831,48.170707]],[[39.126625,48.170467],[39.126598,48.17045],[39.126648,48.170417],[39.126674,48.170437],[39.126625,48.170467]]]}},{"type":"Feature","properties":{"cadnum":"4410346900:01:001:0015"},"geometry":{"type":"Polygon","coordinates":[[[39.126674,48.171531],[39.12676,48.171669],[39.126894,48.171632],[39.12681,48.171494],[39.126674,48.171531]]]}},{"type":"Feature","properties":{"cadnum":"4410346900:03:001:0034"},"geometry":{"type":"Polygon","coordinates":[[[39.126082,48.16962],[39.12611,48.169737],[39.126132,48.169826],[39.126138,48.169851],[39.126198,48.170095],[39.126428,48.170027],[39.126548,48.169988],[39.126466,48.169763],[39.126387,48.169547],[39.126185,48.169595],[39.126082,48.16962]]]}},{"type":"Feature","properties":{"cadnum":"4410346900:03:001:0033"},"geometry":{"type":"Polygon","coordinates":[[[39.126387,48.169547],[39.126456,48.169737],[39.126466,48.169763],[39.126497,48.169851],[39.126498,48.169851],[39.126548,48.169988],[39.126949,48.169865],[39.126921,48.169806],[39.126755,48.169458],[39.126741,48.16946],[39.126387,48.169547]]]}},{"type":"Feature","properties":{"cadnum":"4410346900:01:001:0008"},"geometry":{"type":"Polygon","coordinates":[[[39.125196,48.16958],[39.125262,48.169737],[39.125274,48.169765],[39.12531,48.169851],[39.125311,48.169851],[39.125534,48.170377],[39.125831,48.170321],[39.12563,48.169851],[39.125631,48.169851],[39.125493,48.169527],[39.125399,48.169544],[39.125196,48.16958]]]}},{"type":"Feature","properties":{"cadnum":"4410346900:04:002:0086"},"geometry":{"type":"Polygon","coordinates":[[[39.123216,48.172846],[39.123382,48.17333],[39.123733,48.173253],[39.123558,48.172788],[39.123216,48.172846]]]}},{"type":"Feature","properties":{"cadnum":"4410346900:04:002:0141"},"geometry":{"type":"Polygon","coordinates":[[[39.123831,48.172746],[39.123912,48.172959],[39.123984,48.173101],[39.124016,48.17319],[39.124313,48.173124],[39.124344,48.173115],[39.124397,48.173103],[39.124164,48.172681],[39.123831,48.172746]]]}},{"type":"Feature","properties":{"cadnum":"4410346900:04:002:0078"},"geometry":{"type":"Polygon","coordinates":[[[39.124164,48.172681],[39.124397,48.173103],[39.124559,48.173061],[39.124527,48.172912],[39.124374,48.172635],[39.124164,48.172681]]]}},{"type":"Feature","properties":{"cadnum":"4410346900:02:001:0008"},"geometry":{"type":"Polygon","coordinates":[[[39.126886,48.172313],[39.127087,48.173121],[39.127542,48.172977],[39.127722,48.172913],[39.127778,48.172892],[39.127893,48.172851],[39.127894,48.172851],[39.128148,48.172759],[39.128571,48.17321],[39.128571,48.173211],[39.128399,48.173301],[39.128332,48.173334],[39.128267,48.1734],[39.128266,48.1734],[39.128206,48.173463],[39.128221,48.173515],[39.128252,48.173621],[39.128251,48.173621],[39.128013,48.173825],[39.127892,48.1739],[39.127393,48.173822],[39.127273,48.17378],[39.12734,48.17384],[39.12742,48.174176],[39.127722,48.174123],[39.127722,48.174124],[39.127829,48.174105],[39.127893,48.174093],[39.127894,48.174093],[39.127901,48.174091],[39.127902,48.174091],[39.128058,48.174178],[39.128179,48.174151],[39.128233,48.174014],[39.128206,48.173765],[39.128399,48.173765],[39.128619,48.173894],[39.128646,48.174016],[39.128884,48.174091],[39.128885,48.174091],[39.128885,48.174092],[39.128988,48.174313],[39.129567,48.174469],[39.12972,48.174403],[39.130075,48.174322],[39.130443,48.174251],[39.130497,48.174067],[39.13051,48.173965],[39.130523,48.173696],[39.130313,48.173472],[39.130312,48.173471],[39.129819,48.173211],[39.12964,48.173034],[39.129523,48.172762],[39.129177,48.172381],[39.128502,48.172594],[39.128179,48.172558],[39.127848,48.172432],[39.12755,48.172318],[39.127227,48.172244],[39.127024,48.172253],[39.126886,48.172313]]]}},{"type":"Feature","properties":{"cadnum":"4410346900:04:002:0018"},"geometry":{"type":"Polygon","coordinates":[[[39.123711,48.173561],[39.123728,48.173609],[39.123737,48.173634],[39.123774,48.173732],[39.124267,48.173651],[39.124739,48.173576],[39.12473,48.173509],[39.124716,48.17339],[39.12466,48.1734],[39.124659,48.1734],[39.124195,48.173481],[39.124192,48.173481],[39.123989,48.173515],[39.123711,48.173561]]]}},{"type":"Feature","properties":{"cadnum":"4410346900:04:002:0171"},"geometry":{"type":"Polygon","coordinates":[[[39.123652,48.173372],[39.123659,48.1734],[39.123658,48.1734],[39.123678,48.173478],[39.123755,48.173459],[39.123764,48.173457],[39.123831,48.173445],[39.123948,48.173427],[39.124038,48.173414],[39.124043,48.173414],[39.124209,48.173388],[39.124478,48.173346],[39.124753,48.173304],[39.124686,48.173154],[39.124443,48.173205],[39.124061,48.173283],[39.123881,48.173321],[39.123705,48.173361],[39.123652,48.173372]],[[39.124568,48.173214],[39.124596,48.173211],[39.1246,48.173226],[39.124573,48.173229],[39.124568,48.173214]]]}},{"type":"Feature","properties":{"cadnum":"4410346900:04:002:0155"},"geometry":{"type":"Polygon","coordinates":[[[39.123558,48.172788],[39.123733,48.173253],[39.123804,48.173238],[39.123845,48.173229],[39.124016,48.17319],[39.123984,48.173101],[39.123912,48.172959],[39.123831,48.172746],[39.123827,48.172728],[39.123558,48.172788]]]}},{"type":"Feature","properties":{"cadnum":"4410346900:05:002:0102"},"geometry":{"type":"Polygon","coordinates":[[[39.11347,48.164413],[39.113613,48.164571],[39.113698,48.164641],[39.113713,48.164655],[39.114157,48.164464],[39.114063,48.16435],[39.114022,48.164302],[39.1139,48.164344],[39.113747,48.16441],[39.113676,48.164437],[39.113623,48.164365],[39.11347,48.164413]]]}},{"type":"Feature","properties":{"cadnum":"4410346900:05:002:0226"},"geometry":{"type":"Polygon","coordinates":[[[39.114017,48.164961],[39.114076,48.165033],[39.114147,48.165105],[39.114157,48.165117],[39.114602,48.164928],[39.114493,48.164817],[39.114462,48.164775],[39.114368,48.164815],[39.114017,48.164961]]]}},{"type":"Feature","properties":{"cadnum":"4410346900:05:002:0003"},"geometry":{"type":"Polygon","coordinates":[[[39.112302,48.164299],[39.112422,48.164296],[39.112418,48.164239],[39.112302,48.164239],[39.112302,48.164299]]]}},{"type":"Feature","properties":{"cadnum":"4410346900:05:002:0094"},"geometry":{"type":"Polygon","coordinates":[[[39.11338,48.164051],[39.113623,48.164365],[39.113676,48.164437],[39.113747,48.16441],[39.11368,48.164314],[39.113483,48.164042],[39.11338,48.164051]]]}},{"type":"Feature","properties":{"cadnum":"4410346900:05:002:0223"},"geometry":{"type":"Polygon","coordinates":[[[39.116043,48.164095],[39.116277,48.164323],[39.116537,48.164218],[39.116623,48.164176],[39.11665,48.164167],[39.11673,48.164131],[39.116735,48.164129],[39.116824,48.164093],[39.116744,48.164009],[39.116699,48.163958],[39.116591,48.163876],[39.116043,48.164095]]]}},{"type":"Feature","properties":{"cadnum":"4410346900:05:002:0011"},"geometry":{"type":"Polygon","coordinates":[[[39.113281,48.16541],[39.113281,48.165428],[39.113304,48.165428],[39.113304,48.16541],[39.113281,48.16541]]]}},{"type":"Feature","properties":{"cadnum":"4410346900:05:002:0040"},"geometry":{"type":"Polygon","coordinates":[[[39.112971,48.16485],[39.113155,48.165021],[39.113802,48.164739],[39.113698,48.164641],[39.113613,48.164571],[39.112971,48.16485]]]}},{"type":"Feature","properties":{"cadnum":"4410346900:05:002:0134"},"geometry":{"type":"Polygon","coordinates":[[[39.112994,48.165722],[39.113021,48.165761],[39.113101,48.165872],[39.113128,48.165914],[39.113191,48.16601],[39.113443,48.165929],[39.113613,48.165875],[39.11343,48.165698],[39.113285,48.165641],[39.113097,48.165692],[39.113061,48.165704],[39.112994,48.165722]]]}},{"type":"Feature","properties":{"cadnum":"4410346900:05:002:0103"},"geometry":{"type":"Polygon","coordinates":[[[39.113443,48.165929],[39.113619,48.166188],[39.113797,48.16645],[39.113967,48.166396],[39.113794,48.166141],[39.113613,48.165875],[39.113443,48.165929]]]}},{"type":"Feature","properties":{"cadnum":"4410346900:05:002:0112"},"geometry":{"type":"Polygon","coordinates":[[[39.115298,48.162876],[39.115522,48.163169],[39.115567,48.163223],[39.115621,48.163307],[39.115671,48.163373],[39.115707,48.163361],[39.115935,48.163256],[39.115455,48.162786],[39.115298,48.162876]]]}},{"type":"Feature","properties":{"cadnum":"4410346900:05:002:0190"},"geometry":{"type":"Polygon","coordinates":[[[39.116348,48.16571],[39.116407,48.165764],[39.11669,48.165656],[39.116617,48.165603],[39.116457,48.165665],[39.116348,48.16571]]]}},{"type":"Feature","properties":{"cadnum":"4410346900:05:002:0206"},"geometry":{"type":"Polygon","coordinates":[[[39.112401,48.163484],[39.112634,48.163733],[39.112705,48.163798],[39.112912,48.164026],[39.113124,48.163975],[39.113155,48.163964],[39.113191,48.163958],[39.113057,48.163814],[39.112921,48.163685],[39.112656,48.163412],[39.112401,48.163484]]]}},{"type":"Feature","properties":{"cadnum":"4410346900:05:002:0228"},"geometry":{"type":"Polygon","coordinates":[[[39.11347,48.16346],[39.113533,48.163571],[39.113554,48.163616],[39.113703,48.163853],[39.113739,48.163844],[39.113919,48.163798],[39.113967,48.163784],[39.11417,48.163736],[39.113753,48.163358],[39.113613,48.163403],[39.11347,48.16346]]]}},{"type":"Feature","properties":{"cadnum":"4410346900:05:002:0012"},"geometry":{"type":"Polygon","coordinates":[[[39.112948,48.165057],[39.112971,48.165054],[39.112971,48.165039],[39.112948,48.165039],[39.112948,48.165057]]]}},{"type":"Feature","properties":{"cadnum":"4410346900:05:002:0010"},"geometry":{"type":"Polygon","coordinates":[[[39.113663,48.165779],[39.113663,48.165797],[39.11369,48.165797],[39.11369,48.165779],[39.113663,48.165779]]]}},{"type":"Feature","properties":{"cadnum":"4410346900:05:002:0204"},"geometry":{"type":"Polygon","coordinates":[[[39.116277,48.164323],[39.11655,48.164526],[39.116735,48.164448],[39.116784,48.164427],[39.116907,48.164374],[39.116977,48.164344],[39.117049,48.164305],[39.116982,48.164242],[39.116933,48.1642],[39.116824,48.164093],[39.11673,48.164131],[39.11665,48.164167],[39.116623,48.164176],[39.116537,48.164218],[39.116277,48.164323]]]}},{"type":"Feature","properties":{"cadnum":"4410346900:05:002:0013"},"geometry":{"type":"Polygon","coordinates":[[[39.112638,48.164686],[39.112638,48.164704],[39.112661,48.164704],[39.112661,48.164686],[39.112638,48.164686]]]}},{"type":"Feature","properties":{"cadnum":"4410346900:05:002:0114"},"geometry":{"type":"Polygon","coordinates":[[[39.113451,48.165326],[39.113483,48.165354],[39.113546,48.16541],[39.113564,48.165432],[39.113568,48.165434],[39.113721,48.165359],[39.113833,48.165306],[39.114197,48.165162],[39.114147,48.165105],[39.114076,48.165033],[39.113451,48.165326]]]}},{"type":"Feature","properties":{"cadnum":"4410346900:05:002:0214"},"geometry":{"type":"Polygon","coordinates":[[[39.111457,48.163687],[39.111669,48.163955],[39.111822,48.164137],[39.111916,48.16426],[39.112086,48.1642],[39.112162,48.164176],[39.112082,48.164056],[39.112032,48.163991],[39.111965,48.163909],[39.111789,48.163709],[39.111637,48.163634],[39.111457,48.163687]]]}},{"type":"Feature","properties":{"cadnum":"4410346900:05:002:0014"},"geometry":{"type":"Polygon","coordinates":[[[39.112315,48.164323],[39.112315,48.164338],[39.112342,48.164338],[39.112342,48.164323],[39.112315,48.164323]]]}},{"type":"Feature","properties":{"cadnum":"4410346900:03:001:0049"},"geometry":{"type":"Polygon","coordinates":[[[39.124411,48.164544],[39.12447,48.164679],[39.12447,48.164688],[39.12451,48.164772],[39.124743,48.164721],[39.124905,48.164688],[39.124856,48.164581],[39.124846,48.164553],[39.124802,48.164458],[39.124411,48.164544]]]}},{"type":"Feature","properties":{"cadnum":"4410346900:03:001:0031"},"geometry":{"type":"Polygon","coordinates":[[[39.124294,48.164293],[39.124361,48.164437],[39.124411,48.164544],[39.124802,48.164458],[39.124753,48.164338],[39.124694,48.164215],[39.124294,48.164293]]]}},{"type":"Feature","properties":{"cadnum":"4410346900:05:003:0005"},"geometry":{"type":"Polygon","coordinates":[[[39.093864,48.170224],[39.094672,48.171129],[39.094671,48.171129],[39.094111,48.171351],[39.094169,48.171462],[39.094547,48.171429],[39.094763,48.171392],[39.094897,48.171369],[39.094934,48.171363],[39.094935,48.171363],[39.095126,48.17133],[39.095189,48.171374],[39.095067,48.171492],[39.09504,48.171527],[39.094865,48.171809],[39.094934,48.171949],[39.094935,48.171949],[39.095216,48.17251],[39.09526,48.172522],[39.095121,48.172783],[39.095741,48.1734],[39.09574,48.1734],[39.095782,48.173441],[39.095853,48.173515],[39.095854,48.173515],[39.095997,48.17366],[39.096662,48.174032],[39.097385,48.174122],[39.097543,48.17414],[39.098602,48.173831],[39.098971,48.173762],[39.099469,48.173627],[39.099988,48.173433],[39.100103,48.17339],[39.100256,48.173346],[39.100623,48.173238],[39.101203,48.173115],[39.102268,48.172972],[39.103306,48.172744],[39.104302,48.172441],[39.103633,48.17222],[39.102905,48.172366],[39.10287,48.172277],[39.103467,48.172166],[39.10352,48.172138],[39.104374,48.172417],[39.104078,48.171701],[39.105465,48.170985],[39.105182,48.170485],[39.10423,48.170644],[39.103939,48.170383],[39.100704,48.171117],[39.100408,48.171027],[39.100407,48.171027],[39.100256,48.170852],[39.099391,48.169851],[39.098513,48.168834],[39.096172,48.169691],[39.095979,48.169467],[39.095225,48.169737],[39.095224,48.169737],[39.095144,48.169766],[39.094905,48.169851],[39.094906,48.169851],[39.09487,48.169864],[39.093864,48.170224]],[[39.100283,48.172022],[39.100413,48.171998],[39.100428,48.172036],[39.10048,48.172171],[39.10035,48.172195],[39.100283,48.172022]],[[39.09804,48.17023],[39.098476,48.170117],[39.098526,48.170204],[39.098606,48.170335],[39.09875,48.170581],[39.09884,48.170739],[39.098266,48.170817],[39.09813,48.170584],[39.097943,48.170257],[39.09804,48.17023]],[[39.096155,48.170863],[39.095364,48.171043],[39.095364,48.171042],[39.09522,48.170758],[39.096019,48.170599],[39.096155,48.170863]]]}},{"type":"Feature","properties":{"cadnum":"4410346900:05:003:0007"},"geometry":{"type":"Polygon","coordinates":[[[39.094713,48.17289],[39.094763,48.173147],[39.094812,48.1734],[39.094811,48.1734],[39.094834,48.173514],[39.094834,48.173515],[39.094914,48.173915],[39.094934,48.173914],[39.094935,48.173914],[39.095782,48.17384],[39.0957,48.173439],[39.09549,48.173457],[39.095301,48.173474],[39.09518,48.172848],[39.094935,48.172871],[39.094934,48.172871],[39.094713,48.17289]]]}},{"type":"Feature","properties":{"cadnum":"4410346900:05:004:0017"},"geometry":{"type":"Polygon","coordinates":[[[39.094807,48.174864],[39.094934,48.174914],[39.094935,48.174914],[39.096249,48.17543],[39.096563,48.175284],[39.097157,48.174868],[39.097331,48.17478],[39.097354,48.174151],[39.096652,48.174067],[39.096123,48.173753],[39.09628,48.173987],[39.095872,48.17428],[39.095817,48.17426],[39.095534,48.174158],[39.095327,48.174382],[39.095224,48.17449],[39.095117,48.17461],[39.095099,48.174631],[39.094807,48.174864]]]}},{"type":"Feature","properties":{"cadnum":"4410346900:05:004:0016"},"geometry":{"type":"Polygon","coordinates":[[[39.095696,48.175724],[39.095845,48.175928],[39.096069,48.176242],[39.096226,48.176455],[39.096398,48.176518],[39.096432,48.1765],[39.096868,48.176161],[39.096968,48.176147],[39.097587,48.17605],[39.097623,48.17605],[39.09756,48.175781],[39.097475,48.175406],[39.097394,48.175056],[39.097331,48.17478],[39.097157,48.174868],[39.096832,48.175092],[39.096563,48.175284],[39.096249,48.17543],[39.095956,48.175586],[39.095696,48.175724]]]}},{"type":"Feature","properties":{"cadnum":"4410346900:05:004:0099"},"geometry":{"type":"Polygon","coordinates":[[[39.099748,48.174202],[39.099945,48.174436],[39.100138,48.174658],[39.100256,48.174612],[39.100331,48.174582],[39.100358,48.174577],[39.100344,48.174553],[39.10018,48.174355],[39.100008,48.174127],[39.099748,48.174202]]]}},{"type":"Feature","properties":{"cadnum":"4410346900:05:004:0014"},"geometry":{"type":"Polygon","coordinates":[[[39.096432,48.1765],[39.096459,48.176655],[39.096626,48.17674],[39.096981,48.176802],[39.097304,48.176742],[39.097543,48.176724],[39.097564,48.176824],[39.097767,48.176689],[39.097811,48.176524],[39.097847,48.176161],[39.09787,48.176054],[39.097727,48.176047],[39.097646,48.176047],[39.097587,48.17605],[39.096968,48.176147],[39.096868,48.176161],[39.096432,48.1765]],[[39.096932,48.176689],[39.096931,48.176689],[39.096931,48.176688],[39.097052,48.176198],[39.097794,48.176176],[39.0977,48.176622],[39.096932,48.176689]]]}},{"type":"Feature","properties":{"cadnum":"4410346900:05:004:0013"},"geometry":{"type":"Polygon","coordinates":[[[39.105443,48.170896],[39.105749,48.171388],[39.105749,48.171389],[39.105996,48.171785],[39.106889,48.171536],[39.106921,48.171414],[39.107019,48.171043],[39.107141,48.171006],[39.106966,48.170725],[39.106831,48.17051],[39.105749,48.170811],[39.105443,48.170896]]]}},{"type":"Feature","properties":{"cadnum":"4410346900:04:001:0069"},"geometry":{"type":"Polygon","coordinates":[[[39.116277,48.181888],[39.116357,48.182083],[39.116403,48.182148],[39.116434,48.182139],[39.116313,48.181876],[39.116277,48.181888]]]}},{"type":"Feature","properties":{"cadnum":"4410346900:04:003:0051"},"geometry":{"type":"Polygon","coordinates":[[[39.111331,48.181402],[39.111367,48.181457],[39.111466,48.181606],[39.112208,48.181417],[39.11218,48.181355],[39.112158,48.181304],[39.112118,48.181211],[39.111956,48.181247],[39.111956,48.181253],[39.111852,48.181273],[39.111331,48.181402]]]}},{"type":"Feature","properties":{"cadnum":"4410346900:04:003:0040"},"geometry":{"type":"Polygon","coordinates":[[[39.113636,48.18361],[39.113766,48.183852],[39.114099,48.183708],[39.114134,48.183694],[39.114233,48.183666],[39.114229,48.183655],[39.114216,48.183619],[39.114193,48.183511],[39.113636,48.18361]]]}},{"type":"Feature","properties":{"cadnum":"4410346900:04:001:0017"},"geometry":{"type":"Polygon","coordinates":[[[39.115791,48.182478],[39.115837,48.182625],[39.115845,48.182645],[39.115891,48.182636],[39.11656,48.182483],[39.116506,48.182364],[39.116487,48.182328],[39.116204,48.182394],[39.115832,48.182472],[39.115791,48.182478]]]}},{"type":"Feature","properties":{"cadnum":"4410346900:04:003:0042"},"geometry":{"type":"Polygon","coordinates":[[[39.113541,48.183388],[39.113577,48.183475],[39.113636,48.18361],[39.114193,48.183511],[39.114152,48.183361],[39.114147,48.183337],[39.114139,48.183293],[39.113541,48.183388]]]}},{"type":"Feature","properties":{"cadnum":"4410346900:04:001:0027"},"geometry":{"type":"Polygon","coordinates":[[[39.11412,48.182358],[39.11413,48.1824],[39.114134,48.1824],[39.114143,48.182427],[39.114183,48.182594],[39.114493,48.182556],[39.114879,48.182514],[39.114803,48.182238],[39.11412,48.182358]]]}},{"type":"Feature","properties":{"cadnum":"4410346900:04:003:0016"},"geometry":{"type":"Polygon","coordinates":[[[39.112854,48.180984],[39.112921,48.181199],[39.113631,48.181053],[39.113631,48.181044],[39.113613,48.180855],[39.112854,48.180984]]]}},{"type":"Feature","properties":{"cadnum":"4410346900:04:003:0050"},"geometry":{"type":"Polygon","coordinates":[[[39.112535,48.183814],[39.112612,48.183972],[39.112705,48.184167],[39.113173,48.183948],[39.113105,48.183763],[39.113074,48.183673],[39.112535,48.183814]]]}},{"type":"Feature","properties":{"cadnum":"4410346900:04:003:0007"},"geometry":{"type":"Polygon","coordinates":[[[39.112409,48.183532],[39.112455,48.183637],[39.112531,48.183801],[39.112535,48.183814],[39.113084,48.18367],[39.113002,48.183481],[39.112994,48.183451],[39.112988,48.183451],[39.112409,48.183532]]]}},{"type":"Feature","properties":{"cadnum":"4410346900:04:003:0018"},"geometry":{"type":"Polygon","coordinates":[[[39.112382,48.181391],[39.112485,48.181624],[39.112512,48.181684],[39.112652,48.181651],[39.113002,48.181561],[39.112958,48.181346],[39.112939,48.181265],[39.112939,48.181264],[39.112382,48.181391]]]}},{"type":"Feature","properties":{"cadnum":"4410346900:04:001:0013"},"geometry":{"type":"Polygon","coordinates":[[[39.115711,48.182232],[39.115724,48.18228],[39.115782,48.182454],[39.115791,48.182478],[39.115832,48.182472],[39.116204,48.182394],[39.116487,48.182328],[39.116403,48.182148],[39.116357,48.182083],[39.11608,48.182154],[39.115711,48.182232]]]}},{"type":"Feature","properties":{"cadnum":"4410346900:04:001:0050"},"geometry":{"type":"Polygon","coordinates":[[[39.114296,48.183056],[39.11434,48.183242],[39.114346,48.183268],[39.114376,48.183266],[39.115118,48.183128],[39.115046,48.182927],[39.114596,48.183008],[39.114332,48.183053],[39.114319,48.183053],[39.114296,48.183056]]]}},{"type":"Feature","properties":{"cadnum":"4410346900:04:001:0028"},"geometry":{"type":"Polygon","coordinates":[[[39.114803,48.182238],[39.114879,48.182514],[39.114893,48.182511],[39.114845,48.182322],[39.114816,48.182235],[39.114803,48.182238]]]}},{"type":"Feature","properties":{"cadnum":"4410346900:09:001:0011"},"geometry":{"type":"Polygon","coordinates":[[[39.056063,48.183739],[39.056063,48.183757],[39.056085,48.183757],[39.056085,48.183739],[39.056063,48.183739]]]}},{"type":"Feature","properties":{"cadnum":"4410346900:09:001:0014"},"geometry":{"type":"Polygon","coordinates":[[[39.055514,48.183253],[39.055514,48.183268],[39.055537,48.183268],[39.055537,48.183253],[39.055514,48.183253]]]}},{"type":"Feature","properties":{"cadnum":"4410346900:09:001:0012"},"geometry":{"type":"Polygon","coordinates":[[[39.055676,48.183571],[39.055699,48.183577],[39.055721,48.183538],[39.055784,48.183555],[39.055793,48.183541],[39.055713,48.183517],[39.055676,48.183571]]]}},{"type":"Feature","properties":{"cadnum":"4410346900:09:001:0016"},"geometry":{"type":"Polygon","coordinates":[[[39.055263,48.182861],[39.055263,48.182876],[39.055286,48.182876],[39.055286,48.182861],[39.055263,48.182861]]]}},{"type":"Feature","properties":{"cadnum":"4410346900:09:001:0017"},"geometry":{"type":"Polygon","coordinates":[[[39.055074,48.182667],[39.055097,48.182676],[39.055124,48.182636],[39.055187,48.182654],[39.055196,48.182636],[39.05511,48.182612],[39.055074,48.182667]]]}},{"type":"Feature","properties":{"cadnum":"4410346900:09:001:0015"},"geometry":{"type":"Polygon","coordinates":[[[39.05538,48.183124],[39.055403,48.183133],[39.05543,48.183095],[39.055493,48.183113],[39.055501,48.183098],[39.055416,48.183071],[39.05538,48.183124]]]}},{"type":"Feature","properties":{"cadnum":"4410346900:09:001:0013"},"geometry":{"type":"Polygon","coordinates":[[[39.055604,48.183421],[39.055632,48.183418],[39.055632,48.183403],[39.055604,48.183403],[39.055604,48.183421]]]}},{"type":"Feature","properties":{"cadnum":"4410346900:05:002:0106"},"geometry":{"type":"Polygon","coordinates":[[[39.105335,48.165126],[39.105704,48.165734],[39.105749,48.165722],[39.105893,48.165686],[39.105921,48.165681],[39.105921,48.16568],[39.105969,48.165671],[39.105883,48.165527],[39.105591,48.165066],[39.105335,48.165126]]]}},{"type":"Feature","properties":{"cadnum":"4410346900:05:002:0107"},"geometry":{"type":"Polygon","coordinates":[[[39.105254,48.164985],[39.105335,48.165126],[39.105591,48.165066],[39.10551,48.164934],[39.105254,48.164985]]]}},{"type":"Feature","properties":{"cadnum":"4410346900:05:002:0104"},"geometry":{"type":"Polygon","coordinates":[[[39.104325,48.165428],[39.104482,48.165695],[39.104639,48.165976],[39.104688,48.165968],[39.10494,48.16592],[39.104765,48.165623],[39.104576,48.165354],[39.104325,48.165428]]]}},{"type":"Feature","properties":{"cadnum":"4410346900:05:002:0105"},"geometry":{"type":"Polygon","coordinates":[[[39.104243,48.165297],[39.104325,48.165428],[39.104576,48.165354],[39.104478,48.165219],[39.104243,48.165297]]]}},{"type":"Feature","properties":{"cadnum":"4410346900:05:001:0130"},"geometry":{"type":"Polygon","coordinates":[[[39.112059,48.173768],[39.112225,48.173912],[39.112468,48.173792],[39.112306,48.173648],[39.112059,48.173768]]]}},{"type":"Feature","properties":{"cadnum":"4410346900:04:002:0169"},"geometry":{"type":"Polygon","coordinates":[[[39.112858,48.174822],[39.112864,48.17484],[39.112931,48.174891],[39.113078,48.175048],[39.113141,48.175134],[39.113187,48.175191],[39.113537,48.174969],[39.11343,48.174888],[39.113245,48.174748],[39.11307,48.174624],[39.112958,48.174729],[39.112935,48.174744],[39.112858,48.174822]]]}},{"type":"Feature","properties":{"cadnum":"4410346900:05:001:0129"},"geometry":{"type":"Polygon","coordinates":[[[39.112225,48.173912],[39.112378,48.17404],[39.112378,48.174041],[39.112795,48.1744],[39.112899,48.17434],[39.112962,48.174286],[39.113015,48.174251],[39.112962,48.174211],[39.112719,48.174007],[39.112585,48.1739],[39.112468,48.173792],[39.112225,48.173912]]]}},{"type":"Feature","properties":{"cadnum":"4410346900:04:002:0090"},"geometry":{"type":"Polygon","coordinates":[[[39.112076,48.175071],[39.112099,48.175143],[39.11218,48.17549],[39.112256,48.175814],[39.112436,48.175805],[39.112369,48.175514],[39.112302,48.17523],[39.112279,48.175134],[39.112262,48.175077],[39.112256,48.175053],[39.112212,48.175056],[39.112076,48.175071]]]}},{"type":"Feature","properties":{"cadnum":"4410346900:06:001:0008"},"geometry":{"type":"Polygon","coordinates":[[[39.097556,48.160227],[39.097601,48.160329],[39.097839,48.160734],[39.098153,48.160653],[39.098046,48.16047],[39.097861,48.160156],[39.097556,48.160227]]]}},{"type":"Feature","properties":{"cadnum":"4410346900:06:001:0005"},"geometry":{"type":"Polygon","coordinates":[[[39.095004,48.160938],[39.095144,48.161225],[39.095197,48.161342],[39.09562,48.161244],[39.095386,48.160845],[39.095004,48.160938]]]}},{"type":"Feature","properties":{"cadnum":"4410346900:06:001:0006"},"geometry":{"type":"Polygon","coordinates":[[[39.095197,48.161342],[39.095327,48.161617],[39.09575,48.161489],[39.095763,48.161486],[39.09562,48.161244],[39.095197,48.161342]]]}},{"type":"Feature","properties":{"cadnum":"4410346900:09:001:0008"},"geometry":{"type":"Polygon","coordinates":[[[39.057055,48.184347],[39.057055,48.184361],[39.057082,48.184361],[39.057082,48.184347],[39.057055,48.184347]]]}},{"type":"Feature","properties":{"cadnum":"4410346900:09:001:0009"},"geometry":{"type":"Polygon","coordinates":[[[39.056799,48.18419],[39.056799,48.184209],[39.056826,48.184209],[39.056826,48.18419],[39.056799,48.18419]]]}},{"type":"Feature","properties":{"cadnum":"4410346900:09:001:0010"},"geometry":{"type":"Polygon","coordinates":[[[39.056466,48.18399],[39.056472,48.184008],[39.056494,48.184008],[39.056494,48.18399],[39.056466,48.18399]]]}},{"type":"Feature","properties":{"cadnum":"4410346900:02:001:0002"},"geometry":{"type":"Polygon","coordinates":[[[39.131351,48.172124],[39.131378,48.172135],[39.131395,48.172118],[39.131368,48.172106],[39.131351,48.172124]]]}},{"type":"Feature","properties":{"cadnum":"4410346900:03:001:0003"},"geometry":{"type":"Polygon","coordinates":[[[39.129227,48.170279],[39.129248,48.170297],[39.129271,48.170281],[39.129253,48.170264],[39.129227,48.170279]]]}},{"type":"Feature","properties":{"cadnum":"4410346900:03:001:0030"},"geometry":{"type":"Polygon","coordinates":[[[39.129688,48.170596],[39.130102,48.170881],[39.130358,48.170695],[39.13003,48.170425],[39.129688,48.170596]]]}},{"type":"Feature","properties":{"cadnum":"4410346900:03:001:0023"},"geometry":{"type":"Polygon","coordinates":[[[39.129936,48.17035],[39.13003,48.170425],[39.130358,48.170695],[39.130416,48.170662],[39.130448,48.170638],[39.130609,48.170551],[39.130206,48.170188],[39.129936,48.17035]]]}},{"type":"Feature","properties":{"cadnum":"4410346900:03:001:0002"},"geometry":{"type":"Polygon","coordinates":[[[39.130012,48.17083],[39.130016,48.17085],[39.130053,48.170848],[39.130043,48.170823],[39.130012,48.17083]]]}},{"type":"Feature","properties":{"cadnum":"4410346900:03:001:0001"},"geometry":{"type":"Polygon","coordinates":[[[39.130303,48.171707],[39.13033,48.17172],[39.130349,48.171701],[39.130322,48.171689],[39.130303,48.171707]]]}},{"type":"Feature","properties":{"cadnum":"4410346900:03:001:0029"},"geometry":{"type":"Polygon","coordinates":[[[39.128386,48.171201],[39.128714,48.17133],[39.128952,48.171135],[39.128957,48.171138],[39.129198,48.170941],[39.128992,48.170797],[39.128386,48.171201]]]}},{"type":"Feature","properties":{"cadnum":"4410346900:03:001:0006"},"geometry":{"type":"Polygon","coordinates":[[[39.134548,48.169464],[39.134548,48.169482],[39.134624,48.169482],[39.134624,48.169464],[39.134548,48.169464]]]}},{"type":"Feature","properties":{"cadnum":"4410346900:03:001:0007"},"geometry":{"type":"Polygon","coordinates":[[[39.134437,48.168921],[39.134437,48.168936],[39.134517,48.168936],[39.134517,48.168918],[39.134437,48.168921]]]}},{"type":"Feature","properties":{"cadnum":"4410346900:03:001:0008"},"geometry":{"type":"Polygon","coordinates":[[[39.134494,48.168547],[39.134512,48.168559],[39.134575,48.168514],[39.134517,48.168472],[39.134498,48.168484],[39.13454,48.168514],[39.134494,48.168547]]]}},{"type":"Feature","properties":{"cadnum":"4410346900:03:001:0005"},"geometry":{"type":"Polygon","coordinates":[[[39.13436,48.169626],[39.13445,48.169622],[39.13445,48.169571],[39.13436,48.169571],[39.13436,48.169626]]]}},{"type":"Feature","properties":{"cadnum":"4410346900:04:003:0012"},"geometry":{"type":"Polygon","coordinates":[[[39.108789,48.179531],[39.108942,48.179824],[39.109247,48.179741],[39.109153,48.179474],[39.108789,48.179531]]]}},{"type":"Feature","properties":{"cadnum":"4410346900:04:003:0043"},"geometry":{"type":"Polygon","coordinates":[[[39.109005,48.179912],[39.109243,48.180243],[39.109261,48.180265],[39.109526,48.180169],[39.109302,48.179824],[39.109005,48.179912]]]}},{"type":"Feature","properties":{"cadnum":"4410346900:04:003:0056"},"geometry":{"type":"Polygon","coordinates":[[[39.108942,48.180576],[39.109067,48.180765],[39.10953,48.180591],[39.109751,48.180516],[39.109679,48.180405],[39.109656,48.180376],[39.109661,48.180372],[39.109625,48.18033],[39.109566,48.180349],[39.108942,48.180576]]]}},{"type":"Feature","properties":{"cadnum":"4410346900:04:002:0094"},"geometry":{"type":"Polygon","coordinates":[[[39.117808,48.177605],[39.118091,48.177698],[39.118199,48.17744],[39.118074,48.177417],[39.117988,48.177375],[39.117808,48.177605]]]}},{"type":"Feature","properties":{"cadnum":"4410346900:04:002:0082"},"geometry":{"type":"Polygon","coordinates":[[[39.119443,48.178249],[39.119497,48.178261],[39.119569,48.178276],[39.119663,48.1783],[39.119789,48.178141],[39.119807,48.178108],[39.11978,48.178099],[39.119668,48.178043],[39.1196,48.178081],[39.119556,48.178135],[39.119443,48.178249]]]}},{"type":"Feature","properties":{"cadnum":"4410346900:04:002:0032"},"geometry":{"type":"Polygon","coordinates":[[[39.11982,48.178402],[39.11982,48.17842],[39.119843,48.17842],[39.119843,48.178402],[39.11982,48.178402]]]}},{"type":"Feature","properties":{"cadnum":"4410346900:04:002:0095"},"geometry":{"type":"Polygon","coordinates":[[[39.117476,48.17815],[39.117759,48.178252],[39.118239,48.177823],[39.117975,48.177725],[39.117942,48.177713],[39.117921,48.177739],[39.117476,48.17815]]]}},{"type":"Feature","properties":{"cadnum":"4410346900:04:002:0093"},"geometry":{"type":"Polygon","coordinates":[[[39.118091,48.177698],[39.118288,48.177785],[39.118514,48.177459],[39.118464,48.177455],[39.118199,48.17744],[39.118091,48.177698]]]}},{"type":"Feature","properties":{"cadnum":"4410346900:04:001:0071"},"geometry":{"type":"Polygon","coordinates":[[[39.117395,48.179321],[39.117422,48.179459],[39.117436,48.179522],[39.118032,48.179477],[39.118172,48.179468],[39.118181,48.179465],[39.118168,48.179432],[39.118172,48.179432],[39.118164,48.179408],[39.118136,48.1793],[39.117921,48.179309],[39.117777,48.179306],[39.117395,48.179321]]]}},{"type":"Feature","properties":{"cadnum":"4410346900:04:002:0028"},"geometry":{"type":"Polygon","coordinates":[[[39.120961,48.177404],[39.121042,48.177395],[39.121038,48.177381],[39.120961,48.177386],[39.120961,48.177404]]]}},{"type":"Feature","properties":{"cadnum":"4410346900:04:002:0029"},"geometry":{"type":"Polygon","coordinates":[[[39.120472,48.177446],[39.120476,48.177464],[39.120552,48.177452],[39.120548,48.177437],[39.120472,48.177446]]]}},{"type":"Feature","properties":{"cadnum":"4410346900:04:002:0036"},"geometry":{"type":"Polygon","coordinates":[[[39.117525,48.178889],[39.117525,48.178908],[39.117606,48.178908],[39.117606,48.178889],[39.117525,48.178889]]]}},{"type":"Feature","properties":{"cadnum":"4410346900:04:001:0076"},"geometry":{"type":"Polygon","coordinates":[[[39.119259,48.18033],[39.119304,48.180513],[39.120099,48.180429],[39.120149,48.180423],[39.120145,48.180405],[39.120112,48.180325],[39.120103,48.180294],[39.120095,48.180267],[39.119583,48.180303],[39.119259,48.18033]]]}},{"type":"Feature","properties":{"cadnum":"4410346900:04:002:0030"},"geometry":{"type":"Polygon","coordinates":[[[39.120135,48.177704],[39.120139,48.177721],[39.120162,48.177721],[39.120162,48.177704],[39.120135,48.177704]]]}},{"type":"Feature","properties":{"cadnum":"4410346900:04:001:0002"},"geometry":{"type":"Polygon","coordinates":[[[39.117436,48.179522],[39.117489,48.179726],[39.117718,48.17971],[39.117956,48.179695],[39.118042,48.179686],[39.118212,48.179672],[39.118208,48.179648],[39.118181,48.179465],[39.118172,48.179468],[39.118032,48.179477],[39.117436,48.179522]]]}},{"type":"Feature","properties":{"cadnum":"4410346900:04:002:0035"},"geometry":{"type":"Polygon","coordinates":[[[39.118271,48.178839],[39.118271,48.178857],[39.118294,48.178857],[39.118294,48.178839],[39.118271,48.178839]]]}},{"type":"Feature","properties":{"cadnum":"4410346900:04:002:0034"},"geometry":{"type":"Polygon","coordinates":[[[39.118954,48.178797],[39.118954,48.178812],[39.118976,48.178812],[39.118976,48.178797],[39.118954,48.178797]]]}},{"type":"Feature","properties":{"cadnum":"4410346900:04:002:0033"},"geometry":{"type":"Polygon","coordinates":[[[39.119596,48.178755],[39.119596,48.17877],[39.119686,48.178776],[39.11969,48.178716],[39.119668,48.178716],[39.119663,48.178758],[39.119596,48.178755]]]}},{"type":"Feature","properties":{"cadnum":"4410346900:04:002:0167"},"geometry":{"type":"Polygon","coordinates":[[[39.117782,48.178231],[39.117975,48.1783],[39.118258,48.17806],[39.118361,48.177961],[39.118397,48.177974],[39.118451,48.177901],[39.118392,48.177883],[39.118239,48.177823],[39.117782,48.178231]]]}},{"type":"Feature","properties":{"cadnum":"4410346900:04:001:0003"},"geometry":{"type":"Polygon","coordinates":[[[39.119766,48.178471],[39.119785,48.178605],[39.119812,48.178614],[39.11987,48.178797],[39.120082,48.17877],[39.120328,48.178737],[39.120252,48.178378],[39.119793,48.178423],[39.119766,48.178471]]]}},{"type":"Feature","properties":{"cadnum":"4410346900:04:002:0031"},"geometry":{"type":"Polygon","coordinates":[[[39.119965,48.178076],[39.119986,48.178085],[39.120018,48.178036],[39.119996,48.178027],[39.119965,48.178076]]]}},{"type":"Feature","properties":{"cadnum":"4410346900:04:001:0004"},"geometry":{"type":"Polygon","coordinates":[[[39.120252,48.178378],[39.120328,48.178737],[39.120598,48.178701],[39.120562,48.178545],[39.120512,48.178351],[39.120252,48.178378]]]}},{"type":"Feature","properties":{"cadnum":"4410346900:04:002:0015"},"geometry":{"type":"Polygon","coordinates":[[[39.119762,48.178039],[39.119762,48.178087],[39.119843,48.178087],[39.119839,48.178036],[39.119762,48.178039]]]}},{"type":"Feature","properties":{"cadnum":"4410346900:07:001:0009"},"geometry":{"type":"Polygon","coordinates":[[[39.132787,48.189761],[39.132787,48.189779],[39.13281,48.189779],[39.13281,48.189761],[39.132787,48.189761]]]}},{"type":"Feature","properties":{"cadnum":"4410346900:05:004:0022"},"geometry":{"type":"Polygon","coordinates":[[[39.103409,48.173753],[39.103602,48.174113],[39.103809,48.174062],[39.10405,48.174002],[39.104046,48.173975],[39.104023,48.173933],[39.103943,48.173822],[39.103839,48.173645],[39.103763,48.173667],[39.103709,48.173678],[39.103629,48.173699],[39.10356,48.173714],[39.103409,48.173753]]]}},{"type":"Feature","properties":{"cadnum":"4410346900:05:004:0023"},"geometry":{"type":"Polygon","coordinates":[[[39.103229,48.173795],[39.103426,48.174149],[39.103463,48.174149],[39.103602,48.174113],[39.103409,48.173753],[39.103229,48.173795]]]}},{"type":"Feature","properties":{"cadnum":"4410346900:05:004:0028"},"geometry":{"type":"Polygon","coordinates":[[[39.1011,48.1744],[39.10123,48.174568],[39.101463,48.174918],[39.101706,48.174855],[39.101566,48.174664],[39.10136,48.174346],[39.101338,48.17432],[39.101315,48.174328],[39.1011,48.1744]]]}},{"type":"Feature","properties":{"cadnum":"4410346900:05:004:0021"},"geometry":{"type":"Polygon","coordinates":[[[39.103996,48.174029],[39.104015,48.174085],[39.104023,48.174085],[39.104033,48.174109],[39.104082,48.174104],[39.104212,48.174067],[39.10423,48.174094],[39.104432,48.174029],[39.104388,48.173956],[39.104361,48.173918],[39.104329,48.173867],[39.1041,48.173963],[39.104046,48.173975],[39.10405,48.174002],[39.104046,48.174023],[39.103996,48.174029]]]}},{"type":"Feature","properties":{"cadnum":"4410346900:05:004:0020"},"geometry":{"type":"Polygon","coordinates":[[[39.103839,48.173645],[39.103943,48.173822],[39.104023,48.173933],[39.104046,48.173975],[39.1041,48.173963],[39.104329,48.173867],[39.104163,48.17357],[39.104082,48.173585],[39.104033,48.173598],[39.103839,48.173645]]]}},{"type":"Feature","properties":{"cadnum":"4410346900:05:001:0034"},"geometry":{"type":"Polygon","coordinates":[[[39.109009,48.170374],[39.109009,48.170392],[39.109036,48.170392],[39.109036,48.170374],[39.109009,48.170374]]]}},{"type":"Feature","properties":{"cadnum":"4410346900:05:001:0054"},"geometry":{"type":"Polygon","coordinates":[[[39.107114,48.171374],[39.107379,48.171558],[39.107514,48.171522],[39.107289,48.171132],[39.107222,48.171228],[39.107252,48.17127],[39.107163,48.171323],[39.107114,48.171374]]]}},{"type":"Feature","properties":{"cadnum":"4410346900:05:001:0035"},"geometry":{"type":"Polygon","coordinates":[[[39.108394,48.170551],[39.108394,48.170566],[39.108417,48.170566],[39.108417,48.170551],[39.108394,48.170551]]]}},{"type":"Feature","properties":{"cadnum":"4410346900:05:001:0095"},"geometry":{"type":"Polygon","coordinates":[[[39.10812,48.172737],[39.108124,48.172764],[39.108138,48.172833],[39.108156,48.172948],[39.108174,48.173025],[39.108219,48.173196],[39.108223,48.173232],[39.108606,48.173142],[39.108466,48.172686],[39.108403,48.172699],[39.10834,48.172708],[39.10812,48.172737]]]}},{"type":"Feature","properties":{"cadnum":"4410346900:05:004:0008"},"geometry":{"type":"Polygon","coordinates":[[[39.107774,48.170725],[39.107774,48.170743],[39.107797,48.170743],[39.107797,48.170725],[39.107774,48.170725]]]}},{"type":"Feature","properties":{"cadnum":"4410346900:05:001:0138"},"geometry":{"type":"Polygon","coordinates":[[[39.108044,48.171536],[39.10813,48.171695],[39.108268,48.171665],[39.108331,48.171809],[39.108453,48.171785],[39.108533,48.171767],[39.108623,48.171746],[39.10869,48.171731],[39.10874,48.171687],[39.108717,48.171609],[39.108709,48.171576],[39.1087,48.171549],[39.1087,48.171545],[39.108681,48.171512],[39.108619,48.171374],[39.108088,48.171525],[39.108044,48.171536]]]}},{"type":"Feature","properties":{"cadnum":"4410346900:05:001:0144"},"geometry":{"type":"Polygon","coordinates":[[[39.109728,48.172468],[39.109742,48.172498],[39.109768,48.172552],[39.109822,48.172648],[39.109916,48.172903],[39.110015,48.173109],[39.110267,48.173076],[39.110164,48.172797],[39.110088,48.172627],[39.109992,48.172441],[39.109984,48.172417],[39.109939,48.172426],[39.109728,48.172468]]]}},{"type":"Feature","properties":{"cadnum":"4410346900:05:001:0126"},"geometry":{"type":"Polygon","coordinates":[[[39.110428,48.170024],[39.110648,48.170353],[39.110923,48.170275],[39.11078,48.170057],[39.110707,48.169943],[39.110671,48.169955],[39.110617,48.16997],[39.110568,48.169982],[39.110428,48.170024]]]}},{"type":"Feature","properties":{"cadnum":"4410346900:05:004:0015"},"geometry":{"type":"Polygon","coordinates":[[[39.106921,48.171414],[39.107136,48.171356],[39.107163,48.171323],[39.107253,48.17127],[39.107222,48.171228],[39.107289,48.171129],[39.107352,48.171048],[39.107122,48.170679],[39.106966,48.170725],[39.107141,48.171006],[39.107019,48.171043],[39.106921,48.171414]],[[39.107155,48.170905],[39.107181,48.170905],[39.107181,48.170919],[39.107155,48.170919],[39.107155,48.170905]]]}},{"type":"Feature","properties":{"cadnum":"4410346900:05:001:0053"},"geometry":{"type":"Polygon","coordinates":[[[39.107289,48.171129],[39.107289,48.171132],[39.107514,48.171522],[39.107877,48.171423],[39.107644,48.171016],[39.107365,48.17103],[39.107289,48.171129]]]}},{"type":"Feature","properties":{"cadnum":"4410346900:05:001:0093"},"geometry":{"type":"Polygon","coordinates":[[[39.10847,48.172693],[39.1086,48.173139],[39.108659,48.17333],[39.108956,48.173277],[39.108879,48.173101],[39.108776,48.172786],[39.10873,48.172686],[39.108717,48.172651],[39.108667,48.17266],[39.10847,48.172693]]]}},{"type":"Feature","properties":{"cadnum":"4410346900:05:001:0094"},"geometry":{"type":"Polygon","coordinates":[[[39.108659,48.17333],[39.108686,48.173414],[39.108987,48.173355],[39.108956,48.173277],[39.108659,48.17333]]]}},{"type":"Feature","properties":{"cadnum":"4410346900:05:004:0007"},"geometry":{"type":"Polygon","coordinates":[[[39.107155,48.170905],[39.107155,48.170919],[39.107181,48.170919],[39.107181,48.170905],[39.107155,48.170905]]]}},{"type":"Feature","properties":{"cadnum":"4410346900:05:001:0139"},"geometry":{"type":"Polygon","coordinates":[[[39.10813,48.171695],[39.10816,48.171761],[39.108201,48.171833],[39.108331,48.171809],[39.108268,48.171665],[39.10813,48.171695]]]}},{"type":"Feature","properties":{"cadnum":"4410346900:05:001:0033"},"geometry":{"type":"Polygon","coordinates":[[[39.109629,48.170201],[39.109629,48.170219],[39.109656,48.170219],[39.109656,48.170201],[39.109629,48.170201]]]}},{"type":"Feature","properties":{"cadnum":"4410346900:05:001:0124"},"geometry":{"type":"Polygon","coordinates":[[[39.109764,48.17316],[39.109795,48.17322],[39.110042,48.173166],[39.110015,48.173109],[39.109764,48.17316]]]}},{"type":"Feature","properties":{"cadnum":"4410346900:05:001:0032"},"geometry":{"type":"Polygon","coordinates":[[[39.110245,48.169991],[39.110245,48.170006],[39.110271,48.170006],[39.110271,48.169991],[39.110245,48.169991]]]}},{"type":"Feature","properties":{"cadnum":"4410346900:05:004:0002"},"geometry":{"type":"Polygon","coordinates":[[[39.105927,48.172198],[39.106004,48.172324],[39.105937,48.172342],[39.105991,48.172432],[39.106059,48.172415],[39.106369,48.1723],[39.106256,48.172111],[39.106216,48.17212],[39.106,48.172178],[39.105927,48.172198]]]}},{"type":"Feature","properties":{"cadnum":"4410346900:05:001:0123"},"geometry":{"type":"Polygon","coordinates":[[[39.109476,48.172525],[39.109566,48.172726],[39.109656,48.172948],[39.109764,48.17316],[39.110015,48.173109],[39.109916,48.172903],[39.109822,48.172648],[39.109768,48.172552],[39.109742,48.172498],[39.109728,48.172468],[39.109692,48.172474],[39.109476,48.172525]]]}},{"type":"Feature","properties":{"cadnum":"4410346900:05:003:0006"},"geometry":{"type":"Polygon","coordinates":[[[39.09522,48.170758],[39.095364,48.171043],[39.096155,48.170863],[39.096019,48.170599],[39.09522,48.170758]]]}},{"type":"Feature","properties":{"cadnum":"4410346900:05:003:0003"},"geometry":{"type":"Polygon","coordinates":[[[39.097943,48.170257],[39.098266,48.170817],[39.09884,48.170739],[39.098476,48.170117],[39.097943,48.170257]]]}},{"type":"Feature","properties":{"cadnum":"4410346900:04:002:0170"},"geometry":{"type":"Polygon","coordinates":[[[39.117688,48.171815],[39.117956,48.172067],[39.117961,48.172078],[39.117988,48.172102],[39.118321,48.172384],[39.118437,48.172271],[39.118405,48.172246],[39.118158,48.172037],[39.117818,48.171743],[39.117791,48.171755],[39.117732,48.171785],[39.117688,48.171815]]]}},{"type":"Feature","properties":{"cadnum":"4410346900:04:002:0096"},"geometry":{"type":"Polygon","coordinates":[[[39.119353,48.171591],[39.11973,48.17198],[39.119862,48.172207],[39.12013,48.172129],[39.120036,48.17198],[39.119866,48.171773],[39.119672,48.171653],[39.119609,48.171632],[39.119497,48.17154],[39.119483,48.171525],[39.119443,48.171543],[39.119353,48.171591]]]}},{"type":"Feature","properties":{"cadnum":"4410346900:04:002:0046"},"geometry":{"type":"Polygon","coordinates":[[[39.11841,48.171905],[39.11841,48.171923],[39.118411,48.171923],[39.118432,48.171923],[39.118432,48.171905],[39.118411,48.171905],[39.11841,48.171905]]]}},{"type":"Feature","properties":{"cadnum":"4410346900:04:002:0040"},"geometry":{"type":"Polygon","coordinates":[[[39.119475,48.170874],[39.119659,48.171039],[39.120027,48.170857],[39.11982,48.170683],[39.119587,48.170803],[39.119579,48.170806],[39.119592,48.170814],[39.119592,48.170815],[39.11951,48.170857],[39.119475,48.170874]]]}},{"type":"Feature","properties":{"cadnum":"4410346900:04:002:0076"},"geometry":{"type":"Polygon","coordinates":[[[39.120858,48.170117],[39.121007,48.170186],[39.121244,48.170248],[39.12159,48.170317],[39.121657,48.170293],[39.121694,48.170272],[39.121464,48.170095],[39.121374,48.170018],[39.121321,48.170051],[39.121164,48.169934],[39.120858,48.170117]]]}},{"type":"Feature","properties":{"cadnum":"4410346900:04:002:0037"},"geometry":{"type":"Polygon","coordinates":[[[39.119385,48.170748],[39.11951,48.170857],[39.119592,48.170814],[39.119579,48.170806],[39.119579,48.170805],[39.119587,48.170803],[39.11947,48.170704],[39.119385,48.170748]]]}},{"type":"Feature","properties":{"cadnum":"4410346900:05:001:0019"},"geometry":{"type":"Polygon","coordinates":[[[39.117413,48.171363],[39.117413,48.171381],[39.11744,48.171381],[39.11744,48.171363],[39.117413,48.171363]]]}},{"type":"Feature","properties":{"cadnum":"4410346900:04:002:0089"},"geometry":{"type":"Polygon","coordinates":[[[39.118801,48.171836],[39.118904,48.171998],[39.118936,48.172046],[39.119003,48.172144],[39.11903,48.172186],[39.119103,48.172282],[39.119174,48.172262],[39.119344,48.172207],[39.11943,48.172186],[39.119156,48.171785],[39.11912,48.171711],[39.118801,48.171836]]]}},{"type":"Feature","properties":{"cadnum":"4410346900:04:002:0001"},"geometry":{"type":"Polygon","coordinates":[[[39.120831,48.17053],[39.121415,48.171168],[39.121864,48.170788],[39.121837,48.170752],[39.121856,48.17071],[39.12181,48.170683],[39.121824,48.170659],[39.12186,48.17065],[39.121877,48.170628],[39.121909,48.170617],[39.121917,48.170602],[39.121325,48.170317],[39.120831,48.17053]]]}},{"type":"Feature","properties":{"cadnum":"4410346900:05:001:0134"},"geometry":{"type":"Polygon","coordinates":[[[39.117516,48.170035],[39.117529,48.170108],[39.117575,48.170233],[39.117602,48.17029],[39.117611,48.170302],[39.117845,48.170548],[39.118109,48.170383],[39.118042,48.170335],[39.117808,48.170108],[39.117611,48.169883],[39.117539,48.169979],[39.117521,48.170009],[39.117516,48.170035]]]}},{"type":"Feature","properties":{"cadnum":"4410346900:05:001:0048"},"geometry":{"type":"Polygon","coordinates":[[[39.118437,48.170821],[39.118541,48.170881],[39.118598,48.170832],[39.1185,48.170772],[39.118437,48.170821]]]}},{"type":"Feature","properties":{"cadnum":"4410346900:05:001:0036"},"geometry":{"type":"Polygon","coordinates":[[[39.117076,48.171085],[39.117076,48.171099],[39.117103,48.171099],[39.117103,48.171085],[39.117076,48.171085]]]}},{"type":"Feature","properties":{"cadnum":"4410346900:04:002:0047"},"geometry":{"type":"Polygon","coordinates":[[[39.118032,48.171605],[39.118055,48.171602],[39.118055,48.171587],[39.118032,48.171587],[39.118032,48.171605]]]}},{"type":"Feature","properties":{"cadnum":"4410346900:04:002:0140"},"geometry":{"type":"Polygon","coordinates":[[[39.120764,48.169913],[39.120854,48.169988],[39.120952,48.169937],[39.120858,48.169862],[39.120764,48.169913]]]}},{"type":"Feature","properties":{"cadnum":"4410346900:04:002:0172"},"geometry":{"type":"Polygon","coordinates":[[[39.11894,48.171186],[39.11898,48.171216],[39.118998,48.171204],[39.11908,48.171156],[39.119034,48.171126],[39.118958,48.171174],[39.11894,48.171186]]]}},{"type":"Feature","properties":{"cadnum":"4410346900:04:002:0073"},"geometry":{"type":"Polygon","coordinates":[[[39.119129,48.171306],[39.119187,48.171342],[39.119241,48.171306],[39.119183,48.171267],[39.119129,48.171306]]]}},{"type":"Feature","properties":{"cadnum":"4410346900:05:001:0049"},"geometry":{"type":"Polygon","coordinates":[[[39.11744,48.170692],[39.118294,48.171237],[39.118571,48.171043],[39.117718,48.170497],[39.11744,48.170692]]]}},{"type":"Feature","properties":{"cadnum":"4410346900:04:002:0041"},"geometry":{"type":"Polygon","coordinates":[[[39.119564,48.173355],[39.119564,48.17337],[39.119592,48.17337],[39.119592,48.173355],[39.119564,48.173355]]]}},{"type":"Feature","properties":{"cadnum":"4410346900:04:002:0042"},"geometry":{"type":"Polygon","coordinates":[[[39.119399,48.173101],[39.119399,48.173118],[39.11942,48.173118],[39.11942,48.173101],[39.119399,48.173101]]]}},{"type":"Feature","properties":{"cadnum":"4410346900:04:002:0045"},"geometry":{"type":"Polygon","coordinates":[[[39.118801,48.172246],[39.118801,48.172264],[39.118824,48.172264],[39.118824,48.172246],[39.118801,48.172246]]]}},{"type":"Feature","properties":{"cadnum":"4410346900:04:002:0081"},"geometry":{"type":"Polygon","coordinates":[[[39.117022,48.172959],[39.11708,48.173008],[39.117346,48.172906],[39.11726,48.172839],[39.117022,48.172959]]]}},{"type":"Feature","properties":{"cadnum":"4410346900:04:002:0043"},"geometry":{"type":"Polygon","coordinates":[[[39.119237,48.172852],[39.119237,48.172866],[39.119263,48.172866],[39.119263,48.172852],[39.119237,48.172852]]]}},{"type":"Feature","properties":{"cadnum":"4410346900:04:002:0044"},"geometry":{"type":"Polygon","coordinates":[[[39.119133,48.172594],[39.119133,48.172612],[39.11916,48.172612],[39.11916,48.172594],[39.119133,48.172594]]]}},{"type":"Feature","properties":{"cadnum":"4410346900:04:002:0165"},"geometry":{"type":"Polygon","coordinates":[[[39.123464,48.175284],[39.123544,48.175556],[39.123575,48.175554],[39.123863,48.175512],[39.123791,48.175245],[39.123464,48.175284]]]}},{"type":"Feature","properties":{"cadnum":"4410346900:02:001:0032"},"geometry":{"type":"Polygon","coordinates":[[[39.127577,48.175224],[39.1276,48.175224],[39.127722,48.175225],[39.127829,48.175226],[39.127915,48.17523],[39.128252,48.175226],[39.128323,48.175233],[39.128534,48.175245],[39.128565,48.175245],[39.128628,48.175065],[39.128372,48.175048],[39.128219,48.17505],[39.12817,48.17505],[39.12804,48.175053],[39.127775,48.175053],[39.127586,48.17505],[39.127577,48.175224]]]}},{"type":"Feature","properties":{"cadnum":"4410346900:04:002:0130"},"geometry":{"type":"Polygon","coordinates":[[[39.122512,48.176107],[39.122516,48.176149],[39.122552,48.176278],[39.122732,48.17626],[39.123265,48.176215],[39.123248,48.176147],[39.123221,48.176047],[39.123082,48.176065],[39.122852,48.176089],[39.122709,48.176101],[39.122552,48.176114],[39.122552,48.176113],[39.122552,48.176105],[39.122512,48.176107]]]}},{"type":"Feature","properties":{"cadnum":"4410346900:01:001:0016"},"geometry":{"type":"Polygon","coordinates":[[[39.126504,48.176655],[39.12681,48.176691],[39.12694,48.176263],[39.126571,48.17623],[39.126504,48.176655]]]}},{"type":"Feature","properties":{"cadnum":"4410346900:04:002:0150"},"geometry":{"type":"Polygon","coordinates":[[[39.124864,48.174556],[39.1249,48.174762],[39.124968,48.174753],[39.124932,48.174547],[39.124864,48.174556]]]}},{"type":"Feature","properties":{"cadnum":"4410346900:04:002:0168"},"geometry":{"type":"Polygon","coordinates":[[[39.122646,48.176478],[39.122669,48.176556],[39.122673,48.176578],[39.122709,48.176575],[39.122825,48.176554],[39.122862,48.176571],[39.122911,48.176566],[39.123032,48.176562],[39.123365,48.176518],[39.123342,48.176389],[39.123055,48.176422],[39.122992,48.176427],[39.122795,48.176458],[39.122682,48.176473],[39.122646,48.176478]]]}},{"type":"Feature","properties":{"cadnum":"4410346900:04:002:0148"},"geometry":{"type":"Polygon","coordinates":[[[39.123898,48.174484],[39.123908,48.17452],[39.123912,48.174538],[39.123953,48.174682],[39.124321,48.174631],[39.124842,48.174559],[39.124793,48.174364],[39.12412,48.174454],[39.123898,48.174484]]]}},{"type":"Feature","properties":{"cadnum":"4410346900:04:002:0163"},"geometry":{"type":"Polygon","coordinates":[[[39.122848,48.174502],[39.12287,48.174591],[39.122875,48.174642],[39.122902,48.174709],[39.123297,48.17466],[39.123401,48.174655],[39.123485,48.174646],[39.123665,48.174631],[39.123648,48.174511],[39.123638,48.174466],[39.123629,48.174424],[39.123525,48.17443],[39.123126,48.174472],[39.122848,48.174502]]]}},{"type":"Feature","properties":{"cadnum":"4410346900:04:002:0149"},"geometry":{"type":"Polygon","coordinates":[[[39.123953,48.174682],[39.123967,48.174715],[39.123975,48.174748],[39.124011,48.174873],[39.124285,48.174835],[39.124443,48.174811],[39.1249,48.174762],[39.124864,48.174556],[39.124321,48.174631],[39.123953,48.174682]]]}},{"type":"Feature","properties":{"cadnum":"4410346900:04:002:0166"},"geometry":{"type":"Polygon","coordinates":[[[39.123139,48.175323],[39.123212,48.175589],[39.123544,48.175556],[39.123464,48.175284],[39.123139,48.175323]]]}},{"type":"Feature","properties":{"cadnum":"4410346900:05:002:0222"},"geometry":{"type":"Polygon","coordinates":[[[39.105838,48.164997],[39.106017,48.16527],[39.106243,48.165614],[39.10639,48.165578],[39.106426,48.165569],[39.106489,48.165554],[39.106359,48.165348],[39.106265,48.165204],[39.106086,48.164925],[39.105838,48.164997]]]}},{"type":"Feature","properties":{"cadnum":"4410346900:05:002:0230"},"geometry":{"type":"Polygon","coordinates":[[[39.106197,48.165773],[39.106292,48.165899],[39.106417,48.166118],[39.106683,48.166085],[39.106593,48.165929],[39.106499,48.165749],[39.106472,48.165701],[39.106422,48.165713],[39.10626,48.165755],[39.106197,48.165773]]]}},{"type":"Feature","properties":{"cadnum":"4410346900:05:002:0200"},"geometry":{"type":"Polygon","coordinates":[[[39.106818,48.164728],[39.107038,48.165069],[39.107244,48.165363],[39.107491,48.165303],[39.107281,48.164991],[39.107046,48.164668],[39.106818,48.164728]]]}},{"type":"Feature","properties":{"cadnum":"4410346900:05:002:0111"},"geometry":{"type":"Polygon","coordinates":[[[39.110501,48.163907],[39.110658,48.1642],[39.110841,48.164535],[39.111063,48.164484],[39.111093,48.164479],[39.111076,48.164442],[39.111026,48.164353],[39.110878,48.164135],[39.110734,48.163873],[39.110501,48.163907]]]}},{"type":"Feature","properties":{"cadnum":"4410346900:05:002:0198"},"geometry":{"type":"Polygon","coordinates":[[[39.107365,48.16471],[39.107531,48.164943],[39.107747,48.165264],[39.10794,48.16521],[39.108017,48.165188],[39.107998,48.165156],[39.107801,48.164868],[39.107639,48.164622],[39.107365,48.16471]]]}},{"type":"Feature","properties":{"cadnum":"4410346900:05:002:0201"},"geometry":{"type":"Polygon","coordinates":[[[39.106776,48.164662],[39.106818,48.164728],[39.107046,48.164668],[39.107002,48.164608],[39.106776,48.164662]]]}},{"type":"Feature","properties":{"cadnum":"4410346900:05:002:0210"},"geometry":{"type":"Polygon","coordinates":[[[39.10848,48.165207],[39.108673,48.165569],[39.108807,48.165539],[39.108924,48.165512],[39.108866,48.165386],[39.108736,48.165144],[39.108516,48.165197],[39.10848,48.165207]]]}},{"type":"Feature","properties":{"cadnum":"4410346900:05:002:0199"},"geometry":{"type":"Polygon","coordinates":[[[39.107302,48.164617],[39.107365,48.16471],[39.107639,48.164622],[39.107585,48.164539],[39.107302,48.164617]]]}},{"type":"Feature","properties":{"cadnum":"4410346900:05:002:0195"},"geometry":{"type":"Polygon","coordinates":[[[39.109988,48.164029],[39.110168,48.164362],[39.110186,48.164398],[39.110317,48.164626],[39.11033,48.164653],[39.110497,48.164617],[39.110591,48.164593],[39.110554,48.164533],[39.110407,48.164263],[39.110245,48.163973],[39.109988,48.164029]]]}},{"type":"Feature","properties":{"cadnum":"4410346900:05:001:0090"},"geometry":{"type":"Polygon","coordinates":[[[39.11382,48.16882],[39.113833,48.168834],[39.113963,48.169041],[39.114067,48.169221],[39.114076,48.169218],[39.114112,48.169209],[39.114363,48.169146],[39.114413,48.169134],[39.114422,48.169131],[39.11435,48.168987],[39.114309,48.168894],[39.114206,48.168685],[39.114071,48.16873],[39.114049,48.168736],[39.11382,48.16882]]]}},{"type":"Feature","properties":{"cadnum":"4410346900:05:001:0147"},"geometry":{"type":"Polygon","coordinates":[[[39.116065,48.168783],[39.116174,48.168954],[39.116191,48.168949],[39.116204,48.168969],[39.116231,48.168969],[39.116321,48.168981],[39.116591,48.169002],[39.116654,48.169009],[39.116663,48.168981],[39.116735,48.16879],[39.11673,48.168772],[39.11669,48.168723],[39.116613,48.168646],[39.116583,48.168634],[39.116546,48.168634],[39.116501,48.16864],[39.116384,48.168679],[39.116273,48.168723],[39.116263,48.168718],[39.116065,48.168783]]]}},{"type":"Feature","properties":{"cadnum":"4410346900:05:001:0030"},"geometry":{"type":"Polygon","coordinates":[[[39.11138,48.169575],[39.11138,48.169593],[39.111407,48.169593],[39.111407,48.169575],[39.11138,48.169575]]]}},{"type":"Feature","properties":{"cadnum":"4410346900:05:002:0006"},"geometry":{"type":"Polygon","coordinates":[[[39.115199,48.167199],[39.115199,48.167217],[39.115225,48.167217],[39.115225,48.167199],[39.115199,48.167199]]]}},{"type":"Feature","properties":{"cadnum":"4410346900:05:001:0137"},"geometry":{"type":"Polygon","coordinates":[[[39.114439,48.168598],[39.114529,48.168718],[39.114678,48.168918],[39.114759,48.169029],[39.114898,48.168987],[39.114933,48.168976],[39.115042,48.168945],[39.114933,48.168796],[39.114879,48.168727],[39.114845,48.168676],[39.114844,48.168676],[39.114686,48.168478],[39.114439,48.168598]]]}},{"type":"Feature","properties":{"cadnum":"4410346900:05:002:0005"},"geometry":{"type":"Polygon","coordinates":[[[39.115495,48.167459],[39.115495,48.167477],[39.115522,48.167477],[39.115522,48.167459],[39.115495,48.167459]]]}},{"type":"Feature","properties":{"cadnum":"4410346900:05:001:0041"},"geometry":{"type":"Polygon","coordinates":[[[39.115967,48.167996],[39.115967,48.16801],[39.11599,48.16801],[39.11599,48.167996],[39.115967,48.167996]]]}},{"type":"Feature","properties":{"cadnum":"4410346900:05:001:0055"},"geometry":{"type":"Polygon","coordinates":[[[39.113451,48.168847],[39.113623,48.16911],[39.113658,48.169182],[39.113734,48.169305],[39.113973,48.169245],[39.113977,48.169248],[39.114009,48.169239],[39.114009,48.169236],[39.114067,48.169221],[39.113963,48.169041],[39.113833,48.168834],[39.113753,48.168742],[39.113451,48.168847]]]}},{"type":"Feature","properties":{"cadnum":"4410346900:05:002:0004"},"geometry":{"type":"Polygon","coordinates":[[[39.11585,48.167774],[39.11585,48.167789],[39.115877,48.167789],[39.115877,48.167774],[39.11585,48.167774]]]}},{"type":"Feature","properties":{"cadnum":"4410346900:05:002:0090"},"geometry":{"type":"Polygon","coordinates":[[[39.114269,48.168065],[39.114453,48.168277],[39.114772,48.168179],[39.114988,48.168112],[39.115068,48.168086],[39.114893,48.1679],[39.114858,48.167879],[39.114816,48.167837],[39.114772,48.167855],[39.114669,48.1679],[39.114619,48.167921],[39.114615,48.167917],[39.114426,48.167999],[39.114269,48.168065]]]}},{"type":"Feature","properties":{"cadnum":"4410346900:05:002:0096"},"geometry":{"type":"Polygon","coordinates":[[[39.115634,48.167331],[39.115688,48.167379],[39.115711,48.167393],[39.115738,48.167379],[39.116397,48.167178],[39.116317,48.1671],[39.115994,48.167205],[39.115908,48.167232],[39.115634,48.167331]]]}},{"type":"Feature","properties":{"cadnum":"4410346900:05:002:0113"},"geometry":{"type":"Polygon","coordinates":[[[39.115185,48.167711],[39.115199,48.16773],[39.115445,48.168014],[39.115881,48.167891],[39.115917,48.167846],[39.115581,48.167561],[39.115382,48.167639],[39.115338,48.167657],[39.115279,48.167679],[39.115185,48.167711]]]}},{"type":"Feature","properties":{"cadnum":"4410346900:05:001:0091"},"geometry":{"type":"Polygon","coordinates":[[[39.113734,48.168714],[39.11382,48.16882],[39.114049,48.168736],[39.114071,48.16873],[39.113977,48.168616],[39.113734,48.168714]]]}},{"type":"Feature","properties":{"cadnum":"4410346900:05:001:0140"},"geometry":{"type":"Polygon","coordinates":[[[39.115288,48.169074],[39.115325,48.169107],[39.115388,48.169194],[39.115495,48.169365],[39.115589,48.169338],[39.115671,48.169473],[39.11567,48.169473],[39.115575,48.169497],[39.115621,48.169566],[39.115665,48.169586],[39.115679,48.169571],[39.115715,48.169542],[39.115751,48.169485],[39.115778,48.16944],[39.115787,48.169418],[39.115791,48.169409],[39.115818,48.169398],[39.115854,48.169344],[39.1159,48.16929],[39.115824,48.169164],[39.115688,48.169053],[39.115604,48.16899],[39.115531,48.168945],[39.115405,48.169014],[39.115361,48.169036],[39.115288,48.169074]]]}},{"type":"Feature","properties":{"cadnum":"4410346900:05:002:0008"},"geometry":{"type":"Polygon","coordinates":[[[39.114472,48.166501],[39.114472,48.166519],[39.114493,48.166519],[39.114493,48.166501],[39.114472,48.166501]]]}},{"type":"Feature","properties":{"cadnum":"4410346900:05:002:0009"},"geometry":{"type":"Polygon","coordinates":[[[39.114044,48.16615],[39.114044,48.166165],[39.114071,48.166165],[39.114071,48.16615],[39.114044,48.16615]]]}},{"type":"Feature","properties":{"cadnum":"4410346900:05:002:0091"},"geometry":{"type":"Polygon","coordinates":[[[39.114292,48.166444],[39.114359,48.166504],[39.11443,48.166468],[39.114376,48.16642],[39.114292,48.166444]]]}},{"type":"Feature","properties":{"cadnum":"4410346900:05:002:0227"},"geometry":{"type":"Polygon","coordinates":[[[39.114516,48.167124],[39.114623,48.167169],[39.114705,48.167232],[39.114732,48.167253],[39.114835,48.167214],[39.114875,48.167199],[39.115001,48.167151],[39.115099,48.167109],[39.115028,48.167025],[39.114969,48.166962],[39.114916,48.166929],[39.114785,48.166993],[39.114705,48.167031],[39.114516,48.167124]]]}},{"type":"Feature","properties":{"cadnum":"4410346900:05:002:0212"},"geometry":{"type":"Polygon","coordinates":[[[39.112275,48.168146],[39.112665,48.168541],[39.112805,48.168697],[39.113057,48.168607],[39.112939,48.168487],[39.112522,48.168059],[39.112275,48.168146]]]}},{"type":"Feature","properties":{"cadnum":"4410346900:05:001:0120"},"geometry":{"type":"Polygon","coordinates":[[[39.115064,48.169161],[39.115118,48.169269],[39.115199,48.169491],[39.115203,48.169515],[39.115199,48.169589],[39.115199,48.169622],[39.115679,48.169635],[39.115697,48.169611],[39.115657,48.169595],[39.115665,48.169586],[39.115621,48.169566],[39.115541,48.169437],[39.115388,48.169194],[39.115325,48.169107],[39.115288,48.169074],[39.115258,48.169092],[39.115136,48.169143],[39.115064,48.169161]]]}},{"type":"Feature","properties":{"cadnum":"4410346900:05:002:0101"},"geometry":{"type":"Polygon","coordinates":[[[39.113208,48.167508],[39.113298,48.167621],[39.113214,48.167646],[39.113298,48.167739],[39.113438,48.167681],[39.113277,48.167484],[39.113208,48.167508]]]}},{"type":"Feature","properties":{"cadnum":"4410346900:05:002:0100"},"geometry":{"type":"Polygon","coordinates":[[[39.113277,48.167484],[39.113438,48.167681],[39.113694,48.167573],[39.114004,48.167448],[39.11408,48.167417],[39.114126,48.1674],[39.114116,48.167388],[39.11417,48.167366],[39.11413,48.167322],[39.114026,48.167208],[39.11368,48.167333],[39.113456,48.167415],[39.113277,48.167484]]]}},{"type":"Feature","properties":{"cadnum":"4410346900:05:001:0015"},"geometry":{"type":"Polygon","coordinates":[[[39.116034,48.168002],[39.116034,48.168059],[39.116155,48.168059],[39.116155,48.168002],[39.116034,48.168002]]]}},{"type":"Feature","properties":{"cadnum":"4410346900:05:002:0007"},"geometry":{"type":"Polygon","coordinates":[[[39.114858,48.16686],[39.114858,48.166878],[39.114885,48.166878],[39.114885,48.16686],[39.114858,48.16686]]]}},{"type":"Feature","properties":{"cadnum":"4410346900:05:002:0092"},"geometry":{"type":"Polygon","coordinates":[[[39.113793,48.1666],[39.114026,48.166815],[39.114256,48.166726],[39.114562,48.166587],[39.114457,48.166495],[39.11443,48.166468],[39.114359,48.166504],[39.114292,48.166444],[39.113793,48.1666]]]}},{"type":"Feature","properties":{"cadnum":"4410346900:05:002:0110"},"geometry":{"type":"Polygon","coordinates":[[[39.117004,48.164991],[39.117238,48.165219],[39.117499,48.165102],[39.117772,48.164988],[39.117692,48.164904],[39.117665,48.164886],[39.117543,48.164764],[39.117004,48.164991]]]}},{"type":"Feature","properties":{"cadnum":"4410346900:02:001:0016"},"geometry":{"type":"Polygon","coordinates":[[[39.128305,48.176189],[39.128701,48.17626],[39.128992,48.176296],[39.129172,48.176116],[39.128875,48.176047],[39.128646,48.175994],[39.128395,48.17594],[39.128391,48.175945],[39.128382,48.17597],[39.128328,48.176129],[39.128315,48.176161],[39.128305,48.176189]]]}},{"type":"Feature","properties":{"cadnum":"4410346900:02:001:0017"},"geometry":{"type":"Polygon","coordinates":[[[39.128292,48.176236],[39.128355,48.176584],[39.128412,48.176782],[39.128481,48.176811],[39.128992,48.176296],[39.128701,48.17626],[39.128305,48.176189],[39.128292,48.176236]]]}},{"type":"Feature","properties":{"cadnum":"4410346900:02:001:0033"},"geometry":{"type":"Polygon","coordinates":[[[39.128571,48.175556],[39.128632,48.175568],[39.128764,48.175598],[39.128961,48.17564],[39.12937,48.175733],[39.129481,48.175563],[39.129082,48.175475],[39.128978,48.175454],[39.128902,48.175439],[39.128745,48.17541],[39.128638,48.175388],[39.128624,48.175421],[39.128575,48.175538],[39.128571,48.175556]]]}},{"type":"Feature","properties":{"cadnum":"4410346900:02:001:0029"},"geometry":{"type":"Polygon","coordinates":[[[39.129172,48.176116],[39.129383,48.175936],[39.129307,48.175919],[39.129172,48.176116]]]}},{"type":"Feature","properties":{"cadnum":"4410346900:02:001:0028"},"geometry":{"type":"Polygon","coordinates":[[[39.128395,48.17594],[39.128646,48.175994],[39.128875,48.176047],[39.129172,48.176116],[39.129307,48.175919],[39.128875,48.17582],[39.128534,48.175739],[39.128502,48.17573],[39.128485,48.175763],[39.128475,48.175787],[39.128395,48.17594]]]}},{"type":"Feature","properties":{"cadnum":"4410346900:03:001:0009"},"geometry":{"type":"Polygon","coordinates":[[[39.125651,48.1669],[39.125789,48.167426],[39.126032,48.167411],[39.126037,48.167421],[39.126091,48.167415],[39.1261,48.167409],[39.126011,48.166902],[39.125651,48.1669]]]}},{"type":"Feature","properties":{"cadnum":"4410346900:03:001:0054"},"geometry":{"type":"Polygon","coordinates":[[[39.12464,48.166764],[39.12464,48.166765],[39.124707,48.166845],[39.124779,48.166935],[39.12482,48.166929],[39.12482,48.166924],[39.124846,48.166924],[39.124846,48.166926],[39.125166,48.166878],[39.125246,48.166866],[39.125265,48.166866],[39.125313,48.166864],[39.125309,48.166858],[39.125579,48.166833],[39.125466,48.166606],[39.125265,48.166645],[39.125143,48.166669],[39.124657,48.166758],[39.12464,48.166764]]]}},{"type":"Feature","properties":{"cadnum":"4410346900:01:001:0010"},"geometry":{"type":"Polygon","coordinates":[[[39.12477,48.168505],[39.124963,48.169023],[39.125166,48.168987],[39.125489,48.168925],[39.125292,48.168412],[39.12477,48.168505]]]}},{"type":"Feature","properties":{"cadnum":"4410346900:16:001:0020"},"geometry":{"type":"Polygon","coordinates":[[[39.078031,48.114511],[39.078089,48.114507],[39.078067,48.11332],[39.078054,48.113044],[39.078098,48.112792],[39.078255,48.112564],[39.078039,48.112792],[39.077995,48.113044],[39.078008,48.11332],[39.078031,48.114511]]]}}]}