{"type":"FeatureCollection","features":[{"type":"Feature","properties":{"cadnum":"4421483000:01:004:0034"},"geometry":{"type":"Polygon","coordinates":[[[39.817654,48.512587],[39.818193,48.512953],[39.818193,48.512954],[39.818192,48.512954],[39.819245,48.51367],[39.81986,48.513358],[39.819903,48.513336],[39.820032,48.513271],[39.820032,48.51327],[39.820219,48.513176],[39.819893,48.512954],[39.819892,48.512954],[39.818733,48.512164],[39.817654,48.512587]]]}},{"type":"Feature","properties":{"cadnum":"4421483000:01:004:0038"},"geometry":{"type":"Polygon","coordinates":[[[39.812022,48.512206],[39.814259,48.512616],[39.814367,48.512521],[39.814465,48.512435],[39.814721,48.512095],[39.814367,48.51203],[39.814367,48.512031],[39.812421,48.511672],[39.812404,48.511696],[39.812022,48.512206]]]}},{"type":"Feature","properties":{"cadnum":"4421483000:01:004:0039"},"geometry":{"type":"Polygon","coordinates":[[[39.812421,48.511672],[39.814539,48.512062],[39.814721,48.512095],[39.815121,48.511562],[39.814539,48.511456],[39.812821,48.51114],[39.812771,48.511206],[39.812421,48.511672]]]}},{"type":"Feature","properties":{"cadnum":"4421483000:01:004:0040"},"geometry":{"type":"Polygon","coordinates":[[[39.812821,48.51114],[39.814367,48.511424],[39.814367,48.511425],[39.815121,48.511562],[39.815521,48.511033],[39.814367,48.510821],[39.814367,48.510822],[39.813221,48.510611],[39.81314,48.510721],[39.812821,48.51114]]]}},{"type":"Feature","properties":{"cadnum":"4421483000:13:001:0010"},"geometry":{"type":"Polygon","coordinates":[[[39.752423,48.508569],[39.752584,48.509314],[39.752583,48.509315],[39.752715,48.509926],[39.753942,48.509789],[39.753942,48.50979],[39.75411,48.509771],[39.754114,48.50977],[39.754153,48.509766],[39.754056,48.509315],[39.754056,48.509314],[39.753942,48.508781],[39.753851,48.508355],[39.75289,48.50848],[39.752423,48.508569]]]}},{"type":"Feature","properties":{"cadnum":"4421483000:13:001:0011"},"geometry":{"type":"Polygon","coordinates":[[[39.753851,48.508355],[39.754081,48.509428],[39.754153,48.509766],[39.755652,48.509599],[39.755616,48.509426],[39.755347,48.508156],[39.755302,48.508161],[39.754327,48.508293],[39.753995,48.508337],[39.753851,48.508355]]]}},{"type":"Feature","properties":{"cadnum":"4421483000:13:001:0008"},"geometry":{"type":"Polygon","coordinates":[[[39.754844,48.512208],[39.75493,48.512616],[39.758285,48.512244],[39.759448,48.512122],[39.759358,48.511703],[39.754844,48.512208]]]}},{"type":"Feature","properties":{"cadnum":"4421483000:13:001:0004"},"geometry":{"type":"Polygon","coordinates":[[[39.759381,48.510071],[39.759436,48.510309],[39.759436,48.51031],[39.759771,48.511759],[39.759817,48.511943],[39.759825,48.511988],[39.7651,48.511542],[39.765101,48.511542],[39.766818,48.511396],[39.766774,48.511176],[39.766774,48.511167],[39.766652,48.510708],[39.765992,48.510438],[39.765992,48.510437],[39.765893,48.51025],[39.76575,48.509533],[39.765101,48.509589],[39.7651,48.509589],[39.7651,48.509588],[39.759474,48.510064],[39.759381,48.510071]]]}},{"type":"Feature","properties":{"cadnum":"4421483000:14:002:0012"},"geometry":{"type":"Polygon","coordinates":[[[39.753061,48.477374],[39.753942,48.477965],[39.756061,48.479384],[39.759607,48.477784],[39.76023,48.477502],[39.760023,48.477348],[39.759556,48.476942],[39.759318,48.476722],[39.755343,48.478529],[39.754256,48.477791],[39.754777,48.477556],[39.75488,48.477508],[39.755782,48.477097],[39.756983,48.476551],[39.758415,48.4759],[39.758276,48.475775],[39.75709,48.474718],[39.75761,48.474468],[39.756955,48.474027],[39.753942,48.476619],[39.753889,48.476665],[39.753335,48.477142],[39.753061,48.477374]]]}},{"type":"Feature","properties":{"cadnum":"4421483000:14:002:0010"},"geometry":{"type":"Polygon","coordinates":[[[39.750832,48.481748],[39.752144,48.482633],[39.753942,48.481815],[39.753942,48.481816],[39.757514,48.480192],[39.759607,48.479242],[39.759607,48.479241],[39.761599,48.478336],[39.761245,48.478142],[39.760948,48.477981],[39.760517,48.477723],[39.76023,48.477502],[39.759436,48.477861],[39.759436,48.477862],[39.756061,48.479384],[39.754275,48.480192],[39.754274,48.480192],[39.753942,48.480343],[39.750832,48.481748]]]}},{"type":"Feature","properties":{"cadnum":"4421483000:14:002:0040"},"geometry":{"type":"Polygon","coordinates":[[[39.754256,48.477791],[39.75474,48.478118],[39.75816,48.476565],[39.758824,48.476264],[39.758415,48.4759],[39.756984,48.476551],[39.756983,48.476551],[39.754256,48.477791]]]}},{"type":"Feature","properties":{"cadnum":"4421483000:14:002:0039"},"geometry":{"type":"Polygon","coordinates":[[[39.75474,48.478118],[39.755343,48.478529],[39.759318,48.476722],[39.759176,48.476589],[39.758905,48.476332],[39.758824,48.476264],[39.758191,48.476551],[39.75816,48.476565],[39.75794,48.476665],[39.75474,48.478118]]]}},{"type":"Feature","properties":{"cadnum":"4421483000:14:002:0009"},"geometry":{"type":"Polygon","coordinates":[[[39.752144,48.482633],[39.753379,48.483469],[39.754114,48.483138],[39.754114,48.483137],[39.759607,48.480654],[39.759607,48.480653],[39.760559,48.480222],[39.760742,48.48014],[39.763027,48.479107],[39.762847,48.479012],[39.761599,48.478336],[39.759436,48.479319],[39.759436,48.47932],[39.757263,48.480306],[39.754114,48.481738],[39.754114,48.481737],[39.752144,48.482633]]]}},{"type":"Feature","properties":{"cadnum":"4421483000:11:003:0030"},"geometry":{"type":"Polygon","coordinates":[[[39.715229,48.493191],[39.715229,48.493209],[39.715256,48.493209],[39.71525,48.493191],[39.715229,48.493191]]]}},{"type":"Feature","properties":{"cadnum":"4421483000:11:003:0032"},"geometry":{"type":"Polygon","coordinates":[[[39.713719,48.492759],[39.713746,48.492757],[39.713746,48.492742],[39.713719,48.492742],[39.713719,48.492759]]]}},{"type":"Feature","properties":{"cadnum":"4421483000:11:003:0031"},"geometry":{"type":"Polygon","coordinates":[[[39.714474,48.492965],[39.714474,48.492983],[39.714497,48.492983],[39.714497,48.492965],[39.714474,48.492965]]]}},{"type":"Feature","properties":{"cadnum":"4421483000:11:003:0035"},"geometry":{"type":"Polygon","coordinates":[[[39.711388,48.492031],[39.711388,48.492046],[39.711415,48.492046],[39.711411,48.492031],[39.711388,48.492031]]]}},{"type":"Feature","properties":{"cadnum":"4421483000:11:003:0061"},"geometry":{"type":"Polygon","coordinates":[[[39.710558,48.491495],[39.712053,48.491953],[39.71429,48.492709],[39.71549,48.493088],[39.715612,48.493127],[39.715662,48.493142],[39.71725,48.493644],[39.718315,48.492569],[39.719347,48.492924],[39.719244,48.49309],[39.720983,48.493632],[39.720984,48.493632],[39.721737,48.493867],[39.723309,48.492194],[39.723255,48.491313],[39.722833,48.491197],[39.722034,48.490977],[39.721747,48.491115],[39.721597,48.491188],[39.721512,48.491229],[39.721351,48.491307],[39.720984,48.491167],[39.720983,48.491167],[39.720519,48.490989],[39.720039,48.491016],[39.719888,48.491115],[39.719805,48.49117],[39.719715,48.491229],[39.719329,48.491483],[39.718642,48.491265],[39.718785,48.491145],[39.719455,48.49059],[39.717169,48.489923],[39.715889,48.489685],[39.715556,48.489485],[39.715619,48.489068],[39.714847,48.488794],[39.712367,48.488161],[39.711523,48.488101],[39.711675,48.488479],[39.711631,48.488792],[39.710661,48.490402],[39.710593,48.491115],[39.710589,48.491157],[39.710582,48.491229],[39.710558,48.491495]]]}},{"type":"Feature","properties":{"cadnum":"4421483000:11:003:0033"},"geometry":{"type":"Polygon","coordinates":[[[39.712965,48.492512],[39.712965,48.492527],[39.712992,48.492527],[39.712986,48.492512],[39.712965,48.492512]]]}},{"type":"Feature","properties":{"cadnum":"4421483000:11:003:0036"},"geometry":{"type":"Polygon","coordinates":[[[39.710585,48.491784],[39.710585,48.491801],[39.710611,48.491801],[39.710611,48.491784],[39.710585,48.491784]]]}},{"type":"Feature","properties":{"cadnum":"4421483000:11:003:0034"},"geometry":{"type":"Polygon","coordinates":[[[39.71217,48.492269],[39.71217,48.492287],[39.712193,48.492287],[39.712193,48.492269],[39.71217,48.492269]]]}},{"type":"Feature","properties":{"cadnum":"4421483000:08:001:0002"},"geometry":{"type":"Polygon","coordinates":[[[39.651852,48.494593],[39.652099,48.494623],[39.652697,48.494731],[39.652874,48.494756],[39.653424,48.494833],[39.6535,48.494844],[39.653868,48.494869],[39.654223,48.494894],[39.654372,48.494879],[39.654395,48.494756],[39.654395,48.494755],[39.655068,48.49112],[39.654363,48.491069],[39.652531,48.490944],[39.652477,48.491229],[39.651852,48.494593]],[[39.654327,48.494715],[39.654327,48.494716],[39.654326,48.494716],[39.6543,48.494716],[39.6543,48.494715],[39.6543,48.494698],[39.654326,48.494698],[39.654327,48.494698],[39.654327,48.494715]],[[39.652611,48.494561],[39.652585,48.494561],[39.652584,48.494561],[39.652584,48.494543],[39.652585,48.494543],[39.652611,48.49454],[39.652611,48.494561]]]}},{"type":"Feature","properties":{"cadnum":"4421483000:08:001:0001"},"geometry":{"type":"Polygon","coordinates":[[[39.649346,48.494087],[39.649521,48.494328],[39.649572,48.494345],[39.649637,48.494366],[39.649744,48.4944],[39.649744,48.494399],[39.649822,48.494424],[39.650571,48.494451],[39.651852,48.494593],[39.652499,48.491115],[39.652531,48.490944],[39.651143,48.490849],[39.650923,48.490831],[39.650694,48.490816],[39.650275,48.490798],[39.649827,48.490775],[39.649766,48.491115],[39.649765,48.491115],[39.649682,48.491584],[39.649719,48.491697],[39.649592,48.491905],[39.649422,48.493203],[39.649346,48.494087]],[[39.650904,48.494403],[39.650877,48.494403],[39.650877,48.494385],[39.650904,48.494385],[39.650904,48.494403]]]}},{"type":"Feature","properties":{"cadnum":"4421483000:14:003:0002"},"geometry":{"type":"Polygon","coordinates":[[[39.714334,48.459654],[39.715662,48.46028],[39.715662,48.460279],[39.715772,48.460331],[39.717187,48.459113],[39.718085,48.45834],[39.718602,48.457897],[39.719913,48.456771],[39.718426,48.456137],[39.71573,48.458454],[39.715731,48.458454],[39.715551,48.458609],[39.714334,48.459654]]]}},{"type":"Feature","properties":{"cadnum":"4421483000:14:003:0001"},"geometry":{"type":"Polygon","coordinates":[[[39.712902,48.458978],[39.714334,48.459654],[39.71549,48.458661],[39.715551,48.458609],[39.715662,48.458513],[39.715863,48.45834],[39.718426,48.456137],[39.717025,48.455538],[39.716208,48.456256],[39.715718,48.456583],[39.71549,48.456772],[39.713453,48.458454],[39.713193,48.458669],[39.712902,48.458978]]]}},{"type":"Feature","properties":{"cadnum":"4421483000:10:003:0005"},"geometry":{"type":"Polygon","coordinates":[[[39.705136,48.465135],[39.705235,48.465201],[39.705698,48.465504],[39.705877,48.465599],[39.709997,48.462177],[39.710135,48.462062],[39.710119,48.462054],[39.709902,48.461948],[39.709699,48.461853],[39.709447,48.461734],[39.709308,48.461665],[39.708926,48.461983],[39.705136,48.465135]]]}},{"type":"Feature","properties":{"cadnum":"4421483000:02:001:0014"},"geometry":{"type":"Polygon","coordinates":[[[39.809458,48.541193],[39.809471,48.54177],[39.814367,48.541622],[39.814367,48.541623],[39.81986,48.541456],[39.81986,48.541457],[39.823924,48.541333],[39.824662,48.540732],[39.81986,48.540878],[39.814539,48.541039],[39.809458,48.541193]]]}},{"type":"Feature","properties":{"cadnum":"4421483000:05:001:0001"},"geometry":{"type":"Polygon","coordinates":[[[39.802401,48.50043],[39.80267,48.500597],[39.803381,48.500409],[39.80341,48.500402],[39.803553,48.500364],[39.804337,48.500156],[39.80458,48.500103],[39.804687,48.500099],[39.804831,48.500121],[39.805163,48.500317],[39.806066,48.500849],[39.806435,48.501025],[39.807127,48.501293],[39.80766,48.501508],[39.807809,48.501567],[39.80877,48.501951],[39.808874,48.501992],[39.808874,48.501993],[39.809002,48.502043],[39.809046,48.50206],[39.809272,48.502149],[39.809273,48.502149],[39.811159,48.502891],[39.814115,48.504073],[39.814367,48.504179],[39.814367,48.50418],[39.814425,48.504204],[39.814539,48.504235],[39.814539,48.504234],[39.814721,48.504284],[39.814892,48.504347],[39.816136,48.504891],[39.816419,48.505049],[39.816616,48.505165],[39.817554,48.505789],[39.817555,48.505789],[39.817861,48.505992],[39.818427,48.506423],[39.818769,48.506626],[39.819132,48.506822],[39.81986,48.507127],[39.81986,48.507128],[39.819873,48.507132],[39.820032,48.507182],[39.820138,48.507215],[39.820528,48.507298],[39.820821,48.50734],[39.821014,48.507358],[39.8214,48.507411],[39.821719,48.507474],[39.822092,48.507557],[39.823341,48.507879],[39.82379,48.507995],[39.823853,48.50801],[39.824392,48.508141],[39.824616,48.5082],[39.824935,48.508289],[39.825075,48.508284],[39.825354,48.508183],[39.825398,48.508167],[39.825505,48.50806],[39.825525,48.508034],[39.825525,48.508033],[39.825663,48.507852],[39.826071,48.507346],[39.82627,48.507191],[39.826799,48.507034],[39.827285,48.506992],[39.82754,48.506998],[39.827729,48.507034],[39.827945,48.507084],[39.828169,48.507164],[39.828224,48.507188],[39.828254,48.507201],[39.828321,48.50721],[39.828398,48.507177],[39.828403,48.507102],[39.828375,48.506986],[39.828295,48.506745],[39.828264,48.506733],[39.828209,48.506579],[39.828191,48.506525],[39.828214,48.506507],[39.828071,48.506046],[39.828057,48.505998],[39.82803,48.505885],[39.827958,48.505675],[39.827729,48.505011],[39.827729,48.50501],[39.827465,48.504522],[39.827176,48.504078],[39.826763,48.503498],[39.8267,48.503385],[39.826705,48.503171],[39.826705,48.503156],[39.826893,48.502258],[39.82697,48.502061],[39.826992,48.501846],[39.826916,48.501457],[39.826862,48.501281],[39.826677,48.501168],[39.826264,48.500954],[39.825627,48.500647],[39.825354,48.500537],[39.824593,48.500231],[39.82423,48.500264],[39.825354,48.500726],[39.825488,48.500781],[39.825525,48.500799],[39.826121,48.501082],[39.82652,48.50129],[39.826637,48.501361],[39.826673,48.501484],[39.82675,48.501852],[39.82675,48.501853],[39.826733,48.502035],[39.826733,48.502036],[39.826732,48.502036],[39.826732,48.502046],[39.826728,48.502149],[39.826729,48.502149],[39.826727,48.502245],[39.826543,48.50315],[39.826539,48.503278],[39.826539,48.503415],[39.826629,48.50354],[39.827037,48.50412],[39.827325,48.504557],[39.827585,48.505037],[39.827803,48.505675],[39.827802,48.505675],[39.827829,48.505753],[39.827841,48.505789],[39.827882,48.505906],[39.827922,48.506063],[39.828065,48.506528],[39.828097,48.506537],[39.828098,48.506537],[39.828115,48.50659],[39.828174,48.506748],[39.828155,48.506766],[39.828161,48.50678],[39.828224,48.506995],[39.828237,48.507067],[39.828224,48.507078],[39.827998,48.507001],[39.827778,48.506939],[39.827576,48.506891],[39.82719,48.506882],[39.826754,48.506921],[39.826161,48.507096],[39.825924,48.507283],[39.825505,48.50779],[39.825325,48.508019],[39.825272,48.508081],[39.825029,48.50817],[39.824966,48.50817],[39.824679,48.508093],[39.824455,48.508033],[39.823911,48.5079],[39.823848,48.507885],[39.822136,48.507468],[39.821759,48.507385],[39.821436,48.50732],[39.821037,48.507266],[39.820848,48.507245],[39.820565,48.507206],[39.820188,48.507126],[39.819941,48.507049],[39.819209,48.506742],[39.818859,48.506557],[39.818526,48.506361],[39.817964,48.505929],[39.817751,48.505789],[39.816706,48.505099],[39.816496,48.50498],[39.816209,48.504826],[39.814959,48.504278],[39.814788,48.504201],[39.814631,48.504162],[39.814488,48.504124],[39.814186,48.503995],[39.811232,48.502814],[39.809597,48.502149],[39.808999,48.501906],[39.808865,48.501852],[39.807194,48.501215],[39.806664,48.501001],[39.806466,48.500918],[39.806152,48.500787],[39.80532,48.500264],[39.804925,48.50004],[39.804804,48.500008],[39.804655,48.499984],[39.804548,48.49999],[39.804288,48.500064],[39.803381,48.50024],[39.802401,48.50043]]]}},{"type":"Feature","properties":{"cadnum":"4421483000:05:003:0010"},"geometry":{"type":"Polygon","coordinates":[[[39.821643,48.508882],[39.821643,48.508908],[39.821688,48.508908],[39.821683,48.508882],[39.821643,48.508882]]]}},{"type":"Feature","properties":{"cadnum":"4421483000:05:003:0011"},"geometry":{"type":"Polygon","coordinates":[[[39.820044,48.508438],[39.820088,48.508438],[39.820084,48.508408],[39.820044,48.508412],[39.820044,48.508438]]]}},{"type":"Feature","properties":{"cadnum":"4421483000:05:003:0009"},"geometry":{"type":"Polygon","coordinates":[[[39.823188,48.509337],[39.823188,48.509363],[39.823233,48.509363],[39.823228,48.509337],[39.823188,48.509337]]]}},{"type":"Feature","properties":{"cadnum":"4421483000:02:004:0013"},"geometry":{"type":"Polygon","coordinates":[[[39.838154,48.521125],[39.842005,48.521004],[39.846135,48.520872],[39.846487,48.520236],[39.846944,48.519411],[39.841833,48.519573],[39.83872,48.51967],[39.838499,48.520345],[39.838392,48.520673],[39.838154,48.521125]]]}},{"type":"Feature","properties":{"cadnum":"4421483000:02:004:0012"},"geometry":{"type":"Polygon","coordinates":[[[39.83734,48.522693],[39.842005,48.522547],[39.845269,48.522443],[39.846135,48.520872],[39.841833,48.521009],[39.838154,48.521125],[39.83734,48.522693]]]}},{"type":"Feature","properties":{"cadnum":"4421483000:01:003:0113"},"geometry":{"type":"Polygon","coordinates":[[[39.781088,48.52169],[39.781408,48.521785],[39.783734,48.522473],[39.78377,48.521768],[39.783159,48.521655],[39.783158,48.521655],[39.783164,48.521595],[39.78158,48.521125],[39.781273,48.521033],[39.781088,48.52169]]]}},{"type":"Feature","properties":{"cadnum":"4421483000:01:003:0097"},"geometry":{"type":"Polygon","coordinates":[[[39.775015,48.521851],[39.775461,48.522413],[39.775904,48.522978],[39.775915,48.522992],[39.775915,48.522993],[39.776072,48.523191],[39.776087,48.52321],[39.77635,48.523543],[39.777172,48.522978],[39.776087,48.5216],[39.775837,48.521283],[39.775015,48.521851]]]}},{"type":"Feature","properties":{"cadnum":"4421483000:01:003:0080"},"geometry":{"type":"Polygon","coordinates":[[[39.774319,48.519992],[39.774595,48.520345],[39.774596,48.520345],[39.775491,48.521483],[39.776087,48.521072],[39.77625,48.520958],[39.776087,48.520752],[39.776087,48.520751],[39.775688,48.520248],[39.775074,48.519471],[39.774764,48.519682],[39.774319,48.519992]]]}},{"type":"Feature","properties":{"cadnum":"4421483000:01:003:0081"},"geometry":{"type":"Polygon","coordinates":[[[39.775074,48.519471],[39.775675,48.520231],[39.775688,48.520248],[39.775765,48.520345],[39.775915,48.520534],[39.775915,48.520535],[39.77625,48.520958],[39.776992,48.520449],[39.776862,48.520285],[39.776053,48.51926],[39.775816,48.518959],[39.775518,48.519165],[39.775074,48.519471]]]}},{"type":"Feature","properties":{"cadnum":"4421483000:01:003:0099"},"geometry":{"type":"Polygon","coordinates":[[[39.776705,48.520685],[39.777935,48.522246],[39.778866,48.521467],[39.77798,48.520345],[39.777707,48.519997],[39.7772,48.520345],[39.776705,48.520685]]]}},{"type":"Feature","properties":{"cadnum":"4421483000:01:003:0082"},"geometry":{"type":"Polygon","coordinates":[[[39.775816,48.518959],[39.775915,48.519085],[39.776053,48.51926],[39.776087,48.519303],[39.776819,48.520231],[39.776862,48.520285],[39.776909,48.520345],[39.776992,48.520449],[39.777143,48.520345],[39.777144,48.520345],[39.777814,48.519882],[39.777518,48.519626],[39.777558,48.519596],[39.776619,48.518405],[39.776087,48.518773],[39.776087,48.518772],[39.775816,48.518959]]]}},{"type":"Feature","properties":{"cadnum":"4421483000:01:003:0108"},"geometry":{"type":"Polygon","coordinates":[[[39.779629,48.524028],[39.781408,48.524557],[39.781408,48.524558],[39.782724,48.524948],[39.783087,48.524659],[39.782615,48.524599],[39.782804,48.524398],[39.781408,48.523985],[39.781401,48.523983],[39.781402,48.523983],[39.78114,48.523906],[39.781018,48.523869],[39.779719,48.523485],[39.779654,48.523869],[39.779649,48.523899],[39.779635,48.523983],[39.779636,48.523983],[39.779629,48.524028]]]}},{"type":"Feature","properties":{"cadnum":"4421483000:01:003:0112"},"geometry":{"type":"Polygon","coordinates":[[[39.780221,48.522041],[39.781408,48.522393],[39.783703,48.523071],[39.783734,48.522473],[39.78158,48.521836],[39.781088,48.52169],[39.781017,48.521946],[39.780258,48.521937],[39.780221,48.522041]]]}},{"type":"Feature","properties":{"cadnum":"4421483000:01:003:0114"},"geometry":{"type":"Polygon","coordinates":[[[39.781273,48.521033],[39.781408,48.521073],[39.781408,48.521074],[39.783164,48.521595],[39.783248,48.520619],[39.782264,48.520328],[39.781529,48.520111],[39.781463,48.520345],[39.781464,48.520345],[39.781273,48.521033]]]}},{"type":"Feature","properties":{"cadnum":"4421483000:01:003:0158"},"geometry":{"type":"Polygon","coordinates":[[[39.775178,48.523478],[39.775485,48.523869],[39.775532,48.523929],[39.775575,48.523983],[39.775623,48.524043],[39.775856,48.523886],[39.775857,48.523886],[39.775915,48.523845],[39.775937,48.52383],[39.776087,48.523726],[39.77635,48.523543],[39.776072,48.523191],[39.775904,48.522978],[39.775178,48.523478]]]}},{"type":"Feature","properties":{"cadnum":"4421483000:01:003:0098"},"geometry":{"type":"Polygon","coordinates":[[[39.775837,48.521283],[39.775915,48.521382],[39.777172,48.522978],[39.777221,48.522943],[39.777216,48.522848],[39.777935,48.522246],[39.776705,48.520685],[39.775994,48.521175],[39.775837,48.521283]]]}},{"type":"Feature","properties":{"cadnum":"4421483000:01:003:0100"},"geometry":{"type":"Polygon","coordinates":[[[39.777707,48.519997],[39.777891,48.520231],[39.778866,48.521467],[39.779952,48.520554],[39.779661,48.520303],[39.778749,48.519512],[39.77794,48.519992],[39.777841,48.519902],[39.777707,48.519997]]]}},{"type":"Feature","properties":{"cadnum":"4421483000:01:003:0104"},"geometry":{"type":"Polygon","coordinates":[[[39.775856,48.523886],[39.775931,48.523983],[39.775932,48.523983],[39.776036,48.524115],[39.776087,48.524179],[39.776633,48.52487],[39.777292,48.524418],[39.777266,48.523869],[39.777221,48.522943],[39.777172,48.522978],[39.77635,48.523543],[39.775937,48.52383],[39.775881,48.523869],[39.77588,48.523869],[39.775857,48.523886],[39.775856,48.523886]]]}},{"type":"Feature","properties":{"cadnum":"4421483000:01:003:0109"},"geometry":{"type":"Polygon","coordinates":[[[39.779719,48.523485],[39.78114,48.523906],[39.78158,48.524036],[39.782804,48.524398],[39.783221,48.52396],[39.782914,48.523869],[39.781571,48.523473],[39.779875,48.522972],[39.779741,48.523338],[39.779719,48.523485]]]}},{"type":"Feature","properties":{"cadnum":"4421483000:01:003:0110"},"geometry":{"type":"Polygon","coordinates":[[[39.779875,48.522972],[39.781408,48.523425],[39.781571,48.523473],[39.78158,48.523476],[39.783221,48.52396],[39.783613,48.523553],[39.781408,48.522901],[39.781408,48.522902],[39.780051,48.5225],[39.779875,48.522972]]]}},{"type":"Feature","properties":{"cadnum":"4421483000:06:004:0026"},"geometry":{"type":"Polygon","coordinates":[[[39.821629,48.47869],[39.825525,48.479082],[39.825525,48.479081],[39.82569,48.479098],[39.825775,48.478625],[39.826107,48.476665],[39.826153,48.476397],[39.826373,48.474617],[39.82596,48.474605],[39.825761,48.474599],[39.825354,48.475033],[39.825205,48.475192],[39.823668,48.475981],[39.822159,48.476416],[39.822061,48.476551],[39.82206,48.476551],[39.821943,48.476713],[39.821652,48.478538],[39.821629,48.47869]]]}},{"type":"Feature","properties":{"cadnum":"4421483000:11:001:0044"},"geometry":{"type":"Polygon","coordinates":[[[39.719418,48.520947],[39.720267,48.52097],[39.720483,48.520956],[39.720562,48.520231],[39.720699,48.51898],[39.720861,48.517498],[39.720949,48.516706],[39.72095,48.516706],[39.720983,48.516408],[39.720984,48.516408],[39.720992,48.516335],[39.721155,48.516298],[39.722186,48.516065],[39.722262,48.515348],[39.721055,48.515298],[39.720367,48.51527],[39.720196,48.51621],[39.720128,48.516592],[39.719877,48.518001],[39.719511,48.520345],[39.719512,48.520345],[39.719418,48.520947]]]}},{"type":"Feature","properties":{"cadnum":"4421483000:11:002:0054"},"geometry":{"type":"Polygon","coordinates":[[[39.715602,48.518281],[39.715692,48.518914],[39.717663,48.520054],[39.7178,48.520231],[39.717831,48.520271],[39.717888,48.520345],[39.717889,48.520345],[39.717946,48.520418],[39.718529,48.520765],[39.719418,48.520947],[39.71953,48.520231],[39.719529,48.520231],[39.719877,48.518001],[39.720108,48.516706],[39.720196,48.51621],[39.720367,48.51527],[39.720564,48.514181],[39.71703,48.513875],[39.716302,48.513919],[39.715854,48.516706],[39.715602,48.518281]]]}},{"type":"Feature","properties":{"cadnum":"4421483000:11:001:0001"},"geometry":{"type":"Polygon","coordinates":[[[39.720483,48.520956],[39.72087,48.520929],[39.720983,48.520932],[39.720984,48.520932],[39.720984,48.520933],[39.721965,48.520956],[39.722896,48.52087],[39.723313,48.520777],[39.724185,48.520449],[39.724678,48.520239],[39.72468,48.520238],[39.725456,48.519777],[39.726648,48.519036],[39.726776,48.518956],[39.726754,48.518914],[39.726477,48.518918],[39.72108,48.518977],[39.720699,48.51898],[39.720549,48.520345],[39.72055,48.520345],[39.720483,48.520956]]]}},{"type":"Feature","properties":{"cadnum":"4421483000:10:004:0001"},"geometry":{"type":"Polygon","coordinates":[[[39.70748,48.486491],[39.708581,48.48663],[39.709717,48.486782],[39.709997,48.48683],[39.710022,48.486834],[39.710169,48.486859],[39.711172,48.487029],[39.713068,48.487274],[39.714113,48.487474],[39.714113,48.487475],[39.71549,48.487739],[39.715643,48.487769],[39.715662,48.487772],[39.716679,48.487967],[39.717959,48.488238],[39.718508,48.488426],[39.718638,48.487979],[39.718712,48.487475],[39.718711,48.487475],[39.718711,48.487474],[39.718749,48.48722],[39.71549,48.486753],[39.710169,48.48599],[39.710169,48.485989],[39.707606,48.485621],[39.707516,48.486175],[39.70748,48.48649],[39.70748,48.486491]]]}},{"type":"Feature","properties":{"cadnum":"4421483000:07:002:0037"},"geometry":{"type":"Polygon","coordinates":[[[39.841011,48.487303],[39.841063,48.487474],[39.841063,48.487475],[39.841074,48.487509],[39.841098,48.487588],[39.841231,48.488018],[39.841694,48.4895],[39.842005,48.489465],[39.842005,48.489464],[39.842156,48.489447],[39.842331,48.489009],[39.842305,48.487588],[39.8423,48.487256],[39.84186,48.487343],[39.841774,48.48736],[39.841011,48.487303]]]}},{"type":"Feature","properties":{"cadnum":"4421483000:07:002:0007"},"geometry":{"type":"Polygon","coordinates":[[[39.835692,48.4927],[39.836512,48.49261],[39.842005,48.492006],[39.842005,48.492005],[39.84442,48.491739],[39.844135,48.491191],[39.843992,48.490914],[39.843611,48.490617],[39.843495,48.490563],[39.841833,48.490746],[39.838477,48.491115],[39.838475,48.491115],[39.838072,48.49116],[39.837441,48.491229],[39.837442,48.491229],[39.83634,48.491351],[39.835809,48.491408],[39.835692,48.4927]]]}},{"type":"Feature","properties":{"cadnum":"4421483000:11:001:0061"},"geometry":{"type":"Polygon","coordinates":[[[39.73594,48.50354],[39.737435,48.502909],[39.737479,48.502149],[39.73748,48.502149],[39.737565,48.500689],[39.737188,48.500767],[39.736689,48.50093],[39.736078,48.501174],[39.736027,48.502035],[39.736027,48.502036],[39.736026,48.50205],[39.73602,48.502149],[39.73594,48.50354]]]}},{"type":"Feature","properties":{"cadnum":"4421483000:11:001:0060"},"geometry":{"type":"Polygon","coordinates":[[[39.734236,48.504257],[39.734712,48.504058],[39.73594,48.50354],[39.736026,48.50205],[39.736078,48.501174],[39.735768,48.501296],[39.735921,48.501466],[39.735634,48.501808],[39.735045,48.501814],[39.734879,48.501629],[39.73438,48.501802],[39.734365,48.502035],[39.734365,48.502036],[39.73436,48.502119],[39.734358,48.502149],[39.734236,48.504257]]]}},{"type":"Feature","properties":{"cadnum":"4421483000:14:003:0006"},"geometry":{"type":"Polygon","coordinates":[[[39.717025,48.455538],[39.718426,48.456137],[39.719913,48.456771],[39.721155,48.4573],[39.721155,48.457299],[39.7236,48.45834],[39.724395,48.458678],[39.724657,48.458454],[39.72524,48.457954],[39.721155,48.456218],[39.717883,48.454826],[39.717214,48.455368],[39.717025,48.455538]]]}},{"type":"Feature","properties":{"cadnum":"4421483000:14:003:0004"},"geometry":{"type":"Polygon","coordinates":[[[39.717187,48.459113],[39.720983,48.460728],[39.720984,48.460728],[39.721075,48.460767],[39.721155,48.460801],[39.721669,48.461019],[39.723084,48.459804],[39.721155,48.458984],[39.719642,48.45834],[39.718602,48.457897],[39.717953,48.458454],[39.717187,48.459113]]]}},{"type":"Feature","properties":{"cadnum":"4421483000:14:003:0005"},"geometry":{"type":"Polygon","coordinates":[[[39.718602,48.457897],[39.719909,48.458454],[39.71991,48.458454],[39.720983,48.458911],[39.720984,48.458911],[39.723084,48.459804],[39.724395,48.458678],[39.723868,48.458454],[39.720984,48.457226],[39.720984,48.457227],[39.720983,48.457227],[39.719913,48.456771],[39.718602,48.457897]]]}},{"type":"Feature","properties":{"cadnum":"4421483000:14:003:0007"},"geometry":{"type":"Polygon","coordinates":[[[39.717883,48.454826],[39.720983,48.456145],[39.720984,48.456145],[39.72524,48.457954],[39.726129,48.457188],[39.720984,48.454997],[39.720984,48.454998],[39.720983,48.454998],[39.720544,48.454811],[39.720545,48.454811],[39.718755,48.454048],[39.718659,48.454123],[39.718525,48.454305],[39.7179,48.454811],[39.717901,48.454811],[39.717883,48.454826]]]}},{"type":"Feature","properties":{"cadnum":"4421483000:14:002:0027"},"geometry":{"type":"Polygon","coordinates":[[[39.734731,48.471097],[39.735616,48.471803],[39.737463,48.470217],[39.737565,48.470129],[39.737635,48.470069],[39.738567,48.469267],[39.739869,48.468149],[39.742776,48.465651],[39.743128,48.465349],[39.743844,48.464733],[39.74312,48.464426],[39.742703,48.464248],[39.740966,48.465739],[39.737635,48.468603],[39.736728,48.469381],[39.734731,48.471097]]]}},{"type":"Feature","properties":{"cadnum":"4421483000:14:002:0028"},"geometry":{"type":"Polygon","coordinates":[[[39.733792,48.470389],[39.734066,48.47057],[39.734731,48.471097],[39.736861,48.469267],[39.737463,48.468751],[39.741099,48.465625],[39.742703,48.464248],[39.741523,48.463747],[39.739204,48.465739],[39.737635,48.467088],[39.734965,48.469381],[39.733792,48.470389]]]}},{"type":"Feature","properties":{"cadnum":"4421483000:14:002:0030"},"geometry":{"type":"Polygon","coordinates":[[[39.731699,48.469025],[39.73197,48.469201],[39.73197,48.469202],[39.73207,48.469267],[39.732116,48.469297],[39.732245,48.469381],[39.732758,48.469715],[39.733147,48.469381],[39.737463,48.465674],[39.740305,48.463232],[39.739056,48.462702],[39.737635,48.463924],[39.735655,48.465625],[39.735654,48.465625],[39.732142,48.468645],[39.732141,48.468645],[39.731699,48.469025]]]}},{"type":"Feature","properties":{"cadnum":"4421483000:14:002:0024"},"geometry":{"type":"Polygon","coordinates":[[[39.735616,48.471803],[39.735966,48.472082],[39.736429,48.472166],[39.737463,48.472854],[39.737463,48.472855],[39.737651,48.47298],[39.741787,48.469426],[39.741717,48.46938],[39.739869,48.468149],[39.738434,48.469381],[39.737565,48.470129],[39.735616,48.471803]]]}},{"type":"Feature","properties":{"cadnum":"4421483000:10:003:0033"},"geometry":{"type":"Polygon","coordinates":[[[39.72825,48.472932],[39.728251,48.472932],[39.728421,48.473023],[39.728422,48.473023],[39.728676,48.473158],[39.730563,48.474152],[39.73197,48.474037],[39.732095,48.474026],[39.732141,48.474022],[39.732142,48.474022],[39.734345,48.473839],[39.736075,48.472909],[39.736599,48.472627],[39.73611,48.47225],[39.736051,48.472208],[39.732142,48.472571],[39.732141,48.472571],[39.728489,48.472909],[39.728488,48.472909],[39.728257,48.472931],[39.72825,48.472932]]]}},{"type":"Feature","properties":{"cadnum":"4421483000:10:003:0032"},"geometry":{"type":"Polygon","coordinates":[[[39.726355,48.471931],[39.726477,48.471995],[39.726477,48.471996],[39.726808,48.47217],[39.72825,48.472932],[39.73197,48.472586],[39.73197,48.472587],[39.736051,48.472208],[39.73593,48.472124],[39.734712,48.471154],[39.732142,48.471393],[39.732141,48.471393],[39.726648,48.471905],[39.726355,48.471931]]]}},{"type":"Feature","properties":{"cadnum":"4421483000:10:001:0052"},"geometry":{"type":"Polygon","coordinates":[[[39.672356,48.472243],[39.672423,48.472909],[39.672422,48.472909],[39.672456,48.473229],[39.672617,48.47451],[39.674148,48.474439],[39.674017,48.472909],[39.674016,48.472909],[39.673951,48.472137],[39.672509,48.472234],[39.672356,48.472243]]]}},{"type":"Feature","properties":{"cadnum":"4421483000:10:001:0055"},"geometry":{"type":"Polygon","coordinates":[[[39.676618,48.472017],[39.676704,48.473023],[39.676705,48.473023],[39.676817,48.474313],[39.677038,48.474303],[39.67806,48.474254],[39.678043,48.474063],[39.677945,48.472909],[39.677867,48.471978],[39.677863,48.471961],[39.677486,48.471987],[39.67721,48.471997],[39.676618,48.472017]]]}},{"type":"Feature","properties":{"cadnum":"4421483000:10:001:0021"},"geometry":{"type":"Polygon","coordinates":[[[39.672037,48.470814],[39.672177,48.471095],[39.672339,48.471249],[39.67259,48.471389],[39.672926,48.471508],[39.673767,48.471746],[39.673802,48.471722],[39.674395,48.471669],[39.676327,48.471433],[39.677038,48.471265],[39.678681,48.470874],[39.679578,48.470543],[39.680123,48.470424],[39.680509,48.470362],[39.677128,48.469267],[39.675945,48.468884],[39.675806,48.469016],[39.675005,48.469381],[39.675006,48.469381],[39.674907,48.469426],[39.672077,48.470716],[39.672037,48.470814]]]}},{"type":"Feature","properties":{"cadnum":"4421483000:10:001:0054"},"geometry":{"type":"Polygon","coordinates":[[[39.675362,48.472056],[39.675444,48.473023],[39.675559,48.474373],[39.676314,48.474337],[39.676817,48.474313],[39.676695,48.472909],[39.676618,48.472017],[39.676282,48.472029],[39.675362,48.472056]]]}},{"type":"Feature","properties":{"cadnum":"4421483000:10:001:0053"},"geometry":{"type":"Polygon","coordinates":[[[39.673951,48.472137],[39.674026,48.473023],[39.674148,48.474439],[39.674471,48.474423],[39.675559,48.474373],[39.675434,48.472909],[39.675362,48.472056],[39.67489,48.472071],[39.673951,48.472137]]]}},{"type":"Feature","properties":{"cadnum":"4421483000:01:002:0047"},"geometry":{"type":"Polygon","coordinates":[[[39.788235,48.533458],[39.792566,48.533512],[39.792566,48.533511],[39.797141,48.533568],[39.798059,48.532578],[39.798062,48.532575],[39.798046,48.532575],[39.792566,48.532508],[39.792566,48.532507],[39.789151,48.532465],[39.788235,48.533458]]]}},{"type":"Feature","properties":{"cadnum":"4421483000:01:002:0048"},"geometry":{"type":"Polygon","coordinates":[[[39.789151,48.532465],[39.792395,48.532505],[39.792395,48.532506],[39.797888,48.532573],[39.798046,48.532575],[39.798059,48.532575],[39.79806,48.532575],[39.798062,48.532575],[39.798982,48.531584],[39.79806,48.531573],[39.798059,48.531573],[39.798059,48.531572],[39.792566,48.531503],[39.790066,48.531471],[39.789151,48.532465]]]}},{"type":"Feature","properties":{"cadnum":"4421483000:01:002:0058"},"geometry":{"type":"Polygon","coordinates":[[[39.795623,48.535662],[39.798059,48.535976],[39.79806,48.535976],[39.802427,48.536539],[39.802427,48.536489],[39.802427,48.536488],[39.802428,48.536488],[39.803142,48.536244],[39.803106,48.535757],[39.803381,48.535966],[39.803435,48.536006],[39.803553,48.535896],[39.803785,48.535679],[39.803883,48.535572],[39.803381,48.535508],[39.798646,48.534896],[39.798647,48.534896],[39.798001,48.534813],[39.797767,48.534783],[39.797764,48.534783],[39.796584,48.53463],[39.796441,48.534783],[39.796363,48.534866],[39.796335,48.534896],[39.795623,48.535662]],[[39.801116,48.53623],[39.801116,48.536194],[39.801171,48.536194],[39.801171,48.53623],[39.801116,48.53623]]]}},{"type":"Feature","properties":{"cadnum":"4421483000:01:002:0049"},"geometry":{"type":"Polygon","coordinates":[[[39.790066,48.531471],[39.792395,48.531501],[39.797888,48.53157],[39.798982,48.531584],[39.799388,48.531145],[39.799903,48.530591],[39.797888,48.530566],[39.797888,48.530567],[39.792395,48.530499],[39.790978,48.530481],[39.790366,48.531145],[39.79032,48.531195],[39.790261,48.531259],[39.790066,48.531471]],[[39.794343,48.5312],[39.794338,48.531165],[39.794393,48.531165],[39.794397,48.5312],[39.794343,48.5312]]]}},{"type":"Feature","properties":{"cadnum":"4421483000:14:002:0020"},"geometry":{"type":"Polygon","coordinates":[[[39.745326,48.472124],[39.746619,48.473023],[39.747186,48.473417],[39.747776,48.472909],[39.748449,48.472331],[39.752014,48.469267],[39.75205,48.469236],[39.751547,48.469212],[39.750102,48.469108],[39.748907,48.469049],[39.748653,48.469267],[39.748652,48.469267],[39.748544,48.46936],[39.745326,48.472124]]]}},{"type":"Feature","properties":{"cadnum":"4421483000:14:002:0018"},"geometry":{"type":"Polygon","coordinates":[[[39.747532,48.473253],[39.748449,48.473867],[39.74852,48.473914],[39.748621,48.473982],[39.748621,48.473981],[39.749257,48.474406],[39.750997,48.472909],[39.753888,48.470427],[39.753295,48.470028],[39.752168,48.469273],[39.752167,48.469272],[39.752039,48.469381],[39.748621,48.472318],[39.747799,48.473023],[39.747532,48.473253]]]}},{"type":"Feature","properties":{"cadnum":"4421483000:14:003:0024"},"geometry":{"type":"Polygon","coordinates":[[[39.752157,48.469269],[39.752167,48.469272],[39.752168,48.469273],[39.752329,48.469381],[39.75233,48.469381],[39.753614,48.470243],[39.754114,48.469971],[39.754114,48.46997],[39.754947,48.469515],[39.754926,48.469507],[39.754457,48.469406],[39.754114,48.469378],[39.754114,48.469377],[39.753385,48.469316],[39.752157,48.469269]]]}},{"type":"Feature","properties":{"cadnum":"4421483000:10:001:0026"},"geometry":{"type":"Polygon","coordinates":[[[39.681326,48.464131],[39.682531,48.464521],[39.682531,48.464522],[39.685944,48.465625],[39.688196,48.466353],[39.689218,48.466683],[39.690624,48.465927],[39.690893,48.465775],[39.690428,48.465625],[39.690427,48.465625],[39.688025,48.464848],[39.688024,48.464848],[39.682531,48.463071],[39.682301,48.462996],[39.681326,48.464131]]]}},{"type":"Feature","properties":{"cadnum":"4421483000:02:001:0048"},"geometry":{"type":"Polygon","coordinates":[[[39.819693,48.528235],[39.81986,48.52823],[39.825354,48.528063],[39.830847,48.527896],[39.836141,48.527735],[39.836125,48.527547],[39.836105,48.5273],[39.836105,48.527295],[39.831812,48.527188],[39.831019,48.527125],[39.831018,48.527125],[39.830797,48.527108],[39.82949,48.527179],[39.828879,48.527188],[39.826593,48.527417],[39.825991,48.527474],[39.825483,48.527495],[39.825171,48.527507],[39.825156,48.527507],[39.82393,48.527557],[39.823929,48.527557],[39.823615,48.527564],[39.82224,48.527595],[39.822211,48.527597],[39.821686,48.527621],[39.82039,48.527681],[39.820134,48.527759],[39.819958,48.527917],[39.819693,48.528235]]]}},{"type":"Feature","properties":{"cadnum":"4421483000:02:001:0056"},"geometry":{"type":"Polygon","coordinates":[[[39.809804,48.532547],[39.810378,48.532474],[39.812323,48.532375],[39.813163,48.532232],[39.814367,48.532142],[39.81558,48.532051],[39.81636,48.532004],[39.817241,48.531145],[39.818903,48.529526],[39.81892,48.529419],[39.819312,48.528874],[39.819375,48.528785],[39.819486,48.528484],[39.819693,48.528235],[39.819928,48.527955],[39.818231,48.527518],[39.817547,48.527342],[39.81986,48.524738],[39.820001,48.524579],[39.820032,48.524544],[39.820529,48.523983],[39.82053,48.523983],[39.821832,48.522517],[39.824316,48.523311],[39.825353,48.522212],[39.825354,48.522212],[39.827152,48.520305],[39.827285,48.520164],[39.827369,48.519727],[39.827279,48.519141],[39.826813,48.518837],[39.825941,48.518489],[39.825525,48.518308],[39.824939,48.518052],[39.82436,48.517906],[39.823475,48.517834],[39.823062,48.518019],[39.822173,48.518936],[39.822002,48.51923],[39.820457,48.51884],[39.81986,48.519453],[39.81899,48.520345],[39.817668,48.521702],[39.817735,48.523475],[39.817578,48.523636],[39.817039,48.523642],[39.816513,48.523844],[39.816481,48.523869],[39.816456,48.523889],[39.816335,48.523983],[39.816132,48.524142],[39.81592,48.524424],[39.81583,48.524427],[39.815145,48.523869],[39.814539,48.523376],[39.814539,48.523375],[39.814366,48.523234],[39.814182,48.523255],[39.81363,48.523869],[39.812314,48.525335],[39.812318,48.525477],[39.812517,48.525695],[39.812633,48.52587],[39.81266,48.526153],[39.813752,48.526905],[39.813154,48.527621],[39.811366,48.529767],[39.810943,48.530326],[39.811029,48.530775],[39.811272,48.531057],[39.811284,48.531145],[39.811283,48.531145],[39.811295,48.531224],[39.811283,48.531259],[39.811267,48.531308],[39.80996,48.532441],[39.809804,48.532547]]]}},{"type":"Feature","properties":{"cadnum":"4421483000:02:001:0043"},"geometry":{"type":"Polygon","coordinates":[[[39.819024,48.530858],[39.819056,48.531031],[39.819146,48.531259],[39.819147,48.531259],[39.819231,48.531471],[39.81986,48.531452],[39.825354,48.531286],[39.82935,48.531164],[39.830847,48.531119],[39.836407,48.530951],[39.836353,48.530332],[39.831019,48.530494],[39.831018,48.530494],[39.825525,48.530661],[39.820032,48.530828],[39.819024,48.530858]]]}},{"type":"Feature","properties":{"cadnum":"4421483000:06:004:0060"},"geometry":{"type":"Polygon","coordinates":[[[39.812848,48.497314],[39.814367,48.497951],[39.814373,48.497954],[39.814539,48.498023],[39.814991,48.498213],[39.8157,48.49763],[39.814367,48.497069],[39.814285,48.497034],[39.813936,48.497433],[39.813935,48.497433],[39.813096,48.497112],[39.812848,48.497314]]]}},{"type":"Feature","properties":{"cadnum":"4421483000:05:005:0033"},"geometry":{"type":"Polygon","coordinates":[[[39.814794,48.498358],[39.814794,48.498373],[39.814821,48.498373],[39.814821,48.498358],[39.814794,48.498358]]]}},{"type":"Feature","properties":{"cadnum":"4421483000:06:004:0061"},"geometry":{"type":"Polygon","coordinates":[[[39.814106,48.496284],[39.814367,48.496384],[39.814367,48.496385],[39.814721,48.496519],[39.814681,48.496582],[39.814539,48.496744],[39.814285,48.497034],[39.814539,48.497142],[39.814539,48.497141],[39.8157,48.49763],[39.816423,48.497037],[39.814535,48.496245],[39.814281,48.496138],[39.814106,48.496284]]]}},{"type":"Feature","properties":{"cadnum":"4421483000:11:002:0055"},"geometry":{"type":"Polygon","coordinates":[[[39.710625,48.511298],[39.713953,48.511473],[39.71549,48.51172],[39.715565,48.511732],[39.715662,48.51174],[39.717007,48.511851],[39.716424,48.512723],[39.71759,48.512953],[39.717591,48.512953],[39.717591,48.512954],[39.718095,48.513053],[39.718169,48.513067],[39.718462,48.513125],[39.720605,48.513491],[39.720605,48.513086],[39.720618,48.513012],[39.72091,48.511408],[39.720983,48.511014],[39.720984,48.511014],[39.721018,48.510828],[39.721081,48.510218],[39.721126,48.50961],[39.721126,48.509428],[39.72113,48.508691],[39.718399,48.508701],[39.718,48.508685],[39.717686,48.509021],[39.716236,48.509315],[39.716235,48.509315],[39.716096,48.509343],[39.716095,48.509343],[39.715662,48.509356],[39.715662,48.509355],[39.715091,48.509371],[39.714519,48.509387],[39.714545,48.509428],[39.714873,48.509943],[39.714873,48.509944],[39.713539,48.509795],[39.711472,48.509428],[39.710822,48.509313],[39.710822,48.509314],[39.710822,48.509315],[39.710821,48.509315],[39.710805,48.509425],[39.710805,48.509428],[39.710619,48.510739],[39.710625,48.511298]]]}},{"type":"Feature","properties":{"cadnum":"4421483000:10:004:0007"},"geometry":{"type":"Polygon","coordinates":[[[39.708384,48.480501],[39.709997,48.480732],[39.709997,48.480733],[39.715662,48.481545],[39.715662,48.481544],[39.717672,48.481832],[39.717267,48.481064],[39.717051,48.48078],[39.715662,48.480331],[39.715586,48.480306],[39.715399,48.480246],[39.715234,48.480192],[39.714061,48.479813],[39.713172,48.479685],[39.710715,48.479334],[39.710169,48.479256],[39.710169,48.479255],[39.708598,48.47903],[39.708427,48.480192],[39.708418,48.480257],[39.708411,48.480306],[39.708411,48.48031],[39.708384,48.480501]]]}},{"type":"Feature","properties":{"cadnum":"4421483000:02:001:0054"},"geometry":{"type":"Polygon","coordinates":[[[39.820425,48.527694],[39.82227,48.527621],[39.825354,48.5275],[39.82639,48.527458],[39.829718,48.523869],[39.829717,48.523869],[39.830784,48.52272],[39.830253,48.522601],[39.829063,48.522687],[39.830847,48.520828],[39.831418,48.520231],[39.831893,48.519736],[39.831019,48.519473],[39.831018,48.519473],[39.828771,48.518795],[39.827317,48.520345],[39.827318,48.520345],[39.825375,48.522416],[39.824012,48.523869],[39.824011,48.523869],[39.820492,48.527621],[39.820493,48.527621],[39.820425,48.527694]]]}},{"type":"Feature","properties":{"cadnum":"4421483000:02:002:0002"},"geometry":{"type":"Polygon","coordinates":[[[39.824612,48.546127],[39.825354,48.54609],[39.830752,48.545821],[39.830847,48.54581],[39.830847,48.545811],[39.831674,48.545722],[39.833455,48.545532],[39.834116,48.545032],[39.835302,48.544628],[39.83634,48.544027],[39.83637,48.544009],[39.836512,48.543928],[39.836512,48.543927],[39.837381,48.543423],[39.838927,48.542847],[39.839321,48.542543],[39.839317,48.542332],[39.839057,48.542142],[39.839048,48.542141],[39.837727,48.541984],[39.836361,48.541678],[39.834503,48.541699],[39.83404,48.541389],[39.832889,48.541512],[39.830847,48.540946],[39.829679,48.540622],[39.829127,48.542057],[39.829126,48.542057],[39.828933,48.542561],[39.82537,48.545502],[39.825136,48.545694],[39.825116,48.545711],[39.824998,48.545807],[39.824999,48.545807],[39.824612,48.546127]]]}},{"type":"Feature","properties":{"cadnum":"4421483000:01:002:0001"},"geometry":{"type":"Polygon","coordinates":[[[39.776642,48.541553],[39.776796,48.542171],[39.776797,48.542171],[39.776996,48.542962],[39.777486,48.545398],[39.778011,48.545383],[39.778204,48.542171],[39.778241,48.54158],[39.776642,48.541553]]]}},{"type":"Feature","properties":{"cadnum":"4421483000:01:002:0007"},"geometry":{"type":"Polygon","coordinates":[[[39.780177,48.545327],[39.780235,48.545323],[39.781277,48.545204],[39.78146,48.542171],[39.781461,48.542171],[39.781462,48.542171],[39.781555,48.540624],[39.78158,48.540223],[39.78158,48.540218],[39.781682,48.538534],[39.781722,48.537886],[39.781492,48.537883],[39.78063,48.537868],[39.780589,48.538534],[39.78059,48.538534],[39.780376,48.542057],[39.780177,48.545327]]]}},{"type":"Feature","properties":{"cadnum":"4421483000:01:002:0008"},"geometry":{"type":"Polygon","coordinates":[[[39.781277,48.545204],[39.781281,48.545204],[39.781408,48.545197],[39.782395,48.545136],[39.782575,48.542171],[39.782796,48.538534],[39.782835,48.537907],[39.781722,48.537886],[39.781689,48.53842],[39.781555,48.540624],[39.781468,48.542057],[39.781467,48.542057],[39.781277,48.545204]],[[39.782076,48.542219],[39.782072,48.542184],[39.782126,48.542184],[39.78213,48.542219],[39.782076,48.542219]],[[39.781996,48.541434],[39.781937,48.541434],[39.781937,48.541399],[39.781992,48.541399],[39.781996,48.541434]]]}},{"type":"Feature","properties":{"cadnum":"4421483000:01:002:0003"},"geometry":{"type":"Polygon","coordinates":[[[39.776089,48.53885],[39.776296,48.539778],[39.776354,48.540081],[39.77833,48.540117],[39.778407,48.538891],[39.776089,48.53885]]]}},{"type":"Feature","properties":{"cadnum":"4421483000:01:002:0004"},"geometry":{"type":"Polygon","coordinates":[[[39.775851,48.53778],[39.776018,48.538534],[39.776019,48.538534],[39.776089,48.53885],[39.778407,48.538891],[39.778431,48.538471],[39.77847,48.537827],[39.776087,48.537784],[39.775851,48.53778]]]}},{"type":"Feature","properties":{"cadnum":"4421483000:01:002:0006"},"geometry":{"type":"Polygon","coordinates":[[[39.779094,48.545354],[39.780177,48.545327],[39.780369,48.542171],[39.780597,48.53842],[39.780596,48.53842],[39.78063,48.537868],[39.779552,48.537848],[39.779516,48.53842],[39.779295,48.542057],[39.779094,48.545354]]]}},{"type":"Feature","properties":{"cadnum":"4421483000:01:002:0005"},"geometry":{"type":"Polygon","coordinates":[[[39.778011,48.545383],[39.779094,48.545354],[39.779288,48.542171],[39.779509,48.538534],[39.779552,48.537848],[39.77847,48.537827],[39.778434,48.53842],[39.778431,48.538471],[39.778427,48.538534],[39.778407,48.538891],[39.77833,48.540117],[39.778241,48.54158],[39.778211,48.542057],[39.778011,48.545383]]]}},{"type":"Feature","properties":{"cadnum":"4421483000:01:002:0002"},"geometry":{"type":"Polygon","coordinates":[[[39.776354,48.540081],[39.776399,48.540319],[39.776619,48.541461],[39.776642,48.541553],[39.778241,48.54158],[39.77833,48.540117],[39.776354,48.540081]]]}},{"type":"Feature","properties":{"cadnum":"4421483000:13:002:0007"},"geometry":{"type":"Polygon","coordinates":[[[39.768386,48.511048],[39.768776,48.512363],[39.770422,48.511562],[39.770427,48.51156],[39.770594,48.511479],[39.771032,48.511265],[39.774921,48.50937],[39.774922,48.50937],[39.776087,48.508801],[39.777755,48.507986],[39.775915,48.507638],[39.775537,48.507566],[39.771946,48.509314],[39.771946,48.509315],[39.771945,48.509315],[39.771776,48.509397],[39.771712,48.509428],[39.770422,48.510057],[39.768386,48.511048]]]}},{"type":"Feature","properties":{"cadnum":"4421483000:13:002:0008"},"geometry":{"type":"Polygon","coordinates":[[[39.767996,48.509712],[39.768386,48.511048],[39.770594,48.509974],[39.771776,48.509397],[39.775537,48.507566],[39.775915,48.507382],[39.775932,48.507374],[39.776087,48.507298],[39.778007,48.506361],[39.775915,48.505965],[39.775748,48.505933],[39.770422,48.508529],[39.76881,48.509314],[39.76881,48.509315],[39.768755,48.509342],[39.768577,48.509428],[39.767996,48.509712]]]}},{"type":"Feature","properties":{"cadnum":"4421483000:13:002:0010"},"geometry":{"type":"Polygon","coordinates":[[[39.775537,48.507566],[39.776087,48.507671],[39.776087,48.50767],[39.777755,48.507986],[39.781408,48.508679],[39.781551,48.508706],[39.78158,48.508711],[39.781619,48.508718],[39.784062,48.50751],[39.78158,48.50704],[39.78158,48.507039],[39.778007,48.506361],[39.775932,48.507374],[39.775537,48.507566]]]}},{"type":"Feature","properties":{"cadnum":"4421483000:13:002:0011"},"geometry":{"type":"Polygon","coordinates":[[[39.772847,48.505385],[39.774381,48.505675],[39.775748,48.505933],[39.776087,48.505998],[39.776087,48.505997],[39.778007,48.506361],[39.781408,48.507006],[39.781408,48.507007],[39.784062,48.50751],[39.785428,48.506831],[39.781408,48.50607],[39.779929,48.505789],[39.779656,48.505737],[39.77933,48.505675],[39.779329,48.505675],[39.775915,48.505028],[39.775915,48.505029],[39.774235,48.504709],[39.772847,48.505385]]]}},{"type":"Feature","properties":{"cadnum":"4421483000:13:002:0012"},"geometry":{"type":"Polygon","coordinates":[[[39.774235,48.504709],[39.776087,48.505061],[39.779656,48.505737],[39.78158,48.506103],[39.78158,48.506102],[39.785428,48.506831],[39.786007,48.506546],[39.786015,48.506542],[39.786015,48.50654],[39.786298,48.506442],[39.786833,48.506162],[39.786846,48.506156],[39.786797,48.506087],[39.784919,48.505732],[39.78158,48.5051],[39.78158,48.505099],[39.77593,48.50403],[39.775721,48.50399],[39.774235,48.504709]]]}},{"type":"Feature","properties":{"cadnum":"4421483000:13:002:0002"},"geometry":{"type":"Polygon","coordinates":[[[39.761348,48.51984],[39.761411,48.520087],[39.761631,48.519964],[39.762031,48.519709],[39.762556,48.51937],[39.763845,48.518557],[39.764007,48.518465],[39.7651,48.517779],[39.765101,48.517779],[39.766809,48.516706],[39.768386,48.515716],[39.768709,48.515476],[39.768929,48.515318],[39.768956,48.5153],[39.769222,48.515229],[39.770594,48.514586],[39.771692,48.514071],[39.773995,48.512954],[39.773995,48.512953],[39.775915,48.512022],[39.77604,48.511961],[39.776087,48.511938],[39.781353,48.509331],[39.781408,48.509303],[39.786901,48.506405],[39.786901,48.506406],[39.78701,48.506348],[39.787073,48.506315],[39.788284,48.505675],[39.791554,48.50395],[39.792394,48.503522],[39.792395,48.503522],[39.793835,48.502787],[39.794267,48.502554],[39.794573,48.502409],[39.794869,48.502269],[39.795106,48.502195],[39.795556,48.50207],[39.795558,48.50207],[39.797321,48.501707],[39.797888,48.501594],[39.80051,48.50107],[39.800923,48.500983],[39.801651,48.500831],[39.802433,48.50065],[39.80267,48.500597],[39.802401,48.50043],[39.80233,48.500448],[39.801552,48.500626],[39.800829,48.500778],[39.800416,48.500862],[39.79806,48.501335],[39.798059,48.501335],[39.798059,48.501334],[39.797227,48.501501],[39.795448,48.501868],[39.794972,48.501996],[39.794849,48.502036],[39.794709,48.502081],[39.794707,48.502082],[39.794559,48.502149],[39.794383,48.50223],[39.79407,48.502382],[39.793634,48.502618],[39.792395,48.503249],[39.792395,48.50325],[39.791351,48.503781],[39.787762,48.505675],[39.787761,48.505675],[39.786921,48.50612],[39.78158,48.508939],[39.781156,48.509162],[39.780847,48.509314],[39.780847,48.509315],[39.780846,48.509315],[39.775915,48.511755],[39.775847,48.511789],[39.77321,48.513067],[39.771503,48.513895],[39.770422,48.514401],[39.769011,48.515059],[39.768679,48.515178],[39.768467,48.515329],[39.768143,48.515571],[39.766516,48.516592],[39.766515,48.516592],[39.764929,48.517588],[39.763786,48.518305],[39.763625,48.518397],[39.762331,48.519215],[39.761805,48.519554],[39.761425,48.519798],[39.761348,48.51984]]]}},{"type":"Feature","properties":{"cadnum":"4421483000:07:005:0008"},"geometry":{"type":"Polygon","coordinates":[[[39.841545,48.473271],[39.84159,48.473268],[39.841585,48.473241],[39.841545,48.473241],[39.841545,48.473271]]]}},{"type":"Feature","properties":{"cadnum":"4421483000:07:005:0009"},"geometry":{"type":"Polygon","coordinates":[[[39.834386,48.472196],[39.834763,48.472909],[39.834779,48.472939],[39.834823,48.473023],[39.834824,48.473023],[39.834853,48.473077],[39.836512,48.475202],[39.836864,48.475653],[39.842005,48.474478],[39.842005,48.474477],[39.842317,48.474406],[39.841833,48.47371],[39.841833,48.473711],[39.841275,48.472909],[39.84057,48.471895],[39.840548,48.471895],[39.840548,48.471865],[39.836512,48.472083],[39.836512,48.472082],[39.834386,48.472196]]]}},{"type":"Feature","properties":{"cadnum":"4421483000:08:001:0096"},"geometry":{"type":"Polygon","coordinates":[[[39.673758,48.486738],[39.676625,48.487474],[39.676625,48.487475],[39.676998,48.48757],[39.677037,48.48758],[39.67721,48.487349],[39.67721,48.487348],[39.67766,48.486747],[39.677038,48.486641],[39.674265,48.486169],[39.673758,48.486738]]]}},{"type":"Feature","properties":{"cadnum":"4421483000:08:001:0095"},"geometry":{"type":"Polygon","coordinates":[[[39.672918,48.487682],[39.672959,48.487874],[39.676196,48.488708],[39.676655,48.488092],[39.677037,48.48758],[39.676998,48.48757],[39.673758,48.486738],[39.673,48.487588],[39.673001,48.487588],[39.672918,48.487682]]]}},{"type":"Feature","properties":{"cadnum":"4421483000:08:001:0098"},"geometry":{"type":"Polygon","coordinates":[[[39.675213,48.490027],[39.67721,48.490542],[39.679584,48.491152],[39.680261,48.490244],[39.677038,48.489416],[39.675886,48.489119],[39.675213,48.490027]]]}},{"type":"Feature","properties":{"cadnum":"4421483000:08:001:0099"},"geometry":{"type":"Polygon","coordinates":[[[39.675886,48.489119],[39.67721,48.48946],[39.680261,48.490244],[39.681029,48.489218],[39.677038,48.488191],[39.676655,48.488092],[39.676196,48.488708],[39.675886,48.489119]]]}},{"type":"Feature","properties":{"cadnum":"4421483000:08:001:0100"},"geometry":{"type":"Polygon","coordinates":[[[39.676655,48.488092],[39.67721,48.488235],[39.681029,48.489218],[39.681528,48.488547],[39.681223,48.488417],[39.681222,48.488417],[39.681312,48.487911],[39.680176,48.487583],[39.68014,48.487166],[39.67766,48.486747],[39.677115,48.487474],[39.677115,48.487475],[39.677073,48.487531],[39.677038,48.487578],[39.677037,48.48758],[39.67703,48.487588],[39.677031,48.487588],[39.676655,48.488092]]]}},{"type":"Feature","properties":{"cadnum":"4421483000:08:001:0094"},"geometry":{"type":"Polygon","coordinates":[[[39.671229,48.489107],[39.671717,48.489234],[39.671717,48.489233],[39.675146,48.490113],[39.675213,48.490027],[39.675886,48.489119],[39.676196,48.488708],[39.672959,48.487874],[39.673106,48.488547],[39.67271,48.489262],[39.6717,48.489095],[39.671351,48.489036],[39.671229,48.489107]]]}},{"type":"Feature","properties":{"cadnum":"4421483000:10:004:0020"},"geometry":{"type":"Polygon","coordinates":[[[39.730397,48.490143],[39.731276,48.490634],[39.73197,48.489931],[39.73197,48.489932],[39.731995,48.489905],[39.732141,48.489793],[39.732142,48.489793],[39.732225,48.489729],[39.732359,48.489655],[39.732378,48.489649],[39.734589,48.487588],[39.734857,48.487339],[39.734156,48.486961],[39.734066,48.486907],[39.733374,48.487419],[39.733312,48.487474],[39.733312,48.487475],[39.733311,48.487475],[39.733194,48.487579],[39.733184,48.487588],[39.73271,48.488011],[39.73197,48.488741],[39.731586,48.489119],[39.731146,48.4895],[39.730397,48.490143]]]}},{"type":"Feature","properties":{"cadnum":"4421483000:10:004:0019"},"geometry":{"type":"Polygon","coordinates":[[[39.726125,48.487943],[39.726129,48.48811],[39.726179,48.490089],[39.726477,48.489969],[39.726557,48.489937],[39.726648,48.4899],[39.727468,48.489569],[39.7278,48.489462],[39.728128,48.489405],[39.728402,48.489396],[39.728403,48.489396],[39.728618,48.489441],[39.72988,48.489809],[39.73019,48.48984],[39.730495,48.489789],[39.730823,48.489661],[39.731093,48.489471],[39.731533,48.489096],[39.73197,48.488663],[39.73197,48.488664],[39.732655,48.487985],[39.732781,48.487872],[39.73197,48.487881],[39.726534,48.487939],[39.726125,48.487943]]]}},{"type":"Feature","properties":{"cadnum":"4421483000:10:004:0021"},"geometry":{"type":"Polygon","coordinates":[[[39.732378,48.489649],[39.732521,48.489617],[39.732947,48.489622],[39.732948,48.489622],[39.733334,48.48967],[39.733739,48.489816],[39.734242,48.490009],[39.736276,48.48811],[39.735764,48.487834],[39.735313,48.487588],[39.734857,48.487339],[39.734712,48.487474],[39.734712,48.487475],[39.734711,48.487475],[39.732378,48.489649]]]}},{"type":"Feature","properties":{"cadnum":"4421483000:10:005:0014"},"geometry":{"type":"Polygon","coordinates":[[[39.736316,48.487874],[39.736469,48.487949],[39.736473,48.487953],[39.737463,48.488517],[39.737506,48.488542],[39.737635,48.488615],[39.737893,48.488762],[39.738504,48.489105],[39.73894,48.489196],[39.738966,48.489209],[39.738984,48.48922],[39.738989,48.489233],[39.739129,48.489218],[39.73937,48.489087],[39.740552,48.488357],[39.741064,48.488009],[39.741127,48.487878],[39.740828,48.487475],[39.740828,48.487474],[39.740798,48.487435],[39.740798,48.487434],[39.740731,48.487274],[39.740637,48.486276],[39.740578,48.485579],[39.740507,48.48529],[39.737518,48.487134],[39.736965,48.487474],[39.736965,48.487475],[39.736964,48.487475],[39.736316,48.487874]]]}},{"type":"Feature","properties":{"cadnum":"4421483000:10:004:0022"},"geometry":{"type":"Polygon","coordinates":[[[39.734242,48.490009],[39.734332,48.490045],[39.734601,48.49006],[39.734965,48.489974],[39.735431,48.489789],[39.735737,48.489625],[39.736092,48.489408],[39.736353,48.489452],[39.73712,48.489699],[39.737463,48.489861],[39.737635,48.489942],[39.737708,48.489977],[39.738001,48.490078],[39.738301,48.490089],[39.738576,48.490027],[39.738881,48.489869],[39.739115,48.489658],[39.738783,48.489467],[39.73849,48.48931],[39.737834,48.488949],[39.737463,48.488749],[39.736276,48.48811],[39.734242,48.490009]]]}},{"type":"Feature","properties":{"cadnum":"4421483000:10:005:0013"},"geometry":{"type":"Polygon","coordinates":[[[39.73438,48.486821],[39.735557,48.487474],[39.735557,48.487475],[39.735621,48.48751],[39.735762,48.487588],[39.735763,48.487588],[39.735957,48.487696],[39.736316,48.487874],[39.73678,48.487588],[39.737463,48.487168],[39.737518,48.487134],[39.737635,48.487062],[39.740507,48.48529],[39.740444,48.485041],[39.740062,48.484522],[39.739806,48.483948],[39.739806,48.483947],[39.739681,48.483666],[39.739357,48.483834],[39.739211,48.483909],[39.739138,48.483947],[39.739138,48.483948],[39.739137,48.483948],[39.737502,48.484886],[39.73438,48.486821]]]}},{"type":"Feature","properties":{"cadnum":"4421483000:10:001:0002"},"geometry":{"type":"Polygon","coordinates":[[[39.660449,48.475668],[39.660559,48.475692],[39.660597,48.4757],[39.66073,48.475729],[39.664526,48.476551],[39.666224,48.476919],[39.666773,48.477037],[39.666929,48.476551],[39.666928,48.476551],[39.667156,48.475843],[39.668764,48.476192],[39.66901,48.475457],[39.666052,48.474817],[39.664496,48.47448],[39.663921,48.474816],[39.662502,48.475644],[39.661037,48.475326],[39.660731,48.475505],[39.66073,48.475505],[39.660449,48.475668]]]}},{"type":"Feature","properties":{"cadnum":"4421483000:01:002:0055"},"geometry":{"type":"Polygon","coordinates":[[[39.793032,48.538454],[39.793038,48.538455],[39.79369,48.538534],[39.793691,48.538534],[39.793692,48.538534],[39.795686,48.538772],[39.798059,48.53909],[39.79806,48.53909],[39.800632,48.539433],[39.801529,48.538478],[39.801528,48.538478],[39.797888,48.538009],[39.793921,48.537496],[39.793064,48.53842],[39.793063,48.53842],[39.793032,48.538454]],[[39.799769,48.539207],[39.799771,48.539223],[39.799773,48.539242],[39.79972,48.539246],[39.799714,48.53921],[39.799769,48.539207]]]}},{"type":"Feature","properties":{"cadnum":"4421483000:01:002:0042"},"geometry":{"type":"Polygon","coordinates":[[[39.784147,48.537889],[39.787073,48.53794],[39.787422,48.537946],[39.788733,48.537943],[39.789775,48.538133],[39.792395,48.538356],[39.792395,48.538357],[39.792672,48.53838],[39.793732,48.537238],[39.792395,48.537221],[39.792395,48.537222],[39.787073,48.537154],[39.784848,48.537125],[39.784147,48.537889]],[[39.787053,48.537372],[39.787049,48.537337],[39.787049,48.537336],[39.787107,48.537336],[39.787107,48.537337],[39.787107,48.537372],[39.787053,48.537372]],[[39.786954,48.537238],[39.787009,48.537235],[39.787009,48.537271],[39.786954,48.537273],[39.786954,48.537238]]]}},{"type":"Feature","properties":{"cadnum":"4421483000:01:002:0043"},"geometry":{"type":"Polygon","coordinates":[[[39.784848,48.537125],[39.786901,48.537151],[39.786901,48.537152],[39.792566,48.537224],[39.792566,48.537223],[39.793732,48.537238],[39.794546,48.536363],[39.792395,48.536337],[39.787073,48.536271],[39.785657,48.536253],[39.784848,48.537125]]]}},{"type":"Feature","properties":{"cadnum":"4421483000:01:003:0013"},"geometry":{"type":"Polygon","coordinates":[[[39.790777,48.506926],[39.791626,48.506162],[39.792168,48.505789],[39.792394,48.505633],[39.792395,48.505633],[39.792561,48.505519],[39.792566,48.505515],[39.792703,48.505421],[39.793854,48.504588],[39.794523,48.504025],[39.795016,48.503686],[39.795017,48.503686],[39.795596,48.503397],[39.796755,48.502897],[39.797873,48.502534],[39.797888,48.502528],[39.797966,48.502493],[39.798059,48.502452],[39.79806,48.502452],[39.798745,48.502149],[39.799567,48.501787],[39.799477,48.501513],[39.799234,48.501332],[39.79806,48.501584],[39.798059,48.501584],[39.795956,48.502036],[39.795955,48.502036],[39.794949,48.502251],[39.794953,48.502267],[39.794949,48.502281],[39.794936,48.502296],[39.794927,48.502302],[39.792566,48.503509],[39.791095,48.504261],[39.790926,48.505675],[39.790777,48.506926]]]}},{"type":"Feature","properties":{"cadnum":"4421483000:06:003:0036"},"geometry":{"type":"Polygon","coordinates":[[[39.788805,48.469543],[39.792395,48.469385],[39.792395,48.469386],[39.794116,48.46931],[39.798059,48.469137],[39.798059,48.469136],[39.79806,48.469136],[39.798165,48.469131],[39.798026,48.467765],[39.794801,48.467943],[39.792452,48.468038],[39.791001,48.468122],[39.788967,48.468208],[39.788908,48.468679],[39.788837,48.469267],[39.788827,48.469347],[39.788823,48.469381],[39.788805,48.469543]],[[39.789024,48.468729],[39.789024,48.468744],[39.789003,48.468747],[39.789003,48.468729],[39.789024,48.468729]],[[39.789024,48.468766],[39.789003,48.468766],[39.789003,48.468751],[39.789024,48.468751],[39.789024,48.468766]]]}},{"type":"Feature","properties":{"cadnum":"4421483000:08:001:0072"},"geometry":{"type":"Polygon","coordinates":[[[39.692138,48.484445],[39.692159,48.484449],[39.692178,48.484392],[39.692151,48.484389],[39.692138,48.484445]]]}},{"type":"Feature","properties":{"cadnum":"4421483000:08:001:0073"},"geometry":{"type":"Polygon","coordinates":[[[39.692124,48.484341],[39.692201,48.484356],[39.692228,48.484306],[39.692151,48.48429],[39.692124,48.484341]]]}},{"type":"Feature","properties":{"cadnum":"4421483000:15:002:0002"},"geometry":{"type":"Polygon","coordinates":[[[39.69158,48.487515],[39.69158,48.487532],[39.691607,48.487532],[39.691607,48.487515],[39.69158,48.487515]]]}},{"type":"Feature","properties":{"cadnum":"4421483000:15:002:0005"},"geometry":{"type":"Polygon","coordinates":[[[39.691872,48.485916],[39.691872,48.485934],[39.691895,48.485934],[39.691895,48.485916],[39.691872,48.485916]]]}},{"type":"Feature","properties":{"cadnum":"4421483000:15:002:0007"},"geometry":{"type":"Polygon","coordinates":[[[39.692065,48.48485],[39.692065,48.484868],[39.692088,48.484868],[39.692088,48.48485],[39.692065,48.48485]]]}},{"type":"Feature","properties":{"cadnum":"4421483000:15:002:0003"},"geometry":{"type":"Polygon","coordinates":[[[39.691679,48.486987],[39.691679,48.487003],[39.691702,48.487003],[39.691702,48.486987],[39.691679,48.486987]]]}},{"type":"Feature","properties":{"cadnum":"4421483000:15:002:0004"},"geometry":{"type":"Polygon","coordinates":[[[39.691773,48.486449],[39.691773,48.486466],[39.691773,48.486467],[39.6918,48.486467],[39.6918,48.486466],[39.6918,48.486449],[39.691773,48.486449]]]}},{"type":"Feature","properties":{"cadnum":"4421483000:15:002:0006"},"geometry":{"type":"Polygon","coordinates":[[[39.691966,48.485383],[39.691966,48.485401],[39.691993,48.485401],[39.691993,48.485383],[39.691966,48.485383]]]}},{"type":"Feature","properties":{"cadnum":"4421483000:14:002:0007"},"geometry":{"type":"Polygon","coordinates":[[[39.753379,48.483469],[39.753919,48.483833],[39.753919,48.483834],[39.753918,48.483834],[39.754114,48.483966],[39.754301,48.484091],[39.755064,48.484609],[39.756517,48.483947],[39.759436,48.482621],[39.762421,48.481263],[39.76099,48.480306],[39.760742,48.48014],[39.760626,48.480192],[39.760625,48.480192],[39.760559,48.480222],[39.760373,48.480306],[39.760374,48.480306],[39.759436,48.480731],[39.753942,48.483215],[39.753379,48.483469]]]}},{"type":"Feature","properties":{"cadnum":"4421483000:02:001:0008"},"geometry":{"type":"Polygon","coordinates":[[[39.809561,48.545297],[39.809574,48.545807],[39.809575,48.545807],[39.809592,48.546379],[39.811599,48.546323],[39.814299,48.546246],[39.814367,48.546244],[39.816608,48.546165],[39.818041,48.546123],[39.818566,48.545694],[39.818566,48.545693],[39.819419,48.544997],[39.814539,48.545146],[39.809561,48.545297]]]}},{"type":"Feature","properties":{"cadnum":"4421483000:01:004:0030"},"geometry":{"type":"Polygon","coordinates":[[[39.814739,48.513785],[39.816595,48.51505],[39.817182,48.514722],[39.815404,48.513511],[39.814739,48.513785]]]}},{"type":"Feature","properties":{"cadnum":"4421483000:01:004:0027"},"geometry":{"type":"Polygon","coordinates":[[[39.818387,48.516326],[39.818417,48.516314],[39.818949,48.516157],[39.819329,48.51607],[39.820032,48.515968],[39.820062,48.515963],[39.821387,48.513095],[39.821377,48.513101],[39.820784,48.513336],[39.820421,48.513494],[39.819919,48.513734],[39.819729,48.513824],[39.819492,48.513946],[39.818387,48.516326]]]}},{"type":"Feature","properties":{"cadnum":"4421483000:01:004:0029"},"geometry":{"type":"Polygon","coordinates":[[[39.814096,48.51405],[39.814539,48.514352],[39.816029,48.515366],[39.816595,48.51505],[39.814739,48.513785],[39.814539,48.513868],[39.814096,48.51405]]]}},{"type":"Feature","properties":{"cadnum":"4421483000:14:002:0006"},"geometry":{"type":"Polygon","coordinates":[[[39.755064,48.484609],[39.755312,48.484778],[39.755339,48.484809],[39.755312,48.484842],[39.755931,48.485264],[39.756677,48.48577],[39.759607,48.484447],[39.760712,48.483947],[39.764124,48.482406],[39.762421,48.481263],[39.759607,48.482543],[39.756768,48.483834],[39.756767,48.483834],[39.755064,48.484609]]]}},{"type":"Feature","properties":{"cadnum":"4421483000:11:003:0063"},"geometry":{"type":"Polygon","coordinates":[[[39.7077,48.501091],[39.709997,48.50162],[39.709997,48.501621],[39.710386,48.501709],[39.710738,48.502035],[39.710738,48.502036],[39.710737,48.502036],[39.71243,48.503599],[39.713855,48.502149],[39.713856,48.502149],[39.71549,48.500488],[39.717548,48.498396],[39.717547,48.498396],[39.719244,48.496671],[39.717434,48.496075],[39.716864,48.495843],[39.716194,48.495611],[39.71549,48.495657],[39.714244,48.495737],[39.711814,48.49709],[39.710628,48.498396],[39.710627,48.498396],[39.710565,48.498465],[39.710524,48.498509],[39.710524,48.49851],[39.710169,48.498901],[39.709466,48.499674],[39.7077,48.501091]]]}},{"type":"Feature","properties":{"cadnum":"4421483000:10:003:0012"},"geometry":{"type":"Polygon","coordinates":[[[39.7089,48.467169],[39.710169,48.46783],[39.710382,48.467941],[39.713029,48.465739],[39.714766,48.464295],[39.713243,48.463559],[39.710756,48.465625],[39.710675,48.465692],[39.710619,48.465739],[39.709997,48.466257],[39.709997,48.466258],[39.7089,48.467169]]]}},{"type":"Feature","properties":{"cadnum":"4421483000:02:001:0009"},"geometry":{"type":"Polygon","coordinates":[[[39.809542,48.544461],[39.809561,48.545297],[39.814367,48.545151],[39.819419,48.544997],[39.81986,48.544638],[39.81986,48.544639],[39.820484,48.544131],[39.819992,48.544146],[39.814367,48.544316],[39.809542,48.544461]]]}},{"type":"Feature","properties":{"cadnum":"4421483000:07:002:0032"},"geometry":{"type":"Polygon","coordinates":[[[39.8264,48.478756],[39.831018,48.478247],[39.831019,48.478247],[39.833828,48.477937],[39.833855,48.477747],[39.833518,48.477535],[39.832356,48.477139],[39.832077,48.476987],[39.83161,48.476594],[39.830962,48.476665],[39.830965,48.476665],[39.830847,48.476678],[39.82657,48.477148],[39.826494,48.477907],[39.8264,48.478756]]]}},{"type":"Feature","properties":{"cadnum":"4421483000:07:002:0033"},"geometry":{"type":"Polygon","coordinates":[[[39.82657,48.477148],[39.831018,48.476659],[39.831019,48.476659],[39.83161,48.476594],[39.830914,48.47601],[39.828398,48.474069],[39.827805,48.473813],[39.826822,48.47392],[39.826642,48.476436],[39.826618,48.476665],[39.826619,48.476665],[39.82657,48.477148]],[[39.827442,48.475088],[39.82741,48.475048],[39.827415,48.475007],[39.82745,48.474971],[39.827509,48.474953],[39.827572,48.474953],[39.827625,48.474977],[39.827652,48.475016],[39.827652,48.475057],[39.827616,48.475093],[39.827558,48.475114],[39.827495,48.475112],[39.827442,48.475088]]]}},{"type":"Feature","properties":{"cadnum":"4421483000:07:005:0001"},"geometry":{"type":"Polygon","coordinates":[[[39.826799,48.472914],[39.826801,48.472914],[39.826987,48.473023],[39.826988,48.473023],[39.828757,48.474048],[39.828722,48.473023],[39.828667,48.471383],[39.827469,48.4697],[39.827549,48.469267],[39.827662,48.468667],[39.828268,48.468661],[39.828564,48.469267],[39.828563,48.469267],[39.830279,48.472779],[39.83028,48.472779],[39.830847,48.472722],[39.830847,48.472723],[39.830891,48.472717],[39.831014,48.473023],[39.831015,48.473023],[39.831291,48.4737],[39.833048,48.473393],[39.832853,48.473023],[39.830884,48.469267],[39.830532,48.468596],[39.830847,48.468585],[39.831017,48.468579],[39.831018,48.468579],[39.833029,48.468506],[39.833237,48.469381],[39.83342,48.470144],[39.834386,48.472196],[39.83634,48.472092],[39.840548,48.471865],[39.839587,48.470555],[39.839577,48.470555],[39.839577,48.470543],[39.838721,48.469381],[39.838722,48.469381],[39.837116,48.467199],[39.836512,48.466674],[39.836512,48.466673],[39.835885,48.466129],[39.835863,48.466133],[39.835863,48.466112],[39.835742,48.466007],[39.835103,48.466043],[39.831019,48.46625],[39.831018,48.46625],[39.827568,48.466425],[39.827442,48.466466],[39.827347,48.466624],[39.827154,48.469267],[39.827153,48.469267],[39.827073,48.470389],[39.8268,48.472909],[39.826799,48.472909],[39.826799,48.472914]],[[39.837512,48.46795],[39.837556,48.46795],[39.837556,48.467976],[39.837512,48.467976],[39.837512,48.46795]],[[39.836532,48.466833],[39.836573,48.466833],[39.836573,48.466859],[39.836532,48.466859],[39.836532,48.466833]]]}},{"type":"Feature","properties":{"cadnum":"4421483000:02:004:0025"},"geometry":{"type":"Polygon","coordinates":[[[39.836155,48.52517],[39.836272,48.527238],[39.836512,48.527245],[39.836512,48.527244],[39.836614,48.527247],[39.836937,48.527238],[39.836864,48.526034],[39.83682,48.525183],[39.83634,48.525174],[39.836155,48.52517]]]}},{"type":"Feature","properties":{"cadnum":"4421483000:01:003:0105"},"geometry":{"type":"Polygon","coordinates":[[[39.778762,48.525216],[39.780751,48.526513],[39.781327,48.526054],[39.781408,48.525991],[39.781467,48.525946],[39.78158,48.525858],[39.78158,48.525857],[39.781605,48.525838],[39.781478,48.5258],[39.778963,48.525055],[39.778762,48.525216]]]}},{"type":"Feature","properties":{"cadnum":"4421483000:01:003:0106"},"geometry":{"type":"Polygon","coordinates":[[[39.778963,48.525055],[39.781408,48.52578],[39.781478,48.5258],[39.78158,48.52583],[39.781605,48.525838],[39.781866,48.525629],[39.782158,48.525397],[39.78158,48.525226],[39.779516,48.524614],[39.778963,48.525055]]]}},{"type":"Feature","properties":{"cadnum":"4421483000:01:003:0103"},"geometry":{"type":"Polygon","coordinates":[[[39.774944,48.524511],[39.775726,48.525498],[39.775915,48.525368],[39.776633,48.52487],[39.776036,48.524115],[39.775856,48.523886],[39.775711,48.523983],[39.775712,48.523983],[39.775623,48.524043],[39.774958,48.524504],[39.774944,48.524511]]]}},{"type":"Feature","properties":{"cadnum":"4421483000:01:003:0116"},"geometry":{"type":"Polygon","coordinates":[[[39.781327,48.526054],[39.78158,48.526219],[39.783195,48.527271],[39.783703,48.527015],[39.783797,48.526885],[39.781866,48.525629],[39.781605,48.525838],[39.781467,48.525946],[39.781327,48.526054]]]}},{"type":"Feature","properties":{"cadnum":"4421483000:01:003:0115"},"geometry":{"type":"Polygon","coordinates":[[[39.780751,48.526513],[39.781408,48.526941],[39.781408,48.526942],[39.78245,48.527621],[39.782451,48.527621],[39.782472,48.527634],[39.782724,48.527507],[39.783195,48.527271],[39.781408,48.526108],[39.781327,48.526054],[39.780751,48.526513]]]}},{"type":"Feature","properties":{"cadnum":"4421483000:11:001:0013"},"geometry":{"type":"Polygon","coordinates":[[[39.731236,48.512596],[39.731385,48.512532],[39.73197,48.512297],[39.73284,48.511946],[39.733096,48.511842],[39.733374,48.509315],[39.733373,48.509315],[39.733373,48.509314],[39.733684,48.506495],[39.732116,48.506731],[39.731879,48.506766],[39.731597,48.509314],[39.731597,48.509315],[39.731236,48.512596]]]}},{"type":"Feature","properties":{"cadnum":"4421483000:11:001:0014"},"geometry":{"type":"Polygon","coordinates":[[[39.733096,48.511842],[39.734286,48.511361],[39.735445,48.510893],[39.735454,48.510197],[39.735465,48.509428],[39.735512,48.506218],[39.733684,48.506495],[39.733361,48.509428],[39.733096,48.511842]]]}},{"type":"Feature","properties":{"cadnum":"4421483000:11:001:0033"},"geometry":{"type":"Polygon","coordinates":[[[39.73681,48.509315],[39.73681,48.509474],[39.737463,48.509456],[39.737463,48.509457],[39.737592,48.509453],[39.737635,48.509452],[39.738217,48.509432],[39.738217,48.509428],[39.738225,48.505861],[39.737875,48.505816],[39.737488,48.505894],[39.736819,48.506004],[39.73681,48.509314],[39.73681,48.509315]]]}},{"type":"Feature","properties":{"cadnum":"4421483000:11:001:0032"},"geometry":{"type":"Polygon","coordinates":[[[39.73553,48.509428],[39.735532,48.509428],[39.73553,48.509513],[39.73681,48.509474],[39.73681,48.509428],[39.736819,48.506004],[39.73558,48.506209],[39.73553,48.509428]]]}},{"type":"Feature","properties":{"cadnum":"4421483000:02:005:0018"},"geometry":{"type":"Polygon","coordinates":[[[39.85281,48.519331],[39.852991,48.519383],[39.852991,48.519382],[39.853579,48.519549],[39.853772,48.51951],[39.854777,48.517272],[39.854454,48.517212],[39.854395,48.517474],[39.853699,48.51735],[39.852991,48.518928],[39.85281,48.519331]]]}},{"type":"Feature","properties":{"cadnum":"4421483000:02:005:0017"},"geometry":{"type":"Polygon","coordinates":[[[39.851759,48.5194],[39.852508,48.519248],[39.85281,48.519331],[39.852819,48.519311],[39.853699,48.51735],[39.852869,48.517201],[39.852756,48.51718],[39.851759,48.519399],[39.851759,48.5194]]]}},{"type":"Feature","properties":{"cadnum":"4421483000:06:003:0009"},"geometry":{"type":"Polygon","coordinates":[[[39.77043,48.472997],[39.77043,48.473023],[39.770431,48.473023],[39.770439,48.473492],[39.770474,48.474286],[39.770594,48.474356],[39.774574,48.476665],[39.775915,48.477443],[39.775995,48.477489],[39.776087,48.477542],[39.778164,48.478747],[39.779162,48.477875],[39.776881,48.476551],[39.77688,48.476551],[39.776087,48.47609],[39.770635,48.472926],[39.770619,48.472916],[39.770503,48.472966],[39.77043,48.472997]]]}},{"type":"Feature","properties":{"cadnum":"4421483000:08:001:0113"},"geometry":{"type":"Polygon","coordinates":[[[39.666418,48.497471],[39.671545,48.498308],[39.671545,48.498309],[39.672779,48.498509],[39.673771,48.498671],[39.673842,48.498493],[39.675314,48.494756],[39.675313,48.494756],[39.675313,48.494755],[39.675702,48.493769],[39.6759,48.493406],[39.676309,48.493039],[39.677038,48.492698],[39.677167,48.492638],[39.67721,48.492624],[39.678196,48.492316],[39.678352,48.492501],[39.678559,48.492191],[39.67721,48.491774],[39.675896,48.491367],[39.674706,48.491497],[39.672167,48.49226],[39.671717,48.492402],[39.67122,48.492558],[39.669706,48.493015],[39.668206,48.49331],[39.668049,48.49387],[39.667625,48.494869],[39.666984,48.496382],[39.667515,48.496626],[39.667123,48.497361],[39.666513,48.497308],[39.666418,48.497471]]]}},{"type":"Feature","properties":{"cadnum":"4421483000:09:001:0001"},"geometry":{"type":"Polygon","coordinates":[[[39.726129,48.490471],[39.726477,48.490514],[39.726506,48.490518],[39.726583,48.490537],[39.726648,48.490569],[39.726655,48.490572],[39.726762,48.490551],[39.726848,48.49061],[39.726835,48.490682],[39.727454,48.491057],[39.727546,48.491115],[39.727727,48.491228],[39.727728,48.491229],[39.728321,48.491599],[39.728712,48.491792],[39.731254,48.493382],[39.732141,48.493909],[39.732142,48.493909],[39.732938,48.494382],[39.733154,48.49448],[39.733743,48.494596],[39.736087,48.494343],[39.736402,48.494305],[39.736357,48.494144],[39.736047,48.494186],[39.733752,48.494433],[39.733204,48.494367],[39.733015,48.49431],[39.732142,48.49379],[39.732141,48.49379],[39.732141,48.493789],[39.731344,48.493313],[39.728802,48.491727],[39.728487,48.491483],[39.728081,48.491229],[39.727617,48.490938],[39.727005,48.490566],[39.726892,48.490577],[39.726808,48.490518],[39.726808,48.490444],[39.726699,48.490393],[39.726569,48.490361],[39.726156,48.49031],[39.726129,48.490471]]]}},{"type":"Feature","properties":{"cadnum":"4421483000:11:003:0058"},"geometry":{"type":"Polygon","coordinates":[[[39.723973,48.493367],[39.726648,48.494638],[39.727135,48.494869],[39.727136,48.494869],[39.727715,48.495144],[39.72855,48.495022],[39.728923,48.494915],[39.728588,48.494756],[39.728587,48.494756],[39.726477,48.493754],[39.725856,48.493459],[39.725833,48.493465],[39.725137,48.493459],[39.725177,48.492977],[39.723973,48.493367]]]}},{"type":"Feature","properties":{"cadnum":"4421483000:11:003:0057"},"geometry":{"type":"Polygon","coordinates":[[[39.722833,48.493555],[39.725596,48.494869],[39.726477,48.495288],[39.726477,48.495289],[39.726493,48.495296],[39.726648,48.495262],[39.727238,48.495132],[39.72745,48.495144],[39.727643,48.495155],[39.727715,48.495144],[39.726896,48.494756],[39.726477,48.494556],[39.726477,48.494557],[39.723973,48.493367],[39.7233,48.493048],[39.7233,48.493052],[39.722833,48.493555]]]}},{"type":"Feature","properties":{"cadnum":"4421483000:14:003:0012"},"geometry":{"type":"Polygon","coordinates":[[[39.725833,48.46526],[39.725833,48.465261],[39.726427,48.465625],[39.726648,48.46576],[39.726727,48.465808],[39.727068,48.466031],[39.727417,48.465735],[39.731711,48.462096],[39.73197,48.461877],[39.73197,48.461878],[39.733626,48.460473],[39.732862,48.460155],[39.732207,48.459861],[39.732101,48.459951],[39.729702,48.461983],[39.726477,48.464715],[39.726477,48.464716],[39.725833,48.46526]]]}},{"type":"Feature","properties":{"cadnum":"4421483000:14:003:0013"},"geometry":{"type":"Polygon","coordinates":[[[39.727068,48.466031],[39.72825,48.466791],[39.72949,48.465739],[39.73197,48.463637],[39.733786,48.462096],[39.735018,48.461051],[39.733626,48.460473],[39.732142,48.461732],[39.732141,48.461732],[39.731845,48.461983],[39.727547,48.465625],[39.727417,48.465735],[39.727413,48.465739],[39.727068,48.466031]]]}},{"type":"Feature","properties":{"cadnum":"4421483000:14:003:0009"},"geometry":{"type":"Polygon","coordinates":[[[39.721781,48.463],[39.722693,48.463446],[39.723196,48.463732],[39.725125,48.462096],[39.726477,48.460951],[39.729305,48.458552],[39.729086,48.458454],[39.727818,48.457879],[39.727275,48.45834],[39.727202,48.458402],[39.727141,48.458454],[39.72714,48.458454],[39.726648,48.458872],[39.722981,48.461983],[39.72298,48.461983],[39.721781,48.463]]]}},{"type":"Feature","properties":{"cadnum":"4421483000:14:003:0008"},"geometry":{"type":"Polygon","coordinates":[[[39.720357,48.462199],[39.720456,48.462353],[39.720983,48.462611],[39.720984,48.462611],[39.721781,48.463],[39.722846,48.462096],[39.726477,48.459017],[39.726477,48.459018],[39.727202,48.458402],[39.727818,48.457879],[39.726648,48.457351],[39.726269,48.457179],[39.726183,48.457251],[39.724958,48.45834],[39.724957,48.45834],[39.723097,48.459994],[39.721108,48.461593],[39.720479,48.462096],[39.72048,48.462096],[39.72048,48.462097],[39.720416,48.462148],[39.720357,48.462199]]]}},{"type":"Feature","properties":{"cadnum":"4421483000:01:002:0051"},"geometry":{"type":"Polygon","coordinates":[[[39.791904,48.529478],[39.792395,48.529484],[39.79415,48.529505],[39.795888,48.527621],[39.797888,48.525455],[39.797888,48.525456],[39.798839,48.524424],[39.797888,48.524067],[39.797888,48.524068],[39.797663,48.523983],[39.797662,48.523983],[39.79715,48.52379],[39.797077,48.523869],[39.797076,48.523869],[39.793721,48.527507],[39.792395,48.528946],[39.791904,48.529478]]]}},{"type":"Feature","properties":{"cadnum":"4421483000:01:003:0134"},"geometry":{"type":"Polygon","coordinates":[[[39.792875,48.51995],[39.793358,48.520231],[39.79344,48.520279],[39.793553,48.520345],[39.793554,48.520345],[39.794361,48.520813],[39.794838,48.520231],[39.794976,48.520063],[39.793875,48.519423],[39.793041,48.518941],[39.792973,48.519891],[39.792875,48.51995]]]}},{"type":"Feature","properties":{"cadnum":"4421483000:01:003:0124"},"geometry":{"type":"Polygon","coordinates":[[[39.791343,48.52316],[39.792303,48.523719],[39.792395,48.523541],[39.792447,48.523438],[39.792566,48.523204],[39.792566,48.523203],[39.792816,48.522714],[39.793162,48.522318],[39.793185,48.522255],[39.793745,48.521569],[39.793409,48.521372],[39.792395,48.52225],[39.791343,48.52316]]]}},{"type":"Feature","properties":{"cadnum":"4421483000:01:003:0133"},"geometry":{"type":"Polygon","coordinates":[[[39.791944,48.520521],[39.792219,48.520682],[39.792395,48.520784],[39.792816,48.521027],[39.793409,48.521372],[39.793745,48.521569],[39.794361,48.520813],[39.79344,48.520279],[39.792875,48.51995],[39.792438,48.520218],[39.792418,48.520231],[39.792416,48.520231],[39.79226,48.520327],[39.792231,48.520345],[39.791944,48.520521]]]}},{"type":"Feature","properties":{"cadnum":"4421483000:01:003:0125"},"geometry":{"type":"Polygon","coordinates":[[[39.790749,48.522818],[39.791343,48.52316],[39.792566,48.522102],[39.792566,48.522101],[39.793409,48.521372],[39.792816,48.521027],[39.792395,48.521392],[39.790749,48.522818]]]}},{"type":"Feature","properties":{"cadnum":"4421483000:06:002:0009"},"geometry":{"type":"Polygon","coordinates":[[[39.797294,48.490932],[39.797617,48.491115],[39.797684,48.491153],[39.797818,48.491229],[39.797819,48.491229],[39.797898,48.491274],[39.798605,48.491673],[39.799831,48.492304],[39.800263,48.492477],[39.801108,48.491483],[39.801418,48.491115],[39.801417,48.491115],[39.801978,48.490449],[39.802689,48.489622],[39.802167,48.489619],[39.801085,48.489649],[39.79993,48.48961],[39.79959,48.489566],[39.799181,48.489566],[39.798699,48.489277],[39.798202,48.489897],[39.797888,48.490255],[39.797294,48.490932]]]}},{"type":"Feature","properties":{"cadnum":"4421483000:06:002:0007"},"geometry":{"type":"Polygon","coordinates":[[[39.796624,48.490539],[39.797263,48.490905],[39.797888,48.49019],[39.797888,48.490191],[39.798049,48.490006],[39.798059,48.48999],[39.798169,48.489822],[39.798556,48.488396],[39.797988,48.489026],[39.79685,48.490286],[39.796624,48.490539]]]}},{"type":"Feature","properties":{"cadnum":"4421483000:11:001:0052"},"geometry":{"type":"Polygon","coordinates":[[[39.748996,48.50196],[39.749198,48.502149],[39.750083,48.502977],[39.75205,48.502549],[39.752935,48.502225],[39.753092,48.502144],[39.753165,48.50202],[39.752792,48.501213],[39.752293,48.500376],[39.752153,48.500511],[39.749027,48.501948],[39.748996,48.50196]]]}},{"type":"Feature","properties":{"cadnum":"4421483000:11:001:0039"},"geometry":{"type":"Polygon","coordinates":[[[39.747303,48.505796],[39.747932,48.506948],[39.748115,48.506924],[39.748449,48.506871],[39.748605,48.506846],[39.748621,48.506477],[39.748621,48.506476],[39.748624,48.506414],[39.748681,48.506358],[39.749121,48.506129],[39.749809,48.505849],[39.749957,48.505721],[39.750012,48.505673],[39.749683,48.505409],[39.749639,48.505349],[39.748565,48.505555],[39.747936,48.505675],[39.747933,48.505675],[39.747484,48.505761],[39.747339,48.505789],[39.747303,48.505796]]]}},{"type":"Feature","properties":{"cadnum":"4421483000:11:001:0050"},"geometry":{"type":"Polygon","coordinates":[[[39.746135,48.504736],[39.747136,48.505675],[39.747226,48.505759],[39.74723,48.505763],[39.748621,48.505497],[39.748621,48.505496],[39.749616,48.505305],[39.750398,48.505099],[39.750132,48.504668],[39.749742,48.504037],[39.749553,48.503644],[39.749481,48.503427],[39.749436,48.50324],[39.749503,48.50318],[39.748449,48.503667],[39.746135,48.504736]]]}},{"type":"Feature","properties":{"cadnum":"4421483000:11:001:0051"},"geometry":{"type":"Polygon","coordinates":[[[39.745102,48.503766],[39.745821,48.504439],[39.746135,48.504736],[39.748621,48.503588],[39.749503,48.50318],[39.74954,48.50315],[39.749916,48.503013],[39.749917,48.503013],[39.750083,48.502977],[39.749077,48.502036],[39.748996,48.50196],[39.748589,48.502149],[39.74859,48.502149],[39.748523,48.502181],[39.747949,48.502448],[39.745102,48.503766]]]}},{"type":"Feature","properties":{"cadnum":"4421483000:12:001:0024"},"geometry":{"type":"Polygon","coordinates":[[[39.749423,48.506099],[39.749903,48.506593],[39.750672,48.506477],[39.750232,48.505675],[39.750195,48.505609],[39.75009,48.505675],[39.750089,48.505675],[39.749423,48.506099]],[[39.750366,48.506195],[39.750388,48.506185],[39.750389,48.506185],[39.750402,48.5062],[39.750379,48.506209],[39.750366,48.506195]],[[39.749827,48.506379],[39.74989,48.506355],[39.749903,48.506373],[39.74984,48.506394],[39.749827,48.506379]]]}},{"type":"Feature","properties":{"cadnum":"4421483000:12:001:0019"},"geometry":{"type":"Polygon","coordinates":[[[39.753757,48.502674],[39.753757,48.502692],[39.753784,48.502692],[39.753784,48.502674],[39.753757,48.502674]]]}},{"type":"Feature","properties":{"cadnum":"4421483000:14:002:0017"},"geometry":{"type":"Polygon","coordinates":[[[39.749257,48.474406],[39.749364,48.474483],[39.751075,48.475629],[39.753942,48.473166],[39.753976,48.473137],[39.754114,48.473019],[39.754114,48.473018],[39.75424,48.472909],[39.7547,48.472515],[39.7547,48.472514],[39.754238,48.472205],[39.755249,48.471338],[39.754114,48.470579],[39.753888,48.470427],[39.750865,48.473023],[39.749257,48.474406]]]}},{"type":"Feature","properties":{"cadnum":"4421483000:14:003:0023"},"geometry":{"type":"Polygon","coordinates":[[[39.753614,48.470243],[39.753888,48.470427],[39.753942,48.470464],[39.754101,48.47057],[39.754114,48.470579],[39.75448,48.470823],[39.755998,48.469996],[39.755926,48.469945],[39.755559,48.469757],[39.754947,48.469515],[39.753942,48.470064],[39.753614,48.470243]]]}},{"type":"Feature","properties":{"cadnum":"4421483000:10:001:0065"},"geometry":{"type":"Polygon","coordinates":[[[39.682041,48.470844],[39.682531,48.471259],[39.682604,48.47132],[39.682703,48.471404],[39.682997,48.471651],[39.683878,48.471559],[39.685714,48.471237],[39.687295,48.470925],[39.688024,48.470799],[39.688025,48.470799],[39.68902,48.470627],[39.689316,48.4706],[39.688895,48.470126],[39.688025,48.470295],[39.688024,48.470295],[39.688024,48.470296],[39.686639,48.470564],[39.685611,48.470987],[39.68561,48.470987],[39.685098,48.470698],[39.684754,48.470216],[39.682703,48.470691],[39.682041,48.470844]]]}},{"type":"Feature","properties":{"cadnum":"4421483000:10:002:0010"},"geometry":{"type":"Polygon","coordinates":[[[39.69048,48.472217],[39.693689,48.472608],[39.693689,48.472607],[39.696168,48.472909],[39.696477,48.472947],[39.697102,48.473023],[39.697103,48.473023],[39.698776,48.473227],[39.698802,48.472984],[39.698916,48.471919],[39.693689,48.471283],[39.693689,48.471282],[39.690727,48.470921],[39.69052,48.47194],[39.69048,48.472217]]]}},{"type":"Feature","properties":{"cadnum":"4421483000:02:001:0039"},"geometry":{"type":"Polygon","coordinates":[[[39.816459,48.533164],[39.816473,48.533699],[39.81986,48.533597],[39.825354,48.53343],[39.830847,48.533263],[39.833815,48.533173],[39.8347,48.53261],[39.831019,48.532722],[39.831018,48.532722],[39.825525,48.532889],[39.820032,48.533055],[39.816459,48.533164]]]}},{"type":"Feature","properties":{"cadnum":"4421483000:02:001:0027"},"geometry":{"type":"Polygon","coordinates":[[[39.807094,48.534092],[39.809046,48.534034],[39.809046,48.534033],[39.814367,48.533874],[39.81641,48.533812],[39.81636,48.532004],[39.81558,48.532051],[39.814539,48.532129],[39.813163,48.532232],[39.812323,48.532375],[39.810378,48.532474],[39.809804,48.532547],[39.809494,48.532649],[39.809046,48.532952],[39.809046,48.532951],[39.808815,48.533107],[39.808141,48.53344],[39.807391,48.533859],[39.807094,48.534092]]]}},{"type":"Feature","properties":{"cadnum":"4421483000:02:001:0026"},"geometry":{"type":"Polygon","coordinates":[[[39.805617,48.53526],[39.809046,48.535157],[39.814367,48.534996],[39.816437,48.534933],[39.816433,48.534786],[39.81641,48.533812],[39.814539,48.533869],[39.808874,48.534038],[39.808874,48.534039],[39.807094,48.534092],[39.80622,48.534783],[39.805617,48.53526]]]}},{"type":"Feature","properties":{"cadnum":"4421483000:10:006:0025"},"geometry":{"type":"Polygon","coordinates":[[[39.758819,48.499602],[39.758819,48.49962],[39.758846,48.49962],[39.758842,48.499602],[39.758819,48.499602]]]}},{"type":"Feature","properties":{"cadnum":"4421483000:10:006:0048"},"geometry":{"type":"Polygon","coordinates":[[[39.757773,48.499793],[39.757786,48.499811],[39.757876,48.499778],[39.75783,48.499719],[39.757809,48.499728],[39.75784,48.499769],[39.75784,48.49977],[39.757773,48.499793]]]}},{"type":"Feature","properties":{"cadnum":"4421483000:12:001:0001"},"geometry":{"type":"Polygon","coordinates":[[[39.752284,48.500112],[39.753205,48.500558],[39.753942,48.500856],[39.754073,48.500909],[39.754114,48.500926],[39.755585,48.501519],[39.756975,48.502035],[39.756975,48.502036],[39.757044,48.502061],[39.757054,48.502065],[39.757244,48.502149],[39.757396,48.502216],[39.757633,48.502221],[39.757786,48.50221],[39.758387,48.502097],[39.758388,48.502097],[39.758788,48.501983],[39.759436,48.5018],[39.76013,48.501603],[39.760315,48.501552],[39.760939,48.5014],[39.763392,48.500853],[39.764042,48.50071],[39.76438,48.500632],[39.764929,48.500517],[39.764929,48.500518],[39.767057,48.50007],[39.767178,48.500094],[39.767264,48.500118],[39.767528,48.500912],[39.767506,48.501064],[39.76747,48.501215],[39.76734,48.501462],[39.767057,48.501885],[39.766911,48.502036],[39.766814,48.502136],[39.766801,48.502149],[39.766792,48.502159],[39.765979,48.502784],[39.76578,48.502953],[39.765723,48.503168],[39.76587,48.503602],[39.766477,48.505675],[39.766476,48.505675],[39.766502,48.505762],[39.76651,48.505789],[39.766526,48.505843],[39.766927,48.507215],[39.767105,48.507864],[39.767348,48.507834],[39.767164,48.507182],[39.766765,48.505814],[39.766735,48.505716],[39.766109,48.50357],[39.765975,48.503162],[39.76601,48.503022],[39.766168,48.502889],[39.766989,48.502258],[39.767114,48.502125],[39.767268,48.501963],[39.767568,48.501522],[39.767704,48.501257],[39.767748,48.501085],[39.767771,48.5009],[39.76747,48.500001],[39.767218,48.499927],[39.767142,48.499933],[39.766235,48.500132],[39.766092,48.500156],[39.765983,48.500177],[39.765101,48.500373],[39.7651,48.500373],[39.760889,48.501305],[39.76026,48.50146],[39.760077,48.50151],[39.759538,48.501656],[39.759511,48.501665],[39.759358,48.501725],[39.75934,48.501731],[39.758348,48.502011],[39.758217,48.502036],[39.757692,48.502135],[39.757572,48.502092],[39.757499,48.502067],[39.757171,48.501924],[39.755706,48.50138],[39.754381,48.500844],[39.753942,48.500667],[39.753339,48.500424],[39.752446,48.499993],[39.752284,48.500112]]]}},{"type":"Feature","properties":{"cadnum":"4421483000:10:006:0029"},"geometry":{"type":"Polygon","coordinates":[[[39.756029,48.500671],[39.756057,48.500668],[39.756052,48.500653],[39.756029,48.500653],[39.756029,48.500671]]]}},{"type":"Feature","properties":{"cadnum":"4421483000:12:001:0018"},"geometry":{"type":"Polygon","coordinates":[[[39.75404,48.501632],[39.75404,48.50165],[39.754067,48.50165],[39.754067,48.501632],[39.75404,48.501632]]]}},{"type":"Feature","properties":{"cadnum":"4421483000:10:006:0030"},"geometry":{"type":"Polygon","coordinates":[[[39.755572,48.500879],[39.755572,48.500895],[39.755599,48.500895],[39.755599,48.500879],[39.755572,48.500879]]]}},{"type":"Feature","properties":{"cadnum":"4421483000:12:001:0011"},"geometry":{"type":"Polygon","coordinates":[[[39.754503,48.500855],[39.754503,48.500871],[39.75453,48.500871],[39.754525,48.500853],[39.754503,48.500855]]]}},{"type":"Feature","properties":{"cadnum":"4421483000:10:006:0028"},"geometry":{"type":"Polygon","coordinates":[[[39.756488,48.500427],[39.756488,48.500442],[39.756515,48.500442],[39.756515,48.500427],[39.756488,48.500427]]]}},{"type":"Feature","properties":{"cadnum":"4421483000:12:001:0017"},"geometry":{"type":"Polygon","coordinates":[[[39.754557,48.50138],[39.754557,48.501394],[39.754584,48.501394],[39.754584,48.50138],[39.754557,48.50138]]]}},{"type":"Feature","properties":{"cadnum":"4421483000:10:006:0026"},"geometry":{"type":"Polygon","coordinates":[[[39.757396,48.49998],[39.757396,48.499995],[39.757417,48.499995],[39.757417,48.49998],[39.757396,48.49998]]]}},{"type":"Feature","properties":{"cadnum":"4421483000:12:001:0010"},"geometry":{"type":"Polygon","coordinates":[[[39.75506,48.501094],[39.755132,48.501124],[39.755145,48.501109],[39.755073,48.501078],[39.75506,48.501094]]]}},{"type":"Feature","properties":{"cadnum":"4421483000:10:006:0027"},"geometry":{"type":"Polygon","coordinates":[[[39.756947,48.500201],[39.756951,48.500216],[39.756973,48.500216],[39.756973,48.500198],[39.756947,48.500201]]]}},{"type":"Feature","properties":{"cadnum":"4421483000:06:004:0029"},"geometry":{"type":"Polygon","coordinates":[[[39.81663,48.500415],[39.81663,48.500433],[39.816657,48.500433],[39.816657,48.500415],[39.81663,48.500415]]]}},{"type":"Feature","properties":{"cadnum":"4421483000:05:005:0020"},"geometry":{"type":"Polygon","coordinates":[[[39.819006,48.500948],[39.819033,48.500954],[39.819069,48.500903],[39.819046,48.500897],[39.819006,48.500948]]]}},{"type":"Feature","properties":{"cadnum":"4421483000:05:005:0021"},"geometry":{"type":"Polygon","coordinates":[[[39.8195,48.50129],[39.819528,48.50129],[39.819528,48.501272],[39.8195,48.501275],[39.8195,48.50129]]]}},{"type":"Feature","properties":{"cadnum":"4421483000:06:004:0030"},"geometry":{"type":"Polygon","coordinates":[[[39.817138,48.500537],[39.817161,48.500534],[39.817161,48.50052],[39.817138,48.50052],[39.817138,48.500537]]]}},{"type":"Feature","properties":{"cadnum":"4421483000:06:004:0040"},"geometry":{"type":"Polygon","coordinates":[[[39.819532,48.500418],[39.819532,48.500436],[39.819559,48.500436],[39.819559,48.500418],[39.819532,48.500418]]]}},{"type":"Feature","properties":{"cadnum":"4421483000:06:004:0039"},"geometry":{"type":"Polygon","coordinates":[[[39.818737,48.500076],[39.818737,48.500094],[39.818759,48.500094],[39.818759,48.500076],[39.818737,48.500076]]]}},{"type":"Feature","properties":{"cadnum":"4421483000:06:004:0031"},"geometry":{"type":"Polygon","coordinates":[[[39.817748,48.500644],[39.817748,48.500659],[39.817775,48.500659],[39.817775,48.500644],[39.817748,48.500644]]]}},{"type":"Feature","properties":{"cadnum":"4421483000:06:004:0038"},"geometry":{"type":"Polygon","coordinates":[[[39.817947,48.499752],[39.817968,48.499748],[39.817968,48.499733],[39.817947,48.499733],[39.817947,48.499752]]]}},{"type":"Feature","properties":{"cadnum":"4421483000:05:005:0039"},"geometry":{"type":"Polygon","coordinates":[[[39.815458,48.500153],[39.815507,48.500216],[39.815597,48.500183],[39.815584,48.500165],[39.815521,48.500189],[39.815484,48.500145],[39.815458,48.500153]]]}},{"type":"Feature","properties":{"cadnum":"4421483000:06:004:0035"},"geometry":{"type":"Polygon","coordinates":[[[39.815584,48.498698],[39.815584,48.498716],[39.81561,48.498716],[39.81561,48.498698],[39.815584,48.498698]]]}},{"type":"Feature","properties":{"cadnum":"4421483000:05:005:0019"},"geometry":{"type":"Polygon","coordinates":[[[39.818413,48.500817],[39.81844,48.500823],[39.818472,48.500769],[39.818444,48.500763],[39.818413,48.500817]]]}},{"type":"Feature","properties":{"cadnum":"4421483000:06:004:0028"},"geometry":{"type":"Polygon","coordinates":[[[39.816127,48.500314],[39.816127,48.500328],[39.816154,48.500328],[39.816154,48.500311],[39.816127,48.500314]]]}},{"type":"Feature","properties":{"cadnum":"4421483000:05:005:0018"},"geometry":{"type":"Polygon","coordinates":[[[39.815,48.499692],[39.815,48.499706],[39.815027,48.499706],[39.815027,48.499689],[39.815,48.499692]]]}},{"type":"Feature","properties":{"cadnum":"4421483000:05:005:0017"},"geometry":{"type":"Polygon","coordinates":[[[39.814452,48.499153],[39.814452,48.499168],[39.814479,48.499168],[39.814479,48.499153],[39.814452,48.499153]]]}},{"type":"Feature","properties":{"cadnum":"4421483000:06:004:0036"},"geometry":{"type":"Polygon","coordinates":[[[39.816374,48.499043],[39.816374,48.499061],[39.816396,48.499061],[39.816396,48.499043],[39.816374,48.499043]]]}},{"type":"Feature","properties":{"cadnum":"4421483000:06:004:0037"},"geometry":{"type":"Polygon","coordinates":[[[39.817155,48.499388],[39.817155,48.499403],[39.817182,48.499403],[39.817182,48.499388],[39.817155,48.499388]]]}},{"type":"Feature","properties":{"cadnum":"4421483000:10:004:0005"},"geometry":{"type":"Polygon","coordinates":[[[39.708082,48.48277],[39.710169,48.483069],[39.71549,48.48383],[39.71549,48.483831],[39.716307,48.483947],[39.716308,48.483947],[39.718642,48.484282],[39.718557,48.483865],[39.718529,48.483725],[39.718063,48.483156],[39.71549,48.482788],[39.709997,48.482001],[39.708218,48.481745],[39.708082,48.48277]]]}},{"type":"Feature","properties":{"cadnum":"4421483000:10:004:0006"},"geometry":{"type":"Polygon","coordinates":[[[39.708218,48.481745],[39.710169,48.482025],[39.715662,48.482813],[39.718063,48.483156],[39.718053,48.483145],[39.717982,48.483008],[39.717869,48.482593],[39.717852,48.482519],[39.717699,48.481918],[39.71549,48.481601],[39.71549,48.481602],[39.709997,48.480815],[39.708369,48.480581],[39.708352,48.480697],[39.708218,48.481745]]]}},{"type":"Feature","properties":{"cadnum":"4421483000:10:004:0004"},"geometry":{"type":"Polygon","coordinates":[[[39.707952,48.483752],[39.708521,48.483833],[39.708521,48.483834],[39.710169,48.484071],[39.715662,48.484859],[39.718772,48.485306],[39.718659,48.484374],[39.718642,48.484282],[39.715513,48.483834],[39.709997,48.483044],[39.708082,48.48277],[39.707952,48.483752]]]}},{"type":"Feature","properties":{"cadnum":"4421483000:07:002:0017"},"geometry":{"type":"Polygon","coordinates":[[[39.824786,48.492933],[39.825525,48.492852],[39.831018,48.492249],[39.831019,48.492249],[39.835415,48.491766],[39.835423,48.4917],[39.835535,48.491548],[39.835566,48.49151],[39.835612,48.491115],[39.835616,48.49108],[39.835513,48.491042],[39.835512,48.491042],[39.835504,48.49098],[39.835505,48.49098],[39.835643,48.490953],[39.835679,48.490742],[39.831242,48.491229],[39.830847,48.491272],[39.830847,48.491273],[39.825354,48.491876],[39.82489,48.491927],[39.824886,48.491947],[39.824786,48.492933]]]}},{"type":"Feature","properties":{"cadnum":"4421483000:07:002:0016"},"geometry":{"type":"Polygon","coordinates":[[[39.824688,48.493885],[39.825525,48.493793],[39.831018,48.49319],[39.831018,48.493189],[39.831019,48.493189],[39.835302,48.492718],[39.835415,48.491766],[39.830847,48.492268],[39.825354,48.49287],[39.825354,48.492871],[39.824786,48.492933],[39.824688,48.493885]]]}},{"type":"Feature","properties":{"cadnum":"4421483000:07:002:0006"},"geometry":{"type":"Polygon","coordinates":[[[39.835594,48.493816],[39.836512,48.493716],[39.836512,48.493715],[39.842005,48.49311],[39.84473,48.49281],[39.844725,48.492596],[39.844635,48.492152],[39.84442,48.491739],[39.841833,48.492024],[39.841833,48.492025],[39.83634,48.492629],[39.835692,48.4927],[39.835594,48.493816]]]}},{"type":"Feature","properties":{"cadnum":"4421483000:07:002:0004"},"geometry":{"type":"Polygon","coordinates":[[[39.835082,48.496061],[39.835086,48.49609],[39.836512,48.495934],[39.842005,48.495331],[39.842005,48.49533],[39.843751,48.495138],[39.843902,48.494756],[39.843902,48.494755],[39.843957,48.494617],[39.844051,48.494105],[39.844716,48.49409],[39.844716,48.493893],[39.842005,48.494193],[39.842005,48.494192],[39.83634,48.494815],[39.83634,48.494816],[39.835849,48.494869],[39.835851,48.494869],[39.835851,48.49487],[39.835495,48.494908],[39.83549,48.494983],[39.835419,48.495266],[39.835082,48.496061]]]}},{"type":"Feature","properties":{"cadnum":"4421483000:10:003:0009"},"geometry":{"type":"Polygon","coordinates":[[[39.705436,48.471279],[39.705451,48.471285],[39.705791,48.471535],[39.707,48.472205],[39.710169,48.469426],[39.710219,48.469381],[39.71022,48.469381],[39.711271,48.468459],[39.710169,48.467887],[39.709623,48.467604],[39.707597,48.469381],[39.705436,48.471279]]]}},{"type":"Feature","properties":{"cadnum":"4421483000:10:003:0004"},"geometry":{"type":"Polygon","coordinates":[[[39.702562,48.465764],[39.704504,48.466725],[39.705006,48.466972],[39.706272,48.465862],[39.705957,48.465697],[39.705657,48.46554],[39.705095,48.46529],[39.70466,48.465045],[39.703981,48.4647],[39.703078,48.465228],[39.702926,48.465343],[39.702711,48.465606],[39.702692,48.465625],[39.702656,48.465664],[39.702585,48.465739],[39.702562,48.465764]]]}},{"type":"Feature","properties":{"cadnum":"4421483000:10:003:0007"},"geometry":{"type":"Polygon","coordinates":[[[39.702103,48.469519],[39.702392,48.469733],[39.703707,48.470451],[39.704504,48.469752],[39.704504,48.469753],[39.705057,48.469267],[39.705056,48.469267],[39.707948,48.466731],[39.706272,48.465862],[39.705006,48.466972],[39.704504,48.467412],[39.704504,48.467413],[39.70239,48.469267],[39.702389,48.469267],[39.702103,48.469519]]]}},{"type":"Feature","properties":{"cadnum":"4421483000:10:003:0008"},"geometry":{"type":"Polygon","coordinates":[[[39.703707,48.470451],[39.703994,48.470609],[39.704676,48.470942],[39.704885,48.471044],[39.705221,48.471168],[39.705222,48.471168],[39.705436,48.471279],[39.707727,48.469267],[39.709623,48.467604],[39.707948,48.466731],[39.704926,48.469381],[39.704927,48.469381],[39.704676,48.469602],[39.703707,48.470451]],[[39.706447,48.468143],[39.706524,48.468024],[39.70672,48.468035],[39.706734,48.468036],[39.70669,48.468149],[39.706564,48.468199],[39.706447,48.468143]]]}},{"type":"Feature","properties":{"cadnum":"4421483000:06:003:0017"},"geometry":{"type":"Polygon","coordinates":[[[39.779422,48.469096],[39.779717,48.469267],[39.779747,48.469285],[39.779913,48.469381],[39.78158,48.470348],[39.781717,48.470427],[39.786189,48.473023],[39.78619,48.473023],[39.787023,48.473506],[39.787772,48.473941],[39.787901,48.472909],[39.7879,48.472909],[39.787925,48.472717],[39.788009,48.472223],[39.788019,48.472166],[39.786901,48.471519],[39.78302,48.469267],[39.782248,48.468819],[39.781563,48.468887],[39.779422,48.469096]]]}},{"type":"Feature","properties":{"cadnum":"4421483000:06:003:0008"},"geometry":{"type":"Polygon","coordinates":[[[39.781933,48.475445],[39.784034,48.476665],[39.784035,48.476665],[39.786901,48.478328],[39.786911,48.478334],[39.787073,48.478428],[39.787073,48.478427],[39.787183,48.478491],[39.787332,48.477463],[39.787447,48.476665],[39.787552,48.475945],[39.786901,48.475568],[39.783828,48.473786],[39.782405,48.475037],[39.781933,48.475445]]]}},{"type":"Feature","properties":{"cadnum":"4421483000:01:003:0005"},"geometry":{"type":"Polygon","coordinates":[[[39.772019,48.530085],[39.773735,48.531145],[39.775178,48.532036],[39.775505,48.531885],[39.774366,48.531145],[39.772361,48.529841],[39.772019,48.530085]]]}},{"type":"Feature","properties":{"cadnum":"4421483000:01:001:0029"},"geometry":{"type":"Polygon","coordinates":[[[39.767591,48.528768],[39.767946,48.530311],[39.770422,48.530007],[39.771405,48.529886],[39.771103,48.529725],[39.770529,48.529137],[39.770174,48.528773],[39.769927,48.528479],[39.767591,48.528768]]]}},{"type":"Feature","properties":{"cadnum":"4421483000:01:001:0028"},"geometry":{"type":"Polygon","coordinates":[[[39.767946,48.530311],[39.768009,48.530594],[39.770422,48.530297],[39.771849,48.53012],[39.771405,48.529886],[39.770594,48.529986],[39.767946,48.530311]]]}},{"type":"Feature","properties":{"cadnum":"4421483000:01:003:0001"},"geometry":{"type":"Polygon","coordinates":[[[39.768736,48.526724],[39.769118,48.527143],[39.769424,48.527507],[39.769423,48.527507],[39.769805,48.527961],[39.770407,48.528681],[39.770422,48.528696],[39.770422,48.528697],[39.771306,48.529603],[39.772051,48.529996],[39.773331,48.529083],[39.772177,48.527621],[39.770681,48.525721],[39.770546,48.525791],[39.768736,48.526724]]]}},{"type":"Feature","properties":{"cadnum":"4421483000:01:003:0004"},"geometry":{"type":"Polygon","coordinates":[[[39.770681,48.525721],[39.772088,48.527507],[39.773331,48.529083],[39.773426,48.529017],[39.773633,48.528773],[39.773367,48.52842],[39.773367,48.528419],[39.774459,48.527688],[39.774578,48.527576],[39.77498,48.527203],[39.772904,48.52457],[39.770744,48.525688],[39.770681,48.525721]]]}},{"type":"Feature","properties":{"cadnum":"4421483000:10:006:0060"},"geometry":{"type":"Polygon","coordinates":[[[39.768342,48.493962],[39.768858,48.494869],[39.768859,48.494869],[39.769648,48.496254],[39.770422,48.496089],[39.771233,48.495915],[39.770594,48.494795],[39.769998,48.493751],[39.768876,48.493902],[39.768342,48.493962]]]}},{"type":"Feature","properties":{"cadnum":"4421483000:10:006:0013"},"geometry":{"type":"Polygon","coordinates":[[[39.774944,48.496281],[39.774998,48.496326],[39.775015,48.496317],[39.774962,48.496272],[39.774944,48.496281]]]}},{"type":"Feature","properties":{"cadnum":"4421483000:10:006:0012"},"geometry":{"type":"Polygon","coordinates":[[[39.775577,48.495951],[39.775577,48.495969],[39.775604,48.495969],[39.775604,48.495951],[39.775577,48.495951]]]}},{"type":"Feature","properties":{"cadnum":"4421483000:10:006:0061"},"geometry":{"type":"Polygon","coordinates":[[[39.769998,48.493751],[39.770422,48.494494],[39.770635,48.494869],[39.770636,48.494869],[39.771233,48.495915],[39.771323,48.495894],[39.773013,48.495772],[39.772874,48.495483],[39.771854,48.495069],[39.771894,48.495025],[39.771895,48.495025],[39.772828,48.495403],[39.772828,48.494245],[39.770594,48.493763],[39.770331,48.493706],[39.769998,48.493751]]]}},{"type":"Feature","properties":{"cadnum":"4421483000:10:006:0042"},"geometry":{"type":"Polygon","coordinates":[[[39.773193,48.497692],[39.773193,48.49771],[39.77322,48.49771],[39.77322,48.497692],[39.773193,48.497692]]]}},{"type":"Feature","properties":{"cadnum":"4421483000:10:006:0015"},"geometry":{"type":"Polygon","coordinates":[[[39.773057,48.497239],[39.773076,48.497293],[39.773103,48.49729],[39.773084,48.497233],[39.773057,48.497239]]]}},{"type":"Feature","properties":{"cadnum":"4421483000:10:006:0043"},"geometry":{"type":"Polygon","coordinates":[[[39.773344,48.498215],[39.77335,48.498234],[39.773372,48.498234],[39.773372,48.498215],[39.773344,48.498215]]]}},{"type":"Feature","properties":{"cadnum":"4421483000:10:006:0045"},"geometry":{"type":"Polygon","coordinates":[[[39.774302,48.4966],[39.774359,48.496653],[39.774382,48.496644],[39.774342,48.496606],[39.774405,48.496576],[39.774392,48.496561],[39.774302,48.4966]]]}},{"type":"Feature","properties":{"cadnum":"4421483000:10:006:0014"},"geometry":{"type":"Polygon","coordinates":[[[39.773686,48.496933],[39.773713,48.496933],[39.773713,48.496915],[39.773686,48.496918],[39.773686,48.496933]]]}},{"type":"Feature","properties":{"cadnum":"4421483000:10:006:0017"},"geometry":{"type":"Polygon","coordinates":[[[39.770497,48.497662],[39.770497,48.49768],[39.77052,48.49768],[39.77052,48.497662],[39.770497,48.497662]]]}},{"type":"Feature","properties":{"cadnum":"4421483000:10:006:0016"},"geometry":{"type":"Polygon","coordinates":[[[39.771764,48.497451],[39.771764,48.497469],[39.771791,48.497469],[39.771791,48.497451],[39.771764,48.497451]]]}},{"type":"Feature","properties":{"cadnum":"4421483000:11:001:0022"},"geometry":{"type":"Polygon","coordinates":[[[39.730917,48.516817],[39.731241,48.516672],[39.732141,48.516269],[39.732141,48.516268],[39.732142,48.516268],[39.732378,48.516162],[39.732716,48.513067],[39.732717,48.513067],[39.73284,48.511946],[39.732142,48.512228],[39.732141,48.512228],[39.731385,48.512532],[39.731339,48.512953],[39.731339,48.512954],[39.731338,48.512954],[39.730942,48.516592],[39.730941,48.516592],[39.730917,48.516817]]]}},{"type":"Feature","properties":{"cadnum":"4421483000:11:001:0012"},"geometry":{"type":"Polygon","coordinates":[[[39.729548,48.513002],[39.730261,48.512988],[39.731236,48.512596],[39.731584,48.509428],[39.731585,48.509428],[39.731879,48.506766],[39.730204,48.507016],[39.729938,48.509428],[39.729939,48.509428],[39.729548,48.513002]]]}},{"type":"Feature","properties":{"cadnum":"4421483000:11:001:0005"},"geometry":{"type":"Polygon","coordinates":[[[39.722254,48.512488],[39.723076,48.512914],[39.726648,48.512875],[39.726648,48.512874],[39.727418,48.512866],[39.727495,48.511955],[39.727603,48.511101],[39.726477,48.511114],[39.722397,48.511158],[39.722254,48.512488]]]}},{"type":"Feature","properties":{"cadnum":"4421483000:11:001:0011"},"geometry":{"type":"Polygon","coordinates":[[[39.727873,48.513035],[39.72914,48.51301],[39.729548,48.513002],[39.729951,48.509315],[39.729951,48.509314],[39.730204,48.507016],[39.728452,48.507278],[39.728393,48.50796],[39.728321,48.508941],[39.72828,48.509314],[39.72828,48.509315],[39.728279,48.509315],[39.727882,48.512953],[39.727882,48.512954],[39.727881,48.512954],[39.727873,48.513035]]]}},{"type":"Feature","properties":{"cadnum":"4421483000:11:001:0021"},"geometry":{"type":"Polygon","coordinates":[[[39.729328,48.517472],[39.729655,48.517317],[39.730387,48.517055],[39.730917,48.516817],[39.730929,48.516706],[39.731326,48.513067],[39.731385,48.512532],[39.731236,48.512596],[39.730347,48.512954],[39.730263,48.512988],[39.730261,48.512988],[39.730064,48.513067],[39.729907,48.51313],[39.729445,48.516592],[39.729328,48.517472]]]}},{"type":"Feature","properties":{"cadnum":"4421483000:11:001:0004"},"geometry":{"type":"Polygon","coordinates":[[[39.72263,48.515963],[39.726648,48.515921],[39.727072,48.515915],[39.727162,48.515261],[39.727328,48.513758],[39.727401,48.51311],[39.727407,48.513014],[39.727418,48.512866],[39.726477,48.512876],[39.723076,48.512914],[39.723152,48.512953],[39.723152,48.512954],[39.723327,48.513044],[39.723372,48.513067],[39.724688,48.513747],[39.724491,48.51554],[39.72449,48.515541],[39.72263,48.515963]]]}},{"type":"Feature","properties":{"cadnum":"4421483000:10:005:0003"},"geometry":{"type":"Polygon","coordinates":[[[39.722158,48.480212],[39.722159,48.480212],[39.722333,48.480306],[39.722334,48.480306],[39.72311,48.480724],[39.724288,48.481346],[39.725968,48.480306],[39.726648,48.479887],[39.726648,48.479886],[39.7286,48.478678],[39.728106,48.477621],[39.727953,48.47763],[39.727913,48.477628],[39.727643,48.477582],[39.727611,48.477573],[39.727364,48.477476],[39.727347,48.477467],[39.726951,48.477246],[39.726648,48.477434],[39.72219,48.480192],[39.722189,48.480192],[39.722158,48.480212]]]}},{"type":"Feature","properties":{"cadnum":"4421483000:10:003:0028"},"geometry":{"type":"Polygon","coordinates":[[[39.724548,48.475761],[39.725374,48.476198],[39.726006,48.476551],[39.726088,48.476597],[39.72621,48.476665],[39.726403,48.476772],[39.726648,48.476619],[39.726648,48.476618],[39.726754,48.476551],[39.730563,48.474152],[39.728676,48.473158],[39.726648,48.474437],[39.724548,48.475761]]]}},{"type":"Feature","properties":{"cadnum":"4421483000:10:005:0004"},"geometry":{"type":"Polygon","coordinates":[[[39.724288,48.481346],[39.726125,48.482317],[39.726129,48.482317],[39.726477,48.482508],[39.726789,48.48268],[39.730625,48.480306],[39.731066,48.480033],[39.729233,48.479023],[39.7286,48.478678],[39.726477,48.479992],[39.726477,48.479993],[39.726153,48.480192],[39.726152,48.480192],[39.724288,48.481346]]]}},{"type":"Feature","properties":{"cadnum":"4421483000:10:003:0029"},"geometry":{"type":"Polygon","coordinates":[[[39.726403,48.476772],[39.726477,48.476814],[39.726617,48.476893],[39.726648,48.47691],[39.727468,48.477368],[39.727701,48.47746],[39.727948,48.477505],[39.728114,48.477493],[39.72838,48.477389],[39.729431,48.476785],[39.729688,48.476622],[39.730397,48.476174],[39.73089,48.475834],[39.731915,48.47512],[39.73197,48.475081],[39.732454,48.474733],[39.73328,48.474406],[39.733945,48.474057],[39.734345,48.473839],[39.732095,48.474026],[39.730563,48.474152],[39.726573,48.476665],[39.726574,48.476665],[39.726477,48.476726],[39.726403,48.476772]]]}},{"type":"Feature","properties":{"cadnum":"4421483000:10:005:0001"},"geometry":{"type":"Polygon","coordinates":[[[39.720986,48.4768],[39.721155,48.476884],[39.724638,48.478613],[39.726648,48.477371],[39.726648,48.47737],[39.726898,48.477216],[39.726648,48.477076],[39.725748,48.476571],[39.725254,48.476293],[39.723699,48.475472],[39.723682,48.475457],[39.721485,48.476551],[39.720986,48.4768]]]}},{"type":"Feature","properties":{"cadnum":"4421483000:10:005:0007"},"geometry":{"type":"Polygon","coordinates":[[[39.728106,48.477621],[39.7286,48.478678],[39.729233,48.479023],[39.732141,48.477224],[39.732142,48.477224],[39.732142,48.477223],[39.733228,48.476551],[39.733227,48.476551],[39.734255,48.475915],[39.733011,48.475084],[39.732642,48.474843],[39.732575,48.474831],[39.732049,48.475207],[39.731026,48.475922],[39.730531,48.47626],[39.730527,48.476264],[39.730074,48.476551],[39.729561,48.476877],[39.729556,48.476877],[39.728496,48.477487],[39.728492,48.477491],[39.728479,48.477496],[39.728196,48.477606],[39.728183,48.477612],[39.728146,48.477619],[39.728106,48.477621]]]}},{"type":"Feature","properties":{"cadnum":"4421483000:10:005:0009"},"geometry":{"type":"Polygon","coordinates":[[[39.730873,48.480265],[39.730947,48.480306],[39.732141,48.480965],[39.732141,48.480964],[39.732142,48.480964],[39.732943,48.481406],[39.734719,48.480306],[39.737079,48.478845],[39.737152,48.47863],[39.737112,48.478478],[39.736182,48.477851],[39.736182,48.477847],[39.736177,48.477845],[39.735764,48.477482],[39.73576,48.477478],[39.735616,48.47733],[39.732142,48.479481],[39.732141,48.479481],[39.732141,48.47948],[39.730991,48.480192],[39.730989,48.480192],[39.730873,48.480265]]]}},{"type":"Feature","properties":{"cadnum":"4421483000:10:005:0008"},"geometry":{"type":"Polygon","coordinates":[[[39.729233,48.479023],[39.731066,48.480033],[39.73197,48.479475],[39.735548,48.477261],[39.735085,48.476794],[39.735085,48.47679],[39.735081,48.47679],[39.734979,48.476665],[39.734588,48.47618],[39.734286,48.475936],[39.734255,48.475915],[39.733043,48.476665],[39.733044,48.476665],[39.73197,48.47733],[39.729233,48.479023]]]}},{"type":"Feature","properties":{"cadnum":"4421483000:08:001:0048"},"geometry":{"type":"Polygon","coordinates":[[[39.669091,48.479056],[39.669091,48.479074],[39.669118,48.479074],[39.669118,48.479056],[39.669091,48.479056]]]}},{"type":"Feature","properties":{"cadnum":"4421483000:08:001:0047"},"geometry":{"type":"Polygon","coordinates":[[[39.670362,48.478964],[39.670362,48.478982],[39.670389,48.478982],[39.670385,48.478964],[39.670362,48.478964]]]}},{"type":"Feature","properties":{"cadnum":"4421483000:08:001:0049"},"geometry":{"type":"Polygon","coordinates":[[[39.668228,48.478886],[39.668255,48.478884],[39.668255,48.478869],[39.668228,48.478869],[39.668228,48.478886]]]}},{"type":"Feature","properties":{"cadnum":"4421483000:10:001:0001"},"geometry":{"type":"Polygon","coordinates":[[[39.659393,48.476284],[39.659546,48.476326],[39.660239,48.476551],[39.66024,48.476551],[39.66073,48.47671],[39.661644,48.477005],[39.66202,48.47716],[39.662021,48.47716],[39.662349,48.477339],[39.662601,48.47746],[39.662861,48.47755],[39.663207,48.477651],[39.665888,48.478017],[39.666052,48.47805],[39.666193,48.478078],[39.666224,48.478084],[39.667039,48.478244],[39.668049,48.478437],[39.668242,48.477871],[39.666617,48.47752],[39.666773,48.477037],[39.666052,48.476882],[39.665051,48.476665],[39.660597,48.4757],[39.660449,48.475668],[39.659506,48.476222],[39.65946,48.476246],[39.659393,48.476284]]]}},{"type":"Feature","properties":{"cadnum":"4421483000:08:001:0050"},"geometry":{"type":"Polygon","coordinates":[[[39.66737,48.478699],[39.667397,48.478696],[39.667393,48.478681],[39.66737,48.478681],[39.66737,48.478699]]]}},{"type":"Feature","properties":{"cadnum":"4421483000:08:001:0046"},"geometry":{"type":"Polygon","coordinates":[[[39.669423,48.479614],[39.669423,48.479631],[39.66945,48.479631],[39.66945,48.479614],[39.669423,48.479614]]]}},{"type":"Feature","properties":{"cadnum":"4421483000:08:001:0051"},"geometry":{"type":"Polygon","coordinates":[[[39.666521,48.478497],[39.666521,48.478511],[39.666548,48.478511],[39.666548,48.478497],[39.666521,48.478497]]]}},{"type":"Feature","properties":{"cadnum":"4421483000:08:001:0076"},"geometry":{"type":"Polygon","coordinates":[[[39.669867,48.479262],[39.669877,48.479279],[39.669944,48.479259],[39.669976,48.479303],[39.670003,48.479297],[39.669957,48.479235],[39.669867,48.479262]]]}},{"type":"Feature","properties":{"cadnum":"4421483000:08:001:0045"},"geometry":{"type":"Polygon","coordinates":[[[39.668894,48.479988],[39.668898,48.480003],[39.66892,48.480003],[39.66892,48.479988],[39.668894,48.479988]]]}},{"type":"Feature","properties":{"cadnum":"4421483000:08:001:0112"},"geometry":{"type":"Polygon","coordinates":[[[39.673848,48.498695],[39.677038,48.499194],[39.677038,48.499195],[39.681285,48.499858],[39.681627,48.499055],[39.680041,48.498733],[39.680163,48.498581],[39.681362,48.498683],[39.682054,48.498612],[39.682225,48.498509],[39.682226,48.498509],[39.682525,48.498332],[39.682531,48.49832],[39.682685,48.498039],[39.682703,48.498006],[39.682703,48.498005],[39.683433,48.496668],[39.684774,48.49483],[39.685175,48.494284],[39.685077,48.493995],[39.682531,48.493512],[39.681991,48.493409],[39.681339,48.493632],[39.67988,48.49331],[39.679871,48.493061],[39.678375,48.49273],[39.6782,48.492519],[39.677171,48.49284],[39.676314,48.493242],[39.675905,48.493608],[39.675706,48.493974],[39.675399,48.494755],[39.675399,48.494756],[39.675398,48.494756],[39.673965,48.498396],[39.673964,48.498396],[39.673848,48.498695]]]}},{"type":"Feature","properties":{"cadnum":"4421483000:01:002:0067"},"geometry":{"type":"Polygon","coordinates":[[[39.795906,48.541814],[39.797312,48.541746],[39.797473,48.539058],[39.796081,48.538874],[39.795906,48.541814]],[[39.79694,48.53901],[39.796997,48.53901],[39.796997,48.539046],[39.796944,48.539046],[39.79694,48.53901]]]}},{"type":"Feature","properties":{"cadnum":"4421483000:01:002:0066"},"geometry":{"type":"Polygon","coordinates":[[[39.795735,48.544628],[39.797141,48.54456],[39.797285,48.542171],[39.797286,48.542171],[39.797312,48.541746],[39.795906,48.541814],[39.795883,48.542171],[39.795884,48.542171],[39.795735,48.544628]]]}},{"type":"Feature","properties":{"cadnum":"4421483000:01:002:0022"},"geometry":{"type":"Polygon","coordinates":[[[39.797141,48.54456],[39.798059,48.544515],[39.79806,48.544515],[39.798615,48.544488],[39.798753,48.542171],[39.798928,48.539251],[39.797888,48.539113],[39.797888,48.539114],[39.797473,48.539058],[39.797312,48.541746],[39.797293,48.542057],[39.797292,48.542057],[39.797141,48.54456]],[[39.798804,48.53946],[39.798749,48.53946],[39.798745,48.539424],[39.798804,48.539421],[39.798804,48.53946]],[[39.797949,48.539141],[39.797949,48.539177],[39.797896,48.53918],[39.797896,48.539145],[39.797896,48.539144],[39.797949,48.539141]]]}},{"type":"Feature","properties":{"cadnum":"4421483000:01:002:0020"},"geometry":{"type":"Polygon","coordinates":[[[39.794388,48.544693],[39.795735,48.544628],[39.795891,48.542057],[39.79589,48.542057],[39.795906,48.541814],[39.796081,48.538874],[39.795672,48.538817],[39.794752,48.538708],[39.794547,48.542057],[39.794388,48.544693]]]}},{"type":"Feature","properties":{"cadnum":"4421483000:06:003:0030"},"geometry":{"type":"Polygon","coordinates":[[[39.795955,48.476019],[39.796014,48.476551],[39.796013,48.476551],[39.796014,48.476555],[39.796014,48.476556],[39.796025,48.476665],[39.796026,48.476665],[39.796104,48.477431],[39.798059,48.477346],[39.798059,48.477345],[39.79806,48.477345],[39.803381,48.477111],[39.803744,48.477094],[39.803865,48.477035],[39.804418,48.476672],[39.804616,48.476551],[39.805118,48.476246],[39.805123,48.476242],[39.805366,48.476136],[39.80537,48.476132],[39.805374,48.476132],[39.805626,48.476052],[39.805613,48.475924],[39.80559,48.475697],[39.80558,48.475596],[39.803381,48.475693],[39.79806,48.475927],[39.798059,48.475927],[39.795955,48.476019]]]}},{"type":"Feature","properties":{"cadnum":"4421483000:06:003:0031"},"geometry":{"type":"Polygon","coordinates":[[[39.795825,48.474715],[39.795852,48.47501],[39.795955,48.476019],[39.797888,48.475934],[39.797888,48.475935],[39.803553,48.475686],[39.803553,48.475685],[39.80558,48.475596],[39.805446,48.474295],[39.803553,48.474379],[39.803553,48.474378],[39.797888,48.474625],[39.797888,48.474626],[39.795825,48.474715]]]}},{"type":"Feature","properties":{"cadnum":"4421483000:10:005:0032"},"geometry":{"type":"Polygon","coordinates":[[[39.751431,48.491456],[39.751561,48.491465],[39.752033,48.491337],[39.752522,48.491144],[39.752527,48.491143],[39.752689,48.491111],[39.752717,48.491115],[39.753286,48.491204],[39.753335,48.491212],[39.753744,48.491099],[39.754114,48.490934],[39.754114,48.490933],[39.754588,48.490721],[39.755037,48.490557],[39.755432,48.490458],[39.755949,48.490456],[39.756488,48.490533],[39.756713,48.490528],[39.757081,48.490417],[39.759607,48.489447],[39.759794,48.489375],[39.760845,48.489],[39.75974,48.488265],[39.759436,48.488382],[39.753942,48.490491],[39.752317,48.491115],[39.752263,48.491136],[39.752021,48.491229],[39.751431,48.491456]]]}},{"type":"Feature","properties":{"cadnum":"4421483000:15:001:0009"},"geometry":{"type":"Polygon","coordinates":[[[39.691289,48.489122],[39.691293,48.489137],[39.691316,48.489137],[39.691316,48.489122],[39.691289,48.489122]]]}},{"type":"Feature","properties":{"cadnum":"4421483000:15:001:0005"},"geometry":{"type":"Polygon","coordinates":[[[39.692649,48.490793],[39.692654,48.490807],[39.692677,48.490807],[39.692677,48.490793],[39.692649,48.490793]]]}},{"type":"Feature","properties":{"cadnum":"4421483000:15:001:0004"},"geometry":{"type":"Polygon","coordinates":[[[39.693471,48.490828],[39.693471,48.490843],[39.693498,48.490843],[39.693498,48.490825],[39.693471,48.490828]]]}},{"type":"Feature","properties":{"cadnum":"4421483000:15:001:0010"},"geometry":{"type":"Polygon","coordinates":[[[39.691387,48.488589],[39.691387,48.488607],[39.691413,48.488607],[39.691413,48.488589],[39.691387,48.488589]]]}},{"type":"Feature","properties":{"cadnum":"4421483000:15:001:0006"},"geometry":{"type":"Polygon","coordinates":[[[39.691823,48.490756],[39.691823,48.490771],[39.691849,48.490771],[39.691849,48.490756],[39.691823,48.490756]]]}},{"type":"Feature","properties":{"cadnum":"4421483000:15:001:0007"},"geometry":{"type":"Polygon","coordinates":[[[39.691096,48.490188],[39.691096,48.490206],[39.691122,48.490206],[39.691122,48.490188],[39.691096,48.490188]]]}},{"type":"Feature","properties":{"cadnum":"4421483000:15:001:0008"},"geometry":{"type":"Polygon","coordinates":[[[39.691194,48.489655],[39.691194,48.489673],[39.69122,48.489673],[39.69122,48.489655],[39.691194,48.489655]]]}},{"type":"Feature","properties":{"cadnum":"4421483000:15:001:0015"},"geometry":{"type":"Polygon","coordinates":[[[39.690996,48.490738],[39.691096,48.490742],[39.6911,48.490724],[39.691027,48.490721],[39.691027,48.49072],[39.691033,48.49067],[39.691006,48.49067],[39.690996,48.490738]]]}},{"type":"Feature","properties":{"cadnum":"4421483000:06:003:0042"},"geometry":{"type":"Polygon","coordinates":[[[39.8048,48.467327],[39.805006,48.469381],[39.805007,48.469381],[39.805064,48.469941],[39.805077,48.470064],[39.809046,48.469883],[39.809046,48.469882],[39.810131,48.469832],[39.810066,48.469267],[39.810023,48.46889],[39.809834,48.467157],[39.809046,48.467181],[39.809046,48.46718],[39.807471,48.467226],[39.8048,48.467327]]]}},{"type":"Feature","properties":{"cadnum":"4421483000:05:003:0003"},"geometry":{"type":"Polygon","coordinates":[[[39.832958,48.511313],[39.833002,48.511313],[39.833002,48.511283],[39.832958,48.511286],[39.832958,48.511313]]]}},{"type":"Feature","properties":{"cadnum":"4421483000:01:004:0024"},"geometry":{"type":"Polygon","coordinates":[[[39.830985,48.514428],[39.831784,48.514312],[39.832369,48.5141],[39.83271,48.513839],[39.832715,48.513553],[39.832516,48.513229],[39.832234,48.51298],[39.832233,48.512979],[39.832054,48.51272],[39.831866,48.512527],[39.831668,48.512954],[39.830985,48.514428]]]}},{"type":"Feature","properties":{"cadnum":"4421483000:05:003:0002"},"geometry":{"type":"Polygon","coordinates":[[[39.834633,48.511512],[39.834633,48.511539],[39.834677,48.511539],[39.834673,48.511512],[39.834633,48.511512]]]}},{"type":"Feature","properties":{"cadnum":"4421483000:05:003:0004"},"geometry":{"type":"Polygon","coordinates":[[[39.831281,48.511057],[39.831281,48.511083],[39.831327,48.511083],[39.831327,48.511057],[39.831281,48.511057]]]}},{"type":"Feature","properties":{"cadnum":"4421483000:01:004:0023"},"geometry":{"type":"Polygon","coordinates":[[[39.830128,48.51455],[39.830847,48.514448],[39.830847,48.514449],[39.830985,48.514428],[39.831018,48.514356],[39.831615,48.513067],[39.831866,48.512527],[39.83179,48.512449],[39.831474,48.512312],[39.831287,48.512268],[39.831224,48.512188],[39.831019,48.51263],[39.831018,48.51263],[39.830815,48.513067],[39.830128,48.51455]]]}},{"type":"Feature","properties":{"cadnum":"4421483000:01:004:0022"},"geometry":{"type":"Polygon","coordinates":[[[39.828803,48.51474],[39.830128,48.51455],[39.830847,48.513],[39.830847,48.513001],[39.831224,48.512188],[39.831124,48.512069],[39.830874,48.511917],[39.830729,48.511818],[39.830406,48.511637],[39.830266,48.511581],[39.82963,48.512954],[39.829629,48.512954],[39.828803,48.51474]]]}},{"type":"Feature","properties":{"cadnum":"4421483000:01:002:0040"},"geometry":{"type":"Polygon","coordinates":[[[39.787246,48.527132],[39.792566,48.527198],[39.793911,48.527214],[39.796508,48.5244],[39.793359,48.524362],[39.792521,48.524648],[39.792061,48.524805],[39.792047,48.524909],[39.791827,48.525156],[39.789645,48.526343],[39.787246,48.527132]]]}},{"type":"Feature","properties":{"cadnum":"4421483000:01:003:0122"},"geometry":{"type":"Polygon","coordinates":[[[39.789057,48.525141],[39.789321,48.525486],[39.789847,48.526176],[39.791743,48.525144],[39.790552,48.524645],[39.790628,48.52455],[39.789057,48.525141]]]}},{"type":"Feature","properties":{"cadnum":"4421483000:01:003:0120"},"geometry":{"type":"Polygon","coordinates":[[[39.786514,48.525522],[39.786901,48.526319],[39.786901,48.52632],[39.786936,48.526391],[39.787073,48.526339],[39.789321,48.525486],[39.789057,48.525141],[39.788747,48.524736],[39.787596,48.52517],[39.787543,48.525132],[39.786901,48.525376],[39.786514,48.525522]]]}},{"type":"Feature","properties":{"cadnum":"4421483000:01:002:0039"},"geometry":{"type":"Polygon","coordinates":[[[39.78169,48.528407],[39.787073,48.528474],[39.792566,48.528543],[39.792566,48.528542],[39.792686,48.528544],[39.793536,48.527621],[39.793911,48.527214],[39.792395,48.527196],[39.787246,48.527132],[39.786901,48.527245],[39.786901,48.527246],[39.786104,48.527507],[39.786102,48.527507],[39.785808,48.527604],[39.785783,48.527621],[39.784821,48.528276],[39.784547,48.528303],[39.784546,48.528303],[39.784013,48.528131],[39.78311,48.52789],[39.782503,48.528181],[39.781992,48.528104],[39.78169,48.528407]]]}},{"type":"Feature","properties":{"cadnum":"4421483000:10:004:0003"},"geometry":{"type":"Polygon","coordinates":[[[39.707782,48.484701],[39.710169,48.485044],[39.71549,48.485808],[39.71549,48.485809],[39.718858,48.486291],[39.718866,48.486059],[39.718866,48.486058],[39.718772,48.485306],[39.71549,48.484834],[39.71549,48.484835],[39.709997,48.484046],[39.709312,48.483948],[39.709312,48.483947],[39.709313,48.483947],[39.707952,48.483752],[39.707941,48.483834],[39.70794,48.483834],[39.707921,48.483978],[39.707813,48.484562],[39.707782,48.484701]]]}},{"type":"Feature","properties":{"cadnum":"4421483000:14:001:0042"},"geometry":{"type":"Polygon","coordinates":[[[39.791711,48.494376],[39.791783,48.494373],[39.791778,48.494328],[39.791711,48.494332],[39.791711,48.494376]]]}},{"type":"Feature","properties":{"cadnum":"4421483000:14:001:0041"},"geometry":{"type":"Polygon","coordinates":[[[39.790112,48.494581],[39.790116,48.494626],[39.790183,48.494626],[39.790179,48.494581],[39.790112,48.494581]]]}},{"type":"Feature","properties":{"cadnum":"4421483000:10:001:0008"},"geometry":{"type":"Polygon","coordinates":[[[39.656932,48.466529],[39.660559,48.46731],[39.660559,48.467311],[39.662336,48.467693],[39.662399,48.4668],[39.66073,48.46644],[39.657,48.465634],[39.65699,48.465632],[39.656982,48.465739],[39.656983,48.465739],[39.656932,48.466529]]]}},{"type":"Feature","properties":{"cadnum":"4421483000:10:001:0012"},"geometry":{"type":"Polygon","coordinates":[[[39.662443,48.470239],[39.666224,48.47106],[39.669307,48.471728],[39.669253,48.4711],[39.669213,48.470832],[39.669203,48.470751],[39.669203,48.470749],[39.669207,48.470734],[39.66764,48.470394],[39.667685,48.469757],[39.666052,48.469402],[39.666052,48.469403],[39.665954,48.469381],[39.662546,48.46864],[39.662505,48.469267],[39.662443,48.470239]]]}},{"type":"Feature","properties":{"cadnum":"4421483000:10:003:0019"},"geometry":{"type":"Polygon","coordinates":[[[39.71751,48.465921],[39.720983,48.465822],[39.720984,48.465822],[39.720984,48.465823],[39.722074,48.465791],[39.726399,48.465668],[39.723798,48.464131],[39.721155,48.464207],[39.720143,48.464235],[39.717972,48.465625],[39.717971,48.465625],[39.71751,48.465921]]]}},{"type":"Feature","properties":{"cadnum":"4421483000:10:003:0020"},"geometry":{"type":"Polygon","coordinates":[[[39.722074,48.465791],[39.722177,48.467526],[39.722181,48.467586],[39.726477,48.467464],[39.729076,48.467389],[39.726552,48.46576],[39.726399,48.465668],[39.723891,48.465739],[39.722074,48.46579],[39.722074,48.465791]]]}},{"type":"Feature","properties":{"cadnum":"4421483000:10:003:0021"},"geometry":{"type":"Polygon","coordinates":[[[39.722181,48.467586],[39.722276,48.469113],[39.723359,48.469084],[39.726648,48.46899],[39.726648,48.468989],[39.727706,48.468959],[39.729628,48.467741],[39.729372,48.46758],[39.729076,48.467389],[39.726648,48.467459],[39.722181,48.467586]]]}},{"type":"Feature","properties":{"cadnum":"4421483000:01:003:0049"},"geometry":{"type":"Polygon","coordinates":[[[39.770749,48.514713],[39.77291,48.516592],[39.773228,48.516868],[39.773772,48.516609],[39.771279,48.514449],[39.770749,48.514713]]]}},{"type":"Feature","properties":{"cadnum":"4421483000:01:003:0050"},"geometry":{"type":"Polygon","coordinates":[[[39.771279,48.514449],[39.773772,48.516609],[39.774311,48.516353],[39.771809,48.514184],[39.77144,48.514369],[39.771279,48.514449]]]}},{"type":"Feature","properties":{"cadnum":"4421483000:01:003:0051"},"geometry":{"type":"Polygon","coordinates":[[[39.771809,48.514184],[39.774311,48.516353],[39.774849,48.5161],[39.772334,48.513919],[39.771809,48.514184]]]}},{"type":"Feature","properties":{"cadnum":"4421483000:01:003:0052"},"geometry":{"type":"Polygon","coordinates":[[[39.772334,48.513919],[39.774849,48.5161],[39.775388,48.515847],[39.77286,48.513655],[39.772334,48.513919]]]}},{"type":"Feature","properties":{"cadnum":"4421483000:01:003:0048"},"geometry":{"type":"Polygon","coordinates":[[[39.77021,48.514982],[39.770594,48.515315],[39.772198,48.516706],[39.772199,48.516706],[39.77268,48.517124],[39.773228,48.516868],[39.773041,48.516706],[39.770749,48.514713],[39.770501,48.514837],[39.770403,48.514886],[39.77021,48.514982]]]}},{"type":"Feature","properties":{"cadnum":"4421483000:01:003:0046"},"geometry":{"type":"Polygon","coordinates":[[[39.769136,48.51552],[39.770371,48.516592],[39.770594,48.516785],[39.771585,48.517644],[39.771602,48.517635],[39.772132,48.517382],[39.771353,48.516706],[39.770422,48.515898],[39.769675,48.515249],[39.769136,48.51552]]]}},{"type":"Feature","properties":{"cadnum":"4421483000:02:005:0007"},"geometry":{"type":"Polygon","coordinates":[[[39.851439,48.522648],[39.85221,48.523869],[39.852209,48.523869],[39.852265,48.523957],[39.852282,48.523983],[39.852298,48.524008],[39.852386,48.523968],[39.852819,48.523773],[39.852954,48.523713],[39.852991,48.523696],[39.853389,48.523517],[39.852925,48.523015],[39.852667,48.522735],[39.851439,48.522648]]]}},{"type":"Feature","properties":{"cadnum":"4421483000:02:005:0004"},"geometry":{"type":"Polygon","coordinates":[[[39.853556,48.524559],[39.855697,48.525602],[39.856393,48.524713],[39.854872,48.523972],[39.854647,48.523862],[39.85464,48.523869],[39.854639,48.523869],[39.854575,48.523935],[39.854528,48.523983],[39.854529,48.523983],[39.854435,48.524079],[39.854418,48.524088],[39.853556,48.524559]]]}},{"type":"Feature","properties":{"cadnum":"4421483000:11:003:0019"},"geometry":{"type":"Polygon","coordinates":[[[39.727311,48.497849],[39.727311,48.497864],[39.727338,48.497864],[39.727338,48.497849],[39.727311,48.497849]]]}},{"type":"Feature","properties":{"cadnum":"4421483000:11:002:0024"},"geometry":{"type":"Polygon","coordinates":[[[39.72803,48.498237],[39.72803,48.498252],[39.728056,48.498252],[39.728056,48.498237],[39.72803,48.498237]]]}},{"type":"Feature","properties":{"cadnum":"4421483000:11:003:0020"},"geometry":{"type":"Polygon","coordinates":[[[39.726623,48.497478],[39.726623,48.497495],[39.726651,48.497495],[39.726651,48.497478],[39.726623,48.497478]]]}},{"type":"Feature","properties":{"cadnum":"4421483000:10:001:0035"},"geometry":{"type":"Polygon","coordinates":[[[39.685741,48.479396],[39.688024,48.480087],[39.688025,48.480087],[39.688025,48.480088],[39.688723,48.480298],[39.688729,48.480263],[39.688827,48.479672],[39.688826,48.479672],[39.688196,48.479483],[39.685836,48.478771],[39.685782,48.479128],[39.685741,48.479396]]]}},{"type":"Feature","properties":{"cadnum":"4421483000:10:001:0044"},"geometry":{"type":"Polygon","coordinates":[[[39.681794,48.478506],[39.682531,48.478729],[39.685696,48.479685],[39.685741,48.479396],[39.685782,48.479128],[39.682863,48.478246],[39.682531,48.478314],[39.681821,48.478458],[39.681798,48.478458],[39.681794,48.478506]]]}},{"type":"Feature","properties":{"cadnum":"4421483000:10:001:0033"},"geometry":{"type":"Polygon","coordinates":[[[39.685077,48.480751],[39.688024,48.481642],[39.688025,48.481642],[39.688503,48.481786],[39.688612,48.481064],[39.688196,48.480938],[39.686086,48.480301],[39.685624,48.480161],[39.685188,48.48003],[39.685163,48.480192],[39.685158,48.480226],[39.685145,48.480306],[39.685146,48.480306],[39.685108,48.480563],[39.685077,48.480751]]]}},{"type":"Feature","properties":{"cadnum":"4421483000:10:001:0041"},"geometry":{"type":"Polygon","coordinates":[[[39.681538,48.480149],[39.681681,48.480192],[39.68199,48.480286],[39.682058,48.480306],[39.682531,48.480449],[39.68501,48.481197],[39.685077,48.480751],[39.685108,48.480563],[39.683882,48.480192],[39.682531,48.479783],[39.682531,48.479784],[39.681636,48.479512],[39.681635,48.479512],[39.681538,48.480149]]]}},{"type":"Feature","properties":{"cadnum":"4421483000:10:001:0042"},"geometry":{"type":"Polygon","coordinates":[[[39.681635,48.479512],[39.681636,48.479512],[39.682703,48.479836],[39.682703,48.479835],[39.684257,48.480306],[39.684258,48.480306],[39.685108,48.480563],[39.685158,48.480226],[39.685188,48.48003],[39.682703,48.479278],[39.681717,48.478979],[39.681635,48.479512]]]}},{"type":"Feature","properties":{"cadnum":"4421483000:10:001:0045"},"geometry":{"type":"Polygon","coordinates":[[[39.682863,48.478246],[39.685782,48.479128],[39.685836,48.478771],[39.685934,48.478154],[39.68487,48.477833],[39.682867,48.478246],[39.682863,48.478246]]]}},{"type":"Feature","properties":{"cadnum":"4421483000:10:001:0048"},"geometry":{"type":"Polygon","coordinates":[[[39.678756,48.47752],[39.678865,48.478804],[39.679543,48.478687],[39.682121,48.478169],[39.682531,48.478087],[39.684375,48.477716],[39.682531,48.477652],[39.682531,48.477653],[39.678756,48.47752]]]}},{"type":"Feature","properties":{"cadnum":"4421483000:10:001:0038"},"geometry":{"type":"Polygon","coordinates":[[[39.685997,48.4776],[39.688024,48.478216],[39.688025,48.478216],[39.689012,48.478515],[39.689245,48.477079],[39.688818,48.4771],[39.688025,48.477235],[39.688024,48.477235],[39.686635,48.477469],[39.685997,48.4776]]]}},{"type":"Feature","properties":{"cadnum":"4421483000:10:001:0043"},"geometry":{"type":"Polygon","coordinates":[[[39.681717,48.478979],[39.682531,48.479226],[39.685188,48.48003],[39.685624,48.480161],[39.685696,48.479685],[39.682703,48.478781],[39.681794,48.478506],[39.681717,48.478979]]]}},{"type":"Feature","properties":{"cadnum":"4421483000:10:001:0036"},"geometry":{"type":"Polygon","coordinates":[[[39.685836,48.478771],[39.688024,48.479431],[39.688025,48.479431],[39.688826,48.479672],[39.688827,48.479672],[39.688926,48.47906],[39.688196,48.47884],[39.688196,48.478839],[39.685934,48.478154],[39.685836,48.478771]]]}},{"type":"Feature","properties":{"cadnum":"4421483000:10:001:0034"},"geometry":{"type":"Polygon","coordinates":[[[39.685624,48.480161],[39.685726,48.480192],[39.686086,48.480301],[39.686103,48.480306],[39.688024,48.480886],[39.688025,48.480886],[39.688025,48.480887],[39.688612,48.481064],[39.688723,48.480298],[39.688373,48.480192],[39.688372,48.480192],[39.688196,48.480139],[39.685741,48.479396],[39.685696,48.479685],[39.685624,48.480161]]]}},{"type":"Feature","properties":{"cadnum":"4421483000:10:001:0037"},"geometry":{"type":"Polygon","coordinates":[[[39.68487,48.477833],[39.685934,48.478154],[39.688024,48.478787],[39.688025,48.478787],[39.688025,48.478788],[39.688926,48.47906],[39.689012,48.478515],[39.688196,48.478268],[39.685997,48.4776],[39.68487,48.477833]]]}},{"type":"Feature","properties":{"cadnum":"4421483000:01:002:0052"},"geometry":{"type":"Polygon","coordinates":[[[39.79415,48.529505],[39.796221,48.529531],[39.798059,48.527538],[39.798059,48.527537],[39.800393,48.525007],[39.798839,48.524424],[39.79806,48.525269],[39.798059,48.525269],[39.795993,48.527507],[39.79415,48.529505]],[[39.798179,48.526816],[39.798188,48.526795],[39.798242,48.526795],[39.798313,48.526828],[39.798313,48.526863],[39.798259,48.526866],[39.798179,48.526852],[39.798179,48.526816]]]}},{"type":"Feature","properties":{"cadnum":"4421483000:06:001:0003"},"geometry":{"type":"Polygon","coordinates":[[[39.794037,48.49442],[39.794042,48.494438],[39.794127,48.494429],[39.794123,48.494412],[39.794037,48.49442]]]}},{"type":"Feature","properties":{"cadnum":"4421483000:06:001:0007"},"geometry":{"type":"Polygon","coordinates":[[[39.796808,48.494144],[39.796808,48.494159],[39.796836,48.494159],[39.796836,48.494141],[39.796808,48.494144]]]}},{"type":"Feature","properties":{"cadnum":"4421483000:06:001:0001"},"geometry":{"type":"Polygon","coordinates":[[[39.792785,48.494528],[39.79282,48.494579],[39.792848,48.494572],[39.792806,48.494522],[39.792785,48.494528]]]}},{"type":"Feature","properties":{"cadnum":"4421483000:06:001:0004"},"geometry":{"type":"Polygon","coordinates":[[[39.794774,48.494349],[39.794779,48.494364],[39.79486,48.494356],[39.79486,48.49434],[39.794774,48.494349]]]}},{"type":"Feature","properties":{"cadnum":"4421483000:06:001:0006"},"geometry":{"type":"Polygon","coordinates":[[[39.796095,48.494195],[39.796108,48.494251],[39.796135,48.494248],[39.796122,48.494191],[39.796095,48.494195]]]}},{"type":"Feature","properties":{"cadnum":"4421483000:06:001:0013"},"geometry":{"type":"Polygon","coordinates":[[[39.797429,48.494081],[39.797433,48.4941],[39.797536,48.494087],[39.797519,48.494021],[39.797492,48.494025],[39.7975,48.494072],[39.797429,48.494081]]]}},{"type":"Feature","properties":{"cadnum":"4421483000:06:001:0002"},"geometry":{"type":"Polygon","coordinates":[[[39.793427,48.494477],[39.793431,48.494495],[39.793454,48.494495],[39.793454,48.494477],[39.793427,48.494477]]]}},{"type":"Feature","properties":{"cadnum":"4421483000:06:001:0005"},"geometry":{"type":"Polygon","coordinates":[[[39.795435,48.494277],[39.795435,48.494296],[39.795462,48.494296],[39.795462,48.494277],[39.795435,48.494277]]]}},{"type":"Feature","properties":{"cadnum":"4421483000:12:001:0023"},"geometry":{"type":"Polygon","coordinates":[[[39.748777,48.50651],[39.749549,48.50665],[39.749903,48.506593],[39.749423,48.506099],[39.748777,48.50651]]]}},{"type":"Feature","properties":{"cadnum":"4421483000:13:001:0009"},"geometry":{"type":"Polygon","coordinates":[[[39.750739,48.51015],[39.752715,48.509926],[39.752607,48.509428],[39.752608,48.509428],[39.752423,48.508569],[39.752343,48.508584],[39.751983,48.508668],[39.751601,48.508816],[39.751204,48.509428],[39.750775,48.51009],[39.750739,48.51015]]]}},{"type":"Feature","properties":{"cadnum":"4421483000:01:004:0013"},"geometry":{"type":"Polygon","coordinates":[[[39.799814,48.514493],[39.803381,48.515833],[39.803381,48.515834],[39.805402,48.516592],[39.809046,48.517961],[39.809907,48.518284],[39.811218,48.517683],[39.808874,48.516804],[39.808614,48.516706],[39.803381,48.514743],[39.800546,48.513679],[39.799814,48.514493]]]}},{"type":"Feature","properties":{"cadnum":"4421483000:01:004:0026"},"geometry":{"type":"Polygon","coordinates":[[[39.810158,48.518513],[39.810917,48.518676],[39.811146,48.518656],[39.811357,48.51868],[39.81323,48.51779],[39.812125,48.517578],[39.810158,48.518513]]]}},{"type":"Feature","properties":{"cadnum":"4421483000:01:004:0025"},"geometry":{"type":"Polygon","coordinates":[[[39.811357,48.51868],[39.811672,48.518712],[39.812291,48.518831],[39.814192,48.51793],[39.814367,48.517548],[39.814454,48.517358],[39.814539,48.517174],[39.814542,48.517168],[39.814445,48.517214],[39.81323,48.51779],[39.811357,48.51868]]]}},{"type":"Feature","properties":{"cadnum":"4421483000:01:004:0012"},"geometry":{"type":"Polygon","coordinates":[[[39.799064,48.515326],[39.802739,48.516706],[39.803553,48.517012],[39.803553,48.517011],[39.808712,48.518947],[39.808802,48.51887],[39.808874,48.518832],[39.808968,48.518782],[39.809046,48.51874],[39.809867,48.518302],[39.809907,48.518284],[39.808874,48.517896],[39.808874,48.517897],[39.805705,48.516706],[39.803553,48.515898],[39.799814,48.514493],[39.799064,48.515326]]]}},{"type":"Feature","properties":{"cadnum":"4421483000:01:002:0068"},"geometry":{"type":"Polygon","coordinates":[[[39.809062,48.520771],[39.811456,48.521205],[39.811964,48.520664],[39.812049,48.520575],[39.810164,48.520231],[39.809507,48.520111],[39.809426,48.520231],[39.809425,48.520231],[39.809062,48.520771]]]}},{"type":"Feature","properties":{"cadnum":"4421483000:01:004:0059"},"geometry":{"type":"Polygon","coordinates":[[[39.812291,48.518831],[39.81296,48.518956],[39.813257,48.518894],[39.81389,48.518575],[39.813935,48.51848],[39.814192,48.51793],[39.812291,48.518831]]]}},{"type":"Feature","properties":{"cadnum":"4421483000:06:002:0069"},"geometry":{"type":"Polygon","coordinates":[[[39.810859,48.486124],[39.811,48.487474],[39.811,48.487475],[39.811008,48.48755],[39.811012,48.487588],[39.81106,48.488039],[39.811892,48.48794],[39.811841,48.487475],[39.811841,48.487474],[39.811681,48.485981],[39.810859,48.486124]]]}},{"type":"Feature","properties":{"cadnum":"4421483000:06:002:0067"},"geometry":{"type":"Polygon","coordinates":[[[39.809098,48.486434],[39.809208,48.487474],[39.809208,48.487475],[39.809211,48.487497],[39.80922,48.487588],[39.809291,48.488247],[39.810198,48.48814],[39.810133,48.487536],[39.810001,48.486276],[39.809098,48.486434]]]}},{"type":"Feature","properties":{"cadnum":"4421483000:06:002:0066"},"geometry":{"type":"Polygon","coordinates":[[[39.808137,48.486601],[39.808229,48.487474],[39.808229,48.487475],[39.80823,48.487482],[39.808241,48.487588],[39.808326,48.488366],[39.808582,48.48833],[39.808874,48.488296],[39.808874,48.488297],[39.809029,48.488278],[39.809046,48.488276],[39.809291,48.488247],[39.809211,48.487497],[39.809098,48.486434],[39.808874,48.486473],[39.808137,48.486601]]]}},{"type":"Feature","properties":{"cadnum":"4421483000:06:002:0068"},"geometry":{"type":"Polygon","coordinates":[[[39.810001,48.486276],[39.810127,48.487474],[39.810127,48.487475],[39.810133,48.487536],[39.810139,48.487588],[39.810198,48.48814],[39.81106,48.488039],[39.811008,48.48755],[39.810859,48.486124],[39.810001,48.486276]]]}},{"type":"Feature","properties":{"cadnum":"4421483000:12:001:0004"},"geometry":{"type":"Polygon","coordinates":[[[39.766199,48.498764],[39.766199,48.498778],[39.766226,48.498778],[39.766222,48.498764],[39.766199,48.498764]]]}},{"type":"Feature","properties":{"cadnum":"4421483000:12:001:0006"},"geometry":{"type":"Polygon","coordinates":[[[39.766568,48.499487],[39.766594,48.49954],[39.766621,48.499534],[39.766589,48.499481],[39.766568,48.499487]]]}},{"type":"Feature","properties":{"cadnum":"4421483000:10:006:0046"},"geometry":{"type":"Polygon","coordinates":[[[39.766006,48.498412],[39.766023,48.498453],[39.766033,48.498475],[39.766063,48.498469],[39.766056,48.498453],[39.766042,48.498424],[39.766113,48.498409],[39.766105,48.498391],[39.766083,48.498396],[39.766082,48.498396],[39.766007,48.498411],[39.766006,48.498412]]]}},{"type":"Feature","properties":{"cadnum":"4421483000:12:001:0007"},"geometry":{"type":"Polygon","coordinates":[[[39.765713,48.499689],[39.76574,48.499743],[39.765767,48.499737],[39.76574,48.499683],[39.765713,48.499689]]]}},{"type":"Feature","properties":{"cadnum":"4421483000:10:006:0047"},"geometry":{"type":"Polygon","coordinates":[[[39.76504,48.498573],[39.76505,48.49859],[39.765116,48.498573],[39.765117,48.498573],[39.765143,48.498621],[39.76517,48.498614],[39.765134,48.498549],[39.76504,48.498573]]]}},{"type":"Feature","properties":{"cadnum":"4421483000:12:001:0008"},"geometry":{"type":"Polygon","coordinates":[[[39.76553,48.499331],[39.76553,48.499349],[39.765556,48.499349],[39.765556,48.499331],[39.76553,48.499331]]]}},{"type":"Feature","properties":{"cadnum":"4421483000:12:001:0009"},"geometry":{"type":"Polygon","coordinates":[[[39.765304,48.498909],[39.765304,48.498927],[39.765327,48.498927],[39.765327,48.498909],[39.765304,48.498909]]]}},{"type":"Feature","properties":{"cadnum":"4421483000:12:001:0005"},"geometry":{"type":"Polygon","coordinates":[[[39.766383,48.499123],[39.766383,48.499141],[39.766409,48.499141],[39.766409,48.499123],[39.766383,48.499123]]]}},{"type":"Feature","properties":{"cadnum":"4421483000:05:007:0008"},"geometry":{"type":"Polygon","coordinates":[[[39.830086,48.500879],[39.830086,48.500897],[39.830109,48.500897],[39.830109,48.500879],[39.830086,48.500879]]]}},{"type":"Feature","properties":{"cadnum":"4421483000:05:007:0011"},"geometry":{"type":"Polygon","coordinates":[[[39.830748,48.499739],[39.83077,48.499737],[39.83077,48.499722],[39.830748,48.499722],[39.830748,48.499739]]]}},{"type":"Feature","properties":{"cadnum":"4421483000:05:007:0003"},"geometry":{"type":"Polygon","coordinates":[[[39.827878,48.501608],[39.827882,48.501627],[39.827904,48.501627],[39.827904,48.501608],[39.827878,48.501608]]]}},{"type":"Feature","properties":{"cadnum":"4421483000:05:006:0008"},"geometry":{"type":"Polygon","coordinates":[[[39.827312,48.501686],[39.827401,48.501689],[39.827401,48.501671],[39.827316,48.501668],[39.827312,48.501686]]]}},{"type":"Feature","properties":{"cadnum":"4421483000:05:006:0007"},"geometry":{"type":"Polygon","coordinates":[[[39.828784,48.502267],[39.829589,48.50232],[39.829642,48.502076],[39.828851,48.501989],[39.82884,48.502035],[39.82884,48.502036],[39.828839,48.502036],[39.828784,48.502267]]]}},{"type":"Feature","properties":{"cadnum":"4421483000:05:007:0006"},"geometry":{"type":"Polygon","coordinates":[[[39.829512,48.50157],[39.829575,48.501605],[39.829593,48.501594],[39.829526,48.501555],[39.829512,48.50157]]]}},{"type":"Feature","properties":{"cadnum":"4421483000:05:005:0036"},"geometry":{"type":"Polygon","coordinates":[[[39.825505,48.501665],[39.825505,48.501683],[39.825532,48.501683],[39.825532,48.501665],[39.825505,48.501665]]]}},{"type":"Feature","properties":{"cadnum":"4421483000:05:007:0002"},"geometry":{"type":"Polygon","coordinates":[[[39.827073,48.501608],[39.827073,48.501627],[39.8271,48.501627],[39.8271,48.501608],[39.827073,48.501608]]]}},{"type":"Feature","properties":{"cadnum":"4421483000:05:007:0012"},"geometry":{"type":"Polygon","coordinates":[[[39.8309,48.499395],[39.830927,48.4994],[39.830954,48.499347],[39.830927,48.49934],[39.8309,48.499395]]]}},{"type":"Feature","properties":{"cadnum":"4421483000:05:005:0026"},"geometry":{"type":"Polygon","coordinates":[[[39.825574,48.501597],[39.825574,48.501614],[39.825595,48.501614],[39.825595,48.501597],[39.825574,48.501597]]]}},{"type":"Feature","properties":{"cadnum":"4421483000:05:006:0010"},"geometry":{"type":"Polygon","coordinates":[[[39.829589,48.501645],[39.829589,48.501659],[39.829616,48.501659],[39.82961,48.501645],[39.829589,48.501645]]]}},{"type":"Feature","properties":{"cadnum":"4421483000:05:005:0027"},"geometry":{"type":"Polygon","coordinates":[[[39.826314,48.501603],[39.826314,48.501621],[39.826341,48.501621],[39.826341,48.501603],[39.826314,48.501603]]]}},{"type":"Feature","properties":{"cadnum":"4421483000:05:006:0009"},"geometry":{"type":"Polygon","coordinates":[[[39.828385,48.501653],[39.828389,48.501709],[39.828417,48.501709],[39.828411,48.501653],[39.828385,48.501653]]]}},{"type":"Feature","properties":{"cadnum":"4421483000:05:006:0011"},"geometry":{"type":"Polygon","coordinates":[[[39.830339,48.501537],[39.830343,48.501552],[39.830365,48.501552],[39.830365,48.501537],[39.830339,48.501537]]]}},{"type":"Feature","properties":{"cadnum":"4421483000:07:002:0012"},"geometry":{"type":"Polygon","coordinates":[[[39.824059,48.499805],[39.824499,48.500136],[39.825525,48.500582],[39.826067,48.500817],[39.826233,48.499841],[39.826333,48.499201],[39.826404,48.498698],[39.826431,48.498396],[39.82643,48.498396],[39.826579,48.496721],[39.826606,48.496719],[39.826153,48.495605],[39.825525,48.495674],[39.82449,48.495786],[39.824211,48.498509],[39.824211,48.49851],[39.824082,48.499775],[39.824077,48.49979],[39.824064,48.499805],[39.824063,48.499805],[39.824059,48.499805]]]}},{"type":"Feature","properties":{"cadnum":"4421483000:05:007:0007"},"geometry":{"type":"Polygon","coordinates":[[[39.829822,48.50123],[39.829849,48.501228],[39.829849,48.501213],[39.829822,48.501213],[39.829822,48.50123]]]}},{"type":"Feature","properties":{"cadnum":"4421483000:05:005:0037"},"geometry":{"type":"Polygon","coordinates":[[[39.826453,48.501668],[39.826453,48.501686],[39.82648,48.501686],[39.82648,48.501668],[39.826453,48.501668]]]}},{"type":"Feature","properties":{"cadnum":"4421483000:05:007:0005"},"geometry":{"type":"Polygon","coordinates":[[[39.829251,48.501618],[39.829251,48.501636],[39.829337,48.501636],[39.829337,48.501618],[39.829251,48.501618]]]}},{"type":"Feature","properties":{"cadnum":"4421483000:05:007:0010"},"geometry":{"type":"Polygon","coordinates":[[[39.830545,48.500156],[39.830545,48.500174],[39.830568,48.500174],[39.830568,48.500156],[39.830545,48.500156]]]}},{"type":"Feature","properties":{"cadnum":"4421483000:05:007:0009"},"geometry":{"type":"Polygon","coordinates":[[[39.830343,48.500522],[39.830419,48.500546],[39.830432,48.500531],[39.830356,48.500507],[39.830343,48.500522]]]}},{"type":"Feature","properties":{"cadnum":"4421483000:05:006:0049"},"geometry":{"type":"Polygon","coordinates":[[[39.829292,48.501707],[39.82931,48.501718],[39.829355,48.501689],[39.829356,48.501689],[39.8294,48.501718],[39.829417,48.501707],[39.829355,48.501665],[39.829292,48.501707]]]}},{"type":"Feature","properties":{"cadnum":"4421483000:05:007:0004"},"geometry":{"type":"Polygon","coordinates":[[[39.828591,48.501612],[39.828591,48.501627],[39.828618,48.501627],[39.828618,48.501608],[39.828591,48.501612]]]}},{"type":"Feature","properties":{"cadnum":"4421483000:07:002:0001"},"geometry":{"type":"Polygon","coordinates":[[[39.823646,48.499852],[39.823744,48.499995],[39.823966,48.500153],[39.82423,48.500264],[39.824593,48.500231],[39.824104,48.500034],[39.823966,48.499918],[39.823933,48.499814],[39.823951,48.499695],[39.824094,48.498396],[39.824498,48.494756],[39.824497,48.494756],[39.824497,48.494755],[39.824902,48.491115],[39.824901,48.491115],[39.825228,48.488176],[39.825305,48.487475],[39.825305,48.487474],[39.825353,48.487038],[39.825354,48.487038],[39.825354,48.487043],[39.825523,48.485518],[39.825525,48.4855],[39.825587,48.484946],[39.825646,48.483947],[39.825681,48.483386],[39.826056,48.480306],[39.826476,48.476868],[39.826502,48.476551],[39.826773,48.473259],[39.826786,48.473053],[39.826799,48.472914],[39.827073,48.470389],[39.827145,48.469381],[39.827347,48.466624],[39.827442,48.466466],[39.827568,48.466425],[39.830847,48.466259],[39.835103,48.466043],[39.835315,48.465996],[39.835499,48.465886],[39.835548,48.465739],[39.835549,48.465739],[39.835589,48.465621],[39.83549,48.465625],[39.835332,48.465632],[39.835252,48.465636],[39.835215,48.465739],[39.835203,48.465773],[39.835149,48.465805],[39.835036,48.465832],[39.831019,48.466034],[39.831018,48.466034],[39.831018,48.466033],[39.827478,48.46621],[39.82719,48.466312],[39.827023,48.466577],[39.826829,48.469267],[39.82675,48.470376],[39.826471,48.472899],[39.82647,48.472909],[39.826469,48.472909],[39.826467,48.472956],[39.826463,48.473023],[39.826464,48.473023],[39.826463,48.473042],[39.826172,48.476665],[39.826157,48.476853],[39.825747,48.480192],[39.825358,48.48337],[39.825329,48.483834],[39.825328,48.483834],[39.825262,48.484933],[39.82498,48.487474],[39.82498,48.487475],[39.824979,48.487475],[39.824904,48.488158],[39.824576,48.491115],[39.82416,48.494869],[39.824161,48.494869],[39.82377,48.498396],[39.823628,48.499689],[39.823646,48.499852]]]}},{"type":"Feature","properties":{"cadnum":"4421483000:01:002:0012"},"geometry":{"type":"Polygon","coordinates":[[[39.785831,48.544952],[39.786901,48.544898],[39.786999,48.544893],[39.787073,48.543673],[39.787073,48.543665],[39.787163,48.542171],[39.787383,48.538534],[39.787416,48.53799],[39.786901,48.537981],[39.786901,48.537982],[39.786258,48.53797],[39.78623,48.53842],[39.786007,48.542057],[39.785831,48.544952]],[[39.787192,48.541274],[39.787139,48.541274],[39.787139,48.541238],[39.787192,48.541235],[39.787192,48.541274]]]}},{"type":"Feature","properties":{"cadnum":"4421483000:01:002:0016"},"geometry":{"type":"Polygon","coordinates":[[[39.78937,48.544812],[39.790588,48.544768],[39.790746,48.542171],[39.790969,48.538534],[39.790984,48.538294],[39.789775,48.538172],[39.789775,48.538175],[39.78976,48.53842],[39.789759,48.53842],[39.789538,48.542057],[39.78937,48.544812]]]}},{"type":"Feature","properties":{"cadnum":"4421483000:10:002:0015"},"geometry":{"type":"Polygon","coordinates":[[[39.699396,48.471287],[39.704504,48.472009],[39.706816,48.472336],[39.705657,48.471722],[39.705015,48.47141],[39.704504,48.471132],[39.70231,48.469936],[39.701983,48.469781],[39.701107,48.470362],[39.70073,48.470308],[39.70073,48.470307],[39.701709,48.469659],[39.701116,48.469406],[39.700847,48.469267],[39.700846,48.469267],[39.700577,48.469129],[39.699675,48.468512],[39.699586,48.469381],[39.699587,48.469381],[39.699396,48.471287]]]}},{"type":"Feature","properties":{"cadnum":"4421483000:10:003:0010"},"geometry":{"type":"Polygon","coordinates":[[[39.707,48.472205],[39.708272,48.472909],[39.708271,48.472909],[39.709233,48.473441],[39.709416,48.473259],[39.709553,48.473023],[39.709997,48.472264],[39.710091,48.472103],[39.710169,48.471969],[39.710252,48.471826],[39.711132,48.470585],[39.712021,48.46942],[39.712139,48.469267],[39.712336,48.469012],[39.711271,48.468459],[39.71035,48.469267],[39.710349,48.469267],[39.709997,48.469577],[39.707,48.472205]]]}},{"type":"Feature","properties":{"cadnum":"4421483000:10:003:0034"},"geometry":{"type":"Polygon","coordinates":[[[39.70929,48.47347],[39.709663,48.473643],[39.709997,48.473822],[39.710013,48.47383],[39.710169,48.473602],[39.710169,48.473601],[39.710638,48.472909],[39.713068,48.469331],[39.712394,48.46904],[39.712124,48.469381],[39.71208,48.469438],[39.711195,48.470605],[39.71031,48.471845],[39.710024,48.472336],[39.709689,48.472909],[39.709474,48.47328],[39.70929,48.47347]]]}},{"type":"Feature","properties":{"cadnum":"4421483000:08:001:0091"},"geometry":{"type":"Polygon","coordinates":[[[39.663544,48.485586],[39.665915,48.485749],[39.665982,48.483834],[39.665992,48.483567],[39.664029,48.483433],[39.663921,48.483752],[39.663882,48.483947],[39.663883,48.483947],[39.663705,48.484868],[39.663544,48.485586]]]}},{"type":"Feature","properties":{"cadnum":"4421483000:08:001:0078"},"geometry":{"type":"Polygon","coordinates":[[[39.651264,48.483076],[39.655237,48.483395],[39.657129,48.483546],[39.659177,48.48371],[39.659309,48.483719],[39.660559,48.483819],[39.662171,48.483947],[39.663787,48.484076],[39.663817,48.483925],[39.663854,48.483746],[39.664186,48.482781],[39.663202,48.482728],[39.661819,48.482686],[39.660604,48.482625],[39.660391,48.482614],[39.658984,48.482543],[39.657278,48.482364],[39.65651,48.482289],[39.655737,48.482239],[39.655066,48.482196],[39.655066,48.482197],[39.655065,48.482197],[39.654439,48.482156],[39.654116,48.482168],[39.65404,48.482784],[39.654039,48.482784],[39.653761,48.482772],[39.652279,48.482635],[39.651969,48.482626],[39.651659,48.482665],[39.651453,48.482903],[39.651264,48.483076]]]}},{"type":"Feature","properties":{"cadnum":"4421483000:08:001:0079"},"geometry":{"type":"Polygon","coordinates":[[[39.658418,48.488547],[39.659034,48.488598],[39.66073,48.488735],[39.66073,48.488734],[39.662781,48.488899],[39.662987,48.487985],[39.663075,48.487546],[39.663427,48.485797],[39.663638,48.484862],[39.663787,48.484076],[39.660745,48.483834],[39.660738,48.483834],[39.66073,48.483833],[39.659309,48.483719],[39.659266,48.483947],[39.658984,48.485464],[39.658743,48.486779],[39.658616,48.487474],[39.658616,48.487475],[39.658615,48.487475],[39.658536,48.487914],[39.658418,48.488547]]]}},{"type":"Feature","properties":{"cadnum":"4421483000:08:001:0092"},"geometry":{"type":"Polygon","coordinates":[[[39.665898,48.486205],[39.666052,48.486157],[39.666052,48.486158],[39.666081,48.486148],[39.666224,48.486145],[39.666224,48.486144],[39.667708,48.486104],[39.667785,48.48391],[39.667793,48.48369],[39.666224,48.483583],[39.665992,48.483567],[39.665978,48.483947],[39.665915,48.485749],[39.665898,48.486205]]]}},{"type":"Feature","properties":{"cadnum":"4421483000:08:001:0090"},"geometry":{"type":"Polygon","coordinates":[[[39.663072,48.488232],[39.664577,48.488202],[39.664599,48.48757],[39.664636,48.48658],[39.665898,48.486205],[39.665915,48.485749],[39.663544,48.485586],[39.663494,48.485806],[39.663158,48.487474],[39.663158,48.487475],[39.663141,48.48756],[39.663135,48.487588],[39.663054,48.487991],[39.663072,48.488232]]]}},{"type":"Feature","properties":{"cadnum":"4421483000:01:002:0034"},"geometry":{"type":"Polygon","coordinates":[[[39.775078,48.53269],[39.775084,48.532717],[39.776087,48.53273],[39.78158,48.532799],[39.78158,48.532798],[39.786901,48.532865],[39.78868,48.532887],[39.78929,48.532227],[39.787073,48.5322],[39.787073,48.532199],[39.781408,48.532128],[39.781408,48.532129],[39.776087,48.532062],[39.775258,48.532051],[39.775222,48.532066],[39.775132,48.532459],[39.775078,48.53269]]]}},{"type":"Feature","properties":{"cadnum":"4421483000:01:001:0017"},"geometry":{"type":"Polygon","coordinates":[[[39.768646,48.530561],[39.768791,48.531259],[39.768792,48.531259],[39.769528,48.534782],[39.769528,48.534783],[39.769527,48.534783],[39.770197,48.537979],[39.770422,48.537968],[39.770422,48.537969],[39.771319,48.537928],[39.770685,48.534896],[39.770594,48.534458],[39.770594,48.534456],[39.770434,48.533692],[39.770422,48.533634],[39.769925,48.531259],[39.769926,48.531259],[39.769751,48.530424],[39.768646,48.530561]],[[39.77008,48.533895],[39.770012,48.533895],[39.770008,48.53385],[39.770075,48.53385],[39.77008,48.533895]]]}},{"type":"Feature","properties":{"cadnum":"4421483000:01:002:0032"},"geometry":{"type":"Polygon","coordinates":[[[39.775151,48.533345],[39.775218,48.533966],[39.776087,48.533978],[39.781408,48.534044],[39.781408,48.534045],[39.787073,48.534116],[39.787073,48.534115],[39.787543,48.534121],[39.788108,48.533506],[39.787073,48.533493],[39.78158,48.533425],[39.775915,48.533355],[39.775151,48.533345]],[[39.780864,48.53383],[39.78081,48.53383],[39.78081,48.533794],[39.780864,48.533794],[39.780864,48.53383]]]}},{"type":"Feature","properties":{"cadnum":"4421483000:01:002:0030"},"geometry":{"type":"Polygon","coordinates":[[[39.77529,48.534624],[39.775307,48.534782],[39.775307,48.534783],[39.775306,48.534783],[39.775367,48.535326],[39.776087,48.535336],[39.776087,48.535335],[39.781408,48.535402],[39.786303,48.535463],[39.786827,48.534896],[39.786828,48.534896],[39.786946,48.534769],[39.78158,48.534703],[39.775915,48.534632],[39.77529,48.534624]]]}},{"type":"Feature","properties":{"cadnum":"4421483000:12:001:0015"},"geometry":{"type":"Polygon","coordinates":[[[39.773619,48.499159],[39.773633,48.499216],[39.773659,48.499212],[39.773642,48.499156],[39.773619,48.499159]]]}},{"type":"Feature","properties":{"cadnum":"4421483000:10:006:0044"},"geometry":{"type":"Polygon","coordinates":[[[39.773484,48.498686],[39.773484,48.4987],[39.773511,48.4987],[39.773511,48.498686],[39.773484,48.498686]]]}},{"type":"Feature","properties":{"cadnum":"4421483000:12:001:0016"},"geometry":{"type":"Polygon","coordinates":[[[39.773614,48.499284],[39.773682,48.499311],[39.773726,48.499267],[39.773655,48.499236],[39.773614,48.499284]]]}},{"type":"Feature","properties":{"cadnum":"4421483000:13:002:0030"},"geometry":{"type":"Polygon","coordinates":[[[39.775743,48.501171],[39.77577,48.501222],[39.775847,48.501206],[39.775824,48.501153],[39.775743,48.501171]]]}},{"type":"Feature","properties":{"cadnum":"4421483000:06:003:0021"},"geometry":{"type":"Polygon","coordinates":[[[39.774153,48.468006],[39.775096,48.469381],[39.775145,48.469453],[39.775491,48.469426],[39.776087,48.46937],[39.777003,48.469282],[39.778866,48.469105],[39.781408,48.468856],[39.784227,48.468578],[39.783047,48.466859],[39.782552,48.46691],[39.781424,48.467023],[39.781363,48.467029],[39.779916,48.467178],[39.779355,48.467235],[39.779615,48.467616],[39.779831,48.467881],[39.779346,48.467893],[39.778617,48.467908],[39.777908,48.467923],[39.777181,48.467937],[39.776485,48.467952],[39.775915,48.467966],[39.774153,48.468006]]]}},{"type":"Feature","properties":{"cadnum":"4421483000:06:003:0046"},"geometry":{"type":"Polygon","coordinates":[[[39.770694,48.46808],[39.774153,48.468006],[39.774292,48.468003],[39.77391,48.467443],[39.770861,48.467616],[39.77078,48.467869],[39.770694,48.46808]]]}},{"type":"Feature","properties":{"cadnum":"4421483000:10:005:0005"},"geometry":{"type":"Polygon","coordinates":[[[39.726884,48.482733],[39.729084,48.483947],[39.729085,48.483947],[39.729206,48.484014],[39.729406,48.48389],[39.732141,48.482198],[39.732141,48.482197],[39.732142,48.482197],[39.733194,48.481545],[39.732943,48.481406],[39.73197,48.48087],[39.730873,48.480265],[39.726884,48.482733]]]}},{"type":"Feature","properties":{"cadnum":"4421483000:10:005:0006"},"geometry":{"type":"Polygon","coordinates":[[[39.729206,48.484014],[39.73138,48.485208],[39.73197,48.484843],[39.733492,48.4839],[39.735368,48.482739],[39.733194,48.481545],[39.73197,48.482304],[39.729497,48.483834],[39.729406,48.48389],[39.729313,48.483947],[39.729313,48.483948],[39.729206,48.484014]]]}},{"type":"Feature","properties":{"cadnum":"4421483000:08:001:0041"},"geometry":{"type":"Polygon","coordinates":[[[39.666791,48.481477],[39.666791,48.481495],[39.666814,48.481495],[39.666814,48.481477],[39.666791,48.481477]]]}},{"type":"Feature","properties":{"cadnum":"4421483000:08:001:0040"},"geometry":{"type":"Polygon","coordinates":[[[39.666261,48.481849],[39.666261,48.481867],[39.666288,48.481867],[39.666288,48.481849],[39.666261,48.481849]]]}},{"type":"Feature","properties":{"cadnum":"4421483000:08:001:0042"},"geometry":{"type":"Polygon","coordinates":[[[39.667317,48.481104],[39.667317,48.481123],[39.667339,48.481123],[39.667339,48.481104],[39.667317,48.481104]]]}},{"type":"Feature","properties":{"cadnum":"4421483000:08:001:0044"},"geometry":{"type":"Polygon","coordinates":[[[39.668368,48.48036],[39.668368,48.480378],[39.668395,48.480378],[39.668395,48.48036],[39.668368,48.48036]]]}},{"type":"Feature","properties":{"cadnum":"4421483000:08:001:0043"},"geometry":{"type":"Polygon","coordinates":[[[39.667838,48.480751],[39.667865,48.480751],[39.667865,48.480733],[39.667838,48.480736],[39.667838,48.480751]]]}},{"type":"Feature","properties":{"cadnum":"4421483000:01:002:0025"},"geometry":{"type":"Polygon","coordinates":[[[39.791791,48.545957],[39.792034,48.547245],[39.792395,48.547171],[39.793148,48.547016],[39.794613,48.546968],[39.796917,48.546879],[39.797888,48.54684],[39.797888,48.546841],[39.798861,48.546802],[39.799156,48.545807],[39.799221,48.545594],[39.79806,48.545651],[39.798059,48.545651],[39.797187,48.545694],[39.797185,48.545694],[39.79583,48.54576],[39.794861,48.545807],[39.792395,48.545928],[39.791791,48.545957]]]}},{"type":"Feature","properties":{"cadnum":"4421483000:06:003:0040"},"geometry":{"type":"Polygon","coordinates":[[[39.805356,48.472783],[39.805369,48.472909],[39.805368,48.472909],[39.80567,48.475814],[39.805693,48.476043],[39.806574,48.475799],[39.807018,48.475674],[39.808874,48.475244],[39.810626,48.474837],[39.810557,48.474066],[39.810553,48.473565],[39.810478,48.473023],[39.810414,48.472554],[39.809046,48.472616],[39.805356,48.472783]]]}},{"type":"Feature","properties":{"cadnum":"4421483000:06:002:0036"},"geometry":{"type":"Polygon","coordinates":[[[39.805154,48.4769],[39.805448,48.480306],[39.805763,48.483947],[39.805764,48.483947],[39.805765,48.483966],[39.806077,48.483844],[39.807584,48.483255],[39.807321,48.480192],[39.807009,48.476551],[39.807008,48.476551],[39.806982,48.476234],[39.806609,48.476388],[39.805882,48.476549],[39.805877,48.476551],[39.80562,48.476649],[39.805579,48.476665],[39.805414,48.476728],[39.805154,48.4769]]]}},{"type":"Feature","properties":{"cadnum":"4421483000:06:003:0037"},"geometry":{"type":"Polygon","coordinates":[[[39.798395,48.471342],[39.798435,48.471749],[39.798553,48.472909],[39.798563,48.473],[39.798565,48.473023],[39.798582,48.473185],[39.803553,48.472965],[39.804801,48.472909],[39.805303,48.472887],[39.80528,48.472664],[39.805114,48.471047],[39.803381,48.471123],[39.798395,48.471342]]]}},{"type":"Feature","properties":{"cadnum":"4421483000:02:001:0023"},"geometry":{"type":"Polygon","coordinates":[[[39.802877,48.537853],[39.803381,48.537838],[39.808874,48.537672],[39.814539,48.537501],[39.814539,48.5375],[39.816505,48.53744],[39.816482,48.536694],[39.814539,48.536753],[39.809046,48.53692],[39.803553,48.537087],[39.803276,48.537095],[39.803192,48.537282],[39.803209,48.537282],[39.803209,48.537318],[39.803156,48.537318],[39.803156,48.537306],[39.803133,48.537309],[39.802909,48.537806],[39.802877,48.537853]],[[39.811205,48.537119],[39.811428,48.537187],[39.811218,48.537185],[39.811205,48.537119]],[[39.802985,48.537806],[39.802985,48.537842],[39.80293,48.537844],[39.80293,48.537809],[39.802985,48.537806]]]}},{"type":"Feature","properties":{"cadnum":"4421483000:02:001:0024"},"geometry":{"type":"Polygon","coordinates":[[[39.803276,48.537095],[39.803381,48.537092],[39.808874,48.536925],[39.814367,48.536758],[39.816482,48.536694],[39.816463,48.53587],[39.814539,48.535928],[39.809046,48.536095],[39.804005,48.536248],[39.803551,48.536616],[39.803398,48.536828],[39.803412,48.536828],[39.803412,48.536863],[39.803376,48.536863],[39.803276,48.537095]]]}},{"type":"Feature","properties":{"cadnum":"4421483000:02:001:0025"},"geometry":{"type":"Polygon","coordinates":[[[39.804005,48.536248],[39.808874,48.5361],[39.814367,48.535933],[39.816463,48.53587],[39.816437,48.534933],[39.814539,48.53499],[39.808874,48.535162],[39.808874,48.535163],[39.805617,48.53526],[39.805267,48.535534],[39.804215,48.536076],[39.804005,48.536248]]]}},{"type":"Feature","properties":{"cadnum":"4421483000:05:005:0047"},"geometry":{"type":"Polygon","coordinates":[[[39.813221,48.501826],[39.813311,48.501876],[39.813599,48.502028],[39.813614,48.502035],[39.813614,48.502036],[39.813815,48.50213],[39.813819,48.502132],[39.814276,48.501852],[39.813716,48.501576],[39.8135,48.501668],[39.81328,48.501742],[39.813302,48.501757],[39.813221,48.501826]]]}},{"type":"Feature","properties":{"cadnum":"4421483000:05:003:0017"},"geometry":{"type":"Polygon","coordinates":[[[39.81023,48.505516],[39.81023,48.505561],[39.810301,48.505561],[39.810297,48.505516],[39.81023,48.505516]]]}},{"type":"Feature","properties":{"cadnum":"4421483000:05:003:0018"},"geometry":{"type":"Polygon","coordinates":[[[39.809039,48.505236],[39.809039,48.505263],[39.809085,48.505263],[39.809079,48.505236],[39.809039,48.505236]]]}},{"type":"Feature","properties":{"cadnum":"4421483000:01:003:0037"},"geometry":{"type":"Polygon","coordinates":[[[39.765767,48.517457],[39.767124,48.519796],[39.76782,48.519462],[39.768044,48.519328],[39.766625,48.516886],[39.766356,48.517064],[39.765767,48.517457]]]}},{"type":"Feature","properties":{"cadnum":"4421483000:01:003:0022"},"geometry":{"type":"Polygon","coordinates":[[[39.769191,48.518899],[39.769235,48.518897],[39.769235,48.51887],[39.769191,48.51887],[39.769191,48.518899]]]}},{"type":"Feature","properties":{"cadnum":"4421483000:01:003:0038"},"geometry":{"type":"Polygon","coordinates":[[[39.766625,48.516886],[39.768044,48.519328],[39.768134,48.519278],[39.768988,48.51887],[39.767667,48.516592],[39.767501,48.516305],[39.766982,48.516649],[39.766625,48.516886]]]}},{"type":"Feature","properties":{"cadnum":"4421483000:01:003:0042"},"geometry":{"type":"Polygon","coordinates":[[[39.767514,48.516326],[39.767734,48.516706],[39.767735,48.516706],[39.768988,48.51887],[39.770008,48.518388],[39.768071,48.516706],[39.767583,48.516281],[39.767514,48.516326]]]}},{"type":"Feature","properties":{"cadnum":"4421483000:01:003:0014"},"geometry":{"type":"Polygon","coordinates":[[[39.764012,48.518694],[39.764969,48.520345],[39.76497,48.520345],[39.765017,48.520426],[39.76508,48.520658],[39.7651,48.520649],[39.765101,48.520649],[39.765974,48.520231],[39.766132,48.520155],[39.7651,48.518376],[39.7651,48.518375],[39.764851,48.517944],[39.764793,48.517984],[39.764195,48.518373],[39.764084,48.518486],[39.764012,48.518694]]]}},{"type":"Feature","properties":{"cadnum":"4421483000:01:003:0015"},"geometry":{"type":"Polygon","coordinates":[[[39.764851,48.517944],[39.764929,48.518079],[39.766132,48.520155],[39.767071,48.519703],[39.765713,48.517364],[39.765061,48.517804],[39.764851,48.517944]]]}},{"type":"Feature","properties":{"cadnum":"4421483000:01:003:0043"},"geometry":{"type":"Polygon","coordinates":[[[39.767583,48.516281],[39.76794,48.516592],[39.770008,48.518388],[39.770422,48.518193],[39.770537,48.518138],[39.768882,48.516706],[39.768054,48.515987],[39.767583,48.516281]]]}},{"type":"Feature","properties":{"cadnum":"4421483000:01:003:0021"},"geometry":{"type":"Polygon","coordinates":[[[39.767784,48.519605],[39.76783,48.519602],[39.767824,48.519575],[39.767784,48.519575],[39.767784,48.519605]]]}},{"type":"Feature","properties":{"cadnum":"4421483000:01:003:0045"},"geometry":{"type":"Polygon","coordinates":[[[39.768516,48.515686],[39.769691,48.516706],[39.769692,48.516706],[39.770422,48.517339],[39.771059,48.517891],[39.771585,48.517644],[39.770422,48.516636],[39.769136,48.51552],[39.768988,48.515401],[39.768683,48.515562],[39.768516,48.515686]]]}},{"type":"Feature","properties":{"cadnum":"4421483000:01:003:0069"},"geometry":{"type":"Polygon","coordinates":[[[39.769832,48.520623],[39.770422,48.521371],[39.77109,48.522217],[39.771854,48.52169],[39.770771,48.520321],[39.770591,48.520092],[39.770229,48.520345],[39.77023,48.520345],[39.769832,48.520623]]]}},{"type":"Feature","properties":{"cadnum":"4421483000:14:002:0015"},"geometry":{"type":"Polygon","coordinates":[[[39.743368,48.476829],[39.743943,48.477216],[39.745209,48.47805],[39.746821,48.476665],[39.746822,48.476665],[39.746823,48.476665],[39.748449,48.475269],[39.749364,48.474483],[39.749257,48.474406],[39.74852,48.473914],[39.747532,48.473253],[39.743558,48.476665],[39.743559,48.476665],[39.743368,48.476829]]]}},{"type":"Feature","properties":{"cadnum":"4421483000:14:002:0014"},"geometry":{"type":"Polygon","coordinates":[[[39.745209,48.47805],[39.746624,48.478976],[39.746624,48.478979],[39.747209,48.479387],[39.748621,48.478173],[39.748621,48.478172],[39.750372,48.476665],[39.751358,48.475817],[39.751075,48.475629],[39.749364,48.474483],[39.748621,48.475121],[39.746955,48.476551],[39.746954,48.476551],[39.745209,48.47805]]]}},{"type":"Feature","properties":{"cadnum":"4421483000:10:005:0016"},"geometry":{"type":"Polygon","coordinates":[[[39.738414,48.478895],[39.738769,48.479402],[39.738813,48.479663],[39.738756,48.480155],[39.738753,48.480192],[39.738752,48.480192],[39.738706,48.480744],[39.7388,48.480905],[39.740122,48.480192],[39.743128,48.478573],[39.744356,48.47791],[39.743128,48.477087],[39.743128,48.477086],[39.742524,48.476681],[39.738414,48.478895]]]}},{"type":"Feature","properties":{"cadnum":"4421483000:10:005:0018"},"geometry":{"type":"Polygon","coordinates":[[[39.739483,48.48232],[39.739555,48.4826],[39.739784,48.483457],[39.740727,48.483049],[39.741814,48.482534],[39.742956,48.481973],[39.744972,48.480983],[39.746407,48.480287],[39.746894,48.480051],[39.747289,48.47989],[39.74723,48.479839],[39.74583,48.478899],[39.743218,48.480306],[39.743219,48.480306],[39.742956,48.480448],[39.739483,48.48232]]]}},{"type":"Feature","properties":{"cadnum":"4421483000:14:002:0019"},"geometry":{"type":"Polygon","coordinates":[[[39.741387,48.47551],[39.741553,48.475624],[39.741572,48.475615],[39.741599,48.475611],[39.741626,48.475615],[39.741647,48.475624],[39.74189,48.475784],[39.741895,48.475787],[39.742182,48.476028],[39.742956,48.47655],[39.743126,48.476665],[39.743128,48.476665],[39.743283,48.47677],[39.743405,48.476665],[39.747186,48.473417],[39.746455,48.472909],[39.745326,48.472124],[39.744412,48.472909],[39.744411,48.472909],[39.74302,48.474107],[39.741387,48.47551]]]}},{"type":"Feature","properties":{"cadnum":"4421483000:14:002:0013"},"geometry":{"type":"Polygon","coordinates":[[[39.747209,48.479387],[39.747563,48.479634],[39.747576,48.479649],[39.747582,48.479667],[39.747576,48.479682],[39.747563,48.479696],[39.74733,48.479842],[39.747325,48.479846],[39.74737,48.479884],[39.747817,48.480192],[39.747816,48.480192],[39.748449,48.480628],[39.748597,48.480729],[39.748621,48.480747],[39.748901,48.480947],[39.74978,48.480192],[39.753061,48.477374],[39.753335,48.477142],[39.752623,48.476665],[39.751358,48.475817],[39.750505,48.476551],[39.750504,48.476551],[39.748449,48.47832],[39.747209,48.479387]]]}},{"type":"Feature","properties":{"cadnum":"4421483000:06:003:0041"},"geometry":{"type":"Polygon","coordinates":[[[39.805077,48.470064],[39.805347,48.47266],[39.805356,48.472783],[39.808874,48.472624],[39.810414,48.472554],[39.810253,48.471362],[39.81027,48.471053],[39.810131,48.469832],[39.808874,48.46989],[39.805077,48.470064]]]}},{"type":"Feature","properties":{"cadnum":"4421483000:11:003:0044"},"geometry":{"type":"Polygon","coordinates":[[[39.70338,48.49125],[39.70338,48.491268],[39.703402,48.491268],[39.703402,48.49125],[39.70338,48.49125]]]}},{"type":"Feature","properties":{"cadnum":"4421483000:11:003:0046"},"geometry":{"type":"Polygon","coordinates":[[[39.701727,48.491182],[39.701727,48.491197],[39.701749,48.491197],[39.701749,48.491182],[39.701727,48.491182]]]}},{"type":"Feature","properties":{"cadnum":"4421483000:11:003:0043"},"geometry":{"type":"Polygon","coordinates":[[[39.704201,48.491287],[39.704206,48.491304],[39.704229,48.491304],[39.704229,48.491287],[39.704201,48.491287]]]}},{"type":"Feature","properties":{"cadnum":"4421483000:11:003:0045"},"geometry":{"type":"Polygon","coordinates":[[[39.702553,48.491218],[39.702553,48.491232],[39.70258,48.491232],[39.70258,48.491218],[39.702553,48.491218]]]}},{"type":"Feature","properties":{"cadnum":"4421483000:14:002:0003"},"geometry":{"type":"Polygon","coordinates":[[[39.759453,48.487636],[39.759607,48.487736],[39.759607,48.487735],[39.76049,48.4883],[39.760647,48.48841],[39.762455,48.487588],[39.762456,48.487588],[39.7651,48.486387],[39.765101,48.486387],[39.769392,48.484436],[39.768947,48.483834],[39.768946,48.483834],[39.768665,48.483451],[39.767572,48.483947],[39.767572,48.483948],[39.765101,48.485071],[39.7651,48.485071],[39.759558,48.487588],[39.759453,48.487636]]]}},{"type":"Feature","properties":{"cadnum":"4421483000:14:002:0004"},"geometry":{"type":"Polygon","coordinates":[[[39.758163,48.486777],[39.758985,48.487333],[39.759202,48.487474],[39.759202,48.487475],[39.759271,48.487519],[39.759378,48.487588],[39.759379,48.487588],[39.759436,48.487625],[39.759436,48.487626],[39.759453,48.487636],[39.759607,48.487567],[39.759607,48.487566],[39.759808,48.487475],[39.759808,48.487474],[39.759809,48.487474],[39.764929,48.485149],[39.767823,48.483834],[39.768665,48.483451],[39.768409,48.483103],[39.768333,48.483031],[39.767092,48.483594],[39.76632,48.483067],[39.765101,48.483622],[39.7651,48.483622],[39.764635,48.483834],[39.764634,48.483834],[39.759436,48.486198],[39.759436,48.486199],[39.758163,48.486777]]]}},{"type":"Feature","properties":{"cadnum":"4421483000:08:001:0062"},"geometry":{"type":"Polygon","coordinates":[[[39.657072,48.476434],[39.657072,48.476451],[39.657099,48.476451],[39.657099,48.476434],[39.657072,48.476434]]]}},{"type":"Feature","properties":{"cadnum":"4421483000:08:001:0063"},"geometry":{"type":"Polygon","coordinates":[[[39.656281,48.47626],[39.656281,48.476278],[39.656307,48.476278],[39.656307,48.47626],[39.656281,48.47626]]]}},{"type":"Feature","properties":{"cadnum":"4421483000:01:002:0038"},"geometry":{"type":"Polygon","coordinates":[[[39.780774,48.529326],[39.781408,48.529335],[39.786901,48.529404],[39.791837,48.529467],[39.792395,48.528861],[39.792424,48.528829],[39.792566,48.528674],[39.792686,48.528544],[39.792395,48.52854],[39.792395,48.528541],[39.786901,48.528472],[39.78169,48.528407],[39.78146,48.528638],[39.780774,48.529326]]]}},{"type":"Feature","properties":{"cadnum":"4421483000:01:002:0037"},"geometry":{"type":"Polygon","coordinates":[[[39.778434,48.530591],[39.781408,48.530628],[39.787073,48.530698],[39.790659,48.530742],[39.791446,48.529888],[39.787073,48.529835],[39.787073,48.529834],[39.781408,48.529763],[39.781408,48.529764],[39.780275,48.529749],[39.778734,48.530451],[39.778434,48.530591]]]}},{"type":"Feature","properties":{"cadnum":"4421483000:01:002:0036"},"geometry":{"type":"Polygon","coordinates":[[[39.776768,48.531355],[39.781408,48.531414],[39.787073,48.531486],[39.789942,48.531522],[39.790246,48.53119],[39.790659,48.530742],[39.786901,48.530696],[39.78158,48.53063],[39.778434,48.530591],[39.777224,48.531145],[39.777218,48.531148],[39.776976,48.531259],[39.776768,48.531355]]]}},{"type":"Feature","properties":{"cadnum":"4421483000:07:002:0027"},"geometry":{"type":"Polygon","coordinates":[[[39.833321,48.486586],[39.83409,48.486574],[39.83408,48.486283],[39.83408,48.486282],[39.835449,48.48619],[39.835455,48.483947],[39.835459,48.482715],[39.833752,48.482728],[39.833335,48.482746],[39.833331,48.482942],[39.833331,48.484079],[39.833325,48.485208],[39.833321,48.486393],[39.833321,48.486586]]]}},{"type":"Feature","properties":{"cadnum":"4421483000:07:002:0029"},"geometry":{"type":"Polygon","coordinates":[[[39.825954,48.482611],[39.831018,48.482056],[39.831018,48.482055],[39.831019,48.482055],[39.833411,48.481793],[39.833537,48.480879],[39.833558,48.48064],[39.830847,48.480939],[39.82609,48.481462],[39.825954,48.482611]]]}},{"type":"Feature","properties":{"cadnum":"4421483000:07:002:0028"},"geometry":{"type":"Polygon","coordinates":[[[39.835449,48.48619],[39.835958,48.486154],[39.83634,48.486205],[39.837705,48.486383],[39.83771,48.483947],[39.837711,48.483947],[39.837713,48.482989],[39.837084,48.482787],[39.836478,48.482734],[39.836308,48.482719],[39.835683,48.482713],[39.835459,48.482715],[39.835455,48.483833],[39.835455,48.483834],[39.835449,48.48619]]]}},{"type":"Feature","properties":{"cadnum":"4421483000:11:001:0054"},"geometry":{"type":"Polygon","coordinates":[[[39.723816,48.504855],[39.726477,48.504823],[39.726477,48.504824],[39.72828,48.504802],[39.728313,48.504495],[39.728357,48.503582],[39.728384,48.503403],[39.727351,48.503597],[39.726542,48.503798],[39.725456,48.504192],[39.724342,48.504603],[39.723816,48.504855]]]}},{"type":"Feature","properties":{"cadnum":"4421483000:11:001:0053"},"geometry":{"type":"Polygon","coordinates":[[[39.721233,48.508474],[39.72224,48.508456],[39.722621,48.508397],[39.72436,48.508007],[39.725097,48.507837],[39.722837,48.507188],[39.722887,48.506709],[39.722978,48.505789],[39.722979,48.505789],[39.723035,48.505236],[39.722913,48.505296],[39.722483,48.50562],[39.72243,48.505675],[39.722429,48.505675],[39.721696,48.506447],[39.721548,48.506757],[39.721233,48.508474]]]}},{"type":"Feature","properties":{"cadnum":"4421483000:11:001:0009"},"geometry":{"type":"Polygon","coordinates":[[[39.722887,48.506709],[39.726648,48.506665],[39.728097,48.506647],[39.728193,48.505675],[39.72828,48.504802],[39.726648,48.504822],[39.726648,48.504821],[39.723816,48.504855],[39.723035,48.505236],[39.722991,48.505675],[39.72299,48.505675],[39.722887,48.506709]]]}},{"type":"Feature","properties":{"cadnum":"4421483000:14:001:0045"},"geometry":{"type":"Polygon","coordinates":[[[39.788401,48.497222],[39.7885,48.497218],[39.7885,48.4972],[39.788428,48.4972],[39.788428,48.49715],[39.788401,48.497153],[39.788401,48.497222]]]}},{"type":"Feature","properties":{"cadnum":"4421483000:14:001:0024"},"geometry":{"type":"Polygon","coordinates":[[[39.788217,48.49715],[39.788239,48.497156],[39.788275,48.497105],[39.788252,48.497096],[39.788217,48.49715]]]}},{"type":"Feature","properties":{"cadnum":"4421483000:14:001:0025"},"geometry":{"type":"Polygon","coordinates":[[[39.788491,48.496728],[39.788518,48.496724],[39.788518,48.49671],[39.788491,48.49671],[39.788491,48.496728]]]}},{"type":"Feature","properties":{"cadnum":"4421483000:14:001:0046"},"geometry":{"type":"Polygon","coordinates":[[[39.787606,48.498165],[39.787695,48.498197],[39.787745,48.498142],[39.787722,48.498133],[39.787686,48.498174],[39.787619,48.498147],[39.787606,48.498165]]]}},{"type":"Feature","properties":{"cadnum":"4421483000:14:001:0058"},"geometry":{"type":"Polygon","coordinates":[[[39.786204,48.495947],[39.786218,48.496492],[39.786236,48.497233],[39.786254,48.497972],[39.786757,48.497959],[39.786901,48.49779],[39.787309,48.497311],[39.78725,48.496858],[39.787073,48.496585],[39.786856,48.496249],[39.786204,48.495947]]]}},{"type":"Feature","properties":{"cadnum":"4421483000:14:001:0021"},"geometry":{"type":"Polygon","coordinates":[[[39.788351,48.497552],[39.788351,48.497567],[39.788374,48.497567],[39.788374,48.497552],[39.788351,48.497552]]]}},{"type":"Feature","properties":{"cadnum":"4421483000:14:001:0023"},"geometry":{"type":"Polygon","coordinates":[[[39.787879,48.49799],[39.787879,48.498005],[39.787902,48.498005],[39.787902,48.49799],[39.787879,48.49799]]]}},{"type":"Feature","properties":{"cadnum":"4421483000:14:001:0026"},"geometry":{"type":"Polygon","coordinates":[[[39.788711,48.496353],[39.788715,48.49637],[39.788737,48.49637],[39.788737,48.496353],[39.788711,48.496353]]]}},{"type":"Feature","properties":{"cadnum":"4421483000:14:001:0035"},"geometry":{"type":"Polygon","coordinates":[[[39.789735,48.498055],[39.789739,48.498085],[39.789779,48.498085],[39.789779,48.498055],[39.789735,48.498055]]]}},{"type":"Feature","properties":{"cadnum":"4421483000:14:001:0080"},"geometry":{"type":"Polygon","coordinates":[[[39.790386,48.498909],[39.792395,48.49916],[39.794617,48.499436],[39.796297,48.499564],[39.797022,48.498509],[39.797023,48.498509],[39.797357,48.498025],[39.798059,48.49785],[39.79806,48.49785],[39.798143,48.497829],[39.798542,48.497465],[39.799108,48.496799],[39.798794,48.496635],[39.798588,48.496585],[39.79806,48.496452],[39.798059,48.496452],[39.792619,48.495084],[39.792494,48.495298],[39.790685,48.498396],[39.790386,48.498909]]]}},{"type":"Feature","properties":{"cadnum":"4421483000:14:001:0032"},"geometry":{"type":"Polygon","coordinates":[[[39.792344,48.494936],[39.792385,48.494987],[39.792407,48.494978],[39.792366,48.494927],[39.792344,48.494936]]]}},{"type":"Feature","properties":{"cadnum":"4421483000:13:002:0052"},"geometry":{"type":"Polygon","coordinates":[[[39.782531,48.498147],[39.78269,48.498509],[39.782691,48.498509],[39.783128,48.499496],[39.783303,48.499168],[39.786437,48.498466],[39.787073,48.498324],[39.787073,48.498323],[39.787076,48.498323],[39.787006,48.498294],[39.786447,48.498058],[39.782531,48.498147]]]}},{"type":"Feature","properties":{"cadnum":"4421483000:14:001:0036"},"geometry":{"type":"Polygon","coordinates":[[[39.7885,48.497584],[39.788567,48.497582],[39.788567,48.497537],[39.7885,48.497537],[39.7885,48.497584]]]}},{"type":"Feature","properties":{"cadnum":"4421483000:13:002:0014"},"geometry":{"type":"Polygon","coordinates":[[[39.786995,48.498433],[39.787022,48.49843],[39.787022,48.498415],[39.786995,48.498415],[39.786995,48.498433]]]}},{"type":"Feature","properties":{"cadnum":"4421483000:14:001:0020"},"geometry":{"type":"Polygon","coordinates":[[[39.787754,48.497112],[39.787839,48.497123],[39.787844,48.497105],[39.787758,48.497096],[39.787754,48.497112]]]}},{"type":"Feature","properties":{"cadnum":"4421483000:14:001:0028"},"geometry":{"type":"Polygon","coordinates":[[[39.789286,48.495451],[39.789313,48.495448],[39.789307,48.495433],[39.789286,48.495433],[39.789286,48.495451]]]}},{"type":"Feature","properties":{"cadnum":"4421483000:14:001:0040"},"geometry":{"type":"Polygon","coordinates":[[[39.789609,48.495459],[39.789653,48.495459],[39.789649,48.49543],[39.789609,48.495433],[39.789609,48.495459]]]}},{"type":"Feature","properties":{"cadnum":"4421483000:14:001:0037"},"geometry":{"type":"Polygon","coordinates":[[[39.787879,48.498159],[39.787879,48.498204],[39.787948,48.498204],[39.787948,48.498159],[39.787879,48.498159]]]}},{"type":"Feature","properties":{"cadnum":"4421483000:14:001:0029"},"geometry":{"type":"Polygon","coordinates":[[[39.790242,48.495171],[39.790269,48.495174],[39.790273,48.495115],[39.790252,48.495115],[39.790242,48.495171]]]}},{"type":"Feature","properties":{"cadnum":"4421483000:14:001:0030"},"geometry":{"type":"Polygon","coordinates":[[[39.790867,48.495082],[39.790867,48.495096],[39.790889,48.495096],[39.790889,48.495082],[39.790867,48.495082]]]}},{"type":"Feature","properties":{"cadnum":"4421483000:14:001:0031"},"geometry":{"type":"Polygon","coordinates":[[[39.791544,48.495022],[39.791544,48.495037],[39.791571,48.495037],[39.791571,48.495022],[39.791544,48.495022]]]}},{"type":"Feature","properties":{"cadnum":"4421483000:14:001:0039"},"geometry":{"type":"Polygon","coordinates":[[[39.789191,48.496099],[39.789191,48.496129],[39.789231,48.496129],[39.789231,48.496099],[39.789191,48.496099]]]}},{"type":"Feature","properties":{"cadnum":"4421483000:14:001:0047"},"geometry":{"type":"Polygon","coordinates":[[[39.789577,48.494959],[39.789676,48.49498],[39.789686,48.494963],[39.789613,48.494948],[39.789613,48.494947],[39.789636,48.4949],[39.789609,48.494894],[39.789577,48.494959]]]}},{"type":"Feature","properties":{"cadnum":"4421483000:14:001:0022"},"geometry":{"type":"Polygon","coordinates":[[[39.788095,48.497805],[39.788122,48.497802],[39.788122,48.497787],[39.788095,48.497787],[39.788095,48.497805]]]}},{"type":"Feature","properties":{"cadnum":"4421483000:14:001:0027"},"geometry":{"type":"Polygon","coordinates":[[[39.788994,48.4959],[39.788994,48.495918],[39.78902,48.495918],[39.78902,48.4959],[39.788994,48.4959]]]}},{"type":"Feature","properties":{"cadnum":"4421483000:14:001:0048"},"geometry":{"type":"MultiPolygon","coordinates":[[[[39.78743,48.498019],[39.787439,48.498329],[39.787638,48.497735],[39.78743,48.498019]]],[[[39.787638,48.497735],[39.787789,48.497528],[39.787821,48.497412],[39.787822,48.497412],[39.788355,48.497465],[39.788382,48.497224],[39.787844,48.497129],[39.787745,48.497406],[39.787713,48.497511],[39.787638,48.497735]]]]}},{"type":"Feature","properties":{"cadnum":"4421483000:14:001:0038"},"geometry":{"type":"Polygon","coordinates":[[[39.788607,48.497034],[39.788607,48.497061],[39.788652,48.497061],[39.788648,48.497034],[39.788607,48.497034]]]}},{"type":"Feature","properties":{"cadnum":"4421483000:14:001:0006"},"geometry":{"type":"Polygon","coordinates":[[[39.787691,48.49718],[39.787754,48.497215],[39.787772,48.497204],[39.787705,48.497168],[39.787691,48.49718]]]}},{"type":"Feature","properties":{"cadnum":"4421483000:10:001:0005"},"geometry":{"type":"Polygon","coordinates":[[[39.656523,48.471031],[39.657777,48.471219],[39.657948,48.471225],[39.658391,48.471243],[39.660054,48.471263],[39.660559,48.471261],[39.660559,48.471262],[39.660584,48.471261],[39.66073,48.471272],[39.661544,48.471335],[39.662129,48.471431],[39.662358,48.471481],[39.662439,48.470278],[39.660559,48.469873],[39.65828,48.469381],[39.656739,48.469049],[39.656706,48.469267],[39.65669,48.469373],[39.656688,48.469381],[39.656523,48.470409],[39.656542,48.470413],[39.656564,48.470421],[39.656577,48.470436],[39.656582,48.470457],[39.656523,48.471023],[39.656523,48.471031]]]}},{"type":"Feature","properties":{"cadnum":"4421483000:10:003:0018"},"geometry":{"type":"Polygon","coordinates":[[[39.72073,48.473774],[39.720983,48.473903],[39.720984,48.473903],[39.721052,48.473938],[39.721155,48.47399],[39.72228,48.47456],[39.72268,48.474772],[39.725634,48.472909],[39.726648,48.472271],[39.726648,48.47227],[39.726808,48.47217],[39.726648,48.472086],[39.726355,48.471931],[39.724863,48.471142],[39.722038,48.472909],[39.721013,48.473551],[39.72073,48.473774]]]}},{"type":"Feature","properties":{"cadnum":"4421483000:10:003:0027"},"geometry":{"type":"Polygon","coordinates":[[[39.72268,48.474772],[39.724548,48.475761],[39.726477,48.474545],[39.728676,48.473158],[39.728251,48.472932],[39.72825,48.472932],[39.726808,48.47217],[39.726477,48.472378],[39.726477,48.472379],[39.725453,48.473023],[39.725454,48.473023],[39.72268,48.474772]]]}},{"type":"Feature","properties":{"cadnum":"4421483000:01:003:0073"},"geometry":{"type":"Polygon","coordinates":[[[39.772806,48.518546],[39.774076,48.520158],[39.774319,48.519992],[39.774764,48.519682],[39.773489,48.51807],[39.772806,48.518546]]]}},{"type":"Feature","properties":{"cadnum":"4421483000:01:003:0023"},"geometry":{"type":"Polygon","coordinates":[[[39.770663,48.518132],[39.770663,48.518159],[39.770709,48.518159],[39.770709,48.518132],[39.770663,48.518132]]]}},{"type":"Feature","properties":{"cadnum":"4421483000:01:003:0072"},"geometry":{"type":"Polygon","coordinates":[[[39.772101,48.51904],[39.77304,48.520231],[39.773367,48.520646],[39.773537,48.520527],[39.773869,48.520299],[39.774076,48.520158],[39.772806,48.518546],[39.772101,48.51904]]]}},{"type":"Feature","properties":{"cadnum":"4421483000:01:003:0025"},"geometry":{"type":"Polygon","coordinates":[[[39.773547,48.516687],[39.773552,48.516713],[39.773592,48.516713],[39.773592,48.516687],[39.773547,48.516687]]]}},{"type":"Feature","properties":{"cadnum":"4421483000:01:003:0024"},"geometry":{"type":"Polygon","coordinates":[[[39.772055,48.517436],[39.772055,48.517463],[39.772096,48.517463],[39.772096,48.517436],[39.772055,48.517436]]]}},{"type":"Feature","properties":{"cadnum":"4421483000:01:003:0070"},"geometry":{"type":"Polygon","coordinates":[[[39.770591,48.520092],[39.7707,48.520231],[39.770771,48.520321],[39.770789,48.520345],[39.77079,48.520345],[39.771854,48.52169],[39.771908,48.521651],[39.772613,48.521167],[39.771937,48.520311],[39.771346,48.519563],[39.770591,48.520092]]]}},{"type":"Feature","properties":{"cadnum":"4421483000:01:003:0071"},"geometry":{"type":"Polygon","coordinates":[[[39.771346,48.519563],[39.771873,48.520231],[39.771937,48.520311],[39.771963,48.520345],[39.772613,48.521167],[39.772725,48.521089],[39.773367,48.520646],[39.77313,48.520345],[39.772101,48.51904],[39.771346,48.519563]]]}},{"type":"Feature","properties":{"cadnum":"4421483000:01:003:0074"},"geometry":{"type":"Polygon","coordinates":[[[39.773489,48.51807],[39.774764,48.519682],[39.775074,48.519471],[39.775518,48.519165],[39.774832,48.51829],[39.774697,48.518365],[39.773749,48.517888],[39.773489,48.51807]]]}},{"type":"Feature","properties":{"cadnum":"4421483000:01:003:0075"},"geometry":{"type":"Polygon","coordinates":[[[39.774832,48.51829],[39.775518,48.519165],[39.775816,48.518959],[39.775915,48.518891],[39.776619,48.518405],[39.776022,48.517647],[39.774832,48.51829]]]}},{"type":"Feature","properties":{"cadnum":"4421483000:01:003:0079"},"geometry":{"type":"Polygon","coordinates":[[[39.773537,48.520527],[39.774715,48.522017],[39.775491,48.521483],[39.774507,48.520231],[39.774506,48.520231],[39.774319,48.519992],[39.774076,48.520158],[39.77397,48.520231],[39.773969,48.520231],[39.773869,48.520299],[39.773803,48.520345],[39.773537,48.520527]]]}},{"type":"Feature","properties":{"cadnum":"4421483000:02:005:0003"},"geometry":{"type":"Polygon","coordinates":[[[39.852881,48.524924],[39.852991,48.525099],[39.852991,48.525098],[39.853452,48.525829],[39.854862,48.526515],[39.855581,48.525748],[39.855697,48.525602],[39.853556,48.524559],[39.852881,48.524924]]]}},{"type":"Feature","properties":{"cadnum":"4421483000:02:005:0002"},"geometry":{"type":"Polygon","coordinates":[[[39.851688,48.527191],[39.85257,48.527621],[39.852819,48.527742],[39.852819,48.527743],[39.852874,48.527769],[39.852991,48.527826],[39.853129,48.527893],[39.853722,48.527507],[39.854269,48.527152],[39.854862,48.526515],[39.853452,48.525829],[39.853565,48.526007],[39.852979,48.526377],[39.851688,48.527191]]]}},{"type":"Feature","properties":{"cadnum":"4421483000:11:002:0019"},"geometry":{"type":"Polygon","coordinates":[[[39.731649,48.500186],[39.731649,48.500204],[39.731676,48.500204],[39.731676,48.500186],[39.731649,48.500186]]]}},{"type":"Feature","properties":{"cadnum":"4421483000:11:002:0021"},"geometry":{"type":"Polygon","coordinates":[[[39.730204,48.499424],[39.73023,48.499424],[39.73023,48.499406],[39.730204,48.499409],[39.730204,48.499424]]]}},{"type":"Feature","properties":{"cadnum":"4421483000:11:002:0022"},"geometry":{"type":"Polygon","coordinates":[[[39.729494,48.499025],[39.729494,48.49904],[39.729521,48.49904],[39.729516,48.499025],[39.729494,48.499025]]]}},{"type":"Feature","properties":{"cadnum":"4421483000:11:002:0023"},"geometry":{"type":"Polygon","coordinates":[[[39.728779,48.498638],[39.728779,48.498656],[39.728802,48.498656],[39.728802,48.498638],[39.728779,48.498638]]]}},{"type":"Feature","properties":{"cadnum":"4421483000:11:002:0020"},"geometry":{"type":"Polygon","coordinates":[[[39.730944,48.499805],[39.730944,48.499823],[39.730967,48.499823],[39.730967,48.499805],[39.730944,48.499805]]]}},{"type":"Feature","properties":{"cadnum":"4421483000:10:001:0032"},"geometry":{"type":"Polygon","coordinates":[[[39.684978,48.481391],[39.688196,48.482366],[39.688196,48.482365],[39.688409,48.48243],[39.688503,48.481786],[39.688196,48.481694],[39.685077,48.480751],[39.68501,48.481197],[39.684978,48.481391]]]}},{"type":"Feature","properties":{"cadnum":"4421483000:10:001:0040"},"geometry":{"type":"Polygon","coordinates":[[[39.681434,48.480819],[39.682531,48.48115],[39.682531,48.481151],[39.684905,48.481867],[39.684978,48.481391],[39.68501,48.481197],[39.682703,48.480501],[39.68199,48.480286],[39.681538,48.480149],[39.681531,48.480192],[39.68153,48.480192],[39.681514,48.480292],[39.681512,48.480306],[39.681434,48.480819]]]}},{"type":"Feature","properties":{"cadnum":"4421483000:10:001:0030"},"geometry":{"type":"Polygon","coordinates":[[[39.684802,48.482534],[39.686666,48.483097],[39.688196,48.483451],[39.688287,48.483472],[39.688287,48.483258],[39.688324,48.483008],[39.688186,48.482966],[39.684888,48.481969],[39.684802,48.482534]]]}},{"type":"Feature","properties":{"cadnum":"4421483000:10:001:0039"},"geometry":{"type":"Polygon","coordinates":[[[39.681331,48.481483],[39.682531,48.481846],[39.682531,48.481847],[39.684272,48.482373],[39.684802,48.482534],[39.684888,48.481969],[39.684905,48.481867],[39.682703,48.481203],[39.682703,48.481202],[39.681434,48.480819],[39.681331,48.481483]]]}},{"type":"Feature","properties":{"cadnum":"4421483000:10:001:0031"},"geometry":{"type":"Polygon","coordinates":[[[39.684888,48.481969],[39.688024,48.482918],[39.688025,48.482918],[39.688186,48.482966],[39.688196,48.48297],[39.688324,48.483008],[39.688409,48.48243],[39.688025,48.482313],[39.688025,48.482314],[39.688024,48.482314],[39.684978,48.481391],[39.684905,48.481867],[39.684888,48.481969]]]}},{"type":"Feature","properties":{"cadnum":"4421483000:06:002:0005"},"geometry":{"type":"Polygon","coordinates":[[[39.804242,48.489667],[39.807546,48.491229],[39.807547,48.491229],[39.808874,48.491856],[39.810813,48.492772],[39.81146,48.492947],[39.813221,48.493646],[39.813693,48.493218],[39.813931,48.49287],[39.814178,48.492152],[39.814295,48.491751],[39.814367,48.491605],[39.814367,48.491606],[39.814495,48.491349],[39.814539,48.49126],[39.814595,48.491146],[39.814609,48.490804],[39.814371,48.490444],[39.814186,48.490295],[39.813379,48.48969],[39.81297,48.489346],[39.81297,48.489345],[39.812372,48.488753],[39.811658,48.488836],[39.81128,48.488821],[39.810823,48.488803],[39.809046,48.488976],[39.808825,48.488997],[39.807018,48.489218],[39.806574,48.48928],[39.804687,48.489688],[39.804242,48.489667]]]}},{"type":"Feature","properties":{"cadnum":"4421483000:10:001:0060"},"geometry":{"type":"Polygon","coordinates":[[[39.675002,48.466692],[39.677038,48.467424],[39.677149,48.467464],[39.67721,48.467485],[39.67736,48.467539],[39.677593,48.467315],[39.678819,48.466148],[39.679039,48.465939],[39.678169,48.465625],[39.677297,48.46531],[39.677197,48.465275],[39.676452,48.465007],[39.676098,48.465418],[39.67592,48.465625],[39.67587,48.465683],[39.675822,48.465739],[39.675002,48.466692]]]}},{"type":"Feature","properties":{"cadnum":"4421483000:10:001:0022"},"geometry":{"type":"Polygon","coordinates":[[[39.675945,48.468884],[39.677038,48.469238],[39.677038,48.469239],[39.677479,48.469381],[39.67748,48.469381],[39.680509,48.470362],[39.680976,48.470285],[39.682703,48.469573],[39.683029,48.469438],[39.683212,48.469345],[39.683469,48.469215],[39.682703,48.468968],[39.677593,48.467315],[39.677115,48.467771],[39.676865,48.468009],[39.675945,48.468884]]]}},{"type":"Feature","properties":{"cadnum":"4421483000:14:002:0052"},"geometry":{"type":"Polygon","coordinates":[[[39.761868,48.477175],[39.761977,48.47727],[39.762323,48.47758],[39.763531,48.477008],[39.763077,48.476606],[39.762952,48.476665],[39.761868,48.477175]]]}},{"type":"Feature","properties":{"cadnum":"4421483000:14:002:0048"},"geometry":{"type":"Polygon","coordinates":[[[39.758339,48.475445],[39.758685,48.475752],[39.759607,48.47532],[39.759721,48.475266],[39.759466,48.47504],[39.759371,48.474956],[39.758339,48.475445]]]}},{"type":"Feature","properties":{"cadnum":"4421483000:14:003:0015"},"geometry":{"type":"Polygon","coordinates":[[[39.75713,48.474143],[39.75761,48.474468],[39.75784,48.474358],[39.758379,48.474054],[39.759057,48.473682],[39.759607,48.473394],[39.759607,48.473393],[39.759721,48.473333],[39.760333,48.473062],[39.760187,48.472962],[39.759914,48.472773],[39.759784,48.472696],[39.75947,48.472867],[39.759393,48.472909],[39.759334,48.472941],[39.759184,48.473023],[39.75713,48.474143]]]}},{"type":"Feature","properties":{"cadnum":"4421483000:14:002:0046"},"geometry":{"type":"Polygon","coordinates":[[[39.759084,48.476106],[39.759436,48.476419],[39.759436,48.47642],[39.759578,48.476547],[39.759607,48.476533],[39.760616,48.476058],[39.76031,48.475787],[39.760117,48.475617],[39.759607,48.475859],[39.759607,48.475858],[39.759084,48.476106]]]}},{"type":"Feature","properties":{"cadnum":"4421483000:14:002:0047"},"geometry":{"type":"Polygon","coordinates":[[[39.758685,48.475752],[39.759084,48.476106],[39.759436,48.47594],[39.760117,48.475617],[39.759906,48.47543],[39.759721,48.475266],[39.759436,48.475401],[39.758685,48.475752]]]}},{"type":"Feature","properties":{"cadnum":"4421483000:14:002:0055"},"geometry":{"type":"Polygon","coordinates":[[[39.760702,48.476136],[39.761088,48.476481],[39.761096,48.476487],[39.762304,48.475918],[39.76191,48.475567],[39.760702,48.476136]]]}},{"type":"Feature","properties":{"cadnum":"4421483000:14:002:0057"},"geometry":{"type":"Polygon","coordinates":[[[39.759906,48.47543],[39.760117,48.475617],[39.76031,48.475787],[39.761518,48.475218],[39.761115,48.474861],[39.759906,48.47543]]]}},{"type":"Feature","properties":{"cadnum":"4421483000:14:002:0054"},"geometry":{"type":"Polygon","coordinates":[[[39.761096,48.476487],[39.761168,48.476551],[39.761167,48.476551],[39.761273,48.476644],[39.761296,48.476665],[39.761402,48.476758],[39.761478,48.476823],[39.762056,48.476551],[39.762686,48.476255],[39.762304,48.475918],[39.761096,48.476487]]]}},{"type":"Feature","properties":{"cadnum":"4421483000:01:002:0070"},"geometry":{"type":"Polygon","coordinates":[[[39.808761,48.522574],[39.808928,48.523869],[39.80893,48.523885],[39.808943,48.523983],[39.808949,48.524026],[39.809046,48.52399],[39.809345,48.52388],[39.809781,48.52291],[39.809955,48.522791],[39.80903,48.522624],[39.808761,48.522574]]]}},{"type":"Feature","properties":{"cadnum":"4421483000:01:001:0016"},"geometry":{"type":"Polygon","coordinates":[[[39.76743,48.530713],[39.76752,48.531145],[39.768304,48.534896],[39.768305,48.534896],[39.768962,48.538032],[39.770197,48.537979],[39.769551,48.534896],[39.769552,48.534896],[39.768768,48.531145],[39.768646,48.530561],[39.76743,48.530713]]]}},{"type":"Feature","properties":{"cadnum":"4421483000:10:006:0001"},"geometry":{"type":"Polygon","coordinates":[[[39.736357,48.494144],[39.736402,48.494305],[39.737635,48.49415],[39.738769,48.494007],[39.741109,48.493742],[39.742115,48.493498],[39.743128,48.493334],[39.743128,48.493333],[39.743228,48.493317],[39.74371,48.493382],[39.744006,48.493438],[39.744333,48.49348],[39.745138,48.493575],[39.745595,48.493825],[39.745672,48.494069],[39.745524,48.494292],[39.745524,48.494293],[39.745236,48.494584],[39.745041,48.494756],[39.74504,48.494756],[39.745016,48.494778],[39.744925,48.494869],[39.744926,48.494869],[39.744828,48.494968],[39.744553,48.495677],[39.744612,48.496141],[39.744846,48.496966],[39.744802,48.497293],[39.744383,48.498052],[39.744259,48.498396],[39.744258,48.498396],[39.744083,48.498885],[39.744163,48.49926],[39.7445,48.499427],[39.744743,48.499483],[39.744891,48.499516],[39.745249,48.499468],[39.748621,48.498777],[39.748621,48.498776],[39.749163,48.498665],[39.749576,48.498665],[39.750006,48.498742],[39.750303,48.498835],[39.750582,48.498954],[39.750932,48.499147],[39.751157,48.499287],[39.752284,48.500112],[39.752446,48.499993],[39.751327,48.499174],[39.751094,48.499025],[39.750725,48.498823],[39.750419,48.498695],[39.750088,48.498588],[39.749607,48.498504],[39.749127,48.498501],[39.748449,48.498643],[39.745196,48.499317],[39.744913,48.499349],[39.744823,48.499329],[39.744616,48.499284],[39.744387,48.499171],[39.744329,48.498894],[39.744509,48.498396],[39.744616,48.4981],[39.745039,48.497328],[39.745093,48.496957],[39.744855,48.496117],[39.744802,48.495689],[39.745052,48.495034],[39.745219,48.49487],[39.745295,48.494803],[39.745439,48.49468],[39.74574,48.49437],[39.745928,48.494087],[39.745815,48.493736],[39.745241,48.493423],[39.744379,48.493322],[39.744064,48.493281],[39.743764,48.493224],[39.743234,48.493152],[39.742993,48.493192],[39.742043,48.493343],[39.741037,48.493587],[39.738728,48.493855],[39.737635,48.493989],[39.736357,48.494144]]]}},{"type":"Feature","properties":{"cadnum":"4421483000:05:006:0057"},"geometry":{"type":"Polygon","coordinates":[[[39.828106,48.502299],[39.828461,48.502656],[39.828708,48.502683],[39.828816,48.50232],[39.828106,48.502299]]]}},{"type":"Feature","properties":{"cadnum":"4421483000:05:006:0005"},"geometry":{"type":"Polygon","coordinates":[[[39.826413,48.50423],[39.826413,48.504284],[39.826467,48.504596],[39.82666,48.504581],[39.826463,48.504224],[39.826413,48.50423]]]}},{"type":"Feature","properties":{"cadnum":"4421483000:05:006:0003"},"geometry":{"type":"Polygon","coordinates":[[[39.827199,48.504076],[39.827482,48.504557],[39.827599,48.504557],[39.827612,48.504358],[39.827698,48.504182],[39.827756,48.504061],[39.827778,48.503983],[39.827199,48.504043],[39.827199,48.504076]]]}},{"type":"Feature","properties":{"cadnum":"4421483000:05:006:0020"},"geometry":{"type":"Polygon","coordinates":[[[39.830662,48.502554],[39.830662,48.502573],[39.830689,48.502573],[39.830689,48.502554],[39.830662,48.502554]]]}},{"type":"Feature","properties":{"cadnum":"4421483000:05:006:0023"},"geometry":{"type":"Polygon","coordinates":[[[39.830729,48.504168],[39.830805,48.504189],[39.830819,48.504173],[39.830738,48.50415],[39.830729,48.504168]]]}},{"type":"Feature","properties":{"cadnum":"4421483000:05:006:0056"},"geometry":{"type":"Polygon","coordinates":[[[39.828708,48.502683],[39.829486,48.502761],[39.829579,48.502344],[39.828816,48.50232],[39.828708,48.502683]]]}},{"type":"Feature","properties":{"cadnum":"4421483000:05:006:0019"},"geometry":{"type":"Polygon","coordinates":[[[39.830006,48.502115],[39.830006,48.50213],[39.830029,48.50213],[39.830029,48.502115],[39.830006,48.502115]]]}},{"type":"Feature","properties":{"cadnum":"4421483000:05:006:0025"},"geometry":{"type":"Polygon","coordinates":[[[39.830222,48.50487],[39.830302,48.504897],[39.830316,48.504876],[39.830235,48.50485],[39.830222,48.50487]]]}},{"type":"Feature","properties":{"cadnum":"4421483000:00:000:0000"},"geometry":{"type":"Polygon","coordinates":[[[39.829629,48.504424],[39.829903,48.504442],[39.830046,48.503772],[39.829876,48.503745],[39.829997,48.503346],[39.829817,48.503317],[39.829679,48.503716],[39.829776,48.50373],[39.829777,48.50373],[39.829629,48.504424]]]}},{"type":"Feature","properties":{"cadnum":"4421483000:05:006:0002"},"geometry":{"type":"Polygon","coordinates":[[[39.826916,48.503689],[39.827073,48.503909],[39.827199,48.503894],[39.827199,48.503895],[39.82723,48.503968],[39.827226,48.503995],[39.827199,48.504043],[39.827778,48.503983],[39.827815,48.503826],[39.827855,48.503662],[39.827132,48.50357],[39.826916,48.503689]]]}},{"type":"Feature","properties":{"cadnum":"4421483000:05:006:0026"},"geometry":{"type":"Polygon","coordinates":[[[39.830002,48.50529],[39.830029,48.505287],[39.830029,48.505272],[39.830002,48.505272],[39.830002,48.50529]]]}},{"type":"Feature","properties":{"cadnum":"4421483000:05:005:0001"},"geometry":{"type":"Polygon","coordinates":[[[39.828348,48.504141],[39.828631,48.504168],[39.82904,48.504224],[39.82913,48.504239],[39.829216,48.504016],[39.82913,48.50401],[39.82917,48.503891],[39.828452,48.50371],[39.828348,48.504141]]]}},{"type":"Feature","properties":{"cadnum":"4421483000:05:005:0002"},"geometry":{"type":"Polygon","coordinates":[[[39.827756,48.504061],[39.828348,48.504141],[39.828452,48.50371],[39.828258,48.503662],[39.828205,48.503838],[39.827815,48.503826],[39.827756,48.504061]]]}},{"type":"Feature","properties":{"cadnum":"4421483000:05:006:0027"},"geometry":{"type":"Polygon","coordinates":[[[39.829755,48.505668],[39.829755,48.505682],[39.829782,48.505682],[39.829782,48.505668],[39.829755,48.505668]]]}},{"type":"Feature","properties":{"cadnum":"4421483000:05:006:0024"},"geometry":{"type":"Polygon","coordinates":[[[39.830469,48.50457],[39.830469,48.504585],[39.830495,48.504585],[39.830491,48.504567],[39.830469,48.50457]]]}},{"type":"Feature","properties":{"cadnum":"4421483000:05:006:0004"},"geometry":{"type":"Polygon","coordinates":[[[39.826463,48.504224],[39.82666,48.504581],[39.827266,48.50454],[39.827203,48.504382],[39.827006,48.504076],[39.826983,48.504078],[39.826979,48.50407],[39.82648,48.504076],[39.826463,48.504224]]]}},{"type":"Feature","properties":{"cadnum":"4421483000:12:001:0025"},"geometry":{"type":"Polygon","coordinates":[[[39.764321,48.502876],[39.76438,48.503245],[39.764744,48.503207],[39.764929,48.503196],[39.764937,48.503195],[39.7651,48.503176],[39.765101,48.503176],[39.765143,48.503171],[39.765071,48.502754],[39.764321,48.502876]]]}},{"type":"Feature","properties":{"cadnum":"4421483000:12:001:0026"},"geometry":{"type":"Polygon","coordinates":[[[39.764029,48.502856],[39.764222,48.503264],[39.76438,48.503245],[39.764321,48.502876],[39.764929,48.502778],[39.765071,48.502754],[39.765071,48.502755],[39.7651,48.502925],[39.765101,48.502925],[39.765143,48.503171],[39.765377,48.503141],[39.765409,48.503138],[39.765363,48.502865],[39.765386,48.502861],[39.765359,48.502689],[39.764995,48.502698],[39.764029,48.502856]]]}},{"type":"Feature","properties":{"cadnum":"4421483000:06:004:0014"},"geometry":{"type":"Polygon","coordinates":[[[39.817654,48.472146],[39.81986,48.47202],[39.820032,48.47201],[39.825525,48.471697],[39.826224,48.471657],[39.826283,48.470573],[39.825426,48.470622],[39.820032,48.470927],[39.817712,48.471058],[39.817654,48.472146]]]}},{"type":"Feature","properties":{"cadnum":"4421483000:10:002:0023"},"geometry":{"type":"Polygon","coordinates":[[[39.698497,48.480197],[39.699183,48.480295],[39.699183,48.480294],[39.699267,48.480306],[39.699268,48.480306],[39.704504,48.481047],[39.704504,48.481048],[39.707728,48.481504],[39.707736,48.481411],[39.707898,48.480259],[39.707426,48.480192],[39.704676,48.479804],[39.699183,48.479027],[39.698637,48.47895],[39.698498,48.480192],[39.698497,48.480192],[39.698497,48.480197]]]}},{"type":"Feature","properties":{"cadnum":"4421483000:10:002:0022"},"geometry":{"type":"Polygon","coordinates":[[[39.698646,48.478869],[39.699011,48.478921],[39.704504,48.479698],[39.707908,48.480179],[39.707912,48.480155],[39.708109,48.478744],[39.704676,48.478259],[39.699183,48.477482],[39.698803,48.477428],[39.698776,48.477684],[39.698646,48.478869]]]}},{"type":"Feature","properties":{"cadnum":"4421483000:08:001:0017"},"geometry":{"type":"Polygon","coordinates":[[[39.65717,48.491506],[39.657219,48.491552],[39.657242,48.491543],[39.657193,48.491495],[39.65717,48.491506]]]}},{"type":"Feature","properties":{"cadnum":"4421483000:08:001:0012"},"geometry":{"type":"Polygon","coordinates":[[[39.655984,48.494698],[39.655984,48.494712],[39.656011,48.494712],[39.656011,48.494698],[39.655984,48.494698]]]}},{"type":"Feature","properties":{"cadnum":"4421483000:08:001:0069"},"geometry":{"type":"Polygon","coordinates":[[[39.658433,48.491245],[39.658433,48.491272],[39.658477,48.491272],[39.658477,48.491245],[39.658433,48.491245]]]}},{"type":"Feature","properties":{"cadnum":"4421483000:08:001:0070"},"geometry":{"type":"Polygon","coordinates":[[[39.658208,48.492834],[39.658253,48.492831],[39.658253,48.492805],[39.658208,48.492805],[39.658208,48.492834]]]}},{"type":"Feature","properties":{"cadnum":"4421483000:08:001:0014"},"geometry":{"type":"Polygon","coordinates":[[[39.656353,48.493266],[39.656353,48.493281],[39.65638,48.493281],[39.65638,48.493266],[39.656353,48.493266]]]}},{"type":"Feature","properties":{"cadnum":"4421483000:08:001:0019"},"geometry":{"type":"Polygon","coordinates":[[[39.659003,48.491435],[39.659003,48.49145],[39.65903,48.49145],[39.65903,48.491435],[39.659003,48.491435]]]}},{"type":"Feature","properties":{"cadnum":"4421483000:08:001:0020"},"geometry":{"type":"Polygon","coordinates":[[[39.659982,48.491391],[39.659982,48.491408],[39.660005,48.491408],[39.660005,48.491391],[39.659982,48.491391]]]}},{"type":"Feature","properties":{"cadnum":"4421483000:08:001:0016"},"geometry":{"type":"Polygon","coordinates":[[[39.656712,48.491867],[39.656712,48.491885],[39.656735,48.491885],[39.656735,48.491867],[39.656712,48.491867]]]}},{"type":"Feature","properties":{"cadnum":"4421483000:08:001:0015"},"geometry":{"type":"Polygon","coordinates":[[[39.656523,48.492602],[39.656523,48.49262],[39.656546,48.49262],[39.656546,48.492602],[39.656523,48.492602]]]}},{"type":"Feature","properties":{"cadnum":"4421483000:08:001:0071"},"geometry":{"type":"Polygon","coordinates":[[[39.657921,48.494692],[39.657921,48.494736],[39.657988,48.494736],[39.657988,48.494689],[39.657921,48.494692]]]}},{"type":"Feature","properties":{"cadnum":"4421483000:08:001:0018"},"geometry":{"type":"Polygon","coordinates":[[[39.658087,48.491492],[39.658114,48.491488],[39.658114,48.491474],[39.658087,48.491474],[39.658087,48.491492]]]}},{"type":"Feature","properties":{"cadnum":"4421483000:08:001:0013"},"geometry":{"type":"Polygon","coordinates":[[[39.656164,48.493992],[39.656164,48.494007],[39.656191,48.494007],[39.656191,48.493992],[39.656164,48.493992]]]}},{"type":"Feature","properties":{"cadnum":"4421483000:06:003:0043"},"geometry":{"type":"Polygon","coordinates":[[[39.770363,48.472973],[39.770422,48.472948],[39.772981,48.47183],[39.772541,48.471475],[39.770422,48.472402],[39.770367,48.472426],[39.770363,48.472708],[39.770363,48.472973]]]}},{"type":"Feature","properties":{"cadnum":"4421483000:05:006:0036"},"geometry":{"type":"Polygon","coordinates":[[[39.832849,48.501764],[39.832849,48.501781],[39.832876,48.501781],[39.832876,48.501764],[39.832849,48.501764]]]}},{"type":"Feature","properties":{"cadnum":"4421483000:05:006:0013"},"geometry":{"type":"Polygon","coordinates":[[[39.832413,48.501222],[39.832413,48.501237],[39.83244,48.501237],[39.83244,48.501222],[39.832413,48.501222]]]}},{"type":"Feature","properties":{"cadnum":"4421483000:05:006:0066"},"geometry":{"type":"Polygon","coordinates":[[[39.831507,48.501826],[39.831511,48.502149],[39.831524,48.502984],[39.833155,48.503004],[39.833145,48.502468],[39.832742,48.502472],[39.832735,48.502036],[39.832735,48.502035],[39.832732,48.50182],[39.831507,48.501826]]]}},{"type":"Feature","properties":{"cadnum":"4421483000:05:006:0014"},"geometry":{"type":"Polygon","coordinates":[[[39.833402,48.501096],[39.833402,48.501111],[39.833428,48.501111],[39.833428,48.501096],[39.833402,48.501096]]]}},{"type":"Feature","properties":{"cadnum":"4421483000:05:006:0032"},"geometry":{"type":"Polygon","coordinates":[[[39.83253,48.501555],[39.83253,48.50157],[39.832557,48.50157],[39.832557,48.501555],[39.83253,48.501555]]]}},{"type":"Feature","properties":{"cadnum":"4421483000:05:006:0012"},"geometry":{"type":"Polygon","coordinates":[[[39.831336,48.501403],[39.831363,48.5014],[39.831363,48.501385],[39.831336,48.501385],[39.831336,48.501403]]]}},{"type":"Feature","properties":{"cadnum":"4421483000:05:007:0016"},"geometry":{"type":"Polygon","coordinates":[[[39.836375,48.500647],[39.836375,48.500665],[39.836402,48.500665],[39.836402,48.500647],[39.836375,48.500647]]]}},{"type":"Feature","properties":{"cadnum":"4421483000:05:007:0001"},"geometry":{"type":"Polygon","coordinates":[[[39.836375,48.501284],[39.836398,48.501361],[39.836512,48.501346],[39.837036,48.501275],[39.836977,48.501087],[39.83647,48.501159],[39.836501,48.501266],[39.836375,48.501284]]]}},{"type":"Feature","properties":{"cadnum":"4421483000:05:007:0015"},"geometry":{"type":"Polygon","coordinates":[[[39.835455,48.50084],[39.835472,48.500895],[39.835553,48.500879],[39.835535,48.500829],[39.835455,48.50084]]]}},{"type":"Feature","properties":{"cadnum":"4421483000:05:007:0013"},"geometry":{"type":"Polygon","coordinates":[[[39.834434,48.500963],[39.834462,48.500963],[39.834462,48.500945],[39.834434,48.500948],[39.834434,48.500963]]]}},{"type":"Feature","properties":{"cadnum":"4421483000:05:007:0014"},"geometry":{"type":"Polygon","coordinates":[[[39.835342,48.500814],[39.835342,48.500831],[39.835369,48.500831],[39.835369,48.500814],[39.835342,48.500814]]]}},{"type":"Feature","properties":{"cadnum":"4421483000:10:003:0035"},"geometry":{"type":"Polygon","coordinates":[[[39.710013,48.47383],[39.710169,48.473913],[39.710732,48.474212],[39.711615,48.472909],[39.711614,48.472909],[39.713818,48.469659],[39.713068,48.469331],[39.71056,48.473023],[39.710561,48.473023],[39.710013,48.47383]]]}},{"type":"Feature","properties":{"cadnum":"4421483000:08:001:0024"},"geometry":{"type":"Polygon","coordinates":[[[39.662269,48.489789],[39.662269,48.489807],[39.662295,48.489807],[39.662295,48.489789],[39.662269,48.489789]]]}},{"type":"Feature","properties":{"cadnum":"4421483000:08:001:0022"},"geometry":{"type":"Polygon","coordinates":[[[39.662043,48.490801],[39.662043,48.490819],[39.662066,48.490819],[39.662066,48.490801],[39.662043,48.490801]]]}},{"type":"Feature","properties":{"cadnum":"4421483000:08:001:0023"},"geometry":{"type":"Polygon","coordinates":[[[39.662156,48.490313],[39.662183,48.49031],[39.662183,48.490295],[39.662156,48.490295],[39.662156,48.490313]]]}},{"type":"Feature","properties":{"cadnum":"4421483000:08:001:0081"},"geometry":{"type":"Polygon","coordinates":[[[39.661496,48.491572],[39.661801,48.491694],[39.662462,48.491647],[39.663144,48.491519],[39.663471,48.491217],[39.66362,48.491081],[39.66362,48.49108],[39.66441,48.491016],[39.665236,48.490188],[39.665605,48.489361],[39.665363,48.489068],[39.66394,48.489211],[39.662808,48.489087],[39.662628,48.489866],[39.662493,48.490369],[39.66229,48.490751],[39.662001,48.491115],[39.662,48.491115],[39.661972,48.491152],[39.661911,48.491229],[39.661904,48.491239],[39.661514,48.49142],[39.661496,48.491572]]]}},{"type":"Feature","properties":{"cadnum":"4421483000:08:001:0025"},"geometry":{"type":"Polygon","coordinates":[[[39.66238,48.489286],[39.662385,48.489301],[39.662408,48.489301],[39.662408,48.489283],[39.66238,48.489286]]]}},{"type":"Feature","properties":{"cadnum":"4421483000:02:004:0015"},"geometry":{"type":"Polygon","coordinates":[[[39.842799,48.527053],[39.843117,48.527042],[39.845262,48.527507],[39.847498,48.527992],[39.849015,48.528321],[39.849279,48.528054],[39.850224,48.527514],[39.850263,48.527491],[39.851296,48.526866],[39.851543,48.526629],[39.847407,48.525731],[39.843944,48.524978],[39.842799,48.527053]]]}},{"type":"Feature","properties":{"cadnum":"4421483000:02:005:0001"},"geometry":{"type":"Polygon","coordinates":[[[39.849755,48.528482],[39.851651,48.528856],[39.852819,48.528095],[39.852842,48.528081],[39.852991,48.527983],[39.853129,48.527893],[39.852874,48.527769],[39.852337,48.527507],[39.851688,48.527191],[39.851206,48.527494],[39.851186,48.527507],[39.851122,48.527551],[39.851018,48.527621],[39.851019,48.527621],[39.849755,48.528482]]]}},{"type":"Feature","properties":{"cadnum":"4421483000:02:004:0009"},"geometry":{"type":"Polygon","coordinates":[[[39.843359,48.533821],[39.845417,48.532491],[39.84724,48.531738],[39.847326,48.531562],[39.847357,48.531499],[39.847498,48.531209],[39.847498,48.531207],[39.847577,48.531046],[39.849095,48.528387],[39.847498,48.528042],[39.847498,48.528041],[39.846661,48.52786],[39.846118,48.528836],[39.845673,48.529645],[39.844778,48.531259],[39.844401,48.531941],[39.843359,48.533821]]]}},{"type":"Feature","properties":{"cadnum":"4421483000:02:001:0006"},"geometry":{"type":"Polygon","coordinates":[[[39.799997,48.543236],[39.803553,48.54313],[39.809046,48.542966],[39.809046,48.542965],[39.809435,48.542954],[39.809412,48.542098],[39.808874,48.542114],[39.806998,48.542171],[39.807003,48.542171],[39.803381,48.54228],[39.800259,48.542374],[39.799997,48.543236]]]}},{"type":"Feature","properties":{"cadnum":"4421483000:02:001:0007"},"geometry":{"type":"Polygon","coordinates":[[[39.800259,48.542374],[39.803553,48.542275],[39.809046,48.542109],[39.809412,48.542098],[39.80939,48.541196],[39.809046,48.541207],[39.806305,48.541289],[39.806305,48.541532],[39.806304,48.541532],[39.803432,48.541592],[39.801309,48.541636],[39.801301,48.54108],[39.801597,48.539588],[39.801597,48.539587],[39.801561,48.539564],[39.801426,48.539596],[39.800928,48.540174],[39.80059,48.541107],[39.80042,48.541842],[39.800319,48.542171],[39.80032,48.542171],[39.800259,48.542374]],[[39.803047,48.541681],[39.802993,48.541681],[39.802993,48.541645],[39.803047,48.541645],[39.803047,48.541681]]]}},{"type":"Feature","properties":{"cadnum":"4421483000:02:001:0003"},"geometry":{"type":"Polygon","coordinates":[[[39.799238,48.545773],[39.799706,48.545761],[39.803381,48.54565],[39.808874,48.545483],[39.808992,48.545479],[39.809046,48.545478],[39.809498,48.545464],[39.809475,48.544619],[39.809046,48.544633],[39.803553,48.5448],[39.803553,48.544799],[39.799494,48.544922],[39.799262,48.545694],[39.799261,48.545694],[39.799238,48.545773]]]}},{"type":"Feature","properties":{"cadnum":"4421483000:01:004:0056"},"geometry":{"type":"Polygon","coordinates":[[[39.803551,48.510265],[39.805173,48.510982],[39.805383,48.510804],[39.805863,48.510384],[39.805918,48.51034],[39.804297,48.509623],[39.803551,48.510265]]]}},{"type":"Feature","properties":{"cadnum":"4421483000:01:004:0051"},"geometry":{"type":"Polygon","coordinates":[[[39.803416,48.5125],[39.803469,48.512512],[39.803553,48.512528],[39.803553,48.512527],[39.80585,48.512952],[39.805853,48.512953],[39.805853,48.512954],[39.806044,48.513059],[39.806059,48.513067],[39.806726,48.513434],[39.806849,48.512954],[39.806849,48.512953],[39.806911,48.512715],[39.807117,48.512473],[39.804691,48.511399],[39.804292,48.511744],[39.803416,48.5125]]]}},{"type":"Feature","properties":{"cadnum":"4421483000:01:004:0053"},"geometry":{"type":"Polygon","coordinates":[[[39.805383,48.510804],[39.807741,48.511848],[39.807836,48.511759],[39.808051,48.511352],[39.805863,48.510384],[39.805383,48.510804]]]}},{"type":"Feature","properties":{"cadnum":"4421483000:01:004:0055"},"geometry":{"type":"Polygon","coordinates":[[[39.80267,48.511027],[39.803553,48.511418],[39.804292,48.511744],[39.804691,48.511399],[39.805173,48.510982],[39.803551,48.510265],[39.80267,48.511027]]]}},{"type":"Feature","properties":{"cadnum":"4421483000:01:004:0052"},"geometry":{"type":"Polygon","coordinates":[[[39.804691,48.511399],[39.807117,48.512473],[39.807741,48.511848],[39.805383,48.510804],[39.805173,48.510982],[39.804691,48.511399]]]}},{"type":"Feature","properties":{"cadnum":"4421483000:01:003:0039"},"geometry":{"type":"Polygon","coordinates":[[[39.799697,48.508218],[39.80243,48.509428],[39.802431,48.509428],[39.803381,48.509849],[39.803758,48.510015],[39.804537,48.509339],[39.804794,48.509116],[39.803381,48.508492],[39.800695,48.507305],[39.799697,48.508218]]]}},{"type":"Feature","properties":{"cadnum":"4421483000:01:003:0151"},"geometry":{"type":"Polygon","coordinates":[[[39.801053,48.509625],[39.803137,48.510548],[39.803381,48.510338],[39.803731,48.510036],[39.803381,48.509881],[39.803381,48.509882],[39.802103,48.509315],[39.802103,48.509314],[39.801624,48.509102],[39.801393,48.509314],[39.801393,48.509315],[39.801392,48.509315],[39.801304,48.509395],[39.801269,48.509428],[39.801171,48.509519],[39.801053,48.509625]]]}},{"type":"Feature","properties":{"cadnum":"4421483000:01:004:0057"},"geometry":{"type":"Polygon","coordinates":[[[39.804297,48.509623],[39.805918,48.51034],[39.806754,48.509617],[39.806754,48.509614],[39.80617,48.509356],[39.805136,48.5089],[39.804654,48.509314],[39.804654,48.509315],[39.804297,48.509623]]]}},{"type":"Feature","properties":{"cadnum":"4421483000:01:001:0025"},"geometry":{"type":"Polygon","coordinates":[[[39.762399,48.524585],[39.762826,48.526473],[39.764929,48.526214],[39.764929,48.526215],[39.765067,48.526197],[39.7651,48.526194],[39.7651,48.526193],[39.765101,48.526193],[39.766954,48.525962],[39.767793,48.525861],[39.767583,48.525555],[39.766719,48.524052],[39.765101,48.524252],[39.7651,48.524252],[39.762399,48.524585]],[[39.763801,48.525564],[39.763801,48.525599],[39.763746,48.525599],[39.763746,48.525564],[39.763801,48.525564]]]}},{"type":"Feature","properties":{"cadnum":"4421483000:01:001:0038"},"geometry":{"type":"Polygon","coordinates":[[[39.763635,48.52424],[39.763635,48.52427],[39.763679,48.52427],[39.763679,48.52424],[39.763635,48.52424]]]}},{"type":"Feature","properties":{"cadnum":"4421483000:01:001:0036"},"geometry":{"type":"Polygon","coordinates":[[[39.763904,48.526706],[39.763904,48.526733],[39.763948,48.526733],[39.763948,48.526706],[39.763904,48.526706]]]}},{"type":"Feature","properties":{"cadnum":"4421483000:08:001:0103"},"geometry":{"type":"Polygon","coordinates":[[[39.679997,48.485354],[39.680949,48.485731],[39.681995,48.484198],[39.681353,48.483834],[39.681352,48.483834],[39.681119,48.483701],[39.681029,48.483834],[39.681028,48.483834],[39.679997,48.485354]]]}},{"type":"Feature","properties":{"cadnum":"4421483000:08:001:0105"},"geometry":{"type":"Polygon","coordinates":[[[39.681991,48.486142],[39.682531,48.486358],[39.682647,48.486404],[39.682703,48.486426],[39.68279,48.486461],[39.683029,48.486556],[39.684138,48.484928],[39.683532,48.484752],[39.683037,48.484603],[39.682561,48.485304],[39.681991,48.486142]]]}},{"type":"Feature","properties":{"cadnum":"4421483000:06:002:0016"},"geometry":{"type":"Polygon","coordinates":[[[39.801318,48.479729],[39.801367,48.480306],[39.801669,48.483833],[39.801669,48.483834],[39.801668,48.483834],[39.801821,48.485606],[39.802854,48.485103],[39.803553,48.484831],[39.803869,48.484707],[39.803794,48.483834],[39.803553,48.481009],[39.803553,48.481005],[39.803483,48.480192],[39.803381,48.478996],[39.803381,48.478997],[39.803299,48.478038],[39.802836,48.478291],[39.802343,48.478648],[39.801997,48.479054],[39.80201,48.479416],[39.80188,48.479563],[39.801439,48.479703],[39.801318,48.479729]]]}},{"type":"Feature","properties":{"cadnum":"4421483000:05:003:0016"},"geometry":{"type":"Polygon","coordinates":[[[39.811999,48.50607],[39.81204,48.506067],[39.81204,48.506039],[39.811999,48.506039],[39.811999,48.50607]]]}},{"type":"Feature","properties":{"cadnum":"4421483000:01:004:0048"},"geometry":{"type":"Polygon","coordinates":[[[39.811012,48.509751],[39.813522,48.510212],[39.813639,48.510057],[39.81402,48.509548],[39.813289,48.509509],[39.811411,48.509335],[39.81133,48.509328],[39.811253,48.509428],[39.811254,48.509428],[39.811012,48.509751]]]}},{"type":"Feature","properties":{"cadnum":"4421483000:05:003:0015"},"geometry":{"type":"Polygon","coordinates":[[[39.813765,48.50659],[39.813809,48.506588],[39.813809,48.50656],[39.813765,48.50656],[39.813765,48.50659]]]}},{"type":"Feature","properties":{"cadnum":"4421483000:01:001:0027"},"geometry":{"type":"Polygon","coordinates":[[[39.761388,48.520131],[39.76141,48.520231],[39.761426,48.520301],[39.761435,48.520345],[39.761436,48.520345],[39.761868,48.522255],[39.764929,48.521879],[39.764929,48.52188],[39.765089,48.52186],[39.7651,48.521858],[39.765101,48.521858],[39.765493,48.521809],[39.765117,48.521024],[39.76495,48.520438],[39.76483,48.520231],[39.764829,48.520231],[39.763876,48.518588],[39.761388,48.520131]],[[39.765004,48.520893],[39.76495,48.520893],[39.76495,48.520857],[39.765004,48.520857],[39.765004,48.520893]],[[39.763387,48.521681],[39.763386,48.521681],[39.763333,48.521681],[39.763333,48.521646],[39.763386,48.521642],[39.763387,48.521642],[39.763387,48.521643],[39.763387,48.521681]]]}},{"type":"Feature","properties":{"cadnum":"4421483000:01:003:0002"},"geometry":{"type":"Polygon","coordinates":[[[39.7661,48.522469],[39.766967,48.523983],[39.766968,48.523983],[39.76783,48.525483],[39.768552,48.526524],[39.768736,48.526724],[39.770422,48.525855],[39.770546,48.525791],[39.770594,48.525766],[39.770681,48.525721],[39.770744,48.525688],[39.770422,48.525281],[39.769397,48.523983],[39.767631,48.521744],[39.766554,48.522297],[39.7661,48.522469]],[[39.767147,48.524026],[39.76716,48.524017],[39.767178,48.524017],[39.767191,48.524026],[39.767187,48.524037],[39.767168,48.524043],[39.767151,48.524041],[39.767147,48.524026]]]}},{"type":"Feature","properties":{"cadnum":"4421483000:01:003:0020"},"geometry":{"type":"Polygon","coordinates":[[[39.766271,48.520334],[39.766271,48.520361],[39.766316,48.520361],[39.766316,48.520334],[39.766271,48.520334]]]}},{"type":"Feature","properties":{"cadnum":"4421483000:14:002:0002"},"geometry":{"type":"Polygon","coordinates":[[[39.761805,48.489304],[39.762233,48.48948],[39.764442,48.489313],[39.764929,48.489633],[39.76504,48.489706],[39.7651,48.489746],[39.765101,48.489746],[39.765696,48.490137],[39.766306,48.49014],[39.764929,48.488922],[39.764146,48.488229],[39.761805,48.489304]]]}},{"type":"Feature","properties":{"cadnum":"4421483000:10:006:0067"},"geometry":{"type":"Polygon","coordinates":[[[39.764235,48.489372],[39.764929,48.490206],[39.764929,48.490207],[39.765143,48.490465],[39.76522,48.490465],[39.76548,48.490879],[39.765436,48.491229],[39.765437,48.491229],[39.765377,48.491715],[39.766298,48.491751],[39.766949,48.491415],[39.766718,48.491115],[39.766603,48.490965],[39.765993,48.490985],[39.765992,48.490985],[39.766423,48.49056],[39.766981,48.490363],[39.767614,48.490343],[39.7676,48.490188],[39.765673,48.490182],[39.764929,48.489699],[39.764929,48.4897],[39.764402,48.489357],[39.764235,48.489372]]]}},{"type":"Feature","properties":{"cadnum":"4421483000:11:003:0062"},"geometry":{"type":"Polygon","coordinates":[[[39.698205,48.498835],[39.699183,48.499012],[39.699183,48.499011],[39.703927,48.499867],[39.704504,48.50011],[39.705275,48.500433],[39.706588,48.498396],[39.707355,48.497207],[39.706969,48.496153],[39.704504,48.495746],[39.704504,48.495747],[39.702692,48.495448],[39.701772,48.495558],[39.70082,48.496489],[39.700361,48.496766],[39.699297,48.49729],[39.69902,48.497681],[39.698515,48.498396],[39.698506,48.498408],[39.698434,48.498509],[39.698434,48.49851],[39.698205,48.498835]]]}},{"type":"Feature","properties":{"cadnum":"4421483000:07:002:0019"},"geometry":{"type":"Polygon","coordinates":[[[39.824998,48.490965],[39.825354,48.490926],[39.825354,48.490927],[39.831018,48.490305],[39.831018,48.490304],[39.831019,48.490304],[39.835486,48.489813],[39.835518,48.489306],[39.835832,48.489259],[39.835805,48.488836],[39.830847,48.489382],[39.825354,48.489985],[39.825354,48.489986],[39.825111,48.490012],[39.824998,48.490965]]]}},{"type":"Feature","properties":{"cadnum":"4421483000:07:002:0021"},"geometry":{"type":"Polygon","coordinates":[[[39.825214,48.489083],[39.825354,48.489068],[39.825378,48.489066],[39.825525,48.48905],[39.825525,48.489049],[39.831018,48.488446],[39.831019,48.488446],[39.835782,48.487922],[39.835778,48.487779],[39.835692,48.487747],[39.835692,48.487746],[39.835719,48.487651],[39.835782,48.487631],[39.835784,48.487572],[39.835801,48.48717],[39.834965,48.487211],[39.832573,48.487475],[39.832367,48.487497],[39.831539,48.487588],[39.830847,48.487665],[39.825466,48.488257],[39.825308,48.488274],[39.825214,48.489083]]]}},{"type":"Feature","properties":{"cadnum":"4421483000:10:003:0002"},"geometry":{"type":"Polygon","coordinates":[[[39.6971,48.465096],[39.698103,48.465625],[39.698152,48.465651],[39.698319,48.465739],[39.699011,48.466103],[39.699011,48.466104],[39.700945,48.467122],[39.701403,48.466764],[39.701952,48.46624],[39.702346,48.465906],[39.702549,48.46569],[39.702652,48.465582],[39.702656,48.465576],[39.699183,48.463748],[39.699183,48.463747],[39.698973,48.463637],[39.698771,48.46378],[39.6971,48.465096]],[[39.699616,48.465429],[39.699616,48.46543],[39.699616,48.465484],[39.699535,48.465486],[39.699535,48.46543],[39.699535,48.465429],[39.699616,48.465429]],[[39.698507,48.465427],[39.698377,48.46531],[39.698438,48.465242],[39.698529,48.465284],[39.698673,48.465349],[39.698708,48.4654],[39.69895,48.46554],[39.698944,48.465625],[39.698942,48.465625],[39.698942,48.465641],[39.698767,48.465674],[39.698543,48.465537],[39.698507,48.465427]]]}},{"type":"Feature","properties":{"cadnum":"4421483000:10:003:0003"},"geometry":{"type":"Polygon","coordinates":[[[39.696966,48.462824],[39.698771,48.46378],[39.698973,48.463637],[39.699011,48.463656],[39.699011,48.463657],[39.702656,48.465576],[39.702872,48.465317],[39.703029,48.465195],[39.703927,48.46467],[39.702315,48.463786],[39.701386,48.463321],[39.700828,48.463068],[39.69917,48.462181],[39.698786,48.461983],[39.698785,48.461983],[39.69843,48.461799],[39.698067,48.461957],[39.698034,48.461983],[39.698033,48.461983],[39.697947,48.46205],[39.697888,48.462096],[39.697889,48.462096],[39.697889,48.462097],[39.696966,48.462824]]]}},{"type":"Feature","properties":{"cadnum":"4421483000:08:001:0060"},"geometry":{"type":"Polygon","coordinates":[[[39.658787,48.476809],[39.658787,48.476827],[39.658814,48.476827],[39.658814,48.476809],[39.658787,48.476809]]]}},{"type":"Feature","properties":{"cadnum":"4421483000:08:001:0061"},"geometry":{"type":"Polygon","coordinates":[[[39.657934,48.476621],[39.657934,48.476639],[39.657957,48.476639],[39.657957,48.476621],[39.657934,48.476621]]]}},{"type":"Feature","properties":{"cadnum":"4421483000:08:001:0059"},"geometry":{"type":"Polygon","coordinates":[[[39.659649,48.476996],[39.659649,48.477014],[39.659676,48.477014],[39.659676,48.476996],[39.659649,48.476996]]]}},{"type":"Feature","properties":{"cadnum":"4421483000:08:001:0058"},"geometry":{"type":"Polygon","coordinates":[[[39.660502,48.477184],[39.660502,48.477198],[39.660525,48.477198],[39.660525,48.477184],[39.660502,48.477184]]]}},{"type":"Feature","properties":{"cadnum":"4421483000:01:002:0046"},"geometry":{"type":"Polygon","coordinates":[[[39.787327,48.534439],[39.792395,48.534502],[39.796229,48.534549],[39.797141,48.533568],[39.792395,48.533509],[39.792395,48.53351],[39.788235,48.533458],[39.787327,48.534439]]]}},{"type":"Feature","properties":{"cadnum":"4421483000:11:001:0047"},"geometry":{"type":"Polygon","coordinates":[[[39.72091,48.511408],[39.720983,48.511411],[39.720984,48.511411],[39.721103,48.511416],[39.721155,48.511418],[39.722365,48.511467],[39.722397,48.511158],[39.722541,48.509834],[39.724804,48.509319],[39.724871,48.509304],[39.725038,48.509268],[39.725191,48.507864],[39.724382,48.508048],[39.722693,48.508426],[39.722743,48.508518],[39.722554,48.508668],[39.722347,48.508691],[39.72113,48.508691],[39.721126,48.509314],[39.721126,48.509315],[39.721126,48.50961],[39.721081,48.510218],[39.721018,48.510828],[39.72091,48.511408]]]}},{"type":"Feature","properties":{"cadnum":"4421483000:11:001:0008"},"geometry":{"type":"Polygon","coordinates":[[[39.722837,48.507188],[39.725097,48.507837],[39.725663,48.507706],[39.726648,48.507537],[39.728087,48.50729],[39.728047,48.507144],[39.728097,48.506647],[39.726477,48.506667],[39.722887,48.506709],[39.722837,48.507188]]]}},{"type":"Feature","properties":{"cadnum":"4421483000:11:001:0007"},"geometry":{"type":"Polygon","coordinates":[[[39.724871,48.509304],[39.726648,48.509285],[39.727818,48.509272],[39.727913,48.50845],[39.728007,48.507715],[39.728083,48.507338],[39.726477,48.507614],[39.72568,48.507751],[39.725191,48.507864],[39.725038,48.509268],[39.724871,48.509304]]]}},{"type":"Feature","properties":{"cadnum":"4421483000:02:004:0014"},"geometry":{"type":"Polygon","coordinates":[[[39.83872,48.51967],[39.842005,48.519567],[39.846944,48.519411],[39.847326,48.51872],[39.847491,48.518421],[39.846634,48.518061],[39.845969,48.51881],[39.845969,48.518811],[39.842005,48.517262],[39.842005,48.517261],[39.840585,48.516706],[39.83969,48.516356],[39.839621,48.516592],[39.83962,48.516592],[39.838761,48.519551],[39.83872,48.51967]]]}},{"type":"Feature","properties":{"cadnum":"4421483000:02:005:0011"},"geometry":{"type":"Polygon","coordinates":[[[39.846055,48.517433],[39.847498,48.517984],[39.847527,48.517995],[39.848105,48.516706],[39.848256,48.516371],[39.847405,48.516218],[39.846661,48.516082],[39.846432,48.516592],[39.846055,48.517433]]]}},{"type":"Feature","properties":{"cadnum":"4421483000:02:005:0009"},"geometry":{"type":"Polygon","coordinates":[[[39.842075,48.515891],[39.842749,48.516169],[39.843853,48.516592],[39.843899,48.51661],[39.844149,48.516706],[39.84415,48.516706],[39.844208,48.516728],[39.844242,48.516651],[39.844694,48.515654],[39.843082,48.515124],[39.842506,48.514928],[39.842075,48.515891]]]}},{"type":"Feature","properties":{"cadnum":"4421483000:01:003:0089"},"geometry":{"type":"Polygon","coordinates":[[[39.779979,48.515505],[39.780928,48.516706],[39.781363,48.517254],[39.781408,48.517228],[39.781443,48.517207],[39.78158,48.517132],[39.78158,48.517131],[39.782059,48.516865],[39.781881,48.51664],[39.781408,48.516042],[39.780684,48.515124],[39.779979,48.515505]]]}},{"type":"Feature","properties":{"cadnum":"4421483000:01:003:0090"},"geometry":{"type":"Polygon","coordinates":[[[39.780684,48.515124],[39.78158,48.516259],[39.781843,48.516592],[39.781881,48.51664],[39.781933,48.516706],[39.782059,48.516865],[39.782546,48.516592],[39.782545,48.516592],[39.782728,48.51649],[39.78158,48.515032],[39.781363,48.514755],[39.780684,48.515124]]]}},{"type":"Feature","properties":{"cadnum":"4421483000:01:003:0130"},"geometry":{"type":"Polygon","coordinates":[[[39.786118,48.520107],[39.786842,48.520123],[39.786901,48.52016],[39.787014,48.520231],[39.787085,48.520275],[39.787195,48.520345],[39.787196,48.520345],[39.787606,48.520601],[39.787901,48.520345],[39.787902,48.520345],[39.788994,48.5194],[39.788733,48.519203],[39.787898,48.518566],[39.786901,48.51943],[39.786118,48.520107]]]}},{"type":"Feature","properties":{"cadnum":"4421483000:01:003:0131"},"geometry":{"type":"Polygon","coordinates":[[[39.784969,48.519763],[39.785774,48.520099],[39.786118,48.520107],[39.787073,48.519281],[39.787898,48.518566],[39.787076,48.517942],[39.786903,48.518091],[39.784969,48.519763]]]}},{"type":"Feature","properties":{"cadnum":"4421483000:06:002:0001"},"geometry":{"type":"Polygon","coordinates":[[[39.78686,48.484906],[39.786901,48.484929],[39.786901,48.48493],[39.788841,48.485996],[39.788854,48.486005],[39.788677,48.483947],[39.788678,48.483947],[39.788648,48.483582],[39.788594,48.483602],[39.788378,48.483746],[39.788285,48.483834],[39.788284,48.483834],[39.788209,48.483905],[39.788165,48.483947],[39.788165,48.483948],[39.788127,48.483984],[39.787885,48.484154],[39.787884,48.484154],[39.786999,48.484481],[39.7869,48.484517],[39.78686,48.484906]]]}},{"type":"Feature","properties":{"cadnum":"4421483000:13:002:0048"},"geometry":{"type":"Polygon","coordinates":[[[39.796305,48.499647],[39.797519,48.501299],[39.797888,48.501219],[39.797888,48.50122],[39.798416,48.501105],[39.797985,48.500519],[39.797514,48.499876],[39.796535,48.499668],[39.796305,48.499647]],[[39.797267,48.500712],[39.797267,48.500749],[39.797213,48.500749],[39.797213,48.500712],[39.797267,48.500712]]]}},{"type":"Feature","properties":{"cadnum":"4421483000:05:005:0006"},"geometry":{"type":"Polygon","coordinates":[[[39.799877,48.498597],[39.800299,48.498828],[39.800653,48.49854],[39.800691,48.498509],[39.800972,48.498284],[39.800479,48.498005],[39.800366,48.498189],[39.800117,48.498396],[39.800096,48.498413],[39.79998,48.498509],[39.799981,48.498509],[39.799981,48.49851],[39.799877,48.498597]]]}},{"type":"Feature","properties":{"cadnum":"4421483000:05:005:0007"},"geometry":{"type":"Polygon","coordinates":[[[39.799328,48.498415],[39.799329,48.498416],[39.799493,48.498509],[39.799494,48.498509],[39.800177,48.498897],[39.800272,48.498823],[39.79985,48.49859],[39.800031,48.49844],[39.800339,48.498183],[39.800452,48.497998],[39.800479,48.497957],[39.80095,48.497656],[39.800595,48.497454],[39.799354,48.498396],[39.799328,48.498415]]]}},{"type":"Feature","properties":{"cadnum":"4421483000:11:002:0006"},"geometry":{"type":"Polygon","coordinates":[[[39.742798,48.499492],[39.742798,48.49951],[39.742825,48.49951],[39.742825,48.499492],[39.742798,48.499492]]]}},{"type":"Feature","properties":{"cadnum":"4421483000:11:002:0008"},"geometry":{"type":"Polygon","coordinates":[[[39.741343,48.499728],[39.741343,48.499743],[39.741364,48.499743],[39.741364,48.499728],[39.741343,48.499728]]]}},{"type":"Feature","properties":{"cadnum":"4421483000:11:002:0011"},"geometry":{"type":"Polygon","coordinates":[[[39.739066,48.500064],[39.739066,48.500079],[39.739092,48.500079],[39.739087,48.500061],[39.739066,48.500064]]]}},{"type":"Feature","properties":{"cadnum":"4421483000:11:002:0009"},"geometry":{"type":"Polygon","coordinates":[[[39.740561,48.499841],[39.740561,48.499858],[39.740588,48.499858],[39.740588,48.499841],[39.740561,48.499841]]]}},{"type":"Feature","properties":{"cadnum":"4421483000:11:001:0063"},"geometry":{"type":"Polygon","coordinates":[[[39.739092,48.502212],[39.739512,48.502036],[39.739512,48.502035],[39.741163,48.501341],[39.74124,48.49999],[39.740391,48.500132],[39.739658,48.500293],[39.7392,48.500379],[39.739102,48.502035],[39.739102,48.502036],[39.739102,48.502038],[39.739095,48.502149],[39.739096,48.502149],[39.739092,48.502212]]]}},{"type":"Feature","properties":{"cadnum":"4421483000:11:001:0064"},"geometry":{"type":"Polygon","coordinates":[[[39.741163,48.501341],[39.742915,48.500602],[39.742956,48.500585],[39.745691,48.499433],[39.745717,48.499421],[39.745268,48.499514],[39.744886,48.499564],[39.744783,48.49954],[39.744666,48.499546],[39.74358,48.499591],[39.743083,48.499676],[39.74124,48.49999],[39.741163,48.501341]]]}},{"type":"Feature","properties":{"cadnum":"4421483000:11:002:0007"},"geometry":{"type":"Polygon","coordinates":[[[39.742052,48.499611],[39.742052,48.499629],[39.742079,48.499629],[39.742079,48.499611],[39.742052,48.499611]]]}},{"type":"Feature","properties":{"cadnum":"4421483000:11:002:0010"},"geometry":{"type":"Polygon","coordinates":[[[39.739815,48.499951],[39.739815,48.499969],[39.739838,48.499969],[39.739838,48.499951],[39.739815,48.499951]]]}},{"type":"Feature","properties":{"cadnum":"4421483000:11:002:0012"},"geometry":{"type":"Polygon","coordinates":[[[39.738311,48.500174],[39.738311,48.500192],[39.738337,48.500192],[39.738337,48.500174],[39.738311,48.500174]]]}},{"type":"Feature","properties":{"cadnum":"4421483000:11:002:0025"},"geometry":{"type":"Polygon","coordinates":[[[39.737507,48.500242],[39.737529,48.500311],[39.737628,48.500296],[39.737619,48.500278],[39.737552,48.500287],[39.737551,48.500287],[39.737534,48.50024],[39.737507,48.500242]]]}},{"type":"Feature","properties":{"cadnum":"4421483000:14:002:0023"},"geometry":{"type":"Polygon","coordinates":[[[39.737651,48.47298],[39.737715,48.473023],[39.738077,48.473268],[39.739011,48.473881],[39.740141,48.472909],[39.742956,48.470492],[39.742956,48.470493],[39.744382,48.469267],[39.745089,48.468661],[39.743364,48.468074],[39.743128,48.468277],[39.741972,48.469267],[39.741958,48.469279],[39.741839,48.469381],[39.741787,48.469426],[39.737733,48.472909],[39.737732,48.472909],[39.737731,48.472909],[39.737651,48.47298]]]}},{"type":"Feature","properties":{"cadnum":"4421483000:06:003:0039"},"geometry":{"type":"Polygon","coordinates":[[[39.798026,48.467765],[39.798165,48.469131],[39.798179,48.469267],[39.798185,48.469322],[39.798191,48.469381],[39.798206,48.46951],[39.803381,48.469283],[39.804925,48.469215],[39.804731,48.467333],[39.803381,48.467402],[39.803272,48.467407],[39.800119,48.467598],[39.798699,48.467726],[39.798632,48.467732],[39.798026,48.467765]]]}},{"type":"Feature","properties":{"cadnum":"4421483000:06:003:0038"},"geometry":{"type":"Polygon","coordinates":[[[39.798206,48.46951],[39.7983,48.470436],[39.798395,48.471342],[39.803553,48.471116],[39.803553,48.471115],[39.805114,48.471047],[39.804997,48.469945],[39.80494,48.469381],[39.804941,48.469381],[39.804925,48.469215],[39.803742,48.469267],[39.80373,48.469267],[39.803553,48.469275],[39.80114,48.469381],[39.798206,48.46951]]]}},{"type":"Feature","properties":{"cadnum":"4421483000:10:002:0001"},"geometry":{"type":"Polygon","coordinates":[[[39.688742,48.482611],[39.69149,48.482954],[39.691585,48.482957],[39.693689,48.483214],[39.693876,48.483236],[39.693884,48.483255],[39.694253,48.483299],[39.694249,48.483734],[39.695059,48.483833],[39.695059,48.483834],[39.697761,48.484165],[39.697765,48.484041],[39.697771,48.483929],[39.697837,48.482874],[39.693689,48.48237],[39.693689,48.482369],[39.688876,48.481784],[39.688742,48.482611]]]}},{"type":"Feature","properties":{"cadnum":"4421483000:10:002:0024"},"geometry":{"type":"Polygon","coordinates":[[[39.698457,48.481329],[39.699011,48.481407],[39.699011,48.481408],[39.704504,48.482184],[39.704504,48.482185],[39.707589,48.48262],[39.707728,48.481504],[39.704676,48.481072],[39.699183,48.480294],[39.698497,48.480197],[39.698494,48.480249],[39.698493,48.480259],[39.698489,48.480306],[39.69849,48.480306],[39.698484,48.480423],[39.698461,48.48098],[39.698457,48.481329]]]}},{"type":"Feature","properties":{"cadnum":"4421483000:02:005:0012"},"geometry":{"type":"Polygon","coordinates":[[[39.847527,48.517995],[39.848596,48.518405],[39.848745,48.518617],[39.849644,48.516621],[39.848256,48.516371],[39.848156,48.516592],[39.847527,48.517995]]]}},{"type":"Feature","properties":{"cadnum":"4421483000:04:001:0023"},"geometry":{"type":"Polygon","coordinates":[[[39.676116,48.27381],[39.676614,48.273842],[39.676672,48.273744],[39.676744,48.273523],[39.676582,48.273508],[39.676578,48.273534],[39.676552,48.273532],[39.676551,48.273532],[39.676551,48.273531],[39.676561,48.273508],[39.676175,48.273474],[39.676116,48.27381]]]}},{"type":"Feature","properties":{"cadnum":"4421483000:06:002:0052"},"geometry":{"type":"Polygon","coordinates":[[[39.805056,48.496448],[39.805091,48.496582],[39.805747,48.496781],[39.805756,48.496781],[39.806174,48.495567],[39.806156,48.495558],[39.805559,48.495325],[39.805276,48.495781],[39.805056,48.496448]],[[39.805863,48.495793],[39.805837,48.495784],[39.805846,48.495766],[39.805877,48.495775],[39.805863,48.495793]]]}},{"type":"Feature","properties":{"cadnum":"4421483000:05:005:0011"},"geometry":{"type":"Polygon","coordinates":[[[39.8051,48.495695],[39.805123,48.495691],[39.805123,48.495677],[39.8051,48.495677],[39.8051,48.495695]]]}},{"type":"Feature","properties":{"cadnum":"4421483000:06:002:0054"},"geometry":{"type":"Polygon","coordinates":[[[39.806555,48.496944],[39.807031,48.497022],[39.807467,48.497067],[39.8078,48.496105],[39.807167,48.495924],[39.806934,48.495852],[39.806555,48.496944]],[[39.807544,48.496349],[39.807513,48.496344],[39.807526,48.496322],[39.807553,48.496331],[39.807544,48.496349]]]}},{"type":"Feature","properties":{"cadnum":"4421483000:06:002:0053"},"geometry":{"type":"Polygon","coordinates":[[[39.805756,48.496781],[39.806223,48.496891],[39.806555,48.496944],[39.806934,48.495852],[39.806574,48.495742],[39.806174,48.495567],[39.805756,48.496781]],[[39.806704,48.496073],[39.806678,48.496064],[39.806677,48.496064],[39.806691,48.496046],[39.806718,48.496055],[39.806704,48.496073]]]}},{"type":"Feature","properties":{"cadnum":"4421483000:05:005:0009"},"geometry":{"type":"Polygon","coordinates":[[[39.803488,48.49523],[39.80351,48.495239],[39.803551,48.495192],[39.803528,48.495183],[39.803488,48.49523]]]}},{"type":"Feature","properties":{"cadnum":"4421483000:05:005:0010"},"geometry":{"type":"Polygon","coordinates":[[[39.804284,48.495433],[39.804284,48.495448],[39.80431,48.495448],[39.80431,48.495433],[39.804284,48.495433]]]}},{"type":"Feature","properties":{"cadnum":"4421483000:06:002:0055"},"geometry":{"type":"Polygon","coordinates":[[[39.807467,48.497067],[39.807746,48.497096],[39.808419,48.497255],[39.808783,48.496194],[39.808339,48.496201],[39.807984,48.496156],[39.8078,48.496105],[39.807467,48.497067]],[[39.808259,48.496591],[39.808258,48.496591],[39.808231,48.496582],[39.80823,48.496582],[39.808244,48.496561],[39.808272,48.496569],[39.808272,48.49657],[39.808259,48.496591]]]}},{"type":"Feature","properties":{"cadnum":"4421483000:06:002:0056"},"geometry":{"type":"Polygon","coordinates":[[[39.808419,48.497255],[39.808874,48.497364],[39.808951,48.497382],[39.809046,48.497405],[39.809046,48.497404],[39.809205,48.497442],[39.809637,48.496183],[39.809046,48.496191],[39.808783,48.496194],[39.808419,48.497255]],[[39.80899,48.496834],[39.809003,48.496817],[39.809003,48.496816],[39.809031,48.496823],[39.809018,48.49684],[39.80899,48.496834]]]}},{"type":"Feature","properties":{"cadnum":"4421483000:13:001:0017"},"geometry":{"type":"Polygon","coordinates":[[[39.761681,48.511857],[39.76191,48.512953],[39.76191,48.512954],[39.76204,48.513568],[39.763199,48.51347],[39.76309,48.512954],[39.763089,48.512954],[39.762839,48.511759],[39.761681,48.511857]]]}},{"type":"Feature","properties":{"cadnum":"4421483000:10:001:0064"},"geometry":{"type":"Polygon","coordinates":[[[39.679201,48.470734],[39.680369,48.47172],[39.682035,48.471707],[39.682531,48.471686],[39.682531,48.471687],[39.682667,48.47168],[39.682703,48.471679],[39.682718,48.471678],[39.682952,48.471654],[39.682531,48.471299],[39.681255,48.470221],[39.681003,48.470325],[39.681002,48.470325],[39.680144,48.470469],[39.67961,48.470581],[39.679201,48.470734]]]}},{"type":"Feature","properties":{"cadnum":"4421483000:14:002:0042"},"geometry":{"type":"Polygon","coordinates":[[[39.760652,48.477502],[39.760939,48.477758],[39.761977,48.47727],[39.761868,48.477175],[39.761689,48.477014],[39.760652,48.477502]]]}},{"type":"Feature","properties":{"cadnum":"4421483000:14:002:0008"},"geometry":{"type":"Polygon","coordinates":[[[39.760742,48.48014],[39.76082,48.480192],[39.762421,48.481263],[39.764124,48.482406],[39.764856,48.482075],[39.763603,48.481224],[39.764281,48.480914],[39.764317,48.480899],[39.7651,48.481203],[39.765101,48.481203],[39.767285,48.482049],[39.76756,48.482022],[39.767969,48.481983],[39.767507,48.480306],[39.767508,48.480306],[39.76734,48.479696],[39.767084,48.479696],[39.765394,48.479679],[39.765042,48.479675],[39.764056,48.479663],[39.763027,48.479107],[39.760742,48.48014]]]}},{"type":"Feature","properties":{"cadnum":"4421483000:14:002:0038"},"geometry":{"type":"Polygon","coordinates":[[[39.761245,48.478142],[39.761599,48.478336],[39.762847,48.479012],[39.764124,48.478419],[39.763635,48.478116],[39.762696,48.477469],[39.761245,48.478142]]]}},{"type":"Feature","properties":{"cadnum":"4421483000:10:006:0041"},"geometry":{"type":"Polygon","coordinates":[[[39.745043,48.499153],[39.745066,48.49915],[39.745066,48.499135],[39.745043,48.499135],[39.745043,48.499153]]]}},{"type":"Feature","properties":{"cadnum":"4421483000:10:006:0038"},"geometry":{"type":"Polygon","coordinates":[[[39.747276,48.498778],[39.74728,48.498793],[39.747303,48.498793],[39.747303,48.498778],[39.747276,48.498778]]]}},{"type":"Feature","properties":{"cadnum":"4421483000:10:006:0039"},"geometry":{"type":"Polygon","coordinates":[[[39.74653,48.498915],[39.746557,48.498912],[39.746557,48.498897],[39.74653,48.498897],[39.74653,48.498915]]]}},{"type":"Feature","properties":{"cadnum":"4421483000:10:006:0037"},"geometry":{"type":"Polygon","coordinates":[[[39.748031,48.498656],[39.748031,48.498674],[39.748052,48.498674],[39.748052,48.498656],[39.748031,48.498656]]]}},{"type":"Feature","properties":{"cadnum":"4421483000:11:002:0005"},"geometry":{"type":"Polygon","coordinates":[[[39.743552,48.499391],[39.74358,48.499388],[39.74358,48.499373],[39.743552,48.499373],[39.743552,48.499391]]]}},{"type":"Feature","properties":{"cadnum":"4421483000:10:006:0040"},"geometry":{"type":"Polygon","coordinates":[[[39.745785,48.499034],[39.745811,48.499031],[39.745811,48.499016],[39.745785,48.499016],[39.745785,48.499034]]]}},{"type":"Feature","properties":{"cadnum":"4421483000:05:006:0031"},"geometry":{"type":"Polygon","coordinates":[[[39.828564,48.507186],[39.828641,48.507201],[39.828663,48.507147],[39.828582,48.507135],[39.828564,48.507186]]]}},{"type":"Feature","properties":{"cadnum":"4421483000:05:006:0067"},"geometry":{"type":"Polygon","coordinates":[[[39.829893,48.50748],[39.830136,48.507561],[39.830204,48.507483],[39.830298,48.507352],[39.830671,48.506742],[39.830801,48.506513],[39.830541,48.506492],[39.830038,48.507274],[39.829966,48.507388],[39.829893,48.50748]]]}},{"type":"Feature","properties":{"cadnum":"4421483000:05:006:0029"},"geometry":{"type":"Polygon","coordinates":[[[39.829013,48.506575],[39.829013,48.506593],[39.82904,48.506593],[39.82904,48.506575],[39.829013,48.506575]]]}},{"type":"Feature","properties":{"cadnum":"4421483000:05:006:0068"},"geometry":{"type":"Polygon","coordinates":[[[39.830541,48.506492],[39.830801,48.506513],[39.830847,48.506435],[39.830949,48.50626],[39.830702,48.506239],[39.830541,48.506492]]]}},{"type":"Feature","properties":{"cadnum":"4421483000:05:006:0030"},"geometry":{"type":"Polygon","coordinates":[[[39.828663,48.507025],[39.828744,48.507051],[39.828757,48.507031],[39.828681,48.507003],[39.828663,48.507025]]]}},{"type":"Feature","properties":{"cadnum":"4421483000:05:006:0028"},"geometry":{"type":"Polygon","coordinates":[[[39.829333,48.506138],[39.829333,48.506153],[39.829355,48.506153],[39.829355,48.506135],[39.829333,48.506138]]]}},{"type":"Feature","properties":{"cadnum":"4421483000:13:002:0003"},"geometry":{"type":"Polygon","coordinates":[[[39.767105,48.507864],[39.76754,48.509428],[39.767541,48.509428],[39.767618,48.509703],[39.767977,48.510831],[39.768306,48.511831],[39.768472,48.512259],[39.76866,48.512896],[39.768667,48.512953],[39.768667,48.512954],[39.768666,48.512954],[39.768679,48.51305],[39.768681,48.513067],[39.76879,48.513899],[39.768876,48.51447],[39.768872,48.514689],[39.76888,48.514877],[39.768799,48.514976],[39.768746,48.515062],[39.768679,48.515178],[39.769011,48.515059],[39.769019,48.515047],[39.769114,48.514931],[39.769114,48.514702],[39.769118,48.51446],[39.769033,48.51388],[39.768925,48.513055],[39.768903,48.512875],[39.768713,48.512232],[39.768543,48.5118],[39.768216,48.510798],[39.767856,48.50967],[39.767789,48.509428],[39.767348,48.507834],[39.767105,48.507864]]]}},{"type":"Feature","properties":{"cadnum":"4421483000:14:002:0022"},"geometry":{"type":"Polygon","coordinates":[[[39.739011,48.473881],[39.739429,48.474155],[39.740274,48.474742],[39.742406,48.472909],[39.742956,48.472438],[39.746646,48.469267],[39.747047,48.468923],[39.746333,48.468875],[39.745542,48.46878],[39.745209,48.4687],[39.745089,48.468661],[39.744249,48.469381],[39.743128,48.470345],[39.740008,48.473023],[39.740009,48.473023],[39.739011,48.473881]]]}},{"type":"Feature","properties":{"cadnum":"4421483000:06:003:0010"},"geometry":{"type":"Polygon","coordinates":[[[39.770619,48.472916],[39.770635,48.472926],[39.770803,48.473023],[39.775915,48.475991],[39.777077,48.476665],[39.779162,48.477875],[39.779246,48.4778],[39.780141,48.477017],[39.779338,48.476551],[39.779337,48.476551],[39.776087,48.474665],[39.77306,48.472909],[39.772015,48.472303],[39.770635,48.472909],[39.770621,48.472916],[39.770619,48.472916]]]}},{"type":"Feature","properties":{"cadnum":"4421483000:06:003:0011"},"geometry":{"type":"Polygon","coordinates":[[[39.772015,48.472303],[39.773256,48.473023],[39.775915,48.474566],[39.779533,48.476665],[39.779534,48.476665],[39.780141,48.477017],[39.780478,48.476722],[39.780614,48.476602],[39.781183,48.476106],[39.775915,48.473049],[39.775674,48.472909],[39.773507,48.471651],[39.772015,48.472303]]]}},{"type":"Feature","properties":{"cadnum":"4421483000:10:003:0045"},"geometry":{"type":"Polygon","coordinates":[[[39.718583,48.474912],[39.719581,48.4754],[39.721155,48.476169],[39.721155,48.476168],[39.721674,48.476421],[39.722424,48.476046],[39.720984,48.475341],[39.720983,48.475341],[39.719158,48.474447],[39.718583,48.474912]]]}},{"type":"Feature","properties":{"cadnum":"4421483000:10:003:0043"},"geometry":{"type":"Polygon","coordinates":[[[39.716671,48.474861],[39.716688,48.475569],[39.716755,48.476088],[39.716837,48.476326],[39.716984,48.476443],[39.717438,48.476665],[39.717793,48.476838],[39.718008,48.476665],[39.718615,48.476174],[39.718898,48.475951],[39.716671,48.474861]]]}},{"type":"Feature","properties":{"cadnum":"4421483000:10:003:0047"},"geometry":{"type":"Polygon","coordinates":[[[39.719701,48.474013],[39.720983,48.474639],[39.720984,48.474639],[39.723139,48.475692],[39.723739,48.475391],[39.722972,48.474984],[39.722235,48.474596],[39.72113,48.474036],[39.720682,48.473807],[39.720456,48.473682],[39.72025,48.473569],[39.719881,48.473867],[39.719701,48.474013]]]}},{"type":"Feature","properties":{"cadnum":"4421483000:10:003:0049"},"geometry":{"type":"Polygon","coordinates":[[[39.716019,48.471978],[39.716082,48.472166],[39.716369,48.472851],[39.716719,48.473023],[39.719338,48.474304],[39.719701,48.474013],[39.719881,48.473867],[39.718155,48.473023],[39.716019,48.471978]]]}},{"type":"Feature","properties":{"cadnum":"4421483000:10:003:0046"},"geometry":{"type":"Polygon","coordinates":[[[39.719158,48.474447],[39.721155,48.475425],[39.722424,48.476046],[39.723139,48.475692],[39.721155,48.474723],[39.719701,48.474013],[39.719338,48.474304],[39.719158,48.474447]]]}},{"type":"Feature","properties":{"cadnum":"4421483000:10:003:0057"},"geometry":{"type":"Polygon","coordinates":[[[39.715889,48.471479],[39.715906,48.471785],[39.715965,48.471952],[39.716019,48.471978],[39.717922,48.472909],[39.719881,48.473867],[39.72025,48.473569],[39.719098,48.472939],[39.71765,48.472146],[39.715952,48.471285],[39.715889,48.471479]]]}},{"type":"Feature","properties":{"cadnum":"4421483000:10:003:0044"},"geometry":{"type":"Polygon","coordinates":[[[39.716652,48.473965],[39.716661,48.474072],[39.716665,48.474662],[39.716671,48.474861],[39.718898,48.475951],[39.719581,48.4754],[39.718583,48.474912],[39.716652,48.473965]]]}},{"type":"Feature","properties":{"cadnum":"4421483000:10:003:0048"},"geometry":{"type":"Polygon","coordinates":[[[39.716369,48.472851],[39.716393,48.472909],[39.716435,48.473008],[39.716441,48.473023],[39.716558,48.473298],[39.716625,48.47367],[39.716652,48.473965],[39.718583,48.474912],[39.719158,48.474447],[39.719338,48.474304],[39.716487,48.472909],[39.716369,48.472851]]]}},{"type":"Feature","properties":{"cadnum":"4421483000:10:003:0039"},"geometry":{"type":"Polygon","coordinates":[[[39.713028,48.475439],[39.714047,48.475984],[39.715662,48.473602],[39.715662,48.473601],[39.716019,48.473075],[39.715996,48.473006],[39.715641,48.472342],[39.715417,48.471922],[39.714668,48.473023],[39.714669,48.473023],[39.713028,48.475439]]]}},{"type":"Feature","properties":{"cadnum":"4421483000:10:003:0041"},"geometry":{"type":"Polygon","coordinates":[[[39.717793,48.476838],[39.718701,48.477282],[39.719145,48.477484],[39.719284,48.477636],[39.719284,48.477637],[39.719294,48.47777],[39.719168,48.478166],[39.719038,48.478613],[39.71919,48.478705],[39.719239,48.478732],[39.720443,48.477068],[39.719386,48.476551],[39.718615,48.476174],[39.718148,48.476551],[39.717793,48.476838]]]}},{"type":"Feature","properties":{"cadnum":"4421483000:10:003:0042"},"geometry":{"type":"Polygon","coordinates":[[[39.718615,48.476174],[39.719618,48.476665],[39.719619,48.476665],[39.720443,48.477068],[39.720479,48.47702],[39.720479,48.477019],[39.721155,48.476682],[39.721155,48.476681],[39.721187,48.476665],[39.721674,48.476421],[39.720984,48.476084],[39.720984,48.476085],[39.720983,48.476085],[39.719581,48.4754],[39.718898,48.475951],[39.718615,48.476174]]]}},{"type":"Feature","properties":{"cadnum":"4421483000:01:002:0028"},"geometry":{"type":"Polygon","coordinates":[[[39.775447,48.536069],[39.775533,48.536875],[39.775915,48.53688],[39.781408,48.536948],[39.784892,48.536991],[39.784893,48.536991],[39.785625,48.536197],[39.78158,48.536147],[39.775915,48.536076],[39.775447,48.536069]]]}},{"type":"Feature","properties":{"cadnum":"4421483000:01:002:0010"},"geometry":{"type":"Polygon","coordinates":[[[39.783527,48.545068],[39.783824,48.54505],[39.784677,48.545008],[39.784848,48.542171],[39.785068,48.538534],[39.785104,48.537948],[39.783963,48.537928],[39.783933,48.53842],[39.783932,48.53842],[39.783703,48.542171],[39.783704,48.542171],[39.783527,48.545068]],[[39.784758,48.541862],[39.784705,48.541862],[39.784705,48.541827],[39.784758,48.541827],[39.784758,48.541862]],[[39.784084,48.544556],[39.78403,48.544556],[39.78403,48.544521],[39.784084,48.544521],[39.784084,48.544556]],[[39.783833,48.541949],[39.783833,48.541984],[39.783779,48.541988],[39.783779,48.541987],[39.783779,48.541951],[39.783833,48.541949]]]}},{"type":"Feature","properties":{"cadnum":"4421483000:01:002:0029"},"geometry":{"type":"Polygon","coordinates":[[[39.775367,48.535326],[39.775447,48.536069],[39.776087,48.536078],[39.781408,48.536144],[39.781408,48.536145],[39.785625,48.536197],[39.786303,48.535463],[39.78158,48.535405],[39.78158,48.535404],[39.775915,48.535333],[39.775915,48.535334],[39.775367,48.535326]]]}},{"type":"Feature","properties":{"cadnum":"4421483000:01:002:0027"},"geometry":{"type":"Polygon","coordinates":[[[39.775533,48.536875],[39.775577,48.537265],[39.775726,48.537738],[39.776087,48.537745],[39.776087,48.537744],[39.78158,48.537843],[39.78158,48.537842],[39.784066,48.537886],[39.784892,48.536991],[39.78158,48.536951],[39.78158,48.53695],[39.776087,48.536882],[39.775533,48.536875]]]}},{"type":"Feature","properties":{"cadnum":"4421483000:01:002:0011"},"geometry":{"type":"Polygon","coordinates":[[[39.784677,48.545008],[39.785831,48.544952],[39.786,48.542171],[39.786223,48.538534],[39.786258,48.53797],[39.785104,48.537948],[39.785075,48.53842],[39.784855,48.542057],[39.784677,48.545008]],[[39.785648,48.541741],[39.785647,48.541741],[39.785594,48.541741],[39.785594,48.541704],[39.785647,48.541704],[39.785648,48.541704],[39.785648,48.541741]]]}},{"type":"Feature","properties":{"cadnum":"4421483000:01:002:0009"},"geometry":{"type":"Polygon","coordinates":[[[39.782395,48.545136],[39.783527,48.545068],[39.783711,48.542057],[39.78371,48.542057],[39.783925,48.538534],[39.783926,48.538534],[39.783963,48.537928],[39.782835,48.537907],[39.782803,48.53842],[39.782582,48.542057],[39.782395,48.545136]],[[39.782881,48.542098],[39.782881,48.542061],[39.782934,48.542061],[39.782934,48.542098],[39.782881,48.542098]]]}},{"type":"Feature","properties":{"cadnum":"4421483000:13:002:0037"},"geometry":{"type":"Polygon","coordinates":[[[39.785648,48.503198],[39.785648,48.503242],[39.785715,48.503242],[39.785715,48.503198],[39.785648,48.503198]]]}},{"type":"Feature","properties":{"cadnum":"4421483000:13:002:0035"},"geometry":{"type":"Polygon","coordinates":[[[39.786007,48.505468],[39.786007,48.505498],[39.786047,48.505498],[39.786047,48.505468],[39.786007,48.505468]]]}},{"type":"Feature","properties":{"cadnum":"4421483000:13:002:0038"},"geometry":{"type":"Polygon","coordinates":[[[39.784166,48.502121],[39.78417,48.50215],[39.78421,48.50215],[39.78421,48.502121],[39.784166,48.502121]]]}},{"type":"Feature","properties":{"cadnum":"4421483000:13:002:0036"},"geometry":{"type":"Polygon","coordinates":[[[39.785827,48.504281],[39.785827,48.50431],[39.785872,48.50431],[39.785872,48.504281],[39.785827,48.504281]]]}},{"type":"Feature","properties":{"cadnum":"4421483000:05:006:0001"},"geometry":{"type":"Polygon","coordinates":[[[39.841514,48.501755],[39.841592,48.502035],[39.841592,48.502036],[39.841618,48.502127],[39.841624,48.502149],[39.841707,48.502442],[39.841833,48.50242],[39.841972,48.502396],[39.842005,48.50239],[39.842115,48.502371],[39.842009,48.502036],[39.842008,48.502036],[39.842008,48.502035],[39.842005,48.502025],[39.842005,48.502023],[39.841881,48.501632],[39.841558,48.501636],[39.841514,48.501755]]]}},{"type":"Feature","properties":{"cadnum":"4421483000:05:006:0048"},"geometry":{"type":"Polygon","coordinates":[[[39.84578,48.502165],[39.845785,48.502192],[39.845826,48.502192],[39.845826,48.502165],[39.84578,48.502165]]]}},{"type":"Feature","properties":{"cadnum":"4421483000:05:006:0006"},"geometry":{"type":"Polygon","coordinates":[[[39.841644,48.503168],[39.841833,48.503366],[39.8419,48.503436],[39.842005,48.503404],[39.842005,48.503403],[39.842129,48.503364],[39.84186,48.50307],[39.841644,48.503168]]]}},{"type":"Feature","properties":{"cadnum":"4421483000:05:004:0001"},"geometry":{"type":"Polygon","coordinates":[[[39.847187,48.50337],[39.847191,48.5034],[39.847231,48.503397],[39.847231,48.50337],[39.847187,48.50337]]]}},{"type":"Feature","properties":{"cadnum":"4421483000:01:004:0008"},"geometry":{"type":"Polygon","coordinates":[[[39.798997,48.524431],[39.800272,48.524909],[39.801137,48.523869],[39.802343,48.52242],[39.802307,48.52242],[39.802303,48.522383],[39.802356,48.522383],[39.80236,48.522398],[39.803553,48.520966],[39.804164,48.520231],[39.80533,48.518831],[39.804054,48.518352],[39.803396,48.519143],[39.802395,48.520345],[39.802396,48.520345],[39.799368,48.523983],[39.799369,48.523983],[39.798997,48.524431]],[[39.801957,48.522645],[39.801898,48.522645],[39.801898,48.52261],[39.801951,48.522606],[39.801953,48.522617],[39.801957,48.522645]]]}},{"type":"Feature","properties":{"cadnum":"4421483000:10:005:0012"},"geometry":{"type":"Polygon","coordinates":[[[39.73271,48.485939],[39.733779,48.48653],[39.734201,48.486749],[39.734205,48.486753],[39.734205,48.486755],[39.737376,48.484794],[39.737463,48.484744],[39.737558,48.484689],[39.737635,48.484645],[39.739016,48.48385],[39.739017,48.483849],[39.739569,48.483564],[39.739559,48.483552],[39.739559,48.483549],[39.739146,48.48273],[39.739142,48.48273],[39.739142,48.482724],[39.738984,48.482138],[39.738957,48.482075],[39.737463,48.483],[39.736114,48.483834],[39.73271,48.485939]]]}},{"type":"Feature","properties":{"cadnum":"4421483000:06:002:0061"},"geometry":{"type":"Polygon","coordinates":[[[39.802936,48.487512],[39.802944,48.487588],[39.803093,48.488964],[39.803381,48.488939],[39.803381,48.48894],[39.803475,48.488931],[39.803553,48.488924],[39.803892,48.48889],[39.803751,48.487571],[39.803731,48.487375],[39.803381,48.487435],[39.803381,48.487436],[39.803153,48.487475],[39.803152,48.487475],[39.802937,48.487512],[39.802936,48.487512]]]}},{"type":"Feature","properties":{"cadnum":"4421483000:06:002:0060"},"geometry":{"type":"Polygon","coordinates":[[[39.802104,48.487658],[39.802253,48.489033],[39.803093,48.488964],[39.802936,48.487512],[39.80283,48.487531],[39.802743,48.487547],[39.80274,48.487548],[39.802505,48.487588],[39.802104,48.487658]]]}},{"type":"Feature","properties":{"cadnum":"4421483000:10:002:0014"},"geometry":{"type":"Polygon","coordinates":[[[39.695371,48.468277],[39.699011,48.468721],[39.699133,48.468736],[39.699183,48.468742],[39.699229,48.468747],[39.699292,48.468316],[39.699296,48.468301],[39.699297,48.468301],[39.699306,48.468292],[39.699011,48.468148],[39.6983,48.4678],[39.697392,48.467342],[39.695371,48.468277]]]}},{"type":"Feature","properties":{"cadnum":"4421483000:10:003:0001"},"geometry":{"type":"Polygon","coordinates":[[[39.69574,48.466171],[39.695857,48.466237],[39.69666,48.466651],[39.697878,48.467261],[39.698847,48.467813],[39.699011,48.467899],[39.699011,48.4679],[39.699482,48.468149],[39.699719,48.468247],[39.699895,48.46795],[39.699895,48.467949],[39.700945,48.467122],[39.699183,48.466194],[39.699183,48.466193],[39.698152,48.465651],[39.6971,48.465096],[39.69643,48.465625],[39.696429,48.465625],[39.69574,48.466171]]]}},{"type":"Feature","properties":{"cadnum":"4421483000:01:001:0033"},"geometry":{"type":"Polygon","coordinates":[[[39.764294,48.530299],[39.764298,48.530329],[39.764299,48.530329],[39.764339,48.530326],[39.764339,48.530299],[39.764294,48.530299]]]}},{"type":"Feature","properties":{"cadnum":"4421483000:01:001:0035"},"geometry":{"type":"Polygon","coordinates":[[[39.764029,48.527872],[39.764034,48.527899],[39.764075,48.527899],[39.764075,48.527872],[39.764029,48.527872]]]}},{"type":"Feature","properties":{"cadnum":"4421483000:01:001:0034"},"geometry":{"type":"Polygon","coordinates":[[[39.764168,48.529112],[39.764168,48.529139],[39.764209,48.529139],[39.764209,48.529112],[39.764168,48.529112]]]}},{"type":"Feature","properties":{"cadnum":"4421483000:10:006:0005"},"geometry":{"type":"MultiPolygon","coordinates":[[[[39.761492,48.495909],[39.762677,48.498311],[39.76456,48.497992],[39.764929,48.497924],[39.764929,48.497925],[39.769114,48.497153],[39.76827,48.496686],[39.767623,48.496457],[39.7673,48.496415],[39.766509,48.496567],[39.765925,48.496652],[39.764929,48.496485],[39.763393,48.496227],[39.763373,48.496189],[39.764929,48.495895],[39.765574,48.495772],[39.767268,48.495477],[39.76703,48.494974],[39.765101,48.495301],[39.7651,48.495301],[39.7651,48.4953],[39.761492,48.495909]],[[39.763393,48.496227],[39.763478,48.496389],[39.764929,48.49674],[39.764929,48.496741],[39.76507,48.496775],[39.765035,48.496779],[39.764929,48.496794],[39.764883,48.4968],[39.764733,48.496821],[39.764551,48.496847],[39.763765,48.496975],[39.763525,48.496481],[39.76150732498546,48.49591321707059],[39.761494,48.49591],[39.763393,48.496227]],[[39.767195,48.497311],[39.767195,48.49731],[39.767195,48.497296],[39.767218,48.497296],[39.767218,48.49731],[39.767218,48.497311],[39.767195,48.497311]],[[39.767084,48.497379],[39.767084,48.497365],[39.767105,48.497361],[39.767105,48.497379],[39.767084,48.497379]],[[39.766958,48.497231],[39.766958,48.49723],[39.766958,48.497204],[39.766998,48.497204],[39.766998,48.49723],[39.766998,48.497231],[39.766958,48.497231]],[[39.766958,48.497317],[39.766958,48.497302],[39.766981,48.497302],[39.766981,48.497317],[39.766958,48.497317]],[[39.766778,48.497397],[39.766778,48.497383],[39.766801,48.497383],[39.766801,48.497397],[39.766778,48.497397]],[[39.766625,48.496769],[39.766625,48.496743],[39.766665,48.496743],[39.766666,48.496743],[39.766666,48.496769],[39.766665,48.496769],[39.766625,48.496769]]],[[[39.76151101551714,48.495914108081],[39.763503,48.496438],[39.763497,48.496425],[39.763482,48.496398],[39.763478,48.496389],[39.76151101551714,48.495914108081]]]]}},{"type":"Feature","properties":{"cadnum":"4421483000:01:004:0028"},"geometry":{"type":"Polygon","coordinates":[[[39.820062,48.515963],[39.821014,48.515823],[39.821391,48.515785],[39.822702,48.512954],[39.822702,48.512953],[39.822964,48.512389],[39.82193,48.512863],[39.821717,48.512954],[39.821387,48.513095],[39.820062,48.515963]]]}},{"type":"Feature","properties":{"cadnum":"4421483000:01:004:0017"},"geometry":{"type":"Polygon","coordinates":[[[39.823551,48.515472],[39.823889,48.515422],[39.824621,48.515315],[39.825353,48.513734],[39.825354,48.513734],[39.825482,48.513457],[39.825525,48.513363],[39.825662,48.513067],[39.826377,48.511524],[39.825525,48.511621],[39.825325,48.511643],[39.824664,48.513067],[39.824665,48.513067],[39.823551,48.515472]]]}},{"type":"Feature","properties":{"cadnum":"4421483000:05:003:0008"},"geometry":{"type":"Polygon","coordinates":[[[39.824746,48.509824],[39.824792,48.509822],[39.824792,48.509795],[39.824746,48.509795],[39.824746,48.509824]]]}},{"type":"Feature","properties":{"cadnum":"4421483000:08:001:0010"},"geometry":{"type":"Polygon","coordinates":[[[39.65085,48.484811],[39.655065,48.48515],[39.655066,48.48515],[39.658984,48.485464],[39.659287,48.483834],[39.659287,48.483833],[39.659309,48.483719],[39.659177,48.48371],[39.657129,48.483546],[39.655066,48.483381],[39.655066,48.483382],[39.655065,48.483382],[39.651264,48.483076],[39.651116,48.483213],[39.650986,48.483388],[39.65095,48.483525],[39.650926,48.483834],[39.650877,48.484481],[39.65085,48.484811]]]}},{"type":"Feature","properties":{"cadnum":"4421483000:11:003:0029"},"geometry":{"type":"Polygon","coordinates":[[[39.715992,48.493421],[39.715992,48.493436],[39.716019,48.493436],[39.716019,48.493421],[39.715992,48.493421]]]}},{"type":"Feature","properties":{"cadnum":"4421483000:09:003:0002"},"geometry":{"type":"Polygon","coordinates":[[[39.719756,48.494546],[39.719756,48.494561],[39.719783,48.494561],[39.719783,48.494546],[39.719756,48.494546]]]}},{"type":"Feature","properties":{"cadnum":"4421483000:09:003:0005"},"geometry":{"type":"Polygon","coordinates":[[[39.717493,48.493867],[39.717493,48.493885],[39.717514,48.493885],[39.717514,48.493867],[39.717493,48.493867]]]}},{"type":"Feature","properties":{"cadnum":"4421483000:09:003:0003"},"geometry":{"type":"Polygon","coordinates":[[[39.718988,48.494347],[39.719011,48.494356],[39.719051,48.494301],[39.719024,48.494296],[39.718988,48.494347]]]}},{"type":"Feature","properties":{"cadnum":"4421483000:09:003:0004"},"geometry":{"type":"Polygon","coordinates":[[[39.718246,48.494093],[39.718246,48.494111],[39.718269,48.494111],[39.718269,48.494093],[39.718246,48.494093]]]}},{"type":"Feature","properties":{"cadnum":"4421483000:11:003:0028"},"geometry":{"type":"Polygon","coordinates":[[[39.716738,48.493661],[39.716764,48.493659],[39.716764,48.493644],[39.716738,48.493644],[39.716738,48.493661]]]}},{"type":"Feature","properties":{"cadnum":"4421483000:09:003:0001"},"geometry":{"type":"Polygon","coordinates":[[[39.72051,48.494787],[39.720537,48.494787],[39.720537,48.494769],[39.72051,48.494772],[39.72051,48.494787]]]}},{"type":"Feature","properties":{"cadnum":"4421483000:14:001:0061"},"geometry":{"type":"Polygon","coordinates":[[[39.77357,48.49262],[39.774684,48.492915],[39.776087,48.492452],[39.776087,48.492451],[39.776745,48.492233],[39.776071,48.491795],[39.77357,48.49262]]]}},{"type":"Feature","properties":{"cadnum":"4421483000:14:001:0044"},"geometry":{"type":"Polygon","coordinates":[[[39.780612,48.493397],[39.780693,48.493432],[39.780694,48.493432],[39.780711,48.493418],[39.780653,48.49339],[39.780693,48.49335],[39.780671,48.493337],[39.780612,48.493397]]]}},{"type":"Feature","properties":{"cadnum":"4421483000:14:001:0014"},"geometry":{"type":"Polygon","coordinates":[[[39.779355,48.494028],[39.779355,48.494043],[39.779382,48.494043],[39.779382,48.494028],[39.779355,48.494028]]]}},{"type":"Feature","properties":{"cadnum":"4421483000:14:001:0016"},"geometry":{"type":"Polygon","coordinates":[[[39.778097,48.494668],[39.778097,48.494685],[39.778124,48.494685],[39.778124,48.494668],[39.778097,48.494668]]]}},{"type":"Feature","properties":{"cadnum":"4421483000:14:001:0060"},"geometry":{"type":"Polygon","coordinates":[[[39.774684,48.492915],[39.774715,48.492924],[39.775491,48.49362],[39.775915,48.493481],[39.777482,48.492965],[39.777275,48.492578],[39.776745,48.492233],[39.775915,48.492508],[39.775915,48.492509],[39.774684,48.492915]]]}},{"type":"Feature","properties":{"cadnum":"4421483000:14:001:0062"},"geometry":{"type":"Polygon","coordinates":[[[39.772662,48.492379],[39.77357,48.49262],[39.775915,48.491846],[39.775915,48.491847],[39.776071,48.491795],[39.775923,48.4917],[39.775703,48.491378],[39.772662,48.492379]]]}},{"type":"Feature","properties":{"cadnum":"4421483000:14:001:0013"},"geometry":{"type":"Polygon","coordinates":[[[39.779984,48.493706],[39.779984,48.493721],[39.780011,48.493721],[39.780011,48.493706],[39.779984,48.493706]]]}},{"type":"Feature","properties":{"cadnum":"4421483000:14:001:0015"},"geometry":{"type":"Polygon","coordinates":[[[39.778721,48.494349],[39.778721,48.494367],[39.778749,48.494367],[39.778749,48.494349],[39.778721,48.494349]]]}},{"type":"Feature","properties":{"cadnum":"4421483000:14:001:0059"},"geometry":{"type":"Polygon","coordinates":[[[39.775491,48.49362],[39.77564,48.493754],[39.775915,48.49388],[39.777522,48.494614],[39.777486,48.493688],[39.77763,48.493245],[39.777482,48.492965],[39.776087,48.493424],[39.775491,48.49362]]]}},{"type":"Feature","properties":{"cadnum":"4421483000:14:003:0003"},"geometry":{"type":"Polygon","coordinates":[[[39.715772,48.460331],[39.719038,48.461871],[39.719275,48.461982],[39.719275,48.461983],[39.7199,48.462276],[39.720151,48.46229],[39.720177,48.462299],[39.720178,48.462299],[39.720187,48.462294],[39.720416,48.462096],[39.720983,48.461609],[39.720984,48.461609],[39.721034,48.461566],[39.721155,48.461461],[39.721669,48.461019],[39.721075,48.460767],[39.717187,48.459113],[39.715772,48.460331]]]}},{"type":"Feature","properties":{"cadnum":"4421483000:10:005:0035"},"geometry":{"type":"Polygon","coordinates":[[[39.73659,48.476564],[39.736591,48.476565],[39.736737,48.476665],[39.736738,48.476665],[39.737635,48.477272],[39.738032,48.47754],[39.739655,48.476665],[39.739656,48.476665],[39.741234,48.475814],[39.739806,48.474831],[39.737463,48.476094],[39.736615,48.476551],[39.736614,48.476551],[39.73659,48.476564]]]}},{"type":"Feature","properties":{"cadnum":"4421483000:10:001:0051"},"geometry":{"type":"Polygon","coordinates":[[[39.676314,48.474337],[39.676484,48.476329],[39.677038,48.476303],[39.677046,48.476303],[39.67721,48.476295],[39.678232,48.476246],[39.678222,48.476162],[39.678133,48.47512],[39.67806,48.474254],[39.67721,48.474295],[39.67721,48.474294],[39.676817,48.474313],[39.676314,48.474337]]]}},{"type":"Feature","properties":{"cadnum":"4421483000:10:001:0049"},"geometry":{"type":"Polygon","coordinates":[[[39.672617,48.47451],[39.67268,48.474977],[39.672783,48.476052],[39.672752,48.476507],[39.674643,48.476419],[39.674471,48.474423],[39.674148,48.474439],[39.672617,48.47451]]]}},{"type":"Feature","properties":{"cadnum":"4421483000:10:001:0047"},"geometry":{"type":"Polygon","coordinates":[[[39.677108,48.476326],[39.677136,48.476665],[39.677337,48.479014],[39.677616,48.479014],[39.678865,48.478804],[39.678756,48.47752],[39.678335,48.477505],[39.678256,48.476571],[39.678232,48.476273],[39.677108,48.476326]]]}},{"type":"Feature","properties":{"cadnum":"4421483000:10:001:0050"},"geometry":{"type":"Polygon","coordinates":[[[39.674471,48.474423],[39.674643,48.476419],[39.676484,48.476329],[39.676314,48.474337],[39.675559,48.474373],[39.674471,48.474423]]]}},{"type":"Feature","properties":{"cadnum":"4421483000:02:004:0016"},"geometry":{"type":"Polygon","coordinates":[[[39.843944,48.524978],[39.847326,48.525713],[39.847407,48.525731],[39.847498,48.52575],[39.851543,48.526629],[39.851971,48.526212],[39.85224,48.525183],[39.847326,48.524119],[39.846701,48.523983],[39.846287,48.523893],[39.846177,48.523869],[39.84473,48.523556],[39.844556,48.523869],[39.844536,48.523904],[39.844493,48.523983],[39.843944,48.524978]]]}},{"type":"Feature","properties":{"cadnum":"4421483000:02:004:0017"},"geometry":{"type":"Polygon","coordinates":[[[39.84473,48.523556],[39.846287,48.523893],[39.847498,48.524156],[39.85224,48.525183],[39.852267,48.525075],[39.851489,48.523869],[39.851488,48.523869],[39.851,48.52311],[39.847326,48.522314],[39.845619,48.521944],[39.84473,48.523556]]]}},{"type":"Feature","properties":{"cadnum":"4421483000:07:003:0013"},"geometry":{"type":"Polygon","coordinates":[[[39.843805,48.490385],[39.843849,48.490385],[39.843849,48.490354],[39.843805,48.490358],[39.843805,48.490385]]]}},{"type":"Feature","properties":{"cadnum":"4421483000:07:003:0012"},"geometry":{"type":"Polygon","coordinates":[[[39.842964,48.488908],[39.842964,48.488935],[39.843009,48.488935],[39.843009,48.488908],[39.842964,48.488908]]]}},{"type":"Feature","properties":{"cadnum":"4421483000:01:003:0018"},"geometry":{"type":"Polygon","coordinates":[[[39.800056,48.502567],[39.800056,48.502594],[39.800101,48.502594],[39.800101,48.502567],[39.800056,48.502567]]]}},{"type":"Feature","properties":{"cadnum":"4421483000:01:003:0017"},"geometry":{"type":"Polygon","coordinates":[[[39.801798,48.503528],[39.801798,48.503573],[39.801867,48.503573],[39.801867,48.503528],[39.801798,48.503528]]]}},{"type":"Feature","properties":{"cadnum":"4421483000:11:001:0048"},"geometry":{"type":"Polygon","coordinates":[[[39.741081,48.506632],[39.741383,48.506724],[39.741769,48.50676],[39.742007,48.506739],[39.742676,48.506623],[39.742956,48.506587],[39.742956,48.506588],[39.743704,48.506492],[39.743863,48.506409],[39.747229,48.505763],[39.74723,48.505763],[39.747226,48.505759],[39.746135,48.504736],[39.745821,48.504439],[39.742956,48.505764],[39.742903,48.505789],[39.742904,48.505789],[39.741081,48.506632]]]}},{"type":"Feature","properties":{"cadnum":"4421483000:11:001:0049"},"geometry":{"type":"Polygon","coordinates":[[[39.739632,48.506108],[39.740777,48.506537],[39.741081,48.506632],[39.743128,48.505686],[39.743128,48.505685],[39.745821,48.504439],[39.745102,48.503766],[39.74406,48.504245],[39.743128,48.504682],[39.741004,48.505675],[39.740931,48.505709],[39.74093,48.50571],[39.740762,48.505789],[39.740763,48.505789],[39.740148,48.506081],[39.739905,48.506132],[39.739632,48.506108]]]}},{"type":"Feature","properties":{"cadnum":"4421483000:02:005:0014"},"geometry":{"type":"Polygon","coordinates":[[[39.849388,48.519545],[39.849827,48.520176],[39.84985,48.520164],[39.851309,48.516918],[39.850627,48.516797],[39.849388,48.519545]]]}},{"type":"Feature","properties":{"cadnum":"4421483000:02:005:0015"},"geometry":{"type":"Polygon","coordinates":[[[39.84985,48.520164],[39.85078,48.519664],[39.851961,48.517037],[39.851309,48.516918],[39.84985,48.520164]]]}},{"type":"Feature","properties":{"cadnum":"4421483000:05:005:0004"},"geometry":{"type":"Polygon","coordinates":[[[39.805343,48.500132],[39.805896,48.500465],[39.806098,48.500335],[39.806339,48.500293],[39.806398,48.500255],[39.805747,48.499858],[39.805343,48.500132]]]}},{"type":"Feature","properties":{"cadnum":"4421483000:13:001:0015"},"geometry":{"type":"Polygon","coordinates":[[[39.762408,48.516002],[39.762545,48.516592],[39.762544,48.516592],[39.762565,48.516679],[39.762571,48.516706],[39.762606,48.516853],[39.764337,48.516704],[39.764339,48.516704],[39.764663,48.515937],[39.764304,48.515948],[39.764348,48.515838],[39.762408,48.516002]]]}},{"type":"Feature","properties":{"cadnum":"4421483000:01:001:0010"},"geometry":{"type":"Polygon","coordinates":[[[39.766809,48.545267],[39.766885,48.545726],[39.770422,48.545617],[39.775915,48.545448],[39.775979,48.545446],[39.776087,48.545442],[39.777419,48.545401],[39.777325,48.544943],[39.776087,48.544982],[39.770594,48.545151],[39.766809,48.545267]]]}},{"type":"Feature","properties":{"cadnum":"4421483000:01:003:0066"},"geometry":{"type":"Polygon","coordinates":[[[39.779499,48.510334],[39.781408,48.51199],[39.781408,48.511991],[39.782171,48.512652],[39.782602,48.512449],[39.782678,48.512417],[39.781408,48.511315],[39.779992,48.510087],[39.779499,48.510334]]]}},{"type":"Feature","properties":{"cadnum":"4421483000:01:003:0068"},"geometry":{"type":"Polygon","coordinates":[[[39.780482,48.509843],[39.781408,48.510647],[39.7832,48.512199],[39.78369,48.511985],[39.783531,48.511822],[39.783181,48.511521],[39.781408,48.509983],[39.781007,48.509634],[39.780967,48.509599],[39.780482,48.509843]]]}},{"type":"Feature","properties":{"cadnum":"4421483000:01:003:0064"},"geometry":{"type":"Polygon","coordinates":[[[39.778501,48.510834],[39.78108,48.513067],[39.781081,48.513067],[39.781151,48.513128],[39.781259,48.51308],[39.78135,48.513037],[39.781408,48.51301],[39.781506,48.512964],[39.78158,48.51293],[39.78158,48.512929],[39.781663,48.51289],[39.78158,48.512818],[39.779,48.510584],[39.778501,48.510834]]]}},{"type":"Feature","properties":{"cadnum":"4421483000:01:003:0010"},"geometry":{"type":"Polygon","coordinates":[[[39.781007,48.509634],[39.78158,48.510132],[39.783181,48.511521],[39.783434,48.509428],[39.783435,48.509428],[39.783577,48.508266],[39.781408,48.509422],[39.781408,48.509423],[39.781011,48.509634],[39.781007,48.509634]]]}},{"type":"Feature","properties":{"cadnum":"4421483000:11:001:0046"},"geometry":{"type":"Polygon","coordinates":[[[39.720367,48.51527],[39.720983,48.515295],[39.720984,48.515295],[39.721055,48.515298],[39.721155,48.515302],[39.722262,48.515348],[39.722512,48.513067],[39.722559,48.512646],[39.722254,48.512488],[39.722365,48.511467],[39.721103,48.511416],[39.72091,48.511408],[39.720629,48.512954],[39.720628,48.512954],[39.720618,48.513012],[39.720608,48.513067],[39.720609,48.513067],[39.720605,48.513086],[39.720605,48.513955],[39.720367,48.51527]]]}},{"type":"Feature","properties":{"cadnum":"4421483000:07:004:0003"},"geometry":{"type":"Polygon","coordinates":[[[39.839707,48.512202],[39.839713,48.512229],[39.839713,48.51223],[39.839753,48.51223],[39.839753,48.512229],[39.839753,48.512202],[39.839707,48.512202]]]}},{"type":"Feature","properties":{"cadnum":"4421483000:05:003:0001"},"geometry":{"type":"Polygon","coordinates":[[[39.836501,48.511765],[39.836501,48.511795],[39.836546,48.511795],[39.836546,48.511765],[39.836501,48.511765]]]}},{"type":"Feature","properties":{"cadnum":"4421483000:07:004:0002"},"geometry":{"type":"Polygon","coordinates":[[[39.841401,48.512431],[39.841401,48.512459],[39.841446,48.512459],[39.841442,48.512431],[39.841401,48.512431]]]}},{"type":"Feature","properties":{"cadnum":"4421483000:07:004:0004"},"geometry":{"type":"Polygon","coordinates":[[[39.838059,48.511976],[39.838059,48.512006],[39.838105,48.512006],[39.838105,48.511976],[39.838059,48.511976]]]}},{"type":"Feature","properties":{"cadnum":"4421483000:07:003:0007"},"geometry":{"type":"Polygon","coordinates":[[[39.841792,48.479604],[39.841792,48.479631],[39.841833,48.479631],[39.841833,48.479604],[39.841792,48.479604]]]}},{"type":"Feature","properties":{"cadnum":"4421483000:06:003:0006"},"geometry":{"type":"Polygon","coordinates":[[[39.779246,48.4778],[39.78158,48.479153],[39.783569,48.480306],[39.786663,48.482099],[39.78668,48.481885],[39.786789,48.481215],[39.7869,48.480447],[39.786462,48.480192],[39.786461,48.480192],[39.78155,48.477344],[39.780478,48.476722],[39.780141,48.477017],[39.779246,48.4778]]]}},{"type":"Feature","properties":{"cadnum":"4421483000:06:003:0005"},"geometry":{"type":"Polygon","coordinates":[[[39.778164,48.478747],[39.780838,48.480299],[39.78158,48.48073],[39.78158,48.480729],[39.786213,48.483418],[39.786424,48.483296],[39.786537,48.483183],[39.786609,48.482811],[39.786663,48.482099],[39.783373,48.480192],[39.781408,48.479054],[39.779246,48.4778],[39.779162,48.477875],[39.778164,48.478747]]]}},{"type":"Feature","properties":{"cadnum":"4421483000:10:005:0002"},"geometry":{"type":"Polygon","coordinates":[[[39.719284,48.478734],[39.719298,48.478738],[39.719751,48.478982],[39.720879,48.479533],[39.720983,48.479587],[39.720984,48.479587],[39.721364,48.479783],[39.722105,48.480182],[39.724638,48.478613],[39.720986,48.4768],[39.72051,48.477037],[39.719284,48.478734]]]}},{"type":"Feature","properties":{"cadnum":"4421483000:10:006:0050"},"geometry":{"type":"Polygon","coordinates":[[[39.734771,48.493879],[39.735058,48.494159],[39.737463,48.493902],[39.738064,48.493837],[39.738657,48.493748],[39.739159,48.493712],[39.741123,48.493516],[39.742025,48.493299],[39.742192,48.493275],[39.742322,48.493218],[39.742614,48.493039],[39.742385,48.492855],[39.739523,48.493239],[39.737584,48.493501],[39.737116,48.493564],[39.734771,48.493879]]]}},{"type":"Feature","properties":{"cadnum":"4421483000:10:001:0063"},"geometry":{"type":"Polygon","coordinates":[[[39.674477,48.46316],[39.675693,48.463598],[39.676988,48.462092],[39.677038,48.462035],[39.677148,48.461908],[39.67721,48.461836],[39.67721,48.461835],[39.678729,48.460069],[39.678173,48.459866],[39.678006,48.460012],[39.677863,48.460075],[39.677391,48.460143],[39.677098,48.460185],[39.676775,48.46023],[39.676624,48.460322],[39.676448,48.460513],[39.676142,48.461108],[39.676058,48.461287],[39.675456,48.461969],[39.675446,48.461983],[39.675439,48.461994],[39.675367,48.462096],[39.675368,48.462096],[39.675368,48.462097],[39.674903,48.462773],[39.674477,48.46316]]]}},{"type":"Feature","properties":{"cadnum":"4421483000:01:003:0036"},"geometry":{"type":"Polygon","coordinates":[[[39.786348,48.507766],[39.786353,48.507795],[39.786393,48.507795],[39.786393,48.507766],[39.786348,48.507766]]]}},{"type":"Feature","properties":{"cadnum":"4421483000:01:003:0035"},"geometry":{"type":"Polygon","coordinates":[[[39.786533,48.508974],[39.786533,48.509004],[39.786577,48.509004],[39.786573,48.508974],[39.786533,48.508974]]]}},{"type":"Feature","properties":{"cadnum":"4421483000:05:004:0008"},"geometry":{"type":"Polygon","coordinates":[[[39.845982,48.508644],[39.845982,48.50867],[39.846028,48.50867],[39.846028,48.508644],[39.845982,48.508644]]]}},{"type":"Feature","properties":{"cadnum":"4421483000:05:004:0007"},"geometry":{"type":"Polygon","coordinates":[[[39.846697,48.507587],[39.846697,48.507614],[39.846742,48.507614],[39.846742,48.507587],[39.846697,48.507587]]]}},{"type":"Feature","properties":{"cadnum":"4421483000:05:004:0006"},"geometry":{"type":"Polygon","coordinates":[[[39.847411,48.506564],[39.847456,48.50656],[39.847456,48.506533],[39.847411,48.506533],[39.847411,48.506564]]]}},{"type":"Feature","properties":{"cadnum":"4421483000:01:004:0009"},"geometry":{"type":"Polygon","coordinates":[[[39.800272,48.524909],[39.801534,48.525382],[39.802698,48.523983],[39.803553,48.522957],[39.80582,48.520231],[39.806592,48.519304],[39.80533,48.518831],[39.804069,48.520345],[39.803381,48.521173],[39.80236,48.522398],[39.80236,48.52242],[39.802343,48.52242],[39.801042,48.523983],[39.801043,48.523983],[39.800272,48.524909]]]}},{"type":"Feature","properties":{"cadnum":"4421483000:07:003:0004"},"geometry":{"type":"Polygon","coordinates":[[[39.842457,48.474516],[39.842457,48.47456],[39.842524,48.47456],[39.842524,48.474516],[39.842457,48.474516]]]}},{"type":"Feature","properties":{"cadnum":"4421483000:07:003:0005"},"geometry":{"type":"Polygon","coordinates":[[[39.842281,48.475962],[39.842281,48.47599],[39.842327,48.47599],[39.842323,48.475962],[39.842281,48.475962]]]}},{"type":"Feature","properties":{"cadnum":"4421483000:06:002:0057"},"geometry":{"type":"Polygon","coordinates":[[[39.799293,48.489274],[39.800412,48.489185],[39.80028,48.487976],[39.79936,48.488137],[39.799293,48.489274]]]}},{"type":"Feature","properties":{"cadnum":"4421483000:06:002:0059"},"geometry":{"type":"Polygon","coordinates":[[[39.801224,48.487812],[39.801359,48.489107],[39.802253,48.489033],[39.802104,48.487658],[39.801224,48.487812]]]}},{"type":"Feature","properties":{"cadnum":"4421483000:06:002:0058"},"geometry":{"type":"Polygon","coordinates":[[[39.80028,48.487976],[39.800412,48.489185],[39.801359,48.489107],[39.801224,48.487812],[39.80028,48.487976]]]}},{"type":"Feature","properties":{"cadnum":"4421483000:10:006:0055"},"geometry":{"type":"Polygon","coordinates":[[[39.739425,48.489765],[39.740454,48.490855],[39.740565,48.490959],[39.743128,48.490207],[39.743128,48.490206],[39.743373,48.490134],[39.743121,48.490015],[39.742083,48.490021],[39.740489,48.489485],[39.739425,48.489765]]]}},{"type":"Feature","properties":{"cadnum":"4421483000:01:001:0032"},"geometry":{"type":"Polygon","coordinates":[[[39.764429,48.531522],[39.764429,48.531548],[39.764474,48.531548],[39.764474,48.531522],[39.764429,48.531522]]]}},{"type":"Feature","properties":{"cadnum":"4421483000:01:001:0031"},"geometry":{"type":"Polygon","coordinates":[[[39.764537,48.532681],[39.764541,48.532726],[39.764608,48.532726],[39.764604,48.532681],[39.764537,48.532681]]]}},{"type":"Feature","properties":{"cadnum":"4421483000:06:004:0000"},"geometry":{"type":"Polygon","coordinates":[[[39.818889,48.489304],[39.81889,48.489304],[39.819505,48.489009],[39.81986,48.488838],[39.81986,48.488839],[39.820398,48.48858],[39.8233,48.487588],[39.823717,48.487446],[39.824008,48.487474],[39.824008,48.487475],[39.824027,48.487476],[39.824427,48.485707],[39.81986,48.48525],[39.81986,48.485251],[39.819756,48.48524],[39.819549,48.485523],[39.819144,48.487474],[39.819144,48.487475],[39.819143,48.487475],[39.819069,48.487834],[39.818889,48.489304]]]}},{"type":"Feature","properties":{"cadnum":"4421483000:14:002:0005"},"geometry":{"type":"Polygon","coordinates":[[[39.756677,48.48577],[39.757382,48.486246],[39.758163,48.486777],[39.759607,48.486121],[39.759607,48.48612],[39.764384,48.483947],[39.764929,48.4837],[39.76632,48.483067],[39.766195,48.48298],[39.765247,48.48234],[39.765117,48.482251],[39.765071,48.48222],[39.764856,48.482075],[39.764124,48.482406],[39.760964,48.483834],[39.760963,48.483834],[39.759436,48.484524],[39.756677,48.48577]]]}},{"type":"Feature","properties":{"cadnum":"4421483000:10:003:0054"},"geometry":{"type":"Polygon","coordinates":[[[39.715561,48.466208],[39.715662,48.466258],[39.716401,48.46663],[39.71751,48.465921],[39.717973,48.465625],[39.719432,48.464691],[39.71813,48.46403],[39.717942,48.464144],[39.717151,48.464694],[39.716257,48.465526],[39.716039,48.465739],[39.715561,48.466208]]]}},{"type":"Feature","properties":{"cadnum":"4421483000:10:003:0052"},"geometry":{"type":"Polygon","coordinates":[[[39.712426,48.469001],[39.713041,48.469267],[39.714047,48.469703],[39.714906,48.470091],[39.714875,48.469267],[39.71478,48.466692],[39.713809,48.467556],[39.713126,48.468232],[39.712426,48.469001]]]}},{"type":"Feature","properties":{"cadnum":"4421483000:01:004:0018"},"geometry":{"type":"Polygon","coordinates":[[[39.824621,48.515315],[39.824979,48.515261],[39.825354,48.515206],[39.825354,48.515207],[39.825645,48.515163],[39.826614,48.513067],[39.827379,48.511417],[39.827329,48.511417],[39.826377,48.511524],[39.825715,48.512954],[39.825714,48.512954],[39.825482,48.513457],[39.824621,48.515315]]]}},{"type":"Feature","properties":{"cadnum":"4421483000:02:004:0005"},"geometry":{"type":"Polygon","coordinates":[[[39.836564,48.529136],[39.836671,48.530463],[39.838365,48.530409],[39.838334,48.530382],[39.838535,48.530263],[39.838661,48.5304],[39.842005,48.530295],[39.844766,48.530207],[39.845673,48.529645],[39.846118,48.528836],[39.841833,48.528971],[39.836564,48.529136]]]}},{"type":"Feature","properties":{"cadnum":"4421483000:02:004:0004"},"geometry":{"type":"Polygon","coordinates":[[[39.836671,48.530463],[39.836726,48.531145],[39.836731,48.531207],[39.836736,48.531259],[39.83678,48.531784],[39.842005,48.531618],[39.84252,48.531602],[39.843255,48.531145],[39.844766,48.530207],[39.841833,48.5303],[39.841833,48.530301],[39.838661,48.5304],[39.838728,48.530474],[39.838728,48.530475],[39.838545,48.530549],[39.838365,48.530409],[39.836671,48.530463]],[[39.840908,48.530591],[39.841087,48.530778],[39.84075,48.530861],[39.840749,48.530861],[39.840638,48.530647],[39.840908,48.530591]]]}},{"type":"Feature","properties":{"cadnum":"4421483000:07:003:0027"},"geometry":{"type":"Polygon","coordinates":[[[39.840103,48.497963],[39.841028,48.498395],[39.841028,48.498396],[39.841027,48.498396],[39.841585,48.498656],[39.841833,48.498773],[39.841884,48.498797],[39.842005,48.498854],[39.842053,48.498876],[39.842066,48.498874],[39.84207,48.498883],[39.84216,48.498927],[39.842632,48.498396],[39.84265,48.498376],[39.841833,48.497993],[39.841168,48.49768],[39.840826,48.49784],[39.840103,48.497963]]]}},{"type":"Feature","properties":{"cadnum":"4421483000:07:003:0029"},"geometry":{"type":"Polygon","coordinates":[[[39.841204,48.497665],[39.841833,48.49796],[39.842673,48.498352],[39.843355,48.497308],[39.843346,48.497189],[39.842749,48.497004],[39.842573,48.497127],[39.841921,48.497377],[39.841356,48.497593],[39.841204,48.497665]]]}},{"type":"Feature","properties":{"cadnum":"4421483000:14:001:0019"},"geometry":{"type":"Polygon","coordinates":[[[39.77621,48.495632],[39.77621,48.495647],[39.776233,48.495647],[39.776233,48.495632],[39.77621,48.495632]]]}},{"type":"Feature","properties":{"cadnum":"4421483000:14:001:0052"},"geometry":{"type":"Polygon","coordinates":[[[39.776961,48.495733],[39.776996,48.496013],[39.78158,48.495833],[39.78158,48.495832],[39.782032,48.495814],[39.782139,48.495689],[39.782193,48.495355],[39.78158,48.495399],[39.778294,48.495632],[39.777288,48.49543],[39.776961,48.495733]]]}},{"type":"Feature","properties":{"cadnum":"4421483000:14:001:0053"},"geometry":{"type":"Polygon","coordinates":[[[39.780864,48.498118],[39.78158,48.498099],[39.784776,48.498014],[39.784762,48.497537],[39.781564,48.497623],[39.780864,48.498118]]]}},{"type":"Feature","properties":{"cadnum":"4421483000:13:002:0051"},"geometry":{"type":"Polygon","coordinates":[[[39.780702,48.498248],[39.780767,48.498396],[39.780766,48.498396],[39.781408,48.499838],[39.781408,48.499839],[39.781506,48.500058],[39.781537,48.500058],[39.78158,48.500044],[39.783114,48.499519],[39.783128,48.499496],[39.782641,48.498396],[39.78264,48.498396],[39.782531,48.498147],[39.78158,48.498169],[39.78134,48.498174],[39.780702,48.498248]]]}},{"type":"Feature","properties":{"cadnum":"4421483000:14:001:0017"},"geometry":{"type":"Polygon","coordinates":[[[39.777468,48.494989],[39.777468,48.495004],[39.777495,48.495004],[39.777495,48.494989],[39.777468,48.494989]]]}},{"type":"Feature","properties":{"cadnum":"4421483000:14:001:0049"},"geometry":{"type":"Polygon","coordinates":[[[39.777046,48.497004],[39.777126,48.49718],[39.777401,48.49754],[39.778479,48.497656],[39.780141,48.497591],[39.781021,48.497031],[39.781178,48.49684],[39.777046,48.497004]]]}},{"type":"Feature","properties":{"cadnum":"4421483000:13:002:0050"},"geometry":{"type":"Polygon","coordinates":[[[39.778963,48.498451],[39.778989,48.498509],[39.77899,48.498509],[39.779719,48.500153],[39.781408,48.500064],[39.781506,48.500058],[39.780817,48.49851],[39.780817,48.498509],[39.780702,48.498248],[39.779436,48.498396],[39.778964,48.498451],[39.778963,48.498451]]]}},{"type":"Feature","properties":{"cadnum":"4421483000:14:001:0018"},"geometry":{"type":"Polygon","coordinates":[[[39.776839,48.495311],[39.776839,48.495325],[39.776866,48.495325],[39.776866,48.495311],[39.776839,48.495311]]]}},{"type":"Feature","properties":{"cadnum":"4421483000:11:001:0024"},"geometry":{"type":"Polygon","coordinates":[[[39.733833,48.515499],[39.734026,48.51541],[39.735445,48.514753],[39.735567,48.514574],[39.73563,48.514118],[39.735409,48.512962],[39.735408,48.512962],[39.735418,48.512684],[39.735445,48.510893],[39.734286,48.511361],[39.734111,48.512953],[39.734111,48.512954],[39.73411,48.512954],[39.733833,48.515499]]]}},{"type":"Feature","properties":{"cadnum":"4421483000:11:001:0025"},"geometry":{"type":"Polygon","coordinates":[[[39.735485,48.512494],[39.735567,48.512357],[39.735813,48.512155],[39.736016,48.512084],[39.736712,48.511965],[39.737463,48.511855],[39.737588,48.511837],[39.737592,48.509453],[39.73681,48.509474],[39.73553,48.509513],[39.735485,48.512494]]]}},{"type":"Feature","properties":{"cadnum":"4421483000:11:001:0023"},"geometry":{"type":"Polygon","coordinates":[[[39.732378,48.516162],[39.732858,48.515948],[39.733833,48.515499],[39.734098,48.513067],[39.734286,48.511361],[39.733096,48.511842],[39.73284,48.511946],[39.732729,48.512953],[39.732729,48.512954],[39.732378,48.516162]]]}},{"type":"Feature","properties":{"cadnum":"4421483000:11:001:0036"},"geometry":{"type":"Polygon","coordinates":[[[39.735485,48.512985],[39.7355,48.513067],[39.735697,48.514116],[39.735634,48.514586],[39.73549,48.514803],[39.736029,48.514737],[39.737635,48.514435],[39.737635,48.514434],[39.737871,48.514389],[39.73819,48.514264],[39.738504,48.514246],[39.738091,48.513789],[39.737817,48.513824],[39.737601,48.513624],[39.737635,48.513615],[39.737635,48.513614],[39.738045,48.513494],[39.737965,48.513067],[39.737884,48.512631],[39.737804,48.512646],[39.737488,48.512685],[39.737395,48.512696],[39.735691,48.512954],[39.73569,48.512954],[39.73549,48.512984],[39.735485,48.512985]]]}},{"type":"Feature","properties":{"cadnum":"4421483000:06:003:0050"},"geometry":{"type":"Polygon","coordinates":[[[39.776009,48.465391],[39.776169,48.465625],[39.776194,48.465662],[39.776246,48.465739],[39.776247,48.465739],[39.777275,48.467241],[39.778596,48.467184],[39.777526,48.465625],[39.777298,48.465293],[39.776009,48.465391]]]}},{"type":"Feature","properties":{"cadnum":"4421483000:06:003:0051"},"geometry":{"type":"Polygon","coordinates":[[[39.777298,48.465293],[39.777604,48.465739],[39.778596,48.467184],[39.778613,48.467211],[39.779086,48.467896],[39.779831,48.467881],[39.779615,48.467616],[39.779355,48.467235],[39.779592,48.467211],[39.778524,48.465651],[39.778237,48.46523],[39.777944,48.465242],[39.777298,48.465293]]]}},{"type":"Feature","properties":{"cadnum":"4421483000:10:003:0055"},"geometry":{"type":"Polygon","coordinates":[[[39.71813,48.46403],[39.719432,48.464691],[39.720143,48.464235],[39.721155,48.464207],[39.721155,48.464206],[39.721917,48.464184],[39.721155,48.4638],[39.721155,48.463799],[39.719734,48.46308],[39.71813,48.46403]]]}},{"type":"Feature","properties":{"cadnum":"4421483000:10:005:0010"},"geometry":{"type":"Polygon","coordinates":[[[39.732943,48.481406],[39.733194,48.481545],[39.735368,48.482739],[39.737463,48.481446],[39.737463,48.481447],[39.738127,48.481036],[39.738037,48.480899],[39.738032,48.48089],[39.737893,48.480488],[39.737893,48.48048],[39.737873,48.48023],[39.737861,48.480093],[39.737834,48.479464],[39.737578,48.479253],[39.737196,48.47903],[39.737188,48.479021],[39.737079,48.47891],[39.737075,48.478904],[39.737066,48.478886],[39.737071,48.478878],[39.737079,48.478845],[39.734903,48.480192],[39.732943,48.481406]]]}},{"type":"Feature","properties":{"cadnum":"4421483000:01:003:0117"},"geometry":{"type":"Polygon","coordinates":[[[39.781866,48.525629],[39.783797,48.526885],[39.784187,48.526316],[39.782436,48.525177],[39.782158,48.525397],[39.781866,48.525629]]]}},{"type":"Feature","properties":{"cadnum":"4421483000:01:003:0118"},"geometry":{"type":"Polygon","coordinates":[[[39.782436,48.525177],[39.784187,48.526316],[39.784497,48.525864],[39.783981,48.524769],[39.783087,48.524659],[39.782724,48.524948],[39.782436,48.525177]]]}},{"type":"Feature","properties":{"cadnum":"4421483000:01:002:0023"},"geometry":{"type":"Polygon","coordinates":[[[39.798615,48.544488],[39.799571,48.544441],[39.80025,48.542171],[39.800251,48.542171],[39.800353,48.541832],[39.800523,48.541098],[39.800865,48.540156],[39.801364,48.539575],[39.798929,48.539251],[39.798928,48.539251],[39.79876,48.542057],[39.798615,48.544488]],[[39.800429,48.540857],[39.800433,48.540893],[39.800376,48.540893],[39.800376,48.540857],[39.800429,48.540857]],[[39.799714,48.53937],[39.799714,48.539406],[39.799661,48.539406],[39.799661,48.53937],[39.799714,48.53937]],[[39.799638,48.54017],[39.799638,48.540205],[39.799638,48.540206],[39.799584,48.540206],[39.799584,48.540205],[39.799584,48.54017],[39.799638,48.54017]],[[39.798974,48.539287],[39.799028,48.539284],[39.799028,48.539319],[39.798974,48.539323],[39.798974,48.539287]]]}},{"type":"Feature","properties":{"cadnum":"4421483000:01:003:0155"},"geometry":{"type":"Polygon","coordinates":[[[39.799257,48.50867],[39.800966,48.509428],[39.801171,48.509519],[39.801304,48.509395],[39.801624,48.509102],[39.799706,48.508254],[39.799257,48.50867]]]}},{"type":"Feature","properties":{"cadnum":"4421483000:01:003:0040"},"geometry":{"type":"Polygon","coordinates":[[[39.800695,48.507305],[39.803553,48.508568],[39.804794,48.509116],[39.805419,48.508578],[39.803553,48.507753],[39.803553,48.507752],[39.801296,48.506754],[39.800695,48.507305]]]}},{"type":"Feature","properties":{"cadnum":"4421483000:01:003:0041"},"geometry":{"type":"Polygon","coordinates":[[[39.801296,48.506754],[39.803381,48.507677],[39.805419,48.508578],[39.805976,48.508096],[39.806242,48.507658],[39.805967,48.507266],[39.804611,48.506828],[39.803964,48.507287],[39.803381,48.507086],[39.801601,48.506471],[39.801296,48.506754]]]}},{"type":"Feature","properties":{"cadnum":"4421483000:11:001:0035"},"geometry":{"type":"Polygon","coordinates":[[[39.740071,48.509315],[39.740071,48.509376],[39.742263,48.50931],[39.742316,48.50884],[39.742326,48.508072],[39.742232,48.507301],[39.742133,48.507186],[39.741523,48.506945],[39.740255,48.506465],[39.740081,48.506412],[39.740072,48.509314],[39.740072,48.509315],[39.740071,48.509315]]]}},{"type":"Feature","properties":{"cadnum":"4421483000:11:001:0034"},"geometry":{"type":"Polygon","coordinates":[[[39.738217,48.509315],[39.738217,48.509432],[39.739527,48.509392],[39.739882,48.509381],[39.740071,48.509376],[39.740081,48.506412],[39.738423,48.505888],[39.738225,48.505861],[39.738217,48.509314],[39.738217,48.509315]]]}},{"type":"Feature","properties":{"cadnum":"4421483000:11:001:0027"},"geometry":{"type":"Polygon","coordinates":[[[39.739878,48.511524],[39.740557,48.511458],[39.741406,48.511352],[39.741724,48.511224],[39.741922,48.51109],[39.742029,48.510917],[39.74211,48.510574],[39.742248,48.509428],[39.742263,48.50931],[39.742115,48.509315],[39.742114,48.509315],[39.740071,48.509376],[39.739882,48.509381],[39.739881,48.509428],[39.739882,48.509428],[39.739878,48.511524]]]}},{"type":"Feature","properties":{"cadnum":"4421483000:11:003:0052"},"geometry":{"type":"Polygon","coordinates":[[[39.696773,48.490968],[39.696773,48.490985],[39.696795,48.490985],[39.696795,48.490968],[39.696773,48.490968]]]}},{"type":"Feature","properties":{"cadnum":"4421483000:11:003:0051"},"geometry":{"type":"Polygon","coordinates":[[[39.697595,48.491003],[39.697599,48.491021],[39.697621,48.491021],[39.697621,48.491003],[39.697595,48.491003]]]}},{"type":"Feature","properties":{"cadnum":"4421483000:15:001:0001"},"geometry":{"type":"Polygon","coordinates":[[[39.695946,48.490932],[39.695946,48.49095],[39.695973,48.49095],[39.695973,48.490932],[39.695946,48.490932]]]}},{"type":"Feature","properties":{"cadnum":"4421483000:15:001:0002"},"geometry":{"type":"Polygon","coordinates":[[[39.695124,48.490897],[39.695124,48.490914],[39.695147,48.490914],[39.695147,48.490897],[39.695124,48.490897]]]}},{"type":"Feature","properties":{"cadnum":"4421483000:15:001:0003"},"geometry":{"type":"Polygon","coordinates":[[[39.694298,48.490861],[39.694298,48.490879],[39.694325,48.490879],[39.694325,48.490861],[39.694298,48.490861]]]}},{"type":"Feature","properties":{"cadnum":"4421483000:11:003:0050"},"geometry":{"type":"Polygon","coordinates":[[[39.698425,48.49104],[39.698425,48.491057],[39.698448,48.491057],[39.698448,48.49104],[39.698425,48.49104]]]}},{"type":"Feature","properties":{"cadnum":"4421483000:14:002:0016"},"geometry":{"type":"Polygon","coordinates":[[[39.751075,48.475629],[39.751358,48.475817],[39.752453,48.476551],[39.753335,48.477142],[39.753999,48.476571],[39.754114,48.476472],[39.754114,48.476471],[39.756955,48.474027],[39.755458,48.473023],[39.7547,48.472515],[39.754107,48.473023],[39.754108,48.473023],[39.753976,48.473137],[39.751075,48.475629]]]}},{"type":"Feature","properties":{"cadnum":"4421483000:12:001:0020"},"geometry":{"type":"Polygon","coordinates":[[[39.754063,48.503451],[39.754063,48.503469],[39.75409,48.503469],[39.754085,48.503451],[39.754063,48.503451]]]}},{"type":"Feature","properties":{"cadnum":"4421483000:12:001:0021"},"geometry":{"type":"Polygon","coordinates":[[[39.75427,48.50399],[39.754291,48.504043],[39.754318,48.50404],[39.754297,48.503983],[39.75427,48.50399]]]}},{"type":"Feature","properties":{"cadnum":"4421483000:12:001:0022"},"geometry":{"type":"Polygon","coordinates":[[[39.754287,48.5041],[39.754305,48.504153],[39.754386,48.504141],[39.754368,48.504087],[39.754287,48.5041]]]}},{"type":"Feature","properties":{"cadnum":"4421483000:14:003:0021"},"geometry":{"type":"Polygon","coordinates":[[[39.754238,48.472205],[39.754516,48.472393],[39.757274,48.470888],[39.756798,48.470555],[39.755356,48.471338],[39.755249,48.471338],[39.754238,48.472205]]]}},{"type":"Feature","properties":{"cadnum":"4421483000:14:003:0016"},"geometry":{"type":"Polygon","coordinates":[[[39.756627,48.473807],[39.756955,48.474027],[39.75713,48.474143],[39.759334,48.472941],[39.759436,48.472886],[39.75947,48.472867],[39.759607,48.472793],[39.759607,48.472792],[39.759784,48.472696],[39.759517,48.472539],[39.759245,48.472378],[39.758062,48.473023],[39.758063,48.473023],[39.756627,48.473807]]]}},{"type":"Feature","properties":{"cadnum":"4421483000:14:003:0022"},"geometry":{"type":"Polygon","coordinates":[[[39.75448,48.470823],[39.755249,48.471338],[39.755356,48.471338],[39.756798,48.470555],[39.756542,48.470373],[39.755998,48.469996],[39.75448,48.470823]]]}},{"type":"Feature","properties":{"cadnum":"4421483000:14:003:0020"},"geometry":{"type":"Polygon","coordinates":[[[39.754516,48.472393],[39.7547,48.472515],[39.75501,48.472723],[39.757732,48.47124],[39.757714,48.471223],[39.757444,48.471007],[39.757274,48.470888],[39.754516,48.472393]]]}},{"type":"Feature","properties":{"cadnum":"4421483000:14:003:0019"},"geometry":{"type":"Polygon","coordinates":[[[39.75501,48.472723],[39.755285,48.472909],[39.755341,48.472947],[39.755454,48.473023],[39.755455,48.473023],[39.755522,48.473068],[39.755605,48.473023],[39.758052,48.471689],[39.757912,48.471419],[39.757732,48.47124],[39.75501,48.472723]]]}},{"type":"Feature","properties":{"cadnum":"4421483000:14:003:0017"},"geometry":{"type":"Polygon","coordinates":[[[39.756088,48.473446],[39.756627,48.473807],[39.758272,48.472909],[39.758271,48.472909],[39.759245,48.472378],[39.758882,48.47225],[39.758486,48.472139],[39.756863,48.473023],[39.756864,48.473023],[39.756088,48.473446]]]}},{"type":"Feature","properties":{"cadnum":"4421483000:08:001:0009"},"geometry":{"type":"Polygon","coordinates":[[[39.650716,48.486137],[39.655237,48.486499],[39.658743,48.486779],[39.658984,48.485464],[39.655237,48.485164],[39.655237,48.485163],[39.65085,48.484811],[39.650828,48.485109],[39.650765,48.485683],[39.650716,48.486137]],[[39.655112,48.486062],[39.655112,48.486098],[39.655059,48.486098],[39.655059,48.486062],[39.655112,48.486062]],[[39.655104,48.486113],[39.655104,48.486148],[39.655051,48.486148],[39.655051,48.486113],[39.655104,48.486113]],[[39.655072,48.486234],[39.655072,48.486235],[39.655072,48.48625],[39.655051,48.48625],[39.655051,48.486235],[39.655051,48.486234],[39.655072,48.486234]]]}},{"type":"Feature","properties":{"cadnum":"4421483000:08:001:0008"},"geometry":{"type":"Polygon","coordinates":[[[39.650586,48.48728],[39.653027,48.487474],[39.653027,48.487475],[39.655237,48.487651],[39.658536,48.487914],[39.658595,48.487588],[39.658743,48.486779],[39.655066,48.486485],[39.655066,48.486486],[39.655065,48.486486],[39.650716,48.486137],[39.650653,48.486684],[39.650635,48.487005],[39.650586,48.48728]],[[39.654992,48.486818],[39.654969,48.486818],[39.654969,48.486803],[39.654992,48.486803],[39.654992,48.486818]],[[39.654978,48.486964],[39.654952,48.486964],[39.654952,48.486949],[39.654978,48.486949],[39.654978,48.486964]],[[39.654956,48.48711],[39.654955,48.48711],[39.654934,48.48711],[39.654934,48.487095],[39.654955,48.487095],[39.654956,48.487095],[39.654956,48.48711]]]}},{"type":"Feature","properties":{"cadnum":"4421483000:06:004:0033"},"geometry":{"type":"Polygon","coordinates":[[[39.821949,48.501733],[39.821975,48.501731],[39.821975,48.501716],[39.821949,48.501716],[39.821949,48.501733]]]}},{"type":"Feature","properties":{"cadnum":"4421483000:05:005:0034"},"geometry":{"type":"Polygon","coordinates":[[[39.823534,48.501665],[39.823534,48.501683],[39.823561,48.501683],[39.823561,48.501665],[39.823534,48.501665]]]}},{"type":"Feature","properties":{"cadnum":"4421483000:06:004:0034"},"geometry":{"type":"Polygon","coordinates":[[[39.822379,48.501608],[39.822388,48.501627],[39.822469,48.501612],[39.822461,48.501594],[39.822379,48.501608]]]}},{"type":"Feature","properties":{"cadnum":"4421483000:06:004:0041"},"geometry":{"type":"Polygon","coordinates":[[[39.820322,48.500767],[39.820322,48.500781],[39.820349,48.500781],[39.820349,48.500763],[39.820322,48.500767]]]}},{"type":"Feature","properties":{"cadnum":"4421483000:05:005:0022"},"geometry":{"type":"Polygon","coordinates":[[[39.820017,48.501683],[39.820044,48.50168],[39.820044,48.501665],[39.820017,48.501665],[39.820017,48.501683]]]}},{"type":"Feature","properties":{"cadnum":"4421483000:05:005:0040"},"geometry":{"type":"Polygon","coordinates":[[[39.820542,48.502084],[39.820646,48.502082],[39.820646,48.502064],[39.820574,48.502064],[39.82057,48.502013],[39.820542,48.502016],[39.820542,48.502084]]]}},{"type":"Feature","properties":{"cadnum":"4421483000:06:004:0032"},"geometry":{"type":"Polygon","coordinates":[[[39.82131,48.501874],[39.82131,48.501892],[39.821337,48.501892],[39.821337,48.501874],[39.82131,48.501874]]]}},{"type":"Feature","properties":{"cadnum":"4421483000:06:004:0044"},"geometry":{"type":"Polygon","coordinates":[[[39.822321,48.501629],[39.822325,48.501689],[39.822411,48.501689],[39.822411,48.501671],[39.822348,48.501671],[39.822348,48.501629],[39.822321,48.501629]]]}},{"type":"Feature","properties":{"cadnum":"4421483000:06:004:0042"},"geometry":{"type":"Polygon","coordinates":[[[39.821104,48.501133],[39.821126,48.501129],[39.821126,48.501115],[39.821104,48.501115],[39.821104,48.501133]]]}},{"type":"Feature","properties":{"cadnum":"4421483000:05:005:0025"},"geometry":{"type":"Polygon","coordinates":[[[39.824729,48.501597],[39.824729,48.501612],[39.824755,48.501612],[39.824755,48.501597],[39.824729,48.501597]]]}},{"type":"Feature","properties":{"cadnum":"4421483000:05:005:0024"},"geometry":{"type":"Polygon","coordinates":[[[39.823916,48.501597],[39.82392,48.501612],[39.823943,48.501612],[39.823943,48.501594],[39.823916,48.501597]]]}},{"type":"Feature","properties":{"cadnum":"4421483000:05:005:0035"},"geometry":{"type":"Polygon","coordinates":[[[39.824536,48.501662],[39.824536,48.50168],[39.824558,48.50168],[39.824558,48.501662],[39.824536,48.501662]]]}},{"type":"Feature","properties":{"cadnum":"4421483000:05:005:0023"},"geometry":{"type":"Polygon","coordinates":[[[39.823102,48.501594],[39.823102,48.501612],[39.82313,48.501612],[39.82313,48.501594],[39.823102,48.501594]]]}},{"type":"Feature","properties":{"cadnum":"4421483000:06:004:0043"},"geometry":{"type":"Polygon","coordinates":[[[39.821792,48.501421],[39.821792,48.501439],[39.821818,48.501439],[39.821818,48.501421],[39.821792,48.501421]]]}},{"type":"Feature","properties":{"cadnum":"4421483000:01:003:0091"},"geometry":{"type":"Polygon","coordinates":[[[39.781363,48.514755],[39.781408,48.514813],[39.781408,48.514814],[39.782728,48.51649],[39.783361,48.516136],[39.782036,48.514458],[39.781529,48.514666],[39.781363,48.514755]]]}},{"type":"Feature","properties":{"cadnum":"4421483000:01:003:0027"},"geometry":{"type":"Polygon","coordinates":[[[39.776503,48.515261],[39.776547,48.515258],[39.776547,48.515231],[39.776503,48.515231],[39.776503,48.515261]]]}},{"type":"Feature","properties":{"cadnum":"4421483000:01:003:0085"},"geometry":{"type":"Polygon","coordinates":[[[39.777311,48.516948],[39.778749,48.518766],[39.779107,48.518513],[39.779403,48.51835],[39.778105,48.516706],[39.778003,48.516576],[39.777973,48.516592],[39.777972,48.516592],[39.777815,48.516677],[39.777761,48.516706],[39.77776,48.516706],[39.777311,48.516948]]]}},{"type":"Feature","properties":{"cadnum":"4421483000:01:003:0028"},"geometry":{"type":"Polygon","coordinates":[[[39.777895,48.514547],[39.7779,48.514574],[39.77794,48.514574],[39.77794,48.514547],[39.777895,48.514547]]]}},{"type":"Feature","properties":{"cadnum":"4421483000:01:003:0029"},"geometry":{"type":"Polygon","coordinates":[[[39.779346,48.513836],[39.779346,48.513862],[39.779386,48.513862],[39.779386,48.513836],[39.779346,48.513836]]]}},{"type":"Feature","properties":{"cadnum":"4421483000:01:003:0087"},"geometry":{"type":"Polygon","coordinates":[[[39.778613,48.516246],[39.778886,48.516592],[39.780006,48.51801],[39.780667,48.517642],[39.779928,48.516706],[39.779279,48.515883],[39.778613,48.516246]]]}},{"type":"Feature","properties":{"cadnum":"4421483000:01:003:0030"},"geometry":{"type":"Polygon","coordinates":[[[39.780828,48.513137],[39.780873,48.513134],[39.780873,48.513107],[39.780828,48.513107],[39.780828,48.513137]]]}},{"type":"Feature","properties":{"cadnum":"4421483000:01:003:0088"},"geometry":{"type":"Polygon","coordinates":[[[39.779279,48.515883],[39.779838,48.516592],[39.780667,48.517642],[39.781363,48.517254],[39.780838,48.516592],[39.779979,48.515505],[39.779279,48.515883]]]}},{"type":"Feature","properties":{"cadnum":"4421483000:01:003:0086"},"geometry":{"type":"Polygon","coordinates":[[[39.778003,48.516576],[39.778016,48.516592],[39.778015,48.516592],[39.779403,48.51835],[39.780006,48.51801],[39.778976,48.516706],[39.778613,48.516246],[39.778003,48.516576]]]}},{"type":"Feature","properties":{"cadnum":"4421483000:02:005:0008"},"geometry":{"type":"Polygon","coordinates":[[[39.83973,48.514925],[39.842005,48.515863],[39.842075,48.515891],[39.842506,48.514928],[39.842005,48.514758],[39.842005,48.514757],[39.839901,48.514041],[39.83973,48.514925]]]}},{"type":"Feature","properties":{"cadnum":"4421483000:07:003:0009"},"geometry":{"type":"Polygon","coordinates":[[[39.841248,48.483659],[39.841289,48.483659],[39.841289,48.48363],[39.841248,48.483633],[39.841248,48.483659]]]}},{"type":"Feature","properties":{"cadnum":"4421483000:07:003:0008"},"geometry":{"type":"Polygon","coordinates":[[[39.841505,48.481748],[39.84155,48.481745],[39.84155,48.481718],[39.841505,48.481718],[39.841505,48.481748]]]}},{"type":"Feature","properties":{"cadnum":"4421483000:14:002:0031"},"geometry":{"type":"Polygon","coordinates":[[[39.730607,48.46831],[39.731699,48.469025],[39.73197,48.468792],[39.735521,48.465739],[39.735522,48.465739],[39.737463,48.464072],[39.739056,48.462702],[39.737771,48.462157],[39.737463,48.462422],[39.737463,48.462423],[39.733733,48.465625],[39.733732,48.465625],[39.732142,48.466993],[39.732141,48.466993],[39.730607,48.46831]]]}},{"type":"Feature","properties":{"cadnum":"4421483000:01:002:0054"},"geometry":{"type":"Polygon","coordinates":[[[39.798363,48.529558],[39.800833,48.529588],[39.802041,48.528288],[39.802737,48.527507],[39.803381,48.526786],[39.803821,48.526292],[39.803553,48.526192],[39.802005,48.525611],[39.800149,48.527621],[39.80015,48.527621],[39.798363,48.529558]]]}},{"type":"Feature","properties":{"cadnum":"4421483000:01:002:0053"},"geometry":{"type":"Polygon","coordinates":[[[39.796221,48.529531],[39.797888,48.529552],[39.797888,48.529553],[39.798363,48.529558],[39.800255,48.527507],[39.800254,48.527507],[39.802005,48.525611],[39.800393,48.525007],[39.798087,48.527507],[39.798086,48.527507],[39.798049,48.527548],[39.797982,48.527621],[39.797888,48.527724],[39.796221,48.529531]]]}},{"type":"Feature","properties":{"cadnum":"4421483000:01:003:0142"},"geometry":{"type":"Polygon","coordinates":[[[39.794437,48.514047],[39.795147,48.514574],[39.795223,48.514484],[39.795906,48.513657],[39.796396,48.513067],[39.796561,48.512869],[39.797173,48.512128],[39.796068,48.512078],[39.795247,48.513067],[39.795248,48.513067],[39.794437,48.514047]]]}},{"type":"Feature","properties":{"cadnum":"4421483000:01:003:0145"},"geometry":{"type":"Polygon","coordinates":[[[39.795906,48.513657],[39.798059,48.514611],[39.79806,48.514611],[39.798601,48.51485],[39.799252,48.514062],[39.79806,48.513534],[39.798059,48.513534],[39.797008,48.513067],[39.796561,48.512869],[39.796491,48.512954],[39.79649,48.512954],[39.795906,48.513657]]]}},{"type":"Feature","properties":{"cadnum":"4421483000:01:003:0141"},"geometry":{"type":"Polygon","coordinates":[[[39.793588,48.513419],[39.794437,48.514047],[39.795342,48.512954],[39.795342,48.512953],[39.796068,48.512078],[39.795552,48.512051],[39.794231,48.512149],[39.793765,48.513067],[39.793766,48.513067],[39.793588,48.513419]]]}},{"type":"Feature","properties":{"cadnum":"4421483000:01:003:0147"},"geometry":{"type":"Polygon","coordinates":[[[39.797196,48.512131],[39.798059,48.512514],[39.798059,48.512513],[39.79806,48.512513],[39.799055,48.512953],[39.799055,48.512954],[39.799873,48.513315],[39.800096,48.513042],[39.800097,48.513042],[39.800479,48.512699],[39.800932,48.512342],[39.79958,48.511744],[39.79901,48.512217],[39.797888,48.512164],[39.797196,48.512131]]]}},{"type":"Feature","properties":{"cadnum":"4421483000:10:006:0057"},"geometry":{"type":"Polygon","coordinates":[[[39.746121,48.492361],[39.748449,48.491884],[39.748893,48.491792],[39.748621,48.491432],[39.748449,48.491204],[39.748425,48.491172],[39.748251,48.490941],[39.7474,48.491115],[39.747399,48.491115],[39.747092,48.491178],[39.746844,48.491229],[39.746333,48.491334],[39.746148,48.491819],[39.746121,48.492361]]]}},{"type":"Feature","properties":{"cadnum":"4421483000:10:006:0056"},"geometry":{"type":"Polygon","coordinates":[[[39.746068,48.493436],[39.748449,48.493023],[39.749656,48.492814],[39.748893,48.491792],[39.748621,48.491849],[39.748621,48.491848],[39.746121,48.492361],[39.746068,48.493436]]]}},{"type":"Feature","properties":{"cadnum":"4421483000:10:003:0038"},"geometry":{"type":"Polygon","coordinates":[[[39.712174,48.474984],[39.713028,48.475439],[39.714746,48.472909],[39.715417,48.471922],[39.715372,48.471835],[39.71504,48.470934],[39.715004,48.470814],[39.713581,48.472909],[39.712174,48.474984]]]}},{"type":"Feature","properties":{"cadnum":"4421483000:10:003:0036"},"geometry":{"type":"Polygon","coordinates":[[[39.710732,48.474212],[39.710759,48.474227],[39.711442,48.474593],[39.712586,48.472909],[39.712585,48.472909],[39.714568,48.469992],[39.714011,48.469742],[39.713818,48.469659],[39.711537,48.473023],[39.710732,48.474212]]]}},{"type":"Feature","properties":{"cadnum":"4421483000:10:003:0037"},"geometry":{"type":"Polygon","coordinates":[[[39.711442,48.474593],[39.712174,48.474984],[39.713503,48.473023],[39.713504,48.473023],[39.715004,48.470814],[39.714959,48.470656],[39.714856,48.470124],[39.714568,48.469992],[39.712508,48.473023],[39.711442,48.474593]]]}},{"type":"Feature","properties":{"cadnum":"4421483000:02:004:0003"},"geometry":{"type":"Polygon","coordinates":[[[39.83678,48.531784],[39.836856,48.532717],[39.83699,48.534041],[39.83706,48.534783],[39.837061,48.534787],[39.837071,48.534896],[39.837072,48.534896],[39.83708,48.534981],[39.837216,48.534896],[39.842005,48.531922],[39.84252,48.531602],[39.841833,48.531624],[39.83678,48.531784]]]}},{"type":"Feature","properties":{"cadnum":"4421483000:02:004:0002"},"geometry":{"type":"Polygon","coordinates":[[[39.83708,48.534981],[39.837216,48.536402],[39.839824,48.534783],[39.839824,48.534782],[39.841833,48.533536],[39.84193,48.533476],[39.842005,48.533429],[39.844401,48.531941],[39.844841,48.531145],[39.845673,48.529645],[39.844766,48.530207],[39.843071,48.531259],[39.84252,48.531602],[39.841833,48.532029],[39.837399,48.534783],[39.837398,48.534783],[39.83708,48.534981]]]}},{"type":"Feature","properties":{"cadnum":"4421483000:02:004:0001"},"geometry":{"type":"Polygon","coordinates":[[[39.837216,48.536402],[39.837323,48.537518],[39.838688,48.536682],[39.839906,48.535968],[39.840063,48.535552],[39.840432,48.535367],[39.841244,48.535188],[39.841724,48.534878],[39.841833,48.534808],[39.841991,48.534706],[39.842005,48.534697],[39.843359,48.533821],[39.844401,48.531941],[39.84193,48.533476],[39.83964,48.534896],[39.839641,48.534896],[39.837216,48.536402]]]}},{"type":"Feature","properties":{"cadnum":"4421483000:05:006:0015"},"geometry":{"type":"Polygon","coordinates":[[[39.838338,48.500328],[39.838338,48.500346],[39.838365,48.500346],[39.838365,48.500328],[39.838338,48.500328]]]}},{"type":"Feature","properties":{"cadnum":"4421483000:05:006:0016"},"geometry":{"type":"Polygon","coordinates":[[[39.839264,48.500177],[39.839264,48.500195],[39.83929,48.500195],[39.83929,48.500177],[39.839264,48.500177]]]}},{"type":"Feature","properties":{"cadnum":"4421483000:05:006:0018"},"geometry":{"type":"Polygon","coordinates":[[[39.841118,48.499873],[39.841122,48.499889],[39.841145,48.499889],[39.841145,48.499871],[39.841118,48.499873]]]}},{"type":"Feature","properties":{"cadnum":"4421483000:05:006:0052"},"geometry":{"type":"Polygon","coordinates":[[[39.839874,48.50026],[39.840466,48.500251],[39.840467,48.500251],[39.84048,48.50029],[39.840642,48.500278],[39.840602,48.500076],[39.840776,48.500055],[39.840682,48.499838],[39.839887,48.499924],[39.839874,48.50026]]]}},{"type":"Feature","properties":{"cadnum":"4421483000:05:007:0017"},"geometry":{"type":"Polygon","coordinates":[[[39.837386,48.500487],[39.837386,48.500504],[39.837409,48.500504],[39.837409,48.500487],[39.837386,48.500487]]]}},{"type":"Feature","properties":{"cadnum":"4421483000:07:003:0023"},"geometry":{"type":"Polygon","coordinates":[[[39.840319,48.499525],[39.841059,48.499847],[39.841833,48.500239],[39.841833,48.50024],[39.841998,48.500323],[39.842005,48.500319],[39.842636,48.499885],[39.842005,48.499589],[39.842005,48.499588],[39.840952,48.499093],[39.840921,48.499115],[39.840319,48.499525]],[[39.841128,48.499212],[39.841154,48.499201],[39.841155,48.499201],[39.841168,48.499218],[39.841168,48.499219],[39.841145,48.49923],[39.841128,48.499212]]]}},{"type":"Feature","properties":{"cadnum":"4421483000:05:006:0053"},"geometry":{"type":"Polygon","coordinates":[[[39.839887,48.499924],[39.840682,48.499838],[39.840665,48.499799],[39.839887,48.499924]]]}},{"type":"Feature","properties":{"cadnum":"4421483000:07:003:0024"},"geometry":{"type":"Polygon","coordinates":[[[39.840952,48.499093],[39.841833,48.499508],[39.842636,48.499885],[39.843269,48.499448],[39.84216,48.498927],[39.84207,48.498883],[39.84207,48.498891],[39.84207,48.498892],[39.842044,48.498897],[39.842034,48.498879],[39.842053,48.498876],[39.841884,48.498797],[39.841585,48.498656],[39.840952,48.499093]],[[39.842021,48.499053],[39.842021,48.499052],[39.842115,48.499031],[39.842124,48.499049],[39.842034,48.49907],[39.842021,48.499053]],[[39.842048,48.499112],[39.842074,48.499102],[39.842075,48.499102],[39.842088,48.499121],[39.842061,48.49913],[39.842048,48.499112]],[[39.842005,48.49913],[39.842005,48.499129],[39.842017,48.499126],[39.842021,48.499135],[39.842008,48.499139],[39.842007,48.499139],[39.842003,48.49913],[39.842004,48.49913],[39.842005,48.49913]]]}},{"type":"Feature","properties":{"cadnum":"4421483000:13:002:0024"},"geometry":{"type":"Polygon","coordinates":[[[39.779529,48.500707],[39.779552,48.500703],[39.779552,48.500689],[39.779529,48.500689],[39.779529,48.500707]]]}},{"type":"Feature","properties":{"cadnum":"4421483000:13:002:0029"},"geometry":{"type":"Polygon","coordinates":[[[39.776197,48.501007],[39.776202,48.501025],[39.776287,48.501016],[39.776283,48.500999],[39.776197,48.501007]]]}},{"type":"Feature","properties":{"cadnum":"4421483000:13:002:0025"},"geometry":{"type":"Polygon","coordinates":[[[39.77886,48.500751],[39.778866,48.500769],[39.778887,48.500769],[39.778887,48.500751],[39.77886,48.500751]]]}},{"type":"Feature","properties":{"cadnum":"4421483000:13:002:0044"},"geometry":{"type":"Polygon","coordinates":[[[39.780787,48.500588],[39.780895,48.500582],[39.780887,48.500516],[39.780854,48.500516],[39.780864,48.500564],[39.780787,48.50057],[39.780787,48.500588]]]}},{"type":"Feature","properties":{"cadnum":"4421483000:13:002:0028"},"geometry":{"type":"Polygon","coordinates":[[[39.776871,48.500942],[39.776871,48.500959],[39.776898,48.500959],[39.776898,48.500942],[39.776871,48.500942]]]}},{"type":"Feature","properties":{"cadnum":"4421483000:13:002:0027"},"geometry":{"type":"Polygon","coordinates":[[[39.777531,48.500879],[39.777531,48.500897],[39.777558,48.500897],[39.777558,48.500879],[39.777531,48.500879]]]}},{"type":"Feature","properties":{"cadnum":"4421483000:13:002:0023"},"geometry":{"type":"Polygon","coordinates":[[[39.780195,48.500624],[39.780195,48.500641],[39.780221,48.500641],[39.780221,48.500624],[39.780195,48.500624]]]}},{"type":"Feature","properties":{"cadnum":"4421483000:13:002:0026"},"geometry":{"type":"Polygon","coordinates":[[[39.778124,48.500823],[39.778128,48.500838],[39.778214,48.500829],[39.77821,48.500814],[39.778124,48.500823]]]}},{"type":"Feature","properties":{"cadnum":"4421483000:14:001:0043"},"geometry":{"type":"Polygon","coordinates":[[[39.793565,48.495195],[39.793634,48.495192],[39.793634,48.495147],[39.793565,48.49515],[39.793565,48.495195]]]}},{"type":"Feature","properties":{"cadnum":"4421483000:10:002:0004"},"geometry":{"type":"Polygon","coordinates":[[[39.689303,48.479166],[39.693518,48.47968],[39.698057,48.480232],[39.698088,48.479985],[39.698174,48.479006],[39.693689,48.478461],[39.689509,48.477952],[39.689505,48.477973],[39.689303,48.479166]]]}},{"type":"Feature","properties":{"cadnum":"4421483000:10:002:0005"},"geometry":{"type":"Polygon","coordinates":[[[39.689528,48.477871],[39.693689,48.478379],[39.693689,48.478378],[39.698183,48.478926],[39.698281,48.4778],[39.698287,48.477794],[39.693689,48.477235],[39.689744,48.476755],[39.689698,48.477014],[39.689698,48.477035],[39.689654,48.477407],[39.689572,48.477675],[39.689551,48.477767],[39.689528,48.477871]]]}},{"type":"Feature","properties":{"cadnum":"4421483000:05:003:0013"},"geometry":{"type":"Polygon","coordinates":[[[39.816809,48.507486],[39.816855,48.507486],[39.816855,48.507457],[39.816809,48.507459],[39.816809,48.507486]]]}},{"type":"Feature","properties":{"cadnum":"4421483000:05:003:0012"},"geometry":{"type":"Polygon","coordinates":[[[39.818463,48.507944],[39.818463,48.507971],[39.818503,48.507971],[39.818503,48.507944],[39.818463,48.507944]]]}},{"type":"Feature","properties":{"cadnum":"4421483000:05:003:0014"},"geometry":{"type":"Polygon","coordinates":[[[39.815332,48.507051],[39.815377,48.507049],[39.815373,48.507022],[39.815332,48.507022],[39.815332,48.507051]]]}},{"type":"Feature","properties":{"cadnum":"4421483000:14:002:0050"},"geometry":{"type":"Polygon","coordinates":[[[39.75779,48.474956],[39.758056,48.475192],[39.759088,48.474703],[39.759008,48.474631],[39.758828,48.474471],[39.75779,48.474956]]]}},{"type":"Feature","properties":{"cadnum":"4421483000:14:002:0049"},"geometry":{"type":"Polygon","coordinates":[[[39.758056,48.475192],[39.758339,48.475445],[39.759371,48.474956],[39.759088,48.474703],[39.758056,48.475192]]]}},{"type":"Feature","properties":{"cadnum":"4421483000:08:001:0005"},"geometry":{"type":"Polygon","coordinates":[[[39.649831,48.490747],[39.65028,48.490771],[39.650698,48.490789],[39.650923,48.490804],[39.651147,48.490822],[39.654363,48.491042],[39.655065,48.491092],[39.655066,48.491092],[39.655167,48.491099],[39.655237,48.491104],[39.655391,48.491113],[39.656128,48.491164],[39.656196,48.491168],[39.656227,48.491168],[39.656344,48.490846],[39.65859,48.491003],[39.658743,48.49017],[39.655237,48.489891],[39.655237,48.48989],[39.65011,48.48948],[39.649885,48.490458],[39.649831,48.490747]]]}},{"type":"Feature","properties":{"cadnum":"4421483000:08:001:0065"},"geometry":{"type":"Polygon","coordinates":[[[39.65355,48.489378],[39.65355,48.489405],[39.653594,48.489405],[39.653594,48.489378],[39.65355,48.489378]]]}},{"type":"Feature","properties":{"cadnum":"4421483000:08:001:0064"},"geometry":{"type":"Polygon","coordinates":[[[39.651722,48.489277],[39.651722,48.489304],[39.651766,48.489304],[39.651762,48.489277],[39.651722,48.489277]]]}},{"type":"Feature","properties":{"cadnum":"4421483000:07:005:0002"},"geometry":{"type":"Polygon","coordinates":[[[39.835863,48.466133],[39.835931,48.466129],[39.835931,48.466085],[39.835863,48.466085],[39.835863,48.466133]]]}},{"type":"Feature","properties":{"cadnum":"4421483000:06:003:0023"},"geometry":{"type":"Polygon","coordinates":[[[39.786842,48.483218],[39.786901,48.483209],[39.786901,48.48321],[39.786977,48.483198],[39.787073,48.483174],[39.788064,48.482924],[39.788531,48.482796],[39.789196,48.482516],[39.789204,48.482513],[39.789416,48.48245],[39.789439,48.482448],[39.790732,48.482385],[39.790997,48.482344],[39.79189,48.482007],[39.792566,48.481779],[39.792888,48.481671],[39.794581,48.481018],[39.795084,48.48081],[39.792395,48.480928],[39.787233,48.481152],[39.787125,48.481912],[39.78712,48.481914],[39.78691,48.482826],[39.786842,48.483218]]]}},{"type":"Feature","properties":{"cadnum":"4421483000:06:003:0044"},"geometry":{"type":"Polygon","coordinates":[[[39.772541,48.471475],[39.772981,48.47183],[39.775658,48.470656],[39.775218,48.470302],[39.772541,48.471475]]]}},{"type":"Feature","properties":{"cadnum":"4421483000:10:001:0067"},"geometry":{"type":"Polygon","coordinates":[[[39.683622,48.469194],[39.683708,48.469267],[39.684811,48.470197],[39.685916,48.469864],[39.68603,48.469381],[39.686136,48.468938],[39.686721,48.468623],[39.686213,48.468193],[39.685637,48.468453],[39.684775,48.468953],[39.684308,48.469093],[39.683662,48.469173],[39.683622,48.469194]]]}},{"type":"Feature","properties":{"cadnum":"4421483000:01:004:0049"},"geometry":{"type":"Polygon","coordinates":[[[39.796395,48.517927],[39.796647,48.518016],[39.797826,48.516706],[39.797888,48.516638],[39.797888,48.516639],[39.798032,48.516478],[39.798059,48.516448],[39.798059,48.516447],[39.798291,48.516189],[39.799064,48.515326],[39.799814,48.514493],[39.800546,48.513679],[39.800726,48.513479],[39.800056,48.513185],[39.79806,48.515598],[39.798059,48.515598],[39.797236,48.516592],[39.797166,48.516677],[39.797142,48.516706],[39.797078,48.516784],[39.796395,48.517927]]]}},{"type":"Feature","properties":{"cadnum":"4421483000:01:003:0144"},"geometry":{"type":"Polygon","coordinates":[[[39.795223,48.514484],[39.797888,48.515664],[39.797919,48.515677],[39.798059,48.515507],[39.798059,48.515506],[39.798529,48.514936],[39.798601,48.51485],[39.797888,48.514535],[39.795906,48.513657],[39.795223,48.514484]]]}},{"type":"Feature","properties":{"cadnum":"4421483000:01:003:0143"},"geometry":{"type":"Polygon","coordinates":[[[39.794353,48.515836],[39.795628,48.516394],[39.796014,48.516706],[39.796015,48.516706],[39.796714,48.517269],[39.797016,48.516767],[39.797093,48.516673],[39.797919,48.515677],[39.795223,48.514484],[39.795147,48.514574],[39.796764,48.51577],[39.796422,48.516171],[39.794766,48.515395],[39.794353,48.515836]]]}},{"type":"Feature","properties":{"cadnum":"4421483000:10:006:0049"},"geometry":{"type":"Polygon","coordinates":[[[39.750195,48.498334],[39.750218,48.498349],[39.750266,48.498317],[39.750267,48.498317],[39.750322,48.498352],[39.750339,48.498338],[39.750267,48.49829],[39.750195,48.498334]]]}},{"type":"Feature","properties":{"cadnum":"4421483000:10:006:0035"},"geometry":{"type":"Polygon","coordinates":[[[39.749522,48.498418],[39.749522,48.498436],[39.749544,48.498436],[39.749544,48.498418],[39.749522,48.498418]]]}},{"type":"Feature","properties":{"cadnum":"4421483000:11:003:0040"},"geometry":{"type":"Polygon","coordinates":[[[39.706677,48.491393],[39.706681,48.491411],[39.706703,48.491411],[39.706703,48.491393],[39.706677,48.491393]]]}},{"type":"Feature","properties":{"cadnum":"4421483000:11:003:0039"},"geometry":{"type":"Polygon","coordinates":[[[39.707507,48.491429],[39.707507,48.491447],[39.707535,48.491447],[39.707535,48.491429],[39.707507,48.491429]]]}},{"type":"Feature","properties":{"cadnum":"4421483000:11:003:0038"},"geometry":{"type":"Polygon","coordinates":[[[39.708334,48.491483],[39.708361,48.49148],[39.708361,48.491465],[39.708334,48.491465],[39.708334,48.491483]]]}},{"type":"Feature","properties":{"cadnum":"4421483000:11:003:0041"},"geometry":{"type":"Polygon","coordinates":[[[39.705859,48.491358],[39.705859,48.491376],[39.705885,48.491376],[39.705885,48.491358],[39.705859,48.491358]]]}},{"type":"Feature","properties":{"cadnum":"4421483000:11:003:0042"},"geometry":{"type":"Polygon","coordinates":[[[39.705023,48.491322],[39.705028,48.49134],[39.70505,48.49134],[39.70505,48.491322],[39.705023,48.491322]]]}},{"type":"Feature","properties":{"cadnum":"4421483000:11:003:0054"},"geometry":{"type":"Polygon","coordinates":[[[39.709726,48.491539],[39.70982,48.491563],[39.70983,48.491545],[39.709763,48.491528],[39.709763,48.491527],[39.709793,48.491483],[39.709767,48.491474],[39.709726,48.491539]]]}},{"type":"Feature","properties":{"cadnum":"4421483000:11:003:0037"},"geometry":{"type":"Polygon","coordinates":[[[39.709156,48.491501],[39.709156,48.491515],[39.709183,48.491515],[39.709183,48.491501],[39.709156,48.491501]]]}},{"type":"Feature","properties":{"cadnum":"4421483000:01:003:0096"},"geometry":{"type":"Polygon","coordinates":[[[39.773619,48.522812],[39.774545,48.523983],[39.774958,48.524504],[39.775623,48.524043],[39.775532,48.523929],[39.775178,48.523478],[39.774732,48.522916],[39.774288,48.52235],[39.773619,48.522812]]]}},{"type":"Feature","properties":{"cadnum":"4421483000:01:003:0157"},"geometry":{"type":"Polygon","coordinates":[[[39.774732,48.522916],[39.775178,48.523478],[39.775904,48.522978],[39.775461,48.522413],[39.774732,48.522916]]]}},{"type":"Feature","properties":{"cadnum":"4421483000:01:003:0095"},"geometry":{"type":"Polygon","coordinates":[[[39.772945,48.523276],[39.773413,48.523869],[39.773458,48.523927],[39.773502,48.523983],[39.773503,48.523983],[39.774283,48.524969],[39.774944,48.524511],[39.774958,48.524504],[39.774455,48.523869],[39.773619,48.522812],[39.772945,48.523276]]]}},{"type":"Feature","properties":{"cadnum":"4421483000:01:003:0077"},"geometry":{"type":"Polygon","coordinates":[[[39.771908,48.521651],[39.77308,48.523142],[39.773897,48.52258],[39.772725,48.521089],[39.772613,48.521167],[39.771908,48.521651]]]}},{"type":"Feature","properties":{"cadnum":"4421483000:01:003:0094"},"geometry":{"type":"Polygon","coordinates":[[[39.772285,48.523731],[39.772394,48.523869],[39.772393,48.523869],[39.772941,48.524559],[39.773623,48.525424],[39.774145,48.525064],[39.774283,48.524969],[39.773458,48.523927],[39.772945,48.523276],[39.772285,48.523731]]]}},{"type":"Feature","properties":{"cadnum":"4421483000:01:003:0078"},"geometry":{"type":"Polygon","coordinates":[[[39.772725,48.521089],[39.773897,48.52258],[39.774715,48.522017],[39.773537,48.520527],[39.773367,48.520646],[39.772725,48.521089]]]}},{"type":"Feature","properties":{"cadnum":"4421483000:01:003:0156"},"geometry":{"type":"Polygon","coordinates":[[[39.774288,48.52235],[39.774732,48.522916],[39.775461,48.522413],[39.775015,48.521851],[39.774288,48.52235]]]}},{"type":"Feature","properties":{"cadnum":"4421483000:01:003:0076"},"geometry":{"type":"Polygon","coordinates":[[[39.77109,48.522217],[39.772267,48.523704],[39.77308,48.523142],[39.771908,48.521651],[39.771854,48.52169],[39.77109,48.522217]]]}},{"type":"Feature","properties":{"cadnum":"4421483000:11:001:0056"},"geometry":{"type":"Polygon","coordinates":[[[39.729525,48.507073],[39.730334,48.50695],[39.730391,48.505876],[39.730747,48.505726],[39.731164,48.505552],[39.731236,48.504343],[39.729674,48.504579],[39.729608,48.505675],[39.729525,48.507073]]]}},{"type":"Feature","properties":{"cadnum":"4421483000:11:001:0055"},"geometry":{"type":"Polygon","coordinates":[[[39.728411,48.507239],[39.729525,48.507073],[39.729601,48.505789],[39.729674,48.504579],[39.728546,48.504748],[39.728488,48.505789],[39.728489,48.505789],[39.728411,48.507239]]]}},{"type":"Feature","properties":{"cadnum":"4421483000:11:001:0057"},"geometry":{"type":"Polygon","coordinates":[[[39.728546,48.504748],[39.729674,48.504579],[39.731236,48.504343],[39.731326,48.502752],[39.729929,48.503013],[39.72864,48.503352],[39.728577,48.504147],[39.728546,48.504748]]]}},{"type":"Feature","properties":{"cadnum":"4421483000:08:001:0106"},"geometry":{"type":"Polygon","coordinates":[[[39.683029,48.486556],[39.684133,48.486994],[39.685085,48.485592],[39.684618,48.485511],[39.684389,48.485359],[39.684394,48.485005],[39.684138,48.484928],[39.683029,48.486556]]]}},{"type":"Feature","properties":{"cadnum":"4421483000:08:001:0107"},"geometry":{"type":"Polygon","coordinates":[[[39.684133,48.486994],[39.685184,48.487411],[39.686307,48.485764],[39.686029,48.485749],[39.685085,48.485592],[39.684133,48.486994]]]}},{"type":"Feature","properties":{"cadnum":"4421483000:08:001:0108"},"geometry":{"type":"Polygon","coordinates":[[[39.685184,48.487411],[39.685293,48.487452],[39.685306,48.487474],[39.685306,48.487475],[39.685328,48.487511],[39.685376,48.487588],[39.685773,48.488232],[39.686288,48.487475],[39.686288,48.487474],[39.686748,48.4868],[39.686698,48.486786],[39.687052,48.4858],[39.686307,48.485764],[39.685184,48.487411]]]}},{"type":"Feature","properties":{"cadnum":"4421483000:13:002:0033"},"geometry":{"type":"Polygon","coordinates":[[[39.794078,48.499871],[39.794078,48.499897],[39.794123,48.499897],[39.794123,48.499871],[39.794078,48.499871]]]}},{"type":"Feature","properties":{"cadnum":"4421483000:14:001:0033"},"geometry":{"type":"Polygon","coordinates":[[[39.792623,48.49926],[39.792623,48.49929],[39.792668,48.49929],[39.792668,48.49926],[39.792623,48.49926]]]}},{"type":"Feature","properties":{"cadnum":"4421483000:13:002:0045"},"geometry":{"type":"Polygon","coordinates":[[[39.794024,48.499971],[39.795363,48.50179],[39.795511,48.501742],[39.796077,48.501608],[39.794599,48.499596],[39.794573,48.499629],[39.794024,48.499971]],[[39.794581,48.500031],[39.794581,48.499995],[39.794636,48.499993],[39.794636,48.500028],[39.794581,48.500031]]]}},{"type":"Feature","properties":{"cadnum":"4421483000:13:002:0047"},"geometry":{"type":"Polygon","coordinates":[[[39.795372,48.499558],[39.796768,48.50146],[39.797519,48.501299],[39.796305,48.499647],[39.795529,48.499567],[39.795372,48.499558]]]}},{"type":"Feature","properties":{"cadnum":"4421483000:13:002:0046"},"geometry":{"type":"Polygon","coordinates":[[[39.794599,48.499596],[39.796077,48.501608],[39.796154,48.50159],[39.796768,48.50146],[39.795372,48.499558],[39.794676,48.499516],[39.794599,48.499596]]]}},{"type":"Feature","properties":{"cadnum":"4421483000:02:001:0052"},"geometry":{"type":"Polygon","coordinates":[[[39.833518,48.537351],[39.833765,48.537315],[39.834035,48.537277],[39.834386,48.537229],[39.835539,48.537062],[39.835549,48.537062],[39.835891,48.537039],[39.835895,48.537039],[39.835922,48.537042],[39.835931,48.537044],[39.83629,48.537176],[39.836512,48.53724],[39.836512,48.537239],[39.837237,48.537446],[39.837023,48.535126],[39.83634,48.53556],[39.833518,48.537351]]]}},{"type":"Feature","properties":{"cadnum":"4421483000:05:006:0050"},"geometry":{"type":"Polygon","coordinates":[[[39.831291,48.502984],[39.831358,48.503037],[39.831434,48.502993],[39.831417,48.502977],[39.831363,48.50301],[39.831313,48.502971],[39.831291,48.502984]]]}},{"type":"Feature","properties":{"cadnum":"4421483000:05:006:0041"},"geometry":{"type":"Polygon","coordinates":[[[39.833585,48.504576],[39.833585,48.504594],[39.833608,48.504594],[39.833608,48.504576],[39.833585,48.504576]]]}},{"type":"Feature","properties":{"cadnum":"4421483000:05:006:0033"},"geometry":{"type":"Polygon","coordinates":[[[39.833218,48.50277],[39.833218,48.502787],[39.833245,48.502787],[39.833245,48.50277],[39.833218,48.50277]]]}},{"type":"Feature","properties":{"cadnum":"4421483000:05:006:0022"},"geometry":{"type":"Polygon","coordinates":[[[39.830949,48.503793],[39.830954,48.503807],[39.830977,48.503807],[39.830977,48.503793],[39.830949,48.503793]]]}},{"type":"Feature","properties":{"cadnum":"4421483000:05:006:0065"},"geometry":{"type":"Polygon","coordinates":[[[39.831673,48.503498],[39.831694,48.504388],[39.832229,48.50438],[39.832256,48.504153],[39.832432,48.504156],[39.832419,48.504376],[39.832989,48.504365],[39.832944,48.503451],[39.831673,48.503498]]]}},{"type":"Feature","properties":{"cadnum":"4421483000:05:006:0043"},"geometry":{"type":"Polygon","coordinates":[[[39.832826,48.504915],[39.832826,48.50493],[39.832854,48.50493],[39.832854,48.504915],[39.832826,48.504915]]]}},{"type":"Feature","properties":{"cadnum":"4421483000:05:006:0039"},"geometry":{"type":"Polygon","coordinates":[[[39.833352,48.503909],[39.833352,48.503926],[39.833379,48.503926],[39.833379,48.503909],[39.833352,48.503909]]]}},{"type":"Feature","properties":{"cadnum":"4421483000:05:006:0046"},"geometry":{"type":"Polygon","coordinates":[[[39.831686,48.504519],[39.831942,48.50454],[39.831956,48.50446],[39.8317,48.504439],[39.831686,48.504519]]]}},{"type":"Feature","properties":{"cadnum":"4421483000:05:006:0037"},"geometry":{"type":"Polygon","coordinates":[[[39.833119,48.503236],[39.833119,48.503255],[39.833141,48.503255],[39.833141,48.503236],[39.833119,48.503236]]]}},{"type":"Feature","properties":{"cadnum":"4421483000:05:006:0042"},"geometry":{"type":"Polygon","coordinates":[[[39.833694,48.5049],[39.833711,48.504956],[39.833738,48.504954],[39.833721,48.504897],[39.833694,48.5049]]]}},{"type":"Feature","properties":{"cadnum":"4421483000:05:006:0038"},"geometry":{"type":"Polygon","coordinates":[[[39.833235,48.503573],[39.833235,48.503591],[39.833262,48.503591],[39.833258,48.503573],[39.833235,48.503573]]]}},{"type":"Feature","properties":{"cadnum":"4421483000:05:006:0035"},"geometry":{"type":"Polygon","coordinates":[[[39.832971,48.502097],[39.832971,48.502111],[39.832998,48.502111],[39.832993,48.502097],[39.832971,48.502097]]]}},{"type":"Feature","properties":{"cadnum":"4421483000:05:006:0034"},"geometry":{"type":"Polygon","coordinates":[[[39.833227,48.502415],[39.833231,48.502433],[39.833254,48.502433],[39.833254,48.502415],[39.833227,48.502415]]]}},{"type":"Feature","properties":{"cadnum":"4421483000:05:006:0040"},"geometry":{"type":"Polygon","coordinates":[[[39.833469,48.504242],[39.833469,48.504261],[39.833495,48.504261],[39.833491,48.504242],[39.833469,48.504242]]]}},{"type":"Feature","properties":{"cadnum":"4421483000:05:006:0045"},"geometry":{"type":"Polygon","coordinates":[[[39.83179,48.504599],[39.831816,48.504605],[39.831847,48.504552],[39.83182,48.504546],[39.83179,48.504599]]]}},{"type":"Feature","properties":{"cadnum":"4421483000:05:006:0044"},"geometry":{"type":"Polygon","coordinates":[[[39.832233,48.504748],[39.83226,48.504757],[39.832292,48.504704],[39.83227,48.504698],[39.832233,48.504748]]]}},{"type":"Feature","properties":{"cadnum":"4421483000:05:006:0021"},"geometry":{"type":"Polygon","coordinates":[[[39.831161,48.503397],[39.831187,48.503394],[39.831183,48.503379],[39.831161,48.503379],[39.831161,48.503397]]]}},{"type":"Feature","properties":{"cadnum":"4421483000:05:006:0064"},"geometry":{"type":"Polygon","coordinates":[[[39.831313,48.50415],[39.831318,48.504424],[39.831434,48.50442],[39.831434,48.50415],[39.831313,48.50415]]]}},{"type":"Feature","properties":{"cadnum":"4421483000:05:006:0061"},"geometry":{"type":"Polygon","coordinates":[[[39.836398,48.504111],[39.836512,48.504427],[39.836518,48.504444],[39.837381,48.504308],[39.837264,48.503974],[39.836398,48.504111]]]}},{"type":"Feature","properties":{"cadnum":"4421483000:05:006:0062"},"geometry":{"type":"Polygon","coordinates":[[[39.836227,48.504138],[39.83634,48.50446],[39.836344,48.504471],[39.836512,48.504446],[39.836512,48.504445],[39.836518,48.504444],[39.836398,48.504111],[39.836227,48.504138]]]}},{"type":"Feature","properties":{"cadnum":"4421483000:05:006:0047"},"geometry":{"type":"Polygon","coordinates":[[[39.834677,48.504804],[39.83474,48.504841],[39.83479,48.504799],[39.834727,48.504763],[39.834677,48.504804]]]}},{"type":"Feature","properties":{"cadnum":"4421483000:05:006:0051"},"geometry":{"type":"Polygon","coordinates":[[[39.83448,48.504912],[39.834547,48.504954],[39.83461,48.504909],[39.834592,48.504897],[39.834547,48.50493],[39.834497,48.504897],[39.83448,48.504912]]]}},{"type":"Feature","properties":{"cadnum":"4421483000:01:003:0129"},"geometry":{"type":"Polygon","coordinates":[[[39.787606,48.520601],[39.788665,48.521268],[39.788908,48.521601],[39.790376,48.52033],[39.790785,48.519977],[39.789973,48.519527],[39.789523,48.519801],[39.788994,48.5194],[39.788033,48.520231],[39.788032,48.520231],[39.787606,48.520601]]]}},{"type":"Feature","properties":{"cadnum":"4421483000:08:001:0021"},"geometry":{"type":"Polygon","coordinates":[[[39.66097,48.491349],[39.66097,48.491367],[39.660997,48.491367],[39.660997,48.491349],[39.66097,48.491349]]]}},{"type":"Feature","properties":{"cadnum":"4421483000:11:003:0055"},"geometry":{"type":"Polygon","coordinates":[[[39.721265,48.49506],[39.72299,48.495668],[39.723875,48.495766],[39.724464,48.495677],[39.725173,48.495549],[39.72374,48.494869],[39.723739,48.494869],[39.722267,48.494171],[39.722154,48.494292],[39.722154,48.494293],[39.721485,48.494869],[39.721486,48.494869],[39.721265,48.49506]]]}},{"type":"Feature","properties":{"cadnum":"4421483000:09:003:0006"},"geometry":{"type":"Polygon","coordinates":[[[39.721476,48.494772],[39.721476,48.494787],[39.721503,48.494787],[39.721503,48.494772],[39.721476,48.494772]]]}},{"type":"Feature","properties":{"cadnum":"4421483000:09:003:0008"},"geometry":{"type":"Polygon","coordinates":[[[39.721728,48.494447],[39.721814,48.494484],[39.722001,48.494281],[39.721917,48.494245],[39.721728,48.494447]]]}},{"type":"Feature","properties":{"cadnum":"4421483000:11:003:0056"},"geometry":{"type":"Polygon","coordinates":[[[39.722267,48.494171],[39.723499,48.494755],[39.723499,48.494756],[39.725173,48.495549],[39.726022,48.495397],[39.726493,48.495296],[39.725357,48.494756],[39.725356,48.494756],[39.722833,48.493555],[39.722267,48.494171]]]}},{"type":"Feature","properties":{"cadnum":"4421483000:09:003:0007"},"geometry":{"type":"Polygon","coordinates":[[[39.721674,48.494564],[39.721696,48.494572],[39.721737,48.494522],[39.721714,48.494513],[39.721674,48.494564]]]}},{"type":"Feature","properties":{"cadnum":"4421483000:11:003:0059"},"geometry":{"type":"Polygon","coordinates":[[[39.7233,48.493048],[39.723973,48.493367],[39.725177,48.492977],[39.725195,48.492748],[39.725946,48.492037],[39.726349,48.491543],[39.725752,48.491391],[39.725074,48.491515],[39.724661,48.491572],[39.7233,48.493048]]]}},{"type":"Feature","properties":{"cadnum":"4421483000:02:005:0022"},"geometry":{"type":"Polygon","coordinates":[[[39.855034,48.51461],[39.858024,48.515139],[39.858087,48.514904],[39.857841,48.514029],[39.857764,48.513661],[39.855338,48.513232],[39.855034,48.51461]]]}},{"type":"Feature","properties":{"cadnum":"4421483000:01:003:0136"},"geometry":{"type":"Polygon","coordinates":[[[39.793041,48.518941],[39.793875,48.519423],[39.795821,48.517706],[39.794864,48.517317],[39.793045,48.518921],[39.793041,48.518941]]]}},{"type":"Feature","properties":{"cadnum":"4421483000:10:006:0031"},"geometry":{"type":"Polygon","coordinates":[[[39.752293,48.499746],[39.75231,48.499757],[39.752373,48.499719],[39.752356,48.499706],[39.752293,48.499746]]]}},{"type":"Feature","properties":{"cadnum":"4421483000:10:006:0036"},"geometry":{"type":"Polygon","coordinates":[[[39.748767,48.49854],[39.748767,48.498555],[39.748794,48.498555],[39.748794,48.49854],[39.748767,48.49854]]]}},{"type":"Feature","properties":{"cadnum":"4421483000:10:006:0032"},"geometry":{"type":"Polygon","coordinates":[[[39.751758,48.499335],[39.751758,48.499353],[39.751785,48.499353],[39.751785,48.499335],[39.751758,48.499335]]]}},{"type":"Feature","properties":{"cadnum":"4421483000:12:001:0014"},"geometry":{"type":"Polygon","coordinates":[[[39.75276,48.500046],[39.752786,48.500043],[39.752786,48.500028],[39.75276,48.500028],[39.75276,48.500046]]]}},{"type":"Feature","properties":{"cadnum":"4421483000:10:006:0033"},"geometry":{"type":"Polygon","coordinates":[[[39.751264,48.498993],[39.751264,48.499007],[39.751291,48.499007],[39.751287,48.498993],[39.751264,48.498993]]]}},{"type":"Feature","properties":{"cadnum":"4421483000:10:006:0034"},"geometry":{"type":"Polygon","coordinates":[[[39.750757,48.498641],[39.750761,48.498659],[39.750784,48.498659],[39.750784,48.498641],[39.750757,48.498641]]]}},{"type":"Feature","properties":{"cadnum":"4421483000:09:001:0002"},"geometry":{"type":"Polygon","coordinates":[[[39.753448,48.50193],[39.753505,48.501983],[39.753528,48.501972],[39.753483,48.501933],[39.753546,48.501903],[39.753528,48.501888],[39.753448,48.50193]]]}},{"type":"Feature","properties":{"cadnum":"4421483000:12:001:0013"},"geometry":{"type":"Polygon","coordinates":[[[39.753195,48.500346],[39.753222,48.500344],[39.753222,48.500328],[39.753195,48.500328],[39.753195,48.500346]]]}},{"type":"Feature","properties":{"cadnum":"4421483000:12:001:0012"},"geometry":{"type":"Polygon","coordinates":[[[39.753892,48.500626],[39.753914,48.500624],[39.753914,48.500623],[39.753914,48.500608],[39.753892,48.500608],[39.753892,48.500626]]]}},{"type":"Feature","properties":{"cadnum":"4421483000:01:004:0036"},"geometry":{"type":"Polygon","coordinates":[[[39.81097,48.513601],[39.812956,48.513967],[39.813158,48.513601],[39.813652,48.513158],[39.812539,48.512954],[39.811591,48.512779],[39.811459,48.512954],[39.811458,48.512954],[39.811388,48.513047],[39.811373,48.513067],[39.81097,48.513601]]]}},{"type":"Feature","properties":{"cadnum":"4421483000:01:004:0044"},"geometry":{"type":"Polygon","coordinates":[[[39.809754,48.512012],[39.811874,48.512402],[39.812022,48.512206],[39.812404,48.511696],[39.810073,48.511268],[39.810217,48.51172],[39.809754,48.512012]]]}},{"type":"Feature","properties":{"cadnum":"4421483000:01:004:0046"},"geometry":{"type":"Polygon","coordinates":[[[39.810257,48.510744],[39.812771,48.511206],[39.812821,48.51114],[39.81314,48.510721],[39.810626,48.510259],[39.810257,48.510744]]]}},{"type":"Feature","properties":{"cadnum":"4421483000:01:004:0045"},"geometry":{"type":"Polygon","coordinates":[[[39.81001,48.511072],[39.810073,48.511268],[39.812404,48.511696],[39.812421,48.511672],[39.812771,48.511206],[39.810257,48.510744],[39.81001,48.511072]]]}},{"type":"Feature","properties":{"cadnum":"4421483000:01:004:0047"},"geometry":{"type":"Polygon","coordinates":[[[39.810626,48.510259],[39.81314,48.510721],[39.813221,48.510611],[39.813522,48.510212],[39.811012,48.509751],[39.810626,48.510259]]]}},{"type":"Feature","properties":{"cadnum":"4421483000:01:001:0030"},"geometry":{"type":"Polygon","coordinates":[[[39.766954,48.525962],[39.767329,48.527621],[39.76733,48.527621],[39.767591,48.528768],[39.769927,48.528479],[39.769568,48.528047],[39.769113,48.527507],[39.768885,48.527236],[39.768306,48.526601],[39.767793,48.525861],[39.766954,48.525962]]]}},{"type":"Feature","properties":{"cadnum":"4421483000:10:006:0059"},"geometry":{"type":"Polygon","coordinates":[[[39.766918,48.494754],[39.766919,48.494755],[39.766919,48.494756],[39.766957,48.494792],[39.767036,48.494869],[39.767037,48.494869],[39.767065,48.494897],[39.767331,48.495462],[39.768247,48.496385],[39.768314,48.49654],[39.769648,48.496254],[39.768794,48.494756],[39.768793,48.494756],[39.768342,48.493962],[39.767057,48.494109],[39.766918,48.494754]]]}},{"type":"Feature","properties":{"cadnum":"4421483000:11:001:0045"},"geometry":{"type":"Polygon","coordinates":[[[39.722186,48.516065],[39.72263,48.515963],[39.72449,48.515541],[39.724688,48.513747],[39.723327,48.513044],[39.723076,48.512914],[39.722559,48.512646],[39.722525,48.512954],[39.722524,48.512954],[39.722262,48.515348],[39.722186,48.516065]]]}},{"type":"Feature","properties":{"cadnum":"4421483000:08:001:0053"},"geometry":{"type":"Polygon","coordinates":[[[39.664793,48.478118],[39.664793,48.478136],[39.664819,48.478136],[39.664819,48.478118],[39.664793,48.478118]]]}},{"type":"Feature","properties":{"cadnum":"4421483000:08:001:0052"},"geometry":{"type":"Polygon","coordinates":[[[39.665655,48.478306],[39.665655,48.478324],[39.665682,48.478324],[39.665682,48.478306],[39.665655,48.478306]]]}},{"type":"Feature","properties":{"cadnum":"4421483000:08:001:0057"},"geometry":{"type":"Polygon","coordinates":[[[39.661366,48.477372],[39.661366,48.477389],[39.661393,48.477389],[39.661393,48.477372],[39.661366,48.477372]]]}},{"type":"Feature","properties":{"cadnum":"4421483000:08:001:0054"},"geometry":{"type":"Polygon","coordinates":[[[39.663934,48.477931],[39.66394,48.477949],[39.663961,48.477949],[39.663961,48.477931],[39.663934,48.477931]]]}},{"type":"Feature","properties":{"cadnum":"4421483000:08:001:0055"},"geometry":{"type":"Polygon","coordinates":[[[39.663077,48.477743],[39.663077,48.477761],[39.663099,48.477761],[39.663099,48.477743],[39.663077,48.477743]]]}},{"type":"Feature","properties":{"cadnum":"4421483000:08:001:0056"},"geometry":{"type":"Polygon","coordinates":[[[39.662223,48.477577],[39.66225,48.477573],[39.66225,48.477559],[39.662223,48.477559],[39.662223,48.477577]]]}},{"type":"Feature","properties":{"cadnum":"4421483000:01:003:0101"},"geometry":{"type":"Polygon","coordinates":[[[39.773623,48.525424],[39.775007,48.527179],[39.775415,48.526801],[39.775451,48.52672],[39.774145,48.525064],[39.773623,48.525424]]]}},{"type":"Feature","properties":{"cadnum":"4421483000:01:003:0102"},"geometry":{"type":"Polygon","coordinates":[[[39.774145,48.525064],[39.775451,48.52672],[39.775491,48.526629],[39.775182,48.525873],[39.775726,48.525498],[39.774944,48.524511],[39.774283,48.524969],[39.774145,48.525064]]]}},{"type":"Feature","properties":{"cadnum":"4421483000:14:002:0033"},"geometry":{"type":"Polygon","coordinates":[[[39.763602,48.481224],[39.764856,48.482075],[39.764929,48.482125],[39.765037,48.482199],[39.7651,48.482241],[39.765101,48.482241],[39.765247,48.48234],[39.766495,48.481772],[39.764929,48.481166],[39.764281,48.480914],[39.763602,48.481224]]]}},{"type":"Feature","properties":{"cadnum":"4421483000:05:005:0032"},"geometry":{"type":"Polygon","coordinates":[[[39.813993,48.498016],[39.813993,48.498034],[39.81402,48.498034],[39.814016,48.498016],[39.813993,48.498016]]]}},{"type":"Feature","properties":{"cadnum":"4421483000:05:005:0015"},"geometry":{"type":"Polygon","coordinates":[[[39.812574,48.497945],[39.812601,48.497945],[39.812601,48.497927],[39.812574,48.49793],[39.812574,48.497945]]]}},{"type":"Feature","properties":{"cadnum":"4421483000:05:005:0014"},"geometry":{"type":"Polygon","coordinates":[[[39.811694,48.497701],[39.811716,48.49771],[39.811762,48.497659],[39.811739,48.49765],[39.811694,48.497701]]]}},{"type":"Feature","properties":{"cadnum":"4421483000:05:005:0012"},"geometry":{"type":"Polygon","coordinates":[[[39.810018,48.497153],[39.810018,48.497171],[39.810045,48.497171],[39.810045,48.497153],[39.810018,48.497153]]]}},{"type":"Feature","properties":{"cadnum":"4421483000:06:004:0056"},"geometry":{"type":"Polygon","coordinates":[[[39.810756,48.496305],[39.810836,48.496472],[39.812848,48.497314],[39.813096,48.497112],[39.812674,48.496948],[39.812934,48.49665],[39.81088,48.49579],[39.810777,48.495969],[39.810756,48.496305]]]}},{"type":"Feature","properties":{"cadnum":"4421483000:05:005:0028"},"geometry":{"type":"Polygon","coordinates":[[[39.811002,48.49718],[39.811002,48.497233],[39.811083,48.497233],[39.811083,48.49718],[39.811002,48.49718]]]}},{"type":"Feature","properties":{"cadnum":"4421483000:05:005:0030"},"geometry":{"type":"Polygon","coordinates":[[[39.812337,48.497328],[39.812337,48.497343],[39.812364,48.497343],[39.812364,48.497328],[39.812337,48.497328]]]}},{"type":"Feature","properties":{"cadnum":"4421483000:05:005:0029"},"geometry":{"type":"Polygon","coordinates":[[[39.811047,48.497127],[39.811129,48.497153],[39.811142,48.497132],[39.811065,48.497105],[39.811047,48.497127]]]}},{"type":"Feature","properties":{"cadnum":"4421483000:05:005:0041"},"geometry":{"type":"Polygon","coordinates":[[[39.811249,48.496871],[39.81133,48.496897],[39.811339,48.496882],[39.81128,48.496864],[39.811312,48.496823],[39.811289,48.496816],[39.811249,48.496871]]]}},{"type":"Feature","properties":{"cadnum":"4421483000:05:005:0038"},"geometry":{"type":"Polygon","coordinates":[[[39.8134,48.498197],[39.81349,48.49823],[39.81354,48.498171],[39.813513,48.498162],[39.813482,48.498204],[39.813414,48.49818],[39.8134,48.498197]]]}},{"type":"Feature","properties":{"cadnum":"4421483000:06:004:0057"},"geometry":{"type":"Polygon","coordinates":[[[39.81088,48.49579],[39.812934,48.49665],[39.8134,48.496112],[39.811528,48.495325],[39.81093,48.495706],[39.81088,48.49579]]]}},{"type":"Feature","properties":{"cadnum":"4421483000:05:005:0013"},"geometry":{"type":"Polygon","coordinates":[[[39.810813,48.497427],[39.810836,48.497439],[39.81088,48.497388],[39.810859,48.497379],[39.810813,48.497427]]]}},{"type":"Feature","properties":{"cadnum":"4421483000:05:005:0031"},"geometry":{"type":"Polygon","coordinates":[[[39.813127,48.497656],[39.813127,48.497671],[39.813154,48.497671],[39.813154,48.497653],[39.813127,48.497656]]]}},{"type":"Feature","properties":{"cadnum":"4421483000:01:004:0020"},"geometry":{"type":"Polygon","coordinates":[[[39.826669,48.515011],[39.826844,48.514984],[39.827702,48.51488],[39.828541,48.513067],[39.829346,48.51133],[39.829094,48.511313],[39.828515,48.511399],[39.82834,48.511402],[39.827622,48.512954],[39.827621,48.512954],[39.826669,48.515011]]]}},{"type":"Feature","properties":{"cadnum":"4421483000:01:004:0019"},"geometry":{"type":"Polygon","coordinates":[[[39.825645,48.515163],[39.826669,48.515011],[39.827569,48.513067],[39.82834,48.511402],[39.827379,48.511417],[39.826667,48.512954],[39.825645,48.515163]]]}},{"type":"Feature","properties":{"cadnum":"4421483000:05:003:0006"},"geometry":{"type":"Polygon","coordinates":[[[39.827078,48.510479],[39.827082,48.510525],[39.827149,48.510525],[39.827149,48.510479],[39.827078,48.510479]]]}},{"type":"Feature","properties":{"cadnum":"4421483000:05:003:0007"},"geometry":{"type":"Polygon","coordinates":[[[39.825991,48.510161],[39.825995,48.510191],[39.826035,48.510191],[39.826035,48.510161],[39.825991,48.510161]]]}},{"type":"Feature","properties":{"cadnum":"4421483000:01:004:0021"},"geometry":{"type":"Polygon","coordinates":[[[39.827702,48.51488],[39.828452,48.514791],[39.828803,48.51474],[39.829576,48.513067],[39.829577,48.513067],[39.830266,48.511581],[39.830149,48.51153],[39.829849,48.511458],[39.829486,48.511343],[39.829346,48.51133],[39.828594,48.512954],[39.827702,48.51488]]]}},{"type":"Feature","properties":{"cadnum":"4421483000:05:003:0005"},"geometry":{"type":"Polygon","coordinates":[[[39.829624,48.510831],[39.829629,48.51086],[39.829669,48.51086],[39.829669,48.510831],[39.829624,48.510831]]]}},{"type":"Feature","properties":{"cadnum":"4421483000:14:001:0071"},"geometry":{"type":"Polygon","coordinates":[[[39.767044,48.478509],[39.767407,48.479696],[39.767417,48.479718],[39.769316,48.479515],[39.769275,48.47936],[39.769082,48.478685],[39.768925,48.478062],[39.768579,48.478109],[39.768072,48.478246],[39.76756,48.478354],[39.767044,48.478509]]]}},{"type":"Feature","properties":{"cadnum":"4421483000:14:002:0036"},"geometry":{"type":"Polygon","coordinates":[[[39.76508,48.478654],[39.765394,48.479679],[39.76734,48.479696],[39.766985,48.478542],[39.766356,48.47863],[39.765512,48.478705],[39.76508,48.478654]]]}},{"type":"Feature","properties":{"cadnum":"4421483000:14:001:0070"},"geometry":{"type":"Polygon","coordinates":[[[39.767417,48.479718],[39.767551,48.480192],[39.767555,48.480208],[39.767583,48.480306],[39.76769,48.480682],[39.769522,48.480486],[39.769467,48.480192],[39.769466,48.480192],[39.769397,48.479819],[39.769316,48.479515],[39.767417,48.479718]]]}},{"type":"Feature","properties":{"cadnum":"4421483000:01:003:0127"},"geometry":{"type":"Polygon","coordinates":[[[39.789537,48.522113],[39.790152,48.522469],[39.792219,48.520682],[39.791944,48.520521],[39.791864,48.520572],[39.791531,48.520387],[39.789537,48.522113]]]}},{"type":"Feature","properties":{"cadnum":"4421483000:11:003:0023"},"geometry":{"type":"Polygon","coordinates":[[[39.724512,48.49634],[39.724512,48.496359],[39.724539,48.496359],[39.724539,48.49634],[39.724512,48.49634]]]}},{"type":"Feature","properties":{"cadnum":"4421483000:11:003:0022"},"geometry":{"type":"Polygon","coordinates":[[[39.725294,48.496778],[39.725321,48.496778],[39.725321,48.49676],[39.725294,48.496763],[39.725294,48.496778]]]}},{"type":"Feature","properties":{"cadnum":"4421483000:11:003:0027"},"geometry":{"type":"Polygon","coordinates":[[[39.721269,48.495007],[39.721292,48.495016],[39.721332,48.494968],[39.721309,48.494959],[39.721269,48.495007]]]}},{"type":"Feature","properties":{"cadnum":"4421483000:11:003:0021"},"geometry":{"type":"Polygon","coordinates":[[[39.725963,48.497123],[39.725963,48.497138],[39.72599,48.497138],[39.72599,48.497123],[39.725963,48.497123]]]}},{"type":"Feature","properties":{"cadnum":"4421483000:11:003:0024"},"geometry":{"type":"Polygon","coordinates":[[[39.723735,48.495921],[39.723735,48.495938],[39.723762,48.495938],[39.723762,48.495921],[39.723735,48.495921]]]}},{"type":"Feature","properties":{"cadnum":"4421483000:05:004:0003"},"geometry":{"type":"Polygon","coordinates":[[[39.852109,48.50476],[39.852114,48.504804],[39.852181,48.504804],[39.852181,48.50476],[39.852109,48.50476]]]}},{"type":"Feature","properties":{"cadnum":"4421483000:05:004:0002"},"geometry":{"type":"Polygon","coordinates":[[[39.848646,48.504629],[39.848646,48.504674],[39.848713,48.504674],[39.848713,48.504629],[39.848646,48.504629]]]}},{"type":"Feature","properties":{"cadnum":"4421483000:05:004:0004"},"geometry":{"type":"Polygon","coordinates":[[[39.850397,48.504707],[39.850397,48.504733],[39.850443,48.504733],[39.850443,48.504707],[39.850397,48.504707]]]}},{"type":"Feature","properties":{"cadnum":"4421483000:05:004:0005"},"geometry":{"type":"Polygon","coordinates":[[[39.848107,48.505537],[39.848152,48.505534],[39.848147,48.505507],[39.848107,48.505507],[39.848107,48.505537]]]}},{"type":"Feature","properties":{"cadnum":"4421483000:06:002:0063"},"geometry":{"type":"Polygon","coordinates":[[[39.804921,48.487166],[39.804953,48.487474],[39.804953,48.487475],[39.80496,48.48754],[39.804965,48.487588],[39.805091,48.488765],[39.806232,48.488646],[39.806108,48.487494],[39.806052,48.486967],[39.804921,48.487166]]]}},{"type":"Feature","properties":{"cadnum":"4421483000:06:002:0065"},"geometry":{"type":"Polygon","coordinates":[[[39.807121,48.486779],[39.807208,48.487588],[39.807209,48.487588],[39.80731,48.488514],[39.808326,48.488366],[39.80823,48.487482],[39.808137,48.486601],[39.807121,48.486779]]]}},{"type":"Feature","properties":{"cadnum":"4421483000:06:002:0062"},"geometry":{"type":"Polygon","coordinates":[[[39.803731,48.487375],[39.803741,48.487474],[39.803741,48.487475],[39.80374,48.487475],[39.803751,48.487571],[39.803752,48.487588],[39.803753,48.487588],[39.803892,48.48889],[39.805091,48.488765],[39.80496,48.48754],[39.804921,48.487166],[39.803731,48.487375]]]}},{"type":"Feature","properties":{"cadnum":"4421483000:10:006:0024"},"geometry":{"type":"Polygon","coordinates":[[[39.759798,48.499439],[39.759798,48.499457],[39.759825,48.499457],[39.759825,48.499439],[39.759798,48.499439]]]}},{"type":"Feature","properties":{"cadnum":"4421483000:10:006:0023"},"geometry":{"type":"Polygon","coordinates":[[[39.760885,48.49926],[39.760885,48.499275],[39.760912,48.499275],[39.760912,48.49926],[39.760885,48.49926]]]}},{"type":"Feature","properties":{"cadnum":"4421483000:10:006:0020"},"geometry":{"type":"Polygon","coordinates":[[[39.764138,48.498718],[39.764138,48.498737],[39.764164,48.498737],[39.764159,48.498718],[39.764138,48.498718]]]}},{"type":"Feature","properties":{"cadnum":"4421483000:10:006:0022"},"geometry":{"type":"Polygon","coordinates":[[[39.762021,48.499097],[39.762044,48.499093],[39.762044,48.499079],[39.762021,48.499079],[39.762021,48.499097]]]}},{"type":"Feature","properties":{"cadnum":"4421483000:10:006:0021"},"geometry":{"type":"Polygon","coordinates":[[[39.763073,48.498897],[39.763077,48.498912],[39.7631,48.498912],[39.7631,48.498894],[39.763073,48.498897]]]}},{"type":"Feature","properties":{"cadnum":"4421483000:10:006:0018"},"geometry":{"type":"Polygon","coordinates":[[[39.769055,48.4979],[39.769055,48.497918],[39.769082,48.497918],[39.769082,48.4979],[39.769055,48.4979]]]}},{"type":"Feature","properties":{"cadnum":"4421483000:10:006:0019"},"geometry":{"type":"Polygon","coordinates":[[[39.767641,48.498138],[39.767641,48.498153],[39.767667,48.498153],[39.767663,48.498138],[39.767641,48.498138]]]}},{"type":"Feature","properties":{"cadnum":"4421483000:02:004:0021"},"geometry":{"type":"Polygon","coordinates":[[[39.833482,48.525121],[39.833599,48.527172],[39.834269,48.527188],[39.834151,48.525132],[39.833482,48.525121]]]}},{"type":"Feature","properties":{"cadnum":"4421483000:02:004:0020"},"geometry":{"type":"Polygon","coordinates":[[[39.832809,48.525108],[39.83293,48.527155],[39.833599,48.527172],[39.833482,48.525121],[39.832809,48.525108]]]}},{"type":"Feature","properties":{"cadnum":"4421483000:02:004:0023"},"geometry":{"type":"Polygon","coordinates":[[[39.83482,48.525144],[39.834938,48.527205],[39.835608,48.527223],[39.83549,48.525159],[39.83482,48.525144]]]}},{"type":"Feature","properties":{"cadnum":"4421483000:02:004:0024"},"geometry":{"type":"Polygon","coordinates":[[[39.83549,48.525159],[39.835608,48.527223],[39.836272,48.527238],[39.836155,48.52517],[39.83549,48.525159]]]}},{"type":"Feature","properties":{"cadnum":"4421483000:02:004:0019"},"geometry":{"type":"Polygon","coordinates":[[[39.832073,48.526727],[39.83214,48.526958],[39.832176,48.527134],[39.83293,48.527155],[39.832809,48.525108],[39.832225,48.525097],[39.83227,48.526045],[39.832073,48.526727]]]}},{"type":"Feature","properties":{"cadnum":"4421483000:02:004:0022"},"geometry":{"type":"Polygon","coordinates":[[[39.834151,48.525132],[39.834269,48.527188],[39.834938,48.527205],[39.83482,48.525144],[39.834151,48.525132]]]}},{"type":"Feature","properties":{"cadnum":"4421483000:08:001:0039"},"geometry":{"type":"Polygon","coordinates":[[[39.665731,48.482242],[39.665758,48.482239],[39.665758,48.482225],[39.665731,48.482225],[39.665731,48.482242]]]}},{"type":"Feature","properties":{"cadnum":"4421483000:08:001:0037"},"geometry":{"type":"Polygon","coordinates":[[[39.66468,48.482966],[39.664685,48.482984],[39.664707,48.482984],[39.664707,48.482966],[39.66468,48.482966]]]}},{"type":"Feature","properties":{"cadnum":"4421483000:08:001:0036"},"geometry":{"type":"Polygon","coordinates":[[[39.664154,48.483338],[39.664154,48.483355],[39.664181,48.483355],[39.664181,48.483338],[39.664154,48.483338]]]}},{"type":"Feature","properties":{"cadnum":"4421483000:08:001:0038"},"geometry":{"type":"Polygon","coordinates":[[[39.665206,48.482596],[39.665206,48.482614],[39.665228,48.482614],[39.665228,48.482596],[39.665206,48.482596]]]}},{"type":"Feature","properties":{"cadnum":"4421483000:07:003:0032"},"geometry":{"type":"Polygon","coordinates":[[[39.843499,48.495924],[39.844545,48.495921],[39.84459,48.495751],[39.844664,48.494852],[39.844725,48.494138],[39.844105,48.494138],[39.844015,48.494623],[39.843962,48.494755],[39.843962,48.494756],[39.843961,48.494756],[39.843499,48.495924]],[[39.84446,48.494215],[39.844455,48.494236],[39.844455,48.494237],[39.844428,48.494237],[39.844428,48.494236],[39.844428,48.494215],[39.84446,48.494215]]]}},{"type":"Feature","properties":{"cadnum":"4421483000:07:003:0014"},"geometry":{"type":"Polygon","coordinates":[[[39.845049,48.492527],[39.845053,48.492575],[39.84512,48.492572],[39.845116,48.492527],[39.845049,48.492527]]]}},{"type":"Feature","properties":{"cadnum":"4421483000:07:003:0015"},"geometry":{"type":"Polygon","coordinates":[[[39.844927,48.494117],[39.844927,48.494144],[39.844973,48.494144],[39.844967,48.494117],[39.844927,48.494117]]]}},{"type":"Feature","properties":{"cadnum":"4421483000:14:001:0011"},"geometry":{"type":"Polygon","coordinates":[[[39.782656,48.494471],[39.782656,48.494486],[39.782678,48.494486],[39.782678,48.494468],[39.782656,48.494471]]]}},{"type":"Feature","properties":{"cadnum":"4421483000:14:001:0012"},"geometry":{"type":"Polygon","coordinates":[[[39.78164,48.493926],[39.78164,48.493944],[39.781667,48.493944],[39.781667,48.493926],[39.78164,48.493926]]]}},{"type":"Feature","properties":{"cadnum":"4421483000:10:005:0034"},"geometry":{"type":"Polygon","coordinates":[[[39.738032,48.47754],[39.738653,48.477957],[39.738787,48.478047],[39.738876,48.47816],[39.738341,48.478619],[39.73837,48.478836],[39.738414,48.478895],[39.742524,48.476681],[39.742464,48.476641],[39.741347,48.475891],[39.741234,48.475814],[39.739867,48.476551],[39.739866,48.476551],[39.738032,48.47754]]]}},{"type":"Feature","properties":{"cadnum":"4421483000:01:003:0016"},"geometry":{"type":"Polygon","coordinates":[[[39.803865,48.504019],[39.803869,48.504046],[39.803911,48.504046],[39.803911,48.504019],[39.803865,48.504019]]]}},{"type":"Feature","properties":{"cadnum":"4421483000:05:003:0020"},"geometry":{"type":"Polygon","coordinates":[[[39.805729,48.504457],[39.805729,48.504486],[39.805773,48.504486],[39.805773,48.504457],[39.805729,48.504457]]]}},{"type":"Feature","properties":{"cadnum":"4421483000:05:003:0019"},"geometry":{"type":"Polygon","coordinates":[[[39.80741,48.504852],[39.80741,48.504879],[39.80745,48.504879],[39.80745,48.504852],[39.80741,48.504852]]]}},{"type":"Feature","properties":{"cadnum":"4421483000:05:005:0016"},"geometry":{"type":"Polygon","coordinates":[[[39.813931,48.498647],[39.813931,48.498665],[39.813953,48.498665],[39.813953,48.498647],[39.813931,48.498647]]]}},{"type":"Feature","properties":{"cadnum":"4421483000:11:001:0038"},"geometry":{"type":"Polygon","coordinates":[[[39.743615,48.50673],[39.74362,48.506917],[39.743714,48.50706],[39.74428,48.507569],[39.745066,48.507905],[39.747362,48.507521],[39.747478,48.507442],[39.747456,48.50701],[39.747932,48.506948],[39.747303,48.505796],[39.743894,48.506447],[39.743745,48.506525],[39.743615,48.50673]]]}},{"type":"Feature","properties":{"cadnum":"4421483000:11:003:0049"},"geometry":{"type":"Polygon","coordinates":[[[39.699252,48.491075],[39.699252,48.491093],[39.699279,48.491093],[39.699279,48.491075],[39.699252,48.491075]]]}},{"type":"Feature","properties":{"cadnum":"4421483000:11:003:0048"},"geometry":{"type":"Polygon","coordinates":[[[39.700078,48.491146],[39.700105,48.49115],[39.700109,48.49109],[39.700082,48.49109],[39.700078,48.491146]]]}},{"type":"Feature","properties":{"cadnum":"4421483000:11:003:0047"},"geometry":{"type":"Polygon","coordinates":[[[39.700904,48.491146],[39.700904,48.491161],[39.700927,48.491161],[39.700927,48.491146],[39.700904,48.491146]]]}},{"type":"Feature","properties":{"cadnum":"4421483000:14:001:0068"},"geometry":{"type":"Polygon","coordinates":[[[39.767928,48.481513],[39.768063,48.481974],[39.768147,48.482641],[39.768652,48.482596],[39.769478,48.482573],[39.769891,48.48254],[39.770327,48.48243],[39.770061,48.481929],[39.76977,48.481316],[39.767928,48.481513]]]}},{"type":"Feature","properties":{"cadnum":"4421483000:14:002:0034"},"geometry":{"type":"Polygon","coordinates":[[[39.765247,48.48234],[39.766195,48.48298],[39.768,48.482161],[39.767977,48.48201],[39.767277,48.482075],[39.766495,48.481772],[39.765247,48.48234]]]}},{"type":"Feature","properties":{"cadnum":"4421483000:14:001:0069"},"geometry":{"type":"Polygon","coordinates":[[[39.76769,48.480682],[39.767928,48.481513],[39.76977,48.481316],[39.769702,48.481173],[39.769612,48.480959],[39.769522,48.480486],[39.76769,48.480682]]]}},{"type":"Feature","properties":{"cadnum":"4421483000:14:002:0035"},"geometry":{"type":"Polygon","coordinates":[[[39.766195,48.48298],[39.76632,48.483067],[39.767092,48.483594],[39.768333,48.483031],[39.768157,48.482867],[39.768094,48.482757],[39.768072,48.482647],[39.768,48.482161],[39.766195,48.48298]]]}},{"type":"Feature","properties":{"cadnum":"4421483000:01:003:0033"},"geometry":{"type":"Polygon","coordinates":[[[39.785198,48.510962],[39.785198,48.510988],[39.785243,48.510988],[39.785243,48.510962],[39.785198,48.510962]]]}},{"type":"Feature","properties":{"cadnum":"4421483000:01:003:0034"},"geometry":{"type":"Polygon","coordinates":[[[39.786699,48.510254],[39.786766,48.51025],[39.786766,48.510206],[39.786699,48.510209],[39.786699,48.510254]]]}},{"type":"Feature","properties":{"cadnum":"4421483000:01:003:0032"},"geometry":{"type":"Polygon","coordinates":[[[39.783766,48.511664],[39.783766,48.511694],[39.78381,48.511694],[39.78381,48.511664],[39.783766,48.511664]]]}},{"type":"Feature","properties":{"cadnum":"4421483000:05:004:0010"},"geometry":{"type":"Polygon","coordinates":[[[39.844572,48.510724],[39.844577,48.51075],[39.844617,48.51075],[39.844617,48.510724],[39.844572,48.510724]]]}},{"type":"Feature","properties":{"cadnum":"4421483000:07:004:0001"},"geometry":{"type":"Polygon","coordinates":[[[39.843229,48.51272],[39.843296,48.512717],[39.843296,48.512673],[39.843229,48.512673],[39.843229,48.51272]]]}},{"type":"Feature","properties":{"cadnum":"4421483000:05:004:0009"},"geometry":{"type":"Polygon","coordinates":[[[39.845282,48.509676],[39.845282,48.509706],[39.845327,48.509706],[39.845327,48.509676],[39.845282,48.509676]]]}},{"type":"Feature","properties":{"cadnum":"4421483000:05:004:0011"},"geometry":{"type":"Polygon","coordinates":[[[39.843988,48.511586],[39.843988,48.511613],[39.844034,48.511613],[39.844034,48.511586],[39.843988,48.511586]]]}},{"type":"Feature","properties":{"cadnum":"4421483000:07:003:0006"},"geometry":{"type":"Polygon","coordinates":[[[39.842057,48.477651],[39.842101,48.477648],[39.842101,48.477621],[39.842057,48.477621],[39.842057,48.477651]]]}},{"type":"Feature","properties":{"cadnum":"4421483000:06:001:0008"},"geometry":{"type":"Polygon","coordinates":[[[39.798381,48.494129],[39.798385,48.494144],[39.798408,48.494144],[39.798408,48.494129],[39.798381,48.494129]]]}},{"type":"Feature","properties":{"cadnum":"4421483000:06:002:0008"},"geometry":{"type":"Polygon","coordinates":[[[39.79941,48.494367],[39.799621,48.49437],[39.800586,48.494498],[39.801031,48.494745],[39.801054,48.494755],[39.801054,48.494756],[39.801177,48.494811],[39.801304,48.494869],[39.801345,48.494888],[39.801494,48.494915],[39.801639,48.494756],[39.801639,48.494755],[39.802536,48.493778],[39.801915,48.493409],[39.801857,48.493379],[39.800972,48.492944],[39.800905,48.492902],[39.800815,48.492837],[39.79941,48.494367]],[[39.801108,48.494067],[39.801125,48.49404],[39.801139,48.494044],[39.801161,48.494052],[39.801148,48.494078],[39.801108,48.494067]],[[39.801094,48.494489],[39.801102,48.494462],[39.801103,48.494462],[39.801129,48.494466],[39.801143,48.494468],[39.801143,48.494469],[39.801135,48.494495],[39.801094,48.494489]],[[39.8002,48.49437],[39.800209,48.494341],[39.800249,48.494347],[39.80024,48.494376],[39.8002,48.49437]],[[39.800066,48.493787],[39.800079,48.49376],[39.800119,48.493772],[39.800101,48.493798],[39.800066,48.493787]]]}},{"type":"Feature","properties":{"cadnum":"4421483000:06:001:0009"},"geometry":{"type":"Polygon","coordinates":[[[39.799275,48.494182],[39.799275,48.494197],[39.799301,48.494197],[39.799301,48.494182],[39.799275,48.494182]]]}},{"type":"Feature","properties":{"cadnum":"4421483000:06:001:0012"},"geometry":{"type":"Polygon","coordinates":[[[39.801827,48.494712],[39.801848,48.494712],[39.801848,48.494694],[39.801827,48.494698],[39.801827,48.494712]]]}},{"type":"Feature","properties":{"cadnum":"4421483000:08:001:0066"},"geometry":{"type":"Polygon","coordinates":[[[39.655495,48.489489],[39.6555,48.489515],[39.65554,48.489515],[39.65554,48.489489],[39.655495,48.489489]]]}},{"type":"Feature","properties":{"cadnum":"4421483000:08:001:0067"},"geometry":{"type":"Polygon","coordinates":[[[39.657103,48.489577],[39.657103,48.489604],[39.657148,48.489604],[39.657148,48.489577],[39.657103,48.489577]]]}},{"type":"Feature","properties":{"cadnum":"4421483000:08:001:0068"},"geometry":{"type":"Polygon","coordinates":[[[39.65864,48.489655],[39.65864,48.489699],[39.658707,48.489699],[39.658707,48.489655],[39.65864,48.489655]]]}},{"type":"Feature","properties":{"cadnum":"4421483000:06:003:0048"},"geometry":{"type":"Polygon","coordinates":[[[39.77652,48.4673],[39.776961,48.467943],[39.779086,48.467896],[39.778613,48.467211],[39.77652,48.4673]],[[39.777105,48.467601],[39.777105,48.467512],[39.777239,48.467508],[39.777239,48.467509],[39.777239,48.467598],[39.777105,48.467601]]]}},{"type":"Feature","properties":{"cadnum":"4421483000:07:005:0005"},"geometry":{"type":"Polygon","coordinates":[[[39.838612,48.469203],[39.838617,48.469233],[39.838657,48.46923],[39.838657,48.469203],[39.838612,48.469203]]]}},{"type":"Feature","properties":{"cadnum":"4421483000:07:005:0003"},"geometry":{"type":"Polygon","coordinates":[[[39.836532,48.466833],[39.836532,48.466859],[39.836573,48.466859],[39.836573,48.466833],[39.836532,48.466833]]]}},{"type":"Feature","properties":{"cadnum":"4421483000:07:005:0004"},"geometry":{"type":"Polygon","coordinates":[[[39.837512,48.46795],[39.837512,48.467976],[39.837556,48.467976],[39.837556,48.46795],[39.837512,48.46795]]]}},{"type":"Feature","properties":{"cadnum":"4421483000:07:003:0018"},"geometry":{"type":"Polygon","coordinates":[[[39.844568,48.498064],[39.844568,48.498094],[39.844608,48.498094],[39.844608,48.498064],[39.844568,48.498064]]]}},{"type":"Feature","properties":{"cadnum":"4421483000:07:003:0030"},"geometry":{"type":"Polygon","coordinates":[[[39.842673,48.498352],[39.842765,48.498395],[39.842765,48.498396],[39.842764,48.498396],[39.844015,48.498984],[39.843939,48.49851],[39.843939,48.498509],[39.84394,48.498509],[39.843917,48.498365],[39.844155,48.497442],[39.843902,48.497361],[39.843355,48.497308],[39.842673,48.498352]]]}},{"type":"Feature","properties":{"cadnum":"4421483000:07:003:0028"},"geometry":{"type":"Polygon","coordinates":[[[39.84216,48.498927],[39.843269,48.499448],[39.843306,48.499463],[39.844155,48.499862],[39.84402,48.49902],[39.842691,48.498396],[39.84265,48.498376],[39.84253,48.498509],[39.842531,48.498509],[39.842531,48.49851],[39.84216,48.498927]]]}},{"type":"Feature","properties":{"cadnum":"4421483000:07:003:0017"},"geometry":{"type":"Polygon","coordinates":[[[39.844694,48.496674],[39.844694,48.496701],[39.844738,48.496701],[39.844738,48.496674],[39.844694,48.496674]]]}},{"type":"Feature","properties":{"cadnum":"4421483000:07:003:0016"},"geometry":{"type":"Polygon","coordinates":[[[39.84481,48.495397],[39.84481,48.495424],[39.844855,48.495424],[39.844851,48.495397],[39.84481,48.495397]]]}},{"type":"Feature","properties":{"cadnum":"4421483000:07:003:0031"},"geometry":{"type":"Polygon","coordinates":[[[39.842749,48.497004],[39.843346,48.497189],[39.843336,48.497019],[39.843337,48.497019],[39.843782,48.496977],[39.843898,48.496986],[39.843931,48.497239],[39.843902,48.497361],[39.844155,48.497442],[39.844545,48.495921],[39.843499,48.495924],[39.843292,48.496445],[39.843054,48.496796],[39.842749,48.497004]],[[39.844361,48.496123],[39.844393,48.496123],[39.844393,48.496144],[39.844361,48.496144],[39.844361,48.496123]]]}},{"type":"Feature","properties":{"cadnum":"4421483000:14:001:0054"},"geometry":{"type":"Polygon","coordinates":[[[39.781564,48.497623],[39.784762,48.497537],[39.784749,48.496999],[39.783684,48.497028],[39.781933,48.497072],[39.781762,48.49748],[39.781564,48.497623]]]}},{"type":"Feature","properties":{"cadnum":"4421483000:14:001:0076"},"geometry":{"type":"Polygon","coordinates":[[[39.781933,48.497072],[39.783684,48.497028],[39.783631,48.49495],[39.783554,48.494927],[39.782426,48.495257],[39.782171,48.496496],[39.781933,48.497072]]]}},{"type":"Feature","properties":{"cadnum":"4421483000:14:001:0008"},"geometry":{"type":"Polygon","coordinates":[[[39.785697,48.496099],[39.785697,48.496117],[39.785719,48.496117],[39.785719,48.496099],[39.785697,48.496099]]]}},{"type":"Feature","properties":{"cadnum":"4421483000:14:001:0056"},"geometry":{"type":"Polygon","coordinates":[[[39.784705,48.495266],[39.784749,48.496999],[39.784762,48.497537],[39.784776,48.498014],[39.785477,48.497992],[39.785458,48.497255],[39.785441,48.496513],[39.785414,48.495578],[39.784812,48.495299],[39.784705,48.495266]]]}},{"type":"Feature","properties":{"cadnum":"4421483000:14:001:0055"},"geometry":{"type":"Polygon","coordinates":[[[39.783631,48.49495],[39.783684,48.497028],[39.784749,48.496999],[39.784705,48.495266],[39.783631,48.49495]]]}},{"type":"Feature","properties":{"cadnum":"4421483000:01:003:0148"},"geometry":{"type":"Polygon","coordinates":[[[39.799477,48.511072],[39.800056,48.511352],[39.79958,48.511744],[39.800932,48.512342],[39.801965,48.511524],[39.799953,48.510634],[39.799477,48.511072]]]}},{"type":"Feature","properties":{"cadnum":"4421483000:01:003:0150"},"geometry":{"type":"Polygon","coordinates":[[[39.800506,48.510128],[39.802567,48.511042],[39.803137,48.510548],[39.801053,48.509625],[39.800722,48.509935],[39.800506,48.510128]]]}},{"type":"Feature","properties":{"cadnum":"4421483000:01:003:0149"},"geometry":{"type":"Polygon","coordinates":[[[39.799953,48.510634],[39.801965,48.511524],[39.802504,48.511096],[39.802567,48.511042],[39.800506,48.510128],[39.800236,48.510378],[39.799953,48.510634]]]}},{"type":"Feature","properties":{"cadnum":"4421483000:11:001:0037"},"geometry":{"type":"Polygon","coordinates":[[[39.737884,48.512631],[39.737944,48.512953],[39.737944,48.512954],[39.737943,48.512954],[39.737965,48.513067],[39.738045,48.513494],[39.738746,48.513286],[39.739856,48.51311],[39.740046,48.512954],[39.740046,48.512953],[39.740332,48.51272],[39.741473,48.512646],[39.742721,48.51236],[39.742869,48.512283],[39.742798,48.512098],[39.742699,48.512069],[39.742689,48.512074],[39.742676,48.51208],[39.742668,48.512084],[39.742079,48.51214],[39.741356,48.512179],[39.740129,48.512241],[39.738854,48.51244],[39.737884,48.512631]]]}},{"type":"Feature","properties":{"cadnum":"4421483000:11:001:0026"},"geometry":{"type":"Polygon","coordinates":[[[39.737588,48.511837],[39.737955,48.511783],[39.739748,48.511536],[39.739878,48.511524],[39.739882,48.509381],[39.738217,48.509432],[39.737592,48.509453],[39.737588,48.511837]]]}},{"type":"Feature","properties":{"cadnum":"4421483000:01:001:0039"},"geometry":{"type":"Polygon","coordinates":[[[39.763503,48.523086],[39.763549,48.523086],[39.763549,48.523056],[39.763503,48.523059],[39.763503,48.523086]]]}},{"type":"Feature","properties":{"cadnum":"4421483000:05:005:0048"},"geometry":{"type":"Polygon","coordinates":[[[39.82414,48.504219],[39.824159,48.504531],[39.824702,48.504561],[39.824845,48.504594],[39.824958,48.504608],[39.825151,48.50462],[39.825218,48.504352],[39.824607,48.504287],[39.82414,48.504219]]]}},{"type":"Feature","properties":{"cadnum":"4421483000:01:003:0083"},"geometry":{"type":"Polygon","coordinates":[[[39.776022,48.517647],[39.776619,48.518405],[39.777558,48.519596],[39.778124,48.519201],[39.776633,48.517314],[39.776022,48.517647]]]}},{"type":"Feature","properties":{"cadnum":"4421483000:01:003:0084"},"geometry":{"type":"Polygon","coordinates":[[[39.776633,48.517314],[39.778124,48.519201],[39.778749,48.518766],[39.777311,48.516948],[39.776633,48.517314]]]}},{"type":"Feature","properties":{"cadnum":"4421483000:07:003:0010"},"geometry":{"type":"Polygon","coordinates":[[[39.840952,48.485654],[39.840956,48.485698],[39.841024,48.485698],[39.841019,48.485651],[39.840952,48.485654]]]}},{"type":"Feature","properties":{"cadnum":"4421483000:07:003:0011"},"geometry":{"type":"Polygon","coordinates":[[[39.841864,48.487139],[39.841904,48.487137],[39.841904,48.48711],[39.841864,48.48711],[39.841864,48.487139]]]}},{"type":"Feature","properties":{"cadnum":"4421483000:11:002:0026"},"geometry":{"type":"Polygon","coordinates":[[[39.733001,48.500927],[39.733083,48.500972],[39.733145,48.500921],[39.733123,48.500909],[39.733078,48.500945],[39.73302,48.500912],[39.733001,48.500927]]]}},{"type":"Feature","properties":{"cadnum":"4421483000:11:002:0016"},"geometry":{"type":"Polygon","coordinates":[[[39.73456,48.500745],[39.734588,48.500743],[39.734588,48.500727],[39.73456,48.500727],[39.73456,48.500745]]]}},{"type":"Feature","properties":{"cadnum":"4421483000:11:002:0017"},"geometry":{"type":"Polygon","coordinates":[[[39.733815,48.500855],[39.733842,48.500853],[39.733842,48.500838],[39.733815,48.500838],[39.733815,48.500855]]]}},{"type":"Feature","properties":{"cadnum":"4421483000:11:002:0018"},"geometry":{"type":"Polygon","coordinates":[[[39.732414,48.500597],[39.732414,48.500615],[39.732441,48.500615],[39.732441,48.500597],[39.732414,48.500597]]]}},{"type":"Feature","properties":{"cadnum":"4421483000:11:002:0014"},"geometry":{"type":"Polygon","coordinates":[[[39.73607,48.500504],[39.73607,48.500522],[39.736096,48.500522],[39.736096,48.500504],[39.73607,48.500504]]]}},{"type":"Feature","properties":{"cadnum":"4421483000:11:002:0013"},"geometry":{"type":"Polygon","coordinates":[[[39.736815,48.500394],[39.736815,48.500412],[39.736842,48.500412],[39.736842,48.500394],[39.736815,48.500394]]]}},{"type":"Feature","properties":{"cadnum":"4421483000:11:002:0015"},"geometry":{"type":"Polygon","coordinates":[[[39.735315,48.500617],[39.735315,48.500632],[39.735337,48.500632],[39.735337,48.500617],[39.735315,48.500617]]]}},{"type":"Feature","properties":{"cadnum":"4421483000:01:003:0093"},"geometry":{"type":"Polygon","coordinates":[[[39.782831,48.514235],[39.783977,48.51569],[39.784978,48.514936],[39.784107,48.514172],[39.782831,48.514235]]]}},{"type":"Feature","properties":{"cadnum":"4421483000:01:003:0092"},"geometry":{"type":"Polygon","coordinates":[[[39.782036,48.514458],[39.783361,48.516136],[39.783451,48.516085],[39.783977,48.51569],[39.782831,48.514235],[39.782535,48.51425],[39.782036,48.514458]]]}},{"type":"Feature","properties":{"cadnum":"4421483000:05:005:0008"},"geometry":{"type":"Polygon","coordinates":[[[39.802653,48.494978],[39.80268,48.494987],[39.80272,48.494939],[39.802697,48.49493],[39.802653,48.494978]]]}},{"type":"Feature","properties":{"cadnum":"4421483000:05:005:0005"},"geometry":{"type":"Polygon","coordinates":[[[39.800479,48.498005],[39.800972,48.498284],[39.801171,48.498129],[39.801444,48.497924],[39.800982,48.497662],[39.800506,48.497963],[39.800479,48.498005]]]}},{"type":"Feature","properties":{"cadnum":"4421483000:05:006:0063"},"geometry":{"type":"Polygon","coordinates":[[[39.839111,48.503138],[39.839168,48.50335],[39.83947,48.503311],[39.840126,48.503186],[39.840063,48.503019],[39.839403,48.503103],[39.839111,48.503138]]]}},{"type":"Feature","properties":{"cadnum":"4421483000:07:005:0007"},"geometry":{"type":"Polygon","coordinates":[[[39.840548,48.471868],[39.840548,48.471895],[39.840593,48.471895],[39.840593,48.471868],[39.840548,48.471868]]]}},{"type":"Feature","properties":{"cadnum":"4421483000:07:005:0006"},"geometry":{"type":"Polygon","coordinates":[[[39.839577,48.470525],[39.839577,48.470555],[39.839618,48.470555],[39.839618,48.470525],[39.839577,48.470525]]]}},{"type":"Feature","properties":{"cadnum":"4421483000:02:001:0001"},"geometry":{"type":"Polygon","coordinates":[[[39.798934,48.546795],[39.799733,48.546731],[39.799706,48.545761],[39.799238,48.545773],[39.798934,48.546795]]]}},{"type":"Feature","properties":{"cadnum":"4421483000:07:003:0019"},"geometry":{"type":"Polygon","coordinates":[[[39.844424,48.499644],[39.844424,48.499671],[39.844464,48.499671],[39.844464,48.499644],[39.844424,48.499644]]]}},{"type":"Feature","properties":{"cadnum":"4421483000:07:003:0020"},"geometry":{"type":"Polygon","coordinates":[[[39.844289,48.500891],[39.844289,48.500936],[39.844357,48.500936],[39.844357,48.500891],[39.844289,48.500891]]]}},{"type":"Feature","properties":{"cadnum":"4421483000:07:003:0025"},"geometry":{"type":"Polygon","coordinates":[[[39.842034,48.500337],[39.842191,48.500418],[39.843728,48.501186],[39.844401,48.501403],[39.844311,48.500853],[39.842516,48.500008],[39.842034,48.500337]]]}},{"type":"Feature","properties":{"cadnum":"4421483000:07:003:0026"},"geometry":{"type":"Polygon","coordinates":[[[39.842516,48.500008],[39.844311,48.500853],[39.84424,48.500302],[39.844155,48.499862],[39.843306,48.499463],[39.842516,48.500008]],[[39.844181,48.500406],[39.844105,48.500415],[39.844101,48.500394],[39.844231,48.500379],[39.844235,48.5004],[39.844214,48.500403],[39.844218,48.500436],[39.844217,48.500436],[39.844191,48.500439],[39.844181,48.500406]]]}},{"type":"Feature","properties":{"cadnum":"4421483000:13:002:0016"},"geometry":{"type":"Polygon","coordinates":[[[39.785629,48.498892],[39.785629,48.498909],[39.785657,48.498909],[39.785657,48.498892],[39.785629,48.498892]]]}},{"type":"Feature","properties":{"cadnum":"4421483000:13:002:0019"},"geometry":{"type":"Polygon","coordinates":[[[39.783586,48.499609],[39.783586,48.499624],[39.783613,48.499624],[39.783613,48.499609],[39.783586,48.499609]]]}},{"type":"Feature","properties":{"cadnum":"4421483000:13:002:0043"},"geometry":{"type":"Polygon","coordinates":[[[39.78634,48.49876],[39.786344,48.49879],[39.786384,48.49879],[39.786384,48.49876],[39.78634,48.49876]]]}},{"type":"Feature","properties":{"cadnum":"4421483000:13:002:0020"},"geometry":{"type":"Polygon","coordinates":[[[39.782902,48.499847],[39.782902,48.499865],[39.782925,48.499865],[39.782925,48.499847],[39.782902,48.499847]]]}},{"type":"Feature","properties":{"cadnum":"4421483000:13:002:0042"},"geometry":{"type":"Polygon","coordinates":[[[39.784866,48.499323],[39.784866,48.499353],[39.784911,48.499353],[39.784906,48.499323],[39.784866,48.499323]]]}},{"type":"Feature","properties":{"cadnum":"4421483000:13:002:0017"},"geometry":{"type":"Polygon","coordinates":[[[39.784946,48.499132],[39.784946,48.499147],[39.784973,48.499147],[39.784973,48.499132],[39.784946,48.499132]]]}},{"type":"Feature","properties":{"cadnum":"4421483000:13:002:0018"},"geometry":{"type":"Polygon","coordinates":[[[39.784264,48.499371],[39.784264,48.499386],[39.78429,48.499386],[39.78429,48.499371],[39.784264,48.499371]]]}},{"type":"Feature","properties":{"cadnum":"4421483000:13:002:0041"},"geometry":{"type":"Polygon","coordinates":[[[39.783348,48.499903],[39.783348,48.49993],[39.783393,48.49993],[39.783388,48.499903],[39.783348,48.499903]]]}},{"type":"Feature","properties":{"cadnum":"4421483000:13:002:0015"},"geometry":{"type":"Polygon","coordinates":[[[39.786303,48.498656],[39.786303,48.498674],[39.786326,48.498674],[39.786326,48.498656],[39.786303,48.498656]]]}},{"type":"Feature","properties":{"cadnum":"4421483000:13:002:0021"},"geometry":{"type":"Polygon","coordinates":[[[39.782225,48.500085],[39.782225,48.500099],[39.782252,48.500099],[39.782252,48.500085],[39.782225,48.500085]]]}},{"type":"Feature","properties":{"cadnum":"4421483000:13:002:0040"},"geometry":{"type":"Polygon","coordinates":[[[39.781856,48.500454],[39.781856,48.500498],[39.781923,48.500498],[39.781923,48.500454],[39.781856,48.500454]]]}},{"type":"Feature","properties":{"cadnum":"4421483000:13:002:0039"},"geometry":{"type":"Polygon","coordinates":[[[39.782814,48.501142],[39.782814,48.501168],[39.782858,48.501168],[39.782858,48.501142],[39.782814,48.501142]]]}},{"type":"Feature","properties":{"cadnum":"4421483000:13:002:0022"},"geometry":{"type":"Polygon","coordinates":[[[39.781542,48.500341],[39.781569,48.500337],[39.781569,48.500323],[39.781542,48.500323],[39.781542,48.500341]]]}}]}