{"type":"FeatureCollection","features":[{"type":"Feature","properties":{"cadnum":"4423187500:01:011:0030"},"geometry":{"type":"Polygon","coordinates":[[[38.857256,49.026892],[38.85751,49.027052],[38.857509,49.027052],[38.858728,49.027819],[38.858729,49.027819],[38.862139,49.029964],[38.862961,49.029846],[38.863454,49.02969],[38.859266,49.027052],[38.858664,49.026673],[38.858105,49.02632],[38.857256,49.026892]]]}},{"type":"Feature","properties":{"cadnum":"4423187500:01:011:0029"},"geometry":{"type":"Polygon","coordinates":[[[38.858105,49.02632],[38.858557,49.026605],[38.858664,49.026673],[38.858728,49.026714],[38.859445,49.027165],[38.863454,49.02969],[38.863634,49.029634],[38.86405,49.029373],[38.86405,49.029374],[38.864191,49.029284],[38.864222,49.029265],[38.864366,49.029174],[38.86405,49.028975],[38.861174,49.027165],[38.861175,49.027165],[38.858946,49.025761],[38.858664,49.025949],[38.858105,49.02632]]]}},{"type":"Feature","properties":{"cadnum":"4423187500:01:011:0027"},"geometry":{"type":"Polygon","coordinates":[[[38.859772,49.025207],[38.862882,49.027165],[38.864222,49.028008],[38.865229,49.028641],[38.866078,49.028111],[38.864396,49.027052],[38.864222,49.026942],[38.864076,49.02685],[38.86405,49.026834],[38.860594,49.024657],[38.859772,49.025207]]]}},{"type":"Feature","properties":{"cadnum":"4423187500:01:011:0032"},"geometry":{"type":"Polygon","coordinates":[[[38.855307,49.030102],[38.856178,49.030654],[38.856352,49.030764],[38.856353,49.030765],[38.856383,49.030766],[38.856384,49.030766],[38.856965,49.0308],[38.857658,49.030733],[38.858557,49.030647],[38.858557,49.030648],[38.858586,49.030644],[38.858728,49.030563],[38.85917,49.030311],[38.859498,49.030182],[38.859529,49.030176],[38.860527,49.030161],[38.858605,49.028951],[38.857791,49.028438],[38.855307,49.030102]]]}},{"type":"Feature","properties":{"cadnum":"4423187500:01:011:0031"},"geometry":{"type":"Polygon","coordinates":[[[38.856326,49.027516],[38.857791,49.028438],[38.858557,49.028921],[38.858605,49.028951],[38.858728,49.029029],[38.858729,49.029029],[38.860527,49.030161],[38.860764,49.030155],[38.862139,49.029964],[38.858557,49.027711],[38.857689,49.027165],[38.857256,49.026892],[38.857017,49.027052],[38.856947,49.027099],[38.85685,49.027165],[38.856326,49.027516]]]}},{"type":"Feature","properties":{"cadnum":"4423187500:07:001:0059"},"geometry":{"type":"Polygon","coordinates":[[[38.927747,49.05881],[38.928277,49.058998],[38.928731,49.058339],[38.9282,49.058148],[38.927747,49.05881]]]}},{"type":"Feature","properties":{"cadnum":"4423187500:07:001:0056"},"geometry":{"type":"Polygon","coordinates":[[[38.926189,49.05826],[38.926692,49.05846],[38.927164,49.057771],[38.926651,49.057583],[38.926189,49.05826]]]}},{"type":"Feature","properties":{"cadnum":"4423187500:07:001:0055"},"geometry":{"type":"Polygon","coordinates":[[[38.928816,49.059193],[38.929374,49.059396],[38.929822,49.058736],[38.929265,49.058533],[38.928816,49.059193]]]}},{"type":"Feature","properties":{"cadnum":"4423187500:07:001:0078"},"geometry":{"type":"Polygon","coordinates":[[[38.925676,49.058057],[38.926189,49.05826],[38.926651,49.057583],[38.92613,49.057394],[38.925676,49.058057]]]}},{"type":"Feature","properties":{"cadnum":"4423187500:07:001:0058"},"geometry":{"type":"Polygon","coordinates":[[[38.923548,49.056565],[38.924646,49.056782],[38.925259,49.056903],[38.92546,49.056676],[38.924475,49.056481],[38.923915,49.05637],[38.923548,49.056565]]]}},{"type":"Feature","properties":{"cadnum":"4423187500:07:001:0068"},"geometry":{"type":"Polygon","coordinates":[[[38.929028,49.057621],[38.929265,49.05771],[38.929548,49.057809],[38.930015,49.05713],[38.929485,49.056956],[38.929028,49.057621]]]}},{"type":"Feature","properties":{"cadnum":"4423187500:07:001:0051"},"geometry":{"type":"Polygon","coordinates":[[[38.926692,49.05846],[38.926791,49.058498],[38.927213,49.058631],[38.927676,49.057957],[38.927164,49.057771],[38.926692,49.05846]]]}},{"type":"Feature","properties":{"cadnum":"4423187500:03:005:0002"},"geometry":{"type":"Polygon","coordinates":[[[38.885486,49.072003],[38.8858,49.072085],[38.885939,49.071836],[38.885733,49.071771],[38.885486,49.072003]]]}},{"type":"Feature","properties":{"cadnum":"4423187500:03:003:0002"},"geometry":{"type":"Polygon","coordinates":[[[38.885333,49.073339],[38.885787,49.073427],[38.886022,49.073467],[38.886023,49.073467],[38.886155,49.073489],[38.886194,49.073498],[38.886358,49.073533],[38.886389,49.073459],[38.886438,49.07335],[38.886062,49.073274],[38.885792,49.073219],[38.885662,49.073206],[38.885392,49.073165],[38.885343,49.073304],[38.885333,49.073339]]]}},{"type":"Feature","properties":{"cadnum":"4423187500:03:005:0001"},"geometry":{"type":"Polygon","coordinates":[[[38.8858,49.072085],[38.886022,49.072145],[38.886023,49.072145],[38.886023,49.072146],[38.88615,49.07218],[38.886194,49.072191],[38.886205,49.072194],[38.886452,49.072292],[38.886914,49.072388],[38.88704,49.07217],[38.886685,49.07207],[38.886023,49.071862],[38.885939,49.071836],[38.8858,49.072085]]]}},{"type":"Feature","properties":{"cadnum":"4423187500:03:003:0001"},"geometry":{"type":"Polygon","coordinates":[[[38.885504,49.072674],[38.885886,49.072777],[38.886022,49.072812],[38.886023,49.072812],[38.886023,49.072813],[38.886095,49.072831],[38.886194,49.072857],[38.886385,49.072907],[38.886627,49.072977],[38.886731,49.072774],[38.886425,49.072694],[38.886023,49.072596],[38.88598,49.072586],[38.88558,49.0725],[38.885504,49.072674]]]}},{"type":"Feature","properties":{"cadnum":"4423187500:01:005:0004"},"geometry":{"type":"Polygon","coordinates":[[[38.878093,49.071753],[38.880701,49.072167],[38.881174,49.072242],[38.881588,49.071808],[38.881597,49.0718],[38.881618,49.071791],[38.881637,49.071786],[38.882288,49.071738],[38.882301,49.071738],[38.882356,49.071311],[38.882476,49.070262],[38.882481,49.070223],[38.880529,49.070135],[38.878318,49.070035],[38.878289,49.070256],[38.878288,49.070256],[38.878277,49.070344],[38.878274,49.070368],[38.878274,49.070369],[38.878093,49.071753]]]}},{"type":"Feature","properties":{"cadnum":"4423187500:01:003:0108"},"geometry":{"type":"Polygon","coordinates":[[[38.819513,49.07381],[38.820276,49.073871],[38.820775,49.073911],[38.821094,49.073936],[38.821144,49.07275],[38.821194,49.071568],[38.821224,49.070853],[38.820276,49.070777],[38.819639,49.070726],[38.819639,49.070761],[38.819513,49.07381]]]}},{"type":"Feature","properties":{"cadnum":"4423187500:01:003:0002"},"geometry":{"type":"Polygon","coordinates":[[[38.818899,49.076623],[38.819559,49.076926],[38.820276,49.077223],[38.820569,49.077343],[38.820735,49.073942],[38.820344,49.073911],[38.820147,49.073895],[38.819657,49.073855],[38.819655,49.073855],[38.819033,49.073804],[38.819031,49.073854],[38.819031,49.073855],[38.81903,49.073855],[38.819026,49.073953],[38.819025,49.073967],[38.818899,49.076623]]]}},{"type":"Feature","properties":{"cadnum":"4423187500:01:003:0109"},"geometry":{"type":"Polygon","coordinates":[[[38.819639,49.070726],[38.820105,49.070763],[38.820105,49.070764],[38.821224,49.070853],[38.821243,49.07044],[38.821251,49.070256],[38.821293,49.069308],[38.82135,49.067869],[38.820105,49.067802],[38.820104,49.067802],[38.819765,49.067783],[38.819654,49.070368],[38.819655,49.070368],[38.819655,49.070369],[38.819639,49.070726]]]}},{"type":"Feature","properties":{"cadnum":"4423187500:01:003:0022"},"geometry":{"type":"Polygon","coordinates":[[[38.821243,49.07044],[38.825769,49.070802],[38.825769,49.070801],[38.82577,49.070801],[38.825788,49.070802],[38.825816,49.070256],[38.825847,49.06967],[38.82577,49.069664],[38.825769,49.069664],[38.821293,49.069308],[38.821246,49.070368],[38.821246,49.070369],[38.821243,49.07044]]]}},{"type":"Feature","properties":{"cadnum":"4423187500:01:003:0019"},"geometry":{"type":"Polygon","coordinates":[[[38.821094,49.073936],[38.821475,49.073967],[38.821476,49.073967],[38.825618,49.074301],[38.825634,49.073967],[38.825676,49.07311],[38.821144,49.07275],[38.821098,49.073854],[38.821098,49.073855],[38.821097,49.073855],[38.821094,49.073936]]]}},{"type":"Feature","properties":{"cadnum":"4423187500:01:003:0020"},"geometry":{"type":"Polygon","coordinates":[[[38.821144,49.07275],[38.825598,49.073103],[38.825676,49.07311],[38.825735,49.07193],[38.821194,49.071568],[38.821144,49.07275]]]}},{"type":"Feature","properties":{"cadnum":"4423187500:01:003:0021"},"geometry":{"type":"Polygon","coordinates":[[[38.821194,49.071568],[38.825598,49.071919],[38.825735,49.07193],[38.825769,49.071198],[38.825769,49.071197],[38.825788,49.070802],[38.825598,49.070788],[38.821243,49.07044],[38.821224,49.070853],[38.821194,49.071568]]]}},{"type":"Feature","properties":{"cadnum":"4423187500:01:001:0060"},"geometry":{"type":"Polygon","coordinates":[[[38.83479,49.083386],[38.836584,49.084265],[38.836584,49.084266],[38.836627,49.084286],[38.836442,49.084519],[38.836584,49.084563],[38.836864,49.084649],[38.836961,49.084679],[38.837231,49.084761],[38.839851,49.085566],[38.842077,49.086466],[38.842168,49.086503],[38.842249,49.086536],[38.84464,49.087502],[38.847742,49.087021],[38.84781,49.08701],[38.84773,49.085487],[38.847742,49.085504],[38.847742,49.085503],[38.848354,49.086325],[38.848453,49.086911],[38.85016,49.086645],[38.853235,49.086131],[38.853235,49.08613],[38.854965,49.08584],[38.854692,49.085392],[38.854116,49.084724],[38.853353,49.084198],[38.853273,49.083669],[38.853133,49.083608],[38.852342,49.083263],[38.851233,49.083521],[38.850139,49.083507],[38.851229,49.083398],[38.85237,49.083148],[38.853064,49.083451],[38.853064,49.083452],[38.853487,49.083636],[38.853703,49.084116],[38.854482,49.084761],[38.854483,49.084761],[38.854638,49.08489],[38.854678,49.084761],[38.854812,49.084336],[38.854615,49.084098],[38.857055,49.083915],[38.85678,49.083268],[38.858728,49.082718],[38.861141,49.082036],[38.862758,49.082138],[38.86405,49.081819],[38.86405,49.08182],[38.865993,49.081338],[38.865861,49.08113],[38.865745,49.080945],[38.865903,49.080512],[38.866693,49.080115],[38.869543,49.079575],[38.869569,49.07957],[38.869715,49.079543],[38.870548,49.079385],[38.871265,49.079447],[38.872294,49.079105],[38.873561,49.07912],[38.87472,49.078793],[38.875208,49.079016],[38.876139,49.079438],[38.877895,49.078208],[38.877896,49.078208],[38.880222,49.078093],[38.880701,49.078243],[38.880701,49.078242],[38.880819,49.078279],[38.881066,49.078352],[38.881282,49.07842],[38.882045,49.078517],[38.882094,49.078843],[38.882094,49.078844],[38.881781,49.079203],[38.880662,49.080062],[38.880582,49.080123],[38.880568,49.080132],[38.88041,49.080256],[38.880375,49.080282],[38.880253,49.080374],[38.879809,49.081051],[38.879737,49.081162],[38.880529,49.080807],[38.880529,49.080808],[38.880748,49.080709],[38.883052,49.080453],[38.882787,49.080174],[38.882787,49.080173],[38.883222,49.079556],[38.883226,49.079064],[38.883488,49.078361],[38.88337,49.078185],[38.883536,49.077637],[38.881618,49.078087],[38.881291,49.077961],[38.881115,49.077761],[38.880529,49.077565],[38.880033,49.077399],[38.87989,49.077453],[38.879804,49.077485],[38.879589,49.077565],[38.879589,49.077566],[38.878974,49.077796],[38.87749,49.077514],[38.877445,49.077565],[38.877446,49.077565],[38.877446,49.077566],[38.876171,49.079059],[38.875036,49.078649],[38.875036,49.07865],[38.87463,49.078503],[38.873812,49.07875],[38.872322,49.078887],[38.871135,49.079138],[38.869543,49.079134],[38.869543,49.079135],[38.868548,49.079132],[38.867839,49.079629],[38.865741,49.079877],[38.865548,49.080614],[38.864412,49.080956],[38.864222,49.081036],[38.864222,49.081035],[38.864183,49.081051],[38.863994,49.081129],[38.863912,49.081163],[38.863912,49.081164],[38.863504,49.081333],[38.862116,49.081395],[38.86076,49.081715],[38.858557,49.082191],[38.857831,49.082348],[38.855959,49.083309],[38.855397,49.083092],[38.855397,49.083091],[38.855208,49.082653],[38.858083,49.081117],[38.858307,49.080997],[38.858728,49.080874],[38.86112,49.080173],[38.864222,49.078833],[38.866257,49.077952],[38.868071,49.077453],[38.869543,49.077048],[38.872384,49.076266],[38.874527,49.076087],[38.875036,49.075695],[38.875173,49.07559],[38.874926,49.075439],[38.874207,49.075805],[38.872349,49.076104],[38.871464,49.076396],[38.869905,49.076625],[38.869715,49.076688],[38.868567,49.077061],[38.866312,49.077565],[38.866312,49.077566],[38.866137,49.077605],[38.864222,49.078476],[38.864222,49.078475],[38.862062,49.079456],[38.858729,49.08051],[38.858728,49.08051],[38.857297,49.080962],[38.857125,49.081051],[38.857124,49.081051],[38.856946,49.081143],[38.856906,49.081163],[38.856906,49.081164],[38.856605,49.081318],[38.853267,49.082406],[38.853064,49.082404],[38.853063,49.082404],[38.850403,49.082369],[38.848449,49.082674],[38.847742,49.082947],[38.846648,49.083368],[38.842358,49.084498],[38.842077,49.08444],[38.841738,49.084369],[38.841271,49.08368],[38.840004,49.083721],[38.838176,49.084042],[38.837619,49.08393],[38.836887,49.082086],[38.836584,49.082074],[38.836584,49.082075],[38.835239,49.082021],[38.83479,49.083386]]]}},{"type":"Feature","properties":{"cadnum":"4423187500:01:010:0081"},"geometry":{"type":"Polygon","coordinates":[[[38.823233,49.038183],[38.825769,49.038214],[38.825769,49.038213],[38.82577,49.038213],[38.828218,49.038242],[38.828235,49.037969],[38.828236,49.037969],[38.828285,49.037223],[38.825598,49.037189],[38.825598,49.03719],[38.8233,49.03716],[38.823254,49.037857],[38.823233,49.038183]]]}},{"type":"Feature","properties":{"cadnum":"4423187500:01:010:0082"},"geometry":{"type":"Polygon","coordinates":[[[38.823157,49.039313],[38.825769,49.039345],[38.825769,49.039344],[38.82577,49.039344],[38.828146,49.039372],[38.828218,49.038242],[38.825598,49.038211],[38.823233,49.038183],[38.823157,49.039313]]]}},{"type":"Feature","properties":{"cadnum":"4423187500:01:010:0084"},"geometry":{"type":"Polygon","coordinates":[[[38.822995,49.041789],[38.825598,49.041822],[38.827981,49.041851],[38.828006,49.041458],[38.828006,49.041457],[38.828057,49.040682],[38.825598,49.040653],[38.825598,49.040654],[38.823071,49.040623],[38.823008,49.04157],[38.823009,49.04157],[38.822995,49.041789]]]}},{"type":"Feature","properties":{"cadnum":"4423187500:01:010:0083"},"geometry":{"type":"Polygon","coordinates":[[[38.823071,49.040623],[38.825769,49.040656],[38.825769,49.040655],[38.82577,49.040655],[38.828057,49.040682],[38.828146,49.039372],[38.825598,49.039342],[38.825598,49.039343],[38.823157,49.039313],[38.823071,49.040623]]]}},{"type":"Feature","properties":{"cadnum":"4423187500:01:010:0055"},"geometry":{"type":"Polygon","coordinates":[[[38.819046,49.038883],[38.820276,49.038898],[38.823115,49.03893],[38.823185,49.037857],[38.823185,49.037856],[38.823197,49.037679],[38.820105,49.037643],[38.820104,49.037643],[38.819127,49.037632],[38.819104,49.037969],[38.819105,49.037969],[38.819046,49.038883]]]}},{"type":"Feature","properties":{"cadnum":"4423187500:01:010:0052"},"geometry":{"type":"Polygon","coordinates":[[[38.8188,49.042687],[38.820105,49.042703],[38.822865,49.042734],[38.82294,49.04157],[38.822941,49.04157],[38.82295,49.041436],[38.820105,49.041403],[38.820105,49.041404],[38.820104,49.041404],[38.818886,49.041389],[38.818881,49.041457],[38.818881,49.041458],[38.81888,49.041458],[38.8188,49.042687]]]}},{"type":"Feature","properties":{"cadnum":"4423187500:01:010:0053"},"geometry":{"type":"Polygon","coordinates":[[[38.818886,49.041389],[38.820276,49.041406],[38.820276,49.041405],[38.82295,49.041436],[38.823031,49.040185],[38.820105,49.040149],[38.820104,49.040149],[38.818966,49.040134],[38.818886,49.041389]]]}},{"type":"Feature","properties":{"cadnum":"4423187500:01:010:0054"},"geometry":{"type":"Polygon","coordinates":[[[38.818966,49.040134],[38.820276,49.040151],[38.823031,49.040185],[38.823115,49.03893],[38.820105,49.038896],[38.820104,49.038896],[38.819046,49.038883],[38.818966,49.040134]]]}},{"type":"Feature","properties":{"cadnum":"4423187500:01:012:0129"},"geometry":{"type":"Polygon","coordinates":[[[38.883411,49.039181],[38.886022,49.039985],[38.886023,49.039985],[38.886766,49.040214],[38.887014,49.039799],[38.88704,49.039752],[38.886023,49.039438],[38.886023,49.039439],[38.886022,49.039439],[38.883689,49.038718],[38.883689,49.038721],[38.883411,49.039181]]]}},{"type":"Feature","properties":{"cadnum":"4423187500:01:012:0136"},"geometry":{"type":"Polygon","coordinates":[[[38.879961,49.03812],[38.880529,49.038297],[38.883406,49.039187],[38.883411,49.039181],[38.883689,49.038721],[38.881255,49.037969],[38.880529,49.037745],[38.88024,49.037655],[38.880119,49.037857],[38.880118,49.037857],[38.880079,49.037923],[38.880051,49.037969],[38.879961,49.03812]]]}},{"type":"Feature","properties":{"cadnum":"4423187500:01:012:0130"},"geometry":{"type":"Polygon","coordinates":[[[38.883689,49.038718],[38.886194,49.039492],[38.886194,49.039491],[38.88704,49.039752],[38.887301,49.039319],[38.887318,49.03929],[38.886194,49.038943],[38.883968,49.038256],[38.883964,49.038259],[38.883689,49.038718]]]}},{"type":"Feature","properties":{"cadnum":"4423187500:01:012:0134"},"geometry":{"type":"Polygon","coordinates":[[[38.880519,49.037193],[38.880529,49.037196],[38.88057,49.037209],[38.880701,49.03725],[38.880701,49.037249],[38.883027,49.037969],[38.883964,49.038259],[38.883968,49.038256],[38.884155,49.037941],[38.884242,49.037797],[38.880792,49.036734],[38.880725,49.036848],[38.880653,49.036969],[38.880519,49.037193]]]}},{"type":"Feature","properties":{"cadnum":"4423187500:01:012:0085"},"geometry":{"type":"Polygon","coordinates":[[[38.87988,49.041451],[38.87991,49.041457],[38.87991,49.041458],[38.880701,49.04164],[38.880701,49.041639],[38.881978,49.041933],[38.882031,49.041854],[38.881798,49.041583],[38.881794,49.041577],[38.881794,49.041568],[38.881465,49.04047],[38.880918,49.039875],[38.880529,49.040466],[38.880393,49.040673],[38.87988,49.041451]]]}},{"type":"Feature","properties":{"cadnum":"4423187500:01:012:0096"},"geometry":{"type":"Polygon","coordinates":[[[38.884578,49.041892],[38.886023,49.042403],[38.886121,49.042437],[38.886194,49.042463],[38.887561,49.042946],[38.887943,49.042484],[38.886194,49.041866],[38.886168,49.041857],[38.886023,49.041806],[38.886022,49.041806],[38.885154,49.041499],[38.88496,49.04143],[38.884938,49.041458],[38.884932,49.041464],[38.884844,49.04157],[38.884578,49.041892]]]}},{"type":"Feature","properties":{"cadnum":"4423187500:01:012:0095"},"geometry":{"type":"Polygon","coordinates":[[[38.88496,49.04143],[38.885037,49.041457],[38.885037,49.041458],[38.885154,49.041499],[38.885355,49.04157],[38.886168,49.041857],[38.887943,49.042484],[38.888329,49.042018],[38.887061,49.04157],[38.886129,49.041241],[38.885347,49.040964],[38.885257,49.041071],[38.88496,49.04143]]]}},{"type":"Feature","properties":{"cadnum":"4423187500:01:012:0131"},"geometry":{"type":"Polygon","coordinates":[[[38.883968,49.038256],[38.886022,49.03889],[38.886023,49.03889],[38.887318,49.03929],[38.887588,49.038839],[38.887597,49.038827],[38.886194,49.038396],[38.884483,49.037868],[38.884242,49.037793],[38.884242,49.037797],[38.884206,49.037857],[38.884205,49.037857],[38.884155,49.037941],[38.884138,49.037969],[38.883968,49.038256]]]}},{"type":"Feature","properties":{"cadnum":"4423187500:01:012:0137"},"geometry":{"type":"Polygon","coordinates":[[[38.87954,49.038821],[38.880701,49.038919],[38.880701,49.038918],[38.881492,49.038984],[38.88258,49.039451],[38.882719,49.03956],[38.883119,49.039667],[38.883406,49.039187],[38.880701,49.03835],[38.879961,49.03812],[38.87975,49.038471],[38.87954,49.038821]]]}},{"type":"Feature","properties":{"cadnum":"4423187500:01:012:0073"},"geometry":{"type":"Polygon","coordinates":[[[38.878305,49.040193],[38.880393,49.040673],[38.880701,49.040206],[38.880701,49.040205],[38.880918,49.039875],[38.880882,49.039837],[38.880556,49.039759],[38.879683,49.039549],[38.87966,49.03954],[38.879643,49.039525],[38.879643,49.039522],[38.87949,49.039248],[38.879014,49.039116],[38.878305,49.040193]]]}},{"type":"Feature","properties":{"cadnum":"4423187500:01:012:0128"},"geometry":{"type":"Polygon","coordinates":[[[38.883119,49.039667],[38.884431,49.04001],[38.886023,49.040564],[38.886465,49.040717],[38.886725,49.040279],[38.886766,49.040214],[38.886194,49.040038],[38.883411,49.039181],[38.883406,49.039187],[38.883119,49.039667]]]}},{"type":"Feature","properties":{"cadnum":"4423187500:01:012:0092"},"geometry":{"type":"Polygon","coordinates":[[[38.88276,49.040187],[38.882966,49.040553],[38.883169,49.040883],[38.883639,49.041283],[38.883649,49.041295],[38.883753,49.041457],[38.883753,49.041458],[38.883752,49.041458],[38.883805,49.04154],[38.883824,49.04157],[38.883825,49.04157],[38.883959,49.041778],[38.884453,49.042046],[38.884578,49.041892],[38.884932,49.041464],[38.88496,49.04143],[38.885257,49.041071],[38.88276,49.040187]]]}},{"type":"Feature","properties":{"cadnum":"4423187500:01:012:0132"},"geometry":{"type":"Polygon","coordinates":[[[38.884242,49.037793],[38.884447,49.037857],[38.884483,49.037868],[38.884812,49.037969],[38.886022,49.038343],[38.886023,49.038343],[38.887597,49.038827],[38.887863,49.03838],[38.886928,49.038094],[38.886194,49.037868],[38.884511,49.037349],[38.884242,49.037793]]]}},{"type":"Feature","properties":{"cadnum":"4423187500:01:012:0094"},"geometry":{"type":"Polygon","coordinates":[[[38.885347,49.040964],[38.886023,49.041203],[38.886129,49.041241],[38.886194,49.041264],[38.886741,49.041457],[38.886741,49.041458],[38.888329,49.042018],[38.888729,49.041533],[38.888677,49.041514],[38.888635,49.041498],[38.88735,49.041073],[38.886194,49.040675],[38.886194,49.040674],[38.885724,49.040512],[38.885723,49.040512],[38.885347,49.040964]]]}},{"type":"Feature","properties":{"cadnum":"4423187500:01:012:0093"},"geometry":{"type":"Polygon","coordinates":[[[38.882746,49.039617],[38.88275,49.040173],[38.88276,49.040187],[38.885257,49.041071],[38.885347,49.040964],[38.885723,49.040512],[38.884404,49.040052],[38.882746,49.039617]]]}},{"type":"Feature","properties":{"cadnum":"4423187500:01:012:0135"},"geometry":{"type":"Polygon","coordinates":[[[38.88024,49.037655],[38.880701,49.037799],[38.880701,49.037798],[38.88089,49.037856],[38.88089,49.037857],[38.883689,49.038721],[38.883689,49.038718],[38.883964,49.038259],[38.882663,49.037857],[38.88057,49.037209],[38.880519,49.037193],[38.880402,49.037384],[38.88024,49.037655]]]}},{"type":"Feature","properties":{"cadnum":"4423187500:01:013:0014"},"geometry":{"type":"Polygon","coordinates":[[[38.839811,49.024155],[38.842249,49.025066],[38.842249,49.025065],[38.844218,49.025799],[38.844262,49.025746],[38.845219,49.024694],[38.842249,49.023578],[38.84221,49.023563],[38.840826,49.023042],[38.840454,49.02345],[38.840453,49.02345],[38.839811,49.024155]]]}},{"type":"Feature","properties":{"cadnum":"4423187500:01:013:0050"},"geometry":{"type":"Polygon","coordinates":[[[38.840516,49.022878],[38.842077,49.023463],[38.84208,49.023464],[38.842341,49.023563],[38.842342,49.023563],[38.843625,49.024044],[38.844002,49.023617],[38.843857,49.023563],[38.842077,49.022893],[38.841828,49.022798],[38.8407,49.022642],[38.840516,49.022878]]]}},{"type":"Feature","properties":{"cadnum":"4423187500:01:013:0051"},"geometry":{"type":"Polygon","coordinates":[[[38.841828,49.022798],[38.842249,49.022958],[38.842249,49.022957],[38.843558,49.02345],[38.844002,49.023617],[38.844118,49.023491],[38.844644,49.022895],[38.84353,49.022504],[38.84234,49.022751],[38.842336,49.022751],[38.842077,49.022789],[38.841931,49.02281],[38.841904,49.02281],[38.841828,49.022798]]]}},{"type":"Feature","properties":{"cadnum":"4423187500:01:013:0015"},"geometry":{"type":"Polygon","coordinates":[[[38.834847,49.023287],[38.835285,49.02345],[38.835563,49.023554],[38.835586,49.023563],[38.836756,49.023999],[38.839088,49.024869],[38.840272,49.023563],[38.840763,49.023022],[38.840426,49.022895],[38.840184,49.023207],[38.837633,49.02253],[38.83731,49.022483],[38.837,49.022515],[38.836756,49.022569],[38.836235,49.022683],[38.835369,49.022915],[38.835,49.023104],[38.834847,49.023287]]]}},{"type":"Feature","properties":{"cadnum":"4423187500:01:002:0002"},"geometry":{"type":"Polygon","coordinates":[[[38.839803,49.080765],[38.83995,49.080838],[38.840099,49.080895],[38.840327,49.081051],[38.840589,49.081229],[38.841122,49.081639],[38.841279,49.08185],[38.841451,49.082097],[38.841482,49.082274],[38.842077,49.082069],[38.844442,49.081253],[38.844377,49.081051],[38.844235,49.0806],[38.843363,49.080827],[38.842533,49.080727],[38.842103,49.080578],[38.83987,49.0798],[38.839803,49.080765]]]}},{"type":"Feature","properties":{"cadnum":"4423187500:01:002:0003"},"geometry":{"type":"Polygon","coordinates":[[[38.844631,49.081853],[38.845107,49.083353],[38.846558,49.082901],[38.847338,49.082524],[38.84757,49.082433],[38.84757,49.082434],[38.848,49.082265],[38.84803,49.082254],[38.848871,49.081968],[38.848582,49.081051],[38.848581,49.081051],[38.848422,49.080544],[38.84757,49.080838],[38.84757,49.080839],[38.846954,49.081051],[38.846726,49.08113],[38.846628,49.081163],[38.846628,49.081164],[38.844631,49.081853]]]}},{"type":"Feature","properties":{"cadnum":"4423187500:01:002:0004"},"geometry":{"type":"Polygon","coordinates":[[[38.844235,49.0806],[38.844412,49.081163],[38.844412,49.081164],[38.844413,49.081164],[38.844442,49.081253],[38.844631,49.081853],[38.846726,49.08113],[38.847742,49.08078],[38.847742,49.080779],[38.848422,49.080544],[38.848413,49.080515],[38.84804,49.079338],[38.847742,49.07944],[38.844658,49.080491],[38.844235,49.0806]]]}},{"type":"Feature","properties":{"cadnum":"4423187500:01:002:0001"},"geometry":{"type":"Polygon","coordinates":[[[38.841482,49.082274],[38.841501,49.08235],[38.841501,49.082356],[38.841487,49.082971],[38.841648,49.083592],[38.842077,49.084017],[38.842077,49.084018],[38.842174,49.084113],[38.842249,49.08411],[38.842488,49.084101],[38.843422,49.083842],[38.844654,49.083495],[38.845107,49.083353],[38.844631,49.081853],[38.844442,49.081253],[38.842249,49.08201],[38.842249,49.082009],[38.841482,49.082274]]]}},{"type":"Feature","properties":{"cadnum":"4423187500:18:001:0001"},"geometry":{"type":"MultiPolygon","coordinates":[[[[38.906826,49.047977],[38.906839,49.048101],[38.90692,49.048234],[38.907549,49.048771],[38.907995,49.049151],[38.907995,49.049152],[38.908087,49.04923],[38.908167,49.049298],[38.908187,49.049314],[38.908568,49.049738],[38.908847,49.050118],[38.909143,49.05045],[38.909363,49.050718],[38.90965,49.051216],[38.909767,49.051516],[38.910082,49.052075],[38.910183,49.052259],[38.91019,49.052272],[38.910244,49.052371],[38.910245,49.052371],[38.910715,49.053223],[38.910908,49.053665],[38.911074,49.054359],[38.911111,49.054407],[38.911231,49.054392],[38.911245,49.054336],[38.911065,49.053641],[38.910761,49.052906],[38.910594,49.052596],[38.910468,49.052371],[38.909906,49.051363],[38.909507,49.050668],[38.908658,49.049629],[38.908245,49.04919],[38.907995,49.048977],[38.907755,49.048771],[38.907063,49.048178],[38.907,49.048078],[38.906992,49.047992],[38.907042,49.047898],[38.907445,49.047403],[38.907512,49.047144],[38.907535,49.046797],[38.907629,49.046618],[38.907791,49.046253],[38.907755,49.04605],[38.907656,49.045761],[38.907685,49.045452],[38.907661,49.045452],[38.907661,49.045437],[38.907687,49.045437],[38.907702,49.045284],[38.907724,49.045171],[38.907732,49.045128],[38.907711,49.045125],[38.907714,49.045115],[38.907715,49.04511],[38.907736,49.04511],[38.907751,49.045042],[38.907782,49.044984],[38.907995,49.044917],[38.907995,49.044918],[38.908064,49.044896],[38.908167,49.044864],[38.908271,49.044831],[38.909346,49.044615],[38.909574,49.044527],[38.909732,49.044351],[38.909885,49.044071],[38.910325,49.043064],[38.910428,49.042888],[38.910495,49.042752],[38.910558,49.042316],[38.910656,49.04157],[38.910747,49.040888],[38.910671,49.040885],[38.910787,49.039984],[38.910809,49.039648],[38.910877,49.039463],[38.911061,49.039239],[38.911178,49.038847],[38.911308,49.038227],[38.911405,49.037894],[38.911465,49.037697],[38.911457,49.037413],[38.911554,49.03704],[38.911555,49.03704],[38.911627,49.037046],[38.911766,49.036581],[38.911807,49.036387],[38.911874,49.03616],[38.911847,49.036156],[38.911901,49.035992],[38.911986,49.035794],[38.912059,49.035659],[38.912476,49.034979],[38.912638,49.034728],[38.912732,49.034575],[38.912812,49.034393],[38.912854,49.034275],[38.913038,49.033762],[38.913172,49.033377],[38.913248,49.033192],[38.913248,49.033191],[38.913289,49.033203],[38.913455,49.032838],[38.913535,49.032699],[38.913424,49.032667],[38.913321,49.032908],[38.913208,49.033153],[38.913118,49.033368],[38.912983,49.033757],[38.912803,49.034255],[38.912791,49.03429],[38.912763,49.034368],[38.912759,49.034381],[38.912665,49.03456],[38.912575,49.034711],[38.912413,49.034961],[38.911996,49.035645],[38.911923,49.03578],[38.911833,49.035979],[38.911438,49.03714],[38.911214,49.037817],[38.911204,49.037857],[38.911203,49.037857],[38.911178,49.037963],[38.911176,49.037969],[38.91107,49.038415],[38.911078,49.038486],[38.911021,49.038766],[38.910935,49.039048],[38.910761,49.039458],[38.910711,49.039643],[38.910702,49.039981],[38.910549,49.041227],[38.910496,49.04157],[38.910497,49.04157],[38.910423,49.042063],[38.910401,49.042434],[38.910369,49.042693],[38.910333,49.042819],[38.910252,49.042964],[38.91014,49.0431],[38.9097,49.044021],[38.90957,49.044265],[38.909346,49.044468],[38.908026,49.044771],[38.907971,49.044783],[38.907715,49.044919],[38.907658,49.045058],[38.907657,49.045058],[38.907632,49.045122],[38.907612,49.045171],[38.907612,49.045172],[38.907476,49.04559],[38.907445,49.045893],[38.907445,49.046962],[38.907428,49.047139],[38.907373,49.047292],[38.906893,49.047851],[38.906826,49.047977]],[[38.911789,49.036395],[38.911767,49.036392],[38.911766,49.036392],[38.91177,49.036378],[38.911771,49.036378],[38.911793,49.03638],[38.911793,49.036381],[38.911789,49.036395]],[[38.911443,49.037726],[38.911421,49.037723],[38.91142,49.037723],[38.911424,49.037708],[38.911425,49.037708],[38.911447,49.037712],[38.911443,49.037726]],[[38.91129,49.038232],[38.911268,49.038229],[38.911272,49.038214],[38.911294,49.038218],[38.91129,49.038232]],[[38.910621,49.041265],[38.910644,49.041265],[38.910644,49.04128],[38.910621,49.04128],[38.910621,49.041265]],[[38.910535,49.041857],[38.910535,49.041843],[38.910562,49.041843],[38.910562,49.041857],[38.910535,49.041857]],[[38.910499,49.042136],[38.910499,49.042122],[38.910526,49.042122],[38.910526,49.042136],[38.910499,49.042136]],[[38.910459,49.042755],[38.910459,49.04274],[38.910482,49.04274],[38.910482,49.042755],[38.910459,49.042755]],[[38.907625,49.045776],[38.907648,49.045776],[38.907648,49.04579],[38.907648,49.045791],[38.907625,49.045791],[38.907625,49.04579],[38.907625,49.045776]]],[[[38.907736,49.04511],[38.907736,49.045115],[38.907738,49.04511],[38.907737,49.04511],[38.907736,49.04511]]],[[[38.907687,49.045437],[38.907685,49.045452],[38.907686,49.045452],[38.907688,49.045452],[38.907688,49.045437],[38.907687,49.045437]]]]}},{"type":"Feature","properties":{"cadnum":"4423187500:01:009:0038"},"geometry":{"type":"Polygon","coordinates":[[[38.902375,49.051984],[38.902674,49.052036],[38.902674,49.052035],[38.903977,49.052259],[38.904125,49.052284],[38.904633,49.052371],[38.904634,49.052371],[38.905105,49.052452],[38.905364,49.052259],[38.905702,49.052008],[38.906026,49.051767],[38.904602,49.05166],[38.903749,49.051746],[38.902526,49.051863],[38.902491,49.051866],[38.902375,49.051984]]]}},{"type":"Feature","properties":{"cadnum":"4423187500:01:009:0037"},"geometry":{"type":"Polygon","coordinates":[[[38.900268,49.052149],[38.901093,49.05229],[38.902674,49.05256],[38.90444,49.052861],[38.904606,49.052817],[38.905105,49.052452],[38.904125,49.052284],[38.902502,49.052006],[38.902375,49.051984],[38.902149,49.052223],[38.900281,49.052102],[38.900268,49.052149]]]}},{"type":"Feature","properties":{"cadnum":"4423187500:01:008:0041"},"geometry":{"type":"Polygon","coordinates":[[[38.846072,49.050035],[38.847742,49.050111],[38.848359,49.050138],[38.848462,49.049488],[38.84757,49.049448],[38.846176,49.049385],[38.846145,49.049591],[38.846072,49.050035]]]}},{"type":"Feature","properties":{"cadnum":"4423187500:01:008:0042"},"geometry":{"type":"Polygon","coordinates":[[[38.845965,49.050674],[38.847742,49.050754],[38.848256,49.050777],[38.848359,49.050138],[38.84757,49.050103],[38.846072,49.050035],[38.846046,49.050188],[38.845965,49.050674]]]}},{"type":"Feature","properties":{"cadnum":"4423187500:01:008:0040"},"geometry":{"type":"Polygon","coordinates":[[[38.846176,49.049385],[38.847742,49.049456],[38.848462,49.049488],[38.848556,49.048896],[38.84757,49.048853],[38.846275,49.048796],[38.846176,49.049385]]]}},{"type":"Feature","properties":{"cadnum":"4423187500:01:008:0038"},"geometry":{"type":"Polygon","coordinates":[[[38.843839,49.050091],[38.846046,49.050188],[38.846072,49.050035],[38.846145,49.049591],[38.843957,49.049494],[38.843862,49.049906],[38.843839,49.050091]]]}},{"type":"Feature","properties":{"cadnum":"4423187500:01:010:0025"},"geometry":{"type":"Polygon","coordinates":[[[38.837691,49.04993],[38.84097,49.050053],[38.841086,49.049338],[38.841275,49.049326],[38.842249,49.049314],[38.843868,49.049293],[38.843999,49.048739],[38.844019,49.048655],[38.842249,49.048586],[38.83779,49.048411],[38.837773,49.048659],[38.837772,49.048659],[38.837691,49.04993]]]}},{"type":"Feature","properties":{"cadnum":"4423187500:01:008:0039"},"geometry":{"type":"Polygon","coordinates":[[[38.843935,49.049306],[38.843975,49.049317],[38.843988,49.049332],[38.843992,49.049356],[38.843957,49.049494],[38.846145,49.049591],[38.846176,49.049385],[38.846275,49.048796],[38.844138,49.048704],[38.844078,49.048702],[38.844061,49.048771],[38.844062,49.048771],[38.843935,49.049306]]]}},{"type":"Feature","properties":{"cadnum":"4423187500:01:008:0036"},"geometry":{"type":"Polygon","coordinates":[[[38.843683,49.051346],[38.844662,49.051322],[38.845883,49.051178],[38.845952,49.050759],[38.843768,49.050663],[38.843683,49.051346]]]}},{"type":"Feature","properties":{"cadnum":"4423187500:01:008:0043"},"geometry":{"type":"Polygon","coordinates":[[[38.845883,49.051178],[38.845979,49.051166],[38.847235,49.050795],[38.84757,49.050936],[38.84757,49.050937],[38.84764,49.050966],[38.847671,49.051065],[38.846688,49.052131],[38.846586,49.052259],[38.846585,49.052259],[38.846544,49.052311],[38.847742,49.052365],[38.847986,49.052376],[38.848008,49.052259],[38.848071,49.051928],[38.848256,49.050777],[38.84757,49.050746],[38.845965,49.050674],[38.845952,49.050759],[38.845883,49.051178]]]}},{"type":"Feature","properties":{"cadnum":"4423187500:01:008:0037"},"geometry":{"type":"Polygon","coordinates":[[[38.843768,49.050663],[38.845952,49.050759],[38.845965,49.050674],[38.846046,49.050188],[38.843839,49.050091],[38.843768,49.050663]]]}},{"type":"Feature","properties":{"cadnum":"4423187500:01:008:0044"},"geometry":{"type":"Polygon","coordinates":[[[38.846243,49.052694],[38.846315,49.053091],[38.847024,49.053094],[38.847025,49.053094],[38.846935,49.053886],[38.846535,49.054077],[38.84757,49.054123],[38.84757,49.054124],[38.847663,49.054127],[38.847742,49.053694],[38.847914,49.052753],[38.847986,49.052376],[38.847742,49.052365],[38.847742,49.052364],[38.846544,49.052311],[38.846496,49.052371],[38.846497,49.052371],[38.846497,49.052372],[38.846243,49.052694]]]}},{"type":"Feature","properties":{"cadnum":"4423187500:01:013:0004"},"geometry":{"type":"Polygon","coordinates":[[[38.847654,49.018987],[38.847742,49.019018],[38.850427,49.01996],[38.852738,49.020771],[38.852791,49.020745],[38.853129,49.02043],[38.852904,49.019897],[38.853235,49.01972],[38.853384,49.01964],[38.853235,49.019587],[38.851489,49.018954],[38.85099,49.01916],[38.850793,49.019178],[38.850609,49.019105],[38.85078,49.018697],[38.848705,49.017946],[38.848103,49.018568],[38.847654,49.018987]]]}},{"type":"Feature","properties":{"cadnum":"4423187500:01:013:0053"},"geometry":{"type":"Polygon","coordinates":[[[38.846742,49.017638],[38.84757,49.017939],[38.847595,49.017948],[38.847742,49.018002],[38.848354,49.018223],[38.84861,49.017961],[38.848596,49.017959],[38.848583,49.017944],[38.848579,49.017926],[38.848583,49.017908],[38.848596,49.017894],[38.848619,49.017885],[38.848646,49.017879],[38.848673,49.017885],[38.848678,49.017885],[38.850802,49.018653],[38.850937,49.018336],[38.84757,49.017108],[38.847204,49.016974],[38.846742,49.017638]]]}},{"type":"Feature","properties":{"cadnum":"4423187500:01:013:0054"},"geometry":{"type":"Polygon","coordinates":[[[38.847204,49.016974],[38.847742,49.017171],[38.850937,49.018336],[38.851153,49.01782],[38.850676,49.017616],[38.84799,49.016651],[38.847592,49.016762],[38.847367,49.016824],[38.847321,49.016806],[38.847204,49.016974]]]}},{"type":"Feature","properties":{"cadnum":"4423187500:01:013:0005"},"geometry":{"type":"Polygon","coordinates":[[[38.846629,49.01995],[38.846658,49.01996],[38.846659,49.01996],[38.847742,49.020341],[38.851602,49.021696],[38.851633,49.021631],[38.851342,49.021493],[38.851319,49.021472],[38.851319,49.021441],[38.851319,49.02144],[38.851355,49.021413],[38.851409,49.021413],[38.85144,49.021428],[38.852738,49.020771],[38.850106,49.019848],[38.847654,49.018987],[38.846738,49.019848],[38.846737,49.019848],[38.846736,49.019848],[38.846629,49.01995]]]}},{"type":"Feature","properties":{"cadnum":"4423187500:01:013:0052"},"geometry":{"type":"Polygon","coordinates":[[[38.844118,49.020427],[38.845336,49.021087],[38.846533,49.01996],[38.846534,49.01996],[38.847742,49.018826],[38.847742,49.018825],[38.848044,49.018542],[38.848354,49.018223],[38.847595,49.017948],[38.846742,49.017638],[38.846005,49.018697],[38.84475,49.019848],[38.844749,49.019848],[38.844118,49.020427]]]}},{"type":"Feature","properties":{"cadnum":"4423187500:01:002:0063"},"geometry":{"type":"Polygon","coordinates":[[[38.856682,49.0799],[38.856946,49.080662],[38.857745,49.080379],[38.858557,49.080138],[38.859345,49.079903],[38.859695,49.0798],[38.859546,49.079373],[38.858654,49.079538],[38.856682,49.0799]]]}},{"type":"Feature","properties":{"cadnum":"4423187500:01:002:0011"},"geometry":{"type":"Polygon","coordinates":[[[38.858927,49.076034],[38.859407,49.077565],[38.859408,49.077565],[38.859754,49.078667],[38.862251,49.078205],[38.862051,49.077566],[38.862051,49.077565],[38.862052,49.077565],[38.86182,49.076822],[38.861466,49.07569],[38.859812,49.075893],[38.858927,49.076034]]]}},{"type":"Feature","properties":{"cadnum":"4423187500:01:002:0012"},"geometry":{"type":"Polygon","coordinates":[[[38.86182,49.076822],[38.862017,49.077453],[38.862016,49.077453],[38.862015,49.077453],[38.862251,49.078205],[38.86405,49.077874],[38.86408,49.077868],[38.864222,49.077842],[38.864726,49.077749],[38.864633,49.077453],[38.86434,49.07651],[38.86405,49.076546],[38.86182,49.076822]]]}},{"type":"Feature","properties":{"cadnum":"4423187500:01:002:0033"},"geometry":{"type":"Polygon","coordinates":[[[38.859462,49.079126],[38.859546,49.079373],[38.859695,49.0798],[38.860306,49.079617],[38.860311,49.079617],[38.861047,49.079406],[38.86208,49.079059],[38.862691,49.078756],[38.862695,49.078756],[38.863315,49.078499],[38.863611,49.078361],[38.859462,49.079126]]]}},{"type":"Feature","properties":{"cadnum":"4423187500:01:002:0034"},"geometry":{"type":"Polygon","coordinates":[[[38.85934,49.078791],[38.859462,49.079126],[38.863611,49.078361],[38.86381,49.07827],[38.86405,49.078167],[38.864995,49.077761],[38.865068,49.077731],[38.86405,49.07792],[38.85934,49.078791]]]}},{"type":"Feature","properties":{"cadnum":"4423187500:01:002:0010"},"geometry":{"type":"Polygon","coordinates":[[[38.856596,49.076455],[38.856942,49.077565],[38.857422,49.0791],[38.858557,49.078889],[38.858557,49.07889],[38.859754,49.078667],[38.859372,49.077453],[38.858927,49.076034],[38.858557,49.076093],[38.858114,49.076163],[38.856596,49.076455]]]}},{"type":"Feature","properties":{"cadnum":"4423187500:01:002:0032"},"geometry":{"type":"Polygon","coordinates":[[[38.856483,49.079321],[38.856682,49.0799],[38.858557,49.079556],[38.858654,49.079538],[38.858728,49.079524],[38.859546,49.079373],[38.859462,49.079126],[38.85934,49.078791],[38.858557,49.078937],[38.856483,49.079321]]]}},{"type":"Feature","properties":{"cadnum":"4423187500:01:008:0079"},"geometry":{"type":"Polygon","coordinates":[[[38.861376,49.048195],[38.864222,49.048283],[38.864222,49.048282],[38.865162,49.048311],[38.865458,49.047648],[38.864672,49.047628],[38.864222,49.047809],[38.863984,49.047904],[38.863657,49.047898],[38.862997,49.047489],[38.861726,49.047401],[38.861376,49.048195]]]}},{"type":"Feature","properties":{"cadnum":"4423187500:01:008:0080"},"geometry":{"type":"Polygon","coordinates":[[[38.86111,49.048782],[38.864222,49.048876],[38.864902,49.048896],[38.864959,49.048765],[38.865162,49.048311],[38.86405,49.048277],[38.861376,49.048195],[38.861165,49.048659],[38.861157,49.048678],[38.861114,49.048771],[38.861115,49.048771],[38.86111,49.048782]]]}},{"type":"Feature","properties":{"cadnum":"4423187500:07:001:0040"},"geometry":{"type":"Polygon","coordinates":[[[38.922362,49.047215],[38.923925,49.047259],[38.923997,49.047159],[38.924172,49.046915],[38.924325,49.046709],[38.923426,49.046995],[38.922623,49.047083],[38.922438,49.047109],[38.922362,49.047215]]]}},{"type":"Feature","properties":{"cadnum":"4423187500:07:001:0046"},"geometry":{"type":"Polygon","coordinates":[[[38.922164,49.047489],[38.923728,49.047533],[38.923818,49.04741],[38.923925,49.047259],[38.922362,49.047215],[38.922164,49.047489]]]}},{"type":"Feature","properties":{"cadnum":"4423187500:07:001:0052"},"geometry":{"type":"Polygon","coordinates":[[[38.923997,49.047159],[38.924646,49.047178],[38.925709,49.047209],[38.925856,49.047054],[38.925883,49.047039],[38.925906,49.047047],[38.925982,49.046968],[38.925951,49.046965],[38.924475,49.046924],[38.924172,49.046915],[38.923997,49.047159]]]}},{"type":"Feature","properties":{"cadnum":"4423187500:07:001:0045"},"geometry":{"type":"Polygon","coordinates":[[[38.921768,49.048036],[38.923332,49.04808],[38.923458,49.047904],[38.923529,49.047807],[38.921967,49.047763],[38.921768,49.048036]]]}},{"type":"Feature","properties":{"cadnum":"4423187500:07:001:0043"},"geometry":{"type":"Polygon","coordinates":[[[38.921967,49.047763],[38.923529,49.047807],[38.923638,49.047657],[38.923728,49.047533],[38.922164,49.047489],[38.921967,49.047763]]]}},{"type":"Feature","properties":{"cadnum":"4423187500:01:006:0024"},"geometry":{"type":"Polygon","coordinates":[[[38.817335,49.062948],[38.820104,49.062396],[38.820105,49.062396],[38.820188,49.06238],[38.820276,49.062362],[38.820996,49.062218],[38.820861,49.061865],[38.820507,49.061865],[38.8203,49.061844],[38.82018,49.061869],[38.817371,49.062424],[38.817339,49.062783],[38.817335,49.062948]]]}},{"type":"Feature","properties":{"cadnum":"4423187500:01:006:0007"},"geometry":{"type":"Polygon","coordinates":[[[38.819406,49.065088],[38.819492,49.06507],[38.820105,49.064948],[38.820159,49.064937],[38.820276,49.064914],[38.821377,49.064693],[38.821764,49.064617],[38.821825,49.063171],[38.821825,49.06317],[38.821872,49.062089],[38.820219,49.062419],[38.819513,49.06256],[38.819486,49.06317],[38.819487,49.06317],[38.819487,49.063171],[38.819406,49.065088]]]}},{"type":"Feature","properties":{"cadnum":"4423187500:01:006:0033"},"geometry":{"type":"Polygon","coordinates":[[[38.817622,49.061214],[38.817865,49.061176],[38.818714,49.060976],[38.818867,49.060947],[38.818954,49.059459],[38.818954,49.059458],[38.818983,49.05896],[38.817739,49.059287],[38.817728,49.059458],[38.817728,49.059459],[38.817622,49.061214]]]}},{"type":"Feature","properties":{"cadnum":"4423187500:01:006:0006"},"geometry":{"type":"Polygon","coordinates":[[[38.81716,49.065535],[38.819406,49.065088],[38.819492,49.063058],[38.819491,49.063058],[38.819513,49.06256],[38.817335,49.062996],[38.817335,49.063058],[38.817334,49.063058],[38.817331,49.063648],[38.817228,49.064181],[38.81716,49.065535]]]}},{"type":"Feature","properties":{"cadnum":"4423187500:01:006:0035"},"geometry":{"type":"Polygon","coordinates":[[[38.820066,49.060699],[38.820104,49.06069],[38.820105,49.06069],[38.820105,49.060691],[38.820252,49.060656],[38.820276,49.06065],[38.821253,49.06042],[38.821308,49.059459],[38.821308,49.059458],[38.821373,49.058351],[38.820192,49.058646],[38.820141,49.059458],[38.820141,49.059459],[38.820066,49.060699]]]}},{"type":"Feature","properties":{"cadnum":"4423187500:01:006:0034"},"geometry":{"type":"Polygon","coordinates":[[[38.818867,49.060947],[38.819995,49.060717],[38.820066,49.060699],[38.820134,49.059571],[38.820135,49.059571],[38.820192,49.058646],[38.820105,49.058668],[38.819913,49.058716],[38.818983,49.05896],[38.818947,49.059571],[38.818867,49.060947]]]}},{"type":"Feature","properties":{"cadnum":"4423187500:01:006:0025"},"geometry":{"type":"Polygon","coordinates":[[[38.817371,49.062424],[38.820104,49.061884],[38.820105,49.061884],[38.82018,49.061869],[38.820276,49.06185],[38.820276,49.061849],[38.8203,49.061844],[38.820105,49.061826],[38.820104,49.061826],[38.819087,49.061729],[38.818364,49.061126],[38.817471,49.061264],[38.817371,49.062424]]]}},{"type":"Feature","properties":{"cadnum":"4423187500:01:006:0041"},"geometry":{"type":"Polygon","coordinates":[[[38.818364,49.061126],[38.819087,49.061729],[38.820276,49.061843],[38.820276,49.061842],[38.8203,49.061844],[38.820507,49.061865],[38.820861,49.061865],[38.822266,49.061862],[38.823184,49.06175],[38.823987,49.059923],[38.821894,49.060373],[38.821113,49.060568],[38.820276,49.06073],[38.81875,49.061026],[38.818364,49.061126]]]}},{"type":"Feature","properties":{"cadnum":"4423187500:01:014:0060"},"geometry":{"type":"Polygon","coordinates":[[[38.856168,49.015325],[38.856648,49.015944],[38.857822,49.016245],[38.858728,49.016477],[38.861559,49.017202],[38.862135,49.016284],[38.862187,49.016201],[38.861491,49.016026],[38.861441,49.016014],[38.860015,49.015656],[38.858643,49.015311],[38.856343,49.01471],[38.856168,49.015325]]]}},{"type":"Feature","properties":{"cadnum":"4423187500:01:014:0005"},"geometry":{"type":"Polygon","coordinates":[[[38.861443,49.016014],[38.861492,49.016026],[38.862188,49.016203],[38.862341,49.015929],[38.862709,49.01567],[38.862772,49.01566],[38.863145,49.015611],[38.86359,49.01552],[38.86381,49.015469],[38.863873,49.015469],[38.86405,49.015257],[38.86405,49.015258],[38.865804,49.013148],[38.865036,49.012933],[38.864529,49.012791],[38.864246,49.012709],[38.864214,49.012699],[38.8642,49.012694],[38.864149,49.012755],[38.86415,49.012755],[38.861443,49.016014]]]}},{"type":"Feature","properties":{"cadnum":"4423187500:01:014:0010"},"geometry":{"type":"Polygon","coordinates":[[[38.863873,49.015469],[38.863976,49.015469],[38.86405,49.01549],[38.86405,49.015491],[38.864187,49.015529],[38.864222,49.015538],[38.864592,49.01564],[38.864843,49.015667],[38.865678,49.015522],[38.866846,49.015319],[38.867556,49.015131],[38.867869,49.014987],[38.868068,49.014824],[38.868691,49.014118],[38.868683,49.014114],[38.868028,49.013773],[38.867313,49.013572],[38.865808,49.013151],[38.865804,49.013148],[38.864222,49.015051],[38.863873,49.015469]]]}},{"type":"Feature","properties":{"cadnum":"4423187500:01:014:0004"},"geometry":{"type":"Polygon","coordinates":[[[38.860015,49.015655],[38.861443,49.016014],[38.86405,49.012875],[38.86405,49.012876],[38.8642,49.012694],[38.862817,49.012284],[38.862426,49.012755],[38.860015,49.015655]]]}},{"type":"Feature","properties":{"cadnum":"4423187500:01:014:0059"},"geometry":{"type":"Polygon","coordinates":[[[38.858644,49.01531],[38.860015,49.015655],[38.86252,49.012642],[38.862817,49.012284],[38.861487,49.011893],[38.86077,49.012755],[38.858644,49.01531]]]}},{"type":"Feature","properties":{"cadnum":"4423187500:01:012:0151"},"geometry":{"type":"Polygon","coordinates":[[[38.874953,49.031904],[38.875036,49.031925],[38.876198,49.032208],[38.877985,49.030766],[38.878456,49.030387],[38.877725,49.030258],[38.877594,49.030365],[38.877235,49.030654],[38.877234,49.030654],[38.877194,49.030686],[38.877095,49.030766],[38.877095,49.030767],[38.877087,49.030773],[38.876745,49.030856],[38.876444,49.030773],[38.876395,49.030738],[38.876394,49.030739],[38.87636,49.030766],[38.87636,49.030767],[38.875208,49.031698],[38.874953,49.031904]]]}},{"type":"Feature","properties":{"cadnum":"4423187500:01:014:0061"},"geometry":{"type":"Polygon","coordinates":[[[38.869426,49.027479],[38.869715,49.02788],[38.869715,49.027879],[38.870886,49.0295],[38.871957,49.030696],[38.872852,49.02969],[38.873946,49.029591],[38.874941,49.028929],[38.875036,49.028944],[38.876574,49.029191],[38.876651,49.030314],[38.876996,49.030514],[38.877524,49.030037],[38.878215,49.030018],[38.879316,49.030506],[38.8794,49.030654],[38.879401,49.030655],[38.879465,49.030766],[38.879538,49.030894],[38.880472,49.030654],[38.880529,49.030639],[38.880529,49.03064],[38.881217,49.030462],[38.882159,49.030654],[38.885332,49.031299],[38.886022,49.03151],[38.886023,49.03151],[38.890708,49.032936],[38.890986,49.033251],[38.891516,49.033089],[38.891565,49.033074],[38.891687,49.033036],[38.892241,49.032865],[38.891687,49.03236],[38.891419,49.032114],[38.890539,49.031497],[38.889644,49.031482],[38.888648,49.030767],[38.888648,49.030766],[38.888281,49.030502],[38.887555,49.030385],[38.886194,49.02993],[38.884861,49.029484],[38.884124,49.02984],[38.882259,49.029262],[38.881737,49.030159],[38.881916,49.02929],[38.881617,49.029347],[38.882019,49.028871],[38.88056,49.028612],[38.880178,49.029517],[38.880187,49.028742],[38.87948,49.029763],[38.879915,49.028507],[38.878295,49.027961],[38.877421,49.027278],[38.877038,49.027117],[38.876435,49.026862],[38.878215,49.025809],[38.877814,49.025642],[38.877213,49.026089],[38.876755,49.026347],[38.87711,49.026024],[38.877524,49.025649],[38.8769,49.025406],[38.876509,49.02582],[38.876777,49.025343],[38.876733,49.025325],[38.87627,49.025667],[38.876643,49.025283],[38.876271,49.025493],[38.87627,49.025493],[38.876505,49.025218],[38.877521,49.025501],[38.878359,49.025693],[38.87836,49.025693],[38.878465,49.025984],[38.879116,49.026094],[38.879576,49.02586],[38.880701,49.026014],[38.880701,49.026013],[38.881534,49.026126],[38.881979,49.026557],[38.882509,49.02659],[38.882879,49.026861],[38.883906,49.026835],[38.884036,49.027052],[38.884035,49.027052],[38.884132,49.027211],[38.884853,49.027384],[38.884853,49.027385],[38.885458,49.027909],[38.885914,49.027937],[38.886023,49.028051],[38.886119,49.028152],[38.886194,49.028162],[38.887193,49.02829],[38.888724,49.028778],[38.890447,49.02874],[38.890503,49.028209],[38.889953,49.02801],[38.88937,49.028132],[38.888922,49.028351],[38.888608,49.0283],[38.887779,49.028012],[38.886406,49.027536],[38.886023,49.027403],[38.886022,49.027403],[38.885336,49.027165],[38.884979,49.027041],[38.886022,49.025832],[38.886023,49.025832],[38.886147,49.025687],[38.885174,49.025239],[38.883932,49.026677],[38.882567,49.026204],[38.882567,49.026203],[38.883382,49.02527],[38.882489,49.024483],[38.881531,49.025927],[38.880529,49.025709],[38.880288,49.025657],[38.879702,49.025528],[38.879333,49.025431],[38.876706,49.024743],[38.876384,49.024964],[38.875208,49.024901],[38.874551,49.024866],[38.87207,49.025705],[38.872992,49.02699],[38.871685,49.02589],[38.871155,49.026219],[38.871829,49.027052],[38.871828,49.027052],[38.871873,49.027107],[38.870898,49.026372],[38.870391,49.026725],[38.870792,49.027165],[38.870793,49.027165],[38.871063,49.02746],[38.871063,49.027461],[38.870452,49.027052],[38.870198,49.026882],[38.869977,49.027052],[38.869976,49.027052],[38.869888,49.027121],[38.869831,49.027165],[38.869832,49.027165],[38.869684,49.02728],[38.869426,49.027479]]]}},{"type":"Feature","properties":{"cadnum":"4423187500:01:012:0156"},"geometry":{"type":"Polygon","coordinates":[[[38.872137,49.030944],[38.872406,49.031306],[38.873821,49.031627],[38.874902,49.030755],[38.875036,49.030647],[38.875036,49.030648],[38.876121,49.029772],[38.876301,49.02954],[38.875093,49.029201],[38.874185,49.029789],[38.873058,49.029928],[38.8724,49.030654],[38.872137,49.030944]]]}},{"type":"Feature","properties":{"cadnum":"4423187500:01:012:0152"},"geometry":{"type":"Polygon","coordinates":[[[38.876198,49.032208],[38.876911,49.032382],[38.877221,49.032452],[38.879121,49.030935],[38.878888,49.030654],[38.878811,49.030562],[38.878484,49.030391],[38.878456,49.030387],[38.878125,49.030654],[38.876198,49.032208]]]}},{"type":"Feature","properties":{"cadnum":"4423187500:01:012:0150"},"geometry":{"type":"Polygon","coordinates":[[[38.873821,49.031627],[38.874953,49.031904],[38.875036,49.031837],[38.876394,49.030739],[38.876395,49.030738],[38.876393,49.030737],[38.876229,49.030623],[38.876228,49.030623],[38.876112,49.030261],[38.876121,49.029772],[38.875208,49.030509],[38.875027,49.030654],[38.874902,49.030755],[38.874887,49.030766],[38.873821,49.031627]]]}},{"type":"Feature","properties":{"cadnum":"4423187500:01:010:0064"},"geometry":{"type":"Polygon","coordinates":[[[38.819806,49.027216],[38.820276,49.027222],[38.820276,49.027221],[38.823884,49.027263],[38.823897,49.027052],[38.823964,49.026014],[38.820105,49.02597],[38.820104,49.02597],[38.819886,49.025967],[38.819816,49.027052],[38.819815,49.027052],[38.81981,49.027132],[38.819808,49.027165],[38.819806,49.027216]]]}},{"type":"Feature","properties":{"cadnum":"4423187500:01:013:0072"},"geometry":{"type":"Polygon","coordinates":[[[38.819545,49.031165],[38.820105,49.031171],[38.820105,49.031172],[38.821584,49.031188],[38.823624,49.031212],[38.82366,49.030654],[38.823659,49.030654],[38.823709,49.029896],[38.820276,49.029857],[38.820276,49.029856],[38.81963,49.029848],[38.819578,49.030654],[38.819545,49.031165]]]}},{"type":"Feature","properties":{"cadnum":"4423187500:01:010:0062"},"geometry":{"type":"Polygon","coordinates":[[[38.81963,49.029848],[38.820105,49.029854],[38.820105,49.029855],[38.823709,49.029896],[38.823799,49.02858],[38.820276,49.028539],[38.819716,49.028532],[38.81963,49.029848]]]}},{"type":"Feature","properties":{"cadnum":"4423187500:01:010:0063"},"geometry":{"type":"Polygon","coordinates":[[[38.819716,49.028532],[38.820105,49.028537],[38.823799,49.02858],[38.823884,49.027263],[38.820105,49.027219],[38.820105,49.02722],[38.820104,49.02722],[38.819806,49.027216],[38.819716,49.028532]]]}},{"type":"Feature","properties":{"cadnum":"4423187500:01:009:0058"},"geometry":{"type":"Polygon","coordinates":[[[38.879517,49.059016],[38.880529,49.05869],[38.880626,49.058659],[38.880701,49.058635],[38.882922,49.057918],[38.882576,49.057486],[38.880529,49.058143],[38.879588,49.058445],[38.879517,49.059016]]]}},{"type":"Feature","properties":{"cadnum":"4423187500:01:009:0001"},"geometry":{"type":"Polygon","coordinates":[[[38.879678,49.05778],[38.880529,49.057506],[38.882171,49.056977],[38.881781,49.056488],[38.880701,49.056591],[38.879863,49.05667],[38.879849,49.05667],[38.879678,49.05778]]]}},{"type":"Feature","properties":{"cadnum":"4423187500:01:009:0006"},"geometry":{"type":"Polygon","coordinates":[[[38.881852,49.056482],[38.882859,49.057745],[38.886022,49.056725],[38.886023,49.056725],[38.886103,49.056699],[38.886194,49.05667],[38.887669,49.056194],[38.8874,49.055859],[38.887112,49.055499],[38.886658,49.055649],[38.886654,49.055651],[38.886645,49.055655],[38.886023,49.055764],[38.886022,49.055764],[38.885479,49.055859],[38.885478,49.055859],[38.885071,49.05593],[38.884834,49.055971],[38.882423,49.056393],[38.882364,49.056426],[38.882347,49.056432],[38.882333,49.056434],[38.881852,49.056482]]]}},{"type":"Feature","properties":{"cadnum":"4423187500:01:009:0048"},"geometry":{"type":"Polygon","coordinates":[[[38.882391,49.056353],[38.885213,49.055859],[38.885469,49.055814],[38.884844,49.054654],[38.883528,49.054957],[38.883433,49.055119],[38.883245,49.055446],[38.883702,49.055616],[38.88327,49.055859],[38.883269,49.055859],[38.882391,49.056353]]]}},{"type":"Feature","properties":{"cadnum":"4423187500:01:009:0059"},"geometry":{"type":"Polygon","coordinates":[[[38.879588,49.058445],[38.880701,49.058088],[38.882576,49.057486],[38.882171,49.056977],[38.880701,49.05745],[38.879678,49.05778],[38.879651,49.057936],[38.879588,49.058445]]]}},{"type":"Feature","properties":{"cadnum":"4423187500:01:009:0057"},"geometry":{"type":"Polygon","coordinates":[[[38.879454,49.059523],[38.880701,49.059122],[38.880701,49.059121],[38.883232,49.058306],[38.882922,49.057918],[38.880626,49.058659],[38.879517,49.059016],[38.879471,49.059399],[38.879463,49.059458],[38.879463,49.059459],[38.879462,49.059459],[38.879454,49.059523]]]}},{"type":"Feature","properties":{"cadnum":"4423187500:01:009:0004"},"geometry":{"type":"Polygon","coordinates":[[[38.883645,49.058725],[38.884228,49.059458],[38.884228,49.059459],[38.88429,49.059535],[38.884318,49.059571],[38.884444,49.059728],[38.885029,49.059541],[38.886022,49.059223],[38.886023,49.059223],[38.886023,49.059224],[38.889264,49.058186],[38.888473,49.057197],[38.888455,49.057174],[38.886157,49.057915],[38.883645,49.058725]],[[38.888891,49.057998],[38.888968,49.057998],[38.889008,49.058042],[38.888968,49.058086],[38.888891,49.058086],[38.88885,49.058042],[38.888891,49.057998]]]}},{"type":"Feature","properties":{"cadnum":"4423187500:01:009:0002"},"geometry":{"type":"Polygon","coordinates":[[[38.879387,49.05999],[38.880529,49.060043],[38.883159,49.060164],[38.883173,49.060134],[38.884385,49.059746],[38.884154,49.059459],[38.884154,49.059458],[38.883232,49.058306],[38.880529,49.059176],[38.880529,49.059177],[38.879654,49.059459],[38.879653,49.059459],[38.879652,49.059459],[38.879454,49.059523],[38.879446,49.059571],[38.879447,49.059571],[38.879387,49.05999]]]}},{"type":"Feature","properties":{"cadnum":"4423187500:01:009:0005"},"geometry":{"type":"Polygon","coordinates":[[[38.882863,49.057745],[38.883645,49.058725],[38.886022,49.05796],[38.886023,49.05796],[38.888459,49.057176],[38.88784,49.056405],[38.887673,49.056196],[38.886194,49.056673],[38.882863,49.057745]]]}},{"type":"Feature","properties":{"cadnum":"4423187500:01:009:0021"},"geometry":{"type":"Polygon","coordinates":[[[38.883226,49.060167],[38.88462,49.060232],[38.886022,49.059782],[38.886023,49.059782],[38.886023,49.059783],[38.887032,49.059459],[38.887032,49.059458],[38.888064,49.059128],[38.887737,49.058725],[38.887736,49.058725],[38.886023,49.059273],[38.886022,49.059273],[38.885442,49.059459],[38.885441,49.059459],[38.883226,49.060167]]]}},{"type":"Feature","properties":{"cadnum":"4423187500:01:010:0001"},"geometry":{"type":"Polygon","coordinates":[[[38.817919,49.056709],[38.817991,49.05672],[38.820104,49.056656],[38.820105,49.056656],[38.820105,49.056657],[38.820111,49.056656],[38.820276,49.056661],[38.820901,49.056679],[38.821912,49.056502],[38.822582,49.056164],[38.822593,49.055971],[38.822594,49.055971],[38.822649,49.055136],[38.820276,49.055111],[38.817995,49.055086],[38.817932,49.055971],[38.817915,49.056231],[38.817919,49.056709]]]}},{"type":"Feature","properties":{"cadnum":"4423187500:01:006:0036"},"geometry":{"type":"Polygon","coordinates":[[[38.821253,49.06042],[38.821876,49.06027],[38.822406,49.060161],[38.822443,49.059537],[38.822536,49.057998],[38.821521,49.058315],[38.821373,49.058351],[38.821301,49.059571],[38.821253,49.06042]]]}},{"type":"Feature","properties":{"cadnum":"4423187500:01:006:0037"},"geometry":{"type":"Polygon","coordinates":[[[38.822406,49.060161],[38.823484,49.059944],[38.823512,49.059459],[38.823512,49.059458],[38.823624,49.057577],[38.822694,49.057948],[38.822536,49.057998],[38.822448,49.059458],[38.822448,49.059459],[38.822443,49.059537],[38.822441,49.059571],[38.822406,49.060161]]]}},{"type":"Feature","properties":{"cadnum":"4423187500:01:010:0012"},"geometry":{"type":"Polygon","coordinates":[[[38.822582,49.056164],[38.822784,49.056061],[38.822974,49.055971],[38.822975,49.055971],[38.823597,49.055679],[38.824333,49.055448],[38.824792,49.055339],[38.825769,49.055288],[38.82577,49.055288],[38.826408,49.055254],[38.826614,49.055195],[38.8267,49.055075],[38.826723,49.054077],[38.826862,49.053921],[38.826876,49.053683],[38.825769,49.053671],[38.822743,49.053639],[38.822729,49.053892],[38.822649,49.055136],[38.822601,49.055859],[38.8226,49.055859],[38.822582,49.056164]]]}},{"type":"Feature","properties":{"cadnum":"4423187500:01:006:0039"},"geometry":{"type":"Polygon","coordinates":[[[38.824477,49.059743],[38.825436,49.059546],[38.825438,49.059546],[38.825591,49.057003],[38.824729,49.057203],[38.824625,49.057235],[38.824493,49.059458],[38.824493,49.059459],[38.824493,49.059462],[38.824486,49.059571],[38.824477,49.059743]]]}},{"type":"Feature","properties":{"cadnum":"4423187500:01:006:0038"},"geometry":{"type":"Polygon","coordinates":[[[38.823484,49.059944],[38.824477,49.059743],[38.824493,49.059462],[38.824625,49.057235],[38.82401,49.057424],[38.823624,49.057577],[38.823506,49.059571],[38.823484,49.059944]]]}},{"type":"Feature","properties":{"cadnum":"4423187500:01:006:0040"},"geometry":{"type":"Polygon","coordinates":[[[38.825438,49.059546],[38.825593,49.059515],[38.825598,49.059514],[38.825623,49.059509],[38.825769,49.05948],[38.825769,49.059479],[38.82577,49.059479],[38.825775,49.059478],[38.827145,49.056705],[38.826413,49.056811],[38.82577,49.056962],[38.825769,49.056962],[38.825591,49.057003],[38.825443,49.059458],[38.825443,49.059459],[38.825442,49.059459],[38.825438,49.059546]]]}},{"type":"Feature","properties":{"cadnum":"4423187500:01:003:0035"},"geometry":{"type":"Polygon","coordinates":[[[38.837201,49.075463],[38.839313,49.075728],[38.839313,49.073115],[38.837206,49.07311],[38.837204,49.073854],[38.837204,49.073855],[38.837201,49.075463]]]}},{"type":"Feature","properties":{"cadnum":"4423187500:01:003:0044"},"geometry":{"type":"Polygon","coordinates":[[[38.833662,49.069134],[38.833884,49.070256],[38.833883,49.070256],[38.834161,49.071653],[38.836584,49.071331],[38.836734,49.071311],[38.836584,49.070542],[38.836584,49.070543],[38.836539,49.070312],[38.836524,49.070231],[38.836235,49.068766],[38.836101,49.068766],[38.836069,49.068761],[38.833662,49.069134]],[[38.835855,49.069758],[38.836082,49.069716],[38.836082,49.069717],[38.836083,49.069717],[38.836101,49.069769],[38.835876,49.06981],[38.835855,49.069758]]]}},{"type":"Feature","properties":{"cadnum":"4423187500:01:003:0036"},"geometry":{"type":"Polygon","coordinates":[[[38.839313,49.075728],[38.840216,49.075831],[38.840404,49.075764],[38.841334,49.07579],[38.841873,49.075984],[38.841873,49.073118],[38.839313,49.073115],[38.839313,49.075728]]]}},{"type":"Feature","properties":{"cadnum":"4423187500:01:003:0034"},"geometry":{"type":"Polygon","coordinates":[[[38.835889,49.07147],[38.835889,49.075298],[38.836756,49.075408],[38.836756,49.075407],[38.837201,49.075463],[38.837203,49.073967],[38.837204,49.073967],[38.837206,49.07311],[38.837206,49.071294],[38.836584,49.071377],[38.835889,49.07147]]]}},{"type":"Feature","properties":{"cadnum":"4423187500:01:003:0039"},"geometry":{"type":"Polygon","coordinates":[[[38.839851,49.07094],[38.839856,49.073115],[38.841868,49.073118],[38.84226,49.073118],[38.842254,49.070623],[38.842173,49.070634],[38.839851,49.07094]]]}},{"type":"Feature","properties":{"cadnum":"4423187500:01:003:0042"},"geometry":{"type":"Polygon","coordinates":[[[38.836524,49.070231],[38.836528,49.070256],[38.836539,49.070312],[38.836549,49.070368],[38.83655,49.070368],[38.83655,49.070369],[38.836734,49.071311],[38.836756,49.071308],[38.842077,49.070601],[38.842092,49.070599],[38.842249,49.070578],[38.842461,49.070549],[38.842424,49.070369],[38.842424,49.070368],[38.842425,49.070368],[38.84225,49.069485],[38.842077,49.069507],[38.842077,49.069508],[38.836756,49.070202],[38.836756,49.070201],[38.836524,49.070231]]]}},{"type":"Feature","properties":{"cadnum":"4423187500:01:003:0037"},"geometry":{"type":"Polygon","coordinates":[[[38.841868,49.073118],[38.841869,49.073967],[38.84187,49.073967],[38.841873,49.075981],[38.842077,49.07606],[38.842077,49.076061],[38.842183,49.076102],[38.842249,49.076105],[38.842411,49.076113],[38.844738,49.075607],[38.84473,49.075584],[38.84473,49.075583],[38.844717,49.073855],[38.844716,49.073855],[38.844716,49.073854],[38.844711,49.073121],[38.84226,49.073118],[38.841868,49.073118]]]}},{"type":"Feature","properties":{"cadnum":"4423187500:01:003:0038"},"geometry":{"type":"Polygon","coordinates":[[[38.837197,49.071294],[38.837201,49.07311],[38.839308,49.073112],[38.839856,49.073115],[38.839851,49.07094],[38.837197,49.071294]]]}},{"type":"Feature","properties":{"cadnum":"4423187500:01:015:0047"},"geometry":{"type":"Polygon","coordinates":[[[38.882058,49.023906],[38.882414,49.024259],[38.883226,49.025004],[38.883263,49.025151],[38.883375,49.02526],[38.884624,49.024845],[38.883249,49.023699],[38.883226,49.023517],[38.882058,49.023906]]]}},{"type":"Feature","properties":{"cadnum":"4423187500:01:014:0031"},"geometry":{"type":"Polygon","coordinates":[[[38.879333,49.025431],[38.879701,49.025528],[38.880289,49.025655],[38.880529,49.025293],[38.88056,49.025248],[38.880701,49.025035],[38.881624,49.023644],[38.881539,49.023563],[38.880949,49.022995],[38.880646,49.02345],[38.880586,49.023541],[38.880571,49.023563],[38.880177,49.024162],[38.879809,49.024718],[38.879333,49.025431]]]}},{"type":"Feature","properties":{"cadnum":"4423187500:01:014:0036"},"geometry":{"type":"Polygon","coordinates":[[[38.884978,49.027042],[38.885005,49.027052],[38.886023,49.027404],[38.886023,49.027405],[38.886406,49.027537],[38.886823,49.027052],[38.887525,49.026238],[38.886524,49.025838],[38.886146,49.025687],[38.884978,49.027042]]]}},{"type":"Feature","properties":{"cadnum":"4423187500:01:014:0034"},"geometry":{"type":"Polygon","coordinates":[[[38.882567,49.026203],[38.883932,49.026677],[38.885171,49.02524],[38.884884,49.025063],[38.884624,49.024845],[38.883375,49.02526],[38.883383,49.025269],[38.882567,49.026203]]]}},{"type":"Feature","properties":{"cadnum":"4423187500:01:015:0001"},"geometry":{"type":"Polygon","coordinates":[[[38.880209,49.020153],[38.880701,49.020637],[38.880701,49.020636],[38.880932,49.020863],[38.882234,49.022141],[38.883177,49.023069],[38.883219,49.02345],[38.883218,49.02345],[38.883226,49.023517],[38.883232,49.023563],[38.883249,49.023699],[38.884624,49.024845],[38.884884,49.025063],[38.885171,49.02524],[38.886023,49.025631],[38.886146,49.025687],[38.886194,49.025707],[38.886524,49.025838],[38.887525,49.026238],[38.887884,49.026382],[38.888532,49.026639],[38.888832,49.026792],[38.889349,49.027052],[38.889518,49.027137],[38.889572,49.027165],[38.889573,49.027165],[38.889664,49.02721],[38.890274,49.027472],[38.89066,49.027849],[38.89093,49.028106],[38.891473,49.028223],[38.891516,49.028285],[38.891622,49.028436],[38.891687,49.028529],[38.891688,49.028529],[38.891855,49.028768],[38.893346,49.028933],[38.89331,49.02959],[38.893979,49.029826],[38.893948,49.030285],[38.894168,49.030635],[38.894223,49.030654],[38.894351,49.030696],[38.89456,49.030766],[38.894792,49.030844],[38.895358,49.030788],[38.896702,49.03097],[38.896692,49.031651],[38.897009,49.031688],[38.897009,49.031689],[38.897295,49.031721],[38.898381,49.03269],[38.900591,49.033432],[38.901319,49.032249],[38.8991,49.031601],[38.89948,49.030766],[38.899481,49.030766],[38.899832,49.029999],[38.899212,49.030582],[38.899116,49.030766],[38.899116,49.030767],[38.898772,49.03143],[38.897941,49.031825],[38.898503,49.03113],[38.898679,49.030739],[38.898776,49.030526],[38.899325,49.030123],[38.899612,49.029431],[38.897788,49.028939],[38.897121,49.028734],[38.895556,49.028252],[38.895143,49.028017],[38.894501,49.027964],[38.893836,49.02761],[38.893436,49.027619],[38.892837,49.027165],[38.892555,49.026951],[38.892897,49.026185],[38.891687,49.025788],[38.889326,49.02501],[38.889532,49.024115],[38.888119,49.023522],[38.888116,49.023522],[38.886223,49.023078],[38.886222,49.023078],[38.886456,49.022504],[38.886023,49.022363],[38.886022,49.022363],[38.883357,49.021496],[38.883356,49.021496],[38.88328,49.021219],[38.882504,49.020821],[38.881655,49.020553],[38.880701,49.020289],[38.880209,49.020153]]]}},{"type":"Feature","properties":{"cadnum":"4423187500:01:015:0046"},"geometry":{"type":"Polygon","coordinates":[[[38.880779,49.022622],[38.881604,49.02345],[38.882058,49.023906],[38.883226,49.023517],[38.883177,49.023069],[38.882234,49.022141],[38.880779,49.022622]]]}},{"type":"Feature","properties":{"cadnum":"4423187500:01:014:0032"},"geometry":{"type":"Polygon","coordinates":[[[38.880289,49.025655],[38.880701,49.025745],[38.881529,49.025926],[38.88249,49.024483],[38.881624,49.023644],[38.88056,49.025248],[38.880289,49.025655]]]}},{"type":"Feature","properties":{"cadnum":"4423187500:01:010:0071"},"geometry":{"type":"Polygon","coordinates":[[[38.823983,49.026818],[38.825598,49.026837],[38.825598,49.026838],[38.829,49.026877],[38.829063,49.02592],[38.825598,49.02588],[38.824046,49.025861],[38.823983,49.026818]]]}},{"type":"Feature","properties":{"cadnum":"4423187500:01:010:0067"},"geometry":{"type":"Polygon","coordinates":[[[38.820044,49.023543],[38.820045,49.023543],[38.820276,49.023547],[38.820276,49.023546],[38.824127,49.023593],[38.824136,49.02345],[38.824186,49.022707],[38.820538,49.022112],[38.820142,49.022061],[38.82005,49.02345],[38.820044,49.023543]]]}},{"type":"Feature","properties":{"cadnum":"4423187500:01:010:0070"},"geometry":{"type":"Polygon","coordinates":[[[38.824046,49.025861],[38.825769,49.025883],[38.825769,49.025882],[38.82577,49.025882],[38.829063,49.02592],[38.829126,49.025001],[38.82577,49.02496],[38.825769,49.02496],[38.824104,49.024939],[38.824046,49.025861]]]}},{"type":"Feature","properties":{"cadnum":"4423187500:01:010:0065"},"geometry":{"type":"Polygon","coordinates":[[[38.819886,49.025967],[38.820276,49.025972],[38.823964,49.026014],[38.824046,49.024789],[38.820105,49.024741],[38.820104,49.024741],[38.819968,49.024739],[38.819886,49.025967]]]}},{"type":"Feature","properties":{"cadnum":"4423187500:01:010:0066"},"geometry":{"type":"Polygon","coordinates":[[[38.819968,49.024739],[38.820276,49.024744],[38.820276,49.024743],[38.824046,49.024789],[38.824127,49.023593],[38.820105,49.023544],[38.820044,49.023543],[38.819968,49.024739]]]}},{"type":"Feature","properties":{"cadnum":"4423187500:01:013:0068"},"geometry":{"type":"Polygon","coordinates":[[[38.823911,49.027881],[38.825769,49.027905],[38.82577,49.027905],[38.828933,49.027944],[38.828981,49.027165],[38.829,49.026877],[38.82577,49.02684],[38.825769,49.02684],[38.825769,49.026839],[38.823983,49.026818],[38.823959,49.027165],[38.823911,49.027881]]]}},{"type":"Feature","properties":{"cadnum":"4423187500:01:010:0069"},"geometry":{"type":"Polygon","coordinates":[[[38.824104,49.024939],[38.825598,49.024958],[38.829126,49.025001],[38.829184,49.024079],[38.82577,49.02404],[38.825769,49.02404],[38.825769,49.024039],[38.824167,49.02402],[38.824104,49.024939]]]}},{"type":"Feature","properties":{"cadnum":"4423187500:01:010:0068"},"geometry":{"type":"Polygon","coordinates":[[[38.824167,49.02402],[38.825598,49.024037],[38.825598,49.024038],[38.829184,49.024079],[38.82922,49.023555],[38.829191,49.02355],[38.8267,49.023119],[38.825644,49.022947],[38.824253,49.022718],[38.824196,49.023563],[38.824197,49.023563],[38.824167,49.02402]]]}},{"type":"Feature","properties":{"cadnum":"4423187500:01:010:0135"},"geometry":{"type":"Polygon","coordinates":[[[38.836455,49.041524],[38.836461,49.041524],[38.836583,49.041514],[38.836584,49.041514],[38.836672,49.041506],[38.836756,49.041499],[38.837677,49.041418],[38.837767,49.039508],[38.837053,49.039648],[38.83673,49.039796],[38.836537,49.040032],[38.836459,49.041457],[38.836459,49.041458],[38.836458,49.041458],[38.836455,49.041524]]]}},{"type":"Feature","properties":{"cadnum":"4423187500:01:010:0137"},"geometry":{"type":"Polygon","coordinates":[[[38.838868,49.041065],[38.838922,49.041009],[38.838931,49.041],[38.839223,49.040832],[38.839227,49.040829],[38.839231,49.040826],[38.840143,49.040473],[38.840961,49.040182],[38.841002,49.039296],[38.839973,49.039781],[38.839704,49.039834],[38.839703,49.039834],[38.839541,49.039816],[38.839375,49.039731],[38.839285,49.039589],[38.839268,49.039472],[38.83938,49.039187],[38.838948,49.039272],[38.838944,49.039327],[38.839115,49.039275],[38.839101,49.039486],[38.839101,49.039487],[38.83894,49.039487],[38.838868,49.041065]]]}},{"type":"Feature","properties":{"cadnum":"4423187500:01:010:0039"},"geometry":{"type":"Polygon","coordinates":[[[38.833895,49.038242],[38.835539,49.038318],[38.836584,49.038366],[38.836645,49.038369],[38.836756,49.038374],[38.839636,49.038506],[38.839671,49.038421],[38.837885,49.037857],[38.837884,49.037857],[38.836756,49.0375],[38.836484,49.037413],[38.836483,49.037413],[38.835778,49.036315],[38.835625,49.036065],[38.835445,49.035929],[38.835212,49.035821],[38.833981,49.035656],[38.833905,49.035685],[38.833985,49.035889],[38.834008,49.036321],[38.834008,49.036322],[38.83391,49.037969],[38.833895,49.038242]]]}},{"type":"Feature","properties":{"cadnum":"4423187500:01:010:0041"},"geometry":{"type":"Polygon","coordinates":[[[38.835338,49.041474],[38.836173,49.041514],[38.836451,49.041527],[38.836455,49.041524],[38.836537,49.040032],[38.836584,49.039974],[38.83673,49.039796],[38.836756,49.039785],[38.836756,49.039784],[38.837053,49.039648],[38.837767,49.039508],[38.838948,49.039272],[38.83938,49.039187],[38.839636,49.038506],[38.836645,49.038369],[38.835539,49.038318],[38.835339,49.041457],[38.835339,49.041458],[38.835338,49.041458],[38.835338,49.041474]]]}},{"type":"Feature","properties":{"cadnum":"4423187500:01:010:0136"},"geometry":{"type":"Polygon","coordinates":[[[38.837677,49.041418],[38.838423,49.041354],[38.838706,49.041227],[38.838868,49.041065],[38.83894,49.039487],[38.838769,49.039487],[38.838769,49.039486],[38.838796,49.039375],[38.838944,49.039327],[38.838948,49.039272],[38.837767,49.039508],[38.837677,49.041418]]]}},{"type":"Feature","properties":{"cadnum":"4423187500:01:010:0138"},"geometry":{"type":"Polygon","coordinates":[[[38.840961,49.040182],[38.841585,49.039958],[38.842077,49.039777],[38.842077,49.039778],[38.843239,49.039351],[38.843243,49.039349],[38.843243,49.039348],[38.843269,49.039345],[38.84327,49.039345],[38.843288,49.039349],[38.843288,49.039348],[38.84331,49.039292],[38.843252,49.039116],[38.842887,49.038904],[38.8426,49.03878],[38.842201,49.038733],[38.841954,49.038771],[38.841747,49.038883],[38.841554,49.039033],[38.841002,49.039296],[38.840961,49.040182]]]}},{"type":"Feature","properties":{"cadnum":"4423187500:01:010:0038"},"geometry":{"type":"Polygon","coordinates":[[[38.839501,49.042738],[38.842077,49.042831],[38.844478,49.042917],[38.844424,49.04267],[38.843836,49.042517],[38.843835,49.042517],[38.843929,49.041486],[38.84278,49.04133],[38.842249,49.041316],[38.841657,49.0413],[38.841625,49.041327],[38.841291,49.041458],[38.84129,49.041458],[38.841181,49.0415],[38.841003,49.04157],[38.840948,49.041592],[38.839704,49.042331],[38.839703,49.042331],[38.839501,49.042738]]]}},{"type":"Feature","properties":{"cadnum":"4423187500:01:003:0080"},"geometry":{"type":"Polygon","coordinates":[[[38.843202,49.067056],[38.843369,49.068057],[38.847304,49.068089],[38.847208,49.067509],[38.845484,49.067251],[38.843202,49.067056]]]}},{"type":"Feature","properties":{"cadnum":"4423187500:01:003:0081"},"geometry":{"type":"Polygon","coordinates":[[[38.838063,49.066765],[38.838063,49.06677],[38.838064,49.06677],[38.838181,49.067472],[38.842249,49.067508],[38.842249,49.067507],[38.843212,49.067516],[38.843135,49.067051],[38.842077,49.066962],[38.841734,49.066933],[38.839052,49.066712],[38.838747,49.066691],[38.838544,49.066713],[38.838063,49.066765]]]}},{"type":"Feature","properties":{"cadnum":"4423187500:01:003:0087"},"geometry":{"type":"Polygon","coordinates":[[[38.841149,49.065991],[38.841301,49.066657],[38.841321,49.066744],[38.841594,49.06677],[38.841595,49.06677],[38.841765,49.066785],[38.842077,49.066812],[38.842077,49.066813],[38.844941,49.067056],[38.844865,49.066725],[38.844757,49.066241],[38.842132,49.065908],[38.841702,49.065853],[38.841702,49.0659],[38.841698,49.065917],[38.841662,49.065944],[38.841661,49.065944],[38.841149,49.065991]]]}},{"type":"Feature","properties":{"cadnum":"4423187500:01:003:0090"},"geometry":{"type":"Polygon","coordinates":[[[38.844698,49.065664],[38.844864,49.066397],[38.84691,49.066657],[38.846908,49.066657],[38.847742,49.066763],[38.847791,49.066769],[38.847792,49.06677],[38.849168,49.066944],[38.849122,49.066744],[38.849086,49.06658],[38.849001,49.066209],[38.84757,49.066028],[38.844698,49.065664]]]}},{"type":"Feature","properties":{"cadnum":"4423187500:01:003:0091"},"geometry":{"type":"Polygon","coordinates":[[[38.844864,49.066397],[38.844922,49.066657],[38.845013,49.067062],[38.84552,49.067103],[38.845524,49.067106],[38.846849,49.067295],[38.847742,49.067432],[38.849333,49.067675],[38.849212,49.067139],[38.849168,49.066944],[38.847742,49.066763],[38.844864,49.066397]]]}},{"type":"Feature","properties":{"cadnum":"4423187500:01:003:0083"},"geometry":{"type":"Polygon","coordinates":[[[38.838289,49.068113],[38.838392,49.068748],[38.842077,49.068792],[38.843422,49.068807],[38.843315,49.068157],[38.842077,49.068146],[38.842077,49.068147],[38.838289,49.068113]]]}},{"type":"Feature","properties":{"cadnum":"4423187500:01:003:0067"},"geometry":{"type":"Polygon","coordinates":[[[38.846009,49.070167],[38.84601,49.070256],[38.846009,49.070256],[38.846019,49.071099],[38.847591,49.070882],[38.847585,49.070369],[38.847585,49.070368],[38.847581,49.069961],[38.846009,49.070167]]]}},{"type":"Feature","properties":{"cadnum":"4423187500:01:003:0078"},"geometry":{"type":"Polygon","coordinates":[[[38.846189,49.068922],[38.846414,49.070022],[38.847595,49.069867],[38.847442,49.068934],[38.846189,49.068922]]]}},{"type":"Feature","properties":{"cadnum":"4423187500:01:003:0041"},"geometry":{"type":"Polygon","coordinates":[[[38.842124,49.068837],[38.842249,49.069478],[38.84225,49.069485],[38.842402,49.070256],[38.842461,49.070549],[38.844656,49.070256],[38.845057,49.070202],[38.845848,49.0701],[38.846346,49.070031],[38.846346,49.070028],[38.846122,49.068919],[38.84609,49.068872],[38.845983,49.068848],[38.844558,49.068861],[38.844554,49.068863],[38.844527,49.068866],[38.842124,49.068837]]]}},{"type":"Feature","properties":{"cadnum":"4423187500:01:003:0066"},"geometry":{"type":"Polygon","coordinates":[[[38.844887,49.070317],[38.844887,49.070368],[38.844887,49.070369],[38.844896,49.071797],[38.845753,49.071682],[38.845646,49.07115],[38.845646,49.071149],[38.846019,49.071099],[38.846011,49.070369],[38.846011,49.070368],[38.846009,49.070167],[38.845875,49.070187],[38.845345,49.070256],[38.845344,49.070256],[38.845084,49.07029],[38.84508,49.07029],[38.844919,49.070312],[38.844887,49.070317]]]}},{"type":"Feature","properties":{"cadnum":"4423187500:01:003:0040"},"geometry":{"type":"Polygon","coordinates":[[[38.842254,49.070623],[38.84226,49.073118],[38.844711,49.073121],[38.844694,49.070296],[38.844156,49.070368],[38.842254,49.070623]]]}},{"type":"Feature","properties":{"cadnum":"4423187500:01:003:0077"},"geometry":{"type":"Polygon","coordinates":[[[38.847208,49.067509],[38.847304,49.068089],[38.847442,49.068934],[38.84757,49.069719],[38.84757,49.06972],[38.847595,49.069867],[38.847742,49.069848],[38.847742,49.069847],[38.84838,49.069764],[38.84803,49.067633],[38.847742,49.06759],[38.847208,49.067509]]]}},{"type":"Feature","properties":{"cadnum":"4423187500:01:003:0079"},"geometry":{"type":"Polygon","coordinates":[[[38.843369,49.068057],[38.843489,49.068807],[38.844527,49.068822],[38.844537,49.068816],[38.845996,49.068804],[38.846139,49.068833],[38.846185,49.068907],[38.846189,49.068922],[38.847442,49.068934],[38.847304,49.068089],[38.843369,49.068057]]]}},{"type":"Feature","properties":{"cadnum":"4423187500:01:003:0082"},"geometry":{"type":"Polygon","coordinates":[[[38.838181,49.067472],[38.838208,49.067639],[38.838289,49.068113],[38.842249,49.068148],[38.843315,49.068157],[38.843212,49.067516],[38.842077,49.067506],[38.838181,49.067472]]]}},{"type":"Feature","properties":{"cadnum":"4423187500:01:003:0068"},"geometry":{"type":"Polygon","coordinates":[[[38.847581,49.069961],[38.847584,49.070256],[38.847591,49.070882],[38.847742,49.070861],[38.84848,49.070759],[38.848476,49.070369],[38.848476,49.070368],[38.84847,49.069843],[38.847581,49.069961]]]}},{"type":"Feature","properties":{"cadnum":"4423187500:01:003:0043"},"geometry":{"type":"Polygon","coordinates":[[[38.836235,49.068766],[38.836524,49.070231],[38.836584,49.070224],[38.842249,49.069485],[38.84225,49.069485],[38.842124,49.068837],[38.836584,49.06877],[38.836584,49.068771],[38.836235,49.068766]]]}},{"type":"Feature","properties":{"cadnum":"4423187500:01:005:0025"},"geometry":{"type":"Polygon","coordinates":[[[38.862426,49.064361],[38.862682,49.064481],[38.86405,49.064552],[38.86405,49.064553],[38.865125,49.064608],[38.867573,49.064734],[38.867668,49.064261],[38.865085,49.064128],[38.864222,49.064083],[38.862498,49.063993],[38.862426,49.064361]]]}},{"type":"Feature","properties":{"cadnum":"4423187500:01:005:0037"},"geometry":{"type":"Polygon","coordinates":[[[38.863108,49.06557],[38.863288,49.065779],[38.863787,49.066176],[38.8639,49.066253],[38.86405,49.066261],[38.864188,49.066268],[38.864222,49.06627],[38.865565,49.066338],[38.867236,49.066427],[38.867362,49.065791],[38.865238,49.065682],[38.864222,49.065629],[38.863108,49.06557]]]}},{"type":"Feature","properties":{"cadnum":"4423187500:01:003:0103"},"geometry":{"type":"Polygon","coordinates":[[[38.854917,49.065882],[38.85502,49.066342],[38.857539,49.066661],[38.858728,49.066812],[38.858728,49.066811],[38.858729,49.066811],[38.85885,49.066827],[38.858873,49.06678],[38.858825,49.066677],[38.85877,49.066559],[38.858588,49.066511],[38.85665,49.065994],[38.854917,49.065882]]]}},{"type":"Feature","properties":{"cadnum":"4423187500:01:005:0014"},"geometry":{"type":"Polygon","coordinates":[[[38.862835,49.065008],[38.862894,49.06532],[38.863108,49.06557],[38.86405,49.06562],[38.865238,49.065682],[38.867362,49.065791],[38.86747,49.065249],[38.865152,49.065129],[38.864222,49.065081],[38.862835,49.065008]]]}},{"type":"Feature","properties":{"cadnum":"4423187500:01:005:0024"},"geometry":{"type":"Polygon","coordinates":[[[38.862682,49.064481],[38.862741,49.06451],[38.862835,49.065008],[38.86405,49.065072],[38.865152,49.065129],[38.86747,49.065249],[38.867573,49.064734],[38.865125,49.064608],[38.864222,49.064561],[38.862682,49.064481]]]}},{"type":"Feature","properties":{"cadnum":"4423187500:01:005:0022"},"geometry":{"type":"Polygon","coordinates":[[[38.862498,49.063993],[38.86405,49.064074],[38.86405,49.064075],[38.865085,49.064128],[38.867668,49.064261],[38.867762,49.06379],[38.865179,49.063655],[38.864134,49.063602],[38.862592,49.063522],[38.862498,49.063993]]]}},{"type":"Feature","properties":{"cadnum":"4423187500:01:005:0010"},"geometry":{"type":"Polygon","coordinates":[[[38.8639,49.066253],[38.86405,49.066356],[38.86405,49.066357],[38.864177,49.066444],[38.864222,49.066468],[38.864582,49.066657],[38.864672,49.066704],[38.864797,49.06677],[38.865682,49.067233],[38.86637,49.067601],[38.866531,49.06761],[38.866999,49.067631],[38.867191,49.066657],[38.86719,49.066657],[38.867236,49.066427],[38.865565,49.066338],[38.864188,49.066268],[38.8639,49.066253]]]}},{"type":"Feature","properties":{"cadnum":"4423187500:01:005:0017"},"geometry":{"type":"Polygon","coordinates":[[[38.862687,49.063051],[38.862823,49.063058],[38.86405,49.063121],[38.864216,49.06313],[38.864222,49.06313],[38.86501,49.06317],[38.865011,49.06317],[38.865012,49.06317],[38.865269,49.063184],[38.867856,49.063319],[38.867908,49.063058],[38.867951,49.062845],[38.865364,49.062713],[38.86416,49.062651],[38.862781,49.06258],[38.862687,49.063051]]]}},{"type":"Feature","properties":{"cadnum":"4423187500:01:005:0034"},"geometry":{"type":"Polygon","coordinates":[[[38.861011,49.063204],[38.861411,49.063498],[38.86168,49.063799],[38.861716,49.064163],[38.861783,49.064287],[38.862422,49.064358],[38.862426,49.064361],[38.862498,49.063993],[38.862592,49.063522],[38.862668,49.063144],[38.862687,49.063051],[38.862781,49.06258],[38.861362,49.062507],[38.861173,49.062651],[38.861043,49.06288],[38.861025,49.063058],[38.861024,49.063058],[38.861018,49.063131],[38.861014,49.06317],[38.861014,49.063171],[38.861011,49.063204]]]}},{"type":"Feature","properties":{"cadnum":"4423187500:01:005:0048"},"geometry":{"type":"Polygon","coordinates":[[[38.862592,49.063522],[38.86405,49.063597],[38.864134,49.063602],[38.864222,49.063606],[38.865179,49.063655],[38.867762,49.06379],[38.867856,49.063319],[38.865269,49.063184],[38.864222,49.06313],[38.864222,49.063129],[38.862687,49.063051],[38.862686,49.063058],[38.862685,49.063058],[38.862668,49.063144],[38.862662,49.06317],[38.862662,49.063171],[38.862592,49.063522]]]}},{"type":"Feature","properties":{"cadnum":"4423187500:01:001:0055"},"geometry":{"type":"Polygon","coordinates":[[[38.875079,49.081156],[38.875079,49.081157],[38.875208,49.081261],[38.875941,49.081853],[38.876947,49.081671],[38.878052,49.081468],[38.877675,49.081164],[38.877676,49.081164],[38.877676,49.081163],[38.877181,49.080762],[38.875641,49.081051],[38.87564,49.081051],[38.875079,49.081156]]]}},{"type":"Feature","properties":{"cadnum":"4423187500:01:001:0047"},"geometry":{"type":"Polygon","coordinates":[[[38.878726,49.078494],[38.880529,49.079957],[38.880529,49.079958],[38.880658,49.080062],[38.880701,49.080029],[38.881781,49.079203],[38.882094,49.078844],[38.882045,49.078517],[38.881282,49.07842],[38.880701,49.078401],[38.880496,49.078394],[38.879288,49.078423],[38.878726,49.078494]],[[38.88046,49.079164],[38.880473,49.079141],[38.880473,49.07914],[38.880513,49.07915],[38.880496,49.079176],[38.88046,49.079164]]]}},{"type":"Feature","properties":{"cadnum":"4423187500:01:001:0048"},"geometry":{"type":"Polygon","coordinates":[[[38.877706,49.078802],[38.879521,49.080276],[38.880529,49.080086],[38.880529,49.080087],[38.880658,49.080062],[38.878726,49.078494],[38.878524,49.07852],[38.878219,49.078555],[38.878119,49.07857],[38.877836,49.078673],[38.877706,49.078802]],[[38.880016,49.079994],[38.879984,49.079986],[38.879984,49.079985],[38.879993,49.079973],[38.880002,49.079959],[38.880029,49.079968],[38.880042,49.079971],[38.880037,49.079973],[38.880024,49.079997],[38.880016,49.079994]]]}},{"type":"Feature","properties":{"cadnum":"4423187500:01:001:0045"},"geometry":{"type":"Polygon","coordinates":[[[38.871059,49.07975],[38.87181,49.080359],[38.875036,49.079755],[38.875196,49.079725],[38.875208,49.079723],[38.875249,49.079715],[38.875036,49.079639],[38.875007,49.079629],[38.872595,49.079462],[38.871418,49.07972],[38.871333,49.079738],[38.871059,49.07975]]]}},{"type":"Feature","properties":{"cadnum":"4423187500:01:001:0043"},"geometry":{"type":"Polygon","coordinates":[[[38.875007,49.079805],[38.875036,49.079829],[38.875036,49.07983],[38.876328,49.080876],[38.878075,49.080547],[38.879521,49.080276],[38.877706,49.078806],[38.876903,49.079591],[38.876898,49.079591],[38.876727,49.079615],[38.875479,49.079794],[38.875335,49.079744],[38.875067,49.079794],[38.875007,49.079805]]]}},{"type":"Feature","properties":{"cadnum":"4423187500:01:001:0015"},"geometry":{"type":"Polygon","coordinates":[[[38.877181,49.080762],[38.877536,49.081051],[38.877535,49.081051],[38.878052,49.081471],[38.878901,49.081315],[38.879737,49.081162],[38.880253,49.080374],[38.880375,49.080282],[38.88041,49.080256],[38.880568,49.080132],[38.880582,49.080123],[38.877181,49.080762]],[[38.879517,49.080791],[38.879534,49.080765],[38.879574,49.080777],[38.879557,49.0808],[38.879517,49.080791]]]}},{"type":"Feature","properties":{"cadnum":"4423187500:01:001:0049"},"geometry":{"type":"Polygon","coordinates":[[[38.873385,49.080112],[38.874543,49.081051],[38.874633,49.081123],[38.874682,49.081163],[38.874682,49.081164],[38.874683,49.081164],[38.874702,49.081179],[38.875208,49.081085],[38.875488,49.081033],[38.876328,49.080876],[38.875208,49.079969],[38.875007,49.079805],[38.873385,49.080112]]]}},{"type":"Feature","properties":{"cadnum":"4423187500:01:011:0022"},"geometry":{"type":"Polygon","coordinates":[[[38.857854,49.032685],[38.858728,49.032939],[38.858729,49.032939],[38.863654,49.034368],[38.863655,49.034368],[38.86405,49.034483],[38.865049,49.034772],[38.865282,49.03449],[38.865383,49.034368],[38.865638,49.03406],[38.864222,49.03365],[38.858712,49.032052],[38.858527,49.032131],[38.857854,49.032685]]]}},{"type":"Feature","properties":{"cadnum":"4423187500:01:011:0023"},"geometry":{"type":"Polygon","coordinates":[[[38.858712,49.032052],[38.86405,49.0336],[38.865638,49.03406],[38.86637,49.033176],[38.864991,49.032764],[38.864529,49.032596],[38.864222,49.032499],[38.861829,49.031736],[38.860548,49.031363],[38.860531,49.03138],[38.859732,49.031807],[38.858873,49.031981],[38.858712,49.032052]]]}},{"type":"Feature","properties":{"cadnum":"4423187500:01:011:0017"},"geometry":{"type":"Polygon","coordinates":[[[38.858074,49.034749],[38.858557,49.034888],[38.864222,49.036519],[38.864313,49.036545],[38.865121,49.035794],[38.86405,49.035484],[38.86405,49.035485],[38.859796,49.034255],[38.858887,49.033992],[38.858708,49.034159],[38.858604,49.034255],[38.858074,49.034749]]]}},{"type":"Feature","properties":{"cadnum":"4423187500:01:011:0021"},"geometry":{"type":"Polygon","coordinates":[[[38.857139,49.033273],[38.857944,49.033468],[38.858728,49.033696],[38.858729,49.033696],[38.860658,49.034255],[38.864222,49.035288],[38.864546,49.035382],[38.865049,49.034772],[38.864222,49.034533],[38.864222,49.034532],[38.863267,49.034255],[38.863266,49.034255],[38.858557,49.032889],[38.857854,49.032685],[38.857139,49.033273]]]}},{"type":"Feature","properties":{"cadnum":"4423187500:01:011:0007"},"geometry":{"type":"Polygon","coordinates":[[[38.853613,49.033654],[38.855706,49.034255],[38.855808,49.034285],[38.856097,49.034368],[38.857741,49.03484],[38.858368,49.034255],[38.858557,49.034079],[38.858557,49.03408],[38.858707,49.033939],[38.856044,49.03317],[38.855095,49.032829],[38.854682,49.032661],[38.853613,49.033654]]]}},{"type":"Feature","properties":{"cadnum":"4423187500:01:010:0048"},"geometry":{"type":"Polygon","coordinates":[[[38.818463,49.047919],[38.820105,49.047937],[38.822519,49.047963],[38.822599,49.046709],[38.820105,49.046678],[38.820105,49.046679],[38.820104,49.046679],[38.818544,49.046659],[38.818463,49.047919]]]}},{"type":"Feature","properties":{"cadnum":"4423187500:01:010:0050"},"geometry":{"type":"Polygon","coordinates":[[[38.818624,49.045405],[38.820276,49.045426],[38.820276,49.045425],[38.822685,49.045455],[38.822702,49.045171],[38.822771,49.044118],[38.820276,49.04409],[38.81871,49.044071],[38.818646,49.045058],[38.818645,49.045058],[38.818624,49.045405]]]}},{"type":"Feature","properties":{"cadnum":"4423187500:01:010:0007"},"geometry":{"type":"Polygon","coordinates":[[[38.818381,49.04932],[38.820105,49.049339],[38.823021,49.04937],[38.823022,49.04937],[38.823067,49.048659],[38.823094,49.048252],[38.820105,49.048224],[38.818444,49.048207],[38.818419,49.048659],[38.818418,49.048659],[38.818417,49.048659],[38.818381,49.04932]]]}},{"type":"Feature","properties":{"cadnum":"4423187500:01:010:0049"},"geometry":{"type":"Polygon","coordinates":[[[38.818544,49.046659],[38.820276,49.046681],[38.820276,49.04668],[38.822599,49.046709],[38.822685,49.045455],[38.820105,49.045423],[38.820105,49.045424],[38.820104,49.045424],[38.818624,49.045405],[38.818544,49.046659]]]}},{"type":"Feature","properties":{"cadnum":"4423187500:01:012:0089"},"geometry":{"type":"Polygon","coordinates":[[[38.87953,49.045773],[38.88014,49.045828],[38.880529,49.045853],[38.880626,49.045859],[38.880701,49.045863],[38.880806,49.04587],[38.88179,49.045511],[38.881794,49.045507],[38.881821,49.045505],[38.882018,49.045208],[38.881372,49.045058],[38.88137,49.045058],[38.880701,49.044904],[38.880182,49.044783],[38.88,49.045058],[38.87953,49.045773]]]}},{"type":"Feature","properties":{"cadnum":"4423187500:01:012:0081"},"geometry":{"type":"Polygon","coordinates":[[[38.877779,49.044645],[38.879577,49.045058],[38.879879,49.045127],[38.87988,49.045128],[38.880389,49.044353],[38.878291,49.043871],[38.878133,49.044109],[38.877779,49.044645]]]}},{"type":"Feature","properties":{"cadnum":"4423187500:01:012:0080"},"geometry":{"type":"Polygon","coordinates":[[[38.877077,49.045717],[38.877496,49.045693],[38.877504,49.045693],[38.879431,49.045764],[38.879436,49.045764],[38.879458,49.045767],[38.87988,49.045128],[38.879879,49.045127],[38.877779,49.044645],[38.87754,49.045013],[38.877435,49.045171],[38.877436,49.045171],[38.877077,49.045717]]]}},{"type":"Feature","properties":{"cadnum":"4423187500:01:012:0079"},"geometry":{"type":"Polygon","coordinates":[[[38.874787,49.045543],[38.875036,49.045577],[38.875036,49.045578],[38.875192,49.045599],[38.875208,49.045602],[38.875208,49.045601],[38.876341,49.045758],[38.877077,49.045717],[38.877511,49.045058],[38.87751,49.045058],[38.87754,49.045013],[38.875452,49.044533],[38.875127,49.045026],[38.875031,49.045171],[38.875032,49.045171],[38.874787,49.045543]]]}},{"type":"Feature","properties":{"cadnum":"4423187500:07:001:0037"},"geometry":{"type":"Polygon","coordinates":[[[38.929175,49.061503],[38.929968,49.061821],[38.929968,49.061822],[38.930532,49.062047],[38.930671,49.061762],[38.930104,49.061536],[38.929311,49.061218],[38.929288,49.061268],[38.929175,49.061503]]]}},{"type":"Feature","properties":{"cadnum":"4423187500:01:003:0011"},"geometry":{"type":"Polygon","coordinates":[[[38.824903,49.076379],[38.825598,49.076522],[38.826763,49.076761],[38.827329,49.076878],[38.827446,49.074484],[38.825598,49.074334],[38.825006,49.074286],[38.824903,49.076379]]]}},{"type":"Feature","properties":{"cadnum":"4423187500:01:003:0004"},"geometry":{"type":"Polygon","coordinates":[[[38.82206,49.077955],[38.822295,49.078052],[38.823417,49.078523],[38.823463,49.077557],[38.823628,49.074174],[38.822249,49.074063],[38.822084,49.077453],[38.82206,49.077955]]]}},{"type":"Feature","properties":{"cadnum":"4423187500:01:003:0003"},"geometry":{"type":"Polygon","coordinates":[[[38.820569,49.077343],[38.820835,49.077453],[38.820836,49.077453],[38.82091,49.077484],[38.821109,49.077565],[38.82111,49.077565],[38.82206,49.077955],[38.822079,49.077565],[38.822249,49.074063],[38.820735,49.073942],[38.820569,49.077343]]]}},{"type":"Feature","properties":{"cadnum":"4423187500:01:003:0006"},"geometry":{"type":"Polygon","coordinates":[[[38.824773,49.079085],[38.825598,49.079421],[38.825598,49.079422],[38.826166,49.079653],[38.82661,49.079841],[38.826723,49.077565],[38.826763,49.076761],[38.82577,49.076557],[38.825769,49.076557],[38.824903,49.076379],[38.824851,49.077453],[38.824846,49.077559],[38.824845,49.077565],[38.824773,49.079085]]]}},{"type":"Feature","properties":{"cadnum":"4423187500:01:010:0086"},"geometry":{"type":"Polygon","coordinates":[[[38.822855,49.043877],[38.825769,49.043912],[38.825769,49.043911],[38.82577,49.043911],[38.827845,49.043936],[38.827913,49.042914],[38.825598,49.042887],[38.825598,49.042888],[38.822922,49.042855],[38.822855,49.043877]]]}},{"type":"Feature","properties":{"cadnum":"4423187500:01:010:0088"},"geometry":{"type":"Polygon","coordinates":[[[38.822721,49.045917],[38.825598,49.045953],[38.827711,49.045979],[38.827772,49.045058],[38.827771,49.045058],[38.827778,49.044957],[38.825598,49.044932],[38.822788,49.044898],[38.822769,49.045171],[38.82277,49.045171],[38.822721,49.045917]]]}},{"type":"Feature","properties":{"cadnum":"4423187500:01:010:0085"},"geometry":{"type":"Polygon","coordinates":[[[38.822922,49.042855],[38.825769,49.04289],[38.825769,49.042889],[38.82577,49.042889],[38.827913,49.042914],[38.827981,49.041851],[38.82577,49.041824],[38.825769,49.041824],[38.822995,49.041789],[38.822922,49.042855]]]}},{"type":"Feature","properties":{"cadnum":"4423187500:01:010:0087"},"geometry":{"type":"Polygon","coordinates":[[[38.822788,49.044898],[38.825769,49.044934],[38.82577,49.044934],[38.827778,49.044957],[38.827845,49.043936],[38.825598,49.043909],[38.825598,49.04391],[38.822855,49.043877],[38.822788,49.044898]]]}},{"type":"Feature","properties":{"cadnum":"4423187500:01:010:0051"},"geometry":{"type":"Polygon","coordinates":[[[38.81871,49.044071],[38.820105,49.044088],[38.822771,49.044118],[38.822865,49.042734],[38.820276,49.042705],[38.8188,49.042687],[38.81871,49.044071]]]}},{"type":"Feature","properties":{"cadnum":"4423187500:01:012:0088"},"geometry":{"type":"Polygon","coordinates":[[[38.880182,49.044783],[38.880529,49.044864],[38.881857,49.045171],[38.881858,49.045171],[38.882018,49.045208],[38.882115,49.045058],[38.882114,49.045058],[38.882314,49.044751],[38.88253,49.044427],[38.880693,49.044006],[38.880182,49.044783]]]}},{"type":"Feature","properties":{"cadnum":"4423187500:01:012:0084"},"geometry":{"type":"Polygon","coordinates":[[[38.87936,49.042245],[38.880529,49.042515],[38.880618,49.042536],[38.880701,49.042555],[38.881457,49.042729],[38.881978,49.041933],[38.880529,49.0416],[38.880399,49.04157],[38.87988,49.041451],[38.879876,49.041458],[38.879875,49.041458],[38.879836,49.041518],[38.879801,49.04157],[38.879802,49.04157],[38.87936,49.042245]]]}},{"type":"Feature","properties":{"cadnum":"4423187500:01:012:0100"},"geometry":{"type":"Polygon","coordinates":[[[38.886048,49.044875],[38.886194,49.04486],[38.886194,49.044859],[38.886865,49.044787],[38.887044,49.044621],[38.887054,49.044615],[38.887413,49.044407],[38.887417,49.044403],[38.887427,49.044401],[38.887844,49.044265],[38.887849,49.044265],[38.887876,49.044259],[38.887889,49.044263],[38.888262,49.044309],[38.888276,49.044312],[38.888526,49.044377],[38.888706,49.044427],[38.888828,49.04446],[38.888842,49.044462],[38.889125,49.04458],[38.889129,49.044584],[38.890018,49.044972],[38.890058,49.044981],[38.89023,49.044774],[38.887058,49.04365],[38.886048,49.044875]]]}},{"type":"Feature","properties":{"cadnum":"4423187500:01:012:0099"},"geometry":{"type":"Polygon","coordinates":[[[38.884417,49.043255],[38.884557,49.043512],[38.885477,49.044259],[38.885486,49.044271],[38.885486,49.044272],[38.885486,49.044274],[38.88549,49.044274],[38.885809,49.044901],[38.885962,49.044883],[38.886194,49.044603],[38.886194,49.044602],[38.886744,49.043936],[38.886189,49.04374],[38.884471,49.043131],[38.884417,49.043255]]]}},{"type":"Feature","properties":{"cadnum":"4423187500:01:012:0082"},"geometry":{"type":"Polygon","coordinates":[[[38.878291,49.043871],[38.880389,49.044353],[38.880701,49.043879],[38.880959,49.043488],[38.880529,49.04339],[38.878857,49.043005],[38.878726,49.043209],[38.878291,49.043871]]]}},{"type":"Feature","properties":{"cadnum":"4423187500:01:012:0090"},"geometry":{"type":"Polygon","coordinates":[[[38.881821,49.045505],[38.88183,49.045505],[38.88324,49.045596],[38.884817,49.045702],[38.884853,49.045472],[38.884804,49.045326],[38.883959,49.045131],[38.882314,49.044751],[38.882041,49.045171],[38.882042,49.045171],[38.882018,49.045208],[38.881821,49.045505]]]}},{"type":"Feature","properties":{"cadnum":"4423187500:01:012:0097"},"geometry":{"type":"Polygon","coordinates":[[[38.884453,49.042046],[38.884647,49.042149],[38.88466,49.042157],[38.884808,49.042331],[38.884813,49.042345],[38.884808,49.04236],[38.884723,49.042557],[38.886023,49.043017],[38.886133,49.043056],[38.886194,49.043078],[38.887165,49.043421],[38.887561,49.042946],[38.886121,49.042437],[38.884578,49.041892],[38.884453,49.042046]]]}},{"type":"Feature","properties":{"cadnum":"4423187500:01:012:0086"},"geometry":{"type":"Polygon","coordinates":[[[38.881201,49.043229],[38.883043,49.04365],[38.883052,49.043635],[38.882949,49.043482],[38.882949,49.043479],[38.882943,49.043471],[38.882729,49.042511],[38.88218,49.042028],[38.88218,49.042025],[38.882176,49.042022],[38.882073,49.041904],[38.881201,49.043229]]]}},{"type":"Feature","properties":{"cadnum":"4423187500:01:012:0091"},"geometry":{"type":"Polygon","coordinates":[[[38.882314,49.044751],[38.883643,49.045058],[38.883959,49.045131],[38.884132,49.045171],[38.884804,49.045326],[38.884804,49.045325],[38.88475,49.045158],[38.88475,49.045157],[38.884035,49.044512],[38.883263,49.043944],[38.883259,49.043936],[38.883253,49.043932],[38.883052,49.043635],[38.883043,49.04365],[38.88253,49.044427],[38.882314,49.044751]]]}},{"type":"Feature","properties":{"cadnum":"4423187500:01:012:0098"},"geometry":{"type":"Polygon","coordinates":[[[38.884471,49.043131],[38.886023,49.043681],[38.886189,49.04374],[38.886194,49.043741],[38.886744,49.043936],[38.887165,49.043421],[38.886133,49.043056],[38.884723,49.042557],[38.884471,49.043131]]]}},{"type":"Feature","properties":{"cadnum":"4423187500:01:012:0083"},"geometry":{"type":"Polygon","coordinates":[[[38.878857,49.043005],[38.880701,49.043429],[38.880959,49.043488],[38.881457,49.042729],[38.880618,49.042536],[38.87936,49.042245],[38.87931,49.042316],[38.878857,49.043005]]]}},{"type":"Feature","properties":{"cadnum":"4423187500:01:012:0087"},"geometry":{"type":"Polygon","coordinates":[[[38.880693,49.044006],[38.88253,49.044427],[38.883043,49.04365],[38.881201,49.043229],[38.880693,49.044006]]]}},{"type":"Feature","properties":{"cadnum":"4423187500:01:006:0022"},"geometry":{"type":"Polygon","coordinates":[[[38.833302,49.061862],[38.834758,49.061618],[38.836584,49.06131],[38.836688,49.061293],[38.836756,49.061281],[38.837794,49.061105],[38.83779,49.061044],[38.838167,49.06097],[38.838212,49.061038],[38.838243,49.061082],[38.838841,49.060982],[38.838359,49.059571],[38.83836,49.059571],[38.838285,49.059349],[38.83778,49.059431],[38.837613,49.059459],[38.837523,49.059473],[38.836923,49.059571],[38.836926,49.059571],[38.836725,49.059604],[38.834247,49.060008],[38.834241,49.060011],[38.834061,49.060226],[38.833882,49.060437],[38.833757,49.061041],[38.833662,49.061497],[38.833532,49.06172],[38.833302,49.061862]]]}},{"type":"Feature","properties":{"cadnum":"4423187500:01:006:0023"},"geometry":{"type":"Polygon","coordinates":[[[38.838285,49.059349],[38.838322,49.059458],[38.838322,49.059459],[38.838321,49.059459],[38.838841,49.060982],[38.841105,49.060603],[38.842249,49.060412],[38.842249,49.060411],[38.844258,49.060075],[38.844797,49.059988],[38.84486,49.059975],[38.844717,49.05997],[38.844662,49.059952],[38.844042,49.059767],[38.843705,49.059571],[38.843369,49.059375],[38.843202,49.059113],[38.842807,49.059002],[38.842077,49.058965],[38.842077,49.058966],[38.841851,49.058954],[38.840965,49.058913],[38.839317,49.059181],[38.839254,49.059193],[38.838285,49.059349]]]}},{"type":"Feature","properties":{"cadnum":"4423187500:01:006:0030"},"geometry":{"type":"Polygon","coordinates":[[[38.834247,49.060008],[38.836584,49.059627],[38.836725,49.059604],[38.836756,49.059599],[38.837523,49.059473],[38.83778,49.059431],[38.838719,49.058148],[38.837497,49.058139],[38.83734,49.058207],[38.83686,49.058913],[38.836691,49.059103],[38.836532,49.059281],[38.835663,49.059459],[38.835443,49.059504],[38.835113,49.059571],[38.834951,49.059604],[38.834484,49.059822],[38.834247,49.060008]]]}},{"type":"Feature","properties":{"cadnum":"4423187500:01:006:0031"},"geometry":{"type":"Polygon","coordinates":[[[38.83778,49.059431],[38.838285,49.059349],[38.839254,49.059193],[38.839317,49.059181],[38.840965,49.058913],[38.84097,49.058207],[38.839811,49.058157],[38.838719,49.058148],[38.83778,49.059431]]]}},{"type":"Feature","properties":{"cadnum":"4423187500:01:013:0016"},"geometry":{"type":"Polygon","coordinates":[[[38.833977,49.024403],[38.834803,49.024698],[38.836078,49.025102],[38.836756,49.025357],[38.836756,49.025356],[38.838163,49.025884],[38.839088,49.024869],[38.836584,49.023935],[38.835563,49.023554],[38.834847,49.023287],[38.834713,49.02345],[38.834673,49.023499],[38.834623,49.023563],[38.834624,49.023563],[38.833977,49.024403]]]}},{"type":"Feature","properties":{"cadnum":"4423187500:01:010:0119"},"geometry":{"type":"Polygon","coordinates":[[[38.836775,49.026998],[38.836917,49.027052],[38.840346,49.028361],[38.840633,49.027165],[38.840669,49.027016],[38.837103,49.02564],[38.836797,49.026903],[38.836775,49.026998]]]}},{"type":"Feature","properties":{"cadnum":"4423187500:01:010:0114"},"geometry":{"type":"Polygon","coordinates":[[[38.832742,49.026765],[38.833785,49.027165],[38.833786,49.027165],[38.836488,49.028197],[38.836584,49.027794],[38.83662,49.027644],[38.836756,49.027077],[38.836756,49.027076],[38.836775,49.026998],[38.836797,49.026903],[38.836756,49.026888],[38.833056,49.025473],[38.832742,49.026765]]]}},{"type":"Feature","properties":{"cadnum":"4423187500:01:013:0013"},"geometry":{"type":"Polygon","coordinates":[[[38.838998,49.025057],[38.842249,49.026269],[38.8434,49.026698],[38.843432,49.026665],[38.844218,49.025799],[38.842077,49.025001],[38.839811,49.024155],[38.838998,49.025057]]]}},{"type":"Feature","properties":{"cadnum":"4423187500:01:013:0069"},"geometry":{"type":"Polygon","coordinates":[[[38.833056,49.025473],[38.836584,49.026822],[38.836584,49.026823],[38.836797,49.026903],[38.837103,49.02564],[38.836584,49.025442],[38.836002,49.025219],[38.835099,49.024842],[38.833492,49.024271],[38.833235,49.024739],[38.833056,49.025473]]]}},{"type":"Feature","properties":{"cadnum":"4423187500:01:010:0120"},"geometry":{"type":"Polygon","coordinates":[[[38.84048,49.028099],[38.842249,49.028776],[38.842249,49.028775],[38.844936,49.029802],[38.8457,49.028948],[38.842249,49.027621],[38.840972,49.02713],[38.840736,49.027039],[38.840733,49.027052],[38.840732,49.027052],[38.84048,49.028099]]]}},{"type":"Feature","properties":{"cadnum":"4423187500:01:010:0118"},"geometry":{"type":"Polygon","coordinates":[[[38.836442,49.028391],[38.836756,49.028512],[38.836756,49.028511],[38.840013,49.029754],[38.840346,49.028361],[38.837212,49.027165],[38.836775,49.026998],[38.836761,49.027052],[38.83662,49.027644],[38.836488,49.028197],[38.836442,49.028391]]]}},{"type":"Feature","properties":{"cadnum":"4423187500:01:013:0012"},"geometry":{"type":"Polygon","coordinates":[[[38.838222,49.025908],[38.838944,49.026179],[38.8414,49.027102],[38.842249,49.027422],[38.842618,49.02756],[38.842995,49.027144],[38.8434,49.026698],[38.842077,49.026205],[38.838998,49.025057],[38.838222,49.025908]]]}},{"type":"Feature","properties":{"cadnum":"4423187500:01:012:0018"},"geometry":{"type":"Polygon","coordinates":[[[38.896069,49.040906],[38.896159,49.040935],[38.896463,49.041029],[38.896953,49.04118],[38.897009,49.041084],[38.898763,49.038076],[38.898044,49.037857],[38.897964,49.037832],[38.897918,49.037821],[38.897874,49.037806],[38.897844,49.037857],[38.897843,49.037857],[38.897168,49.039019],[38.896069,49.040906]]]}},{"type":"Feature","properties":{"cadnum":"4423187500:09:001:0003"},"geometry":{"type":"Polygon","coordinates":[[[38.899132,49.042428],[38.899713,49.041458],[38.899712,49.041458],[38.899712,49.041457],[38.901283,49.038833],[38.900578,49.03863],[38.899352,49.0406],[38.899204,49.041457],[38.899204,49.041458],[38.899203,49.041458],[38.899136,49.041854],[38.899109,49.042125],[38.899126,49.042393],[38.899127,49.042393],[38.899132,49.042428]]]}},{"type":"Feature","properties":{"cadnum":"4423187500:09:001:0004"},"geometry":{"type":"Polygon","coordinates":[[[38.898629,49.043639],[38.898857,49.043909],[38.900197,49.04157],[38.901696,49.038954],[38.901283,49.038833],[38.899644,49.04157],[38.899645,49.04157],[38.899132,49.042428],[38.899153,49.042543],[38.898629,49.043639]]]}},{"type":"Feature","properties":{"cadnum":"4423187500:01:012:0019"},"geometry":{"type":"Polygon","coordinates":[[[38.896953,49.04118],[38.897181,49.041251],[38.897181,49.04125],[38.897828,49.041451],[38.899643,49.038345],[38.898763,49.038076],[38.897181,49.040789],[38.896953,49.04118]]]}},{"type":"Feature","properties":{"cadnum":"4423187500:09:001:0002"},"geometry":{"type":"Polygon","coordinates":[[[38.897178,49.044416],[38.897505,49.044586],[38.898021,49.044707],[38.898256,49.044722],[38.89839,49.044698],[38.898857,49.043909],[38.898629,49.043639],[38.899153,49.042543],[38.899127,49.042393],[38.899126,49.042393],[38.899109,49.042125],[38.899136,49.041854],[38.899184,49.04157],[38.899352,49.0406],[38.898815,49.041458],[38.898814,49.041458],[38.89866,49.041706],[38.898772,49.041739],[38.898809,49.041751],[38.897178,49.044416]]]}},{"type":"Feature","properties":{"cadnum":"4423187500:01:012:0020"},"geometry":{"type":"Polygon","coordinates":[[[38.897828,49.041451],[38.897851,49.041458],[38.897856,49.041459],[38.898216,49.04157],[38.898217,49.04157],[38.89866,49.041706],[38.898744,49.04157],[38.900578,49.03863],[38.899643,49.038345],[38.897828,49.041451]]]}},{"type":"Feature","properties":{"cadnum":"4423187500:01:012:0113"},"geometry":{"type":"Polygon","coordinates":[[[38.896059,49.041701],[38.897009,49.041994],[38.898363,49.04241],[38.898772,49.041739],[38.89866,49.041706],[38.897856,49.041459],[38.897828,49.041451],[38.897009,49.041197],[38.896953,49.04118],[38.896463,49.041029],[38.896137,49.04157],[38.896138,49.04157],[38.896069,49.041686],[38.896059,49.041701]]]}},{"type":"Feature","properties":{"cadnum":"4423187500:01:012:0017"},"geometry":{"type":"Polygon","coordinates":[[[38.89517,49.040629],[38.896069,49.040906],[38.897009,49.039292],[38.897168,49.039019],[38.897181,49.038997],[38.897778,49.037969],[38.897779,49.037969],[38.897874,49.037806],[38.897155,49.037581],[38.896979,49.037526],[38.896786,49.037857],[38.896778,49.037871],[38.896721,49.037969],[38.89517,49.040629]]]}},{"type":"Feature","properties":{"cadnum":"4423187500:01:008:0007"},"geometry":{"type":"Polygon","coordinates":[[[38.853129,49.05211],[38.853235,49.052117],[38.853235,49.052116],[38.85595,49.052259],[38.856281,49.052276],[38.858086,49.052371],[38.858087,49.052371],[38.858388,49.052387],[38.858395,49.052348],[38.858447,49.052064],[38.8585,49.051731],[38.858554,49.051422],[38.853294,49.051145],[38.853129,49.05211]]]}},{"type":"Feature","properties":{"cadnum":"4423187500:01:008:0011"},"geometry":{"type":"Polygon","coordinates":[[[38.856929,49.053771],[38.858557,49.053839],[38.862139,49.053989],[38.863508,49.054047],[38.863617,49.053212],[38.858729,49.052956],[38.858728,49.052956],[38.858334,49.052935],[38.857647,49.053344],[38.856929,49.053771]]]}},{"type":"Feature","properties":{"cadnum":"4423187500:01:008:0009"},"geometry":{"type":"Polygon","coordinates":[[[38.852715,49.054454],[38.853235,49.054479],[38.853235,49.054478],[38.85555,49.054589],[38.856929,49.053771],[38.857647,49.053344],[38.853235,49.053112],[38.853235,49.053111],[38.852954,49.053097],[38.852715,49.054454]]]}},{"type":"Feature","properties":{"cadnum":"4423187500:01:008:0015"},"geometry":{"type":"Polygon","coordinates":[[[38.84791,49.05657],[38.853063,49.056812],[38.853064,49.056812],[38.853609,49.056838],[38.853623,49.056738],[38.853719,49.055971],[38.853744,49.055784],[38.853235,49.05576],[38.848036,49.055516],[38.847994,49.055859],[38.847983,49.055949],[38.847981,49.055971],[38.84791,49.05657]]]}},{"type":"Feature","properties":{"cadnum":"4423187500:01:008:0008"},"geometry":{"type":"Polygon","coordinates":[[[38.852954,49.053097],[38.853063,49.053102],[38.853064,49.053102],[38.853064,49.053103],[38.857647,49.053344],[38.858334,49.052935],[38.858298,49.052935],[38.858374,49.052479],[38.858388,49.052387],[38.856281,49.052276],[38.853129,49.05211],[38.853103,49.052259],[38.853102,49.052259],[38.853093,49.052313],[38.853082,49.052371],[38.853082,49.052372],[38.852954,49.053097]]]}},{"type":"Feature","properties":{"cadnum":"4423187500:01:008:0010"},"geometry":{"type":"Polygon","coordinates":[[[38.85555,49.054589],[38.856179,49.054619],[38.858728,49.05472],[38.858729,49.05472],[38.862072,49.054851],[38.862103,49.054422],[38.862139,49.053989],[38.858729,49.053846],[38.858728,49.053846],[38.856929,49.053771],[38.85555,49.054589]]]}},{"type":"Feature","properties":{"cadnum":"4423187500:01:008:0020"},"geometry":{"type":"Polygon","coordinates":[[[38.853744,49.05576],[38.855825,49.055859],[38.858728,49.055997],[38.858728,49.055996],[38.858729,49.055996],[38.858856,49.056002],[38.858862,49.055957],[38.858986,49.055013],[38.858856,49.055007],[38.858557,49.054998],[38.856978,49.054946],[38.853874,49.054778],[38.853744,49.05576]]]}},{"type":"Feature","properties":{"cadnum":"4423187500:01:008:0019"},"geometry":{"type":"Polygon","coordinates":[[[38.853623,49.056738],[38.858557,49.056969],[38.858616,49.056971],[38.858728,49.056977],[38.858728,49.056976],[38.858729,49.056976],[38.858734,49.056977],[38.85886,49.056002],[38.858557,49.055988],[38.858557,49.055989],[38.858189,49.055972],[38.858189,49.055971],[38.858199,49.055971],[38.853749,49.055764],[38.853744,49.055784],[38.853734,49.055859],[38.853733,49.055859],[38.853623,49.056738]]]}},{"type":"Feature","properties":{"cadnum":"4423187500:01:008:0090"},"geometry":{"type":"Polygon","coordinates":[[[38.858298,49.052935],[38.858334,49.052935],[38.858557,49.052947],[38.863621,49.053212],[38.863733,49.052355],[38.863733,49.052341],[38.862172,49.052259],[38.86217,49.052259],[38.858729,49.052079],[38.858728,49.052079],[38.858447,49.052064],[38.858411,49.052259],[38.858395,49.052348],[38.85839,49.052371],[38.858391,49.052371],[38.858391,49.052372],[38.858388,49.052387],[38.858374,49.052479],[38.858298,49.052935]]]}},{"type":"Feature","properties":{"cadnum":"4423187500:01:013:0003"},"geometry":{"type":"Polygon","coordinates":[[[38.850321,49.024306],[38.851701,49.024545],[38.852504,49.024477],[38.853064,49.024331],[38.853102,49.024321],[38.853235,49.024286],[38.853497,49.024218],[38.854782,49.023738],[38.854289,49.02345],[38.853331,49.022889],[38.85333,49.022889],[38.853273,49.022535],[38.853235,49.022514],[38.853235,49.022513],[38.852204,49.021908],[38.851633,49.021631],[38.851602,49.021696],[38.851099,49.022725],[38.850682,49.023563],[38.850683,49.023563],[38.85064,49.023649],[38.850321,49.024306]]]}},{"type":"Feature","properties":{"cadnum":"4423187500:01:001:0003"},"geometry":{"type":"Polygon","coordinates":[[[38.856613,49.084307],[38.857035,49.084649],[38.857804,49.085272],[38.858728,49.085099],[38.859264,49.084998],[38.858841,49.084649],[38.85884,49.084649],[38.858728,49.084556],[38.857468,49.083512],[38.857584,49.084036],[38.856942,49.084275],[38.856613,49.084307]]]}},{"type":"Feature","properties":{"cadnum":"4423187500:01:001:0016"},"geometry":{"type":"Polygon","coordinates":[[[38.857436,49.083372],[38.857449,49.083424],[38.858429,49.084236],[38.858728,49.084181],[38.858728,49.08418],[38.860374,49.083872],[38.859188,49.08291],[38.858557,49.083077],[38.857436,49.083372]]]}},{"type":"Feature","properties":{"cadnum":"4423187500:01:001:0005"},"geometry":{"type":"Polygon","coordinates":[[[38.860477,49.083898],[38.861349,49.084604],[38.863015,49.084292],[38.862143,49.083586],[38.860477,49.083898]]]}},{"type":"Feature","properties":{"cadnum":"4423187500:01:001:0044"},"geometry":{"type":"Polygon","coordinates":[[[38.858474,49.084275],[38.858557,49.084343],[38.858564,49.084349],[38.858728,49.084485],[38.858729,49.084485],[38.858928,49.084649],[38.858982,49.084693],[38.859065,49.084761],[38.859336,49.084984],[38.860514,49.084761],[38.860515,49.084761],[38.861349,49.084604],[38.860477,49.083898],[38.858729,49.084227],[38.858728,49.084227],[38.858474,49.084275]]]}},{"type":"Feature","properties":{"cadnum":"4423187500:01:001:0017"},"geometry":{"type":"Polygon","coordinates":[[[38.859188,49.08291],[38.860374,49.083872],[38.862116,49.083545],[38.860867,49.08253],[38.860324,49.082609],[38.859188,49.08291]]]}},{"type":"Feature","properties":{"cadnum":"4423187500:01:001:0018"},"geometry":{"type":"Polygon","coordinates":[[[38.860867,49.08253],[38.862116,49.083545],[38.864016,49.083186],[38.863045,49.0824],[38.862714,49.082456],[38.862638,49.082468],[38.861852,49.082383],[38.860867,49.08253]]]}},{"type":"Feature","properties":{"cadnum":"4423187500:01:001:0019"},"geometry":{"type":"Polygon","coordinates":[[[38.863045,49.0824],[38.864016,49.083186],[38.86405,49.08318],[38.864056,49.083179],[38.864222,49.083149],[38.864222,49.083148],[38.866527,49.082716],[38.865781,49.08211],[38.865185,49.082321],[38.865184,49.082321],[38.86451,49.082151],[38.864222,49.0822],[38.863045,49.0824]]]}},{"type":"Feature","properties":{"cadnum":"4423187500:01:001:0006"},"geometry":{"type":"Polygon","coordinates":[[[38.862143,49.083586],[38.863015,49.084292],[38.86405,49.084096],[38.864596,49.083992],[38.86405,49.083549],[38.863729,49.083289],[38.862143,49.083586]]]}},{"type":"Feature","properties":{"cadnum":"4423187500:01:001:0007"},"geometry":{"type":"Polygon","coordinates":[[[38.863729,49.083289],[38.864222,49.083689],[38.864596,49.083992],[38.86469,49.083974],[38.866221,49.083686],[38.865355,49.082983],[38.864222,49.083197],[38.863729,49.083289]]]}},{"type":"Feature","properties":{"cadnum":"4423187500:01:008:0088"},"geometry":{"type":"Polygon","coordinates":[[[38.858739,49.05033],[38.864034,49.050606],[38.86405,49.050513],[38.864057,49.050474],[38.864222,49.049714],[38.864232,49.049664],[38.864156,49.049662],[38.863594,49.049647],[38.8589,49.049402],[38.858757,49.050238],[38.858739,49.05033]]]}},{"type":"Feature","properties":{"cadnum":"4423187500:01:008:0092"},"geometry":{"type":"Polygon","coordinates":[[[38.86354,49.055199],[38.863611,49.055243],[38.863863,49.054548],[38.864222,49.052482],[38.864222,49.052477],[38.86424,49.052372],[38.86424,49.052371],[38.864735,49.049517],[38.864653,49.049517],[38.864502,49.049535],[38.864403,49.049579],[38.864313,49.049673],[38.864142,49.050474],[38.863831,49.052259],[38.86383,49.052259],[38.863814,49.052355],[38.863811,49.052371],[38.863812,49.052371],[38.863812,49.052372],[38.863577,49.054183],[38.86354,49.055199]]]}},{"type":"Feature","properties":{"cadnum":"4423187500:01:008:0087"},"geometry":{"type":"Polygon","coordinates":[[[38.858594,49.051195],[38.858728,49.051202],[38.863886,49.051472],[38.864034,49.050606],[38.858739,49.05033],[38.85872,49.050456],[38.858631,49.050984],[38.858594,49.051195]]]}},{"type":"Feature","properties":{"cadnum":"4423187500:01:008:0089"},"geometry":{"type":"Polygon","coordinates":[[[38.858447,49.052064],[38.858557,49.05207],[38.863733,49.052341],[38.863886,49.051472],[38.858594,49.051195],[38.858554,49.051422],[38.8585,49.051731],[38.858447,49.052064]]]}},{"type":"Feature","properties":{"cadnum":"4423187500:01:008:0081"},"geometry":{"type":"Polygon","coordinates":[[[38.860908,49.049326],[38.864222,49.049454],[38.864645,49.04947],[38.864902,49.048896],[38.86405,49.048871],[38.86111,49.048782],[38.861061,49.048893],[38.861083,49.049026],[38.862485,49.049117],[38.862762,49.049149],[38.863094,49.049229],[38.862632,49.049249],[38.861038,49.049108],[38.860908,49.049326]]]}},{"type":"Feature","properties":{"cadnum":"4423187500:01:008:0005"},"geometry":{"type":"Polygon","coordinates":[[[38.853466,49.050179],[38.858557,49.050448],[38.85872,49.050456],[38.858728,49.050403],[38.858728,49.050402],[38.858739,49.05033],[38.858757,49.050238],[38.8589,49.049402],[38.8589,49.0494],[38.858728,49.049391],[38.855101,49.049202],[38.85365,49.049123],[38.853466,49.050179]]]}},{"type":"Feature","properties":{"cadnum":"4423187500:07:001:0065"},"geometry":{"type":"Polygon","coordinates":[[[38.922776,49.051925],[38.923324,49.052259],[38.923384,49.052295],[38.923509,49.052371],[38.92351,49.052371],[38.923736,49.052509],[38.924475,49.052955],[38.924475,49.052956],[38.924495,49.052967],[38.924646,49.052839],[38.924646,49.052838],[38.924675,49.052814],[38.924475,49.052694],[38.923941,49.052372],[38.923941,49.052371],[38.923013,49.051811],[38.922776,49.051925]]]}},{"type":"Feature","properties":{"cadnum":"4423187500:07:001:0042"},"geometry":{"type":"Polygon","coordinates":[[[38.923516,49.051307],[38.924475,49.051888],[38.925088,49.052259],[38.925218,49.052338],[38.925227,49.052343],[38.925407,49.052188],[38.924475,49.051623],[38.924475,49.051624],[38.923768,49.051195],[38.923516,49.051307]]]}},{"type":"Feature","properties":{"cadnum":"4423187500:10:004:0003"},"geometry":{"type":"Polygon","coordinates":[[[38.918512,49.050397],[38.918751,49.050827],[38.918981,49.050762],[38.918982,49.050762],[38.919137,49.050717],[38.919153,49.050713],[38.91937,49.05065],[38.920066,49.050533],[38.920067,49.050533],[38.920126,49.051004],[38.920125,49.051004],[38.919258,49.051325],[38.919837,49.051401],[38.920632,49.05197],[38.920911,49.051775],[38.920906,49.051063],[38.921051,49.050919],[38.92083,49.050786],[38.920547,49.051063],[38.920547,49.051263],[38.920223,49.051224],[38.92012,49.050406],[38.91934,49.050536],[38.919177,49.050247],[38.919136,49.050257],[38.918818,49.050336],[38.918598,49.050336],[38.918512,49.050397]]]}},{"type":"Feature","properties":{"cadnum":"4423187500:07:001:0117"},"geometry":{"type":"Polygon","coordinates":[[[38.922556,49.050418],[38.923624,49.051192],[38.923961,49.051045],[38.922892,49.050271],[38.922847,49.050288],[38.922604,49.050397],[38.922556,49.050418]]]}},{"type":"Feature","properties":{"cadnum":"4423187500:01:005:0047"},"geometry":{"type":"Polygon","coordinates":[[[38.872905,49.06454],[38.875036,49.064651],[38.875104,49.064654],[38.875208,49.06466],[38.875475,49.064673],[38.878039,49.064805],[38.878133,49.064329],[38.875569,49.064198],[38.87518,49.064179],[38.872999,49.064067],[38.872905,49.06454]]]}},{"type":"Feature","properties":{"cadnum":"4423187500:01:005:0044"},"geometry":{"type":"Polygon","coordinates":[[[38.877639,49.067156],[38.880222,49.067289],[38.880529,49.067305],[38.880529,49.067306],[38.882804,49.067424],[38.882899,49.066951],[38.880692,49.066838],[38.879375,49.06677],[38.877733,49.066685],[38.877716,49.06677],[38.877639,49.067156]]]}},{"type":"Feature","properties":{"cadnum":"4423187500:01:005:0023"},"geometry":{"type":"Polygon","coordinates":[[[38.872439,49.066915],[38.875003,49.067047],[38.875036,49.067049],[38.875086,49.067051],[38.875208,49.067058],[38.877567,49.067177],[38.877662,49.066704],[38.875097,49.066571],[38.872532,49.066438],[38.872489,49.066657],[38.872488,49.066657],[38.872439,49.066915]]]}},{"type":"Feature","properties":{"cadnum":"4423187500:01:005:0018"},"geometry":{"type":"Polygon","coordinates":[[[38.878016,49.06527],[38.880529,49.065399],[38.880529,49.0654],[38.880595,49.065402],[38.880701,49.065408],[38.883177,49.065535],[38.883272,49.065064],[38.880689,49.064931],[38.878106,49.0648],[38.878016,49.06527]]]}},{"type":"Feature","properties":{"cadnum":"4423187500:01:005:0028"},"geometry":{"type":"Polygon","coordinates":[[[38.872532,49.066438],[38.875036,49.066568],[38.875097,49.066571],[38.875208,49.066577],[38.877662,49.066704],[38.877756,49.066229],[38.875192,49.066097],[38.872622,49.065965],[38.872532,49.066438]]]}},{"type":"Feature","properties":{"cadnum":"4423187500:01:005:0027"},"geometry":{"type":"Polygon","coordinates":[[[38.878201,49.064329],[38.880529,49.064449],[38.880556,49.06445],[38.880701,49.064458],[38.880701,49.064457],[38.880783,49.064461],[38.883366,49.064593],[38.88346,49.064122],[38.880878,49.063987],[38.880529,49.063969],[38.878295,49.063855],[38.878201,49.064329]]]}},{"type":"Feature","properties":{"cadnum":"4423187500:01:005:0026"},"geometry":{"type":"Polygon","coordinates":[[[38.872811,49.065014],[38.875036,49.065129],[38.87538,49.065147],[38.877945,49.065279],[38.878039,49.064805],[38.875475,49.064673],[38.875104,49.064654],[38.872905,49.06454],[38.872811,49.065014]]]}},{"type":"Feature","properties":{"cadnum":"4423187500:01:005:0021"},"geometry":{"type":"Polygon","coordinates":[[[38.877828,49.066215],[38.88041,49.066347],[38.880701,49.066363],[38.880701,49.066362],[38.882993,49.06648],[38.883087,49.066009],[38.880701,49.065886],[38.880505,49.065876],[38.877922,49.065741],[38.877828,49.066215]]]}},{"type":"Feature","properties":{"cadnum":"4423187500:01:005:0030"},"geometry":{"type":"Polygon","coordinates":[[[38.878295,49.063855],[38.880701,49.063978],[38.880878,49.063987],[38.88346,49.064122],[38.883555,49.063648],[38.880972,49.063516],[38.880542,49.063494],[38.878389,49.063384],[38.878295,49.063855]]]}},{"type":"Feature","properties":{"cadnum":"4423187500:01:005:0039"},"geometry":{"type":"Polygon","coordinates":[[[38.872999,49.064067],[38.875036,49.064171],[38.87518,49.064179],[38.875208,49.06418],[38.875569,49.064198],[38.878133,49.064329],[38.878228,49.063855],[38.875663,49.063722],[38.875128,49.063695],[38.873094,49.06359],[38.872999,49.064067]]]}},{"type":"Feature","properties":{"cadnum":"4423187500:01:005:0033"},"geometry":{"type":"Polygon","coordinates":[[[38.861362,49.062507],[38.862781,49.06258],[38.86405,49.062646],[38.86416,49.062651],[38.864222,49.062655],[38.865364,49.062713],[38.867951,49.062845],[38.867885,49.06317],[38.867886,49.06317],[38.867886,49.063171],[38.867856,49.063319],[38.867668,49.064261],[38.867573,49.064734],[38.86747,49.065249],[38.867362,49.065791],[38.867236,49.066427],[38.867168,49.06677],[38.867169,49.06677],[38.866999,49.067631],[38.867066,49.067633],[38.867165,49.067145],[38.867259,49.066668],[38.867353,49.066191],[38.867448,49.065714],[38.867542,49.065234],[38.867636,49.064758],[38.867735,49.064281],[38.867829,49.063805],[38.867924,49.063328],[38.867955,49.06317],[38.868018,49.062852],[38.868018,49.062851],[38.869715,49.062938],[38.869715,49.062937],[38.870569,49.062981],[38.872056,49.063058],[38.873121,49.063113],[38.873109,49.06317],[38.87311,49.06317],[38.87311,49.063171],[38.873026,49.06359],[38.872932,49.064067],[38.872838,49.064543],[38.872743,49.065023],[38.872649,49.0655],[38.872555,49.065976],[38.87246,49.066453],[38.872418,49.066657],[38.872417,49.066657],[38.872398,49.066753],[38.872394,49.06677],[38.872362,49.066929],[38.872267,49.067407],[38.872177,49.067871],[38.872245,49.067878],[38.872245,49.067877],[38.872343,49.067389],[38.872439,49.066915],[38.872467,49.06677],[38.872532,49.066438],[38.872622,49.065965],[38.872716,49.065491],[38.872811,49.065014],[38.872999,49.064067],[38.873094,49.06359],[38.873188,49.063116],[38.87319,49.063116],[38.875036,49.063212],[38.875197,49.06322],[38.875208,49.06322],[38.875758,49.063249],[38.878322,49.06338],[38.878322,49.063381],[38.878228,49.063855],[38.878133,49.064329],[38.878039,49.064805],[38.877945,49.065279],[38.87785,49.065753],[38.877756,49.066229],[38.877671,49.066657],[38.87767,49.066657],[38.877662,49.066704],[38.877649,49.06677],[38.877567,49.067177],[38.877473,49.067653],[38.877383,49.068116],[38.87745,49.068119],[38.877545,49.067631],[38.877639,49.067156],[38.877733,49.066685],[38.877828,49.066215],[38.877922,49.065741],[38.878016,49.06527],[38.878106,49.0648],[38.878201,49.064329],[38.878295,49.063855],[38.878389,49.063384],[38.880529,49.063494],[38.880542,49.063494],[38.880701,49.063503],[38.880701,49.063502],[38.880972,49.063516],[38.883555,49.063648],[38.883555,49.063649],[38.88346,49.064122],[38.883272,49.065064],[38.883177,49.065535],[38.883087,49.066009],[38.882934,49.06677],[38.882935,49.06677],[38.882899,49.066951],[38.882804,49.067424],[38.88271,49.067895],[38.88262,49.068348],[38.882687,49.068351],[38.883024,49.066657],[38.883023,49.066657],[38.883631,49.063607],[38.880701,49.063457],[38.875208,49.063175],[38.875127,49.063171],[38.875127,49.06317],[38.875131,49.06317],[38.873642,49.063094],[38.872941,49.063058],[38.872937,49.063058],[38.869715,49.062893],[38.864222,49.062611],[38.861416,49.062466],[38.861362,49.062507]]]}},{"type":"Feature","properties":{"cadnum":"4423187500:01:005:0041"},"geometry":{"type":"Polygon","coordinates":[[[38.878106,49.0648],[38.880529,49.064923],[38.880689,49.064931],[38.880701,49.064932],[38.883272,49.065064],[38.883366,49.064593],[38.880783,49.064461],[38.880556,49.06445],[38.878201,49.064329],[38.878106,49.0648]]]}},{"type":"Feature","properties":{"cadnum":"4423187500:01:005:0031"},"geometry":{"type":"Polygon","coordinates":[[[38.877733,49.066685],[38.880529,49.066829],[38.880692,49.066838],[38.880701,49.066838],[38.882899,49.066951],[38.882954,49.06667],[38.882993,49.06648],[38.880529,49.066353],[38.88041,49.066347],[38.877828,49.066215],[38.877739,49.066657],[38.877733,49.066685]]]}},{"type":"Feature","properties":{"cadnum":"4423187500:01:005:0013"},"geometry":{"type":"Polygon","coordinates":[[[38.872716,49.065491],[38.875036,49.06561],[38.875036,49.065611],[38.87506,49.065612],[38.875208,49.065619],[38.875286,49.065623],[38.87785,49.065753],[38.877945,49.065279],[38.87538,49.065147],[38.875208,49.065138],[38.872811,49.065014],[38.872716,49.065491]]]}},{"type":"Feature","properties":{"cadnum":"4423187500:01:005:0038"},"geometry":{"type":"Polygon","coordinates":[[[38.877922,49.065741],[38.880505,49.065876],[38.880529,49.065877],[38.880529,49.065878],[38.883087,49.066009],[38.883177,49.065535],[38.880595,49.065402],[38.878016,49.06527],[38.877922,49.065741]]]}},{"type":"Feature","properties":{"cadnum":"4423187500:01:005:0040"},"geometry":{"type":"Polygon","coordinates":[[[38.872622,49.065965],[38.875036,49.066089],[38.875192,49.066097],[38.875208,49.066098],[38.877756,49.066229],[38.87785,49.065753],[38.875286,49.065623],[38.87506,49.065612],[38.872716,49.065491],[38.872622,49.065965]]]}},{"type":"Feature","properties":{"cadnum":"4423187500:01:008:0098"},"geometry":{"type":"Polygon","coordinates":[[[38.880523,49.063195],[38.880529,49.063195],[38.880529,49.063196],[38.880664,49.063203],[38.880701,49.063205],[38.8821,49.063275],[38.882114,49.06317],[38.882115,49.06317],[38.88232,49.06172],[38.880752,49.06165],[38.880743,49.061648],[38.880696,49.061976],[38.880525,49.06317],[38.880526,49.06317],[38.880526,49.063171],[38.880523,49.063195]]]}},{"type":"Feature","properties":{"cadnum":"4423187500:01:005:0042"},"geometry":{"type":"Polygon","coordinates":[[[38.873094,49.06359],[38.875036,49.06369],[38.875036,49.063691],[38.875128,49.063695],[38.875208,49.063699],[38.875663,49.063722],[38.878228,49.063855],[38.878322,49.06338],[38.875758,49.063249],[38.875197,49.06322],[38.873188,49.063116],[38.873094,49.06359]]]}},{"type":"Feature","properties":{"cadnum":"4423187500:01:016:0002"},"geometry":{"type":"Polygon","coordinates":[[[38.878942,49.063116],[38.880031,49.06317],[38.880523,49.063195],[38.880529,49.063148],[38.880696,49.061976],[38.880701,49.06194],[38.880743,49.061648],[38.880701,49.061646],[38.879161,49.061576],[38.87895,49.063058],[38.878942,49.063116]]]}},{"type":"Feature","properties":{"cadnum":"4423187500:01:006:0002"},"geometry":{"type":"Polygon","coordinates":[[[38.819388,49.067581],[38.820105,49.067619],[38.821253,49.06768],[38.82129,49.06677],[38.821377,49.064693],[38.820159,49.064937],[38.819492,49.06507],[38.819421,49.06677],[38.819388,49.067581]]]}},{"type":"Feature","properties":{"cadnum":"4423187500:01:006:0001"},"geometry":{"type":"Polygon","coordinates":[[[38.817062,49.067457],[38.819388,49.067581],[38.819426,49.066657],[38.819425,49.066657],[38.819492,49.06507],[38.819406,49.065088],[38.81716,49.065535],[38.817102,49.066657],[38.817062,49.067457]]]}},{"type":"Feature","properties":{"cadnum":"4423187500:01:012:0003"},"geometry":{"type":"Polygon","coordinates":[[[38.874957,49.03482],[38.875036,49.034841],[38.875044,49.034843],[38.875208,49.034887],[38.875208,49.034886],[38.876884,49.035329],[38.877446,49.034368],[38.878272,49.032956],[38.876324,49.032485],[38.875287,49.034255],[38.875241,49.034335],[38.875221,49.034368],[38.875118,49.034545],[38.874957,49.03482]]]}},{"type":"Feature","properties":{"cadnum":"4423187500:01:012:0155"},"geometry":{"type":"Polygon","coordinates":[[[38.877456,49.032531],[38.879863,49.033094],[38.880529,49.033267],[38.882117,49.033677],[38.884145,49.034255],[38.886022,49.03479],[38.886023,49.03479],[38.886023,49.034791],[38.886052,49.034799],[38.886194,49.03474],[38.88736,49.034255],[38.888433,49.03381],[38.889259,49.033595],[38.890148,49.033129],[38.886023,49.031876],[38.886023,49.031877],[38.886022,49.031877],[38.88505,49.031581],[38.881817,49.03085],[38.881165,49.030794],[38.880701,49.030907],[38.880701,49.030906],[38.879764,49.031133],[38.879104,49.031107],[38.877456,49.032531]]]}},{"type":"Feature","properties":{"cadnum":"4423187500:01:012:0002"},"geometry":{"type":"Polygon","coordinates":[[[38.876574,49.035865],[38.877203,49.03565],[38.878052,49.035577],[38.87807,49.035577],[38.879001,49.03565],[38.879037,49.035659],[38.879832,49.034294],[38.880326,49.03345],[38.878272,49.032956],[38.877512,49.034255],[38.876884,49.035329],[38.876574,49.035865]]]}},{"type":"Feature","properties":{"cadnum":"4423187500:01:012:0004"},"geometry":{"type":"Polygon","coordinates":[[[38.872878,49.034269],[38.872889,49.034272],[38.87325,49.034368],[38.873835,49.034523],[38.874957,49.03482],[38.875036,49.034685],[38.875118,49.034545],[38.875208,49.034392],[38.875208,49.034391],[38.875241,49.034335],[38.876324,49.032485],[38.875208,49.032216],[38.875208,49.032215],[38.874217,49.031975],[38.872887,49.034255],[38.872886,49.034255],[38.872878,49.034269]]]}},{"type":"Feature","properties":{"cadnum":"4423187500:01:012:0001"},"geometry":{"type":"Polygon","coordinates":[[[38.879037,49.035659],[38.880529,49.036121],[38.880529,49.036122],[38.881062,49.036286],[38.881605,49.036451],[38.882884,49.034255],[38.882943,49.034154],[38.880685,49.033539],[38.880326,49.03345],[38.879855,49.034255],[38.879832,49.034294],[38.879789,49.034368],[38.879037,49.035659]]]}},{"type":"Feature","properties":{"cadnum":"4423187500:01:013:0073"},"geometry":{"type":"Polygon","coordinates":[[[38.819451,49.032608],[38.820105,49.032616],[38.82149,49.032631],[38.82353,49.032655],[38.823624,49.031212],[38.821584,49.031188],[38.820276,49.031174],[38.819545,49.031165],[38.819451,49.032608]]]}},{"type":"Feature","properties":{"cadnum":"4423187500:01:010:0058"},"geometry":{"type":"Polygon","coordinates":[[[38.819289,49.035128],[38.820105,49.035139],[38.823363,49.035179],[38.823422,49.034255],[38.823444,49.03393],[38.820276,49.033892],[38.820276,49.033891],[38.81937,49.03388],[38.819343,49.03424],[38.819342,49.034255],[38.819289,49.035128]]]}},{"type":"Feature","properties":{"cadnum":"4423187500:01:010:0059"},"geometry":{"type":"Polygon","coordinates":[[[38.81937,49.03388],[38.820105,49.033889],[38.820105,49.03389],[38.823444,49.03393],[38.82353,49.032655],[38.820276,49.032618],[38.819451,49.032608],[38.81937,49.03388]]]}},{"type":"Feature","properties":{"cadnum":"4423187500:01:008:0105"},"geometry":{"type":"Polygon","coordinates":[[[38.879161,49.061576],[38.880529,49.061638],[38.880529,49.061639],[38.880743,49.061648],[38.880752,49.06165],[38.880972,49.060114],[38.880615,49.060098],[38.879377,49.06004],[38.879161,49.061576]]]}},{"type":"Feature","properties":{"cadnum":"4423187500:01:008:0108"},"geometry":{"type":"Polygon","coordinates":[[[38.883936,49.061794],[38.885459,49.061865],[38.88553,49.061868],[38.885752,49.060335],[38.884157,49.060261],[38.883936,49.061794]]]}},{"type":"Feature","properties":{"cadnum":"4423187500:01:008:0106"},"geometry":{"type":"Polygon","coordinates":[[[38.880752,49.06165],[38.88232,49.06172],[38.882347,49.06172],[38.882567,49.060188],[38.880972,49.060114],[38.880752,49.06165]]]}},{"type":"Feature","properties":{"cadnum":"4423187500:01:008:0101"},"geometry":{"type":"Polygon","coordinates":[[[38.885239,49.063422],[38.886022,49.063456],[38.886023,49.063456],[38.886811,49.063489],[38.886871,49.063058],[38.887031,49.061936],[38.886046,49.061892],[38.88553,49.061868],[38.885459,49.061865],[38.885274,49.06317],[38.885275,49.06317],[38.885275,49.063171],[38.885239,49.063422]]]}},{"type":"Feature","properties":{"cadnum":"4423187500:01:008:0099"},"geometry":{"type":"Polygon","coordinates":[[[38.8821,49.063275],[38.883666,49.063354],[38.883701,49.063108],[38.883892,49.061794],[38.882347,49.06172],[38.88232,49.06172],[38.882131,49.063058],[38.88213,49.063058],[38.882129,49.063058],[38.8821,49.063275]]]}},{"type":"Feature","properties":{"cadnum":"4423187500:01:008:0109"},"geometry":{"type":"Polygon","coordinates":[[[38.88553,49.061868],[38.886022,49.061891],[38.886023,49.061891],[38.886046,49.061892],[38.886194,49.061899],[38.887031,49.061936],[38.887125,49.061942],[38.887341,49.060405],[38.886023,49.060347],[38.886022,49.060347],[38.885752,49.060335],[38.88553,49.061868]]]}},{"type":"Feature","properties":{"cadnum":"4423187500:01:008:0100"},"geometry":{"type":"Polygon","coordinates":[[[38.883666,49.063354],[38.883792,49.06336],[38.885239,49.063422],[38.88529,49.063058],[38.885459,49.061865],[38.883936,49.061794],[38.883892,49.061794],[38.883708,49.063058],[38.883701,49.063108],[38.883692,49.06317],[38.883692,49.063171],[38.883666,49.063354]]]}},{"type":"Feature","properties":{"cadnum":"4423187500:01:008:0107"},"geometry":{"type":"Polygon","coordinates":[[[38.882347,49.06172],[38.883892,49.061794],[38.883936,49.061794],[38.884157,49.060261],[38.882567,49.060188],[38.882347,49.06172]]]}},{"type":"Feature","properties":{"cadnum":"4423187500:01:009:0020"},"geometry":{"type":"Polygon","coordinates":[[[38.88462,49.060232],[38.886194,49.060303],[38.886905,49.060335],[38.888599,49.059793],[38.888329,49.059459],[38.888329,49.059458],[38.888163,49.059251],[38.888064,49.059128],[38.886681,49.059571],[38.886194,49.059728],[38.886194,49.059727],[38.88462,49.060232]]]}},{"type":"Feature","properties":{"cadnum":"4423187500:01:006:0019"},"geometry":{"type":"Polygon","coordinates":[[[38.825052,49.061406],[38.825598,49.061297],[38.825601,49.061296],[38.825769,49.061263],[38.82577,49.061263],[38.826111,49.061194],[38.829696,49.060476],[38.830103,49.059571],[38.830104,49.059571],[38.830528,49.058631],[38.826907,49.059346],[38.826337,49.059459],[38.826335,49.059459],[38.825851,49.059554],[38.825843,49.059571],[38.825844,49.059571],[38.825749,49.059792],[38.825052,49.061406]]]}},{"type":"Feature","properties":{"cadnum":"4423187500:01:006:0009"},"geometry":{"type":"Polygon","coordinates":[[[38.824199,49.064134],[38.824786,49.064017],[38.825598,49.063855],[38.825638,49.063847],[38.825769,49.063821],[38.825769,49.06382],[38.82577,49.06382],[38.826553,49.063663],[38.826578,49.063058],[38.82666,49.061133],[38.82565,49.061335],[38.824306,49.061603],[38.824239,49.06317],[38.82424,49.06317],[38.82424,49.063171],[38.824199,49.064134]]]}},{"type":"Feature","properties":{"cadnum":"4423187500:01:006:0008"},"geometry":{"type":"Polygon","coordinates":[[[38.821764,49.064617],[38.823107,49.064352],[38.824199,49.064134],[38.824245,49.063058],[38.824244,49.063058],[38.824306,49.061603],[38.821872,49.062089],[38.82183,49.063058],[38.821829,49.063058],[38.821764,49.064617]]]}},{"type":"Feature","properties":{"cadnum":"4423187500:01:006:0026"},"geometry":{"type":"Polygon","coordinates":[[[38.820861,49.061865],[38.820996,49.062218],[38.825052,49.061406],[38.825598,49.060142],[38.825749,49.059792],[38.825769,49.059744],[38.825851,49.059554],[38.825598,49.059604],[38.825598,49.059605],[38.823987,49.059923],[38.823184,49.06175],[38.822266,49.061862],[38.820861,49.061865]]]}},{"type":"Feature","properties":{"cadnum":"4423187500:01:003:0057"},"geometry":{"type":"Polygon","coordinates":[[[38.837507,49.076961],[38.839883,49.077261],[38.839973,49.076531],[38.837539,49.076225],[38.837507,49.076961]]]}},{"type":"Feature","properties":{"cadnum":"4423187500:01:003:0030"},"geometry":{"type":"Polygon","coordinates":[[[38.832763,49.077376],[38.833434,49.077453],[38.836584,49.077815],[38.836584,49.077816],[38.837336,49.077902],[38.837355,49.077453],[38.83739,49.076661],[38.836756,49.076588],[38.832799,49.076131],[38.832763,49.077376]]]}},{"type":"Feature","properties":{"cadnum":"4423187500:01:003:0056"},"geometry":{"type":"Polygon","coordinates":[[[38.837476,49.077753],[38.839663,49.078028],[38.839708,49.077758],[38.839784,49.077565],[38.83987,49.077352],[38.839883,49.077261],[38.837507,49.076961],[38.837487,49.077453],[38.837476,49.077753]]]}},{"type":"Feature","properties":{"cadnum":"4423187500:01:003:0031"},"geometry":{"type":"Polygon","coordinates":[[[38.832799,49.076131],[38.836584,49.076568],[38.83739,49.076661],[38.83744,49.07554],[38.836756,49.075455],[38.836756,49.075454],[38.832876,49.074969],[38.832822,49.075481],[38.832799,49.076131]]]}},{"type":"Feature","properties":{"cadnum":"4423187500:01:010:0037"},"geometry":{"type":"Polygon","coordinates":[[[38.838948,49.043859],[38.839726,49.043883],[38.842053,49.043959],[38.842077,49.04396],[38.84208,49.04396],[38.842249,49.043966],[38.844271,49.04403],[38.845421,49.044065],[38.845462,49.044059],[38.84548,49.044039],[38.845489,49.043971],[38.84534,49.043912],[38.844627,49.043626],[38.844478,49.042917],[38.842249,49.042837],[38.839501,49.042738],[38.839474,49.042793],[38.83929,49.043502],[38.839142,49.043706],[38.839105,49.043726],[38.839052,49.04372],[38.838948,49.043859]],[[38.843436,49.043043],[38.843453,49.042956],[38.844437,49.043026],[38.844438,49.043026],[38.84442,49.043117],[38.843436,49.043043]]]}},{"type":"Feature","properties":{"cadnum":"4423187500:01:010:0035"},"geometry":{"type":"Polygon","coordinates":[[[38.839677,49.048207],[38.841535,49.04829],[38.841738,49.045116],[38.841729,49.045116],[38.839874,49.045031],[38.839872,49.045058],[38.839871,49.045058],[38.839677,49.048207]]]}},{"type":"Feature","properties":{"cadnum":"4423187500:01:010:0036"},"geometry":{"type":"Polygon","coordinates":[[[38.837876,49.048158],[38.838994,49.048178],[38.839677,49.048207],[38.839864,49.045171],[38.839874,49.045031],[38.838082,49.044948],[38.838065,49.045171],[38.838066,49.045171],[38.838059,49.045263],[38.837988,49.046441],[38.837916,49.047571],[38.837876,49.048158]]]}},{"type":"Feature","properties":{"cadnum":"4423187500:01:010:0134"},"geometry":{"type":"Polygon","coordinates":[[[38.836461,49.044525],[38.836584,49.044704],[38.836635,49.044778],[38.836756,49.044821],[38.836756,49.04482],[38.836828,49.044846],[38.839587,49.044972],[38.839726,49.043883],[38.838948,49.043859],[38.838872,49.043962],[38.838652,49.044082],[38.838652,49.044083],[38.838428,49.044162],[38.838063,49.044248],[38.83788,49.044268],[38.83682,49.044342],[38.83667,49.04431],[38.836469,49.044268],[38.836461,49.044525]]]}},{"type":"Feature","properties":{"cadnum":"4423187500:01:010:0133"},"geometry":{"type":"Polygon","coordinates":[[[38.839587,49.044972],[38.841914,49.045081],[38.842053,49.043959],[38.839726,49.043883],[38.839587,49.044972]]]}},{"type":"Feature","properties":{"cadnum":"4423187500:01:010:0132"},"geometry":{"type":"Polygon","coordinates":[[[38.841914,49.045081],[38.842077,49.045089],[38.842154,49.045092],[38.842249,49.045097],[38.844122,49.04518],[38.844137,49.045058],[38.844271,49.04403],[38.84208,49.04396],[38.842053,49.043959],[38.841914,49.045081]]]}},{"type":"Feature","properties":{"cadnum":"4423187500:01:010:0043"},"geometry":{"type":"Polygon","coordinates":[[[38.834893,49.045116],[38.836584,49.045195],[38.836714,49.045201],[38.836756,49.045203],[38.838059,49.045263],[38.838074,49.045058],[38.838073,49.045058],[38.838082,49.044948],[38.836807,49.044889],[38.836733,49.044864],[38.836581,49.04481],[38.836394,49.044533],[38.836407,49.044198],[38.836365,49.044003],[38.836465,49.041568],[38.836469,49.041568],[38.836451,49.04156],[38.836451,49.041559],[38.836451,49.041527],[38.836173,49.041514],[38.835338,49.041474],[38.83513,49.041465],[38.835122,49.04157],[38.835123,49.04157],[38.835124,49.04157],[38.834897,49.045058],[38.834896,49.045058],[38.834893,49.045116]]]}},{"type":"Feature","properties":{"cadnum":"4423187500:01:010:0107"},"geometry":{"type":"Polygon","coordinates":[[[38.828991,49.028918],[38.831091,49.028944],[38.832136,49.028957],[38.832342,49.028126],[38.831263,49.028114],[38.831263,49.028113],[38.829044,49.028088],[38.828991,49.028918]]]}},{"type":"Feature","properties":{"cadnum":"4423187500:01:010:0105"},"geometry":{"type":"Polygon","coordinates":[[[38.828802,49.031784],[38.831091,49.031809],[38.831228,49.03181],[38.831263,49.031548],[38.831322,49.031103],[38.831484,49.030903],[38.831497,49.030891],[38.83152,49.030882],[38.831538,49.03088],[38.831654,49.030871],[38.831668,49.030874],[38.831721,49.030654],[38.831924,49.029828],[38.831091,49.029818],[38.831091,49.029819],[38.828933,49.029793],[38.828876,49.030654],[38.828875,49.030654],[38.828802,49.031784]]]}},{"type":"Feature","properties":{"cadnum":"4423187500:01:010:0108"},"geometry":{"type":"Polygon","coordinates":[[[38.829044,49.028088],[38.831091,49.028111],[38.831091,49.028112],[38.832342,49.028126],[38.832574,49.027165],[38.832719,49.026565],[38.831263,49.026548],[38.829148,49.026524],[38.829112,49.027052],[38.829111,49.027052],[38.829044,49.028088]]]}},{"type":"Feature","properties":{"cadnum":"4423187500:01:010:0106"},"geometry":{"type":"Polygon","coordinates":[[[38.828933,49.029793],[38.831263,49.029821],[38.831263,49.02982],[38.831924,49.029828],[38.832136,49.028957],[38.831263,49.028946],[38.828991,49.028918],[38.828933,49.029793]]]}},{"type":"Feature","properties":{"cadnum":"4423187500:01:010:0117"},"geometry":{"type":"Polygon","coordinates":[[[38.836105,49.029784],[38.836756,49.030033],[38.838384,49.030654],[38.839677,49.031147],[38.839768,49.030766],[38.840013,49.029754],[38.836584,49.028446],[38.836442,49.028391],[38.836168,49.029525],[38.836105,49.029784]]]}},{"type":"Feature","properties":{"cadnum":"4423187500:01:010:0116"},"geometry":{"type":"Polygon","coordinates":[[[38.835616,49.031819],[38.835742,49.031825],[38.836424,49.031863],[38.836425,49.031863],[38.836584,49.031843],[38.836584,49.031844],[38.836626,49.031838],[38.836756,49.031822],[38.83699,49.031793],[38.837629,49.031625],[38.837912,49.031625],[38.838185,49.031727],[38.838729,49.032055],[38.839411,49.032266],[38.839677,49.031147],[38.838679,49.030766],[38.836584,49.029967],[38.836105,49.029784],[38.835868,49.030766],[38.835869,49.030766],[38.835869,49.030767],[38.835849,49.03085],[38.835616,49.031819]]]}},{"type":"Feature","properties":{"cadnum":"4423187500:01:010:0113"},"geometry":{"type":"Polygon","coordinates":[[[38.832419,49.028091],[38.836168,49.029525],[38.836442,49.028391],[38.836488,49.028197],[38.833492,49.027052],[38.833491,49.027052],[38.832742,49.026765],[38.832672,49.027052],[38.832671,49.027052],[38.832419,49.028091]]]}},{"type":"Feature","properties":{"cadnum":"4423187500:01:013:0070"},"geometry":{"type":"Polygon","coordinates":[[[38.831727,49.030933],[38.833128,49.031356],[38.834098,49.031598],[38.835014,49.031786],[38.835616,49.031819],[38.835849,49.03085],[38.835631,49.030767],[38.835631,49.030766],[38.832094,49.029413],[38.831766,49.030766],[38.831767,49.030766],[38.831767,49.030767],[38.831727,49.030933]]]}},{"type":"Feature","properties":{"cadnum":"4423187500:10:008:0004"},"geometry":{"type":"Polygon","coordinates":[[[38.918841,49.037932],[38.919153,49.03801],[38.91928,49.038041],[38.919281,49.038041],[38.919208,49.03817],[38.919447,49.038192],[38.920084,49.038312],[38.920309,49.038374],[38.92039,49.038262],[38.919141,49.037857],[38.918982,49.037805],[38.918939,49.037791],[38.918893,49.037857],[38.918892,49.037857],[38.918841,49.037932]]]}},{"type":"Feature","properties":{"cadnum":"4423187500:10:007:0003"},"geometry":{"type":"Polygon","coordinates":[[[38.913378,49.038489],[38.91366,49.03852],[38.91372,49.038527],[38.913859,49.037857],[38.913858,49.037857],[38.913858,49.037856],[38.913868,49.037812],[38.9135,49.037755],[38.913483,49.037857],[38.913471,49.037931],[38.913464,49.037969],[38.913378,49.038489]]]}},{"type":"Feature","properties":{"cadnum":"4423187500:10:014:0002"},"geometry":{"type":"Polygon","coordinates":[[[38.912804,49.034504],[38.91366,49.034723],[38.914294,49.034884],[38.914474,49.034617],[38.913488,49.034381],[38.913433,49.034368],[38.912908,49.034242],[38.912903,49.034255],[38.912902,49.034255],[38.912804,49.034504]]]}},{"type":"Feature","properties":{"cadnum":"4423187500:10:014:0001"},"geometry":{"type":"Polygon","coordinates":[[[38.918145,49.036236],[38.918422,49.036292],[38.918495,49.036018],[38.918831,49.034637],[38.918552,49.034572],[38.918202,49.035983],[38.918145,49.036236]]]}},{"type":"Feature","properties":{"cadnum":"4423187500:10:011:0004"},"geometry":{"type":"Polygon","coordinates":[[[38.917399,49.037131],[38.917646,49.037208],[38.917686,49.03716],[38.917753,49.037066],[38.917767,49.037072],[38.91783,49.036992],[38.917866,49.03694],[38.917956,49.036807],[38.918,49.036739],[38.918036,49.036707],[38.918068,49.03656],[38.917592,49.036466],[38.917457,49.036775],[38.917407,49.036889],[38.917399,49.037131]]]}},{"type":"Feature","properties":{"cadnum":"4423187500:10:012:0001"},"geometry":{"type":"Polygon","coordinates":[[[38.914722,49.037129],[38.91646,49.037432],[38.917097,49.03757],[38.917151,49.037426],[38.916541,49.037273],[38.914883,49.036922],[38.914722,49.037129]]]}},{"type":"Feature","properties":{"cadnum":"4423187500:10:011:0001"},"geometry":{"type":"Polygon","coordinates":[[[38.917646,49.037208],[38.917925,49.037299],[38.917973,49.037246],[38.918139,49.037028],[38.918235,49.036884],[38.918265,49.036802],[38.918328,49.036642],[38.918422,49.036292],[38.918145,49.036236],[38.918036,49.036707],[38.918,49.036739],[38.917956,49.036807],[38.917866,49.03694],[38.91783,49.036992],[38.917767,49.037072],[38.917766,49.037072],[38.917753,49.037066],[38.917686,49.03716],[38.917646,49.037208]]]}},{"type":"Feature","properties":{"cadnum":"4423187500:10:014:0005"},"geometry":{"type":"Polygon","coordinates":[[[38.917925,49.037299],[38.918214,49.037385],[38.918326,49.037231],[38.918417,49.037106],[38.918487,49.037024],[38.918573,49.036924],[38.918591,49.036902],[38.918617,49.036784],[38.918666,49.036568],[38.918737,49.036237],[38.918801,49.036048],[38.919054,49.034984],[38.918756,49.034943],[38.918493,49.036017],[38.918424,49.036291],[38.918326,49.036641],[38.918265,49.036802],[38.918255,49.036833],[38.918236,49.036884],[38.9182,49.03694],[38.918142,49.037029],[38.917973,49.037247],[38.917925,49.037299]]]}},{"type":"Feature","properties":{"cadnum":"4423187500:10:008:0003"},"geometry":{"type":"Polygon","coordinates":[[[38.917233,49.037991],[38.91756,49.03805],[38.917789,49.038091],[38.918252,49.038179],[38.918661,49.038259],[38.918982,49.038322],[38.919106,49.038346],[38.919153,49.038355],[38.920292,49.038577],[38.92043,49.038409],[38.919153,49.03819],[38.918822,49.038133],[38.918732,49.038115],[38.918189,49.038003],[38.917631,49.037891],[38.917628,49.037891],[38.917309,49.037829],[38.917296,49.037857],[38.917282,49.037887],[38.917242,49.037969],[38.917243,49.037969],[38.917233,49.037991]]]}},{"type":"Feature","properties":{"cadnum":"4423187500:01:009:0029"},"geometry":{"type":"Polygon","coordinates":[[[38.898826,49.055932],[38.899301,49.055971],[38.900029,49.056032],[38.900289,49.055944],[38.900291,49.055943],[38.900371,49.055684],[38.899136,49.055484],[38.899042,49.055466],[38.89886,49.055859],[38.898826,49.055932]]]}},{"type":"Feature","properties":{"cadnum":"4423187500:01:009:0027"},"geometry":{"type":"Polygon","coordinates":[[[38.895121,49.056362],[38.895385,49.056691],[38.896096,49.057565],[38.896899,49.057309],[38.896922,49.057226],[38.896545,49.057027],[38.896513,49.057003],[38.896526,49.056968],[38.897009,49.056447],[38.897009,49.056448],[38.897124,49.056323],[38.897181,49.056224],[38.897388,49.055861],[38.897044,49.055805],[38.896688,49.055746],[38.896696,49.055749],[38.896675,49.055773],[38.896635,49.055758],[38.896652,49.05574],[38.895614,49.05557],[38.895479,49.055859],[38.895452,49.055916],[38.895426,49.055971],[38.895427,49.055971],[38.895268,49.056314],[38.895121,49.056362]]]}},{"type":"Feature","properties":{"cadnum":"4423187500:01:009:0028"},"geometry":{"type":"Polygon","coordinates":[[[38.895614,49.05557],[38.896652,49.05574],[38.896661,49.055731],[38.896662,49.055731],[38.896688,49.055746],[38.897009,49.055799],[38.897044,49.055805],[38.897181,49.055827],[38.897376,49.055859],[38.897388,49.055861],[38.897505,49.055661],[38.897518,49.055646],[38.897519,49.055646],[38.897541,49.055637],[38.897568,49.055634],[38.897591,49.055637],[38.897608,49.055643],[38.897945,49.055808],[38.898213,49.055859],[38.89844,49.055902],[38.89861,49.055915],[38.898826,49.055932],[38.899042,49.055466],[38.897009,49.05512],[38.895916,49.054933],[38.895911,49.054933],[38.895614,49.05557]]]}},{"type":"Feature","properties":{"cadnum":"4423187500:01:002:0019"},"geometry":{"type":"Polygon","coordinates":[[[38.858491,49.072427],[38.858557,49.072622],[38.858557,49.072623],[38.859009,49.073967],[38.859651,49.075873],[38.859799,49.075849],[38.861124,49.075684],[38.860507,49.073855],[38.860506,49.073855],[38.859919,49.072109],[38.858892,49.072256],[38.858605,49.072378],[38.858546,49.072403],[38.858491,49.072427]]]}},{"type":"Feature","properties":{"cadnum":"4423187500:01:002:0059"},"geometry":{"type":"Polygon","coordinates":[[[38.854426,49.07303],[38.85444,49.073206],[38.85463,49.073854],[38.85463,49.073855],[38.855001,49.07511],[38.8563,49.074051],[38.8563,49.07405],[38.856241,49.073855],[38.85624,49.073855],[38.855883,49.072662],[38.854426,49.07303]]]}},{"type":"Feature","properties":{"cadnum":"4423187500:01:002:0060"},"geometry":{"type":"Polygon","coordinates":[[[38.855883,49.072662],[38.856274,49.073967],[38.856275,49.073967],[38.8563,49.07405],[38.856538,49.073855],[38.856538,49.073854],[38.858173,49.072515],[38.85851,49.072365],[38.858728,49.072271],[38.858728,49.07227],[38.858864,49.072212],[38.859359,49.072141],[38.859085,49.071232],[38.85895,49.071252],[38.858572,49.071398],[38.85847,49.071438],[38.858433,49.072017],[38.858433,49.072018],[38.856938,49.072394],[38.855883,49.072662]]]}},{"type":"Feature","properties":{"cadnum":"4423187500:01:002:0017"},"geometry":{"type":"Polygon","coordinates":[[[38.855078,49.075122],[38.855248,49.075707],[38.85559,49.076625],[38.85607,49.076508],[38.858007,49.076137],[38.857278,49.073967],[38.857279,49.073967],[38.857108,49.073459],[38.856487,49.073967],[38.856488,49.073967],[38.855078,49.075122]]]}},{"type":"Feature","properties":{"cadnum":"4423187500:01:002:0054"},"geometry":{"type":"Polygon","coordinates":[[[38.851619,49.07456],[38.851812,49.07519],[38.853063,49.074764],[38.853064,49.074764],[38.854472,49.074283],[38.854338,49.073855],[38.854337,49.073855],[38.854153,49.073262],[38.853225,49.073633],[38.852854,49.07378],[38.852744,49.073855],[38.852743,49.073855],[38.851812,49.074486],[38.851619,49.07456]]]}},{"type":"Feature","properties":{"cadnum":"4423187500:01:002:0018"},"geometry":{"type":"Polygon","coordinates":[[[38.857108,49.073459],[38.857241,49.073854],[38.857241,49.073855],[38.85724,49.073855],[38.858007,49.076137],[38.858097,49.076122],[38.858728,49.076021],[38.859651,49.075873],[38.858971,49.073855],[38.858728,49.073133],[38.858728,49.073132],[38.858491,49.072427],[38.858221,49.07255],[38.857108,49.073459]]]}},{"type":"Feature","properties":{"cadnum":"4423187500:01:015:0018"},"geometry":{"type":"Polygon","coordinates":[[[38.901193,49.027608],[38.902502,49.02797],[38.906013,49.028942],[38.906264,49.028621],[38.906965,49.027743],[38.906592,49.027643],[38.905954,49.027481],[38.90481,49.027165],[38.903708,49.02686],[38.902674,49.026571],[38.902136,49.026421],[38.901545,49.027165],[38.901193,49.027608]]]}},{"type":"Feature","properties":{"cadnum":"4423187500:01:015:0013"},"geometry":{"type":"Polygon","coordinates":[[[38.897002,49.026656],[38.897009,49.026658],[38.897009,49.026659],[38.897173,49.026704],[38.897181,49.026707],[38.897181,49.026706],[38.898838,49.027165],[38.898839,49.027165],[38.901058,49.027778],[38.901193,49.027608],[38.901634,49.027052],[38.902136,49.026421],[38.90083,49.026052],[38.899365,49.02567],[38.898071,49.02531],[38.897222,49.026377],[38.897089,49.026546],[38.897002,49.026656]]]}},{"type":"Feature","properties":{"cadnum":"4423187500:01:015:0014"},"geometry":{"type":"Polygon","coordinates":[[[38.89605,49.027852],[38.896635,49.028049],[38.896729,49.028324],[38.897181,49.028457],[38.899886,49.029254],[38.90025,49.028794],[38.901058,49.027778],[38.898432,49.027052],[38.898431,49.027052],[38.897173,49.026704],[38.897002,49.026656],[38.896597,49.027165],[38.89605,49.027852]]]}},{"type":"Feature","properties":{"cadnum":"4423187500:01:015:0010"},"geometry":{"type":"Polygon","coordinates":[[[38.891693,49.025581],[38.891765,49.025608],[38.892748,49.025923],[38.893287,49.026067],[38.893261,49.026238],[38.89326,49.026238],[38.892937,49.026707],[38.893252,49.026912],[38.893671,49.027052],[38.894958,49.027481],[38.89605,49.027852],[38.896687,49.027052],[38.897002,49.026656],[38.897009,49.026648],[38.897089,49.026546],[38.897181,49.02643],[38.897222,49.026377],[38.897181,49.026365],[38.894694,49.025678],[38.892169,49.02498],[38.891693,49.025581]]]}},{"type":"Feature","properties":{"cadnum":"4423187500:01:015:0012"},"geometry":{"type":"Polygon","coordinates":[[[38.894694,49.025678],[38.897009,49.026318],[38.897009,49.026319],[38.897222,49.026377],[38.898071,49.02531],[38.897165,49.025059],[38.895543,49.024609],[38.894694,49.025678]]]}},{"type":"Feature","properties":{"cadnum":"4423187500:01:011:0010"},"geometry":{"type":"Polygon","coordinates":[[[38.84998,49.037028],[38.852856,49.037856],[38.852856,49.037857],[38.852853,49.037857],[38.853064,49.037917],[38.854108,49.038218],[38.854497,49.037857],[38.854497,49.037856],[38.855433,49.036987],[38.853235,49.036353],[38.851309,49.035797],[38.84998,49.037028]]]}},{"type":"Feature","properties":{"cadnum":"4423187500:01:011:0011"},"geometry":{"type":"Polygon","coordinates":[[[38.84874,49.038183],[38.852868,49.039372],[38.853235,49.039031],[38.853235,49.03903],[38.854108,49.038218],[38.853235,49.037967],[38.853235,49.037966],[38.84998,49.037028],[38.84909,49.037857],[38.84874,49.038183]]]}},{"type":"Feature","properties":{"cadnum":"4423187500:01:011:0014"},"geometry":{"type":"Polygon","coordinates":[[[38.85493,49.037673],[38.855955,49.037969],[38.855956,49.037969],[38.857998,49.038559],[38.858133,49.038332],[38.858557,49.038307],[38.858557,49.038308],[38.858581,49.038306],[38.858728,49.038325],[38.858728,49.038324],[38.858729,49.038324],[38.860032,49.038489],[38.861016,49.038197],[38.862148,49.038135],[38.862166,49.038129],[38.861609,49.037969],[38.858728,49.03714],[38.856263,49.036431],[38.85493,49.037673]]]}},{"type":"Feature","properties":{"cadnum":"4423187500:01:011:0013"},"geometry":{"type":"Polygon","coordinates":[[[38.852342,49.040078],[38.853017,49.039979],[38.853063,49.039972],[38.853064,49.039972],[38.853184,49.039953],[38.853235,49.039945],[38.853235,49.039944],[38.854849,49.039687],[38.857539,49.039349],[38.857539,49.039348],[38.857998,49.038559],[38.855566,49.037857],[38.85493,49.037673],[38.854732,49.037857],[38.853235,49.039248],[38.852342,49.040078]]]}},{"type":"Feature","properties":{"cadnum":"4423187500:01:003:0102"},"geometry":{"type":"Polygon","coordinates":[[[38.85502,49.066342],[38.855074,49.066591],[38.855089,49.066657],[38.855092,49.066672],[38.855114,49.06677],[38.855115,49.06677],[38.855128,49.066824],[38.858554,49.067256],[38.858557,49.067254],[38.858557,49.067255],[38.858694,49.067156],[38.858728,49.067083],[38.85885,49.066827],[38.858557,49.06679],[38.858398,49.06677],[38.857539,49.066661],[38.857511,49.066657],[38.85502,49.066342]]]}},{"type":"Feature","properties":{"cadnum":"4423187500:01:001:0056"},"geometry":{"type":"Polygon","coordinates":[[[38.873125,49.081524],[38.873987,49.082221],[38.874401,49.082145],[38.875208,49.081994],[38.875208,49.081993],[38.875712,49.081898],[38.875941,49.081853],[38.875079,49.081156],[38.873125,49.081524]]]}},{"type":"Feature","properties":{"cadnum":"4423187500:01:011:0018"},"geometry":{"type":"Polygon","coordinates":[[[38.862835,49.03792],[38.86289,49.037913],[38.863108,49.037885],[38.863594,49.037876],[38.86405,49.037909],[38.8641,49.037913],[38.8642,49.03792],[38.864201,49.03792],[38.864222,49.037922],[38.864805,49.037969],[38.864999,49.037985],[38.86633,49.03817],[38.866613,49.037857],[38.866612,49.037857],[38.866612,49.037856],[38.867466,49.036911],[38.867829,49.036577],[38.865121,49.035794],[38.864313,49.036545],[38.864222,49.03663],[38.86341,49.037387],[38.862903,49.037857],[38.862902,49.037857],[38.862835,49.03792]]]}},{"type":"Feature","properties":{"cadnum":"4423187500:01:011:0016"},"geometry":{"type":"Polygon","coordinates":[[[38.857171,49.035591],[38.858557,49.03599],[38.86341,49.037387],[38.86405,49.03679],[38.86405,49.036791],[38.864313,49.036545],[38.86405,49.036469],[38.86405,49.03647],[38.858728,49.034938],[38.858074,49.034749],[38.857171,49.035591]]]}},{"type":"Feature","properties":{"cadnum":"4423187500:01:011:0015"},"geometry":{"type":"Polygon","coordinates":[[[38.856263,49.036431],[38.858557,49.037091],[38.861217,49.037856],[38.861218,49.037856],[38.861218,49.037857],[38.862166,49.038129],[38.862835,49.03792],[38.86341,49.037387],[38.858728,49.036039],[38.857171,49.035591],[38.856263,49.036431]]]}},{"type":"Feature","properties":{"cadnum":"4423187500:10:011:0006"},"geometry":{"type":"Polygon","coordinates":[[[38.922128,49.038192],[38.922726,49.038306],[38.922859,49.037857],[38.923009,49.037352],[38.922397,49.037217],[38.922188,49.037969],[38.922189,49.037969],[38.922128,49.038192]]]}},{"type":"Feature","properties":{"cadnum":"4423187500:10:014:0004"},"geometry":{"type":"Polygon","coordinates":[[[38.920879,49.036378],[38.921544,49.036518],[38.921957,49.035497],[38.921298,49.03535],[38.920879,49.036378]]]}},{"type":"Feature","properties":{"cadnum":"4423187500:10:014:0003"},"geometry":{"type":"Polygon","coordinates":[[[38.920709,49.036804],[38.920925,49.036848],[38.921369,49.036946],[38.921437,49.036789],[38.921544,49.036518],[38.920879,49.036378],[38.920709,49.036804]]]}},{"type":"Feature","properties":{"cadnum":"4423187500:10:011:0003"},"geometry":{"type":"Polygon","coordinates":[[[38.921221,49.037658],[38.921644,49.037723],[38.921665,49.037638],[38.92172,49.037467],[38.92185,49.037129],[38.92163,49.037087],[38.921347,49.037046],[38.921328,49.037114],[38.921265,49.037391],[38.921221,49.037658]]]}},{"type":"Feature","properties":{"cadnum":"4423187500:10:011:0002"},"geometry":{"type":"Polygon","coordinates":[[[38.921064,49.038365],[38.921072,49.038371],[38.921455,49.038489],[38.921504,49.038277],[38.921518,49.038218],[38.921562,49.038044],[38.921594,49.037894],[38.921594,49.037892],[38.921644,49.037723],[38.921221,49.037658],[38.921216,49.037688],[38.921183,49.037857],[38.921182,49.037857],[38.921173,49.037905],[38.921161,49.037969],[38.921162,49.037969],[38.921158,49.037988],[38.921127,49.038164],[38.921109,49.038218],[38.921064,49.038365]]]}},{"type":"Feature","properties":{"cadnum":"4423187500:01:010:0004"},"geometry":{"type":"Polygon","coordinates":[[[38.818184,49.052685],[38.819329,49.052697],[38.820276,49.052706],[38.820484,49.052708],[38.821639,49.05272],[38.822802,49.052734],[38.822832,49.052259],[38.822846,49.052066],[38.822878,49.05161],[38.820276,49.051582],[38.818251,49.05156],[38.818208,49.052259],[38.818206,49.052298],[38.818202,49.052371],[38.818202,49.052372],[38.818184,49.052685]]]}},{"type":"Feature","properties":{"cadnum":"4423187500:01:010:0005"},"geometry":{"type":"Polygon","coordinates":[[[38.818251,49.05156],[38.820105,49.05158],[38.822878,49.05161],[38.822932,49.050753],[38.82295,49.050491],[38.820276,49.050462],[38.820276,49.050461],[38.818314,49.050439],[38.818251,49.05156]]]}},{"type":"Feature","properties":{"cadnum":"4423187500:01:010:0006"},"geometry":{"type":"Polygon","coordinates":[[[38.818314,49.050439],[38.820105,49.050459],[38.820105,49.05046],[38.82295,49.050491],[38.823012,49.0495],[38.823022,49.04937],[38.823021,49.04937],[38.820276,49.049341],[38.818381,49.04932],[38.818314,49.050439]]]}},{"type":"Feature","properties":{"cadnum":"4423187500:01:009:0052"},"geometry":{"type":"Polygon","coordinates":[[[38.879444,49.050365],[38.880701,49.050429],[38.881259,49.050456],[38.881798,49.049311],[38.880701,49.049257],[38.880701,49.049256],[38.87998,49.04922],[38.879444,49.050365]]]}},{"type":"Feature","properties":{"cadnum":"4423187500:01:009:0017"},"geometry":{"type":"Polygon","coordinates":[[[38.875366,49.050207],[38.875668,49.050541],[38.880276,49.05202],[38.880701,49.051682],[38.882131,49.050545],[38.880529,49.050465],[38.875366,49.050207]]]}},{"type":"Feature","properties":{"cadnum":"4423187500:01:009:0016"},"geometry":{"type":"Polygon","coordinates":[[[38.880276,49.05202],[38.880701,49.052157],[38.880941,49.052234],[38.880948,49.052259],[38.88095,49.052267],[38.880979,49.052371],[38.881075,49.052717],[38.881502,49.053046],[38.881704,49.053247],[38.882803,49.052371],[38.882804,49.052371],[38.883465,49.051846],[38.88493,49.050683],[38.882131,49.050545],[38.880529,49.051819],[38.880276,49.05202]]]}},{"type":"Feature","properties":{"cadnum":"4423187500:01:009:0054"},"geometry":{"type":"Polygon","coordinates":[[[38.875066,49.049962],[38.8752,49.050109],[38.875208,49.050119],[38.875208,49.050118],[38.875249,49.050165],[38.875268,49.050156],[38.877482,49.050268],[38.877932,49.049306],[38.87649,49.049202],[38.875712,49.049323],[38.875066,49.049962]]]}},{"type":"Feature","properties":{"cadnum":"4423187500:01:009:0053"},"geometry":{"type":"Polygon","coordinates":[[[38.877482,49.050268],[38.879444,49.050365],[38.87998,49.04922],[38.878974,49.049167],[38.877989,49.049311],[38.877932,49.049306],[38.877482,49.050268]]]}},{"type":"Feature","properties":{"cadnum":"4423187500:01:015:0026"},"geometry":{"type":"Polygon","coordinates":[[[38.875663,49.017867],[38.878614,49.018657],[38.878892,49.018218],[38.878924,49.018164],[38.875972,49.017375],[38.875663,49.017867]]]}},{"type":"Feature","properties":{"cadnum":"4423187500:01:014:0058"},"geometry":{"type":"Polygon","coordinates":[[[38.870403,49.018577],[38.87485,49.019841],[38.875036,49.019556],[38.875184,49.01933],[38.875208,49.019293],[38.875479,49.018878],[38.87517,49.018792],[38.872119,49.017944],[38.871037,49.01759],[38.870552,49.018345],[38.870403,49.018577]]]}},{"type":"Feature","properties":{"cadnum":"4423187500:01:014:0024"},"geometry":{"type":"Polygon","coordinates":[[[38.874796,49.020035],[38.875036,49.020104],[38.875036,49.020105],[38.878219,49.021019],[38.878498,49.020603],[38.878345,49.02033],[38.876666,49.019848],[38.876665,49.019848],[38.875196,49.019426],[38.874918,49.019848],[38.874894,49.019885],[38.874844,49.01996],[38.874845,49.01996],[38.874845,49.019961],[38.874796,49.020035]]]}},{"type":"Feature","properties":{"cadnum":"4423187500:01:014:0025"},"geometry":{"type":"Polygon","coordinates":[[[38.875196,49.019426],[38.877057,49.01996],[38.877058,49.01996],[38.878345,49.02033],[38.87825,49.020059],[38.878288,49.019848],[38.878331,49.019623],[38.875569,49.018854],[38.875196,49.019426]]]}},{"type":"Feature","properties":{"cadnum":"4423187500:01:015:0027"},"geometry":{"type":"Polygon","coordinates":[[[38.875972,49.017375],[38.878924,49.018164],[38.879364,49.01747],[38.878461,49.017216],[38.877572,49.017077],[38.876957,49.017201],[38.876934,49.017204],[38.87692,49.017201],[38.876647,49.017164],[38.876634,49.01716],[38.876633,49.01716],[38.876611,49.017151],[38.876597,49.01714],[38.876345,49.016784],[38.876027,49.017293],[38.875972,49.017375]]]}},{"type":"Feature","properties":{"cadnum":"4423187500:01:015:0044"},"geometry":{"type":"Polygon","coordinates":[[[38.878484,49.020044],[38.878574,49.020282],[38.879526,49.021328],[38.880529,49.020996],[38.880932,49.020863],[38.880529,49.020468],[38.880209,49.020153],[38.879533,49.019961],[38.879533,49.01996],[38.878555,49.019682],[38.878523,49.019848],[38.878522,49.019848],[38.878484,49.020044]]]}},{"type":"Feature","properties":{"cadnum":"4423187500:01:015:0028"},"geometry":{"type":"Polygon","coordinates":[[[38.878892,49.018218],[38.880529,49.018656],[38.882023,49.019054],[38.882148,49.018989],[38.882121,49.018963],[38.881242,49.018627],[38.880999,49.018485],[38.880529,49.018085],[38.880159,49.01777],[38.880159,49.017769],[38.87979,49.017594],[38.879364,49.01747],[38.878924,49.018164],[38.878892,49.018218]]]}},{"type":"Feature","properties":{"cadnum":"4423187500:01:015:0024"},"geometry":{"type":"Polygon","coordinates":[[[38.873169,49.016533],[38.875208,49.017076],[38.875208,49.017075],[38.876027,49.017293],[38.876345,49.016784],[38.876255,49.016653],[38.875208,49.016347],[38.875208,49.016346],[38.874203,49.016053],[38.873597,49.015861],[38.873279,49.016358],[38.87328,49.016358],[38.873175,49.016524],[38.873169,49.016533]]]}},{"type":"Feature","properties":{"cadnum":"4423187500:01:015:0029"},"geometry":{"type":"Polygon","coordinates":[[[38.878614,49.018657],[38.880701,49.019213],[38.881335,49.019381],[38.881331,49.019396],[38.882023,49.019054],[38.880701,49.018702],[38.878892,49.018218],[38.878614,49.018657]]]}},{"type":"Feature","properties":{"cadnum":"4423187500:01:013:0044"},"geometry":{"type":"Polygon","coordinates":[[[38.850371,49.026768],[38.851143,49.027042],[38.852204,49.025849],[38.851413,49.025591],[38.850371,49.026768]]]}},{"type":"Feature","properties":{"cadnum":"4423187500:01:013:0008"},"geometry":{"type":"Polygon","coordinates":[[[38.84362,49.022486],[38.846369,49.02345],[38.84757,49.023871],[38.849401,49.024512],[38.849795,49.024242],[38.849818,49.024229],[38.849864,49.024227],[38.850321,49.024306],[38.85064,49.023649],[38.850073,49.02345],[38.84757,49.022572],[38.844877,49.021626],[38.844231,49.022273],[38.843903,49.022427],[38.843902,49.022427],[38.84362,49.022486]]]}},{"type":"Feature","properties":{"cadnum":"4423187500:01:013:0047"},"geometry":{"type":"Polygon","coordinates":[[[38.846202,49.024495],[38.847742,49.025074],[38.84834,49.025299],[38.848076,49.024253],[38.8483,49.024188],[38.848961,49.024563],[38.849958,49.025608],[38.849768,49.025835],[38.850043,49.025938],[38.850591,49.025322],[38.849854,49.025083],[38.849828,49.025069],[38.849827,49.025069],[38.849333,49.024609],[38.849319,49.024583],[38.849342,49.02455],[38.849351,49.024545],[38.847742,49.023982],[38.846917,49.023694],[38.846351,49.024329],[38.846202,49.024495]]]}},{"type":"Feature","properties":{"cadnum":"4423187500:01:013:0045"},"geometry":{"type":"Polygon","coordinates":[[[38.849562,49.026482],[38.850371,49.026768],[38.851413,49.025591],[38.850591,49.025322],[38.850043,49.025938],[38.849562,49.026482]]]}},{"type":"Feature","properties":{"cadnum":"4423187500:01:013:0007"},"geometry":{"type":"Polygon","coordinates":[[[38.844877,49.021626],[38.847742,49.022632],[38.850393,49.023563],[38.850394,49.023563],[38.85064,49.023649],[38.850738,49.02345],[38.851099,49.022725],[38.847742,49.021547],[38.847742,49.021546],[38.845696,49.020828],[38.845394,49.02111],[38.844877,49.021626]]]}},{"type":"Feature","properties":{"cadnum":"4423187500:01:013:0041"},"geometry":{"type":"Polygon","coordinates":[[[38.849504,49.026547],[38.849587,49.027052],[38.849586,49.027052],[38.849603,49.027154],[38.849605,49.027165],[38.849675,49.027581],[38.850084,49.028176],[38.850321,49.02832],[38.85047,49.028152],[38.850038,49.02799],[38.849994,49.027552],[38.850353,49.027392],[38.850686,49.027504],[38.850753,49.027837],[38.851382,49.027124],[38.851374,49.027121],[38.851143,49.027042],[38.850371,49.026768],[38.849562,49.02648],[38.849504,49.026547]]]}},{"type":"Feature","properties":{"cadnum":"4423187500:01:013:0046"},"geometry":{"type":"Polygon","coordinates":[[[38.845862,49.024884],[38.84757,49.025524],[38.84757,49.025525],[38.849105,49.0261],[38.849118,49.026109],[38.849122,49.026109],[38.849342,49.026262],[38.849355,49.026276],[38.849361,49.026276],[38.849361,49.026277],[38.849491,49.026482],[38.849495,49.026497],[38.849504,49.026547],[38.849562,49.026482],[38.850043,49.025938],[38.849768,49.025835],[38.849575,49.026067],[38.848606,49.025664],[38.84838,49.025449],[38.84834,49.025299],[38.84757,49.025009],[38.84757,49.02501],[38.846202,49.024495],[38.845862,49.024884]]]}},{"type":"Feature","properties":{"cadnum":"4423187500:01:013:0009"},"geometry":{"type":"Polygon","coordinates":[[[38.844262,49.025746],[38.847742,49.027045],[38.847761,49.027052],[38.847968,49.027129],[38.848063,49.027165],[38.84865,49.027384],[38.848849,49.027165],[38.84885,49.027165],[38.849432,49.026527],[38.849428,49.0265],[38.849292,49.026294],[38.849072,49.026138],[38.847742,49.02564],[38.845219,49.024694],[38.844262,49.025746]]]}},{"type":"Feature","properties":{"cadnum":"4423187500:01:013:0043"},"geometry":{"type":"Polygon","coordinates":[[[38.851143,49.027042],[38.851171,49.027052],[38.851374,49.027121],[38.851382,49.027124],[38.851496,49.027165],[38.851916,49.027313],[38.852148,49.027052],[38.852147,49.027052],[38.852958,49.026141],[38.852473,49.025938],[38.852204,49.025849],[38.851143,49.027042]]]}},{"type":"Feature","properties":{"cadnum":"4423187500:01:013:0042"},"geometry":{"type":"Polygon","coordinates":[[[38.851916,49.027313],[38.852577,49.027549],[38.853063,49.027227],[38.853064,49.027227],[38.853147,49.027172],[38.853235,49.027063],[38.853235,49.027062],[38.853722,49.026462],[38.853172,49.026231],[38.852958,49.026141],[38.852047,49.027165],[38.851916,49.027313]]]}},{"type":"Feature","properties":{"cadnum":"4423187500:01:013:0002"},"geometry":{"type":"Polygon","coordinates":[[[38.847055,49.029228],[38.84757,49.029421],[38.848319,49.029702],[38.849598,49.030214],[38.851426,49.028202],[38.85077,49.028438],[38.85034,49.028394],[38.850025,49.028202],[38.849608,49.027593],[38.849519,49.027052],[38.849518,49.027052],[38.849445,49.0266],[38.849034,49.027052],[38.847742,49.028473],[38.847055,49.029228]]]}},{"type":"Feature","properties":{"cadnum":"4423187500:01:013:0010"},"geometry":{"type":"Polygon","coordinates":[[[38.843432,49.026665],[38.844772,49.027165],[38.847742,49.028272],[38.847742,49.028271],[38.84782,49.0283],[38.84865,49.027384],[38.847968,49.027129],[38.84757,49.026981],[38.844262,49.025746],[38.844218,49.025799],[38.843432,49.026665]]]}},{"type":"Feature","properties":{"cadnum":"4423187500:01:003:0029"},"geometry":{"type":"Polygon","coordinates":[[[38.832736,49.0789],[38.832863,49.078961],[38.833155,49.07905],[38.833694,49.079094],[38.834088,49.079091],[38.834551,49.07907],[38.836537,49.078882],[38.836584,49.078884],[38.836927,49.078896],[38.83735,49.079014],[38.837399,49.077908],[38.836756,49.077834],[38.833445,49.077453],[38.833444,49.077453],[38.832826,49.077382],[38.832822,49.077453],[38.832821,49.077453],[38.832815,49.077547],[38.832814,49.077565],[38.832814,49.077566],[38.832786,49.078049],[38.832736,49.0789]]]}},{"type":"Feature","properties":{"cadnum":"4423187500:01:003:0014"},"geometry":{"type":"Polygon","coordinates":[[[38.831128,49.077661],[38.831263,49.077689],[38.832373,49.077917],[38.832389,49.077466],[38.832409,49.076893],[38.83248,49.075249],[38.832486,49.074892],[38.832486,49.074887],[38.831268,49.074789],[38.831263,49.0749],[38.831138,49.077453],[38.831136,49.077486],[38.831133,49.077565],[38.831133,49.077566],[38.831128,49.077661]]]}},{"type":"Feature","properties":{"cadnum":"4423187500:01:003:0028"},"geometry":{"type":"Polygon","coordinates":[[[38.834493,49.08198],[38.834704,49.082088],[38.834704,49.082077],[38.835176,49.081759],[38.835535,49.081676],[38.836331,49.081654],[38.836584,49.081664],[38.837021,49.08168],[38.83722,49.081771],[38.837233,49.081794],[38.83726,49.081192],[38.837265,49.081051],[38.837291,49.080426],[38.8373,49.080209],[38.836977,49.080282],[38.836609,49.08032],[38.836756,49.080225],[38.837121,49.079988],[38.83731,49.079968],[38.83735,49.079064],[38.836914,49.078941],[38.836584,49.078928],[38.836541,49.078926],[38.834601,49.079111],[38.834527,49.081051],[38.834493,49.08198]]]}},{"type":"Feature","properties":{"cadnum":"4423187500:01:003:0010"},"geometry":{"type":"Polygon","coordinates":[[[38.830805,49.081686],[38.831091,49.081813],[38.832113,49.082268],[38.83218,49.081164],[38.83218,49.081163],[38.832279,49.07957],[38.832329,49.078685],[38.832373,49.077917],[38.831134,49.077661],[38.831004,49.077635],[38.830836,49.081051],[38.830805,49.081686]]]}},{"type":"Feature","properties":{"cadnum":"4423187500:01:003:0027"},"geometry":{"type":"Polygon","coordinates":[[[38.832472,49.08243],[38.834534,49.083209],[38.834633,49.082386],[38.834704,49.082088],[38.834493,49.08198],[38.834493,49.081979],[38.834523,49.081164],[38.834523,49.081163],[38.834601,49.079111],[38.83456,49.079114],[38.834088,49.079138],[38.833689,49.07914],[38.833136,49.079094],[38.832826,49.079],[38.832683,49.078929],[38.832719,49.079094],[38.832696,49.079726],[38.832664,49.081163],[38.832664,49.081164],[38.832665,49.081164],[38.83266,49.081392],[38.832593,49.08183],[38.832472,49.08243]]]}},{"type":"Feature","properties":{"cadnum":"4423187500:01:010:0093"},"geometry":{"type":"Polygon","coordinates":[[[38.827845,49.045787],[38.831091,49.045825],[38.831091,49.045826],[38.833375,49.045852],[38.833417,49.045111],[38.833428,49.044931],[38.831263,49.044906],[38.831263,49.044905],[38.827904,49.044866],[38.827892,49.045058],[38.827891,49.045058],[38.827845,49.045787]]]}},{"type":"Feature","properties":{"cadnum":"4423187500:01:010:0091"},"geometry":{"type":"Polygon","coordinates":[[[38.827725,49.047628],[38.831263,49.047669],[38.831263,49.047668],[38.833329,49.047692],[38.833285,49.047371],[38.833321,49.046773],[38.831263,49.04675],[38.827782,49.046709],[38.827725,49.047628]]]}},{"type":"Feature","properties":{"cadnum":"4423187500:01:010:0046"},"geometry":{"type":"Polygon","coordinates":[[[38.827698,49.048019],[38.831091,49.048056],[38.833384,49.04808],[38.833348,49.047848],[38.833329,49.047692],[38.831091,49.047666],[38.831091,49.047667],[38.827725,49.047628],[38.827698,49.048019]]]}},{"type":"Feature","properties":{"cadnum":"4423187500:01:010:0092"},"geometry":{"type":"Polygon","coordinates":[[[38.827782,49.046709],[38.831091,49.046748],[38.833321,49.046773],[38.833375,49.045852],[38.831263,49.045828],[38.831263,49.045827],[38.827845,49.045787],[38.827782,49.046709]]]}},{"type":"Feature","properties":{"cadnum":"4423187500:01:010:0024"},"geometry":{"type":"Polygon","coordinates":[[[38.833805,49.048254],[38.833918,49.048771],[38.834021,49.049241],[38.834021,49.049788],[38.836584,49.049887],[38.836584,49.049888],[38.83769,49.04993],[38.837691,49.04993],[38.837765,49.048771],[38.837766,49.048771],[38.83779,49.048411],[38.836756,49.048371],[38.836756,49.04837],[38.833805,49.048254]]]}},{"type":"Feature","properties":{"cadnum":"4423187500:01:010:0018"},"geometry":{"type":"Polygon","coordinates":[[[38.827365,49.049075],[38.831091,49.049117],[38.831091,49.049118],[38.833931,49.049149],[38.833848,49.048771],[38.833734,49.048252],[38.83205,49.048342],[38.831091,49.048336],[38.830734,49.048333],[38.828807,49.048287],[38.827419,49.048278],[38.827393,49.048659],[38.827392,49.048659],[38.827365,49.049075]]]}},{"type":"Feature","properties":{"cadnum":"4423187500:01:010:0044"},"geometry":{"type":"Polygon","coordinates":[[[38.833419,49.046229],[38.836584,49.046376],[38.837988,49.046441],[38.838059,49.045263],[38.836714,49.045201],[38.836064,49.045171],[38.836068,49.045171],[38.834893,49.045116],[38.83489,49.045116],[38.833492,49.045051],[38.833491,49.045058],[38.83349,49.045058],[38.833419,49.046229]]]}},{"type":"Feature","properties":{"cadnum":"4423187500:01:010:0042"},"geometry":{"type":"Polygon","coordinates":[[[38.833492,49.045051],[38.833642,49.045058],[38.83489,49.045116],[38.834893,49.045116],[38.83513,49.041465],[38.833707,49.0414],[38.833704,49.041457],[38.833704,49.041458],[38.833703,49.041458],[38.833698,49.041554],[38.833697,49.04157],[38.833492,49.045051]]]}},{"type":"Feature","properties":{"cadnum":"4423187500:01:010:0047"},"geometry":{"type":"Polygon","coordinates":[[[38.833352,49.04736],[38.833419,49.047842],[38.833451,49.048084],[38.833954,49.048093],[38.836584,49.048136],[38.836584,49.048137],[38.837876,49.048158],[38.837916,49.047571],[38.836756,49.047518],[38.833352,49.04736]]]}},{"type":"Feature","properties":{"cadnum":"4423187500:01:010:0045"},"geometry":{"type":"Polygon","coordinates":[[[38.833352,49.04736],[38.836584,49.04751],[38.837916,49.047571],[38.837988,49.046441],[38.836756,49.046384],[38.833419,49.046229],[38.833352,49.04736]]]}},{"type":"Feature","properties":{"cadnum":"4423187500:07:001:0100"},"geometry":{"type":"Polygon","coordinates":[[[38.916973,49.055428],[38.917868,49.055971],[38.917869,49.055971],[38.918436,49.056314],[38.918791,49.05624],[38.918346,49.055971],[38.917223,49.055293],[38.91707,49.055375],[38.916973,49.055428]]]}},{"type":"Feature","properties":{"cadnum":"4423187500:07:001:0067"},"geometry":{"type":"Polygon","coordinates":[[[38.917296,49.054798],[38.917695,49.05504],[38.918315,49.055413],[38.918661,49.055228],[38.918719,49.055199],[38.91783,49.05466],[38.917296,49.054798]]]}},{"type":"Feature","properties":{"cadnum":"4423187500:07:001:0004"},"geometry":{"type":"Polygon","coordinates":[[[38.917722,49.054174],[38.918982,49.054937],[38.919087,49.055001],[38.919088,49.055001],[38.919153,49.054967],[38.919153,49.054966],[38.919357,49.054857],[38.919361,49.054854],[38.918982,49.054624],[38.918981,49.054624],[38.917911,49.053974],[38.917722,49.054174]]]}},{"type":"Feature","properties":{"cadnum":"4423187500:07:001:0080"},"geometry":{"type":"Polygon","coordinates":[[[38.918472,49.053715],[38.918982,49.054024],[38.919887,49.054571],[38.920057,49.054481],[38.92017,49.054422],[38.919153,49.053807],[38.918827,49.053609],[38.918472,49.053715]]]}},{"type":"Feature","properties":{"cadnum":"4423187500:01:013:0037"},"geometry":{"type":"Polygon","coordinates":[[[38.828492,49.013044],[38.830819,49.013452],[38.831091,49.012886],[38.831154,49.012755],[38.831243,49.01257],[38.831263,49.01253],[38.831263,49.012529],[38.831757,49.011501],[38.831174,49.01133],[38.831169,49.011327],[38.8305,49.011103],[38.830499,49.011103],[38.829561,49.010817],[38.828684,49.012642],[38.828492,49.013044]]]}},{"type":"Feature","properties":{"cadnum":"4423187500:01:013:0038"},"geometry":{"type":"Polygon","coordinates":[[[38.830819,49.013452],[38.830972,49.013478],[38.831091,49.013463],[38.831138,49.013457],[38.831263,49.013442],[38.831263,49.013441],[38.83213,49.013334],[38.832895,49.012998],[38.833365,49.012904],[38.833559,49.0129],[38.835019,49.013278],[38.835692,49.013463],[38.836029,49.012759],[38.835641,49.012642],[38.834983,49.012444],[38.831757,49.011501],[38.831208,49.012642],[38.830819,49.013452]]]}},{"type":"Feature","properties":{"cadnum":"4423187500:01:013:0039"},"geometry":{"type":"Polygon","coordinates":[[[38.835692,49.013463],[38.836584,49.013708],[38.836584,49.013709],[38.838635,49.014271],[38.842077,49.015316],[38.842077,49.015317],[38.842115,49.015328],[38.842249,49.015335],[38.842249,49.015334],[38.84273,49.015358],[38.84317,49.015151],[38.84331,49.014951],[38.842077,49.01458],[38.836584,49.012927],[38.836029,49.012759],[38.835692,49.013463]]]}},{"type":"Feature","properties":{"cadnum":"4423187500:01:012:0110"},"geometry":{"type":"Polygon","coordinates":[[[38.894838,49.043738],[38.894954,49.043788],[38.897009,49.044366],[38.897142,49.044403],[38.897181,49.04434],[38.897181,49.044339],[38.897537,49.043753],[38.897072,49.04361],[38.895251,49.04305],[38.894838,49.043738]]]}},{"type":"Feature","properties":{"cadnum":"4423187500:01:012:0112"},"geometry":{"type":"Polygon","coordinates":[[[38.895654,49.042372],[38.897181,49.042845],[38.897181,49.042844],[38.89795,49.043082],[38.898363,49.04241],[38.897181,49.042047],[38.896059,49.041701],[38.895673,49.042345],[38.895654,49.042372]]]}},{"type":"Feature","properties":{"cadnum":"4423187500:01:012:0111"},"geometry":{"type":"Polygon","coordinates":[[[38.895251,49.04305],[38.897009,49.043591],[38.897072,49.04361],[38.897181,49.043644],[38.897537,49.043753],[38.89795,49.043082],[38.897009,49.042791],[38.897009,49.042792],[38.895654,49.042372],[38.895278,49.043002],[38.895251,49.04305]]]}},{"type":"Feature","properties":{"cadnum":"4423187500:01:014:0062"},"geometry":{"type":"Polygon","coordinates":[[[38.89923,49.044298],[38.899899,49.044442],[38.899981,49.044272],[38.899967,49.044268],[38.899316,49.044139],[38.899302,49.044136],[38.89923,49.044298]]]}},{"type":"Feature","properties":{"cadnum":"4423187500:01:008:0023"},"geometry":{"type":"Polygon","coordinates":[[[38.858437,49.059752],[38.858728,49.059761],[38.858728,49.05976],[38.858729,49.05976],[38.860045,49.059796],[38.862812,49.059872],[38.862867,49.059571],[38.862957,49.059084],[38.863078,49.05836],[38.858644,49.058151],[38.85846,49.059571],[38.858461,49.059571],[38.858437,49.059752]]]}},{"type":"Feature","properties":{"cadnum":"4423187500:01:008:0018"},"geometry":{"type":"Polygon","coordinates":[[[38.853483,49.057786],[38.858557,49.058023],[38.85859,49.058024],[38.858728,49.056987],[38.85873,49.056977],[38.85869,49.056975],[38.853619,49.056735],[38.853605,49.056835],[38.853483,49.057786]]]}},{"type":"Feature","properties":{"cadnum":"4423187500:01:008:0017"},"geometry":{"type":"Polygon","coordinates":[[[38.853389,49.058487],[38.853807,49.058554],[38.854454,49.058777],[38.855221,49.059225],[38.855535,49.059458],[38.855535,49.059459],[38.855614,49.059517],[38.855687,49.059571],[38.855824,49.059672],[38.858366,49.059749],[38.858404,49.059459],[38.858404,49.059458],[38.85859,49.058024],[38.853483,49.057786],[38.853389,49.058487]]]}},{"type":"Feature","properties":{"cadnum":"4423187500:01:008:0016"},"geometry":{"type":"Polygon","coordinates":[[[38.847869,49.056903],[38.848753,49.056927],[38.848776,49.056929],[38.848799,49.056938],[38.848808,49.056947],[38.848992,49.057123],[38.849001,49.057144],[38.849158,49.057863],[38.849258,49.05798],[38.849545,49.058048],[38.851045,49.058166],[38.851875,49.058236],[38.851885,49.058236],[38.853063,49.058432],[38.853064,49.058432],[38.853064,49.058433],[38.853389,49.058487],[38.853483,49.057786],[38.853605,49.056835],[38.853147,49.056814],[38.84791,49.05657],[38.847869,49.056903]]]}},{"type":"Feature","properties":{"cadnum":"4423187500:01:005:0011"},"geometry":{"type":"Polygon","coordinates":[[[38.872245,49.067878],[38.874024,49.06796],[38.875208,49.068015],[38.875208,49.068014],[38.875703,49.068037],[38.877383,49.068116],[38.877473,49.067653],[38.875208,49.067537],[38.874909,49.067522],[38.872343,49.067389],[38.872245,49.067877],[38.872245,49.067878]]]}},{"type":"Feature","properties":{"cadnum":"4423187500:01:005:0045"},"geometry":{"type":"Polygon","coordinates":[[[38.872343,49.067389],[38.874909,49.067522],[38.875036,49.067528],[38.875036,49.067529],[38.877473,49.067653],[38.877567,49.067177],[38.875086,49.067051],[38.875003,49.067047],[38.872439,49.066915],[38.872343,49.067389]]]}},{"type":"Feature","properties":{"cadnum":"4423187500:01:005:0006"},"geometry":{"type":"Polygon","coordinates":[[[38.878439,49.069104],[38.880701,49.069204],[38.882584,49.069287],[38.882687,49.068351],[38.880701,49.068264],[38.880701,49.068263],[38.878559,49.068168],[38.878439,49.069104]]]}},{"type":"Feature","properties":{"cadnum":"4423187500:01:005:0035"},"geometry":{"type":"Polygon","coordinates":[[[38.877545,49.067631],[38.880127,49.067762],[38.880529,49.067783],[38.880699,49.067792],[38.880701,49.067792],[38.88271,49.067895],[38.882804,49.067424],[38.880701,49.067314],[38.880222,49.067289],[38.877639,49.067156],[38.877545,49.067631]]]}},{"type":"Feature","properties":{"cadnum":"4423187500:01:005:0002"},"geometry":{"type":"Polygon","coordinates":[[[38.873871,49.069108],[38.873898,49.06911],[38.873924,49.069123],[38.873938,49.069137],[38.873943,49.06914],[38.874081,49.069463],[38.874081,49.069475],[38.874077,49.06949],[38.873961,49.069684],[38.875208,49.069741],[38.878335,49.069882],[38.878439,49.069104],[38.878559,49.068168],[38.877846,49.068137],[38.875187,49.068014],[38.874024,49.06796],[38.873871,49.069108]]]}},{"type":"Feature","properties":{"cadnum":"4423187500:01:005:0005"},"geometry":{"type":"Polygon","coordinates":[[[38.878318,49.070035],[38.880701,49.070143],[38.880701,49.070142],[38.882481,49.070223],[38.882584,49.069287],[38.880529,49.069196],[38.880529,49.069197],[38.878439,49.069104],[38.878335,49.069882],[38.878318,49.070035]]]}},{"type":"Feature","properties":{"cadnum":"4423187500:01:005:0003"},"geometry":{"type":"Polygon","coordinates":[[[38.873408,49.070599],[38.873534,49.070879],[38.8741,49.071193],[38.874909,49.071367],[38.875036,49.07138],[38.875036,49.071381],[38.875113,49.071388],[38.875208,49.071398],[38.876642,49.071544],[38.876647,49.071547],[38.877836,49.071714],[38.878093,49.071753],[38.878277,49.070344],[38.878318,49.070035],[38.878335,49.069882],[38.875036,49.069733],[38.873961,49.069684],[38.873546,49.070368],[38.873547,49.070368],[38.873547,49.070369],[38.873408,49.070599]]]}},{"type":"Feature","properties":{"cadnum":"4423187500:01:005:0019"},"geometry":{"type":"Polygon","coordinates":[[[38.87745,49.068119],[38.877846,49.068137],[38.878559,49.068168],[38.880529,49.068254],[38.88059,49.068257],[38.880701,49.068262],[38.88262,49.068348],[38.88271,49.067895],[38.880699,49.067792],[38.880127,49.067762],[38.877545,49.067631],[38.87745,49.068119]]]}},{"type":"Feature","properties":{"cadnum":"4423187500:01:003:0107"},"geometry":{"type":"Polygon","coordinates":[[[38.818054,49.070632],[38.819639,49.070761],[38.819639,49.070726],[38.819659,49.070256],[38.819765,49.067783],[38.818175,49.067698],[38.818069,49.070256],[38.818054,49.070632]]]}},{"type":"Feature","properties":{"cadnum":"4423187500:01:003:0111"},"geometry":{"type":"Polygon","coordinates":[[[38.81685,49.071786],[38.818,49.071876],[38.818054,49.070632],[38.818064,49.070369],[38.818064,49.070368],[38.818065,49.070368],[38.818175,49.067698],[38.81707,49.067636],[38.817003,49.068704],[38.81693,49.070368],[38.816931,49.070368],[38.816931,49.070369],[38.816918,49.07067],[38.81685,49.071727],[38.81685,49.071786]]]}},{"type":"Feature","properties":{"cadnum":"4423187500:01:008:0112"},"geometry":{"type":"Polygon","coordinates":[[[38.89031,49.062086],[38.891687,49.062149],[38.891792,49.062154],[38.891824,49.061938],[38.892268,49.060632],[38.891687,49.060606],[38.891687,49.060605],[38.89053,49.060553],[38.89031,49.062086]]]}},{"type":"Feature","properties":{"cadnum":"4423187500:01:009:0018"},"geometry":{"type":"Polygon","coordinates":[[[38.888217,49.060396],[38.889547,49.060459],[38.890364,49.06049],[38.890364,49.060476],[38.890381,49.060464],[38.890404,49.060452],[38.890413,49.06045],[38.891015,49.060367],[38.891016,49.060367],[38.891366,49.060176],[38.891516,49.060069],[38.891602,49.060008],[38.891687,49.059947],[38.892031,49.059702],[38.892165,49.059481],[38.892121,49.059146],[38.891688,49.059285],[38.891687,49.059285],[38.891143,49.059459],[38.890953,49.059519],[38.890792,49.059571],[38.890791,49.059571],[38.888217,49.060396]]]}},{"type":"Feature","properties":{"cadnum":"4423187500:04:003:0001"},"geometry":{"type":"Polygon","coordinates":[[[38.895318,49.062919],[38.895472,49.063058],[38.895575,49.06315],[38.895598,49.06317],[38.89587,49.063413],[38.896069,49.063502],[38.896495,49.06319],[38.896398,49.063137],[38.896207,49.063033],[38.895758,49.062669],[38.895318,49.062919]]]}},{"type":"Feature","properties":{"cadnum":"4423187500:01:008:0104"},"geometry":{"type":"Polygon","coordinates":[[[38.889973,49.063622],[38.891516,49.063688],[38.891559,49.06369],[38.891652,49.063069],[38.891687,49.062843],[38.891687,49.062837],[38.891792,49.062154],[38.891516,49.062141],[38.89031,49.062086],[38.890193,49.062083],[38.890038,49.06317],[38.889973,49.063622]]]}},{"type":"Feature","properties":{"cadnum":"4423187500:01:010:0026"},"geometry":{"type":"Polygon","coordinates":[[[38.852818,49.043223],[38.853064,49.043234],[38.857656,49.043447],[38.858728,49.04204],[38.858728,49.042039],[38.858816,49.041924],[38.8586,49.041798],[38.856753,49.041633],[38.854849,49.041568],[38.854512,49.041625],[38.854108,49.04206],[38.853619,49.043223],[38.852818,49.043223]]]}},{"type":"Feature","properties":{"cadnum":"4423187500:01:010:0028"},"geometry":{"type":"Polygon","coordinates":[[[38.849095,49.045413],[38.849292,49.045652],[38.849378,49.045655],[38.851489,49.045752],[38.853064,49.045825],[38.853105,49.045827],[38.853235,49.045833],[38.854575,49.045893],[38.854965,49.045171],[38.855217,49.044704],[38.853064,49.044606],[38.84963,49.044448],[38.849459,49.045049],[38.849449,49.045058],[38.849448,49.045058],[38.849095,49.045413]]]}},{"type":"Feature","properties":{"cadnum":"4423187500:01:010:0130"},"geometry":{"type":"Polygon","coordinates":[[[38.846122,49.045275],[38.84757,49.045342],[38.847577,49.045343],[38.847742,49.04535],[38.8479,49.045357],[38.847938,49.045058],[38.848067,49.044047],[38.847424,49.044047],[38.846283,49.044],[38.846134,49.045171],[38.846135,49.045171],[38.846122,49.045275]]]}},{"type":"Feature","properties":{"cadnum":"4423187500:01:010:0027"},"geometry":{"type":"Polygon","coordinates":[[[38.84963,49.044448],[38.853235,49.044613],[38.855217,49.044704],[38.855661,49.043883],[38.857175,49.043886],[38.857391,49.043792],[38.857656,49.043447],[38.853235,49.043242],[38.852818,49.043223],[38.852208,49.043223],[38.852128,49.043682],[38.852127,49.043682],[38.852127,49.043683],[38.849975,49.04367],[38.84976,49.043982],[38.84963,49.044448]]]}},{"type":"Feature","properties":{"cadnum":"4423187500:01:010:0139"},"geometry":{"type":"Polygon","coordinates":[[[38.8479,49.045357],[38.848969,49.045407],[38.849028,49.045402],[38.849278,49.045149],[38.849396,49.045031],[38.849665,49.044077],[38.849648,49.044047],[38.848067,49.044047],[38.847923,49.045171],[38.847924,49.045171],[38.8479,49.045357]]]}},{"type":"Feature","properties":{"cadnum":"4423187500:01:003:0047"},"geometry":{"type":"Polygon","coordinates":[[[38.830811,49.066962],[38.830909,49.067483],[38.830909,49.067486],[38.830945,49.068154],[38.831091,49.068132],[38.835109,49.067509],[38.834956,49.066758],[38.834786,49.065906],[38.832517,49.066312],[38.832033,49.066657],[38.832032,49.066657],[38.831956,49.066712],[38.831954,49.066713],[38.831933,49.066724],[38.831924,49.066724],[38.831923,49.066724],[38.831709,49.06677],[38.831263,49.066865],[38.830811,49.066962]]]}},{"type":"Feature","properties":{"cadnum":"4423187500:01:003:0085"},"geometry":{"type":"Polygon","coordinates":[[[38.834839,49.06585],[38.835003,49.066657],[38.835004,49.066661],[38.835026,49.06677],[38.835199,49.067612],[38.836756,49.067627],[38.838208,49.067639],[38.838181,49.067472],[38.838063,49.066765],[38.83761,49.066812],[38.8366,49.067027],[38.835427,49.067177],[38.83522,49.066756],[38.835625,49.066129],[38.835553,49.065908],[38.835382,49.065735],[38.835059,49.065808],[38.835032,49.065814],[38.834839,49.06585]]]}},{"type":"Feature","properties":{"cadnum":"4423187500:01:006:0013"},"geometry":{"type":"Polygon","coordinates":[[[38.830442,49.064455],[38.831091,49.064251],[38.831091,49.064252],[38.832018,49.06396],[38.83205,49.063958],[38.832067,49.063807],[38.832091,49.063058],[38.832113,49.062424],[38.83209,49.062422],[38.832067,49.062412],[38.83205,49.062394],[38.831866,49.062065],[38.831784,49.061921],[38.83178,49.061906],[38.831825,49.060099],[38.831146,49.060236],[38.830618,49.060341],[38.830495,49.06317],[38.830496,49.06317],[38.830496,49.063171],[38.830442,49.064455]]]}},{"type":"Feature","properties":{"cadnum":"4423187500:01:006:0014"},"geometry":{"type":"Polygon","coordinates":[[[38.832122,49.06394],[38.835409,49.06329],[38.835362,49.06317],[38.834758,49.061618],[38.833302,49.061862],[38.832513,49.062018],[38.832512,49.062018],[38.832193,49.062027],[38.832156,49.06317],[38.832156,49.063171],[38.832136,49.063807],[38.832122,49.06394]]]}},{"type":"Feature","properties":{"cadnum":"4423187500:01:006:0015"},"geometry":{"type":"Polygon","coordinates":[[[38.834758,49.061618],[38.835318,49.063058],[38.835409,49.06329],[38.835445,49.063284],[38.836055,49.063165],[38.836584,49.063063],[38.836701,49.06304],[38.836756,49.06303],[38.837745,49.062836],[38.838518,49.062706],[38.837906,49.061141],[38.837799,49.061162],[38.837799,49.061161],[38.837794,49.061105],[38.836688,49.061293],[38.834758,49.061618]],[[38.835769,49.062024],[38.835841,49.062206],[38.835495,49.062372],[38.83527,49.0622],[38.835769,49.062024]]]}},{"type":"Feature","properties":{"cadnum":"4423187500:01:010:0104"},"geometry":{"type":"Polygon","coordinates":[[[38.828645,49.034137],[38.829195,49.034255],[38.829436,49.034307],[38.829437,49.034307],[38.829854,49.034368],[38.829856,49.034368],[38.830312,49.034434],[38.830738,49.034428],[38.830895,49.03434],[38.830882,49.034327],[38.830878,49.034312],[38.830878,49.03431],[38.830972,49.033748],[38.831091,49.032846],[38.831228,49.03181],[38.828802,49.031784],[38.828645,49.034137]]]}},{"type":"Feature","properties":{"cadnum":"4423187500:10:006:0001"},"geometry":{"type":"Polygon","coordinates":[[[38.913927,49.040449],[38.91416,49.040458],[38.914323,49.040193],[38.914547,49.03984],[38.91469,49.039617],[38.914336,49.039575],[38.914246,49.03979],[38.914187,49.039938],[38.913927,49.040449]]]}},{"type":"Feature","properties":{"cadnum":"4423187500:10:007:0007"},"geometry":{"type":"Polygon","coordinates":[[[38.916424,49.039726],[38.916545,49.039731],[38.916594,49.039716],[38.916644,49.039698],[38.916757,49.039107],[38.916541,49.039089],[38.916424,49.039726]]]}},{"type":"Feature","properties":{"cadnum":"4423187500:10:007:0006"},"geometry":{"type":"Polygon","coordinates":[[[38.916384,49.039036],[38.91655,49.039045],[38.916541,49.039089],[38.916757,49.039107],[38.916914,49.038279],[38.916541,49.038244],[38.916501,49.038504],[38.916496,49.038544],[38.916392,49.038969],[38.916384,49.039036]]]}},{"type":"Feature","properties":{"cadnum":"4423187500:10:006:0007"},"geometry":{"type":"Polygon","coordinates":[[[38.914344,49.040859],[38.91461,49.040906],[38.914789,49.040638],[38.914923,49.04047],[38.914606,49.040381],[38.914591,49.040409],[38.914564,49.040447],[38.914344,49.040859]]]}},{"type":"Feature","properties":{"cadnum":"4423187500:10:008:0001"},"geometry":{"type":"Polygon","coordinates":[[[38.917003,49.038642],[38.917565,49.038692],[38.917862,49.038716],[38.918235,49.038757],[38.918504,49.038788],[38.918558,49.038613],[38.918265,49.038574],[38.91703,49.038412],[38.917003,49.038642]]]}},{"type":"Feature","properties":{"cadnum":"4423187500:10:006:0002"},"geometry":{"type":"Polygon","coordinates":[[[38.914241,49.040323],[38.914591,49.040409],[38.914673,49.040279],[38.914816,49.040076],[38.914906,49.039958],[38.914915,49.039943],[38.915072,49.039711],[38.915103,49.039663],[38.91469,49.039617],[38.914547,49.039843],[38.914323,49.040193],[38.914241,49.040323]]]}},{"type":"Feature","properties":{"cadnum":"4423187500:10:006:0005"},"geometry":{"type":"Polygon","coordinates":[[[38.913527,49.040461],[38.913751,49.040461],[38.913751,49.040462],[38.9139,49.040776],[38.914088,49.040811],[38.914156,49.040588],[38.914156,49.040526],[38.91416,49.040458],[38.913927,49.040449],[38.914111,49.040084],[38.913594,49.04004],[38.913577,49.040134],[38.913554,49.040291],[38.913527,49.040461]]]}},{"type":"Feature","properties":{"cadnum":"4423187500:10:006:0004"},"geometry":{"type":"Polygon","coordinates":[[[38.913594,49.04004],[38.914111,49.040084],[38.914187,49.039938],[38.914336,49.039575],[38.914227,49.039569],[38.91412,49.03956],[38.913684,49.039525],[38.913594,49.04004]]]}},{"type":"Feature","properties":{"cadnum":"4423187500:10:008:0002"},"geometry":{"type":"Polygon","coordinates":[[[38.918504,49.038788],[38.918656,49.038807],[38.919153,49.038905],[38.919401,49.038954],[38.919644,49.039039],[38.919843,49.038871],[38.919497,49.038786],[38.91916,49.038718],[38.91903,49.038691],[38.918795,49.038642],[38.918558,49.038613],[38.918504,49.038788]]]}},{"type":"Feature","properties":{"cadnum":"4423187500:10:006:0006"},"geometry":{"type":"Polygon","coordinates":[[[38.914606,49.040381],[38.914923,49.04047],[38.914946,49.04044],[38.915086,49.040246],[38.915279,49.040052],[38.915355,49.039969],[38.915468,49.039743],[38.915269,49.03969],[38.915103,49.039663],[38.915072,49.039711],[38.914964,49.039872],[38.914915,49.039943],[38.914906,49.039958],[38.914816,49.040076],[38.914673,49.040279],[38.914606,49.040381]]]}},{"type":"Feature","properties":{"cadnum":"4423187500:10:006:0003"},"geometry":{"type":"Polygon","coordinates":[[[38.914088,49.040811],[38.914344,49.040859],[38.914564,49.040447],[38.914591,49.040409],[38.914241,49.040323],[38.91416,49.040458],[38.914156,49.040526],[38.914156,49.040588],[38.914088,49.040811]]]}},{"type":"Feature","properties":{"cadnum":"4423187500:04:005:0001"},"geometry":{"type":"Polygon","coordinates":[[[38.898243,49.061024],[38.898624,49.061244],[38.898656,49.061271],[38.898687,49.061259],[38.89884,49.061126],[38.899149,49.060871],[38.899145,49.060852],[38.89888,49.060747],[38.898704,49.060676],[38.898367,49.0609],[38.898243,49.061024]]]}},{"type":"Feature","properties":{"cadnum":"4423187500:01:002:0009"},"geometry":{"type":"Polygon","coordinates":[[[38.855577,49.076675],[38.855814,49.077387],[38.855836,49.077453],[38.8563,49.078797],[38.856439,49.079199],[38.856466,49.079277],[38.857422,49.0791],[38.856907,49.077453],[38.856596,49.076455],[38.856093,49.076549],[38.855577,49.076675]]]}},{"type":"Feature","properties":{"cadnum":"4423187500:01:002:0056"},"geometry":{"type":"Polygon","coordinates":[[[38.852073,49.076034],[38.852109,49.076146],[38.852298,49.076752],[38.853235,49.076432],[38.853235,49.076431],[38.854957,49.075843],[38.854737,49.075125],[38.853235,49.075638],[38.852073,49.076034]]]}},{"type":"Feature","properties":{"cadnum":"4423187500:01:002:0058"},"geometry":{"type":"Polygon","coordinates":[[[38.852455,49.077273],[38.852546,49.077565],[38.852598,49.077731],[38.853235,49.077514],[38.854225,49.077175],[38.854799,49.076957],[38.855244,49.076761],[38.855118,49.076364],[38.853235,49.077007],[38.852455,49.077273]]]}},{"type":"Feature","properties":{"cadnum":"4423187500:01:002:0055"},"geometry":{"type":"Polygon","coordinates":[[[38.851812,49.07519],[38.851875,49.075395],[38.852073,49.076034],[38.853063,49.075696],[38.853064,49.075696],[38.853064,49.075697],[38.854737,49.075125],[38.854472,49.074283],[38.853235,49.074705],[38.851812,49.07519]]]}},{"type":"Feature","properties":{"cadnum":"4423187500:01:002:0057"},"geometry":{"type":"Polygon","coordinates":[[[38.852298,49.076752],[38.852307,49.07679],[38.852455,49.077267],[38.852455,49.077273],[38.853063,49.077065],[38.853064,49.077065],[38.853064,49.077066],[38.855118,49.076364],[38.854957,49.075843],[38.853064,49.07649],[38.853064,49.076491],[38.852298,49.076752]]]}},{"type":"Feature","properties":{"cadnum":"4423187500:01:002:0008"},"geometry":{"type":"Polygon","coordinates":[[[38.851984,49.077991],[38.852235,49.078785],[38.853235,49.07844],[38.85551,49.077655],[38.855481,49.077559],[38.855406,49.077302],[38.855258,49.076808],[38.854835,49.076996],[38.854261,49.077214],[38.85356,49.077453],[38.853525,49.077465],[38.85323,49.077565],[38.85323,49.077566],[38.853064,49.077622],[38.853064,49.077623],[38.851984,49.077991]]]}},{"type":"Feature","properties":{"cadnum":"4423187500:01:012:0009"},"geometry":{"type":"Polygon","coordinates":[[[38.868189,49.036427],[38.869715,49.03683],[38.869715,49.036829],[38.870515,49.03704],[38.870928,49.036336],[38.869543,49.03597],[38.868737,49.035756],[38.868189,49.036427]]]}},{"type":"Feature","properties":{"cadnum":"4423187500:01:012:0033"},"geometry":{"type":"Polygon","coordinates":[[[38.868926,49.037675],[38.869543,49.037818],[38.869569,49.037824],[38.869715,49.037857],[38.870072,49.037939],[38.871158,49.038188],[38.871171,49.03817],[38.871375,49.037857],[38.871375,49.037856],[38.871594,49.037522],[38.870911,49.037382],[38.870907,49.037378],[38.870619,49.037304],[38.869715,49.03707],[38.869383,49.036984],[38.868926,49.037675]]]}},{"type":"Feature","properties":{"cadnum":"4423187500:01:012:0145"},"geometry":{"type":"Polygon","coordinates":[[[38.874104,49.036707],[38.875036,49.036996],[38.876876,49.037564],[38.877194,49.037034],[38.877262,49.036922],[38.875276,49.036307],[38.875133,49.036356],[38.874104,49.036707]]]}},{"type":"Feature","properties":{"cadnum":"4423187500:01:012:0008"},"geometry":{"type":"Polygon","coordinates":[[[38.868737,49.035756],[38.869715,49.036016],[38.869715,49.036015],[38.870928,49.036336],[38.872104,49.034316],[38.872232,49.034098],[38.870148,49.033548],[38.869842,49.034148],[38.869693,49.034368],[38.869694,49.034368],[38.869543,49.034592],[38.869543,49.034593],[38.868854,49.035615],[38.868737,49.035756]]]}},{"type":"Feature","properties":{"cadnum":"4423187500:01:012:0007"},"geometry":{"type":"Polygon","coordinates":[[[38.870515,49.03704],[38.870794,49.037114],[38.872097,49.037391],[38.872177,49.037363],[38.873835,49.034523],[38.872889,49.034272],[38.872878,49.034269],[38.872232,49.034098],[38.87214,49.034255],[38.872139,49.034255],[38.872104,49.034316],[38.872074,49.034368],[38.870928,49.036336],[38.870515,49.03704]]]}},{"type":"Feature","properties":{"cadnum":"4423187500:01:012:0144"},"geometry":{"type":"Polygon","coordinates":[[[38.873192,49.037016],[38.875036,49.037586],[38.876279,49.037969],[38.87628,49.037969],[38.87658,49.038061],[38.876637,49.037966],[38.876867,49.037581],[38.876876,49.037564],[38.875208,49.037049],[38.874104,49.036707],[38.873192,49.037016]]]}},{"type":"Feature","properties":{"cadnum":"4423187500:01:012:0034"},"geometry":{"type":"Polygon","coordinates":[[[38.868477,49.038365],[38.869543,49.03861],[38.869543,49.038611],[38.870704,49.038877],[38.870731,49.038836],[38.871158,49.038188],[38.870204,49.037969],[38.870072,49.037939],[38.869713,49.037857],[38.869712,49.037857],[38.869569,49.037824],[38.868926,49.037675],[38.868808,49.037857],[38.868807,49.037857],[38.868477,49.038365]]]}},{"type":"Feature","properties":{"cadnum":"4423187500:01:012:0052"},"geometry":{"type":"Polygon","coordinates":[[[38.871171,49.03817],[38.873471,49.038698],[38.873924,49.038009],[38.873195,49.037857],[38.871594,49.037522],[38.871301,49.037969],[38.871302,49.037969],[38.871171,49.03817]]]}},{"type":"Feature","properties":{"cadnum":"4423187500:01:012:0153"},"geometry":{"type":"Polygon","coordinates":[[[38.874087,49.037814],[38.874284,49.037856],[38.874284,49.037857],[38.875208,49.038054],[38.875825,49.038185],[38.876435,49.038297],[38.87658,49.038061],[38.876227,49.037953],[38.875208,49.03764],[38.875208,49.037639],[38.874351,49.037376],[38.874087,49.037814]]]}},{"type":"Feature","properties":{"cadnum":"4423187500:01:012:0006"},"geometry":{"type":"Polygon","coordinates":[[[38.872177,49.037363],[38.873192,49.037016],[38.874104,49.036707],[38.875036,49.036389],[38.875133,49.036356],[38.875208,49.03633],[38.875276,49.036307],[38.876574,49.035865],[38.876884,49.035329],[38.875044,49.034843],[38.874957,49.03482],[38.873835,49.034523],[38.872177,49.037363]]]}},{"type":"Feature","properties":{"cadnum":"4423187500:01:012:0154"},"geometry":{"type":"Polygon","coordinates":[[[38.872097,49.037391],[38.874087,49.037814],[38.874351,49.037376],[38.873192,49.037016],[38.872177,49.037363],[38.872097,49.037391]]]}},{"type":"Feature","properties":{"cadnum":"4423187500:01:011:0020"},"geometry":{"type":"Polygon","coordinates":[[[38.865282,49.03449],[38.86884,49.035523],[38.869543,49.034481],[38.869619,49.034368],[38.86962,49.034368],[38.869711,49.034232],[38.869715,49.034226],[38.869779,49.034131],[38.869694,49.034105],[38.869536,49.034057],[38.867043,49.033377],[38.86637,49.033176],[38.865638,49.03406],[38.865476,49.034255],[38.865282,49.03449]]]}},{"type":"Feature","properties":{"cadnum":"4423187500:01:010:0011"},"geometry":{"type":"Polygon","coordinates":[[[38.822743,49.053639],[38.825598,49.053669],[38.825598,49.05367],[38.826876,49.053683],[38.826961,49.052372],[38.826961,49.052371],[38.826962,49.052371],[38.826979,49.05211],[38.825753,49.052098],[38.822846,49.052066],[38.822824,49.052371],[38.822825,49.052371],[38.822825,49.052372],[38.822802,49.052734],[38.822743,49.053639]]]}},{"type":"Feature","properties":{"cadnum":"4423187500:01:010:0014"},"geometry":{"type":"Polygon","coordinates":[[[38.827132,49.052699],[38.831091,49.052742],[38.833958,49.052773],[38.833958,49.051717],[38.831263,49.051688],[38.827199,49.051643],[38.827159,49.052259],[38.827132,49.052699]]]}},{"type":"Feature","properties":{"cadnum":"4423187500:01:010:0013"},"geometry":{"type":"Polygon","coordinates":[[[38.82706,49.053792],[38.827738,49.053648],[38.828816,49.053797],[38.829763,49.053851],[38.830998,49.05401],[38.831091,49.054012],[38.831091,49.054013],[38.832908,49.054065],[38.833209,49.053977],[38.833577,49.053485],[38.833752,49.053368],[38.833958,49.053271],[38.833958,49.052773],[38.831263,49.052744],[38.827132,49.052699],[38.82706,49.053792]]]}},{"type":"Feature","properties":{"cadnum":"4423187500:04:010:0002"},"geometry":{"type":"Polygon","coordinates":[[[38.895354,49.047277],[38.89574,49.047318],[38.89578,49.047288],[38.896113,49.047324],[38.896297,49.047316],[38.896446,49.04688],[38.896572,49.046655],[38.896759,49.046553],[38.895813,49.046356],[38.895354,49.047277]]]}},{"type":"Feature","properties":{"cadnum":"4423187500:01:012:0106"},"geometry":{"type":"Polygon","coordinates":[[[38.890058,49.044981],[38.89037,49.045058],[38.890784,49.04516],[38.890826,49.045171],[38.89119,49.04526],[38.891516,49.045294],[38.891519,49.045294],[38.891687,49.045311],[38.891688,49.045311],[38.891859,49.045328],[38.892578,49.045284],[38.892605,49.045284],[38.893337,49.045422],[38.893446,49.045239],[38.892933,49.045058],[38.891687,49.044618],[38.89066,49.044254],[38.890553,49.044383],[38.89023,49.044774],[38.890058,49.044981]]]}},{"type":"Feature","properties":{"cadnum":"4423187500:04:010:0001"},"geometry":{"type":"Polygon","coordinates":[[[38.895813,49.046356],[38.896759,49.046553],[38.896778,49.046544],[38.896863,49.046526],[38.896935,49.046488],[38.897009,49.04645],[38.897159,49.046371],[38.896482,49.046205],[38.895929,49.046114],[38.895813,49.046356]]]}},{"type":"Feature","properties":{"cadnum":"4423187500:01:012:0107"},"geometry":{"type":"Polygon","coordinates":[[[38.89066,49.044254],[38.891516,49.044557],[38.893251,49.045171],[38.893252,49.045171],[38.893446,49.045239],[38.893532,49.04509],[38.893763,49.044695],[38.891687,49.04396],[38.891079,49.043744],[38.89088,49.043982],[38.89066,49.044254]]]}},{"type":"Feature","properties":{"cadnum":"4423187500:01:006:0018"},"geometry":{"type":"Polygon","coordinates":[[[38.844258,49.060075],[38.844941,49.061818],[38.84757,49.061724],[38.847615,49.061722],[38.847742,49.061718],[38.849374,49.061659],[38.850969,49.061715],[38.85104,49.061445],[38.849208,49.060947],[38.847742,49.060612],[38.847742,49.060611],[38.845893,49.060188],[38.845372,49.060043],[38.844855,49.06002],[38.84481,49.060008],[38.844797,49.059988],[38.844258,49.060075]]]}},{"type":"Feature","properties":{"cadnum":"4423187500:01:013:0017"},"geometry":{"type":"Polygon","coordinates":[[[38.829597,49.023449],[38.829601,49.02345],[38.831263,49.023744],[38.831263,49.023743],[38.832652,49.023988],[38.832542,49.02345],[38.832499,49.02324],[38.832018,49.022471],[38.831259,49.021278],[38.831155,49.021037],[38.831128,49.020839],[38.831151,49.02073],[38.830918,49.020692],[38.829597,49.023449]]]}},{"type":"Feature","properties":{"cadnum":"4423187500:01:013:0020"},"geometry":{"type":"Polygon","coordinates":[[[38.824989,49.022653],[38.825769,49.022783],[38.825769,49.022782],[38.82577,49.022782],[38.826511,49.022904],[38.827832,49.020153],[38.826319,49.019889],[38.826314,49.019888],[38.826279,49.01996],[38.826279,49.019961],[38.82577,49.021025],[38.825769,49.021025],[38.824989,49.022653]]]}},{"type":"Feature","properties":{"cadnum":"4423187500:01:013:0027"},"geometry":{"type":"Polygon","coordinates":[[[38.827257,49.020006],[38.829077,49.020324],[38.829251,49.01996],[38.830186,49.018014],[38.828367,49.017699],[38.827332,49.019848],[38.827294,49.019927],[38.827278,49.01996],[38.827278,49.019961],[38.827257,49.020006]]]}},{"type":"Feature","properties":{"cadnum":"4423187500:01:013:0019"},"geometry":{"type":"Polygon","coordinates":[[[38.826511,49.022904],[38.826746,49.022943],[38.828029,49.023172],[38.829354,49.020418],[38.827832,49.020153],[38.826511,49.022904]]]}},{"type":"Feature","properties":{"cadnum":"4423187500:01:013:0026"},"geometry":{"type":"Polygon","coordinates":[[[38.825448,49.01969],[38.825598,49.019717],[38.826994,49.01996],[38.827257,49.020006],[38.827294,49.019927],[38.828367,49.017699],[38.826553,49.017381],[38.825745,49.01907],[38.825448,49.01969]]]}},{"type":"Feature","properties":{"cadnum":"4423187500:01:013:0028"},"geometry":{"type":"Polygon","coordinates":[[[38.829077,49.020324],[38.831091,49.020674],[38.831091,49.020675],[38.831161,49.020686],[38.831178,49.020592],[38.831245,49.020421],[38.831263,49.020386],[38.831263,49.020385],[38.831485,49.019928],[38.831601,49.019694],[38.832197,49.018365],[38.831235,49.018197],[38.830186,49.018014],[38.829305,49.019848],[38.829077,49.020324]]]}},{"type":"Feature","properties":{"cadnum":"4423187500:01:013:0018"},"geometry":{"type":"Polygon","coordinates":[[[38.828029,49.023172],[38.829597,49.023449],[38.830918,49.020692],[38.829354,49.020418],[38.828029,49.023172]]]}},{"type":"Feature","properties":{"cadnum":"4423187500:01:011:0006"},"geometry":{"type":"Polygon","coordinates":[[[38.848426,49.030894],[38.853064,49.032922],[38.853915,49.033294],[38.854625,49.032638],[38.853064,49.032008],[38.853063,49.032008],[38.852136,49.031633],[38.850946,49.031094],[38.85001,49.030654],[38.849338,49.030337],[38.849329,49.030329],[38.848709,49.030649],[38.848704,49.030654],[38.848426,49.030894]]]}},{"type":"Feature","properties":{"cadnum":"4423187500:01:011:0035"},"geometry":{"type":"Polygon","coordinates":[[[38.851269,49.030994],[38.852302,49.031463],[38.852963,49.031727],[38.853063,49.031618],[38.853064,49.031618],[38.853105,49.031573],[38.853235,49.031432],[38.853847,49.030766],[38.854768,49.029767],[38.853214,49.028789],[38.853183,49.028806],[38.85298,49.029112],[38.851578,49.030654],[38.851269,49.030994]]]}},{"type":"Feature","properties":{"cadnum":"4423187500:01:013:0001"},"geometry":{"type":"Polygon","coordinates":[[[38.849598,49.030214],[38.849679,49.030247],[38.850781,49.030766],[38.850782,49.030766],[38.851216,49.03097],[38.851474,49.030684],[38.852917,49.029092],[38.853063,49.028871],[38.853064,49.028871],[38.853124,49.02878],[38.853235,49.028718],[38.853246,49.028712],[38.853064,49.028596],[38.853063,49.028596],[38.852078,49.027967],[38.851426,49.028202],[38.849598,49.030214]]]}},{"type":"Feature","properties":{"cadnum":"4423187500:01:013:0040"},"geometry":{"type":"Polygon","coordinates":[[[38.850321,49.02832],[38.850371,49.02835],[38.850762,49.028391],[38.851992,49.027946],[38.851997,49.02794],[38.852011,49.027925],[38.852577,49.027549],[38.851916,49.027313],[38.851382,49.027124],[38.850753,49.027837],[38.850766,49.027923],[38.85077,49.028265],[38.85047,49.028152],[38.850321,49.02832]]]}},{"type":"Feature","properties":{"cadnum":"4423187500:01:010:0017"},"geometry":{"type":"Polygon","coordinates":[[[38.827316,49.049876],[38.831091,49.049917],[38.833954,49.049947],[38.83395,49.049243],[38.833931,49.049149],[38.831263,49.049119],[38.827365,49.049075],[38.827316,49.049876]]]}},{"type":"Feature","properties":{"cadnum":"4423187500:01:010:0023"},"geometry":{"type":"Polygon","coordinates":[[[38.834021,49.050833],[38.836584,49.050931],[38.836584,49.050932],[38.840803,49.051093],[38.840906,49.050432],[38.84097,49.050053],[38.837691,49.04993],[38.836756,49.049894],[38.834021,49.049788],[38.834021,49.050833]]]}},{"type":"Feature","properties":{"cadnum":"4423187500:01:010:0015"},"geometry":{"type":"Polygon","coordinates":[[[38.827199,49.051643],[38.829687,49.051669],[38.831091,49.051685],[38.831213,49.051686],[38.831263,49.051687],[38.831893,49.051693],[38.833958,49.051717],[38.833954,49.050789],[38.831843,49.050766],[38.831263,49.050759],[38.82936,49.050739],[38.827257,49.050715],[38.827199,49.051643]]]}},{"type":"Feature","properties":{"cadnum":"4423187500:01:010:0022"},"geometry":{"type":"Polygon","coordinates":[[[38.834021,49.050833],[38.834027,49.052005],[38.836756,49.052109],[38.836756,49.052108],[38.8404,49.052246],[38.840669,49.051949],[38.840803,49.051093],[38.836756,49.050938],[38.834021,49.050833]]]}},{"type":"Feature","properties":{"cadnum":"4423187500:01:010:0016"},"geometry":{"type":"Polygon","coordinates":[[[38.827257,49.050715],[38.82936,49.050739],[38.831091,49.050758],[38.831843,49.050766],[38.833954,49.050789],[38.833954,49.049947],[38.83165,49.049924],[38.831166,49.049919],[38.829161,49.049897],[38.827316,49.049876],[38.827257,49.050715]]]}},{"type":"Feature","properties":{"cadnum":"4423187500:07:001:0069"},"geometry":{"type":"Polygon","coordinates":[[[38.918229,49.057677],[38.918795,49.057791],[38.918981,49.057378],[38.918981,49.057377],[38.918982,49.057377],[38.919009,49.057316],[38.919153,49.056996],[38.919153,49.056995],[38.919208,49.056873],[38.919113,49.056852],[38.918715,49.056761],[38.918495,49.057106],[38.918229,49.057677]]]}},{"type":"Feature","properties":{"cadnum":"4423187500:01:013:0032"},"geometry":{"type":"Polygon","coordinates":[[[38.828658,49.017702],[38.831091,49.018127],[38.83222,49.018324],[38.832234,49.018291],[38.83222,49.01762],[38.83205,49.017431],[38.831273,49.017101],[38.831237,49.016557],[38.831044,49.016339],[38.831043,49.016338],[38.830141,49.015867],[38.829647,49.01564],[38.829356,49.016245],[38.828658,49.017702]]]}},{"type":"Feature","properties":{"cadnum":"4423187500:01:008:0052"},"geometry":{"type":"Polygon","coordinates":[[[38.858411,49.060555],[38.858728,49.060565],[38.858729,49.060565],[38.860845,49.060626],[38.861079,49.05987],[38.860041,49.059846],[38.858644,49.059802],[38.858411,49.060555]]]}},{"type":"Feature","properties":{"cadnum":"4423187500:01:008:0049"},"geometry":{"type":"Polygon","coordinates":[[[38.855365,49.061082],[38.855357,49.061162],[38.855447,49.061965],[38.855447,49.061977],[38.856084,49.062039],[38.856911,49.061821],[38.856965,49.061739],[38.855824,49.061506],[38.85569,49.061273],[38.855787,49.061288],[38.855891,49.061417],[38.857948,49.061833],[38.858154,49.061164],[38.855365,49.061082]]]}},{"type":"Feature","properties":{"cadnum":"4423187500:01:008:0051"},"geometry":{"type":"Polygon","coordinates":[[[38.855661,49.060426],[38.858357,49.060505],[38.858577,49.059802],[38.855864,49.05972],[38.855999,49.059966],[38.855994,49.059999],[38.855661,49.060426]]]}},{"type":"Feature","properties":{"cadnum":"4423187500:01:008:0050"},"geometry":{"type":"Polygon","coordinates":[[[38.855365,49.061082],[38.858154,49.061164],[38.858357,49.060505],[38.855661,49.060426],[38.855397,49.060764],[38.855365,49.061082]],[[38.857485,49.061006],[38.857324,49.060976],[38.857364,49.060902],[38.857365,49.060902],[38.857504,49.060935],[38.857485,49.061006]]]}},{"type":"Feature","properties":{"cadnum":"4423187500:01:008:0054"},"geometry":{"type":"Polygon","coordinates":[[[38.858011,49.061844],[38.858557,49.061955],[38.858557,49.061956],[38.858693,49.061983],[38.858617,49.062071],[38.858244,49.061995],[38.858263,49.062082],[38.858263,49.062083],[38.858557,49.062161],[38.858563,49.062162],[38.858728,49.062157],[38.858729,49.062157],[38.859345,49.062136],[38.860238,49.062156],[38.860387,49.062115],[38.860617,49.061377],[38.858557,49.061317],[38.858177,49.061306],[38.858011,49.061844]]]}},{"type":"Feature","properties":{"cadnum":"4423187500:01:008:0053"},"geometry":{"type":"Polygon","coordinates":[[[38.858177,49.061306],[38.858728,49.061322],[38.858729,49.061322],[38.860617,49.061377],[38.860755,49.060915],[38.860845,49.060626],[38.858557,49.06056],[38.858411,49.060555],[38.858177,49.061306]]]}},{"type":"Feature","properties":{"cadnum":"4423187500:07:001:0053"},"geometry":{"type":"Polygon","coordinates":[[[38.930905,49.052022],[38.931916,49.052259],[38.931917,49.052259],[38.932248,49.052336],[38.932252,49.052337],[38.932397,49.052049],[38.931049,49.051731],[38.930982,49.051866],[38.930905,49.052022]]]}},{"type":"Feature","properties":{"cadnum":"4423187500:07:001:0003"},"geometry":{"type":"Polygon","coordinates":[[[38.931794,49.053818],[38.934628,49.054386],[38.934668,49.054395],[38.935461,49.054554],[38.935563,49.054574],[38.935633,49.054588],[38.936097,49.05468],[38.937377,49.052741],[38.937454,49.05262],[38.936672,49.052437],[38.93594,49.052259],[38.935938,49.052259],[38.935633,49.052185],[38.935633,49.052184],[38.934825,49.051987],[38.934381,49.051905],[38.933726,49.051828],[38.932831,49.051702],[38.932773,49.051708],[38.932465,49.052371],[38.932465,49.052372],[38.931794,49.053818]]]}},{"type":"Feature","properties":{"cadnum":"4423187500:07:001:0119"},"geometry":{"type":"Polygon","coordinates":[[[38.931408,49.056773],[38.931416,49.05692],[38.93143,49.057094],[38.934426,49.05768],[38.934628,49.057356],[38.935118,49.05642],[38.935359,49.055913],[38.935461,49.0557],[38.935461,49.055701],[38.935571,49.05547],[38.935571,49.055469],[38.93546,49.055313],[38.935154,49.055154],[38.934615,49.054951],[38.934031,49.054983],[38.933209,49.054957],[38.933119,49.055027],[38.932873,49.055225],[38.932068,49.055778],[38.931956,49.055859],[38.931955,49.055859],[38.931709,49.056037],[38.931556,49.056408],[38.931408,49.056773]]]}},{"type":"Feature","properties":{"cadnum":"4423187500:01:008:0065"},"geometry":{"type":"Polygon","coordinates":[[[38.872087,49.055337],[38.872452,49.055622],[38.87463,49.055749],[38.87489,49.053945],[38.874873,49.053936],[38.874221,49.054418],[38.874213,49.054675],[38.874661,49.054981],[38.874679,49.054996],[38.87468,49.054996],[38.874684,49.055013],[38.87468,49.055031],[38.874679,49.055031],[38.874661,49.055046],[38.874639,49.055055],[38.874616,49.055057],[38.873259,49.055072],[38.873232,49.055069],[38.873211,49.05506],[38.873202,49.055051],[38.872892,49.054715],[38.872303,49.054715],[38.872087,49.055337]]]}},{"type":"Feature","properties":{"cadnum":"4423187500:01:008:0071"},"geometry":{"type":"Polygon","coordinates":[[[38.868615,49.056176],[38.869543,49.056229],[38.871989,49.056367],[38.872048,49.055971],[38.872083,49.05574],[38.871257,49.055699],[38.869715,49.055635],[38.868701,49.055593],[38.868661,49.055859],[38.868615,49.056176]]]}},{"type":"Feature","properties":{"cadnum":"4423187500:01:008:0064"},"geometry":{"type":"Polygon","coordinates":[[[38.87463,49.055749],[38.875036,49.055774],[38.875108,49.055779],[38.875208,49.055785],[38.876234,49.055847],[38.876947,49.055887],[38.87701,49.055793],[38.877014,49.055437],[38.876794,49.054639],[38.876005,49.05453],[38.875991,49.05453],[38.875972,49.054521],[38.875193,49.054106],[38.87489,49.053945],[38.87463,49.055749]]]}},{"type":"Feature","properties":{"cadnum":"4423187500:01:008:0066"},"geometry":{"type":"Polygon","coordinates":[[[38.872093,49.056152],[38.875036,49.056321],[38.876157,49.056384],[38.87622,49.055941],[38.876234,49.055847],[38.875108,49.055779],[38.87463,49.055749],[38.872452,49.055622],[38.872506,49.055664],[38.872519,49.055675],[38.872523,49.05569],[38.872519,49.055708],[38.87251,49.055716],[38.872487,49.055738],[38.872483,49.055743],[38.87246,49.055755],[38.872433,49.055758],[38.872429,49.055758],[38.87215,49.055743],[38.872134,49.055859],[38.872133,49.055859],[38.872093,49.056152]]]}},{"type":"Feature","properties":{"cadnum":"4423187500:01:014:0015"},"geometry":{"type":"Polygon","coordinates":[[[38.870112,49.021481],[38.871683,49.021932],[38.873255,49.022382],[38.873295,49.022321],[38.873548,49.021935],[38.870403,49.021033],[38.870291,49.021201],[38.870112,49.021481]]]}},{"type":"Feature","properties":{"cadnum":"4423187500:01:014:0016"},"geometry":{"type":"Polygon","coordinates":[[[38.870403,49.021033],[38.873548,49.021935],[38.873695,49.021714],[38.873844,49.021487],[38.870695,49.020586],[38.870672,49.020618],[38.870403,49.021033]]]}},{"type":"Feature","properties":{"cadnum":"4423187500:01:014:0011"},"geometry":{"type":"Polygon","coordinates":[[[38.867915,49.020725],[38.868311,49.021375],[38.868548,49.021567],[38.869715,49.021901],[38.869815,49.02193],[38.870112,49.021481],[38.870291,49.021201],[38.869561,49.020993],[38.867959,49.020533],[38.867915,49.020725]]]}},{"type":"Feature","properties":{"cadnum":"4423187500:01:014:0012"},"geometry":{"type":"Polygon","coordinates":[[[38.867959,49.020533],[38.869543,49.020988],[38.869561,49.020993],[38.869715,49.021037],[38.870291,49.021201],[38.870403,49.021033],[38.870672,49.020621],[38.869543,49.020296],[38.869543,49.020297],[38.868194,49.019909],[38.868014,49.020315],[38.867959,49.020533]]]}},{"type":"Feature","properties":{"cadnum":"4423187500:01:014:0020"},"geometry":{"type":"Polygon","coordinates":[[[38.873295,49.022321],[38.875036,49.022821],[38.87671,49.023301],[38.87711,49.022695],[38.875208,49.022149],[38.875208,49.022148],[38.873695,49.021714],[38.873548,49.021935],[38.873295,49.022321]]]}},{"type":"Feature","properties":{"cadnum":"4423187500:01:014:0018"},"geometry":{"type":"Polygon","coordinates":[[[38.871387,49.02238],[38.872963,49.02283],[38.873255,49.022382],[38.871683,49.021932],[38.871387,49.02238]]]}},{"type":"Feature","properties":{"cadnum":"4423187500:01:014:0022"},"geometry":{"type":"Polygon","coordinates":[[[38.874055,49.021163],[38.875036,49.021446],[38.875036,49.021447],[38.877473,49.022147],[38.877819,49.021623],[38.875036,49.020822],[38.875036,49.020823],[38.874401,49.020639],[38.874266,49.020842],[38.874136,49.021042],[38.874055,49.021163]]]}},{"type":"Feature","properties":{"cadnum":"4423187500:01:014:0017"},"geometry":{"type":"Polygon","coordinates":[[[38.870695,49.020586],[38.873844,49.021487],[38.874055,49.021163],[38.874136,49.021042],[38.874073,49.021025],[38.870987,49.020138],[38.870695,49.020586]]]}},{"type":"Feature","properties":{"cadnum":"4423187500:01:014:0021"},"geometry":{"type":"Polygon","coordinates":[[[38.873695,49.021714],[38.875036,49.022099],[38.87711,49.022695],[38.877473,49.022147],[38.875208,49.021496],[38.874055,49.021163],[38.873844,49.021487],[38.873695,49.021714]]]}},{"type":"Feature","properties":{"cadnum":"4423187500:01:014:0019"},"geometry":{"type":"Polygon","coordinates":[[[38.872936,49.022871],[38.875036,49.023472],[38.875036,49.023473],[38.876345,49.023847],[38.876546,49.023545],[38.87671,49.023301],[38.875208,49.022871],[38.873295,49.022321],[38.873255,49.022382],[38.872963,49.02283],[38.872936,49.022871]]]}},{"type":"Feature","properties":{"cadnum":"4423187500:01:014:0013"},"geometry":{"type":"Polygon","coordinates":[[[38.867718,49.019195],[38.867794,49.019508],[38.868207,49.019799],[38.868225,49.019829],[38.868221,49.019841],[38.868218,49.019848],[38.868217,49.019848],[38.868194,49.019909],[38.868195,49.019909],[38.869715,49.020345],[38.870672,49.020618],[38.870695,49.020586],[38.870987,49.020138],[38.870211,49.019914],[38.869649,49.019752],[38.867718,49.019195]]]}},{"type":"Feature","properties":{"cadnum":"4423187500:01:014:0057"},"geometry":{"type":"Polygon","coordinates":[[[38.869649,49.019752],[38.86998,49.019848],[38.870211,49.019914],[38.870371,49.01996],[38.870987,49.020138],[38.874073,49.021025],[38.874203,49.020825],[38.874771,49.01996],[38.87485,49.019841],[38.870403,49.018577],[38.869649,49.019752]]]}},{"type":"Feature","properties":{"cadnum":"4423187500:01:014:0014"},"geometry":{"type":"Polygon","coordinates":[[[38.869815,49.02193],[38.871387,49.02238],[38.871683,49.021932],[38.870112,49.021481],[38.869815,49.02193]]]}},{"type":"Feature","properties":{"cadnum":"4423187500:01:014:0023"},"geometry":{"type":"Polygon","coordinates":[[[38.874401,49.020639],[38.875208,49.020872],[38.877819,49.021623],[38.878219,49.021019],[38.875208,49.020154],[38.874796,49.020035],[38.874401,49.020639]]]}},{"type":"Feature","properties":{"cadnum":"4423187500:01:012:0013"},"geometry":{"type":"Polygon","coordinates":[[[38.888828,49.038677],[38.8907,49.039254],[38.891514,49.037857],[38.891516,49.037855],[38.891622,49.037672],[38.891687,49.03756],[38.892515,49.036139],[38.891516,49.035828],[38.890651,49.035558],[38.889307,49.037857],[38.889258,49.03794],[38.889241,49.037969],[38.888828,49.038677]]]}},{"type":"Feature","properties":{"cadnum":"4423187500:01:012:0012"},"geometry":{"type":"Polygon","coordinates":[[[38.886928,49.038094],[38.887863,49.03838],[38.888828,49.038677],[38.889258,49.03794],[38.890651,49.035558],[38.889201,49.035108],[38.888589,49.035246],[38.887,49.037969],[38.886928,49.038094]]]}},{"type":"Feature","properties":{"cadnum":"4423187500:01:012:0014"},"geometry":{"type":"Polygon","coordinates":[[[38.8907,49.039254],[38.891087,49.039375],[38.891516,49.039507],[38.891516,49.039508],[38.891672,49.039556],[38.891687,49.03956],[38.892475,49.039802],[38.893608,49.037857],[38.894289,49.03669],[38.892515,49.036139],[38.891622,49.037672],[38.891449,49.037969],[38.8907,49.039254]]]}},{"type":"Feature","properties":{"cadnum":"4423187500:01:012:0011"},"geometry":{"type":"Polygon","coordinates":[[[38.884471,49.037334],[38.884511,49.037349],[38.886022,49.037815],[38.886023,49.037815],[38.886521,49.037969],[38.886522,49.037969],[38.886928,49.038094],[38.887066,49.037857],[38.888589,49.035246],[38.888339,49.035305],[38.886892,49.035889],[38.886855,49.035894],[38.886488,49.035853],[38.886469,49.03585],[38.886461,49.035848],[38.886159,49.035721],[38.886151,49.035715],[38.886138,49.035703],[38.885715,49.035206],[38.884471,49.037334]]]}},{"type":"Feature","properties":{"cadnum":"4423187500:01:003:0045"},"geometry":{"type":"Polygon","coordinates":[[[38.830927,49.069557],[38.831091,49.070076],[38.831091,49.070077],[38.831094,49.070085],[38.831169,49.070368],[38.831169,49.070369],[38.831263,49.070715],[38.831263,49.070714],[38.83143,49.071341],[38.831839,49.071691],[38.832373,49.071871],[38.832853,49.071826],[38.834161,49.071653],[38.833905,49.070369],[38.833905,49.070368],[38.833906,49.070368],[38.833662,49.069134],[38.831263,49.069506],[38.830927,49.069557]]]}},{"type":"Feature","properties":{"cadnum":"4423187500:01:003:0017"},"geometry":{"type":"Polygon","coordinates":[[[38.827868,49.074484],[38.829948,49.074651],[38.829982,49.073967],[38.830069,49.072197],[38.827985,49.072032],[38.827898,49.073855],[38.827897,49.07387],[38.827892,49.073967],[38.827868,49.074484]]]}},{"type":"Feature","properties":{"cadnum":"4423187500:01:003:0025"},"geometry":{"type":"Polygon","coordinates":[[[38.825901,49.07107],[38.831091,49.071484],[38.831551,49.07152],[38.831367,49.071361],[38.831124,49.070473],[38.82941,49.070336],[38.82595,49.070061],[38.82594,49.070256],[38.825901,49.07107]]]}},{"type":"Feature","properties":{"cadnum":"4423187500:01:003:0016"},"geometry":{"type":"Polygon","coordinates":[[[38.829948,49.074651],[38.831263,49.074758],[38.832027,49.074819],[38.832068,49.073967],[38.832069,49.073967],[38.832149,49.072365],[38.831091,49.072279],[38.830069,49.072197],[38.829987,49.073854],[38.829987,49.073855],[38.829948,49.074651]]]}},{"type":"Feature","properties":{"cadnum":"4423187500:01:003:0018"},"geometry":{"type":"Polygon","coordinates":[[[38.825744,49.07431],[38.827868,49.074484],[38.827897,49.07387],[38.827985,49.072032],[38.825861,49.071865],[38.825765,49.073855],[38.825764,49.073877],[38.82576,49.073967],[38.825744,49.07431]]]}},{"type":"Feature","properties":{"cadnum":"4423187500:01:003:0024"},"geometry":{"type":"Polygon","coordinates":[[[38.825861,49.071865],[38.827985,49.072032],[38.830069,49.072197],[38.831263,49.072293],[38.832149,49.072365],[38.832652,49.072403],[38.832665,49.072021],[38.831794,49.071727],[38.831551,49.07152],[38.831263,49.071498],[38.831263,49.071497],[38.825901,49.07107],[38.825861,49.071865]]]}},{"type":"Feature","properties":{"cadnum":"4423187500:01:003:0026"},"geometry":{"type":"Polygon","coordinates":[[[38.82595,49.070061],[38.828399,49.070256],[38.82941,49.070336],[38.829812,49.070368],[38.831124,49.070473],[38.831083,49.070316],[38.831025,49.070093],[38.830707,49.069078],[38.830689,49.069016],[38.827167,49.068999],[38.826004,49.068928],[38.82595,49.070061]]]}},{"type":"Feature","properties":{"cadnum":"4423187500:04:002:0001"},"geometry":{"type":"Polygon","coordinates":[[[38.896302,49.063502],[38.896427,49.063557],[38.897083,49.063186],[38.896966,49.063122],[38.896302,49.063502]]]}},{"type":"Feature","properties":{"cadnum":"4423187500:01:002:0048"},"geometry":{"type":"Polygon","coordinates":[[[38.846719,49.079232],[38.846858,49.079691],[38.84757,49.079448],[38.849715,49.078714],[38.849571,49.078258],[38.847742,49.078883],[38.846719,49.079232]]]}},{"type":"Feature","properties":{"cadnum":"4423187500:01:002:0028"},"geometry":{"type":"Polygon","coordinates":[[[38.85303,49.080603],[38.853064,49.080698],[38.85317,49.080997],[38.853196,49.081077],[38.853235,49.081063],[38.856286,49.080018],[38.856124,49.079547],[38.853064,49.080592],[38.85303,49.080603]]]}},{"type":"Feature","properties":{"cadnum":"4423187500:01:002:0051"},"geometry":{"type":"Polygon","coordinates":[[[38.849288,49.077108],[38.849394,49.077453],[38.849393,49.077453],[38.849486,49.077753],[38.850363,49.077453],[38.852307,49.07679],[38.852298,49.076752],[38.852109,49.076146],[38.849288,49.077108]]]}},{"type":"Feature","properties":{"cadnum":"4423187500:01:002:0045"},"geometry":{"type":"Polygon","coordinates":[[[38.846131,49.077332],[38.846169,49.077453],[38.846173,49.077465],[38.846204,49.077565],[38.846351,49.078038],[38.847742,49.077564],[38.847742,49.077563],[38.847871,49.077519],[38.849203,49.077064],[38.848988,49.076357],[38.847742,49.076783],[38.846131,49.077332]]]}},{"type":"Feature","properties":{"cadnum":"4423187500:01:002:0047"},"geometry":{"type":"Polygon","coordinates":[[[38.846553,49.078697],[38.846719,49.079232],[38.847742,49.078884],[38.847742,49.078883],[38.849575,49.078258],[38.849409,49.077723],[38.84757,49.07835],[38.846553,49.078697]]]}},{"type":"Feature","properties":{"cadnum":"4423187500:01:002:0050"},"geometry":{"type":"Polygon","coordinates":[[[38.849486,49.077753],[38.849634,49.078229],[38.851578,49.077565],[38.851579,49.077565],[38.852455,49.077267],[38.852307,49.07679],[38.850033,49.077565],[38.850033,49.077566],[38.849486,49.077753]]]}},{"type":"Feature","properties":{"cadnum":"4423187500:01:002:0064"},"geometry":{"type":"Polygon","coordinates":[[[38.850403,49.081948],[38.850739,49.081907],[38.851355,49.081971],[38.852141,49.082062],[38.853063,49.082035],[38.853064,49.082035],[38.853064,49.082036],[38.853124,49.082033],[38.853235,49.082017],[38.85351,49.081977],[38.853363,49.081547],[38.853196,49.081077],[38.85317,49.080997],[38.853013,49.081051],[38.852703,49.081158],[38.852685,49.081163],[38.852685,49.081164],[38.850403,49.081948]]]}},{"type":"Feature","properties":{"cadnum":"4423187500:01:002:0049"},"geometry":{"type":"Polygon","coordinates":[[[38.849634,49.078229],[38.849778,49.078693],[38.852598,49.077731],[38.852511,49.077453],[38.852455,49.077273],[38.852455,49.077267],[38.851909,49.077453],[38.851908,49.077453],[38.849634,49.078229]]]}},{"type":"Feature","properties":{"cadnum":"4423187500:01:002:0006"},"geometry":{"type":"Polygon","coordinates":[[[38.84804,49.079338],[38.848413,49.080515],[38.852351,49.079153],[38.852235,49.078785],[38.851984,49.077991],[38.84804,49.079338]]]}},{"type":"Feature","properties":{"cadnum":"4423187500:01:002:0046"},"geometry":{"type":"Polygon","coordinates":[[[38.846351,49.078038],[38.846553,49.078697],[38.847742,49.078292],[38.847742,49.078291],[38.849409,49.077723],[38.849359,49.077566],[38.849359,49.077565],[38.849203,49.077064],[38.848063,49.077453],[38.847871,49.077519],[38.847734,49.077565],[38.847734,49.077566],[38.84757,49.077622],[38.846351,49.078038]]]}},{"type":"Feature","properties":{"cadnum":"4423187500:01:002:0027"},"geometry":{"type":"Polygon","coordinates":[[[38.848305,49.082212],[38.849019,49.082106],[38.850403,49.081948],[38.852703,49.081158],[38.853063,49.081034],[38.853064,49.081034],[38.85317,49.080997],[38.85303,49.080603],[38.851715,49.081051],[38.851714,49.081051],[38.848305,49.082212]]]}},{"type":"Feature","properties":{"cadnum":"4423187500:01:002:0005"},"geometry":{"type":"Polygon","coordinates":[[[38.848413,49.080515],[38.848422,49.080544],[38.848616,49.081163],[38.848616,49.081164],[38.848617,49.081164],[38.848871,49.081968],[38.85129,49.081144],[38.852818,49.080623],[38.852351,49.079153],[38.848413,49.080515]]]}},{"type":"Feature","properties":{"cadnum":"4423187500:01:002:0007"},"geometry":{"type":"Polygon","coordinates":[[[38.852235,49.078785],[38.852351,49.079153],[38.852818,49.080623],[38.853063,49.08054],[38.853064,49.08054],[38.856111,49.0795],[38.855671,49.078214],[38.85551,49.077655],[38.853064,49.078499],[38.852235,49.078785]]]}},{"type":"Feature","properties":{"cadnum":"4423187500:01:010:0099"},"geometry":{"type":"Polygon","coordinates":[[[38.828209,49.040243],[38.831263,49.04028],[38.833702,49.040309],[38.833757,49.039381],[38.831263,49.039352],[38.828272,49.039316],[38.828209,49.040243]]]}},{"type":"Feature","properties":{"cadnum":"4423187500:01:010:0100"},"geometry":{"type":"Polygon","coordinates":[[[38.828272,49.039316],[38.831091,49.03935],[38.833757,49.039381],[38.833815,49.03845],[38.831091,49.038418],[38.831091,49.038419],[38.828331,49.038386],[38.828272,49.039316]]]}},{"type":"Feature","properties":{"cadnum":"4423187500:01:010:0101"},"geometry":{"type":"Polygon","coordinates":[[[38.828331,49.038386],[38.831263,49.038421],[38.831263,49.03842],[38.833815,49.03845],[38.833848,49.037861],[38.833868,49.03752],[38.831263,49.037489],[38.828394,49.037455],[38.828367,49.037857],[38.828366,49.037857],[38.828331,49.038386]]]}},{"type":"Feature","properties":{"cadnum":"4423187500:01:010:0098"},"geometry":{"type":"Polygon","coordinates":[[[38.828151,49.041168],[38.831091,49.041205],[38.833648,49.041236],[38.833702,49.040309],[38.831091,49.040278],[38.828209,49.040243],[38.828151,49.041168]]]}},{"type":"Feature","properties":{"cadnum":"4423187500:01:010:0097"},"geometry":{"type":"Polygon","coordinates":[[[38.828088,49.042096],[38.831263,49.042134],[38.831263,49.042133],[38.833595,49.04216],[38.833634,49.041482],[38.833648,49.041236],[38.831263,49.041207],[38.828151,49.041168],[38.828123,49.04157],[38.828124,49.04157],[38.828088,49.042096]]]}},{"type":"Feature","properties":{"cadnum":"4423187500:01:010:0030"},"geometry":{"type":"Polygon","coordinates":[[[38.849189,49.048628],[38.849766,49.048659],[38.851216,49.048736],[38.8513,49.04874],[38.851489,49.045752],[38.849378,49.045655],[38.849189,49.048628]]]}},{"type":"Feature","properties":{"cadnum":"4423187500:01:010:0031"},"geometry":{"type":"Polygon","coordinates":[[[38.847204,49.04854],[38.84757,49.048556],[38.84757,49.048557],[38.848816,49.04861],[38.849189,49.048628],[38.849378,49.045655],[38.849292,49.045652],[38.849095,49.045413],[38.849068,49.045443],[38.848975,49.045452],[38.847742,49.045394],[38.847407,49.045378],[38.847204,49.04854]]]}},{"type":"Feature","properties":{"cadnum":"4423187500:01:010:0029"},"geometry":{"type":"Polygon","coordinates":[[[38.8513,49.04874],[38.85191,49.048771],[38.851911,49.048771],[38.852051,49.048778],[38.852083,49.048659],[38.852172,49.048334],[38.852172,49.048333],[38.853063,49.04783],[38.853064,49.04783],[38.853064,49.047831],[38.85373,49.047454],[38.854575,49.045893],[38.853105,49.045827],[38.851489,49.045752],[38.851305,49.048659],[38.851304,49.048659],[38.8513,49.04874]]]}},{"type":"Feature","properties":{"cadnum":"4423187500:01:003:0046"},"geometry":{"type":"Polygon","coordinates":[[[38.830778,49.069075],[38.830927,49.069557],[38.831091,49.069532],[38.831091,49.069533],[38.833662,49.069134],[38.836069,49.068761],[38.835585,49.068634],[38.835558,49.068625],[38.835549,49.068613],[38.835275,49.06829],[38.83527,49.068283],[38.835266,49.068272],[38.835109,49.067509],[38.831263,49.068106],[38.831263,49.068105],[38.830945,49.068154],[38.830981,49.068804],[38.830976,49.068825],[38.830832,49.069049],[38.830778,49.069075]]]}},{"type":"Feature","properties":{"cadnum":"4423187500:01:003:0084"},"geometry":{"type":"Polygon","coordinates":[[[38.835199,49.067612],[38.835333,49.068266],[38.835606,49.068593],[38.836101,49.068722],[38.836584,49.068728],[38.838392,49.068748],[38.838289,49.068113],[38.838208,49.067639],[38.836584,49.067625],[38.835199,49.067612]]]}},{"type":"Feature","properties":{"cadnum":"4423187500:01:010:0102"},"geometry":{"type":"Polygon","coordinates":[[[38.828394,49.037455],[38.831091,49.037487],[38.833868,49.03752],[38.833923,49.036581],[38.831263,49.036549],[38.828457,49.036516],[38.828394,49.037455]]]}},{"type":"Feature","properties":{"cadnum":"4423187500:01:010:0103"},"geometry":{"type":"Polygon","coordinates":[[[38.828457,49.036516],[38.831091,49.036547],[38.833923,49.036581],[38.833941,49.036322],[38.833941,49.036321],[38.833918,49.035898],[38.833842,49.035709],[38.831263,49.035602],[38.830424,49.035567],[38.829692,49.035503],[38.828537,49.035282],[38.828457,49.036516]]]}},{"type":"Feature","properties":{"cadnum":"4423187500:01:015:0019"},"geometry":{"type":"Polygon","coordinates":[[[38.906264,49.028621],[38.908167,49.029147],[38.912625,49.030376],[38.913348,49.029451],[38.908167,49.028065],[38.906965,49.027743],[38.906264,49.028621]]]}},{"type":"Feature","properties":{"cadnum":"4423187500:01:015:0020"},"geometry":{"type":"Polygon","coordinates":[[[38.90555,49.029519],[38.908167,49.030241],[38.909661,49.030654],[38.909871,49.030712],[38.910069,49.030766],[38.911919,49.031277],[38.912318,49.030766],[38.912319,49.030766],[38.912625,49.030376],[38.907995,49.029099],[38.906264,49.028621],[38.906013,49.028942],[38.90555,49.029519]]]}},{"type":"Feature","properties":{"cadnum":"4423187500:01:015:0021"},"geometry":{"type":"Polygon","coordinates":[[[38.90484,49.030417],[38.905762,49.030672],[38.908167,49.031336],[38.91121,49.032175],[38.911451,49.031878],[38.911919,49.031277],[38.909871,49.030712],[38.907995,49.030194],[38.90555,49.029519],[38.905069,49.030129],[38.90484,49.030417]]]}},{"type":"Feature","properties":{"cadnum":"4423187500:01:015:0034"},"geometry":{"type":"Polygon","coordinates":[[[38.865588,49.012812],[38.865974,49.012924],[38.866115,49.012755],[38.866599,49.012175],[38.868551,49.012755],[38.868552,49.012755],[38.869091,49.012915],[38.869306,49.01265],[38.86932,49.012633],[38.869267,49.012627],[38.869236,49.012612],[38.869137,49.012476],[38.869119,49.012394],[38.86916,49.01227],[38.869383,49.011882],[38.8695,49.01159],[38.869543,49.011466],[38.869563,49.011407],[38.869577,49.011386],[38.869693,49.011283],[38.869715,49.011274],[38.869715,49.011273],[38.869882,49.011195],[38.869909,49.011186],[38.871059,49.01108],[38.872177,49.010926],[38.869543,49.010147],[38.868148,49.009733],[38.865635,49.012755],[38.865588,49.012812]]]}},{"type":"Feature","properties":{"cadnum":"4423187500:01:015:0032"},"geometry":{"type":"Polygon","coordinates":[[[38.861846,49.011745],[38.863953,49.012365],[38.86405,49.012249],[38.866118,49.009766],[38.865764,49.009948],[38.86405,49.009419],[38.86405,49.00942],[38.863837,49.009353],[38.861846,49.011745]]]}},{"type":"Feature","properties":{"cadnum":"4423187500:01:015:0033"},"geometry":{"type":"Polygon","coordinates":[[[38.863953,49.012365],[38.86405,49.012393],[38.86405,49.012394],[38.864592,49.012553],[38.864959,49.012624],[38.865021,49.012642],[38.865277,49.012718],[38.8654,49.012755],[38.865401,49.012755],[38.865552,49.0128],[38.865588,49.012812],[38.865729,49.012642],[38.868148,49.009733],[38.8669,49.009362],[38.866118,49.009766],[38.864222,49.012043],[38.863953,49.012365]]]}},{"type":"Feature","properties":{"cadnum":"4423187500:01:002:0025"},"geometry":{"type":"Polygon","coordinates":[[[38.867794,49.071712],[38.868515,49.073854],[38.868515,49.073855],[38.868514,49.073855],[38.868814,49.074739],[38.869543,49.074651],[38.870772,49.074501],[38.870591,49.073967],[38.870592,49.073967],[38.870016,49.072256],[38.869543,49.072126],[38.86911,49.072006],[38.867794,49.071712]]]}},{"type":"Feature","properties":{"cadnum":"4423187500:01:002:0026"},"geometry":{"type":"Polygon","coordinates":[[[38.870016,49.072256],[38.870554,49.073854],[38.870554,49.073855],[38.870553,49.073855],[38.870772,49.074501],[38.872798,49.074251],[38.873951,49.07421],[38.874158,49.074198],[38.874154,49.074192],[38.874185,49.073891],[38.874234,49.073439],[38.873611,49.07326],[38.871777,49.07278],[38.870861,49.072488],[38.870016,49.072256]]]}},{"type":"Feature","properties":{"cadnum":"4423187500:01:012:0069"},"geometry":{"type":"Polygon","coordinates":[[[38.874895,49.04087],[38.875036,49.040903],[38.875096,49.040917],[38.875208,49.040942],[38.877406,49.041448],[38.877779,49.040879],[38.875268,49.040302],[38.875219,49.040381],[38.875036,49.040658],[38.874895,49.04087]]]}},{"type":"Feature","properties":{"cadnum":"4423187500:01:012:0053"},"geometry":{"type":"Polygon","coordinates":[[[38.873592,49.038627],[38.875036,49.038958],[38.875036,49.038959],[38.876005,49.039181],[38.876027,49.039151],[38.876435,49.03853],[38.875735,49.038386],[38.875208,49.038277],[38.873987,49.038024],[38.873592,49.038627]]]}},{"type":"Feature","properties":{"cadnum":"4423187500:01:012:0047"},"geometry":{"type":"Polygon","coordinates":[[[38.869051,49.041392],[38.869336,49.041457],[38.869337,49.041457],[38.869337,49.041458],[38.869543,49.041506],[38.869684,49.041538],[38.869715,49.041545],[38.871351,49.041922],[38.871581,49.04157],[38.871582,49.04157],[38.87176,49.0413],[38.869703,49.040826],[38.86946,49.04077],[38.869353,49.040938],[38.869051,49.041392]]]}},{"type":"Feature","properties":{"cadnum":"4423187500:01:012:0048"},"geometry":{"type":"Polygon","coordinates":[[[38.86946,49.04077],[38.869543,49.040789],[38.869703,49.040826],[38.869715,49.040829],[38.87176,49.0413],[38.872173,49.040673],[38.869873,49.040146],[38.869802,49.040255],[38.869607,49.040549],[38.86946,49.04077]]]}},{"type":"Feature","properties":{"cadnum":"4423187500:01:012:0051"},"geometry":{"type":"Polygon","coordinates":[[[38.870731,49.038836],[38.873031,49.039366],[38.873471,49.038698],[38.871171,49.03817],[38.871158,49.038188],[38.870731,49.038836]]]}},{"type":"Feature","properties":{"cadnum":"4423187500:01:012:0056"},"geometry":{"type":"Polygon","coordinates":[[[38.872416,49.040418],[38.874827,49.040974],[38.874895,49.04087],[38.875208,49.040398],[38.875219,49.040381],[38.875041,49.040341],[38.872802,49.039825],[38.872416,49.040418]]]}},{"type":"Feature","properties":{"cadnum":"4423187500:01:012:0068"},"geometry":{"type":"Polygon","coordinates":[[[38.874523,49.041439],[38.874602,49.041457],[38.874602,49.041458],[38.875036,49.041558],[38.877033,49.042018],[38.877361,49.041517],[38.877406,49.041448],[38.875096,49.040917],[38.874895,49.04087],[38.874827,49.040974],[38.874523,49.041439]]]}},{"type":"Feature","properties":{"cadnum":"4423187500:01:012:0050"},"geometry":{"type":"Polygon","coordinates":[[[38.870295,49.039499],[38.872595,49.040028],[38.873031,49.039366],[38.870731,49.038836],[38.870704,49.038877],[38.870295,49.039499]]]}},{"type":"Feature","properties":{"cadnum":"4423187500:01:012:0057"},"geometry":{"type":"Polygon","coordinates":[[[38.872024,49.041012],[38.873965,49.041457],[38.873965,49.041458],[38.874429,49.041564],[38.874437,49.041566],[38.874523,49.041439],[38.874827,49.040974],[38.872416,49.040418],[38.872024,49.041012]]]}},{"type":"Feature","properties":{"cadnum":"4423187500:01:012:0058"},"geometry":{"type":"Polygon","coordinates":[[[38.871634,49.041603],[38.874047,49.042157],[38.874131,49.042031],[38.874437,49.041566],[38.874429,49.041564],[38.872024,49.041012],[38.87173,49.041458],[38.871729,49.041458],[38.871683,49.041529],[38.871655,49.04157],[38.871656,49.04157],[38.871634,49.041603]]]}},{"type":"Feature","properties":{"cadnum":"4423187500:01:012:0067"},"geometry":{"type":"Polygon","coordinates":[[[38.874131,49.042031],[38.875208,49.042279],[38.875208,49.042278],[38.876642,49.042607],[38.877033,49.042018],[38.875208,49.041597],[38.87509,49.04157],[38.874523,49.041439],[38.87451,49.041458],[38.874509,49.041458],[38.874437,49.041566],[38.874433,49.04157],[38.874434,49.04157],[38.874131,49.042031]]]}},{"type":"Feature","properties":{"cadnum":"4423187500:01:012:0055"},"geometry":{"type":"Polygon","coordinates":[[[38.872802,49.039825],[38.875036,49.04034],[38.875041,49.040341],[38.875208,49.04038],[38.875208,49.040379],[38.875219,49.040381],[38.875268,49.040302],[38.875609,49.039787],[38.875208,49.039695],[38.873192,49.039231],[38.872802,49.039825]]]}},{"type":"Feature","properties":{"cadnum":"4423187500:01:012:0157"},"geometry":{"type":"Polygon","coordinates":[[[38.869873,49.040146],[38.872173,49.040673],[38.872595,49.040028],[38.870295,49.039499],[38.870251,49.039567],[38.869873,49.040146]]]}},{"type":"Feature","properties":{"cadnum":"4423187500:01:012:0054"},"geometry":{"type":"Polygon","coordinates":[[[38.873192,49.039231],[38.875036,49.039655],[38.875036,49.039656],[38.875609,49.039787],[38.875645,49.039731],[38.876005,49.039181],[38.875208,49.038998],[38.873592,49.038627],[38.873192,49.039231]]]}},{"type":"Feature","properties":{"cadnum":"4423187500:01:012:0035"},"geometry":{"type":"Polygon","coordinates":[[[38.868022,49.039054],[38.869715,49.039443],[38.870251,49.039567],[38.870295,49.039499],[38.870704,49.038877],[38.869715,49.03865],[38.868477,49.038365],[38.868022,49.039054]]]}},{"type":"Feature","properties":{"cadnum":"4423187500:01:012:0037"},"geometry":{"type":"Polygon","coordinates":[[[38.86712,49.040423],[38.869353,49.040938],[38.86946,49.04077],[38.869543,49.040645],[38.869607,49.040549],[38.869715,49.040387],[38.869715,49.040386],[38.869802,49.040255],[38.869573,49.040203],[38.867569,49.03974],[38.86712,49.040423]]]}},{"type":"Feature","properties":{"cadnum":"4423187500:01:012:0036"},"geometry":{"type":"Polygon","coordinates":[[[38.867569,49.03974],[38.869543,49.040196],[38.869573,49.040203],[38.869715,49.040236],[38.869715,49.040235],[38.869802,49.040255],[38.869873,49.040146],[38.870251,49.039567],[38.869543,49.039404],[38.868022,49.039054],[38.867569,49.03974]]]}},{"type":"Feature","properties":{"cadnum":"4423187500:01:009:0047"},"geometry":{"type":"Polygon","coordinates":[[[38.884844,49.054654],[38.885469,49.055814],[38.886194,49.055687],[38.886627,49.055611],[38.887297,49.05539],[38.886672,49.054233],[38.886086,49.054369],[38.884844,49.054654]]]}},{"type":"Feature","properties":{"cadnum":"4423187500:01:009:0012"},"geometry":{"type":"Polygon","coordinates":[[[38.883528,49.054957],[38.884844,49.054654],[38.886022,49.054383],[38.886023,49.054383],[38.886086,49.054369],[38.886194,49.054344],[38.886194,49.054343],[38.886672,49.054233],[38.88818,49.053886],[38.888981,49.053703],[38.889039,49.053491],[38.886194,49.052715],[38.885697,49.052579],[38.884394,49.053615],[38.883968,49.053953],[38.883991,49.054165],[38.883528,49.054957]]]}},{"type":"Feature","properties":{"cadnum":"4423187500:01:009:0045"},"geometry":{"type":"Polygon","coordinates":[[[38.88818,49.053886],[38.888729,49.054913],[38.89115,49.05411],[38.890714,49.054039],[38.890444,49.054012],[38.889717,49.054012],[38.888968,49.053871],[38.888936,49.053866],[38.888935,49.053866],[38.888935,49.053865],[38.888981,49.053703],[38.88818,49.053886]],[[38.889865,49.054254],[38.889444,49.054171],[38.888716,49.054048],[38.888716,49.054047],[38.888931,49.053947],[38.890247,49.054121],[38.890467,49.054189],[38.890561,49.054286],[38.89053,49.054309],[38.890471,49.054309],[38.889865,49.054254]]]}},{"type":"Feature","properties":{"cadnum":"4423187500:01:009:0010"},"geometry":{"type":"Polygon","coordinates":[[[38.89053,49.053874],[38.891136,49.053971],[38.891146,49.053974],[38.891168,49.053982],[38.891182,49.053997],[38.891186,49.054015],[38.891186,49.054024],[38.891516,49.054077],[38.895247,49.054675],[38.895377,49.054698],[38.895134,49.053312],[38.891687,49.052758],[38.891687,49.052757],[38.890836,49.05262],[38.89053,49.053874]]]}},{"type":"Feature","properties":{"cadnum":"4423187500:01:009:0013"},"geometry":{"type":"Polygon","coordinates":[[[38.885697,49.052579],[38.886022,49.052668],[38.886023,49.052668],[38.889039,49.053491],[38.889367,49.052308],[38.888769,49.052146],[38.886888,49.051631],[38.886099,49.052259],[38.886098,49.052259],[38.885697,49.052579]]]}},{"type":"Feature","properties":{"cadnum":"4423187500:01:009:0008"},"geometry":{"type":"Polygon","coordinates":[[[38.88784,49.056405],[38.888459,49.057176],[38.888477,49.057197],[38.891687,49.056165],[38.891687,49.056164],[38.892634,49.055859],[38.895646,49.054889],[38.895188,49.05481],[38.893597,49.054554],[38.891688,49.055168],[38.891687,49.055168],[38.889189,49.055971],[38.88784,49.056405]]]}},{"type":"Feature","properties":{"cadnum":"4423187500:01:009:0009"},"geometry":{"type":"Polygon","coordinates":[[[38.887117,49.055499],[38.887404,49.055859],[38.887492,49.05597],[38.887494,49.055971],[38.887673,49.056196],[38.88784,49.056405],[38.889539,49.055859],[38.891516,49.055223],[38.893597,49.054554],[38.891516,49.054217],[38.891159,49.054159],[38.887117,49.055499]]]}},{"type":"Feature","properties":{"cadnum":"4423187500:01:009:0046"},"geometry":{"type":"Polygon","coordinates":[[[38.886672,49.054233],[38.887297,49.05539],[38.888729,49.054913],[38.88818,49.053886],[38.886672,49.054233]]]}},{"type":"Feature","properties":{"cadnum":"4423187500:01:009:0011"},"geometry":{"type":"Polygon","coordinates":[[[38.890836,49.05262],[38.891516,49.05273],[38.895134,49.053312],[38.894952,49.052259],[38.894951,49.052259],[38.894901,49.051964],[38.893867,49.051549],[38.89345,49.051419],[38.891603,49.051198],[38.891146,49.051316],[38.89115,49.05134],[38.890896,49.052371],[38.890897,49.052371],[38.890897,49.052372],[38.890836,49.05262]]]}},{"type":"Feature","properties":{"cadnum":"4423187500:01:015:0038"},"geometry":{"type":"Polygon","coordinates":[[[38.869177,49.007377],[38.869543,49.007485],[38.869543,49.007486],[38.873557,49.008673],[38.873485,49.007842],[38.873381,49.0075],[38.873188,49.007285],[38.872923,49.007174],[38.872896,49.007152],[38.872896,49.007126],[38.871324,49.006929],[38.870416,49.006814],[38.869716,49.006728],[38.869664,49.006791],[38.869177,49.007377]]]}},{"type":"Feature","properties":{"cadnum":"4423187500:01:015:0037"},"geometry":{"type":"Polygon","coordinates":[[[38.868553,49.008125],[38.869715,49.008469],[38.87202,49.009152],[38.872021,49.009152],[38.873475,49.009583],[38.873574,49.009433],[38.873611,49.009203],[38.873595,49.009066],[38.873574,49.008871],[38.873557,49.008673],[38.869715,49.007537],[38.869715,49.007536],[38.869177,49.007377],[38.868553,49.008125]]]}},{"type":"Feature","properties":{"cadnum":"4423187500:01:015:0009"},"geometry":{"type":"Polygon","coordinates":[[[38.886668,49.022884],[38.887979,49.023257],[38.888428,49.023384],[38.888429,49.023384],[38.888547,49.02345],[38.888976,49.023688],[38.889731,49.023941],[38.889914,49.024126],[38.889933,49.024273],[38.88974,49.024768],[38.889905,49.024898],[38.891069,49.025351],[38.891687,49.025579],[38.891688,49.025579],[38.891693,49.025581],[38.892169,49.02498],[38.893018,49.023912],[38.892251,49.023699],[38.891687,49.023535],[38.889021,49.022757],[38.888725,49.022681],[38.888459,49.022686],[38.888455,49.022686],[38.888437,49.022683],[38.886981,49.022415],[38.886972,49.022415],[38.886959,49.022406],[38.886752,49.022583],[38.886668,49.022884]]]}},{"type":"Feature","properties":{"cadnum":"4423187500:01:006:0028"},"geometry":{"type":"Polygon","coordinates":[[[38.826318,49.058522],[38.829476,49.057933],[38.82992,49.057032],[38.826763,49.057621],[38.826318,49.058522]]]}},{"type":"Feature","properties":{"cadnum":"4423187500:01:006:0021"},"geometry":{"type":"Polygon","coordinates":[[[38.829031,49.058836],[38.831091,49.058431],[38.834704,49.057718],[38.834704,49.057719],[38.834749,49.057795],[38.835176,49.0577],[38.835234,49.056838],[38.834614,49.056726],[38.833015,49.05665],[38.831264,49.05657],[38.831166,49.056598],[38.830438,49.056805],[38.830249,49.05675],[38.8301,49.05667],[38.82992,49.057032],[38.829476,49.057933],[38.829031,49.058836]]]}},{"type":"Feature","properties":{"cadnum":"4423187500:01:006:0029"},"geometry":{"type":"Polygon","coordinates":[[[38.826763,49.057621],[38.82992,49.057032],[38.8301,49.05667],[38.82975,49.056482],[38.829629,49.056417],[38.828981,49.056388],[38.827572,49.056493],[38.827289,49.056541],[38.827289,49.056565],[38.826763,49.057621]]]}},{"type":"Feature","properties":{"cadnum":"4423187500:01:006:0020"},"geometry":{"type":"Polygon","coordinates":[[[38.829696,49.060476],[38.831263,49.060165],[38.831263,49.060164],[38.831943,49.060029],[38.832911,49.059459],[38.83291,49.059459],[38.83291,49.059458],[38.832911,49.059458],[38.833968,49.058836],[38.83504,49.058089],[38.835176,49.0577],[38.834749,49.057795],[38.831091,49.058518],[38.830761,49.058583],[38.830528,49.058631],[38.830155,49.059458],[38.830155,49.059459],[38.830153,49.059459],[38.829696,49.060476]]]}},{"type":"Feature","properties":{"cadnum":"4423187500:01:009:0042"},"geometry":{"type":"Polygon","coordinates":[[[38.895021,49.052261],[38.895039,49.052371],[38.89504,49.052371],[38.89504,49.052372],[38.895094,49.05269],[38.897181,49.053047],[38.898426,49.053259],[38.898547,49.053026],[38.898624,49.052876],[38.897181,49.05263],[38.89534,49.052315],[38.895021,49.052261]]]}},{"type":"Feature","properties":{"cadnum":"4423187500:01:009:0044"},"geometry":{"type":"Polygon","coordinates":[[[38.893769,49.051274],[38.893935,49.051522],[38.893985,49.051543],[38.895709,49.051837],[38.896262,49.050739],[38.894119,49.050047],[38.893769,49.051274]]]}},{"type":"Feature","properties":{"cadnum":"4423187500:01:009:0043"},"geometry":{"type":"Polygon","coordinates":[[[38.893985,49.051543],[38.894937,49.051925],[38.89495,49.051931],[38.894964,49.051946],[38.894968,49.051957],[38.895021,49.052259],[38.89502,49.052259],[38.895021,49.052261],[38.89534,49.052315],[38.895669,49.052371],[38.897009,49.0526],[38.897009,49.052601],[38.898624,49.052876],[38.898727,49.052679],[38.898772,49.052585],[38.898553,49.052549],[38.897358,49.052259],[38.897357,49.052259],[38.897181,49.052216],[38.89658,49.05207],[38.896346,49.052125],[38.895614,49.052023],[38.895614,49.052022],[38.895709,49.051837],[38.893985,49.051543]]]}},{"type":"Feature","properties":{"cadnum":"4423187500:01:003:0096"},"geometry":{"type":"Polygon","coordinates":[[[38.852046,49.065718],[38.852158,49.06622],[38.853063,49.066336],[38.853064,49.066336],[38.855074,49.066591],[38.85502,49.066342],[38.854917,49.065882],[38.853963,49.065823],[38.853064,49.065774],[38.853063,49.065774],[38.852046,49.065718]]]}},{"type":"Feature","properties":{"cadnum":"4423187500:01:003:0097"},"geometry":{"type":"Polygon","coordinates":[[[38.852158,49.06622],[38.852255,49.066657],[38.852271,49.066726],[38.85228,49.06677],[38.852281,49.06677],[38.852294,49.066827],[38.853235,49.066946],[38.855213,49.067195],[38.855128,49.066824],[38.855092,49.066672],[38.855074,49.066591],[38.853235,49.066358],[38.853235,49.066357],[38.852158,49.06622]]]}},{"type":"Feature","properties":{"cadnum":"4423187500:01:003:0095"},"geometry":{"type":"Polygon","coordinates":[[[38.848839,49.065479],[38.848952,49.065982],[38.852127,49.066386],[38.851975,49.065712],[38.85121,49.065673],[38.8506,49.065465],[38.848839,49.065479]]]}},{"type":"Feature","properties":{"cadnum":"4423187500:01:003:0089"},"geometry":{"type":"Polygon","coordinates":[[[38.844541,49.064961],[38.844698,49.065664],[38.847742,49.06605],[38.849001,49.066209],[38.848952,49.065982],[38.848839,49.065479],[38.848013,49.065488],[38.847963,49.065473],[38.847742,49.065323],[38.847742,49.065322],[38.847523,49.065173],[38.846145,49.065182],[38.845745,49.065105],[38.845116,49.064952],[38.844541,49.064961]]]}},{"type":"Feature","properties":{"cadnum":"4423187500:01:003:0093"},"geometry":{"type":"Polygon","coordinates":[[[38.849086,49.06658],[38.849103,49.066657],[38.849102,49.066657],[38.849122,49.066744],[38.849127,49.06677],[38.849128,49.06677],[38.849168,49.066944],[38.849212,49.067139],[38.852388,49.067539],[38.852262,49.066983],[38.85058,49.06677],[38.849086,49.06658]]]}},{"type":"Feature","properties":{"cadnum":"4423187500:01:010:0109"},"geometry":{"type":"Polygon","coordinates":[[[38.829148,49.026524],[38.831091,49.026546],[38.832719,49.026565],[38.833056,49.02519],[38.831263,49.025168],[38.829238,49.025142],[38.829148,49.026524]]]}},{"type":"Feature","properties":{"cadnum":"4423187500:01:013:0064"},"geometry":{"type":"Polygon","coordinates":[[[38.829238,49.025142],[38.831091,49.025165],[38.831091,49.025166],[38.833056,49.02519],[38.833168,49.024727],[38.833411,49.024292],[38.832867,49.024185],[38.831091,49.023878],[38.831091,49.023879],[38.829341,49.023576],[38.829238,49.025142]]]}},{"type":"Feature","properties":{"cadnum":"4423187500:01:011:0005"},"geometry":{"type":"Polygon","coordinates":[[[38.847707,49.031513],[38.853064,49.033856],[38.853233,49.03393],[38.853235,49.033928],[38.853915,49.033294],[38.853235,49.032997],[38.848426,49.030894],[38.847707,49.031513]]]}},{"type":"Feature","properties":{"cadnum":"4423187500:01:011:0003"},"geometry":{"type":"Polygon","coordinates":[[[38.846998,49.033521],[38.847002,49.033527],[38.847742,49.033852],[38.847742,49.033851],[38.848666,49.034255],[38.848907,49.034361],[38.848924,49.034368],[38.851535,49.035509],[38.852464,49.034643],[38.851677,49.034299],[38.847581,49.032508],[38.847573,49.032531],[38.847029,49.033176],[38.846998,49.033521]]]}},{"type":"Feature","properties":{"cadnum":"4423187500:01:011:0002"},"geometry":{"type":"Polygon","coordinates":[[[38.847002,49.033527],[38.8474,49.034255],[38.847399,49.034255],[38.84742,49.034292],[38.847421,49.034293],[38.847558,49.034368],[38.847559,49.034368],[38.84757,49.034374],[38.84757,49.034375],[38.847604,49.034393],[38.847742,49.034443],[38.847742,49.034442],[38.848134,49.034582],[38.84817,49.034693],[38.848139,49.034866],[38.84803,49.035067],[38.847714,49.035443],[38.84747,49.035732],[38.84757,49.035777],[38.85007,49.036872],[38.851535,49.035509],[38.848907,49.034361],[38.84757,49.033776],[38.847002,49.033527]]]}},{"type":"Feature","properties":{"cadnum":"4423187500:01:011:0034"},"geometry":{"type":"Polygon","coordinates":[[[38.852963,49.031727],[38.853064,49.031768],[38.853064,49.031769],[38.853224,49.031834],[38.853235,49.031838],[38.855248,49.032652],[38.855567,49.032767],[38.85559,49.032749],[38.855716,49.032696],[38.856525,49.032449],[38.856736,49.032181],[38.856745,49.031919],[38.854588,49.031188],[38.854558,49.031165],[38.854552,49.031145],[38.854552,49.031144],[38.854588,49.030941],[38.854606,49.030915],[38.854844,49.030738],[38.854845,49.030738],[38.854871,49.030723],[38.855327,49.03071],[38.855388,49.030708],[38.855418,49.03071],[38.856353,49.030765],[38.856352,49.030764],[38.855307,49.030102],[38.854768,49.029767],[38.853951,49.030654],[38.85395,49.030654],[38.853105,49.031573],[38.852963,49.031727]]]}},{"type":"Feature","properties":{"cadnum":"4423187500:01:011:0004"},"geometry":{"type":"Polygon","coordinates":[[[38.847231,49.031919],[38.84757,49.032092],[38.84757,49.032093],[38.847577,49.032096],[38.847694,49.032281],[38.847581,49.032508],[38.847742,49.032579],[38.851576,49.034255],[38.851677,49.034299],[38.851834,49.034368],[38.852464,49.034643],[38.85276,49.034368],[38.853063,49.034087],[38.853064,49.034087],[38.853233,49.03393],[38.847707,49.031513],[38.847231,49.031919]]]}},{"type":"Feature","properties":{"cadnum":"4423187500:10:005:0005"},"geometry":{"type":"Polygon","coordinates":[[[38.90925,49.048505],[38.909251,49.048505],[38.909745,49.048566],[38.910055,49.048602],[38.910464,49.048652],[38.910526,49.048446],[38.910032,49.048392],[38.90931,49.048331],[38.90925,49.048505]]]}},{"type":"Feature","properties":{"cadnum":"4423187500:10:005:0002"},"geometry":{"type":"Polygon","coordinates":[[[38.911847,49.048675],[38.911964,49.048704],[38.912126,49.048381],[38.912009,49.048355],[38.911847,49.048675]]]}},{"type":"Feature","properties":{"cadnum":"4423187500:10:005:0015"},"geometry":{"type":"Polygon","coordinates":[[[38.911577,49.048261],[38.912009,49.048355],[38.912126,49.048381],[38.912602,49.048493],[38.9127,49.048519],[38.912692,49.048531],[38.912732,49.048549],[38.912965,49.048617],[38.913078,49.048416],[38.912795,49.048357],[38.911703,49.04811],[38.911577,49.048261]]]}},{"type":"Feature","properties":{"cadnum":"4423187500:10:005:0003"},"geometry":{"type":"Polygon","coordinates":[[[38.907702,49.045284],[38.907989,49.045281],[38.907995,49.045281],[38.908154,49.045279],[38.908167,49.045279],[38.908851,49.045272],[38.908887,49.045084],[38.908015,49.045051],[38.907751,49.045042],[38.907748,49.045058],[38.907747,49.045058],[38.907727,49.045158],[38.907724,49.045171],[38.907702,49.045284]]]}},{"type":"Feature","properties":{"cadnum":"4423187500:10:005:0010"},"geometry":{"type":"Polygon","coordinates":[[[38.908981,49.04861],[38.909201,49.048634],[38.909314,49.048316],[38.909071,49.048302],[38.908981,49.04861]]]}},{"type":"Feature","properties":{"cadnum":"4423187500:10:005:0004"},"geometry":{"type":"Polygon","coordinates":[[[38.90931,49.048331],[38.910032,49.048392],[38.910526,49.048446],[38.910581,49.048266],[38.910319,49.048237],[38.910126,49.048204],[38.909916,49.048184],[38.909386,49.048119],[38.90931,49.048331]]]}},{"type":"Feature","properties":{"cadnum":"4423187500:10:005:0013"},"geometry":{"type":"Polygon","coordinates":[[[38.907539,49.046886],[38.908167,49.046844],[38.908167,49.046843],[38.908398,49.046827],[38.908896,49.046773],[38.90882,49.046629],[38.908698,49.046647],[38.90838,49.046694],[38.908038,49.046759],[38.907795,49.046753],[38.907608,49.046753],[38.907539,49.046829],[38.907539,49.046886]]]}},{"type":"Feature","properties":{"cadnum":"4423187500:10:005:0018"},"geometry":{"type":"Polygon","coordinates":[[[38.913109,49.04866],[38.913352,49.048715],[38.913411,49.048728],[38.913488,49.048746],[38.913527,49.048755],[38.913598,49.048771],[38.913599,49.048771],[38.91366,49.048785],[38.914025,49.04887],[38.914201,49.048899],[38.914606,49.048973],[38.914713,49.048776],[38.914354,49.048711],[38.914353,49.048711],[38.913639,49.048584],[38.913191,49.048508],[38.91311,49.048659],[38.913109,49.048659],[38.913109,49.04866]]]}},{"type":"Feature","properties":{"cadnum":"4423187500:10:005:0014"},"geometry":{"type":"Polygon","coordinates":[[[38.913051,49.048828],[38.913365,49.048885],[38.913488,49.048907],[38.913532,49.048916],[38.91366,49.048939],[38.914021,49.049005],[38.914061,49.048864],[38.91366,49.048772],[38.913445,49.048723],[38.913145,49.048655],[38.913143,49.048659],[38.913142,49.048659],[38.913051,49.048828]]]}},{"type":"Feature","properties":{"cadnum":"4423187500:10:005:0009"},"geometry":{"type":"Polygon","coordinates":[[[38.907935,49.048505],[38.908167,49.048529],[38.908167,49.048528],[38.908981,49.04861],[38.909071,49.048302],[38.908015,49.048243],[38.907935,49.048505]]]}},{"type":"Feature","properties":{"cadnum":"4423187500:10:005:0001"},"geometry":{"type":"Polygon","coordinates":[[[38.911964,49.048704],[38.911965,49.048705],[38.912221,49.048771],[38.912222,49.048771],[38.912283,49.048787],[38.912525,49.048849],[38.912804,49.04892],[38.912935,49.048673],[38.912965,49.048617],[38.912732,49.048549],[38.912692,49.048531],[38.9127,49.048519],[38.912602,49.048493],[38.912126,49.048381],[38.911987,49.048659],[38.911986,49.048659],[38.911964,49.048704]]]}},{"type":"Feature","properties":{"cadnum":"4423187500:10:005:0008"},"geometry":{"type":"Polygon","coordinates":[[[38.908015,49.048243],[38.908167,49.048252],[38.908167,49.048251],[38.909314,49.048316],[38.909394,49.048101],[38.909027,49.048054],[38.908218,49.048057],[38.908056,49.048063],[38.908015,49.048243]]]}},{"type":"Feature","properties":{"cadnum":"4423187500:10:005:0011"},"geometry":{"type":"Polygon","coordinates":[[[38.908304,49.046509],[38.90838,49.046694],[38.908698,49.046647],[38.908667,49.046482],[38.908304,49.046509]]]}},{"type":"Feature","properties":{"cadnum":"4423187500:01:008:0025"},"geometry":{"type":"Polygon","coordinates":[[[38.862915,49.059691],[38.864222,49.059756],[38.864222,49.059755],[38.868112,49.059946],[38.868126,49.05987],[38.868169,49.059571],[38.86817,49.059571],[38.868261,49.058958],[38.864222,49.05876],[38.863091,49.058704],[38.863028,49.059089],[38.862937,49.059571],[38.862915,49.059691]]]}},{"type":"Feature","properties":{"cadnum":"4423187500:01:008:0028"},"geometry":{"type":"Polygon","coordinates":[[[38.867726,49.062551],[38.869543,49.062646],[38.869543,49.062647],[38.873108,49.062833],[38.873322,49.061371],[38.869543,49.061183],[38.867942,49.061103],[38.867928,49.061183],[38.867726,49.062551]]]}},{"type":"Feature","properties":{"cadnum":"4423187500:01:005:0029"},"geometry":{"type":"Polygon","coordinates":[[[38.867924,49.063328],[38.869715,49.063419],[38.870475,49.063457],[38.873026,49.06359],[38.873121,49.063113],[38.870569,49.062981],[38.869543,49.062929],[38.868018,49.062851],[38.867977,49.063058],[38.867924,49.063328]]]}},{"type":"Feature","properties":{"cadnum":"4423187500:01:008:0030"},"geometry":{"type":"Polygon","coordinates":[[[38.868126,49.05987],[38.869543,49.05994],[38.873507,49.060134],[38.87359,49.059571],[38.873591,49.059571],[38.873647,49.059196],[38.869543,49.058994],[38.868265,49.05893],[38.868261,49.058958],[38.868187,49.059458],[38.868186,49.059458],[38.868186,49.059459],[38.868126,49.05987]]]}},{"type":"Feature","properties":{"cadnum":"4423187500:01:008:0027"},"geometry":{"type":"Polygon","coordinates":[[[38.862152,49.062259],[38.86405,49.062359],[38.867726,49.062551],[38.867928,49.061183],[38.864222,49.061001],[38.862579,49.06092],[38.862152,49.062259]],[[38.863854,49.062077],[38.86389,49.06198],[38.86405,49.062003],[38.864173,49.062021],[38.864151,49.0621],[38.86415,49.0621],[38.863854,49.062077]]]}},{"type":"Feature","properties":{"cadnum":"4423187500:01:008:0026"},"geometry":{"type":"Polygon","coordinates":[[[38.862575,49.060917],[38.86405,49.06099],[38.86405,49.060991],[38.867928,49.061183],[38.867938,49.061103],[38.868112,49.059946],[38.86405,49.059744],[38.862915,49.059687],[38.862871,49.059916],[38.862817,49.060161],[38.862575,49.060917]]]}},{"type":"Feature","properties":{"cadnum":"4423187500:01:008:0029"},"geometry":{"type":"Polygon","coordinates":[[[38.867938,49.061103],[38.869543,49.061182],[38.869543,49.061183],[38.873322,49.061368],[38.873507,49.060134],[38.869543,49.059937],[38.869543,49.059938],[38.868122,49.059866],[38.868112,49.059946],[38.867938,49.061103]]]}},{"type":"Feature","properties":{"cadnum":"4423187500:01:011:0025"},"geometry":{"type":"Polygon","coordinates":[[[38.861411,49.024115],[38.864222,49.025884],[38.866077,49.027052],[38.866076,49.027052],[38.866923,49.027584],[38.867777,49.027052],[38.868068,49.026871],[38.864959,49.024913],[38.864703,49.024827],[38.864075,49.024919],[38.86381,49.024957],[38.86377,49.024954],[38.862934,49.024672],[38.86195,49.024124],[38.861649,49.024044],[38.861411,49.024115]]]}},{"type":"Feature","properties":{"cadnum":"4423187500:01:011:0026"},"geometry":{"type":"Polygon","coordinates":[[[38.860594,49.024657],[38.864076,49.02685],[38.864574,49.027165],[38.864575,49.027165],[38.866078,49.028111],[38.866923,49.027584],[38.866256,49.027165],[38.86405,49.025776],[38.861411,49.024115],[38.861397,49.024118],[38.860594,49.024657]]]}},{"type":"Feature","properties":{"cadnum":"4423187500:07:001:0118"},"geometry":{"type":"Polygon","coordinates":[[[38.931368,49.059004],[38.931808,49.059228],[38.931808,49.059608],[38.931552,49.060241],[38.932068,49.060496],[38.933343,49.060915],[38.93346,49.060653],[38.933439,49.060061],[38.933626,49.059955],[38.933946,49.059669],[38.933972,49.059459],[38.933972,49.059458],[38.934139,49.058189],[38.934206,49.058036],[38.934426,49.05768],[38.93143,49.057094],[38.931462,49.057583],[38.931516,49.058383],[38.931368,49.059004]]]}},{"type":"Feature","properties":{"cadnum":"4423187500:01:008:0086"},"geometry":{"type":"Polygon","coordinates":[[[38.870228,49.056794],[38.871913,49.056891],[38.871989,49.056367],[38.870305,49.05627],[38.870228,49.056794]]]}},{"type":"Feature","properties":{"cadnum":"4423187500:01:008:0032"},"geometry":{"type":"Polygon","coordinates":[[[38.873758,49.058907],[38.875208,49.05898],[38.875208,49.058979],[38.879125,49.059172],[38.879211,49.058542],[38.875036,49.058331],[38.873853,49.058271],[38.873758,49.058907]]]}},{"type":"Feature","properties":{"cadnum":"4423187500:01:008:0069"},"geometry":{"type":"Polygon","coordinates":[[[38.868468,49.057206],[38.869715,49.057281],[38.869715,49.05728],[38.87184,49.057406],[38.871913,49.056891],[38.870228,49.056794],[38.869543,49.056756],[38.86854,49.0567],[38.868468,49.057206]]]}},{"type":"Feature","properties":{"cadnum":"4423187500:01:008:0059"},"geometry":{"type":"Polygon","coordinates":[[[38.86845,49.057957],[38.869715,49.058021],[38.873259,49.058197],[38.873368,49.057544],[38.869715,49.057328],[38.869715,49.057327],[38.868567,49.057259],[38.86845,49.057957]]]}},{"type":"Feature","properties":{"cadnum":"4423187500:01:008:0068"},"geometry":{"type":"Polygon","coordinates":[[[38.871907,49.057412],[38.875036,49.057598],[38.875731,49.057638],[38.875972,49.057651],[38.876049,49.05713],[38.876076,49.056949],[38.875091,49.056895],[38.872007,49.05672],[38.871907,49.057412]]]}},{"type":"Feature","properties":{"cadnum":"4423187500:01:008:0033"},"geometry":{"type":"Polygon","coordinates":[[[38.873619,49.059835],[38.875036,49.059904],[38.875036,49.059905],[38.879001,49.060099],[38.879071,49.059571],[38.879072,49.059571],[38.87909,49.059434],[38.879125,49.059172],[38.875036,49.058971],[38.873758,49.058907],[38.873658,49.059571],[38.873619,49.059835]]]}},{"type":"Feature","properties":{"cadnum":"4423187500:01:008:0067"},"geometry":{"type":"Polygon","coordinates":[[[38.872007,49.05672],[38.875036,49.056891],[38.875091,49.056895],[38.875208,49.056901],[38.876076,49.056949],[38.876157,49.056384],[38.875208,49.056331],[38.872093,49.056152],[38.872007,49.05672]]]}},{"type":"Feature","properties":{"cadnum":"4423187500:01:008:0031"},"geometry":{"type":"Polygon","coordinates":[[[38.868261,49.05893],[38.869715,49.059002],[38.873647,49.059196],[38.873781,49.058269],[38.869543,49.058056],[38.8684,49.057998],[38.868261,49.05893]]]}},{"type":"Feature","properties":{"cadnum":"4423187500:01:008:0060"},"geometry":{"type":"Polygon","coordinates":[[[38.873259,49.058197],[38.875208,49.058296],[38.877783,49.058424],[38.87789,49.05778],[38.875726,49.057682],[38.875208,49.057653],[38.873368,49.057544],[38.873259,49.058197]]]}},{"type":"Feature","properties":{"cadnum":"4423187500:03:004:0004"},"geometry":{"type":"Polygon","coordinates":[[[38.888622,49.072015],[38.889002,49.072076],[38.889003,49.072076],[38.889062,49.071865],[38.888706,49.071788],[38.888622,49.072015]]]}},{"type":"Feature","properties":{"cadnum":"4423187500:03:004:0005"},"geometry":{"type":"Polygon","coordinates":[[[38.886981,49.072618],[38.887543,49.07273],[38.887624,49.072744],[38.888733,49.072924],[38.888842,49.072639],[38.887584,49.07243],[38.887125,49.072353],[38.886981,49.072618]]]}},{"type":"Feature","properties":{"cadnum":"4423187500:03:004:0002"},"geometry":{"type":"Polygon","coordinates":[[[38.887624,49.071585],[38.888689,49.071806],[38.889381,49.071952],[38.889641,49.071614],[38.888886,49.071459],[38.888742,49.071706],[38.887687,49.071485],[38.887624,49.071585]]]}},{"type":"Feature","properties":{"cadnum":"4423187500:03:004:0003"},"geometry":{"type":"Polygon","coordinates":[[[38.887413,49.071817],[38.888622,49.072015],[38.888706,49.071788],[38.888679,49.071782],[38.887956,49.071632],[38.887614,49.071564],[38.887458,49.071762],[38.887413,49.071817]]]}},{"type":"Feature","properties":{"cadnum":"4423187500:03:004:0001"},"geometry":{"type":"Polygon","coordinates":[[[38.887687,49.071485],[38.888742,49.071706],[38.888886,49.071459],[38.888146,49.071323],[38.88783,49.071276],[38.887687,49.071485]]]}},{"type":"Feature","properties":{"cadnum":"4423187500:01:011:0024"},"geometry":{"type":"Polygon","coordinates":[[[38.864959,49.024913],[38.868068,49.026871],[38.86941,49.026035],[38.869543,49.025945],[38.869543,49.025946],[38.870431,49.025346],[38.870601,49.02511],[38.869543,49.024546],[38.869514,49.02453],[38.868755,49.024504],[38.868553,49.024563],[38.868468,49.024585],[38.868288,49.024633],[38.867869,49.024751],[38.866747,49.025469],[38.866703,49.025484],[38.86667,49.025478],[38.864959,49.024913]]]}},{"type":"Feature","properties":{"cadnum":"4423187500:01:012:0126"},"geometry":{"type":"Polygon","coordinates":[[[38.886725,49.040279],[38.889947,49.041274],[38.890203,49.040853],[38.890234,49.040794],[38.887014,49.039799],[38.886766,49.040214],[38.886725,49.040279]]]}},{"type":"Feature","properties":{"cadnum":"4423187500:01:012:0122"},"geometry":{"type":"Polygon","coordinates":[[[38.890813,49.039829],[38.891516,49.040045],[38.891516,49.040046],[38.893836,49.040761],[38.894109,49.040305],[38.892475,49.039802],[38.891672,49.039556],[38.891087,49.039375],[38.890813,49.039829]]]}},{"type":"Feature","properties":{"cadnum":"4423187500:01:012:0123"},"geometry":{"type":"Polygon","coordinates":[[[38.887588,49.038839],[38.890813,49.039834],[38.890813,49.039829],[38.890813,49.039828],[38.891087,49.039375],[38.8907,49.039254],[38.888828,49.038677],[38.887863,49.03838],[38.887597,49.038827],[38.887588,49.038839]]]}},{"type":"Feature","properties":{"cadnum":"4423187500:01:012:0124"},"geometry":{"type":"Polygon","coordinates":[[[38.887301,49.039319],[38.890526,49.040314],[38.890813,49.039834],[38.887588,49.038839],[38.887318,49.03929],[38.887301,49.039319]]]}},{"type":"Feature","properties":{"cadnum":"4423187500:01:012:0118"},"geometry":{"type":"Polygon","coordinates":[[[38.889627,49.041807],[38.891687,49.042561],[38.891687,49.04256],[38.891688,49.04256],[38.892268,49.042773],[38.892564,49.042878],[38.892915,49.042299],[38.891687,49.04192],[38.890554,49.04157],[38.889892,49.041365],[38.889836,49.041458],[38.889835,49.041458],[38.889771,49.041565],[38.889768,49.04157],[38.889627,49.041807]]]}},{"type":"Feature","properties":{"cadnum":"4423187500:01:012:0121"},"geometry":{"type":"Polygon","coordinates":[[[38.890507,49.04034],[38.891687,49.040706],[38.891687,49.040705],[38.891688,49.040705],[38.893526,49.041274],[38.893715,49.040962],[38.893836,49.040761],[38.891687,49.040099],[38.891687,49.040098],[38.890813,49.039829],[38.890813,49.039834],[38.890526,49.040314],[38.890507,49.04034]]]}},{"type":"Feature","properties":{"cadnum":"4423187500:01:012:0120"},"geometry":{"type":"Polygon","coordinates":[[[38.890203,49.040853],[38.891516,49.041259],[38.891516,49.04126],[38.89252,49.04157],[38.892521,49.04157],[38.89322,49.041786],[38.89332,49.041618],[38.893374,49.041526],[38.893526,49.041274],[38.891516,49.040652],[38.891516,49.040653],[38.890507,49.04034],[38.890234,49.040794],[38.890203,49.040853]]]}},{"type":"Feature","properties":{"cadnum":"4423187500:01:012:0119"},"geometry":{"type":"Polygon","coordinates":[[[38.889892,49.041365],[38.89019,49.041457],[38.89019,49.041458],[38.890189,49.041458],[38.891516,49.041867],[38.892915,49.042299],[38.892924,49.042278],[38.89322,49.041786],[38.892157,49.041458],[38.892156,49.041458],[38.891687,49.041313],[38.890203,49.040853],[38.889947,49.041274],[38.889892,49.041365]]]}},{"type":"Feature","properties":{"cadnum":"4423187500:01:012:0125"},"geometry":{"type":"Polygon","coordinates":[[[38.887014,49.039799],[38.890234,49.040794],[38.890507,49.04034],[38.890526,49.040314],[38.887301,49.039319],[38.88704,49.039752],[38.887014,49.039799]]]}},{"type":"Feature","properties":{"cadnum":"4423187500:01:012:0127"},"geometry":{"type":"Polygon","coordinates":[[[38.886465,49.040717],[38.887381,49.041033],[38.888666,49.041457],[38.888668,49.041457],[38.888668,49.041458],[38.888667,49.041458],[38.889627,49.041807],[38.889771,49.041565],[38.889892,49.041365],[38.889947,49.041274],[38.886725,49.040279],[38.886465,49.040717]]]}},{"type":"Feature","properties":{"cadnum":"4423187500:01:003:0013"},"geometry":{"type":"Polygon","coordinates":[[[38.829314,49.077288],[38.8297,49.077367],[38.830119,49.077453],[38.830466,49.077524],[38.830666,49.077565],[38.831004,49.077635],[38.831128,49.077661],[38.831133,49.077565],[38.831134,49.077565],[38.831268,49.074789],[38.831091,49.074775],[38.82944,49.074643],[38.829314,49.077288]]]}},{"type":"Feature","properties":{"cadnum":"4423187500:01:003:0007"},"geometry":{"type":"Polygon","coordinates":[[[38.82661,49.079841],[38.827585,49.08025],[38.828138,49.080497],[38.82828,49.077565],[38.828304,49.077079],[38.827329,49.076878],[38.826763,49.076761],[38.826729,49.077453],[38.826728,49.077453],[38.82661,49.079841]]]}},{"type":"Feature","properties":{"cadnum":"4423187500:01:003:0009"},"geometry":{"type":"Polygon","coordinates":[[[38.829516,49.081112],[38.829632,49.081163],[38.829632,49.081164],[38.829633,49.081164],[38.830805,49.081686],[38.830831,49.081164],[38.830831,49.081163],[38.831004,49.077635],[38.830466,49.077524],[38.8297,49.077367],[38.829696,49.077453],[38.829695,49.077453],[38.829519,49.081051],[38.829516,49.081112]]]}},{"type":"Feature","properties":{"cadnum":"4423187500:01:003:0008"},"geometry":{"type":"Polygon","coordinates":[[[38.828138,49.080497],[38.82938,49.081051],[38.829516,49.081112],[38.829689,49.077565],[38.8297,49.077367],[38.829314,49.077288],[38.828304,49.077079],[38.828286,49.077453],[38.828285,49.077453],[38.828138,49.080497]]]}},{"type":"Feature","properties":{"cadnum":"4423187500:01:003:0012"},"geometry":{"type":"Polygon","coordinates":[[[38.827329,49.076878],[38.828304,49.077079],[38.829314,49.077288],[38.82944,49.074643],[38.827446,49.074484],[38.827329,49.076878]]]}},{"type":"Feature","properties":{"cadnum":"4423187500:01:010:0094"},"geometry":{"type":"Polygon","coordinates":[[[38.827904,49.044866],[38.831091,49.044903],[38.831091,49.044904],[38.833428,49.044931],[38.833482,49.04401],[38.831091,49.043981],[38.831091,49.043982],[38.827967,49.043944],[38.827904,49.044866]]]}},{"type":"Feature","properties":{"cadnum":"4423187500:01:010:0095"},"geometry":{"type":"Polygon","coordinates":[[[38.827967,49.043944],[38.831263,49.043984],[38.831263,49.043983],[38.833482,49.04401],[38.833541,49.043085],[38.831263,49.043059],[38.831263,49.043058],[38.828025,49.04302],[38.827967,49.043944]]]}},{"type":"Feature","properties":{"cadnum":"4423187500:01:010:0096"},"geometry":{"type":"Polygon","coordinates":[[[38.828025,49.04302],[38.831091,49.043056],[38.831091,49.043057],[38.833541,49.043085],[38.833595,49.04216],[38.831091,49.042131],[38.831091,49.042132],[38.828088,49.042096],[38.828025,49.04302]]]}},{"type":"Feature","properties":{"cadnum":"4423187500:01:008:0002"},"geometry":{"type":"Polygon","coordinates":[[[38.847994,49.052688],[38.852913,49.052947],[38.853033,49.052259],[38.853032,49.052259],[38.853063,49.052082],[38.853064,49.052082],[38.853064,49.052086],[38.853187,49.051377],[38.848269,49.051119],[38.848139,49.051934],[38.848076,49.052259],[38.847994,49.052688]]]}},{"type":"Feature","properties":{"cadnum":"4423187500:01:008:0004"},"geometry":{"type":"Polygon","coordinates":[[[38.848462,49.049906],[38.853063,49.050148],[38.853064,49.050148],[38.853064,49.050149],[38.853158,49.050153],[38.853235,49.050157],[38.853398,49.050165],[38.853583,49.04912],[38.853235,49.049102],[38.848633,49.048855],[38.848462,49.049906]]]}},{"type":"Feature","properties":{"cadnum":"4423187500:01:008:0003"},"geometry":{"type":"Polygon","coordinates":[[[38.848269,49.051119],[38.853063,49.051371],[38.853064,49.051371],[38.853187,49.051377],[38.853235,49.0511],[38.853235,49.051099],[38.853398,49.050165],[38.853158,49.050153],[38.848462,49.049906],[38.848269,49.051119]]]}},{"type":"Feature","properties":{"cadnum":"4423187500:01:013:0065"},"geometry":{"type":"Polygon","coordinates":[[[38.838136,49.03449],[38.83836,49.034814],[38.842077,49.035904],[38.84273,49.036095],[38.84309,49.034772],[38.842249,49.034526],[38.84171,49.034368],[38.841495,49.034305],[38.841326,49.034255],[38.838392,49.033395],[38.838383,49.033447],[38.838164,49.034368],[38.838136,49.03449]]]}},{"type":"Feature","properties":{"cadnum":"4423187500:01:011:0001"},"geometry":{"type":"Polygon","coordinates":[[[38.846692,49.039196],[38.846732,49.039325],[38.846841,49.03944],[38.847195,49.039543],[38.84757,49.039194],[38.84757,49.039195],[38.848888,49.037969],[38.848889,49.037969],[38.85007,49.036872],[38.847742,49.035852],[38.84747,49.035732],[38.847357,49.035868],[38.847281,49.036062],[38.847021,49.037829],[38.847015,49.037857],[38.847014,49.037857],[38.84689,49.038456],[38.846692,49.039196]]]}},{"type":"Feature","properties":{"cadnum":"4423187500:01:013:0067"},"geometry":{"type":"Polygon","coordinates":[[[38.83836,49.034814],[38.838505,49.035014],[38.838539,49.035185],[38.838522,49.035482],[38.83845,49.036395],[38.838895,49.036722],[38.840489,49.037125],[38.842077,49.037434],[38.842077,49.037435],[38.842201,49.037458],[38.842201,49.037455],[38.842249,49.037372],[38.842249,49.037371],[38.842497,49.036943],[38.84273,49.036095],[38.842249,49.035954],[38.83836,49.034814]]]}},{"type":"Feature","properties":{"cadnum":"4423187500:01:010:0125"},"geometry":{"type":"Polygon","coordinates":[[[38.844218,49.034752],[38.846042,49.03492],[38.846032,49.034835],[38.845781,49.034255],[38.845543,49.033703],[38.845524,49.033686],[38.844501,49.033589],[38.84431,49.034368],[38.844311,49.034368],[38.844218,49.034752]]]}},{"type":"Feature","properties":{"cadnum":"4423187500:01:013:0066"},"geometry":{"type":"Polygon","coordinates":[[[38.838392,49.033395],[38.841495,49.034305],[38.842077,49.034476],[38.84309,49.034772],[38.843198,49.034368],[38.843233,49.03424],[38.843611,49.033459],[38.842713,49.033268],[38.842249,49.033134],[38.838788,49.032134],[38.838629,49.032364],[38.838392,49.033395]]]}},{"type":"Feature","properties":{"cadnum":"4423187500:05:001:0001"},"geometry":{"type":"Polygon","coordinates":[[[38.911187,49.054663],[38.911174,49.054763],[38.91129,49.055625],[38.911361,49.055859],[38.91136,49.055859],[38.91156,49.056517],[38.911973,49.058003],[38.912382,49.059369],[38.912386,49.059458],[38.912386,49.059459],[38.91239,49.059537],[38.91241,49.059571],[38.912512,49.059743],[38.913055,49.061168],[38.913266,49.061727],[38.913432,49.062315],[38.913488,49.062746],[38.913488,49.062747],[38.913495,49.062798],[38.913522,49.063058],[38.913554,49.063363],[38.91366,49.06337],[38.91366,49.063369],[38.913805,49.063378],[38.913783,49.063101],[38.913684,49.062424],[38.913563,49.061924],[38.913298,49.061126],[38.912732,49.059669],[38.912668,49.059459],[38.912667,49.059459],[38.912667,49.059458],[38.912216,49.057974],[38.911803,49.056488],[38.911611,49.055859],[38.91161,49.055859],[38.911533,49.055602],[38.911353,49.054748],[38.911308,49.054648],[38.911187,49.054663]]]}},{"type":"Feature","properties":{"cadnum":"4423187500:01:001:0041"},"geometry":{"type":"Polygon","coordinates":[[[38.868804,49.080058],[38.869543,49.080658],[38.869672,49.080762],[38.869715,49.080754],[38.870714,49.080564],[38.870542,49.080429],[38.870506,49.080429],[38.870475,49.080391],[38.870485,49.080383],[38.869846,49.079864],[38.869678,49.079894],[38.868881,49.080036],[38.868804,49.080058]]]}},{"type":"Feature","properties":{"cadnum":"4423187500:01:001:0052"},"geometry":{"type":"Polygon","coordinates":[[[38.868974,49.080939],[38.869113,49.081051],[38.869245,49.081159],[38.869251,49.081164],[38.869543,49.081401],[38.869543,49.081402],[38.869581,49.081432],[38.869715,49.081541],[38.870291,49.082009],[38.87176,49.081733],[38.871056,49.081164],[38.871056,49.081163],[38.870439,49.080665],[38.869543,49.080832],[38.869543,49.080833],[38.868974,49.080939]]]}},{"type":"Feature","properties":{"cadnum":"4423187500:01:001:0053"},"geometry":{"type":"Polygon","coordinates":[[[38.86747,49.081221],[38.868791,49.082291],[38.869543,49.08215],[38.869543,49.082151],[38.870291,49.082009],[38.869581,49.081432],[38.869245,49.081159],[38.868974,49.080939],[38.868374,49.081051],[38.86747,49.081221]]]}},{"type":"Feature","properties":{"cadnum":"4423187500:01:002:0013"},"geometry":{"type":"Polygon","coordinates":[[[38.86434,49.07651],[38.864668,49.077565],[38.864726,49.077749],[38.865274,49.077646],[38.865653,49.077488],[38.865862,49.077402],[38.865903,49.077384],[38.866703,49.077149],[38.867919,49.07687],[38.867676,49.076096],[38.86434,49.07651]]]}},{"type":"Feature","properties":{"cadnum":"4423187500:01:001:0046"},"geometry":{"type":"Polygon","coordinates":[[[38.866469,49.080647],[38.867138,49.081051],[38.867208,49.081093],[38.867325,49.081163],[38.867325,49.081164],[38.867372,49.081192],[38.868124,49.081051],[38.869543,49.080786],[38.869543,49.080787],[38.869672,49.080762],[38.868804,49.080058],[38.867739,49.0804],[38.867672,49.080412],[38.866469,49.080647]]]}},{"type":"Feature","properties":{"cadnum":"4423187500:01:015:0022"},"geometry":{"type":"Polygon","coordinates":[[[38.904019,49.031448],[38.906143,49.032084],[38.90661,49.031981],[38.908167,49.032319],[38.908267,49.03234],[38.909857,49.032844],[38.909996,49.032714],[38.910706,49.032797],[38.91121,49.032175],[38.907995,49.031289],[38.906104,49.030766],[38.905762,49.030672],[38.905697,49.030654],[38.90484,49.030417],[38.904651,49.030654],[38.904632,49.030677],[38.904561,49.030766],[38.904561,49.030767],[38.904019,49.031448]]]}},{"type":"Feature","properties":{"cadnum":"4423187500:16:001:0004"},"geometry":{"type":"Polygon","coordinates":[[[38.912116,49.034495],[38.912652,49.034569],[38.912734,49.034368],[38.912735,49.034368],[38.912808,49.034189],[38.912265,49.034113],[38.91221,49.034255],[38.912209,49.034255],[38.912116,49.034495]]]}},{"type":"Feature","properties":{"cadnum":"4423187500:01:008:0074"},"geometry":{"type":"Polygon","coordinates":[[[38.867982,49.048484],[38.869543,49.048533],[38.869669,49.048537],[38.869715,49.048538],[38.870265,49.048555],[38.87127,49.047659],[38.871288,49.04765],[38.871225,49.047592],[38.869543,49.047537],[38.868877,49.047515],[38.868418,49.047504],[38.868009,49.048425],[38.867982,49.048484]]]}},{"type":"Feature","properties":{"cadnum":"4423187500:01:008:0075"},"geometry":{"type":"Polygon","coordinates":[[[38.867565,49.049435],[38.868638,49.049249],[38.869543,49.049056],[38.86967,49.049029],[38.869715,49.049019],[38.869739,49.049014],[38.869878,49.048976],[38.869873,49.048958],[38.869878,49.04894],[38.869882,49.048935],[38.87004,49.048771],[38.870041,49.048771],[38.870183,49.048625],[38.870183,49.048623],[38.870265,49.048555],[38.869669,49.048537],[38.867982,49.048484],[38.867905,49.048659],[38.867904,49.048659],[38.867739,49.049038],[38.867565,49.049435]]]}},{"type":"Feature","properties":{"cadnum":"4423187500:01:008:0077"},"geometry":{"type":"Polygon","coordinates":[[[38.864946,49.048952],[38.867739,49.049038],[38.867855,49.048771],[38.867856,49.048771],[38.867982,49.048484],[38.868009,49.048425],[38.865219,49.04834],[38.865077,49.048659],[38.865076,49.048659],[38.864946,49.048952]]]}},{"type":"Feature","properties":{"cadnum":"4423187500:01:008:0078"},"geometry":{"type":"Polygon","coordinates":[[[38.865219,49.04834],[38.868009,49.048425],[38.868418,49.047504],[38.867776,49.047486],[38.867775,49.047486],[38.866927,49.047683],[38.865525,49.04765],[38.865219,49.04834]]]}},{"type":"Feature","properties":{"cadnum":"4423187500:01:014:0006"},"geometry":{"type":"Polygon","coordinates":[[[38.864856,49.016727],[38.869543,49.018058],[38.869543,49.018059],[38.870552,49.018345],[38.871037,49.01759],[38.869543,49.017104],[38.869393,49.017054],[38.869029,49.017025],[38.866799,49.016358],[38.865561,49.015988],[38.865315,49.016245],[38.86524,49.016324],[38.865207,49.016358],[38.864856,49.016727]]]}},{"type":"Feature","properties":{"cadnum":"4423187500:01:002:0015"},"geometry":{"type":"Polygon","coordinates":[[[38.867573,49.075766],[38.867676,49.076096],[38.867919,49.07687],[38.868881,49.076652],[38.869543,49.076465],[38.869543,49.076466],[38.869581,49.076455],[38.869715,49.076417],[38.870206,49.076278],[38.870219,49.076275],[38.871248,49.076157],[38.872142,49.075916],[38.872156,49.075913],[38.873651,49.075722],[38.874343,49.075363],[38.874347,49.07536],[38.874877,49.075157],[38.874567,49.074901],[38.869543,49.075523],[38.867573,49.075766]]]}},{"type":"Feature","properties":{"cadnum":"4423187500:01:002:0016"},"geometry":{"type":"Polygon","coordinates":[[[38.867322,49.074969],[38.867573,49.075766],[38.869715,49.075502],[38.874567,49.074901],[38.873983,49.074412],[38.873974,49.074404],[38.87397,49.074386],[38.873974,49.074369],[38.873974,49.074368],[38.873992,49.074354],[38.87401,49.074345],[38.873951,49.074257],[38.872806,49.074295],[38.869621,49.074687],[38.867322,49.074969]]]}},{"type":"Feature","properties":{"cadnum":"4423187500:01:012:0059"},"geometry":{"type":"Polygon","coordinates":[[[38.871244,49.042199],[38.873655,49.042755],[38.873668,49.042734],[38.874047,49.042157],[38.871634,49.041603],[38.871244,49.042199]]]}},{"type":"Feature","properties":{"cadnum":"4423187500:01:012:0060"},"geometry":{"type":"Polygon","coordinates":[[[38.870817,49.042849],[38.873228,49.043403],[38.873655,49.042755],[38.871244,49.042199],[38.870817,49.042849]]]}},{"type":"Feature","properties":{"cadnum":"4423187500:01:012:0063"},"geometry":{"type":"Polygon","coordinates":[[[38.87224,49.044907],[38.872678,49.045058],[38.872677,49.045058],[38.87357,49.045366],[38.874284,49.045475],[38.87472,49.045534],[38.875034,49.045058],[38.875033,49.045058],[38.875036,49.045054],[38.875036,49.045055],[38.875196,49.044813],[38.872685,49.044235],[38.87224,49.044907]]]}},{"type":"Feature","properties":{"cadnum":"4423187500:01:012:0046"},"geometry":{"type":"Polygon","coordinates":[[[38.868643,49.042013],[38.869543,49.042221],[38.869553,49.042223],[38.869715,49.04226],[38.869793,49.042278],[38.870942,49.042543],[38.871351,49.041922],[38.869715,49.041545],[38.869051,49.041392],[38.868934,49.04157],[38.868935,49.04157],[38.868917,49.041598],[38.868643,49.042013]]]}},{"type":"Feature","properties":{"cadnum":"4423187500:01:012:0147"},"geometry":{"type":"Polygon","coordinates":[[[38.869383,49.042899],[38.869543,49.042936],[38.869608,49.042951],[38.869715,49.042976],[38.870534,49.043164],[38.870942,49.042543],[38.869793,49.042278],[38.869657,49.042483],[38.869383,49.042899]]]}},{"type":"Feature","properties":{"cadnum":"4423187500:01:012:0044"},"geometry":{"type":"Polygon","coordinates":[[[38.867825,49.043255],[38.869543,49.043652],[38.869587,49.043662],[38.869715,49.043691],[38.870125,49.043785],[38.870534,49.043164],[38.869608,49.042951],[38.869383,49.042899],[38.868234,49.042634],[38.868072,49.042882],[38.867825,49.043255]]]}},{"type":"Feature","properties":{"cadnum":"4423187500:01:012:0066"},"geometry":{"type":"Polygon","coordinates":[[[38.873668,49.042734],[38.875208,49.043088],[38.876179,49.043312],[38.876642,49.042607],[38.875036,49.042239],[38.874131,49.042031],[38.874047,49.042157],[38.873668,49.042734]]]}},{"type":"Feature","properties":{"cadnum":"4423187500:01:012:0061"},"geometry":{"type":"Polygon","coordinates":[[[38.870349,49.043561],[38.872762,49.044115],[38.873179,49.043485],[38.873228,49.043403],[38.870817,49.042849],[38.870349,49.043561]]]}},{"type":"Feature","properties":{"cadnum":"4423187500:01:012:0064"},"geometry":{"type":"Polygon","coordinates":[[[38.872685,49.044233],[38.875036,49.044776],[38.875036,49.044777],[38.875196,49.044813],[38.875208,49.044795],[38.875208,49.044794],[38.875685,49.044062],[38.875062,49.043919],[38.873179,49.043485],[38.872762,49.044115],[38.872685,49.044233]]]}},{"type":"Feature","properties":{"cadnum":"4423187500:01:012:0065"},"geometry":{"type":"Polygon","coordinates":[[[38.873179,49.043485],[38.875036,49.043913],[38.875062,49.043919],[38.875208,49.043952],[38.875685,49.044062],[38.876179,49.043312],[38.875036,49.043049],[38.873668,49.042734],[38.873655,49.042755],[38.873228,49.043403],[38.873179,49.043485]]]}},{"type":"Feature","properties":{"cadnum":"4423187500:01:012:0045"},"geometry":{"type":"Polygon","coordinates":[[[38.868234,49.042634],[38.869383,49.042899],[38.869543,49.042657],[38.869543,49.042658],[38.869657,49.042483],[38.869715,49.042396],[38.869793,49.042278],[38.869553,49.042223],[38.868643,49.042013],[38.868494,49.042243],[38.868234,49.042634]]]}},{"type":"Feature","properties":{"cadnum":"4423187500:01:012:0062"},"geometry":{"type":"Polygon","coordinates":[[[38.869865,49.044294],[38.870426,49.044407],[38.870928,49.044527],[38.872039,49.044833],[38.87224,49.044907],[38.872685,49.044233],[38.872762,49.044115],[38.870349,49.043561],[38.869865,49.044294]]]}},{"type":"Feature","properties":{"cadnum":"4423187500:01:012:0043"},"geometry":{"type":"Polygon","coordinates":[[[38.867299,49.044053],[38.868162,49.044118],[38.869173,49.044159],[38.86919,49.044162],[38.869543,49.044232],[38.869543,49.044233],[38.869674,49.044258],[38.869715,49.044266],[38.869802,49.044283],[38.870125,49.043785],[38.869587,49.043662],[38.867825,49.043255],[38.867649,49.043523],[38.867299,49.044053]]]}},{"type":"Feature","properties":{"cadnum":"4423187500:01:009:0007"},"geometry":{"type":"Polygon","coordinates":[[[38.888473,49.057197],[38.889264,49.058186],[38.891687,49.057411],[38.891687,49.05741],[38.895214,49.056282],[38.895357,49.055971],[38.895358,49.055971],[38.895843,49.054922],[38.895646,49.054887],[38.892628,49.055859],[38.891687,49.056162],[38.888473,49.057197]]]}},{"type":"Feature","properties":{"cadnum":"4423187500:01:009:0019"},"geometry":{"type":"Polygon","coordinates":[[[38.886905,49.060335],[38.888217,49.060396],[38.890953,49.059519],[38.891516,49.059339],[38.891516,49.05934],[38.892121,49.059146],[38.892079,49.058871],[38.891769,49.058777],[38.891687,49.058804],[38.889292,49.059571],[38.888599,49.059793],[38.886905,49.060335]]]}},{"type":"Feature","properties":{"cadnum":"4423187500:01:009:0024"},"geometry":{"type":"Polygon","coordinates":[[[38.890979,49.057689],[38.891406,49.058212],[38.891516,49.05835],[38.891622,49.058483],[38.891687,49.058428],[38.892641,49.057624],[38.892664,49.057609],[38.893333,49.057383],[38.893391,49.057329],[38.893629,49.057097],[38.89366,49.057082],[38.893692,49.05708],[38.893872,49.057088],[38.893912,49.0571],[38.893935,49.057132],[38.893926,49.057159],[38.895385,49.056691],[38.895121,49.056362],[38.891688,49.057462],[38.891687,49.057462],[38.890979,49.057689]]]}},{"type":"Feature","properties":{"cadnum":"4423187500:01:009:0022"},"geometry":{"type":"Polygon","coordinates":[[[38.888163,49.059251],[38.888419,49.059571],[38.88842,49.059571],[38.888599,49.059793],[38.889644,49.059459],[38.889644,49.059458],[38.891516,49.058859],[38.891769,49.058777],[38.891579,49.058719],[38.891482,49.05869],[38.891465,49.058681],[38.891451,49.058666],[38.891442,49.058651],[38.891446,49.058633],[38.891459,49.058622],[38.891516,49.058574],[38.891622,49.058483],[38.891406,49.058212],[38.888163,49.059251]]]}},{"type":"Feature","properties":{"cadnum":"4423187500:01:009:0023"},"geometry":{"type":"Polygon","coordinates":[[[38.887737,49.058725],[38.888064,49.059128],[38.888163,49.059251],[38.891406,49.058212],[38.890979,49.057689],[38.887737,49.058725]]]}},{"type":"Feature","properties":{"cadnum":"4423187500:01:014:0037"},"geometry":{"type":"Polygon","coordinates":[[[38.886406,49.027537],[38.887781,49.028011],[38.88851,49.027165],[38.888832,49.026792],[38.888532,49.026639],[38.887884,49.026382],[38.887525,49.026238],[38.886725,49.027165],[38.886726,49.027165],[38.886406,49.027537]]]}},{"type":"Feature","properties":{"cadnum":"4423187500:01:014:0038"},"geometry":{"type":"Polygon","coordinates":[[[38.887781,49.028011],[38.888608,49.0283],[38.888922,49.02835],[38.889371,49.028132],[38.889955,49.028011],[38.890503,49.028208],[38.890692,49.028032],[38.89066,49.027849],[38.890274,49.027472],[38.889664,49.02721],[38.889518,49.027137],[38.888832,49.026792],[38.888608,49.027052],[38.888607,49.027052],[38.887781,49.028011]]]}},{"type":"Feature","properties":{"cadnum":"4423187500:01:013:0033"},"geometry":{"type":"Polygon","coordinates":[[[38.823903,49.01468],[38.825769,49.014773],[38.825769,49.014772],[38.82577,49.014772],[38.825977,49.014783],[38.826022,49.014786],[38.82696,49.012827],[38.825906,49.012642],[38.825905,49.012642],[38.82577,49.012619],[38.825769,49.012619],[38.824945,49.012474],[38.824811,49.012755],[38.823903,49.01468]]]}},{"type":"Feature","properties":{"cadnum":"4423187500:01:013:0057"},"geometry":{"type":"Polygon","coordinates":[[[38.820308,49.021546],[38.820542,49.021452],[38.8207,49.021258],[38.821346,49.019848],[38.821549,49.019408],[38.822681,49.016992],[38.822985,49.016358],[38.824446,49.013316],[38.824757,49.012642],[38.825586,49.01085],[38.825598,49.010825],[38.825726,49.010555],[38.825769,49.010464],[38.825769,49.010463],[38.826107,49.009751],[38.825869,49.009683],[38.825632,49.010187],[38.825586,49.010284],[38.825505,49.010423],[38.824497,49.012642],[38.824212,49.013269],[38.822781,49.016245],[38.82278,49.016245],[38.822446,49.016942],[38.821211,49.019581],[38.821088,49.019848],[38.820507,49.021119],[38.820308,49.021546]]]}},{"type":"Feature","properties":{"cadnum":"4423187500:01:013:0035"},"geometry":{"type":"Polygon","coordinates":[[[38.824966,49.012432],[38.825598,49.012543],[38.825701,49.012561],[38.825769,49.012573],[38.82577,49.012573],[38.826606,49.012718],[38.827778,49.01027],[38.826224,49.009792],[38.825685,49.010903],[38.824966,49.012432]]]}},{"type":"Feature","properties":{"cadnum":"4423187500:01:006:0010"},"geometry":{"type":"Polygon","coordinates":[[[38.826503,49.064894],[38.826817,49.065082],[38.826836,49.065044],[38.826853,49.065023],[38.826889,49.065011],[38.827603,49.06492],[38.827845,49.06492],[38.827916,49.063171],[38.827916,49.06317],[38.827917,49.06317],[38.828012,49.060861],[38.82666,49.061133],[38.826573,49.06317],[38.826573,49.063171],[38.826553,49.063663],[38.826503,49.064894]]]}},{"type":"Feature","properties":{"cadnum":"4423187500:01:006:0011"},"geometry":{"type":"Polygon","coordinates":[[[38.827845,49.06492],[38.828712,49.064926],[38.829121,49.064894],[38.829197,49.063058],[38.829301,49.060603],[38.828012,49.060861],[38.827921,49.063058],[38.827845,49.06492]]]}},{"type":"Feature","properties":{"cadnum":"4423187500:01:006:0012"},"geometry":{"type":"Polygon","coordinates":[[[38.829121,49.064894],[38.829153,49.06489],[38.829647,49.064702],[38.830442,49.064455],[38.830501,49.063058],[38.8305,49.063058],[38.830618,49.060341],[38.829301,49.060603],[38.829192,49.06317],[38.829193,49.06317],[38.829193,49.063171],[38.829121,49.064894]]]}},{"type":"Feature","properties":{"cadnum":"4423187500:01:008:0047"},"geometry":{"type":"Polygon","coordinates":[[[38.844101,49.05624],[38.847742,49.056404],[38.847742,49.056403],[38.84786,49.056408],[38.847916,49.055931],[38.847927,49.05584],[38.84757,49.055825],[38.844164,49.055673],[38.844143,49.055859],[38.844101,49.05624]]]}},{"type":"Feature","properties":{"cadnum":"4423187500:01:008:0045"},"geometry":{"type":"Polygon","coordinates":[[[38.844226,49.055051],[38.84757,49.0552],[38.84757,49.055201],[38.848,49.055219],[38.848089,49.054466],[38.847702,49.054446],[38.84729,49.054425],[38.847267,49.054422],[38.847245,49.05441],[38.847231,49.054395],[38.847227,49.054389],[38.847177,49.054236],[38.847177,49.054227],[38.847181,49.054209],[38.847182,49.054209],[38.8472,49.054195],[38.847218,49.054183],[38.847245,49.05418],[38.84757,49.054178],[38.847654,49.054178],[38.847654,49.054171],[38.847663,49.054127],[38.846535,49.054077],[38.846153,49.054263],[38.846239,49.054304],[38.845677,49.054551],[38.845502,49.054598],[38.844936,49.054536],[38.844249,49.054851],[38.844226,49.055051]]]}},{"type":"Feature","properties":{"cadnum":"4423187500:01:008:0046"},"geometry":{"type":"Polygon","coordinates":[[[38.844164,49.055673],[38.847742,49.055832],[38.847927,49.05584],[38.848,49.055219],[38.847742,49.055208],[38.844226,49.055051],[38.844164,49.055673]]]}},{"type":"Feature","properties":{"cadnum":"4423187500:04:006:0001"},"geometry":{"type":"Polygon","coordinates":[[[38.90665,49.054233],[38.907535,49.054798],[38.908105,49.054425],[38.907229,49.053883],[38.907023,49.053807],[38.90665,49.054233]]]}},{"type":"Feature","properties":{"cadnum":"4423187500:01:009:0036"},"geometry":{"type":"Polygon","coordinates":[[[38.900169,49.052538],[38.902674,49.052966],[38.90387,49.05317],[38.904054,49.052976],[38.904086,49.052959],[38.90444,49.052861],[38.902502,49.05253],[38.902502,49.052531],[38.90157,49.052372],[38.90157,49.052371],[38.901093,49.05229],[38.900912,49.052259],[38.900911,49.052259],[38.900268,49.052149],[38.90021,49.052371],[38.900211,49.052371],[38.900211,49.052372],[38.900169,49.052538]]]}},{"type":"Feature","properties":{"cadnum":"4423187500:01:009:0034"},"geometry":{"type":"Polygon","coordinates":[[[38.898543,49.05302],[38.902674,49.053736],[38.902694,49.053739],[38.903497,49.053495],[38.902502,49.053325],[38.902502,49.053326],[38.898732,49.052682],[38.898624,49.052873],[38.898543,49.05302]],[[38.899428,49.052902],[38.89945,49.052879],[38.899482,49.052893],[38.899482,49.052894],[38.899459,49.052917],[38.899428,49.052902]]]}},{"type":"Feature","properties":{"cadnum":"4423187500:01:009:0033"},"geometry":{"type":"Polygon","coordinates":[[[38.898333,49.053445],[38.901727,49.054024],[38.902502,49.053796],[38.90263,49.053758],[38.902674,49.053745],[38.902694,49.053739],[38.902502,49.053706],[38.902502,49.053707],[38.898543,49.053024],[38.898426,49.053259],[38.898333,49.053445]],[[38.898997,49.053341],[38.899019,49.053318],[38.899055,49.053332],[38.899033,49.053356],[38.898997,49.053341]]]}},{"type":"Feature","properties":{"cadnum":"4423187500:01:009:0035"},"geometry":{"type":"Polygon","coordinates":[[[38.898727,49.052679],[38.902674,49.053352],[38.903493,49.053491],[38.9036,49.053459],[38.90387,49.05317],[38.902502,49.052937],[38.900169,49.052538],[38.900106,49.052793],[38.900105,49.052793],[38.898772,49.052585],[38.898727,49.052679]]]}},{"type":"Feature","properties":{"cadnum":"4423187500:01:013:0006"},"geometry":{"type":"Polygon","coordinates":[[[38.845696,49.020828],[38.84757,49.021486],[38.851099,49.022725],[38.851602,49.021696],[38.84757,49.020281],[38.846629,49.01995],[38.845696,49.020828]]]}},{"type":"Feature","properties":{"cadnum":"4423187500:01:013:0049"},"geometry":{"type":"Polygon","coordinates":[[[38.844118,49.023491],[38.844122,49.023492],[38.84431,49.023563],[38.846351,49.024329],[38.846917,49.023694],[38.846338,49.023491],[38.844644,49.022895],[38.844154,49.02345],[38.844153,49.02345],[38.844118,49.023491]]]}},{"type":"Feature","properties":{"cadnum":"4423187500:01:013:0048"},"geometry":{"type":"Polygon","coordinates":[[[38.843625,49.024044],[38.845862,49.024884],[38.846202,49.024495],[38.846351,49.024329],[38.844122,49.023492],[38.844118,49.023491],[38.844051,49.023563],[38.844052,49.023563],[38.844002,49.023617],[38.843625,49.024044]]]}},{"type":"Feature","properties":{"cadnum":"4423187500:10:005:0019"},"geometry":{"type":"Polygon","coordinates":[[[38.912929,49.049002],[38.913321,49.04907],[38.913369,49.049082],[38.913488,49.049109],[38.913488,49.04911],[38.913558,49.049125],[38.91366,49.049147],[38.91366,49.049146],[38.913828,49.049179],[38.914101,49.049229],[38.914866,49.049343],[38.915206,49.049358],[38.915669,49.049276],[38.915979,49.049214],[38.915948,49.049126],[38.915948,49.049125],[38.916145,49.049075],[38.916132,49.04892],[38.915292,49.049134],[38.914992,49.049188],[38.914479,49.049105],[38.913985,49.049011],[38.913563,49.048935],[38.913451,49.048914],[38.913329,49.04889],[38.913011,49.048835],[38.912998,49.048885],[38.913001,49.048885],[38.912929,49.049002]]]}},{"type":"Feature","properties":{"cadnum":"4423187500:10:005:0007"},"geometry":{"type":"Polygon","coordinates":[[[38.911277,49.049361],[38.91139,49.0494],[38.911568,49.049417],[38.911829,49.04902],[38.91152,49.048944],[38.911277,49.049361]]]}},{"type":"Feature","properties":{"cadnum":"4423187500:10:003:0001"},"geometry":{"type":"Polygon","coordinates":[[[38.910795,49.049982],[38.911111,49.050074],[38.911699,49.050227],[38.911906,49.050294],[38.911906,49.050295],[38.911906,49.050309],[38.912116,49.050368],[38.912143,49.050371],[38.912279,49.050171],[38.911919,49.050098],[38.911734,49.05005],[38.911663,49.050039],[38.910927,49.049844],[38.910795,49.049982]]]}},{"type":"Feature","properties":{"cadnum":"4423187500:10:002:0003"},"geometry":{"type":"Polygon","coordinates":[[[38.9097,49.050753],[38.909839,49.05096],[38.91005,49.050857],[38.910122,49.050816],[38.910504,49.050592],[38.910342,49.050486],[38.910208,49.05041],[38.910153,49.05046],[38.910099,49.050491],[38.909992,49.050571],[38.909947,49.050606],[38.90992,49.050621],[38.909745,49.050727],[38.9097,49.050753]]]}},{"type":"Feature","properties":{"cadnum":"4423187500:10:002:0002"},"geometry":{"type":"Polygon","coordinates":[[[38.909853,49.050957],[38.909902,49.05106],[38.910271,49.050954],[38.910512,49.050871],[38.910621,49.050821],[38.910761,49.050763],[38.910531,49.050609],[38.910311,49.050733],[38.910149,49.050818],[38.909853,49.050957]]]}},{"type":"Feature","properties":{"cadnum":"4423187500:10:001:0003"},"geometry":{"type":"Polygon","coordinates":[[[38.911761,49.051713],[38.91208,49.051781],[38.913158,49.052031],[38.913176,49.05184],[38.912179,49.051599],[38.911766,49.051554],[38.911761,49.051713]]]}},{"type":"Feature","properties":{"cadnum":"4423187500:10:003:0002"},"geometry":{"type":"Polygon","coordinates":[[[38.910172,49.050185],[38.910396,49.050318],[38.910535,49.050203],[38.910625,49.050103],[38.910778,49.04995],[38.91094,49.049806],[38.910692,49.049741],[38.910405,49.050003],[38.910172,49.050185]]]}},{"type":"Feature","properties":{"cadnum":"4423187500:10:001:0001"},"geometry":{"type":"Polygon","coordinates":[[[38.911776,49.051381],[38.911816,49.051383],[38.912179,49.051413],[38.913181,49.051566],[38.913325,49.051375],[38.912507,49.051242],[38.91186,49.05118],[38.911784,49.051304],[38.911811,49.05131],[38.911776,49.051381]]]}},{"type":"Feature","properties":{"cadnum":"4423187500:10:001:0002"},"geometry":{"type":"Polygon","coordinates":[[[38.913181,49.051566],[38.913488,49.051614],[38.913581,49.051628],[38.913657,49.051748],[38.91366,49.051745],[38.913864,49.051478],[38.913631,49.051425],[38.913325,49.051375],[38.913181,49.051566]]]}},{"type":"Feature","properties":{"cadnum":"4423187500:10:002:0001"},"geometry":{"type":"Polygon","coordinates":[[[38.90939,49.050477],[38.909713,49.050751],[38.910059,49.050545],[38.910126,49.050504],[38.910225,49.050424],[38.909812,49.050165],[38.909656,49.050306],[38.90939,49.050477]]]}},{"type":"Feature","properties":{"cadnum":"4423187500:10:005:0006"},"geometry":{"type":"Polygon","coordinates":[[[38.911568,49.049417],[38.911946,49.04945],[38.912422,49.0495],[38.912615,49.04922],[38.9123,49.04914],[38.911829,49.04902],[38.911568,49.049417]]]}},{"type":"Feature","properties":{"cadnum":"4423187500:10:001:0004"},"geometry":{"type":"Polygon","coordinates":[[[38.912094,49.050659],[38.912453,49.05073],[38.912656,49.050772],[38.913285,49.050853],[38.913338,49.050657],[38.912656,49.050568],[38.912562,49.050545],[38.912206,49.050465],[38.912094,49.050659]]]}},{"type":"Feature","properties":{"cadnum":"4423187500:10:005:0012"},"geometry":{"type":"Polygon","coordinates":[[[38.912719,49.049452],[38.913239,49.049555],[38.913488,49.049605],[38.914044,49.049714],[38.915279,49.049941],[38.915336,49.049832],[38.915543,49.049838],[38.915602,49.049653],[38.914937,49.049612],[38.914323,49.04952],[38.91366,49.049371],[38.913415,49.049314],[38.912862,49.049134],[38.912719,49.049452]]]}},{"type":"Feature","properties":{"cadnum":"4423187500:01:005:0032"},"geometry":{"type":"Polygon","coordinates":[[[38.867542,49.065234],[38.869543,49.065339],[38.869654,49.065345],[38.869715,49.065348],[38.870098,49.065367],[38.872649,49.0655],[38.872743,49.065023],[38.870192,49.06489],[38.869715,49.064865],[38.867636,49.064758],[38.867542,49.065234]]]}},{"type":"Feature","properties":{"cadnum":"4423187500:01:005:0049"},"geometry":{"type":"Polygon","coordinates":[[[38.867636,49.064758],[38.869543,49.064857],[38.870192,49.06489],[38.872743,49.065023],[38.872838,49.064543],[38.870286,49.064414],[38.869677,49.064383],[38.867735,49.064281],[38.867636,49.064758]]]}},{"type":"Feature","properties":{"cadnum":"4423187500:01:005:0036"},"geometry":{"type":"Polygon","coordinates":[[[38.867353,49.066191],[38.869715,49.066312],[38.869715,49.066311],[38.869905,49.066321],[38.87246,49.066453],[38.872555,49.065976],[38.869999,49.065844],[38.869543,49.065821],[38.867448,49.065714],[38.867353,49.066191]]]}},{"type":"Feature","properties":{"cadnum":"4423187500:01:005:0046"},"geometry":{"type":"Polygon","coordinates":[[[38.867165,49.067145],[38.869543,49.067268],[38.869543,49.067269],[38.86966,49.067275],[38.869715,49.067277],[38.869716,49.067277],[38.872267,49.067407],[38.872362,49.066929],[38.86981,49.0668],[38.869607,49.06679],[38.869214,49.06677],[38.869219,49.06677],[38.867259,49.066668],[38.867239,49.06677],[38.867165,49.067145]]]}},{"type":"Feature","properties":{"cadnum":"4423187500:01:005:0043"},"geometry":{"type":"Polygon","coordinates":[[[38.867448,49.065714],[38.869715,49.06583],[38.869999,49.065844],[38.872555,49.065976],[38.872649,49.0655],[38.870098,49.065367],[38.869654,49.065345],[38.867542,49.065234],[38.867448,49.065714]]]}},{"type":"Feature","properties":{"cadnum":"4423187500:01:005:0012"},"geometry":{"type":"Polygon","coordinates":[[[38.867829,49.063805],[38.869543,49.063893],[38.869543,49.063894],[38.870381,49.063937],[38.872932,49.064067],[38.873026,49.06359],[38.870475,49.063457],[38.869543,49.06341],[38.867924,49.063328],[38.867829,49.063805]]]}},{"type":"Feature","properties":{"cadnum":"4423187500:01:005:0016"},"geometry":{"type":"Polygon","coordinates":[[[38.867259,49.066668],[38.869543,49.066787],[38.869607,49.06679],[38.869715,49.066796],[38.86981,49.0668],[38.872362,49.066929],[38.872398,49.066753],[38.87246,49.066453],[38.869905,49.066321],[38.869543,49.066303],[38.867353,49.066191],[38.867261,49.066657],[38.867259,49.066668]]]}},{"type":"Feature","properties":{"cadnum":"4423187500:01:005:0015"},"geometry":{"type":"Polygon","coordinates":[[[38.867735,49.064281],[38.869543,49.064376],[38.869677,49.064383],[38.869715,49.064385],[38.870286,49.064414],[38.872838,49.064543],[38.872932,49.064067],[38.870381,49.063937],[38.869715,49.063902],[38.867829,49.063805],[38.867735,49.064281]]]}},{"type":"Feature","properties":{"cadnum":"4423187500:07:001:0085"},"geometry":{"type":"Polygon","coordinates":[[[38.929997,49.047604],[38.93014,49.04769],[38.930779,49.048078],[38.931192,49.047804],[38.930393,49.047318],[38.930168,49.047483],[38.929997,49.047604]]]}},{"type":"Feature","properties":{"cadnum":"4423187500:07:001:0086"},"geometry":{"type":"Polygon","coordinates":[[[38.929598,49.047898],[38.929968,49.048122],[38.929968,49.048123],[38.930061,49.048178],[38.93014,49.048226],[38.930357,49.048357],[38.930779,49.048078],[38.929997,49.047604],[38.929598,49.047898]]]}},{"type":"Feature","properties":{"cadnum":"4423187500:07:001:0091"},"geometry":{"type":"Polygon","coordinates":[[[38.926938,49.04561],[38.927491,49.045878],[38.928057,49.045222],[38.92798,49.045184],[38.927621,49.045166],[38.927357,49.045246],[38.927321,49.045246],[38.927271,49.045225],[38.926938,49.04561]]]}},{"type":"Feature","properties":{"cadnum":"4423187500:07:001:0062"},"geometry":{"type":"Polygon","coordinates":[[[38.928753,49.048508],[38.929002,49.048659],[38.929001,49.048659],[38.929472,49.048944],[38.929876,49.048675],[38.929921,49.048646],[38.929181,49.048198],[38.928762,49.048501],[38.928753,49.048508]]]}},{"type":"Feature","properties":{"cadnum":"4423187500:07:001:0095"},"geometry":{"type":"Polygon","coordinates":[[[38.924949,49.046417],[38.926248,49.046456],[38.926179,49.04619],[38.925996,49.045985],[38.925946,49.04597],[38.925556,49.045882],[38.925286,49.046226],[38.924949,49.046417]]]}},{"type":"Feature","properties":{"cadnum":"4423187500:07:001:0083"},"geometry":{"type":"Polygon","coordinates":[[[38.925739,49.045499],[38.926552,49.045932],[38.926862,49.045575],[38.926022,49.045172],[38.925757,49.045322],[38.925739,49.045499]]]}},{"type":"Feature","properties":{"cadnum":"4423187500:07:001:0084"},"geometry":{"type":"Polygon","coordinates":[[[38.928884,49.046547],[38.928929,49.046568],[38.929346,49.046771],[38.929621,49.04645],[38.929898,49.046129],[38.929912,49.046114],[38.929445,49.045891],[38.928884,49.046547]]]}},{"type":"Feature","properties":{"cadnum":"4423187500:07:001:0064"},"geometry":{"type":"Polygon","coordinates":[[[38.9283,49.048805],[38.929018,49.049241],[38.929472,49.048944],[38.929187,49.048771],[38.928753,49.048508],[38.928436,49.048715],[38.9283,49.048805]]]}},{"type":"Feature","properties":{"cadnum":"4423187500:07:001:0063"},"geometry":{"type":"Polygon","coordinates":[[[38.929181,49.048198],[38.929921,49.048646],[38.929968,49.048615],[38.930036,49.048569],[38.93014,49.048501],[38.930357,49.048357],[38.930061,49.048178],[38.929598,49.047898],[38.929181,49.048198]]]}},{"type":"Feature","properties":{"cadnum":"4423187500:01:010:0073"},"geometry":{"type":"Polygon","coordinates":[[[38.82384,49.028951],[38.825598,49.028972],[38.825598,49.028973],[38.828861,49.029012],[38.828933,49.027944],[38.825598,49.027902],[38.825598,49.027903],[38.823911,49.027881],[38.82384,49.028951]]]}},{"type":"Feature","properties":{"cadnum":"4423187500:01:010:0074"},"geometry":{"type":"Polygon","coordinates":[[[38.823771,49.03002],[38.825598,49.030042],[38.825598,49.030043],[38.828788,49.030081],[38.828861,49.029012],[38.82577,49.028975],[38.825769,49.028975],[38.825769,49.028974],[38.82384,49.028951],[38.823771,49.03002]]]}},{"type":"Feature","properties":{"cadnum":"4423187500:01:010:0075"},"geometry":{"type":"Polygon","coordinates":[[[38.8237,49.031088],[38.825769,49.031115],[38.825769,49.031114],[38.82577,49.031114],[38.828721,49.031151],[38.828752,49.030654],[38.828751,49.030654],[38.828788,49.030081],[38.82577,49.030045],[38.825769,49.030045],[38.825769,49.030044],[38.823771,49.03002],[38.82372,49.030766],[38.823721,49.030766],[38.823721,49.030767],[38.8237,49.031088]]]}},{"type":"Feature","properties":{"cadnum":"4423187500:01:003:0065"},"geometry":{"type":"Polygon","coordinates":[[[38.844896,49.071797],[38.84491,49.073771],[38.846145,49.073607],[38.846139,49.073121],[38.84605,49.073139],[38.84605,49.073138],[38.845753,49.071682],[38.844896,49.071797]]]}},{"type":"Feature","properties":{"cadnum":"4423187500:01:003:0062"},"geometry":{"type":"Polygon","coordinates":[[[38.847191,49.072839],[38.847202,49.073854],[38.847202,49.073855],[38.847202,49.073914],[38.847203,49.073967],[38.847214,49.074781],[38.84757,49.074684],[38.847585,49.07468],[38.847742,49.074637],[38.848174,49.074519],[38.848167,49.073955],[38.848152,49.072547],[38.84757,49.072724],[38.847191,49.072839]]]}},{"type":"Feature","properties":{"cadnum":"4423187500:01:003:0063"},"geometry":{"type":"Polygon","coordinates":[[[38.846139,49.073121],[38.846145,49.073607],[38.846148,49.073854],[38.846148,49.073855],[38.846162,49.075142],[38.846198,49.075119],[38.846202,49.075119],[38.846212,49.075113],[38.846858,49.074881],[38.846862,49.074878],[38.847214,49.074781],[38.847202,49.073914],[38.847191,49.072839],[38.846495,49.073047],[38.846139,49.073121]]]}},{"type":"Feature","properties":{"cadnum":"4423187500:01:003:0064"},"geometry":{"type":"Polygon","coordinates":[[[38.84491,49.073771],[38.84491,49.073854],[38.84491,49.073855],[38.844923,49.075519],[38.845084,49.075487],[38.845875,49.075313],[38.846162,49.075142],[38.846149,49.073967],[38.846145,49.073607],[38.84491,49.073771]]]}},{"type":"Feature","properties":{"cadnum":"4423187500:01:011:0012"},"geometry":{"type":"Polygon","coordinates":[[[38.847258,49.03956],[38.84757,49.039651],[38.847737,49.039699],[38.847742,49.0397],[38.848588,49.039943],[38.849899,49.040025],[38.850546,49.039931],[38.850847,49.039967],[38.851768,49.040161],[38.852064,49.040117],[38.852868,49.039372],[38.84874,49.038183],[38.84757,49.03927],[38.847258,49.03956]]]}},{"type":"Feature","properties":{"cadnum":"4423187500:01:001:0008"},"geometry":{"type":"Polygon","coordinates":[[[38.865355,49.082983],[38.866221,49.083686],[38.867856,49.083377],[38.86699,49.082677],[38.865355,49.082983]]]}},{"type":"Feature","properties":{"cadnum":"4423187500:01:001:0054"},"geometry":{"type":"Polygon","coordinates":[[[38.865781,49.08211],[38.866527,49.082716],[38.868791,49.082291],[38.86747,49.081221],[38.867435,49.081227],[38.867551,49.0813],[38.867551,49.081301],[38.867393,49.081474],[38.867173,49.081612],[38.865781,49.08211]]]}},{"type":"Feature","properties":{"cadnum":"4423187500:01:001:0058"},"geometry":{"type":"Polygon","coordinates":[[[38.868498,49.082391],[38.869361,49.083095],[38.86941,49.083086],[38.869543,49.083061],[38.869543,49.083062],[38.869709,49.08303],[38.869715,49.083029],[38.870768,49.08283],[38.869905,49.08213],[38.869543,49.082197],[38.869543,49.082198],[38.868498,49.082391]]]}},{"type":"Feature","properties":{"cadnum":"4423187500:01:001:0059"},"geometry":{"type":"Polygon","coordinates":[[[38.86699,49.082674],[38.867856,49.083377],[38.869361,49.083095],[38.868498,49.082391],[38.86699,49.082674]]]}},{"type":"Feature","properties":{"cadnum":"4423187500:16:001:0006"},"geometry":{"type":"Polygon","coordinates":[[[38.908914,49.035821],[38.909493,49.036009],[38.909843,49.035391],[38.909664,49.035332],[38.909246,49.035193],[38.909147,49.035397],[38.908973,49.035703],[38.908914,49.035821]]]}},{"type":"Feature","properties":{"cadnum":"4423187500:10:007:0002"},"geometry":{"type":"Polygon","coordinates":[[[38.913028,49.038454],[38.913378,49.038474],[38.913483,49.037857],[38.913483,49.037856],[38.9135,49.037755],[38.913141,49.037729],[38.913121,49.037857],[38.913028,49.038454]]]}},{"type":"Feature","properties":{"cadnum":"4423187500:16:001:0005"},"geometry":{"type":"Polygon","coordinates":[[[38.908685,49.036286],[38.908918,49.036383],[38.90912,49.036422],[38.909229,49.036466],[38.909296,49.036345],[38.909493,49.036009],[38.908914,49.035821],[38.90877,49.036112],[38.908685,49.036286]]]}},{"type":"Feature","properties":{"cadnum":"4423187500:10:007:0009"},"geometry":{"type":"Polygon","coordinates":[[[38.912682,49.038491],[38.913019,49.038515],[38.913028,49.038454],[38.913103,49.037969],[38.913141,49.037729],[38.912853,49.037679],[38.912791,49.037969],[38.912792,49.037969],[38.912682,49.038491]]]}},{"type":"Feature","properties":{"cadnum":"4423187500:10:007:0004"},"geometry":{"type":"Polygon","coordinates":[[[38.911824,49.038112],[38.912395,49.038153],[38.912395,49.038029],[38.912411,49.037959],[38.912449,49.037797],[38.912485,49.037638],[38.912369,49.037614],[38.911919,49.037555],[38.911892,49.037714],[38.911868,49.037857],[38.911867,49.037857],[38.911824,49.038112]]]}},{"type":"Feature","properties":{"cadnum":"4423187500:10:013:0001"},"geometry":{"type":"Polygon","coordinates":[[[38.911879,49.037452],[38.912265,49.037514],[38.912359,49.037282],[38.912575,49.036766],[38.91217,49.03671],[38.912023,49.037108],[38.911986,49.037223],[38.911879,49.037452]]]}},{"type":"Feature","properties":{"cadnum":"4423187500:01:008:0114"},"geometry":{"type":"Polygon","coordinates":[[[38.865634,49.053706],[38.866347,49.053456],[38.866554,49.052259],[38.866553,49.052259],[38.867026,49.049532],[38.866581,49.049553],[38.866357,49.04955],[38.865885,49.052259],[38.865634,49.053706]]]}},{"type":"Feature","properties":{"cadnum":"4423187500:01:008:0076"},"geometry":{"type":"Polygon","coordinates":[[[38.864716,49.049474],[38.866581,49.049509],[38.867089,49.049488],[38.867498,49.049444],[38.867565,49.049435],[38.867739,49.049038],[38.864946,49.048952],[38.864716,49.049474]]]}},{"type":"Feature","properties":{"cadnum":"4423187500:01:008:0091"},"geometry":{"type":"Polygon","coordinates":[[[38.869506,49.050969],[38.869715,49.051121],[38.869715,49.05112],[38.86972,49.051124],[38.870332,49.051169],[38.870812,49.050318],[38.871293,49.049509],[38.871474,49.048771],[38.871531,49.048543],[38.871184,49.048659],[38.871183,49.048659],[38.871101,49.048687],[38.8711,49.048687],[38.870793,49.048771],[38.869837,49.049035],[38.869629,49.050251],[38.869506,49.050969]]]}},{"type":"Feature","properties":{"cadnum":"4423187500:01:008:0095"},"geometry":{"type":"Polygon","coordinates":[[[38.863863,49.054548],[38.863936,49.054351],[38.86405,49.054219],[38.864169,49.05408],[38.864222,49.054072],[38.864222,49.054071],[38.864433,49.054036],[38.864721,49.052372],[38.864721,49.052371],[38.864722,49.052371],[38.865215,49.049526],[38.864735,49.049517],[38.86426,49.052259],[38.864259,49.052259],[38.86405,49.053473],[38.863863,49.054548]]]}},{"type":"Feature","properties":{"cadnum":"4423187500:01:008:0094"},"geometry":{"type":"Polygon","coordinates":[[[38.868175,49.051843],[38.868831,49.051689],[38.869253,49.050786],[38.869506,49.050969],[38.869543,49.05075],[38.869629,49.050251],[38.869715,49.049748],[38.869715,49.049747],[38.869837,49.049035],[38.869766,49.049055],[38.869543,49.049103],[38.868661,49.049291],[38.868615,49.049299],[38.868175,49.051843]]]}},{"type":"Feature","properties":{"cadnum":"4423187500:01:008:0096"},"geometry":{"type":"Polygon","coordinates":[[[38.864433,49.054036],[38.864928,49.05396],[38.864982,49.053938],[38.865273,49.052259],[38.865272,49.052259],[38.865745,49.049538],[38.865215,49.049526],[38.864741,49.052259],[38.864433,49.054036]]]}},{"type":"Feature","properties":{"cadnum":"4423187500:01:008:0113"},"geometry":{"type":"Polygon","coordinates":[[[38.864982,49.053938],[38.865634,49.053706],[38.865865,49.052372],[38.865865,49.052371],[38.865866,49.052371],[38.866357,49.04955],[38.865745,49.049538],[38.865253,49.052371],[38.865253,49.052372],[38.864982,49.053938]]]}},{"type":"Feature","properties":{"cadnum":"4423187500:01:008:0093"},"geometry":{"type":"Polygon","coordinates":[[[38.867089,49.053179],[38.867326,49.053006],[38.867601,49.052446],[38.867742,49.052259],[38.867741,49.052259],[38.868032,49.051875],[38.868175,49.051843],[38.868615,49.049299],[38.867735,49.04945],[38.867248,49.052259],[38.867247,49.052259],[38.867089,49.053179]]]}},{"type":"Feature","properties":{"cadnum":"4423187500:01:008:0115"},"geometry":{"type":"Polygon","coordinates":[[[38.866347,49.053456],[38.867057,49.053203],[38.867089,49.053179],[38.867228,49.052372],[38.867228,49.052371],[38.867735,49.04945],[38.867511,49.049488],[38.867097,49.049529],[38.867026,49.049532],[38.866534,49.052371],[38.866534,49.052372],[38.866347,49.053456]]]}},{"type":"Feature","properties":{"cadnum":"4423187500:01:010:0090"},"geometry":{"type":"Polygon","coordinates":[[[38.822586,49.047963],[38.825598,49.047997],[38.827576,49.048019],[38.827643,49.047],[38.82577,49.046977],[38.825769,49.046977],[38.822653,49.046938],[38.822586,49.047963]]]}},{"type":"Feature","properties":{"cadnum":"4423187500:01:010:0089"},"geometry":{"type":"Polygon","coordinates":[[[38.822653,49.046938],[38.825598,49.046975],[38.827643,49.047],[38.827711,49.045979],[38.82577,49.045955],[38.825769,49.045955],[38.822721,49.045917],[38.822653,49.046938]]]}},{"type":"Feature","properties":{"cadnum":"4423187500:01:010:0008"},"geometry":{"type":"Polygon","coordinates":[[[38.823012,49.0495],[38.825598,49.049528],[38.825764,49.04953],[38.825769,49.04953],[38.827145,49.049544],[38.827193,49.048771],[38.827194,49.048771],[38.827226,49.048278],[38.82577,49.048269],[38.825769,49.048269],[38.82392,49.048257],[38.823094,49.048252],[38.823059,49.048771],[38.82306,49.048771],[38.823022,49.04937],[38.823012,49.0495]]]}},{"type":"Feature","properties":{"cadnum":"4423187500:01:006:0017"},"geometry":{"type":"Polygon","coordinates":[[[38.841105,49.060603],[38.841721,49.06218],[38.842249,49.062093],[38.843615,49.061865],[38.843616,49.061865],[38.844941,49.061818],[38.844258,49.060075],[38.842077,49.06044],[38.842077,49.060441],[38.841105,49.060603]]]}},{"type":"Feature","properties":{"cadnum":"4423187500:01:006:0016"},"geometry":{"type":"Polygon","coordinates":[[[38.837906,49.061141],[38.838518,49.062706],[38.841721,49.06218],[38.841105,49.060603],[38.84008,49.060773],[38.840013,49.060785],[38.838918,49.060967],[38.838841,49.060982],[38.838243,49.061082],[38.837906,49.061141]],[[38.841329,49.061524],[38.841361,49.061488],[38.841424,49.061488],[38.841455,49.061524],[38.841424,49.061559],[38.841361,49.061559],[38.841329,49.061524]]]}},{"type":"Feature","properties":{"cadnum":"4423187500:01:013:0029"},"geometry":{"type":"Polygon","coordinates":[[[38.822945,49.016706],[38.82489,49.017046],[38.825219,49.016358],[38.82522,49.016358],[38.825598,49.015572],[38.825724,49.015309],[38.825769,49.015215],[38.825977,49.014783],[38.825598,49.014764],[38.823903,49.01468],[38.823109,49.016358],[38.822945,49.016706]]]}},{"type":"Feature","properties":{"cadnum":"4423187500:01:013:0030"},"geometry":{"type":"Polygon","coordinates":[[[38.82489,49.017046],[38.825769,49.0172],[38.82577,49.0172],[38.826673,49.017358],[38.827206,49.016245],[38.827205,49.016245],[38.827796,49.015013],[38.827719,49.014989],[38.82763,49.014883],[38.82763,49.014865],[38.826022,49.014786],[38.825977,49.014783],[38.825724,49.015309],[38.825274,49.016245],[38.825273,49.016245],[38.82489,49.017046]]]}},{"type":"Feature","properties":{"cadnum":"4423187500:01:013:0071"},"geometry":{"type":"Polygon","coordinates":[[[38.839474,49.032284],[38.842077,49.033035],[38.842736,49.033224],[38.842977,49.033277],[38.843288,49.031989],[38.842077,49.031528],[38.840082,49.030767],[38.840082,49.030766],[38.83986,49.030682],[38.839839,49.030766],[38.83984,49.030766],[38.83984,49.030767],[38.839474,49.032284]]]}},{"type":"Feature","properties":{"cadnum":"4423187500:01:010:0121"},"geometry":{"type":"Polygon","coordinates":[[[38.840193,49.029292],[38.842077,49.030013],[38.842077,49.030014],[38.843751,49.030654],[38.843949,49.030729],[38.844046,49.030766],[38.844065,49.030773],[38.844172,49.030654],[38.844171,49.030654],[38.844936,49.029802],[38.842077,49.02871],[38.84048,49.028099],[38.840193,49.029292]]]}},{"type":"Feature","properties":{"cadnum":"4423187500:01:010:0122"},"geometry":{"type":"Polygon","coordinates":[[[38.83986,49.030682],[38.842249,49.031594],[38.842249,49.031593],[38.843288,49.031989],[38.843392,49.031551],[38.843539,49.031531],[38.843539,49.03153],[38.843571,49.031324],[38.844065,49.030773],[38.843949,49.030729],[38.842249,49.030079],[38.840193,49.029292],[38.839867,49.030654],[38.839861,49.030681],[38.83986,49.030682]]]}},{"type":"Feature","properties":{"cadnum":"4423187500:01:008:0048"},"geometry":{"type":"Polygon","coordinates":[[[38.844088,49.056391],[38.84468,49.056629],[38.845386,49.05682],[38.846099,49.056903],[38.84757,49.056941],[38.84757,49.056942],[38.847612,49.056943],[38.847742,49.056946],[38.847793,49.056947],[38.84786,49.056408],[38.84757,49.056396],[38.844101,49.05624],[38.844088,49.056391]]]}},{"type":"Feature","properties":{"cadnum":"4423187500:01:005:0020"},"geometry":{"type":"Polygon","coordinates":[[[38.867066,49.067633],[38.869543,49.06775],[38.869622,49.067754],[38.869715,49.067758],[38.872177,49.067871],[38.872267,49.067407],[38.869716,49.067277],[38.86966,49.067275],[38.867165,49.067145],[38.867066,49.067633]]]}},{"type":"Feature","properties":{"cadnum":"4423187500:01:005:0001"},"geometry":{"type":"Polygon","coordinates":[[[38.866531,49.06761],[38.867299,49.067892],[38.8684,49.068504],[38.869091,49.069075],[38.869543,49.069261],[38.869649,49.069304],[38.869715,49.069308],[38.871265,49.069387],[38.871257,49.068996],[38.871261,49.068978],[38.871274,49.068964],[38.871274,49.068963],[38.871297,49.068955],[38.871328,49.068949],[38.872905,49.068978],[38.873871,49.069108],[38.874024,49.06796],[38.869715,49.067759],[38.866531,49.06761]]]}},{"type":"Feature","properties":{"cadnum":"4423187500:07:001:0089"},"geometry":{"type":"Polygon","coordinates":[[[38.920799,49.055417],[38.922456,49.055743],[38.922604,49.055666],[38.922816,49.055552],[38.921154,49.055225],[38.920799,49.055417]]]}},{"type":"Feature","properties":{"cadnum":"4423187500:07:001:0077"},"geometry":{"type":"Polygon","coordinates":[[[38.920759,49.054104],[38.921864,49.054772],[38.922218,49.054586],[38.921109,49.053915],[38.920795,49.054086],[38.920759,49.054104]]]}},{"type":"Feature","properties":{"cadnum":"4423187500:07:001:0076"},"geometry":{"type":"Polygon","coordinates":[[[38.920408,49.054292],[38.921508,49.054957],[38.921864,49.054772],[38.920759,49.054104],[38.920466,49.054259],[38.920408,49.054292]]]}},{"type":"Feature","properties":{"cadnum":"4423187500:07:001:0090"},"geometry":{"type":"Polygon","coordinates":[[[38.920439,49.055611],[38.921696,49.055859],[38.922083,49.055935],[38.922093,49.055937],[38.922286,49.055834],[38.922456,49.055743],[38.920799,49.055417],[38.920439,49.055611]]]}},{"type":"Feature","properties":{"cadnum":"4423187500:07:001:0006"},"geometry":{"type":"Polygon","coordinates":[[[38.919657,49.0534],[38.920795,49.054086],[38.921109,49.053915],[38.921149,49.053895],[38.920093,49.053256],[38.919936,49.053332],[38.919657,49.0534]]]}},{"type":"Feature","properties":{"cadnum":"4423187500:07:001:0075"},"geometry":{"type":"Polygon","coordinates":[[[38.921109,49.053915],[38.922218,49.054586],[38.922573,49.054403],[38.921459,49.053729],[38.921149,49.053895],[38.921109,49.053915]]]}},{"type":"Feature","properties":{"cadnum":"4423187500:07:001:0007"},"geometry":{"type":"Polygon","coordinates":[[[38.920093,49.053256],[38.921149,49.053895],[38.921459,49.053729],[38.921522,49.053694],[38.920493,49.053074],[38.920093,49.053256]]]}},{"type":"Feature","properties":{"cadnum":"4423187500:01:008:0021"},"geometry":{"type":"Polygon","coordinates":[[[38.858793,49.057006],[38.86319,49.057212],[38.863225,49.056853],[38.863391,49.056085],[38.859533,49.055903],[38.85894,49.055876],[38.858927,49.055971],[38.858928,49.055971],[38.858793,49.057006]]]}},{"type":"Feature","properties":{"cadnum":"4423187500:01:008:0085"},"geometry":{"type":"Polygon","coordinates":[[[38.85894,49.055876],[38.859533,49.055903],[38.860979,49.055971],[38.863391,49.056085],[38.863417,49.055957],[38.863481,49.055649],[38.858999,49.05544],[38.858943,49.055859],[38.858942,49.055859],[38.85894,49.055876]]]}},{"type":"Feature","properties":{"cadnum":"4423187500:01:008:0083"},"geometry":{"type":"Polygon","coordinates":[[[38.862072,49.054851],[38.863387,49.054904],[38.863487,49.054901],[38.863487,49.054486],[38.862103,49.054422],[38.862072,49.054851]]]}},{"type":"Feature","properties":{"cadnum":"4423187500:01:008:0084"},"geometry":{"type":"Polygon","coordinates":[[[38.858999,49.05544],[38.863481,49.055649],[38.863487,49.055151],[38.863473,49.055164],[38.86345,49.055172],[38.863424,49.055175],[38.861024,49.055107],[38.86102,49.055107],[38.859053,49.055016],[38.858999,49.05544]]]}},{"type":"Feature","properties":{"cadnum":"4423187500:01:008:0082"},"geometry":{"type":"Polygon","coordinates":[[[38.862103,49.054422],[38.863487,49.054486],[38.863491,49.054186],[38.863508,49.054047],[38.862139,49.053989],[38.862103,49.054422]]]}},{"type":"Feature","properties":{"cadnum":"4423187500:01:012:0139"},"geometry":{"type":"Polygon","coordinates":[[[38.876867,49.037581],[38.877757,49.037856],[38.877757,49.037857],[38.878024,49.037939],[38.878122,49.037969],[38.87975,49.038471],[38.879961,49.03812],[38.880079,49.037923],[38.880078,49.037923],[38.877194,49.037034],[38.876876,49.037564],[38.876867,49.037581]]]}},{"type":"Feature","properties":{"cadnum":"4423187500:01:012:0146"},"geometry":{"type":"Polygon","coordinates":[[[38.875276,49.036307],[38.877262,49.036922],[38.877517,49.036492],[38.877842,49.035957],[38.87807,49.035577],[38.878052,49.035577],[38.877203,49.03565],[38.876574,49.035865],[38.875276,49.036307]]]}},{"type":"Feature","properties":{"cadnum":"4423187500:01:012:0142"},"geometry":{"type":"Polygon","coordinates":[[[38.877842,49.035957],[38.880529,49.036788],[38.880617,49.036815],[38.880701,49.036841],[38.880725,49.036848],[38.880792,49.036734],[38.881062,49.036286],[38.880701,49.036175],[38.879037,49.035659],[38.879001,49.03565],[38.87807,49.035577],[38.877842,49.035957]]]}},{"type":"Feature","properties":{"cadnum":"4423187500:01:012:0138"},"geometry":{"type":"Polygon","coordinates":[[[38.876435,49.038297],[38.879081,49.038783],[38.87954,49.038821],[38.87975,49.038471],[38.878024,49.037939],[38.876867,49.037581],[38.876702,49.037857],[38.876637,49.037966],[38.876635,49.037969],[38.87658,49.038061],[38.876435,49.038297]]]}},{"type":"Feature","properties":{"cadnum":"4423187500:01:012:0140"},"geometry":{"type":"Polygon","coordinates":[[[38.877194,49.037034],[38.879862,49.037856],[38.879862,49.037857],[38.880078,49.037923],[38.880079,49.037923],[38.88024,49.037655],[38.880402,49.037384],[38.877517,49.036492],[38.877262,49.036922],[38.877194,49.037034]]]}},{"type":"Feature","properties":{"cadnum":"4423187500:01:012:0141"},"geometry":{"type":"Polygon","coordinates":[[[38.877517,49.036492],[38.880402,49.037384],[38.880519,49.037193],[38.880529,49.037175],[38.880653,49.036969],[38.880701,49.036889],[38.880701,49.036888],[38.880725,49.036848],[38.880617,49.036815],[38.877842,49.035957],[38.877517,49.036492]]]}},{"type":"Feature","properties":{"cadnum":"4423187500:01:010:0057"},"geometry":{"type":"Polygon","coordinates":[[[38.819209,49.03638],[38.820105,49.036391],[38.820105,49.036392],[38.823278,49.036431],[38.823363,49.035179],[38.820276,49.035141],[38.819289,49.035128],[38.819209,49.03638]]]}},{"type":"Feature","properties":{"cadnum":"4423187500:01:010:0056"},"geometry":{"type":"Polygon","coordinates":[[[38.819127,49.037632],[38.820276,49.037646],[38.820276,49.037645],[38.823197,49.037679],[38.823278,49.036431],[38.820276,49.036394],[38.819209,49.03638],[38.819127,49.037632]]]}},{"type":"Feature","properties":{"cadnum":"4423187500:07:001:0038"},"geometry":{"type":"Polygon","coordinates":[[[38.928187,49.05003],[38.929968,49.051048],[38.929968,49.051049],[38.930101,49.051124],[38.93014,49.051109],[38.930227,49.051075],[38.930429,49.051095],[38.930487,49.051028],[38.929968,49.050731],[38.929968,49.050732],[38.928439,49.049859],[38.928273,49.049971],[38.928187,49.05003]]]}},{"type":"Feature","properties":{"cadnum":"4423187500:07:001:0094"},"geometry":{"type":"Polygon","coordinates":[[[38.92869,49.049691],[38.93014,49.050517],[38.93014,49.050516],[38.930671,49.050818],[38.930716,49.050766],[38.930968,49.050672],[38.93014,49.050199],[38.928951,49.04952],[38.92869,49.049691]]]}},{"type":"Feature","properties":{"cadnum":"4423187500:07:001:0111"},"geometry":{"type":"Polygon","coordinates":[[[38.925982,49.050215],[38.926997,49.050831],[38.927248,49.050615],[38.927011,49.050353],[38.926445,49.050009],[38.925982,49.050215]]]}},{"type":"Feature","properties":{"cadnum":"4423187500:07:001:0112"},"geometry":{"type":"Polygon","coordinates":[[[38.925592,49.050389],[38.926718,49.051069],[38.926997,49.050831],[38.925982,49.050215],[38.925592,49.050389]]]}},{"type":"Feature","properties":{"cadnum":"4423187500:07:001:0066"},"geometry":{"type":"Polygon","coordinates":[[[38.926494,49.049982],[38.927064,49.050327],[38.927186,49.050456],[38.927227,49.05043],[38.927671,49.050133],[38.926938,49.049691],[38.926494,49.049982]]]}},{"type":"Feature","properties":{"cadnum":"4423187500:07:001:0071"},"geometry":{"type":"Polygon","coordinates":[[[38.928439,49.049859],[38.93014,49.05083],[38.93014,49.050829],[38.930487,49.051028],[38.930671,49.050818],[38.929968,49.050418],[38.929968,49.050419],[38.92869,49.049691],[38.928439,49.049858],[38.928439,49.049859]]]}},{"type":"Feature","properties":{"cadnum":"4423187500:07:001:0039"},"geometry":{"type":"Polygon","coordinates":[[[38.927909,49.050221],[38.929741,49.051266],[38.929968,49.051177],[38.930101,49.051124],[38.928187,49.05003],[38.927909,49.050221]]]}},{"type":"Feature","properties":{"cadnum":"4423187500:07:001:0050"},"geometry":{"type":"Polygon","coordinates":[[[38.927042,49.050866],[38.928718,49.051822],[38.929068,49.051625],[38.927321,49.05063],[38.927042,49.050866]]]}},{"type":"Feature","properties":{"cadnum":"4423187500:01:005:0008"},"geometry":{"type":"Polygon","coordinates":[[[38.883389,49.067233],[38.885014,49.067407],[38.885073,49.067345],[38.88536,49.06685],[38.885419,49.066657],[38.88553,49.066297],[38.886194,49.066348],[38.888374,49.066515],[38.888253,49.065873],[38.889174,49.065915],[38.889326,49.065082],[38.889461,49.064861],[38.889622,49.064272],[38.889631,49.06384],[38.886194,49.063678],[38.884179,49.063583],[38.883512,49.066657],[38.88349,49.066758],[38.883488,49.06677],[38.883389,49.067233]]]}},{"type":"Feature","properties":{"cadnum":"4423187500:01:006:0005"},"geometry":{"type":"Polygon","coordinates":[[[38.824647,49.067378],[38.82493,49.067256],[38.825034,49.066712],[38.825035,49.066712],[38.825039,49.0667],[38.825052,49.066685],[38.825069,49.066676],[38.825071,49.066676],[38.825285,49.066606],[38.825312,49.066603],[38.825598,49.066603],[38.82652,49.0666],[38.826669,49.065429],[38.826669,49.06542],[38.826817,49.065082],[38.826503,49.064894],[38.826503,49.064893],[38.826553,49.063663],[38.825638,49.063847],[38.824786,49.064017],[38.824671,49.06677],[38.824672,49.06677],[38.824647,49.067378]]]}},{"type":"Feature","properties":{"cadnum":"4423187500:01:006:0004"},"geometry":{"type":"Polygon","coordinates":[[[38.822977,49.067415],[38.824647,49.067378],[38.824676,49.066657],[38.824786,49.064017],[38.824199,49.064134],[38.823107,49.064352],[38.823004,49.06677],[38.823005,49.06677],[38.822977,49.067415]]]}},{"type":"Feature","properties":{"cadnum":"4423187500:01:006:0003"},"geometry":{"type":"Polygon","coordinates":[[[38.821253,49.06768],[38.821903,49.067716],[38.821983,49.067751],[38.821989,49.067745],[38.822329,49.067504],[38.82233,49.067504],[38.822356,49.067494],[38.822608,49.067424],[38.822631,49.067421],[38.822977,49.067415],[38.823009,49.066657],[38.823107,49.064352],[38.821764,49.064617],[38.821377,49.064693],[38.821295,49.066657],[38.821294,49.066657],[38.821253,49.06768]]]}},{"type":"Feature","properties":{"cadnum":"4423187500:01:003:0052"},"geometry":{"type":"Polygon","coordinates":[[[38.837835,49.079912],[38.838015,49.079892],[38.837893,49.080006],[38.839748,49.080538],[38.839807,49.079776],[38.839577,49.079697],[38.837862,49.079209],[38.837835,49.079912]]]}},{"type":"Feature","properties":{"cadnum":"4423187500:01:003:0113"},"geometry":{"type":"Polygon","coordinates":[[[38.837413,49.079032],[38.839604,49.079656],[38.839713,49.078856],[38.83744,49.07857],[38.837422,49.079017],[38.837413,49.079032]]]}},{"type":"Feature","properties":{"cadnum":"4423187500:01:003:0112"},"geometry":{"type":"Polygon","coordinates":[[[38.83731,49.079968],[38.837835,49.079912],[38.837862,49.079209],[38.83735,49.079064],[38.83731,49.079968]]]}},{"type":"Feature","properties":{"cadnum":"4423187500:01:003:0050"},"geometry":{"type":"Polygon","coordinates":[[[38.83726,49.081192],[38.839384,49.0818],[38.839258,49.081412],[38.839218,49.081144],[38.839223,49.08112],[38.839236,49.081107],[38.839237,49.081106],[38.839285,49.081077],[38.839285,49.081076],[38.839357,49.081018],[38.837291,49.080426],[38.83726,49.081163],[38.83726,49.081164],[38.837261,49.081164],[38.83726,49.081192]]]}},{"type":"Feature","properties":{"cadnum":"4423187500:01:002:0035"},"geometry":{"type":"Polygon","coordinates":[[[38.83973,49.079223],[38.842077,49.078424],[38.842077,49.078425],[38.842856,49.078158],[38.842667,49.077552],[38.842249,49.077725],[38.840107,49.078608],[38.839797,49.07875],[38.83973,49.079223]]]}},{"type":"Feature","properties":{"cadnum":"4423187500:01:002:0038"},"geometry":{"type":"Polygon","coordinates":[[[38.840396,49.079929],[38.842077,49.080516],[38.842149,49.080541],[38.842249,49.080576],[38.842556,49.080682],[38.843355,49.08078],[38.843642,49.080706],[38.843485,49.080197],[38.843315,49.079638],[38.843153,49.079118],[38.843117,49.079003],[38.842077,49.079357],[38.840396,49.079929]]]}},{"type":"Feature","properties":{"cadnum":"4423187500:01:002:0036"},"geometry":{"type":"Polygon","coordinates":[[[38.839671,49.079679],[38.839717,49.079694],[38.842249,49.078831],[38.842987,49.078579],[38.842956,49.078482],[38.842856,49.078158],[38.842249,49.078366],[38.83973,49.079223],[38.839671,49.079679]]]}},{"type":"Feature","properties":{"cadnum":"4423187500:01:003:0055"},"geometry":{"type":"Polygon","coordinates":[[[38.83744,49.07857],[38.839713,49.078856],[38.839721,49.078782],[38.839654,49.078078],[38.839663,49.078028],[38.837476,49.077753],[38.83744,49.07857]]]}},{"type":"Feature","properties":{"cadnum":"4423187500:01:002:0037"},"geometry":{"type":"Polygon","coordinates":[[[38.839717,49.079694],[38.840396,49.079929],[38.842249,49.079299],[38.842249,49.079298],[38.843117,49.079003],[38.842987,49.078579],[38.842077,49.078889],[38.842077,49.07889],[38.839717,49.079694]]]}},{"type":"Feature","properties":{"cadnum":"4423187500:01:003:0051"},"geometry":{"type":"Polygon","coordinates":[[[38.837291,49.080426],[38.839357,49.081018],[38.839677,49.080756],[38.839681,49.080753],[38.839703,49.080744],[38.839704,49.080744],[38.83973,49.080738],[38.839734,49.080741],[38.839748,49.080538],[38.837893,49.080006],[38.837889,49.080012],[38.83753,49.080156],[38.8373,49.080209],[38.837291,49.080426]]]}},{"type":"Feature","properties":{"cadnum":"4423187500:01:012:0010"},"geometry":{"type":"Polygon","coordinates":[[[38.881605,49.036451],[38.884471,49.037334],[38.885715,49.035206],[38.885585,49.035058],[38.885396,49.03487],[38.884997,49.034761],[38.883473,49.034346],[38.882922,49.034196],[38.882887,49.034255],[38.882886,49.034255],[38.882824,49.034361],[38.88282,49.034368],[38.881605,49.036451]]]}},{"type":"Feature","properties":{"cadnum":"4423187500:01:010:0076"},"geometry":{"type":"Polygon","coordinates":[[[38.82361,49.032437],[38.825598,49.032462],[38.825598,49.032463],[38.828631,49.032499],[38.828721,49.031151],[38.825598,49.031112],[38.8237,49.031088],[38.82361,49.032437]]]}},{"type":"Feature","properties":{"cadnum":"4423187500:01:010:0077"},"geometry":{"type":"Polygon","coordinates":[[[38.823538,49.033504],[38.825598,49.033528],[38.82856,49.033562],[38.828631,49.032499],[38.82577,49.032465],[38.825769,49.032465],[38.825769,49.032464],[38.82361,49.032437],[38.823538,49.033504]]]}},{"type":"Feature","properties":{"cadnum":"4423187500:01:010:0078"},"geometry":{"type":"Polygon","coordinates":[[[38.823435,49.035114],[38.825598,49.03514],[38.825598,49.035141],[38.827886,49.035167],[38.826687,49.035011],[38.826031,49.03456],[38.826031,49.034516],[38.825769,49.034384],[38.825706,49.034352],[38.825598,49.034297],[38.825393,49.034192],[38.825598,49.034154],[38.825681,49.034139],[38.825769,49.034123],[38.82595,49.034089],[38.826161,49.033842],[38.826373,49.033733],[38.826683,49.033689],[38.826943,49.033733],[38.827643,49.033927],[38.828524,49.03411],[38.82856,49.033562],[38.82577,49.03353],[38.825769,49.03353],[38.823538,49.033504],[38.823482,49.034368],[38.823435,49.035114]]]}},{"type":"Feature","properties":{"cadnum":"4423187500:01:010:0034"},"geometry":{"type":"Polygon","coordinates":[[[38.841535,49.04829],[38.842077,49.048314],[38.843418,49.048372],[38.84362,49.045204],[38.842249,49.045141],[38.841738,49.045116],[38.841535,49.04829]]]}},{"type":"Feature","properties":{"cadnum":"4423187500:01:002:0044"},"geometry":{"type":"Polygon","coordinates":[[[38.84596,49.076784],[38.846131,49.077332],[38.84757,49.076841],[38.84757,49.076842],[38.848988,49.076357],[38.848749,49.07559],[38.847581,49.07598],[38.847568,49.075984],[38.84596,49.076784]]]}},{"type":"Feature","properties":{"cadnum":"4423187500:01:002:0043"},"geometry":{"type":"Polygon","coordinates":[[[38.842667,49.077552],[38.842671,49.077565],[38.842856,49.078158],[38.842956,49.078482],[38.845751,49.077528],[38.846086,49.077414],[38.845902,49.076813],[38.84477,49.077302],[38.84414,49.077453],[38.844119,49.077458],[38.844118,49.077458],[38.842847,49.077478],[38.842772,49.077509],[38.842667,49.077552]],[[38.845124,49.077564],[38.845183,49.077546],[38.845223,49.077565],[38.845224,49.077565],[38.845233,49.07757],[38.845228,49.077608],[38.845227,49.077608],[38.84517,49.077626],[38.845111,49.077602],[38.845124,49.077564]],[[38.845116,49.077326],[38.845151,49.077326],[38.845174,49.077349],[38.845156,49.077369],[38.845116,49.077369],[38.845093,49.077349],[38.845116,49.077326]]]}},{"type":"Feature","properties":{"cadnum":"4423187500:01:002:0042"},"geometry":{"type":"Polygon","coordinates":[[[38.842956,49.078482],[38.842987,49.078579],[38.843117,49.079003],[38.843153,49.079118],[38.846283,49.078049],[38.846124,49.07754],[38.846086,49.077414],[38.845972,49.077453],[38.845751,49.077528],[38.845642,49.077565],[38.842956,49.078482]],[[38.84526,49.077782],[38.84526,49.077781],[38.845286,49.077711],[38.845287,49.077711],[38.84539,49.07769],[38.84547,49.07774],[38.845443,49.077811],[38.84534,49.077832],[38.84526,49.077782]]]}},{"type":"Feature","properties":{"cadnum":"4423187500:01:016:0001"},"geometry":{"type":"Polygon","coordinates":[[[38.902914,49.045343],[38.903604,49.04547],[38.903654,49.045516],[38.904027,49.045608],[38.90409,49.045616],[38.904103,49.045552],[38.904103,49.045551],[38.904144,49.045558],[38.904216,49.045269],[38.904203,49.045269],[38.90422,49.045195],[38.904189,49.04519],[38.904126,49.045178],[38.90364,49.045092],[38.903627,49.04509],[38.903537,49.04511],[38.903107,49.045034],[38.903092,49.045058],[38.903091,49.045058],[38.902914,49.045343]],[[38.903977,49.045169],[38.903995,49.045171],[38.904004,49.045172],[38.903996,49.04519],[38.903973,49.045184],[38.903977,49.045169]]]}},{"type":"Feature","properties":{"cadnum":"4423187500:01:007:0001"},"geometry":{"type":"Polygon","coordinates":[[[38.903987,49.04494],[38.904558,49.045058],[38.904896,49.045128],[38.905101,49.045171],[38.905102,49.045171],[38.905348,49.045222],[38.90538,49.045058],[38.905451,49.044701],[38.904935,49.044601],[38.904832,49.044839],[38.904831,49.044839],[38.904027,49.04468],[38.903987,49.04494]],[[38.905029,49.044789],[38.905042,49.044774],[38.905061,49.044783],[38.905048,49.044798],[38.905047,49.044798],[38.905029,49.044789]]]}},{"type":"Feature","properties":{"cadnum":"4423187500:01:010:0131"},"geometry":{"type":"Polygon","coordinates":[[[38.844122,49.04518],[38.846122,49.045275],[38.846149,49.045058],[38.846148,49.045058],[38.846283,49.044],[38.845489,49.043971],[38.84548,49.044039],[38.845462,49.044059],[38.845421,49.044065],[38.844271,49.04403],[38.844122,49.045171],[38.844123,49.045171],[38.844124,49.045171],[38.844122,49.04518]]]}},{"type":"Feature","properties":{"cadnum":"4423187500:01:015:0015"},"geometry":{"type":"Polygon","coordinates":[[[38.899491,49.031369],[38.902674,49.032324],[38.902674,49.032323],[38.903191,49.032478],[38.904566,49.032906],[38.904872,49.032502],[38.904966,49.032419],[38.905195,49.032293],[38.906143,49.032084],[38.904019,49.031448],[38.902502,49.030992],[38.901754,49.030767],[38.901754,49.030766],[38.899958,49.030226],[38.899908,49.030346],[38.899783,49.030654],[38.899782,49.030654],[38.899491,49.031369]]]}},{"type":"Feature","properties":{"cadnum":"4423187500:01:015:0016"},"geometry":{"type":"Polygon","coordinates":[[[38.899886,49.029254],[38.900231,49.029357],[38.900232,49.029357],[38.900115,49.02984],[38.899958,49.030226],[38.901379,49.030654],[38.90138,49.030654],[38.902674,49.031043],[38.904019,49.031448],[38.904632,49.030677],[38.90484,49.030417],[38.905069,49.030129],[38.902674,49.029466],[38.90025,49.028794],[38.899886,49.029254]]]}},{"type":"Feature","properties":{"cadnum":"4423187500:01:015:0017"},"geometry":{"type":"Polygon","coordinates":[[[38.90025,49.028794],[38.902502,49.029418],[38.905069,49.030129],[38.90555,49.029519],[38.906013,49.028942],[38.902674,49.028018],[38.901193,49.027608],[38.901058,49.027778],[38.90025,49.028794]]]}},{"type":"Feature","properties":{"cadnum":"4423187500:01:002:0062"},"geometry":{"type":"Polygon","coordinates":[[[38.861429,49.070873],[38.861707,49.071808],[38.86405,49.071475],[38.865817,49.071223],[38.864222,49.070867],[38.863185,49.070635],[38.861429,49.070873]]]}},{"type":"Feature","properties":{"cadnum":"4423187500:01:002:0061"},"geometry":{"type":"Polygon","coordinates":[[[38.859085,49.071232],[38.859359,49.072141],[38.861707,49.071808],[38.861429,49.070873],[38.861321,49.070888],[38.859085,49.071232]]]}},{"type":"Feature","properties":{"cadnum":"4423187500:01:002:0020"},"geometry":{"type":"Polygon","coordinates":[[[38.859919,49.072109],[38.860544,49.073967],[38.860545,49.073967],[38.861124,49.075684],[38.862638,49.075498],[38.862084,49.073855],[38.861424,49.071894],[38.859919,49.072109]]]}},{"type":"Feature","properties":{"cadnum":"4423187500:01:002:0021"},"geometry":{"type":"Polygon","coordinates":[[[38.861424,49.071894],[38.862121,49.073967],[38.862122,49.073967],[38.862638,49.075498],[38.86405,49.075325],[38.864219,49.075304],[38.86405,49.074802],[38.863731,49.073855],[38.86373,49.073855],[38.862997,49.07167],[38.861424,49.071894]]]}},{"type":"Feature","properties":{"cadnum":"4423187500:01:002:0022"},"geometry":{"type":"Polygon","coordinates":[[[38.862997,49.07167],[38.863768,49.073967],[38.863769,49.073967],[38.864219,49.075304],[38.864222,49.075304],[38.865777,49.075113],[38.865353,49.073855],[38.864546,49.07145],[38.864207,49.071499],[38.862997,49.07167]]]}},{"type":"Feature","properties":{"cadnum":"4423187500:01:012:0022"},"geometry":{"type":"Polygon","coordinates":[[[38.862632,49.039013],[38.863078,49.040711],[38.86411,49.040252],[38.863747,49.038877],[38.862632,49.039013]]]}},{"type":"Feature","properties":{"cadnum":"4423187500:01:012:0023"},"geometry":{"type":"Polygon","coordinates":[[[38.863747,49.038877],[38.86405,49.040024],[38.86405,49.040025],[38.86411,49.040252],[38.864222,49.040202],[38.864537,49.040058],[38.864546,49.040055],[38.864766,49.03999],[38.864779,49.039988],[38.865049,49.039946],[38.865076,49.039946],[38.865242,49.039967],[38.865471,49.039872],[38.865234,49.038954],[38.865189,49.038795],[38.864695,49.038795],[38.864259,49.03883],[38.864167,49.038838],[38.863837,49.038866],[38.863747,49.038877]]]}},{"type":"Feature","properties":{"cadnum":"4423187500:01:012:0026"},"geometry":{"type":"Polygon","coordinates":[[[38.862852,49.041887],[38.864222,49.042201],[38.865661,49.042531],[38.866037,49.04196],[38.864222,49.041543],[38.864222,49.041542],[38.863747,49.041433],[38.863712,49.041458],[38.863711,49.041458],[38.863518,49.041595],[38.863517,49.041595],[38.863504,49.041601],[38.862852,49.041887]]]}},{"type":"Feature","properties":{"cadnum":"4423187500:01:012:0027"},"geometry":{"type":"Polygon","coordinates":[[[38.863747,49.041433],[38.863853,49.041457],[38.863853,49.041458],[38.86405,49.041503],[38.864158,49.041528],[38.864222,49.041543],[38.866037,49.04196],[38.866334,49.041507],[38.866518,49.041227],[38.864749,49.04082],[38.8642,49.041109],[38.863747,49.041433]]]}},{"type":"Feature","properties":{"cadnum":"4423187500:01:012:0021"},"geometry":{"type":"Polygon","coordinates":[[[38.861097,49.039639],[38.862498,49.040643],[38.863055,49.040717],[38.863078,49.040711],[38.862632,49.039013],[38.862606,49.039015],[38.861397,49.039419],[38.861097,49.039639]]]}},{"type":"Feature","properties":{"cadnum":"4423187500:10:009:0001"},"geometry":{"type":"Polygon","coordinates":[[[38.920223,49.040635],[38.920516,49.040756],[38.921464,49.039731],[38.921145,49.039634],[38.921015,49.039793],[38.920223,49.040635]]]}},{"type":"Feature","properties":{"cadnum":"4423187500:10:011:0005"},"geometry":{"type":"Polygon","coordinates":[[[38.92198,49.038644],[38.922569,49.038825],[38.922659,49.038524],[38.922726,49.038306],[38.922128,49.038192],[38.922065,49.038415],[38.92198,49.038644]]]}},{"type":"Feature","properties":{"cadnum":"4423187500:01:008:0063"},"geometry":{"type":"Polygon","coordinates":[[[38.876049,49.05713],[38.87932,49.057315],[38.879391,49.056841],[38.879463,49.05642],[38.876831,49.056305],[38.876808,49.056303],[38.876786,49.056294],[38.876773,49.056279],[38.876768,49.056261],[38.876768,49.056253],[38.876827,49.056072],[38.876831,49.056064],[38.876947,49.055887],[38.876234,49.055847],[38.876232,49.055859],[38.876231,49.055859],[38.87622,49.055941],[38.876215,49.055971],[38.876157,49.056384],[38.876076,49.056949],[38.876049,49.05713]]]}},{"type":"Feature","properties":{"cadnum":"4423187500:01:010:0002"},"geometry":{"type":"Polygon","coordinates":[[[38.817995,49.055086],[38.820105,49.055109],[38.822649,49.055136],[38.822729,49.053892],[38.821589,49.05388],[38.820435,49.053866],[38.820105,49.053862],[38.820105,49.053863],[38.820104,49.053863],[38.81928,49.053853],[38.818117,49.053842],[38.818108,49.05401],[38.818027,49.054657],[38.817995,49.055086]]]}},{"type":"Feature","properties":{"cadnum":"4423187500:01:010:0141"},"geometry":{"type":"Polygon","coordinates":[[[38.81928,49.053853],[38.820276,49.053865],[38.820276,49.053864],[38.820435,49.053866],[38.820484,49.052708],[38.820105,49.052705],[38.819329,49.052697],[38.81928,49.053853]]]}},{"type":"Feature","properties":{"cadnum":"4423187500:01:010:0140"},"geometry":{"type":"Polygon","coordinates":[[[38.818117,49.053842],[38.81928,49.053853],[38.819329,49.052697],[38.818184,49.052685],[38.818117,49.053842]]]}},{"type":"Feature","properties":{"cadnum":"4423187500:01:014:0028"},"geometry":{"type":"Polygon","coordinates":[[[38.87684,49.023201],[38.877704,49.02345],[38.880177,49.024162],[38.880586,49.023541],[38.880583,49.02354],[38.877249,49.022583],[38.87684,49.023201]]]}},{"type":"Feature","properties":{"cadnum":"4423187500:01:014:0027"},"geometry":{"type":"Polygon","coordinates":[[[38.876471,49.023758],[38.879809,49.024718],[38.880177,49.024162],[38.878095,49.023563],[38.87684,49.023201],[38.8766,49.023563],[38.876471,49.023758]]]}},{"type":"Feature","properties":{"cadnum":"4423187500:01:014:0030"},"geometry":{"type":"Polygon","coordinates":[[[38.877662,49.021961],[38.880529,49.022786],[38.880587,49.022802],[38.880701,49.022835],[38.880819,49.022869],[38.880529,49.022589],[38.878528,49.020653],[38.877662,49.021961]]]}},{"type":"Feature","properties":{"cadnum":"4423187500:01:015:0045"},"geometry":{"type":"Polygon","coordinates":[[[38.879526,49.021328],[38.879899,49.021734],[38.880701,49.022543],[38.880779,49.022622],[38.882234,49.022141],[38.880932,49.020863],[38.880701,49.020939],[38.879526,49.021328]]]}},{"type":"Feature","properties":{"cadnum":"4423187500:01:014:0029"},"geometry":{"type":"Polygon","coordinates":[[[38.877249,49.022583],[38.880269,49.02345],[38.880583,49.02354],[38.880586,49.023541],[38.880701,49.023368],[38.880949,49.022995],[38.880819,49.022869],[38.880587,49.022802],[38.877662,49.021961],[38.877249,49.022583]]]}},{"type":"Feature","properties":{"cadnum":"4423187500:01:010:0009"},"geometry":{"type":"Polygon","coordinates":[[[38.822932,49.050753],[38.825769,49.050787],[38.825769,49.050786],[38.82577,49.050786],[38.827064,49.050801],[38.827145,49.049544],[38.825764,49.04953],[38.823012,49.0495],[38.82295,49.050491],[38.822932,49.050753]]]}},{"type":"Feature","properties":{"cadnum":"4423187500:01:010:0010"},"geometry":{"type":"Polygon","coordinates":[[[38.822846,49.052066],[38.825598,49.052096],[38.825753,49.052098],[38.825769,49.052098],[38.826979,49.05211],[38.827064,49.050801],[38.825598,49.050784],[38.825598,49.050785],[38.822932,49.050753],[38.822878,49.05161],[38.822846,49.052066]]]}},{"type":"Feature","properties":{"cadnum":"4423187500:01:009:0056"},"geometry":{"type":"Polygon","coordinates":[[[38.883465,49.051846],[38.884212,49.052259],[38.884292,49.052303],[38.884416,49.052371],[38.884681,49.052517],[38.884865,49.052371],[38.886022,49.051454],[38.886023,49.051454],[38.886475,49.051095],[38.886469,49.051089],[38.886039,49.051095],[38.886017,49.051095],[38.886022,49.051094],[38.886023,49.051094],[38.88615,49.051062],[38.886194,49.05105],[38.886568,49.050954],[38.886658,49.050768],[38.886194,49.050746],[38.886194,49.050745],[38.88493,49.050683],[38.883465,49.051846]]]}},{"type":"Feature","properties":{"cadnum":"4423187500:01:009:0055"},"geometry":{"type":"Polygon","coordinates":[[[38.881704,49.053247],[38.882163,49.053706],[38.883123,49.053757],[38.884681,49.052517],[38.884292,49.052303],[38.883465,49.051846],[38.882945,49.052259],[38.881704,49.053247]]]}},{"type":"Feature","properties":{"cadnum":"4423187500:01:009:0050"},"geometry":{"type":"Polygon","coordinates":[[[38.883069,49.050545],[38.884853,49.050633],[38.885373,49.049526],[38.883599,49.049415],[38.883069,49.050545]]]}},{"type":"Feature","properties":{"cadnum":"4423187500:01:009:0049"},"geometry":{"type":"Polygon","coordinates":[[[38.884853,49.050633],[38.886022,49.050692],[38.886023,49.050692],[38.886023,49.050693],[38.886668,49.050724],[38.886681,49.050727],[38.886721,49.050648],[38.887215,49.049644],[38.886194,49.049579],[38.885373,49.049526],[38.884853,49.050633]]]}},{"type":"Feature","properties":{"cadnum":"4423187500:01:009:0051"},"geometry":{"type":"Polygon","coordinates":[[[38.881259,49.050456],[38.883069,49.050545],[38.883599,49.049415],[38.882836,49.049365],[38.881798,49.049311],[38.881259,49.050456]]]}},{"type":"Feature","properties":{"cadnum":"4423187500:01:009:0014"},"geometry":{"type":"Polygon","coordinates":[[[38.883123,49.053757],[38.883205,49.053759],[38.883523,49.053583],[38.883542,49.053574],[38.883563,49.053571],[38.884337,49.053544],[38.884368,49.053547],[38.884385,49.053554],[38.885868,49.052371],[38.886022,49.052249],[38.886023,49.052249],[38.886054,49.052224],[38.886194,49.052113],[38.886194,49.052112],[38.886825,49.05161],[38.886725,49.051584],[38.886712,49.051331],[38.886475,49.051095],[38.886194,49.051318],[38.885007,49.052259],[38.885006,49.052259],[38.884681,49.052517],[38.883123,49.053757]]]}},{"type":"Feature","properties":{"cadnum":"4423187500:01:003:0088"},"geometry":{"type":"Polygon","coordinates":[[[38.841662,49.065011],[38.841702,49.065853],[38.842077,49.065901],[38.842132,49.065908],[38.842249,49.065923],[38.844757,49.066241],[38.844468,49.064964],[38.842249,49.065002],[38.841662,49.065011]]]}},{"type":"Feature","properties":{"cadnum":"4423187500:01:003:0086"},"geometry":{"type":"Polygon","coordinates":[[[38.838832,49.066024],[38.838926,49.066527],[38.839061,49.066541],[38.840351,49.066657],[38.841301,49.066742],[38.841321,49.066744],[38.841149,49.065991],[38.840673,49.066032],[38.840665,49.066032],[38.840638,49.06603],[38.840615,49.066021],[38.840602,49.066006],[38.840597,49.065997],[38.84057,49.065906],[38.838832,49.066024]]]}},{"type":"Feature","properties":{"cadnum":"4423187500:01:003:0105"},"geometry":{"type":"Polygon","coordinates":[[[38.838665,49.065123],[38.838832,49.066024],[38.84057,49.065906],[38.840306,49.065011],[38.838665,49.065123]]]}},{"type":"Feature","properties":{"cadnum":"4423187500:01:015:0030"},"geometry":{"type":"Polygon","coordinates":[[[38.881008,49.020083],[38.882742,49.020548],[38.882778,49.01996],[38.8828,49.01962],[38.882544,49.019358],[38.882148,49.018989],[38.882023,49.019054],[38.881331,49.019396],[38.881295,49.019594],[38.881146,49.019848],[38.881145,49.019848],[38.881092,49.019939],[38.881079,49.01996],[38.881079,49.019961],[38.881008,49.020083]]]}},{"type":"Feature","properties":{"cadnum":"4423187500:01:013:0022"},"geometry":{"type":"Polygon","coordinates":[[[38.821962,49.022153],[38.823471,49.022404],[38.824698,49.019848],[38.824697,49.019848],[38.824805,49.019625],[38.8233,49.019363],[38.823068,49.019848],[38.823067,49.019848],[38.821962,49.022153]]]}},{"type":"Feature","properties":{"cadnum":"4423187500:01:013:0059"},"geometry":{"type":"Polygon","coordinates":[[[38.822725,49.019216],[38.823633,49.019376],[38.824737,49.017066],[38.823834,49.016907],[38.822725,49.019216]]]}},{"type":"Feature","properties":{"cadnum":"4423187500:01:013:0025"},"geometry":{"type":"Polygon","coordinates":[[[38.823633,49.019376],[38.825448,49.01969],[38.825598,49.019377],[38.825745,49.01907],[38.825769,49.019018],[38.826553,49.017381],[38.825598,49.017215],[38.824737,49.017066],[38.823633,49.019376]]]}},{"type":"Feature","properties":{"cadnum":"4423187500:01:013:0058"},"geometry":{"type":"Polygon","coordinates":[[[38.821819,49.019057],[38.822725,49.019216],[38.823834,49.016907],[38.822922,49.016747],[38.822819,49.016969],[38.821819,49.019057]]]}},{"type":"Feature","properties":{"cadnum":"4423187500:04:010:0017"},"geometry":{"type":"Polygon","coordinates":[[[38.89827,49.047801],[38.899145,49.047936],[38.899392,49.047904],[38.899499,49.047801],[38.899625,49.04756],[38.89884,49.047342],[38.898637,49.047486],[38.89827,49.047801]]]}},{"type":"Feature","properties":{"cadnum":"4423187500:04:010:0018"},"geometry":{"type":"Polygon","coordinates":[[[38.898134,49.04703],[38.898601,49.047233],[38.898835,49.04736],[38.899176,49.047115],[38.899285,49.047039],[38.899042,49.046971],[38.898849,49.046918],[38.89848,49.046815],[38.898134,49.04703]]]}},{"type":"Feature","properties":{"cadnum":"4423187500:04:010:0019"},"geometry":{"type":"Polygon","coordinates":[[[38.897455,49.047336],[38.898084,49.047768],[38.898264,49.047822],[38.898633,49.047506],[38.898835,49.04736],[38.898601,49.047233],[38.898134,49.04703],[38.897924,49.047162],[38.897775,49.047203],[38.897455,49.047336]]]}},{"type":"Feature","properties":{"cadnum":"4423187500:04:010:0016"},"geometry":{"type":"Polygon","coordinates":[[[38.89884,49.047342],[38.899625,49.04756],[38.899643,49.047527],[38.899878,49.047183],[38.899549,49.047091],[38.899289,49.047018],[38.89884,49.047342]]]}},{"type":"Feature","properties":{"cadnum":"4423187500:01:011:0033"},"geometry":{"type":"Polygon","coordinates":[[[38.853214,49.028789],[38.854768,49.029767],[38.855307,49.030102],[38.857791,49.028438],[38.856326,49.027516],[38.854454,49.028768],[38.854108,49.028824],[38.853766,49.028835],[38.853363,49.028768],[38.853322,49.028783],[38.853267,49.028783],[38.853241,49.028771],[38.853214,49.028789]]]}},{"type":"Feature","properties":{"cadnum":"4423187500:07:001:0049"},"geometry":{"type":"Polygon","coordinates":[[[38.919348,49.057904],[38.919653,49.057965],[38.919914,49.058018],[38.920319,49.057115],[38.920071,49.057067],[38.919757,49.057],[38.919348,49.057904]]]}},{"type":"Feature","properties":{"cadnum":"4423187500:07:001:0047"},"geometry":{"type":"Polygon","coordinates":[[[38.920956,49.058401],[38.921154,49.058306],[38.921787,49.05803],[38.922061,49.057427],[38.921594,49.057356],[38.921441,49.057326],[38.921028,49.058242],[38.920956,49.058401]]]}},{"type":"Feature","properties":{"cadnum":"4423187500:07:001:0057"},"geometry":{"type":"Polygon","coordinates":[[[38.920472,49.05813],[38.921028,49.058242],[38.921441,49.057326],[38.920885,49.057221],[38.920472,49.05813]]]}},{"type":"Feature","properties":{"cadnum":"4423187500:07:001:0072"},"geometry":{"type":"Polygon","coordinates":[[[38.919914,49.058018],[38.920103,49.058057],[38.920472,49.05813],[38.920885,49.057221],[38.920319,49.057115],[38.919914,49.058018]]]}},{"type":"Feature","properties":{"cadnum":"4423187500:07:001:0081"},"geometry":{"type":"Polygon","coordinates":[[[38.921648,49.056173],[38.923525,49.056543],[38.923844,49.056373],[38.921967,49.056005],[38.921733,49.056129],[38.921648,49.056173]]]}},{"type":"Feature","properties":{"cadnum":"4423187500:01:008:0024"},"geometry":{"type":"Polygon","coordinates":[[[38.863087,49.058701],[38.864222,49.058758],[38.868257,49.058958],[38.868261,49.05893],[38.8684,49.057998],[38.86405,49.057778],[38.863275,49.057739],[38.863261,49.05775],[38.86324,49.057759],[38.863212,49.057765],[38.863208,49.057762],[38.863167,49.058225],[38.863087,49.058701]]]}},{"type":"Feature","properties":{"cadnum":"4423187500:01:008:0022"},"geometry":{"type":"Polygon","coordinates":[[[38.858644,49.058151],[38.863078,49.05836],[38.8631,49.058221],[38.86319,49.057212],[38.858793,49.057006],[38.858644,49.058151]]]}},{"type":"Feature","properties":{"cadnum":"4423187500:01:008:0057"},"geometry":{"type":"Polygon","coordinates":[[[38.863217,49.057691],[38.86405,49.057734],[38.864126,49.057738],[38.864222,49.057743],[38.865125,49.057789],[38.865242,49.057073],[38.864649,49.057041],[38.864344,49.056953],[38.864129,49.056811],[38.86328,49.056988],[38.863217,49.057691]]]}},{"type":"Feature","properties":{"cadnum":"4423187500:01:003:0001"},"geometry":{"type":"Polygon","coordinates":[[[38.816706,49.075707],[38.816729,49.07571],[38.816738,49.075714],[38.817335,49.07596],[38.818706,49.076534],[38.818899,49.076623],[38.819026,49.073953],[38.819033,49.073804],[38.817331,49.073668],[38.816823,49.073621],[38.816877,49.073854],[38.816877,49.073855],[38.816966,49.074236],[38.816796,49.07468],[38.816706,49.075707]]]}},{"type":"Feature","properties":{"cadnum":"4423187500:01:003:0110"},"geometry":{"type":"Polygon","coordinates":[[[38.816823,49.073586],[38.817339,49.073633],[38.817924,49.07368],[38.818,49.071876],[38.81685,49.071786],[38.816823,49.073586]]]}},{"type":"Feature","properties":{"cadnum":"4423187500:01:003:0106"},"geometry":{"type":"Polygon","coordinates":[[[38.817924,49.07368],[38.819513,49.07381],[38.819639,49.070761],[38.818054,49.070632],[38.818,49.071876],[38.817924,49.07368]]]}},{"type":"Feature","properties":{"cadnum":"4423187500:01:012:0072"},"geometry":{"type":"Polygon","coordinates":[[[38.876027,49.039151],[38.878532,49.039728],[38.878533,49.039728],[38.878951,49.039098],[38.878146,49.038877],[38.876435,49.03853],[38.876027,49.039151]]]}},{"type":"Feature","properties":{"cadnum":"4423187500:01:012:0074"},"geometry":{"type":"Polygon","coordinates":[[[38.877752,49.041038],[38.879572,49.041457],[38.879572,49.041458],[38.879836,49.041518],[38.87988,49.041451],[38.880393,49.040673],[38.878305,49.040193],[38.877752,49.041038]]]}},{"type":"Feature","properties":{"cadnum":"4423187500:01:012:0071"},"geometry":{"type":"Polygon","coordinates":[[[38.875645,49.039731],[38.878156,49.040309],[38.878532,49.039728],[38.876027,49.039151],[38.876005,49.039181],[38.875645,49.039731]]]}},{"type":"Feature","properties":{"cadnum":"4423187500:01:012:0070"},"geometry":{"type":"Polygon","coordinates":[[[38.875268,49.040302],[38.877779,49.040879],[38.878156,49.040309],[38.875645,49.039731],[38.875609,49.039787],[38.875268,49.040302]]]}},{"type":"Feature","properties":{"cadnum":"4423187500:01:012:0075"},"geometry":{"type":"Polygon","coordinates":[[[38.877226,49.041836],[38.87931,49.042316],[38.87936,49.042245],[38.879836,49.041518],[38.877752,49.041038],[38.877401,49.04157],[38.877402,49.04157],[38.877226,49.041836]]]}},{"type":"Feature","properties":{"cadnum":"4423187500:07:001:0088"},"geometry":{"type":"Polygon","coordinates":[[[38.927756,49.053017],[38.928237,49.053006],[38.928739,49.053124],[38.929126,49.052817],[38.928978,49.052793],[38.929001,49.052732],[38.927882,49.052614],[38.927756,49.053017]]]}},{"type":"Feature","properties":{"cadnum":"4423187500:07:001:0087"},"geometry":{"type":"Polygon","coordinates":[[[38.925219,49.053044],[38.927433,49.053024],[38.927756,49.053017],[38.927882,49.052614],[38.926777,49.052502],[38.926588,49.052561],[38.925219,49.053044]]]}},{"type":"Feature","properties":{"cadnum":"4423187500:01:003:0023"},"geometry":{"type":"Polygon","coordinates":[[[38.821293,49.069308],[38.825598,49.06965],[38.825598,49.069651],[38.825847,49.06967],[38.825891,49.068754],[38.825775,49.068392],[38.825607,49.068395],[38.822595,49.068425],[38.822339,49.068216],[38.822186,49.067957],[38.821782,49.067845],[38.82135,49.067821],[38.82135,49.067869],[38.821293,49.069308]]]}},{"type":"Feature","properties":{"cadnum":"4423187500:01:003:0049"},"geometry":{"type":"Polygon","coordinates":[[[38.837233,49.081794],[38.837386,49.082009],[38.837426,49.082195],[38.839478,49.082783],[38.839407,49.081871],[38.839384,49.0818],[38.83726,49.081192],[38.837233,49.081794]]]}},{"type":"Feature","properties":{"cadnum":"4423187500:01:003:0048"},"geometry":{"type":"Polygon","coordinates":[[[38.837426,49.082195],[38.837463,49.082377],[38.83761,49.083163],[38.837763,49.08351],[38.83801,49.083736],[38.838549,49.08371],[38.839101,49.08358],[38.839438,49.083424],[38.83943,49.083416],[38.839425,49.083401],[38.839425,49.083395],[38.839492,49.082965],[38.839478,49.082783],[38.837426,49.082195]]]}},{"type":"Feature","properties":{"cadnum":"4423187500:01:012:0133"},"geometry":{"type":"Polygon","coordinates":[[[38.880792,49.036734],[38.884242,49.037797],[38.884242,49.037793],[38.884511,49.037349],[38.884471,49.037334],[38.881605,49.036451],[38.881062,49.036286],[38.880792,49.036734]]]}},{"type":"Feature","properties":{"cadnum":"4423187500:10:005:0016"},"geometry":{"type":"Polygon","coordinates":[[[38.915701,49.042729],[38.916227,49.042858],[38.916518,49.042345],[38.915998,49.042207],[38.915701,49.042729]]]}},{"type":"Feature","properties":{"cadnum":"4423187500:01:002:0029"},"geometry":{"type":"Polygon","coordinates":[[[38.853196,49.081077],[38.853226,49.081163],[38.853226,49.081164],[38.853227,49.081164],[38.853363,49.081547],[38.85448,49.081164],[38.85448,49.081163],[38.856449,49.080488],[38.856286,49.080018],[38.853271,49.081051],[38.85327,49.081051],[38.853197,49.081076],[38.853196,49.081077]]]}},{"type":"Feature","properties":{"cadnum":"4423187500:01:002:0030"},"geometry":{"type":"Polygon","coordinates":[[[38.853363,49.081547],[38.85351,49.081977],[38.853646,49.081957],[38.856072,49.081164],[38.856073,49.081164],[38.856073,49.081163],[38.856619,49.080985],[38.856449,49.080488],[38.854807,49.081051],[38.853363,49.081547]]]}},{"type":"Feature","properties":{"cadnum":"4423187500:01:002:0014"},"geometry":{"type":"Polygon","coordinates":[[[38.861466,49.07569],[38.86182,49.076822],[38.864222,49.076525],[38.86434,49.07651],[38.867676,49.076096],[38.867573,49.075766],[38.867322,49.074969],[38.86405,49.075372],[38.861466,49.07569]]]}},{"type":"Feature","properties":{"cadnum":"4423187500:01:012:0025"},"geometry":{"type":"Polygon","coordinates":[[[38.862494,49.042046],[38.862569,49.042387],[38.86405,49.042729],[38.865337,49.043026],[38.865661,49.042531],[38.86405,49.042162],[38.862852,49.041887],[38.862494,49.042046]]]}},{"type":"Feature","properties":{"cadnum":"4423187500:01:012:0024"},"geometry":{"type":"Polygon","coordinates":[[[38.862569,49.042387],[38.862691,49.042911],[38.863949,49.043403],[38.86405,49.043434],[38.86405,49.043435],[38.864892,49.043694],[38.864896,49.043694],[38.865337,49.043023],[38.86405,49.042728],[38.862569,49.042387]]]}},{"type":"Feature","properties":{"cadnum":"4423187500:01:008:0061"},"geometry":{"type":"Polygon","coordinates":[[[38.875972,49.057651],[38.879247,49.057795],[38.87932,49.057315],[38.876049,49.05713],[38.875972,49.057651]]]}},{"type":"Feature","properties":{"cadnum":"4423187500:01:008:0062"},"geometry":{"type":"Polygon","coordinates":[[[38.877783,49.058424],[38.87922,49.058498],[38.879305,49.057841],[38.87789,49.05778],[38.877783,49.058424]]]}},{"type":"Feature","properties":{"cadnum":"4423187500:01:015:0031"},"geometry":{"type":"Polygon","coordinates":[[[38.85912,49.010762],[38.859372,49.011033],[38.860485,49.011345],[38.861846,49.011745],[38.863837,49.009353],[38.863437,49.009229],[38.861326,49.009954],[38.859942,49.009587],[38.859799,49.009834],[38.859762,49.009851],[38.85912,49.010762]]]}},{"type":"Feature","properties":{"cadnum":"4423187500:01:014:0026"},"geometry":{"type":"Polygon","coordinates":[[[38.8764,49.023864],[38.876943,49.024017],[38.876705,49.024742],[38.879333,49.025431],[38.879809,49.024718],[38.876471,49.023758],[38.8764,49.023864]]]}},{"type":"Feature","properties":{"cadnum":"4423187500:07:001:0116"},"geometry":{"type":"Polygon","coordinates":[[[38.916814,49.062021],[38.916824,49.062036],[38.919065,49.062274],[38.919065,49.061933],[38.917826,49.0618],[38.917772,49.061951],[38.917412,49.062047],[38.916851,49.061936],[38.916814,49.062021]]]}},{"type":"Feature","properties":{"cadnum":"4423187500:07:001:0097"},"geometry":{"type":"Polygon","coordinates":[[[38.916788,49.061291],[38.916896,49.061288],[38.917407,49.061277],[38.917619,49.061365],[38.918981,49.061512],[38.918982,49.061512],[38.919065,49.061521],[38.91907,49.061238],[38.916806,49.060997],[38.916788,49.061291]]]}},{"type":"Feature","properties":{"cadnum":"4423187500:07:001:0079"},"geometry":{"type":"Polygon","coordinates":[[[38.917619,49.061365],[38.917732,49.061412],[38.917856,49.061718],[38.917826,49.0618],[38.919065,49.061933],[38.919065,49.061521],[38.917619,49.061365]]]}},{"type":"Feature","properties":{"cadnum":"4423187500:01:008:0056"},"geometry":{"type":"Polygon","coordinates":[[[38.860755,49.060915],[38.862494,49.060965],[38.862749,49.060152],[38.862804,49.059911],[38.861079,49.05987],[38.860845,49.060626],[38.860755,49.060915]]]}},{"type":"Feature","properties":{"cadnum":"4423187500:01:012:0077"},"geometry":{"type":"Polygon","coordinates":[[[38.876045,49.043629],[38.878133,49.044109],[38.878291,49.043871],[38.878726,49.043209],[38.876638,49.042729],[38.876045,49.043629]]]}},{"type":"Feature","properties":{"cadnum":"4423187500:01:012:0078"},"geometry":{"type":"Polygon","coordinates":[[[38.875452,49.044533],[38.87754,49.045013],[38.877779,49.044645],[38.878133,49.044109],[38.876045,49.043629],[38.875452,49.044533]]]}},{"type":"Feature","properties":{"cadnum":"4423187500:01:012:0016"},"geometry":{"type":"Polygon","coordinates":[[[38.894262,49.040352],[38.89517,49.040629],[38.896778,49.037871],[38.896979,49.037526],[38.896073,49.037246],[38.895716,49.037857],[38.895697,49.037888],[38.89565,49.037969],[38.894262,49.040352]]]}},{"type":"Feature","properties":{"cadnum":"4423187500:01:012:0015"},"geometry":{"type":"Polygon","coordinates":[[[38.892475,49.039802],[38.894109,49.040305],[38.894262,49.040352],[38.895697,49.037888],[38.896073,49.037246],[38.894289,49.03669],[38.893542,49.037969],[38.892475,49.039802]]]}},{"type":"Feature","properties":{"cadnum":"4423187500:01:013:0036"},"geometry":{"type":"Polygon","coordinates":[[[38.826606,49.012718],[38.82682,49.012755],[38.828492,49.013044],[38.82863,49.012755],[38.829561,49.010817],[38.827778,49.01027],[38.826643,49.012642],[38.826642,49.012642],[38.826606,49.012718]]]}},{"type":"Feature","properties":{"cadnum":"4423187500:01:013:0055"},"geometry":{"type":"Polygon","coordinates":[[[38.851556,49.018928],[38.852495,49.019266],[38.853235,49.018836],[38.854,49.018391],[38.853129,49.017994],[38.852854,49.017979],[38.852275,49.018439],[38.851786,49.018834],[38.851785,49.018834],[38.851556,49.018928]]]}},{"type":"Feature","properties":{"cadnum":"4423187500:01:013:0056"},"geometry":{"type":"Polygon","coordinates":[[[38.852495,49.019266],[38.853235,49.019536],[38.853235,49.019535],[38.85342,49.019602],[38.853439,49.019614],[38.853474,49.019594],[38.855181,49.019033],[38.855154,49.018916],[38.854,49.018391],[38.853064,49.018936],[38.852495,49.019266]]]}},{"type":"Feature","properties":{"cadnum":"4423187500:01:003:0015"},"geometry":{"type":"Polygon","coordinates":[[[38.832027,49.074819],[38.832728,49.074875],[38.832658,49.073902],[38.83262,49.073363],[38.832652,49.072403],[38.832149,49.072365],[38.832074,49.073854],[38.832074,49.073855],[38.832027,49.074819]]]}},{"type":"Feature","properties":{"cadnum":"4423187500:01:003:0032"},"geometry":{"type":"Polygon","coordinates":[[[38.832872,49.073967],[38.832876,49.074925],[38.834461,49.075122],[38.834462,49.073967],[38.834466,49.071659],[38.832872,49.071871],[38.832867,49.072021],[38.832872,49.073967]]]}},{"type":"Feature","properties":{"cadnum":"4423187500:01:003:0033"},"geometry":{"type":"Polygon","coordinates":[[[38.834461,49.075122],[38.835889,49.075298],[38.835889,49.07147],[38.834466,49.071659],[38.834463,49.073854],[38.834463,49.073855],[38.834462,49.073855],[38.834461,49.075122]]]}},{"type":"Feature","properties":{"cadnum":"4423187500:01:010:0040"},"geometry":{"type":"Polygon","coordinates":[[[38.833707,49.0414],[38.83513,49.041465],[38.835338,49.041474],[38.835539,49.038318],[38.833895,49.038242],[38.833707,49.0414]]]}},{"type":"Feature","properties":{"cadnum":"4423187500:10:005:0017"},"geometry":{"type":"Polygon","coordinates":[[[38.915346,49.046718],[38.915579,49.047718],[38.916841,49.047728],[38.917277,49.047554],[38.917587,49.047621],[38.917587,49.047622],[38.917439,49.047881],[38.917793,49.047883],[38.917821,49.047748],[38.917812,49.047621],[38.917682,49.047418],[38.917403,49.047242],[38.91738,49.047144],[38.917443,49.046909],[38.917336,49.046679],[38.915346,49.046718]]]}},{"type":"Feature","properties":{"cadnum":"4423187500:10:004:0002"},"geometry":{"type":"Polygon","coordinates":[[[38.916478,49.049653],[38.916936,49.049756],[38.917066,49.049771],[38.918401,49.049932],[38.918449,49.049788],[38.918544,49.049677],[38.918732,49.049367],[38.918428,49.04902],[38.918216,49.048922],[38.917374,49.048686],[38.917367,49.048684],[38.91725,49.048771],[38.916855,49.049067],[38.916478,49.049653]]]}},{"type":"Feature","properties":{"cadnum":"4423187500:01:001:0002"},"geometry":{"type":"Polygon","coordinates":[[[38.854975,49.084572],[38.855051,49.084649],[38.855063,49.08466],[38.855162,49.084761],[38.855163,49.084761],[38.855577,49.085178],[38.856304,49.085546],[38.856906,49.085442],[38.857804,49.085272],[38.857174,49.084762],[38.857174,49.084761],[38.856613,49.084307],[38.855468,49.084425],[38.854975,49.084572]]]}},{"type":"Feature","properties":{"cadnum":"4423187500:01:008:0034"},"geometry":{"type":"Polygon","coordinates":[[[38.873404,49.061285],[38.875036,49.061367],[38.878798,49.061553],[38.879001,49.060099],[38.875208,49.059913],[38.873619,49.059835],[38.873404,49.061285]]]}},{"type":"Feature","properties":{"cadnum":"4423187500:01:009:0039"},"geometry":{"type":"Polygon","coordinates":[[[38.895282,49.053771],[38.89544,49.054663],[38.895974,49.054751],[38.897009,49.054923],[38.897009,49.054924],[38.897532,49.05501],[38.897658,49.054766],[38.897631,49.054789],[38.897595,49.054772],[38.897622,49.054748],[38.897658,49.054763],[38.897784,49.054512],[38.897932,49.054224],[38.897181,49.054096],[38.895282,49.053771]]]}},{"type":"Feature","properties":{"cadnum":"4423187500:01:009:0041"},"geometry":{"type":"Polygon","coordinates":[[[38.895094,49.05269],[38.895174,49.053155],[38.897009,49.053469],[38.898215,49.053674],[38.898333,49.053445],[38.898426,49.053259],[38.897009,49.053017],[38.897009,49.053018],[38.895094,49.05269]]]}},{"type":"Feature","properties":{"cadnum":"4423187500:01:009:0040"},"geometry":{"type":"Polygon","coordinates":[[[38.895174,49.053155],[38.895282,49.053771],[38.897009,49.054066],[38.897009,49.054067],[38.897932,49.054224],[38.89808,49.053936],[38.898215,49.053674],[38.897181,49.053498],[38.895174,49.053155]]]}},{"type":"Feature","properties":{"cadnum":"4423187500:01:003:0098"},"geometry":{"type":"Polygon","coordinates":[[[38.852294,49.066827],[38.852432,49.06743],[38.853064,49.067511],[38.853065,49.067511],[38.853235,49.067533],[38.855347,49.067801],[38.855258,49.067407],[38.855213,49.067195],[38.853064,49.066924],[38.853063,49.066924],[38.852294,49.066827]]]}},{"type":"Feature","properties":{"cadnum":"4423187500:01:003:0092"},"geometry":{"type":"Polygon","coordinates":[[[38.849212,49.067139],[38.849333,49.067675],[38.850874,49.06791],[38.852504,49.068069],[38.852388,49.067539],[38.849212,49.067139]]]}},{"type":"Feature","properties":{"cadnum":"4423187500:01:003:0099"},"geometry":{"type":"Polygon","coordinates":[[[38.852432,49.06743],[38.852577,49.068078],[38.853063,49.068126],[38.853064,49.068126],[38.855474,49.068363],[38.855347,49.067801],[38.853065,49.067511],[38.852432,49.06743]]]}},{"type":"Feature","properties":{"cadnum":"4423187500:01:003:0072"},"geometry":{"type":"Polygon","coordinates":[[[38.852728,49.068218],[38.852887,49.069166],[38.853063,49.069143],[38.853064,49.069143],[38.853064,49.069144],[38.855604,49.068807],[38.855806,49.068716],[38.85585,49.068548],[38.853542,49.06829],[38.853174,49.068258],[38.852728,49.068218]]]}},{"type":"Feature","properties":{"cadnum":"4423187500:01:003:0074"},"geometry":{"type":"Polygon","coordinates":[[[38.849841,49.067906],[38.85011,49.069534],[38.851319,49.069372],[38.851103,49.068078],[38.850811,49.068051],[38.849841,49.067906]]]}},{"type":"Feature","properties":{"cadnum":"4423187500:01:003:0076"},"geometry":{"type":"Polygon","coordinates":[[[38.84803,49.067633],[38.84838,49.069764],[38.849199,49.069655],[38.848885,49.067762],[38.84803,49.067633]]]}},{"type":"Feature","properties":{"cadnum":"4423187500:01:003:0075"},"geometry":{"type":"Polygon","coordinates":[[[38.848885,49.067762],[38.849199,49.069655],[38.85011,49.069534],[38.849841,49.067906],[38.848885,49.067762]]]}},{"type":"Feature","properties":{"cadnum":"4423187500:01:003:0070"},"geometry":{"type":"Polygon","coordinates":[[[38.851242,49.069475],[38.85125,49.070368],[38.851252,49.070368],[38.851252,49.070369],[38.851252,49.070382],[38.852201,49.070256],[38.852473,49.07022],[38.853147,49.070076],[38.853137,49.069225],[38.851242,49.069475]]]}},{"type":"Feature","properties":{"cadnum":"4423187500:01:003:0071"},"geometry":{"type":"Polygon","coordinates":[[[38.853137,49.069225],[38.853147,49.070076],[38.853235,49.070057],[38.854309,49.069828],[38.855518,49.069352],[38.85568,49.068887],[38.853137,49.069225]]]}},{"type":"Feature","properties":{"cadnum":"4423187500:01:003:0073"},"geometry":{"type":"Polygon","coordinates":[[[38.851103,49.068078],[38.851319,49.069372],[38.852887,49.069166],[38.852728,49.068218],[38.851103,49.068078]]]}},{"type":"Feature","properties":{"cadnum":"4423187500:01:003:0069"},"geometry":{"type":"Polygon","coordinates":[[[38.849365,49.069725],[38.84937,49.070368],[38.849371,49.070368],[38.849371,49.070369],[38.849374,49.070635],[38.850376,49.070497],[38.851252,49.070382],[38.85125,49.070256],[38.851249,49.070256],[38.851242,49.069475],[38.849365,49.069725]]]}},{"type":"Feature","properties":{"cadnum":"4423187500:01:003:0104"},"geometry":{"type":"Polygon","coordinates":[[[38.84847,49.069843],[38.848475,49.070256],[38.848474,49.070256],[38.84848,49.070759],[38.849374,49.070635],[38.84937,49.070256],[38.849369,49.070256],[38.849365,49.069725],[38.84847,49.069843]]]}},{"type":"Feature","properties":{"cadnum":"4423187500:01:011:0009"},"geometry":{"type":"Polygon","coordinates":[[[38.851309,49.035797],[38.853064,49.036304],[38.855433,49.036987],[38.856709,49.0358],[38.853064,49.034752],[38.853064,49.034753],[38.853063,49.034753],[38.852581,49.034613],[38.851309,49.035797]]]}},{"type":"Feature","properties":{"cadnum":"4423187500:01:009:0032"},"geometry":{"type":"Polygon","coordinates":[[[38.89808,49.053936],[38.900726,49.054386],[38.900807,49.054309],[38.900834,49.054295],[38.901727,49.054024],[38.898333,49.053445],[38.898215,49.053674],[38.89808,49.053936]],[[38.898547,49.053851],[38.898511,49.053836],[38.898534,49.053812],[38.89857,49.053827],[38.898547,49.053851]]]}},{"type":"Feature","properties":{"cadnum":"4423187500:01:009:0031"},"geometry":{"type":"Polygon","coordinates":[[[38.897784,49.054512],[38.900407,49.05496],[38.900411,49.054848],[38.900417,49.054837],[38.900555,49.054551],[38.900564,49.054539],[38.900726,49.054386],[38.89808,49.053936],[38.897932,49.054224],[38.897784,49.054512]],[[38.89808,49.054327],[38.898044,49.054313],[38.898067,49.054289],[38.898107,49.054304],[38.89808,49.054327]]]}},{"type":"Feature","properties":{"cadnum":"4423187500:01:009:0030"},"geometry":{"type":"Polygon","coordinates":[[[38.897532,49.05501],[38.89919,49.055287],[38.900402,49.055484],[38.900402,49.05504],[38.900407,49.05496],[38.897784,49.054512],[38.897658,49.054763],[38.897658,49.054765],[38.897658,49.054766],[38.897532,49.05501]]]}},{"type":"Feature","properties":{"cadnum":"4423187500:01:003:0101"},"geometry":{"type":"Polygon","coordinates":[[[38.855128,49.066824],[38.855213,49.067195],[38.855258,49.067407],[38.857881,49.067739],[38.858554,49.067256],[38.855128,49.066824]]]}},{"type":"Feature","properties":{"cadnum":"4423187500:01:003:0100"},"geometry":{"type":"Polygon","coordinates":[[[38.855258,49.067407],[38.855347,49.067801],[38.855474,49.068363],[38.855944,49.06841],[38.85595,49.06841],[38.856206,49.06844],[38.856219,49.06844],[38.856242,49.068451],[38.856255,49.068463],[38.857369,49.068145],[38.857365,49.068128],[38.857369,49.068109],[38.857382,49.068098],[38.857881,49.067739],[38.855258,49.067407]]]}},{"type":"Feature","properties":{"cadnum":"4423187500:07:001:0096"},"geometry":{"type":"Polygon","coordinates":[[[38.930596,49.062006],[38.932077,49.062462],[38.932127,49.062359],[38.932208,49.062189],[38.930726,49.061735],[38.930596,49.062006]]]}},{"type":"Feature","properties":{"cadnum":"4423187500:07:001:0092"},"geometry":{"type":"Polygon","coordinates":[[[38.930321,49.062583],[38.931655,49.062992],[38.931808,49.062692],[38.930464,49.06228],[38.930321,49.062583]]]}},{"type":"Feature","properties":{"cadnum":"4423187500:07:001:0099"},"geometry":{"type":"Polygon","coordinates":[[[38.930856,49.061462],[38.932338,49.061918],[38.932445,49.061698],[38.932468,49.061644],[38.93099,49.061188],[38.930856,49.061462]]]}},{"type":"Feature","properties":{"cadnum":"4423187500:07:001:0093"},"geometry":{"type":"Polygon","coordinates":[[[38.930464,49.06228],[38.931808,49.062692],[38.931879,49.062713],[38.931951,49.062728],[38.932077,49.062462],[38.930596,49.062006],[38.930464,49.06228]]]}},{"type":"Feature","properties":{"cadnum":"4423187500:01:012:0101"},"geometry":{"type":"Polygon","coordinates":[[[38.887058,49.04365],[38.89023,49.044774],[38.890553,49.044383],[38.887377,49.043261],[38.887058,49.04365]]]}},{"type":"Feature","properties":{"cadnum":"4423187500:01:012:0104"},"geometry":{"type":"Polygon","coordinates":[[[38.888056,49.042443],[38.891226,49.043565],[38.891492,49.043244],[38.891589,49.043126],[38.888415,49.042004],[38.888056,49.042443]]]}},{"type":"Feature","properties":{"cadnum":"4423187500:01:012:0105"},"geometry":{"type":"Polygon","coordinates":[[[38.888415,49.042004],[38.891516,49.0431],[38.891516,49.043101],[38.891589,49.043126],[38.891687,49.043008],[38.891941,49.042702],[38.891687,49.04261],[38.888788,49.041553],[38.888415,49.042004]]]}},{"type":"Feature","properties":{"cadnum":"4423187500:01:012:0109"},"geometry":{"type":"Polygon","coordinates":[[[38.891492,49.043244],[38.891516,49.043252],[38.891516,49.043253],[38.894272,49.044227],[38.894388,49.043615],[38.894398,49.0436],[38.892237,49.04281],[38.891941,49.042702],[38.891589,49.043126],[38.891492,49.043244]]]}},{"type":"Feature","properties":{"cadnum":"4423187500:01:012:0108"},"geometry":{"type":"Polygon","coordinates":[[[38.891079,49.043744],[38.891516,49.043899],[38.891516,49.0439],[38.893763,49.044695],[38.893786,49.04466],[38.8938,49.044642],[38.894249,49.044353],[38.894272,49.044227],[38.891687,49.043313],[38.891492,49.043244],[38.891226,49.043565],[38.891079,49.043744]]]}},{"type":"Feature","properties":{"cadnum":"4423187500:01:012:0102"},"geometry":{"type":"Polygon","coordinates":[[[38.887377,49.043261],[38.890553,49.044383],[38.89066,49.044254],[38.89088,49.043982],[38.88771,49.042861],[38.887377,49.043261]]]}},{"type":"Feature","properties":{"cadnum":"4423187500:01:012:0103"},"geometry":{"type":"Polygon","coordinates":[[[38.88771,49.042861],[38.89088,49.043982],[38.891079,49.043744],[38.891226,49.043565],[38.888056,49.042443],[38.88771,49.042861]]]}},{"type":"Feature","properties":{"cadnum":"4423187500:01:012:0114"},"geometry":{"type":"Polygon","coordinates":[[[38.893715,49.040962],[38.895691,49.04157],[38.895692,49.04157],[38.896069,49.041686],[38.896206,49.041458],[38.896205,49.041458],[38.896205,49.041457],[38.896463,49.041029],[38.896159,49.040935],[38.896069,49.040906],[38.89517,49.040629],[38.894262,49.040352],[38.894109,49.040305],[38.893836,49.040761],[38.893715,49.040962]]]}},{"type":"Feature","properties":{"cadnum":"4423187500:01:012:0115"},"geometry":{"type":"Polygon","coordinates":[[[38.89332,49.041618],[38.895673,49.042345],[38.896059,49.041701],[38.896069,49.041686],[38.895326,49.041458],[38.895325,49.041458],[38.893715,49.040962],[38.893526,49.041274],[38.893415,49.041458],[38.893374,49.041526],[38.893348,49.04157],[38.89332,49.041618]]]}},{"type":"Feature","properties":{"cadnum":"4423187500:01:008:0001"},"geometry":{"type":"Polygon","coordinates":[[[38.847721,49.054178],[38.852648,49.054451],[38.852913,49.052947],[38.847994,49.052688],[38.847981,49.052758],[38.847721,49.054178]]]}},{"type":"Feature","properties":{"cadnum":"4423187500:01:013:0034"},"geometry":{"type":"Polygon","coordinates":[[[38.826022,49.014786],[38.82763,49.014865],[38.827616,49.014562],[38.827845,49.014303],[38.82953,49.014094],[38.830019,49.013952],[38.830603,49.013614],[38.830832,49.013502],[38.82696,49.012827],[38.826022,49.014786]]]}},{"type":"Feature","properties":{"cadnum":"4423187500:01:013:0060"},"geometry":{"type":"Polygon","coordinates":[[[38.826673,49.017358],[38.827635,49.017522],[38.828248,49.016245],[38.828247,49.016245],[38.828704,49.015295],[38.827796,49.015013],[38.827151,49.016358],[38.827152,49.016358],[38.826673,49.017358]]]}},{"type":"Feature","properties":{"cadnum":"4423187500:01:013:0061"},"geometry":{"type":"Polygon","coordinates":[[[38.827635,49.017522],[38.828658,49.017702],[38.829302,49.016358],[38.829647,49.01564],[38.829467,49.015561],[38.828802,49.015325],[38.828704,49.015295],[38.828193,49.016358],[38.828194,49.016358],[38.827635,49.017522]]]}},{"type":"Feature","properties":{"cadnum":"4423187500:10:001:0006"},"geometry":{"type":"Polygon","coordinates":[[[38.914636,49.051136],[38.915157,49.051351],[38.915302,49.051169],[38.914744,49.050995],[38.914636,49.051136]]]}},{"type":"Feature","properties":{"cadnum":"4423187500:10:004:0001"},"geometry":{"type":"Polygon","coordinates":[[[38.916172,49.051183],[38.916724,49.051427],[38.917286,49.051019],[38.918082,49.050583],[38.918292,49.050292],[38.918401,49.049932],[38.917066,49.049771],[38.916936,49.049756],[38.916648,49.050353],[38.916172,49.051183]]]}},{"type":"Feature","properties":{"cadnum":"4423187500:10:001:0005"},"geometry":{"type":"Polygon","coordinates":[[[38.914227,49.050969],[38.914636,49.051136],[38.914744,49.050995],[38.914327,49.050866],[38.914227,49.050969]]]}},{"type":"Feature","properties":{"cadnum":"4423187500:01:015:0002"},"geometry":{"type":"Polygon","coordinates":[[[38.86955,49.016959],[38.869715,49.017004],[38.871934,49.017596],[38.873943,49.018132],[38.874347,49.017516],[38.872806,49.017107],[38.871301,49.016706],[38.86994,49.016341],[38.86955,49.016959]]]}},{"type":"Feature","properties":{"cadnum":"4423187500:01:014:0007"},"geometry":{"type":"Polygon","coordinates":[[[38.864429,49.017175],[38.866028,49.017767],[38.867789,49.018485],[38.867789,49.018486],[38.867443,49.018907],[38.86734,49.019028],[38.867623,49.019098],[38.867623,49.019099],[38.867641,49.019175],[38.867718,49.019195],[38.869543,49.019721],[38.869543,49.019722],[38.869649,49.019752],[38.869715,49.01965],[38.869715,49.019649],[38.870403,49.018577],[38.870552,49.018345],[38.869715,49.018108],[38.869715,49.018107],[38.864856,49.016727],[38.864429,49.017175]]]}},{"type":"Feature","properties":{"cadnum":"4423187500:01:001:0050"},"geometry":{"type":"Polygon","coordinates":[[[38.871903,49.080389],[38.872716,49.081051],[38.872761,49.081088],[38.872854,49.081163],[38.872854,49.081164],[38.872855,49.081164],[38.873219,49.08146],[38.874702,49.081179],[38.874633,49.081123],[38.873385,49.080112],[38.871903,49.080389]]]}},{"type":"Feature","properties":{"cadnum":"4423187500:01:001:0051"},"geometry":{"type":"Polygon","coordinates":[[[38.870439,49.080665],[38.870917,49.081051],[38.870916,49.081051],[38.87176,49.081733],[38.873219,49.08146],[38.872761,49.081088],[38.871903,49.080389],[38.871167,49.080527],[38.870439,49.080665]]]}},{"type":"Feature","properties":{"cadnum":"4423187500:01:001:0042"},"geometry":{"type":"Polygon","coordinates":[[[38.869846,49.079864],[38.870485,49.080383],[38.870506,49.080356],[38.870569,49.080356],[38.870601,49.080391],[38.870569,49.080429],[38.870542,49.080429],[38.870714,49.080564],[38.87181,49.080359],[38.871059,49.07975],[38.870399,49.079776],[38.870322,49.079779],[38.869846,49.079864]]]}},{"type":"Feature","properties":{"cadnum":"4423187500:07:001:0074"},"geometry":{"type":"Polygon","coordinates":[[[38.931332,49.047927],[38.932613,49.048659],[38.932714,49.048717],[38.932718,49.048715],[38.932842,49.048659],[38.933097,49.048543],[38.931651,49.047716],[38.931332,49.047927]]]}},{"type":"Feature","properties":{"cadnum":"4423187500:07:001:0048"},"geometry":{"type":"Polygon","coordinates":[[[38.930393,49.047318],[38.931192,49.047804],[38.931596,49.047536],[38.930775,49.047041],[38.930393,49.047318]]]}},{"type":"Feature","properties":{"cadnum":"4423187500:07:001:0114"},"geometry":{"type":"Polygon","coordinates":[[[38.932823,49.047236],[38.933923,49.047866],[38.934035,49.047474],[38.934058,49.04743],[38.933236,49.046962],[38.932823,49.047236]]]}},{"type":"Feature","properties":{"cadnum":"4423187500:07:001:0041"},"geometry":{"type":"Polygon","coordinates":[[[38.930693,49.048355],[38.931424,49.048771],[38.931425,49.048771],[38.932368,49.049308],[38.932454,49.049243],[38.932401,49.049044],[38.932458,49.048973],[38.931959,49.048688],[38.931009,49.048145],[38.930693,49.048355]]]}},{"type":"Feature","properties":{"cadnum":"4423187500:07:001:0061"},"geometry":{"type":"Polygon","coordinates":[[[38.932265,49.047303],[38.933811,49.048184],[38.933995,49.047925],[38.933919,49.047907],[38.933923,49.047866],[38.932823,49.047236],[38.932576,49.047098],[38.932265,49.047303]]]}},{"type":"Feature","properties":{"cadnum":"4423187500:07:001:0073"},"geometry":{"type":"Polygon","coordinates":[[[38.930775,49.047041],[38.931596,49.047536],[38.931988,49.047277],[38.931147,49.046768],[38.930775,49.047041]]]}},{"type":"Feature","properties":{"cadnum":"4423187500:07:001:0115"},"geometry":{"type":"Polygon","coordinates":[[[38.933236,49.046962],[38.934058,49.04743],[38.934251,49.047091],[38.934345,49.046986],[38.933726,49.046633],[38.933236,49.046959],[38.933236,49.046962]]]}},{"type":"Feature","properties":{"cadnum":"4423187500:01:008:0111"},"geometry":{"type":"Polygon","coordinates":[[[38.888716,49.062015],[38.890193,49.062083],[38.89031,49.062086],[38.89053,49.060553],[38.888935,49.060479],[38.888716,49.062015]]]}},{"type":"Feature","properties":{"cadnum":"4423187500:01:008:0110"},"geometry":{"type":"Polygon","coordinates":[[[38.887125,49.061942],[38.888612,49.06201],[38.888716,49.062015],[38.888935,49.060479],[38.887341,49.060405],[38.887125,49.061942]]]}},{"type":"Feature","properties":{"cadnum":"4423187500:01:008:0102"},"geometry":{"type":"Polygon","coordinates":[[[38.886811,49.063489],[38.888392,49.063554],[38.888461,49.063065],[38.888612,49.06201],[38.887125,49.061942],[38.887031,49.061936],[38.886855,49.06317],[38.886856,49.06317],[38.886856,49.063171],[38.886811,49.063489]]]}},{"type":"Feature","properties":{"cadnum":"4423187500:01:008:0103"},"geometry":{"type":"Polygon","coordinates":[[[38.888392,49.063554],[38.889973,49.063622],[38.890054,49.063058],[38.890193,49.062083],[38.888716,49.062015],[38.888612,49.06201],[38.888462,49.063058],[38.888461,49.063065],[38.888446,49.06317],[38.888446,49.063171],[38.888392,49.063554]]]}},{"type":"Feature","properties":{"cadnum":"4423187500:01:015:0023"},"geometry":{"type":"Polygon","coordinates":[[[38.870278,49.015749],[38.872131,49.016245],[38.872408,49.016319],[38.872553,49.016358],[38.873175,49.016524],[38.873352,49.016245],[38.873351,49.016245],[38.873597,49.015861],[38.871647,49.015254],[38.871414,49.015245],[38.871024,49.015428],[38.870403,49.01566],[38.870278,49.015749]]]}},{"type":"Feature","properties":{"cadnum":"4423187500:01:015:0042"},"geometry":{"type":"Polygon","coordinates":[[[38.86994,49.016341],[38.870002,49.016358],[38.870003,49.016358],[38.872806,49.017107],[38.873169,49.016533],[38.873175,49.016524],[38.872408,49.016319],[38.870278,49.015749],[38.87021,49.015797],[38.870043,49.016182],[38.870016,49.016241],[38.870014,49.016245],[38.870012,49.016245],[38.870012,49.01625],[38.869971,49.016302],[38.86994,49.016341]]]}},{"type":"Feature","properties":{"cadnum":"4423187500:01:009:0025"},"geometry":{"type":"Polygon","coordinates":[[[38.894012,49.058233],[38.894025,49.058245],[38.894276,49.058572],[38.894545,49.058875],[38.895044,49.059002],[38.895821,49.058842],[38.896392,49.058439],[38.896786,49.057733],[38.896899,49.057309],[38.896096,49.057565],[38.894752,49.057994],[38.894012,49.058233]],[[38.894272,49.05823],[38.894236,49.058216],[38.894258,49.058192],[38.894294,49.058207],[38.894272,49.05823]]]}},{"type":"Feature","properties":{"cadnum":"4423187500:01:009:0026"},"geometry":{"type":"Polygon","coordinates":[[[38.893576,49.057836],[38.894012,49.058233],[38.896096,49.057565],[38.895385,49.056691],[38.893926,49.057159],[38.893576,49.057836]],[[38.895228,49.057253],[38.895192,49.057239],[38.895192,49.057238],[38.895214,49.057212],[38.895215,49.057212],[38.895251,49.05723],[38.895228,49.057253]],[[38.894761,49.05773],[38.894725,49.057712],[38.894748,49.057689],[38.894784,49.057703],[38.894784,49.057704],[38.894761,49.05773]]]}},{"type":"Feature","properties":{"cadnum":"4423187500:01:003:0060"},"geometry":{"type":"Polygon","coordinates":[[[38.849078,49.072285],[38.849094,49.073854],[38.849094,49.073855],[38.849095,49.073918],[38.849095,49.073967],[38.849099,49.074263],[38.850025,49.07401],[38.850022,49.07387],[38.850003,49.072153],[38.849814,49.072191],[38.849329,49.07222],[38.849078,49.072285]]]}},{"type":"Feature","properties":{"cadnum":"4423187500:01:003:0061"},"geometry":{"type":"Polygon","coordinates":[[[38.848152,49.072547],[38.848166,49.073854],[38.848166,49.073855],[38.848167,49.073955],[38.848167,49.073967],[38.848174,49.074519],[38.849099,49.074263],[38.849095,49.073918],[38.849078,49.072285],[38.848726,49.072373],[38.848152,49.072547]]]}},{"type":"Feature","properties":{"cadnum":"4423187500:01:003:0059"},"geometry":{"type":"Polygon","coordinates":[[[38.850003,49.072153],[38.850022,49.073854],[38.850022,49.073855],[38.850022,49.07387],[38.850023,49.073967],[38.850024,49.073967],[38.850025,49.07401],[38.850434,49.073898],[38.850434,49.073897],[38.850874,49.073745],[38.850879,49.073745],[38.850906,49.073742],[38.850933,49.073745],[38.850946,49.073751],[38.851148,49.073586],[38.851166,49.073024],[38.850797,49.072141],[38.850577,49.072047],[38.850003,49.072153]]]}},{"type":"Feature","properties":{"cadnum":"4423187500:01:015:0011"},"geometry":{"type":"Polygon","coordinates":[[[38.892169,49.02498],[38.894694,49.025678],[38.895543,49.024609],[38.893018,49.023912],[38.892169,49.02498]]]}},{"type":"Feature","properties":{"cadnum":"4423187500:12:001:0002"},"geometry":{"type":"Polygon","coordinates":[[[38.911155,49.054562],[38.911277,49.054548],[38.911277,49.054542],[38.911155,49.054557],[38.911155,49.054562]]]}},{"type":"Feature","properties":{"cadnum":"4423187500:12:001:0001"},"geometry":{"type":"Polygon","coordinates":[[[38.911168,49.054613],[38.911174,49.054616],[38.91129,49.054601],[38.91129,49.054598],[38.911168,49.054613]]]}},{"type":"Feature","properties":{"cadnum":"4423187500:12:001:0004"},"geometry":{"type":"Polygon","coordinates":[[[38.911124,49.054454],[38.911128,49.054457],[38.911245,49.054442],[38.911245,49.054439],[38.911124,49.054454]]]}},{"type":"Feature","properties":{"cadnum":"4423187500:12:001:0003"},"geometry":{"type":"Polygon","coordinates":[[[38.911137,49.054507],[38.911141,49.054512],[38.911258,49.054498],[38.911258,49.054492],[38.911137,49.054507]]]}},{"type":"Feature","properties":{"cadnum":"4423187500:01:012:0032"},"geometry":{"type":"Polygon","coordinates":[[[38.866994,49.03752],[38.868697,49.037911],[38.86932,49.036966],[38.868072,49.036642],[38.867911,49.036598],[38.867898,49.036595],[38.867525,49.036937],[38.866994,49.03752]]]}},{"type":"Feature","properties":{"cadnum":"4423187500:01:011:0019"},"geometry":{"type":"Polygon","coordinates":[[[38.864546,49.035382],[38.868122,49.036418],[38.868791,49.035594],[38.86884,49.035523],[38.865282,49.03449],[38.865049,49.034772],[38.864546,49.035382]]]}},{"type":"Feature","properties":{"cadnum":"4423187500:01:012:0031"},"geometry":{"type":"Polygon","coordinates":[[[38.866267,49.038338],[38.868135,49.038768],[38.868697,49.037911],[38.866994,49.03752],[38.866589,49.037969],[38.866387,49.038194],[38.866307,49.038236],[38.866316,49.038244],[38.86632,49.038262],[38.866316,49.038279],[38.866316,49.038282],[38.866267,49.038338]]]}},{"type":"Feature","properties":{"cadnum":"4423187500:07:001:0098"},"geometry":{"type":"Polygon","coordinates":[[[38.931175,49.06394],[38.933038,49.06404],[38.933056,49.063787],[38.931296,49.06369],[38.931175,49.06394]]]}},{"type":"Feature","properties":{"cadnum":"4423187500:01:012:0005"},"geometry":{"type":"Polygon","coordinates":[[[38.870148,49.033548],[38.872232,49.034098],[38.872878,49.034269],[38.874217,49.031975],[38.873085,49.031701],[38.872303,49.031492],[38.872011,49.031707],[38.871706,49.032046],[38.871207,49.032334],[38.870619,49.032761],[38.870479,49.0329],[38.870148,49.033548]]]}},{"type":"Feature","properties":{"cadnum":"4423187500:01:012:0116"},"geometry":{"type":"Polygon","coordinates":[[[38.892924,49.042278],[38.895278,49.043002],[38.895654,49.042372],[38.895673,49.042345],[38.89332,49.041618],[38.89322,49.041786],[38.892924,49.042278]]]}},{"type":"Feature","properties":{"cadnum":"4423187500:01:012:0117"},"geometry":{"type":"Polygon","coordinates":[[[38.892564,49.042878],[38.894488,49.04358],[38.894838,49.043738],[38.895251,49.04305],[38.895278,49.043002],[38.892924,49.042278],[38.892915,49.042299],[38.892564,49.042878]]]}},{"type":"Feature","properties":{"cadnum":"4423187500:04:016:0001"},"geometry":{"type":"Polygon","coordinates":[[[38.909394,49.040505],[38.910032,49.040652],[38.910562,49.040759],[38.910621,49.040482],[38.910445,49.040467],[38.910342,49.040453],[38.910258,49.04044],[38.910216,49.040438],[38.910113,49.040414],[38.909449,49.040246],[38.909394,49.040505]]]}},{"type":"Feature","properties":{"cadnum":"4423187500:10:006:0010"},"geometry":{"type":"Polygon","coordinates":[[[38.91164,49.04095],[38.911977,49.040944],[38.912359,49.040942],[38.912525,49.040647],[38.911677,49.040617],[38.91164,49.04095]]]}},{"type":"Feature","properties":{"cadnum":"4423187500:10:007:0005"},"geometry":{"type":"Polygon","coordinates":[[[38.911793,49.038306],[38.911982,49.038321],[38.911977,49.03835],[38.912386,49.038356],[38.912386,49.038327],[38.912395,49.038153],[38.911824,49.038112],[38.911793,49.038306]]]}},{"type":"Feature","properties":{"cadnum":"4423187500:10:007:0001"},"geometry":{"type":"Polygon","coordinates":[[[38.912889,49.039357],[38.913217,49.039363],[38.913378,49.038489],[38.913378,49.038474],[38.913028,49.038454],[38.912889,49.039357]]]}},{"type":"Feature","properties":{"cadnum":"4423187500:10:006:0008"},"geometry":{"type":"Polygon","coordinates":[[[38.910837,49.03987],[38.911057,49.039866],[38.911384,49.039864],[38.912287,49.039858],[38.912273,49.039487],[38.911304,49.039454],[38.911084,49.039443],[38.910989,49.039436],[38.910948,49.039436],[38.910904,49.039458],[38.910837,49.03987]]]}},{"type":"Feature","properties":{"cadnum":"4423187500:10:006:0009"},"geometry":{"type":"Polygon","coordinates":[[[38.910742,49.040918],[38.910958,49.040935],[38.911223,49.040956],[38.91164,49.04095],[38.911677,49.040617],[38.911285,49.040606],[38.910989,49.040597],[38.910778,49.040588],[38.910742,49.040918]]]}},{"type":"Feature","properties":{"cadnum":"4423187500:04:016:0003"},"geometry":{"type":"Polygon","coordinates":[[[38.910464,49.039716],[38.910464,49.039849],[38.910644,49.039849],[38.910644,49.039746],[38.910652,49.039746],[38.910652,49.039716],[38.910464,49.039716]]]}},{"type":"Feature","properties":{"cadnum":"4423187500:04:016:0002"},"geometry":{"type":"Polygon","coordinates":[[[38.908564,49.040317],[38.909394,49.040505],[38.909449,49.040246],[38.908788,49.040082],[38.908564,49.040317]]]}},{"type":"Feature","properties":{"cadnum":"4423187500:10:007:0008"},"geometry":{"type":"Polygon","coordinates":[[[38.912512,49.039366],[38.912885,49.039366],[38.912889,49.039357],[38.912925,49.039128],[38.913019,49.038515],[38.912682,49.038491],[38.912665,49.03858],[38.912566,49.039092],[38.912512,49.039366]]]}},{"type":"Feature","properties":{"cadnum":"4423187500:01:008:0072"},"geometry":{"type":"Polygon","coordinates":[[[38.865103,49.056388],[38.868557,49.056585],[38.868615,49.056176],[38.868644,49.055971],[38.868645,49.055971],[38.868701,49.055593],[38.868395,49.055581],[38.868395,49.055578],[38.866814,49.055481],[38.866101,49.055859],[38.8661,49.055859],[38.865103,49.056388]]]}},{"type":"Feature","properties":{"cadnum":"4423187500:01:001:0012"},"geometry":{"type":"Polygon","coordinates":[[[38.871265,49.081874],[38.872127,49.082572],[38.873597,49.082297],[38.873987,49.082221],[38.873125,49.081524],[38.871265,49.081874]]]}},{"type":"Feature","properties":{"cadnum":"4423187500:01:001:0057"},"geometry":{"type":"Polygon","coordinates":[[[38.869905,49.08213],[38.870768,49.08283],[38.870817,49.082818],[38.872127,49.082572],[38.871265,49.081874],[38.869905,49.08213]]]}},{"type":"Feature","properties":{"cadnum":"4423187500:07:001:0036"},"geometry":{"type":"Polygon","coordinates":[[[38.930416,49.051219],[38.931313,49.051431],[38.931619,49.05098],[38.930846,49.050801],[38.930797,49.050818],[38.930514,49.051145],[38.930416,49.051219]]]}},{"type":"Feature","properties":{"cadnum":"4423187500:07:001:0070"},"geometry":{"type":"Polygon","coordinates":[[[38.931345,49.051492],[38.932531,49.051772],[38.932607,49.05161],[38.932666,49.051422],[38.931569,49.051166],[38.931345,49.051492]]]}},{"type":"Feature","properties":{"cadnum":"4423187500:07:001:0044"},"geometry":{"type":"Polygon","coordinates":[[[38.931569,49.051166],[38.932666,49.051422],[38.932769,49.051075],[38.932777,49.051028],[38.931803,49.050798],[38.931741,49.050912],[38.931569,49.051166]]]}},{"type":"Feature","properties":{"cadnum":"4423187500:01:002:0053"},"geometry":{"type":"Polygon","coordinates":[[[38.848812,49.075566],[38.849055,49.076357],[38.851875,49.075395],[38.851812,49.07519],[38.851619,49.07456],[38.850191,49.075107],[38.848812,49.075566]]]}},{"type":"Feature","properties":{"cadnum":"4423187500:01:010:0079"},"geometry":{"type":"Polygon","coordinates":[[[38.823368,49.036142],[38.825769,49.036171],[38.82577,49.036171],[38.828354,49.036201],[38.828415,49.035259],[38.828057,49.035191],[38.827886,49.035167],[38.82577,49.035143],[38.825769,49.035143],[38.825769,49.035142],[38.823435,49.035114],[38.823368,49.036142]]]}},{"type":"Feature","properties":{"cadnum":"4423187500:01:010:0080"},"geometry":{"type":"Polygon","coordinates":[[[38.8233,49.03716],[38.825769,49.037192],[38.825769,49.037191],[38.82577,49.037191],[38.828285,49.037223],[38.828354,49.036201],[38.825598,49.036169],[38.823368,49.036142],[38.8233,49.03716]]]}},{"type":"Feature","properties":{"cadnum":"4423187500:01:002:0024"},"geometry":{"type":"Polygon","coordinates":[[[38.866028,49.071317],[38.86692,49.073967],[38.867246,49.074933],[38.868814,49.074739],[38.868553,49.073967],[38.867794,49.071712],[38.866028,49.071317]]]}},{"type":"Feature","properties":{"cadnum":"4423187500:01:002:0023"},"geometry":{"type":"Polygon","coordinates":[[[38.864546,49.07145],[38.865391,49.073967],[38.865777,49.075113],[38.867246,49.074933],[38.866882,49.073855],[38.866028,49.071317],[38.865813,49.07127],[38.864546,49.07145]]]}},{"type":"Feature","properties":{"cadnum":"4423187500:01:012:0030"},"geometry":{"type":"Polygon","coordinates":[[[38.865189,49.038795],[38.865234,49.038954],[38.867645,49.03951],[38.868135,49.038768],[38.866267,49.038338],[38.866131,49.038504],[38.865993,49.038672],[38.865944,49.038733],[38.865934,49.038742],[38.865911,49.038751],[38.865907,49.038753],[38.865754,49.038788],[38.865745,49.038788],[38.865737,49.038792],[38.865732,49.038792],[38.865189,49.038795]]]}},{"type":"Feature","properties":{"cadnum":"4423187500:01:012:0029"},"geometry":{"type":"Polygon","coordinates":[[[38.865234,49.038954],[38.865471,49.039872],[38.867156,49.040261],[38.867645,49.03951],[38.865234,49.038954]]]}},{"type":"Feature","properties":{"cadnum":"4423187500:01:012:0038"},"geometry":{"type":"Polygon","coordinates":[[[38.866684,49.041086],[38.868793,49.04157],[38.868794,49.04157],[38.868917,49.041598],[38.869008,49.041458],[38.869008,49.041457],[38.869051,49.041392],[38.869353,49.040938],[38.86712,49.040423],[38.866684,49.041086]]]}},{"type":"Feature","properties":{"cadnum":"4423187500:01:012:0028"},"geometry":{"type":"Polygon","coordinates":[[[38.864749,49.04082],[38.866518,49.041227],[38.867156,49.040261],[38.865471,49.039872],[38.865242,49.039967],[38.865422,49.03999],[38.865435,49.039993],[38.865458,49.040005],[38.865471,49.040019],[38.865481,49.040034],[38.865481,49.04004],[38.865449,49.040211],[38.865445,49.040223],[38.865445,49.040226],[38.865198,49.040573],[38.865184,49.040588],[38.865179,49.040591],[38.864749,49.04082]]]}},{"type":"Feature","properties":{"cadnum":"4423187500:01:012:0039"},"geometry":{"type":"Polygon","coordinates":[[[38.866261,49.041727],[38.868494,49.042243],[38.868643,49.042013],[38.868917,49.041598],[38.868304,49.041458],[38.868303,49.041458],[38.866684,49.041086],[38.866439,49.041458],[38.866438,49.041458],[38.866261,49.041727]]]}},{"type":"Feature","properties":{"cadnum":"4423187500:01:002:0040"},"geometry":{"type":"Polygon","coordinates":[[[38.843315,49.079638],[38.843485,49.080197],[38.846616,49.079129],[38.846445,49.07857],[38.843315,49.079638]]]}},{"type":"Feature","properties":{"cadnum":"4423187500:01:002:0039"},"geometry":{"type":"Polygon","coordinates":[[[38.843485,49.080197],[38.843642,49.080706],[38.844635,49.08045],[38.846795,49.079711],[38.846616,49.079129],[38.843485,49.080197]]]}},{"type":"Feature","properties":{"cadnum":"4423187500:01:002:0041"},"geometry":{"type":"Polygon","coordinates":[[[38.843153,49.079118],[38.843315,49.079638],[38.846445,49.07857],[38.846283,49.078049],[38.843153,49.079118]]]}},{"type":"Feature","properties":{"cadnum":"4423187500:04:012:0010"},"geometry":{"type":"Polygon","coordinates":[[[38.906723,49.046358],[38.906763,49.046362],[38.906893,49.046364],[38.90714,49.046371],[38.907386,49.046388],[38.907369,49.046197],[38.907189,49.04619],[38.907082,49.046099],[38.907,49.046088],[38.906736,49.046064],[38.906723,49.046358]]]}},{"type":"Feature","properties":{"cadnum":"4423187500:04:012:0008"},"geometry":{"type":"Polygon","coordinates":[[[38.905375,49.046394],[38.90634,49.046394],[38.906344,49.046341],[38.906363,49.046341],[38.906407,49.046144],[38.90634,49.046138],[38.906327,49.046114],[38.905774,49.046067],[38.905428,49.046038],[38.905375,49.046394]]]}},{"type":"Feature","properties":{"cadnum":"4423187500:01:008:0097"},"geometry":{"type":"Polygon","coordinates":[[[38.904157,49.045561],[38.904719,49.04562],[38.904755,49.045466],[38.904193,49.045405],[38.904157,49.045561]]]}},{"type":"Feature","properties":{"cadnum":"4423187500:04:012:0004"},"geometry":{"type":"Polygon","coordinates":[[[38.906807,49.047483],[38.907136,49.04756],[38.907283,49.047312],[38.906946,49.047233],[38.906807,49.047483]]]}},{"type":"Feature","properties":{"cadnum":"4423187500:04:012:0006"},"geometry":{"type":"Polygon","coordinates":[[[38.906291,49.046723],[38.906633,49.046742],[38.907409,49.046756],[38.907419,49.046553],[38.907036,49.046544],[38.9063,49.046547],[38.906291,49.046723]]]}},{"type":"Feature","properties":{"cadnum":"4423187500:04:012:0009"},"geometry":{"type":"Polygon","coordinates":[[[38.906363,49.046341],[38.906434,49.046341],[38.906476,49.046149],[38.906407,49.046144],[38.906363,49.046341]]]}},{"type":"Feature","properties":{"cadnum":"4423187500:04:012:0007"},"geometry":{"type":"Polygon","coordinates":[[[38.906413,49.048496],[38.906682,49.048531],[38.906723,49.048399],[38.906627,49.048387],[38.906637,49.048363],[38.906547,49.048352],[38.906543,49.048375],[38.906453,49.048363],[38.906413,49.048496]]]}},{"type":"Feature","properties":{"cadnum":"4423187500:04:012:0005"},"geometry":{"type":"Polygon","coordinates":[[[38.905402,49.046968],[38.906233,49.047026],[38.906367,49.047035],[38.906386,49.046856],[38.906111,49.046836],[38.905419,49.046797],[38.905402,49.046967],[38.905402,49.046968]]]}},{"type":"Feature","properties":{"cadnum":"4423187500:04:011:0001"},"geometry":{"type":"Polygon","coordinates":[[[38.903111,49.047801],[38.903596,49.047922],[38.903847,49.047931],[38.904109,49.047984],[38.904189,49.047866],[38.90395,49.047792],[38.903929,49.047836],[38.903174,49.047669],[38.903111,49.047801]]]}},{"type":"Feature","properties":{"cadnum":"4423187500:09:012:0001"},"geometry":{"type":"Polygon","coordinates":[[[38.906264,49.047333],[38.906403,49.047357],[38.90644,49.047268],[38.906461,49.047207],[38.906318,49.0472],[38.9063,49.047244],[38.906264,49.047333]]]}},{"type":"Feature","properties":{"cadnum":"4423187500:04:011:0006"},"geometry":{"type":"Polygon","coordinates":[[[38.903731,49.046574],[38.904742,49.046841],[38.905258,49.04695],[38.905289,49.046685],[38.90382,49.046379],[38.903731,49.046574]]]}},{"type":"Feature","properties":{"cadnum":"4423187500:01:010:0033"},"geometry":{"type":"Polygon","coordinates":[[[38.843418,49.048372],[38.845309,49.048455],[38.845506,49.045293],[38.84362,49.045204],[38.843418,49.048372]]]}},{"type":"Feature","properties":{"cadnum":"4423187500:01:010:0032"},"geometry":{"type":"Polygon","coordinates":[[[38.845309,49.048455],[38.847204,49.04854],[38.847407,49.045378],[38.845506,49.045293],[38.845309,49.048455]]]}},{"type":"Feature","properties":{"cadnum":"4423187500:01:008:0073"},"geometry":{"type":"Polygon","coordinates":[[[38.864232,49.056814],[38.864385,49.056914],[38.864663,49.056997],[38.867906,49.057174],[38.868468,49.057206],[38.86854,49.0567],[38.868557,49.056585],[38.865103,49.056388],[38.864973,49.056458],[38.864969,49.056458],[38.864232,49.056814]]]}},{"type":"Feature","properties":{"cadnum":"4423187500:03:006:0004"},"geometry":{"type":"Polygon","coordinates":[[[38.887943,49.069849],[38.888167,49.069926],[38.888119,49.069976],[38.888532,49.070129],[38.888652,49.069984],[38.888828,49.069769],[38.88828,49.069566],[38.888343,49.069502],[38.888217,49.069511],[38.887993,49.069634],[38.887943,49.069849]]]}},{"type":"Feature","properties":{"cadnum":"4423187500:03:007:0002"},"geometry":{"type":"Polygon","coordinates":[[[38.889169,49.069557],[38.889452,49.069649],[38.889519,49.069664],[38.89053,49.069869],[38.890553,49.069878],[38.890656,49.069696],[38.890629,49.069687],[38.889538,49.069426],[38.889335,49.069372],[38.889169,49.069557]]]}},{"type":"Feature","properties":{"cadnum":"4423187500:03:007:0001"},"geometry":{"type":"Polygon","coordinates":[[[38.889614,49.069101],[38.89,49.069208],[38.89049,49.069304],[38.890584,49.069143],[38.890368,49.069069],[38.89044,49.068916],[38.890175,49.068875],[38.889905,49.068807],[38.889834,49.06889],[38.889821,49.068887],[38.889614,49.069101]]]}},{"type":"Feature","properties":{"cadnum":"4423187500:03:007:0003"},"geometry":{"type":"Polygon","coordinates":[[[38.890553,49.069878],[38.891146,49.070026],[38.891209,49.069832],[38.890656,49.069696],[38.890553,49.069878]]]}},{"type":"Feature","properties":{"cadnum":"4423187500:03:006:0005"},"geometry":{"type":"Polygon","coordinates":[[[38.88828,49.069566],[38.888828,49.069769],[38.888895,49.069687],[38.888689,49.069622],[38.888679,49.069605],[38.888343,49.069502],[38.88828,49.069566]]]}},{"type":"Feature","properties":{"cadnum":"4423187500:01:010:0142"},"geometry":{"type":"Polygon","coordinates":[[[38.820435,49.053866],[38.821589,49.05388],[38.821639,49.05272],[38.820484,49.052708],[38.820435,49.053866]]]}},{"type":"Feature","properties":{"cadnum":"4423187500:01:010:0143"},"geometry":{"type":"Polygon","coordinates":[[[38.821589,49.05388],[38.822729,49.053892],[38.822743,49.053639],[38.822802,49.052734],[38.821639,49.05272],[38.821589,49.05388]]]}},{"type":"Feature","properties":{"cadnum":"4423187500:01:010:0124"},"geometry":{"type":"Polygon","coordinates":[[[38.842977,49.033277],[38.843692,49.03343],[38.844447,49.033539],[38.845466,49.033635],[38.845704,49.032956],[38.84574,49.032576],[38.845856,49.032414],[38.843705,49.031648],[38.843539,49.031533],[38.843539,49.031531],[38.843392,49.031551],[38.843288,49.031989],[38.842977,49.033277]]]}},{"type":"Feature","properties":{"cadnum":"4423187500:01:012:0042"},"geometry":{"type":"Polygon","coordinates":[[[38.864959,49.043712],[38.865521,49.043859],[38.866037,49.043888],[38.866041,49.043892],[38.866047,49.043892],[38.86699,49.044032],[38.867299,49.044053],[38.867649,49.043523],[38.865422,49.043011],[38.864959,49.043712]]]}},{"type":"Feature","properties":{"cadnum":"4423187500:01:012:0040"},"geometry":{"type":"Polygon","coordinates":[[[38.86584,49.042369],[38.868072,49.042882],[38.868234,49.042634],[38.868494,49.042243],[38.866261,49.041727],[38.86584,49.042369]]]}},{"type":"Feature","properties":{"cadnum":"4423187500:01:012:0041"},"geometry":{"type":"Polygon","coordinates":[[[38.865422,49.043011],[38.867649,49.043523],[38.867825,49.043255],[38.868072,49.042882],[38.86584,49.042369],[38.865422,49.043011]]]}}]}